{"type":"FeatureCollection","name":"address","features":[{"id":"d7a1d475-60fd-48d0-a609-a81796f95ecf","type":"Feature","feature_type":"address","geometry":null,"properties":{"address":"ул. Политехническая, д. 29, лит. П, 1-2 корпус","unit":"","locality":"city","province":"RU-SPE","country":"RU","postal_code":"195251","postal_code_ext":null,"postal_code_vanity":null}},{"id":"08a0fe44-1795-47f1-bd83-2d7ed4d97042","type":"Feature","feature_type":"address","geometry":null,"properties":{"address":"ул. Политехническая, д. 29, лит. П, 11 корпус","unit":"","locality":"city","province":"RU-SPE","country":"RU","postal_code":"195251","postal_code_ext":null,"postal_code_vanity":null}},{"id":"e23b1f94-cb72-4d7a-a978-73c35a4ac821","type":"Feature","feature_type":"address","geometry":null,"properties":{"address":"ул. Политехническая, д. 29","unit":"","locality":"city","province":"RU-SPE","country":"RU","postal_code":"195251","postal_code_ext":null,"postal_code_vanity":null}},{"id":"e20757ec-c532-497d-a28d-7508129b3b74","type":"Feature","feature_type":"address","geometry":null,"properties":{"address":"ул. Политехническая, д. 29, лит. П, 11 корпус","unit":"","locality":"city","province":"RU-SPE","country":"RU","postal_code":"195251","postal_code_ext":null,"postal_code_vanity":null}},{"id":"dc5800ae-0e3f-4045-a3ac-f622ee6ff065","type":"Feature","feature_type":"address","geometry":null,"properties":{"address":"ул. Политехническая, д. 29, лит. П, 11 корпус","unit":"","locality":"city","province":"RU-SPE","country":"RU","postal_code":"195251","postal_code_ext":null,"postal_code_vanity":null}},{"id":"384eede1-59bd-4358-aabe-59998f6d28b1","type":"Feature","feature_type":"address","geometry":null,"properties":{"address":"ул. Политехническая, д. 29, лит. П, 11 корпус","unit":"","locality":"city","province":"RU-SPE","country":"RU","postal_code":"195251","postal_code_ext":null,"postal_code_vanity":null}},{"id":"f5ad8e59-7b3e-47f8-95bf-8834ff13b8ec","type":"Feature","feature_type":"address","geometry":null,"properties":{"address":"ул. Политехническая, д. 29, лит. П, 11 корпус","unit":"Туалет мужской","locality":"city","province":"RU-SPE","country":"RU","postal_code":"195251","postal_code_ext":null,"postal_code_vanity":null}},{"id":"d271f563-c4d1-4672-89e9-ad1fa7de6cc8","type":"Feature","feature_type":"address","geometry":null,"properties":{"address":"ул. Политехническая, д. 29, лит. П, 11 корпус","unit":"Туалет женский","locality":"city","province":"RU-SPE","country":"RU","postal_code":"195251","postal_code_ext":null,"postal_code_vanity":null}},{"id":"9786c9b9-9460-4801-bb2f-6ef802026da3","type":"Feature","feature_type":"address","geometry":null,"properties":{"address":"ул. Политехническая, д. 29, лит. П, 11 корпус","unit":"Кабинет 301","locality":"city","province":"RU-SPE","country":"RU","postal_code":"195251","postal_code_ext":null,"postal_code_vanity":null}},{"id":"184ca2fc-2452-4058-a747-34926aeab774","type":"Feature","feature_type":"address","geometry":null,"properties":{"address":"ул. Политехническая, д. 29, лит. П, 11 корпус","unit":"Кабинет 302","locality":"city","province":"RU-SPE","country":"RU","postal_code":"195251","postal_code_ext":null,"postal_code_vanity":null}},{"id":"378014e0-011e-4acd-907f-2426af993abd","type":"Feature","feature_type":"address","geometry":null,"properties":{"address":"ул. Политехническая, д. 29, лит. П, 1-2 корпус","unit":"","locality":"city","province":"RU-SPE","country":"RU","postal_code":"195251","postal_code_ext":null,"postal_code_vanity":null}},{"id":"377c1335-1650-4bd9-b65f-6f368947c2ea","type":"Feature","feature_type":"address","geometry":null,"properties":{"address":"ул. Политехническая, д. 29, лит. П, 1-2 корпус","unit":"","locality":"city","province":"RU-SPE","country":"RU","postal_code":"195251","postal_code_ext":null,"postal_code_vanity":null}},{"id":"7ae46a61-0b6a-4b3b-b69f-1eb03143d79e","type":"Feature","feature_type":"address","geometry":null,"properties":{"address":"ул. Политехническая, д. 29, лит. П, 1-2 корпус","unit":"","locality":"city","province":"RU-SPE","country":"RU","postal_code":"195251","postal_code_ext":null,"postal_code_vanity":null}},{"id":"ab238b0b-0810-4c6c-b7fd-a69129b61638","type":"Feature","feature_type":"address","geometry":null,"properties":{"address":"ул. Политехническая, д. 29, лит. П, НИК","unit":"","locality":"city","province":"RU-SPE","country":"RU","postal_code":"195251","postal_code_ext":null,"postal_code_vanity":null}},{"id":"d1ac1e36-9562-4a98-9039-3c51081a9573","type":"Feature","feature_type":"address","geometry":null,"properties":{"address":"ул. Политехническая, д. 29, лит. П, НИК","unit":"","locality":"city","province":"RU-SPE","country":"RU","postal_code":"195251","postal_code_ext":null,"postal_code_vanity":null}},{"id":"37865e74-7aa5-449c-89eb-2d59f1489e76","type":"Feature","feature_type":"address","geometry":null,"properties":{"address":"ул. Политехническая, д. 29, лит. П, 1-2 корпус","unit":"","locality":"city","province":"RU-SPE","country":"RU","postal_code":"195251","postal_code_ext":null,"postal_code_vanity":null}},{"id":"3e3d2837-da26-4374-a637-e48e57ec2fc9","type":"Feature","feature_type":"address","geometry":null,"properties":{"address":"ул. Политехническая, д. 29, лит. П, 1-2 корпус","unit":"","locality":"city","province":"RU-SPE","country":"RU","postal_code":"195251","postal_code_ext":null,"postal_code_vanity":null}},{"id":"ea98d6dc-7622-4bd2-aae3-bc2a0cbe9c38","type":"Feature","feature_type":"address","geometry":null,"properties":{"address":"ул. Политехническая, д. 29, лит. П, 1-2 корпус","unit":"","locality":"city","province":"RU-SPE","country":"RU","postal_code":"195251","postal_code_ext":null,"postal_code_vanity":null}},{"id":"e3c63b6f-ae0f-47a6-9ce6-c10ae39ad447","type":"Feature","feature_type":"address","geometry":null,"properties":{"address":"ул. Политехническая, д. 29, лит. В","unit":"","locality":"city","province":"RU-SPE","country":"RU","postal_code":"195251","postal_code_ext":null,"postal_code_vanity":null}},{"id":"e14d2bc8-103d-4d6b-b807-484363bea64d","type":"Feature","feature_type":"address","geometry":null,"properties":{"address":"ул. Политехническая, д. 29, лит. В","unit":"Кабинет 104","locality":"city","province":"RU-SPE","country":"RU","postal_code":"195251","postal_code_ext":null,"postal_code_vanity":null}},{"id":"f2857473-15e7-4b4a-9de4-9e94a05b5c09","type":"Feature","feature_type":"address","geometry":null,"properties":{"address":"ул. Политехническая, д. 29, лит. В","unit":"Кафетерий «Лето»","locality":"city","province":"RU-SPE","country":"RU","postal_code":"195251","postal_code_ext":null,"postal_code_vanity":null}},{"id":"bc5ee42a-212b-4da7-a2d3-c20293b4acf0","type":"Feature","feature_type":"address","geometry":null,"properties":{"address":"ул. Политехническая, д. 29, лит. В","unit":"Кабинет 102","locality":"city","province":"RU-SPE","country":"RU","postal_code":"195251","postal_code_ext":null,"postal_code_vanity":null}},{"id":"3a3f027d-18ce-4173-be1c-382dda217aa8","type":"Feature","feature_type":"address","geometry":null,"properties":{"address":"ул. Политехническая, д. 29, лит. В","unit":"","locality":"city","province":"RU-SPE","country":"RU","postal_code":"195251","postal_code_ext":null,"postal_code_vanity":null}},{"id":"451d5824-03b1-4d97-a124-1e87c5b79319","type":"Feature","feature_type":"address","geometry":null,"properties":{"address":"ул. Политехническая, д. 29, лит. В","unit":"Кабинет 101","locality":"city","province":"RU-SPE","country":"RU","postal_code":"195251","postal_code_ext":null,"postal_code_vanity":null}},{"id":"061005a1-159b-4cea-8f45-0d13d0b6adad","type":"Feature","feature_type":"address","geometry":null,"properties":{"address":"ул. Политехническая, д. 29, лит. В","unit":"Кабинет 101а","locality":"city","province":"RU-SPE","country":"RU","postal_code":"195251","postal_code_ext":null,"postal_code_vanity":null}},{"id":"f19368e0-5922-4299-86f3-a2bf06de5b11","type":"Feature","feature_type":"address","geometry":null,"properties":{"address":"ул. Политехническая, д. 29, лит. В","unit":"","locality":"city","province":"RU-SPE","country":"RU","postal_code":"195251","postal_code_ext":null,"postal_code_vanity":null}},{"id":"b52e95e8-0813-40cd-bb74-e60e3937012e","type":"Feature","feature_type":"address","geometry":null,"properties":{"address":"ул. Политехническая, д. 29, лит. В","unit":"Кабинет 103","locality":"city","province":"RU-SPE","country":"RU","postal_code":"195251","postal_code_ext":null,"postal_code_vanity":null}},{"id":"64b054aa-de9b-48d4-950c-00e3b2a3f968","type":"Feature","feature_type":"address","geometry":null,"properties":{"address":"ул. Политехническая, д. 29, лит. В","unit":"Кабинет 105","locality":"city","province":"RU-SPE","country":"RU","postal_code":"195251","postal_code_ext":null,"postal_code_vanity":null}},{"id":"64eee34f-16f1-4c66-806b-7b448a0bc7bf","type":"Feature","feature_type":"address","geometry":null,"properties":{"address":"ул. Политехническая, д. 29, лит. В","unit":"Кабинет 107","locality":"city","province":"RU-SPE","country":"RU","postal_code":"195251","postal_code_ext":null,"postal_code_vanity":null}},{"id":"420e6d1a-6481-4c69-8e28-098d54b0bb3d","type":"Feature","feature_type":"address","geometry":null,"properties":{"address":"ул. Политехническая, д. 29, лит. В","unit":"Кабинет 111","locality":"city","province":"RU-SPE","country":"RU","postal_code":"195251","postal_code_ext":null,"postal_code_vanity":null}},{"id":"ae81378d-830b-4f22-bd12-fd143c6163f1","type":"Feature","feature_type":"address","geometry":null,"properties":{"address":"ул. Политехническая, д. 29, лит. В","unit":"Кабинет 106","locality":"city","province":"RU-SPE","country":"RU","postal_code":"195251","postal_code_ext":null,"postal_code_vanity":null}},{"id":"96bc4fca-c9d0-4415-ba5a-d4e6c8856ec9","type":"Feature","feature_type":"address","geometry":null,"properties":{"address":"ул. Политехническая, д. 29, лит. В","unit":"Кабинет 108","locality":"city","province":"RU-SPE","country":"RU","postal_code":"195251","postal_code_ext":null,"postal_code_vanity":null}},{"id":"dd1ddb1f-ec5d-42dd-bd8f-27549f094828","type":"Feature","feature_type":"address","geometry":null,"properties":{"address":"ул. Политехническая, д. 29, лит. В","unit":"Кабинет 110","locality":"city","province":"RU-SPE","country":"RU","postal_code":"195251","postal_code_ext":null,"postal_code_vanity":null}},{"id":"4ebe1ecb-09bd-4fbf-9d26-e19e251908ab","type":"Feature","feature_type":"address","geometry":null,"properties":{"address":"ул. Политехническая, д. 29, лит. В","unit":"Кабинет ","locality":"city","province":"RU-SPE","country":"RU","postal_code":"195251","postal_code_ext":null,"postal_code_vanity":null}},{"id":"14c92f37-6d2e-4372-bdd3-042f23dbb307","type":"Feature","feature_type":"address","geometry":null,"properties":{"address":"ул. Политехническая, д. 29, лит. В","unit":"Кабинет ","locality":"city","province":"RU-SPE","country":"RU","postal_code":"195251","postal_code_ext":null,"postal_code_vanity":null}},{"id":"0526c1cb-f663-4d2a-b494-fabac38a0a98","type":"Feature","feature_type":"address","geometry":null,"properties":{"address":"ул. Политехническая, д. 29, лит. В","unit":"Кабинет ","locality":"city","province":"RU-SPE","country":"RU","postal_code":"195251","postal_code_ext":null,"postal_code_vanity":null}},{"id":"797cefb5-621e-44af-b2f2-667b6208a860","type":"Feature","feature_type":"address","geometry":null,"properties":{"address":"ул. Политехническая, д. 29, лит. В","unit":"Кабинет ","locality":"city","province":"RU-SPE","country":"RU","postal_code":"195251","postal_code_ext":null,"postal_code_vanity":null}},{"id":"5a51048e-77e9-4407-8150-caf2e16294cc","type":"Feature","feature_type":"address","geometry":null,"properties":{"address":"ул. Политехническая, д. 29, лит. В","unit":"","locality":"city","province":"RU-SPE","country":"RU","postal_code":"195251","postal_code_ext":null,"postal_code_vanity":null}},{"id":"d504e52a-eb82-4ab5-9bc3-5d627d2d2652","type":"Feature","feature_type":"address","geometry":null,"properties":{"address":"ул. Политехническая, д. 29, лит. В","unit":"Кабинет ","locality":"city","province":"RU-SPE","country":"RU","postal_code":"195251","postal_code_ext":null,"postal_code_vanity":null}},{"id":"ef38e19e-0c63-4906-9b78-8b765122fde8","type":"Feature","feature_type":"address","geometry":null,"properties":{"address":"ул. Политехническая, д. 29, лит. В","unit":"Кабинет ","locality":"city","province":"RU-SPE","country":"RU","postal_code":"195251","postal_code_ext":null,"postal_code_vanity":null}},{"id":"1982186b-d19f-4d3b-a5f6-2d1f5b303583","type":"Feature","feature_type":"address","geometry":null,"properties":{"address":"ул. Политехническая, д. 29, лит. В","unit":"","locality":"city","province":"RU-SPE","country":"RU","postal_code":"195251","postal_code_ext":null,"postal_code_vanity":null}},{"id":"895e05ff-1255-406a-b75b-48ec263eae12","type":"Feature","feature_type":"address","geometry":null,"properties":{"address":"ул. Политехническая, д. 29, лит. В","unit":"Кабинет ","locality":"city","province":"RU-SPE","country":"RU","postal_code":"195251","postal_code_ext":null,"postal_code_vanity":null}},{"id":"f4fafb08-163a-45b4-936b-0b8842b4727a","type":"Feature","feature_type":"address","geometry":null,"properties":{"address":"ул. Политехническая, д. 29, лит. В","unit":"Туалет женский","locality":"city","province":"RU-SPE","country":"RU","postal_code":"195251","postal_code_ext":null,"postal_code_vanity":null}},{"id":"8181744a-81c4-4e08-9fe8-91ce29d84477","type":"Feature","feature_type":"address","geometry":null,"properties":{"address":"ул. Политехническая, д. 29, лит. В","unit":"Туалет мужской","locality":"city","province":"RU-SPE","country":"RU","postal_code":"195251","postal_code_ext":null,"postal_code_vanity":null}},{"id":"32155ddb-43de-422e-97d3-fa1ae54daec6","type":"Feature","feature_type":"address","geometry":null,"properties":{"address":"ул. Политехническая, д. 29, лит. В","unit":"Кабинет 100.1","locality":"city","province":"RU-SPE","country":"RU","postal_code":"195251","postal_code_ext":null,"postal_code_vanity":null}},{"id":"da25e020-0652-4ebc-8f99-198af3eb2187","type":"Feature","feature_type":"address","geometry":null,"properties":{"address":"ул. Политехническая, д. 29, лит. В","unit":"Кабинет 100а","locality":"city","province":"RU-SPE","country":"RU","postal_code":"195251","postal_code_ext":null,"postal_code_vanity":null}},{"id":"6125fada-d31c-4cbd-859f-fc75dffb9456","type":"Feature","feature_type":"address","geometry":null,"properties":{"address":"ул. Политехническая, д. 29, лит. В","unit":"Кабинет ","locality":"city","province":"RU-SPE","country":"RU","postal_code":"195251","postal_code_ext":null,"postal_code_vanity":null}},{"id":"9ba98428-e8ae-40cc-8f96-50a21876c4b7","type":"Feature","feature_type":"address","geometry":null,"properties":{"address":"ул. Политехническая, д. 29, лит. В","unit":"","locality":"city","province":"RU-SPE","country":"RU","postal_code":"195251","postal_code_ext":null,"postal_code_vanity":null}},{"id":"e419b844-6753-44bd-9d63-11d5a453b357","type":"Feature","feature_type":"address","geometry":null,"properties":{"address":"ул. Политехническая, д. 29, лит. В","unit":"","locality":"city","province":"RU-SPE","country":"RU","postal_code":"195251","postal_code_ext":null,"postal_code_vanity":null}},{"id":"a723785f-44e9-4bfe-86a3-49f2b05c92b5","type":"Feature","feature_type":"address","geometry":null,"properties":{"address":"ул. Политехническая, д. 29, лит. В","unit":"Кабинет ","locality":"city","province":"RU-SPE","country":"RU","postal_code":"195251","postal_code_ext":null,"postal_code_vanity":null}},{"id":"7f1d6dae-3847-4ba2-b021-31f6335eeed7","type":"Feature","feature_type":"address","geometry":null,"properties":{"address":"ул. Политехническая, д. 29, лит. В","unit":"Кабинет ","locality":"city","province":"RU-SPE","country":"RU","postal_code":"195251","postal_code_ext":null,"postal_code_vanity":null}},{"id":"848d3bd3-4c68-46f5-8231-f56e1e5b4ba1","type":"Feature","feature_type":"address","geometry":null,"properties":{"address":"ул. Политехническая, д. 29, лит. В","unit":"","locality":"city","province":"RU-SPE","country":"RU","postal_code":"195251","postal_code_ext":null,"postal_code_vanity":null}},{"id":"c025a832-eef9-4015-9bba-a97e1f8a4185","type":"Feature","feature_type":"address","geometry":null,"properties":{"address":"ул. Политехническая, д. 29, лит. В","unit":"Кабинет ","locality":"city","province":"RU-SPE","country":"RU","postal_code":"195251","postal_code_ext":null,"postal_code_vanity":null}},{"id":"0b24a7bf-c63a-425e-a09f-3ef1d299c0a0","type":"Feature","feature_type":"address","geometry":null,"properties":{"address":"ул. Политехническая, д. 29, лит. В","unit":"Кабинет ","locality":"city","province":"RU-SPE","country":"RU","postal_code":"195251","postal_code_ext":null,"postal_code_vanity":null}},{"id":"848ad285-825c-47c1-898f-a07abf623e7f","type":"Feature","feature_type":"address","geometry":null,"properties":{"address":"ул. Политехническая, д. 29, лит. В","unit":"Кабинет ","locality":"city","province":"RU-SPE","country":"RU","postal_code":"195251","postal_code_ext":null,"postal_code_vanity":null}},{"id":"37a13a77-2956-42c0-8af1-66e154dd70cd","type":"Feature","feature_type":"address","geometry":null,"properties":{"address":"ул. Политехническая, д. 29, лит. В","unit":"Кабинет ","locality":"city","province":"RU-SPE","country":"RU","postal_code":"195251","postal_code_ext":null,"postal_code_vanity":null}},{"id":"20062a64-083f-4acd-b931-054b71c26f10","type":"Feature","feature_type":"address","geometry":null,"properties":{"address":"ул. Политехническая, д. 29, лит. В","unit":"","locality":"city","province":"RU-SPE","country":"RU","postal_code":"195251","postal_code_ext":null,"postal_code_vanity":null}},{"id":"0c74c43d-84bf-48fd-8ab9-a4339e1fa5e1","type":"Feature","feature_type":"address","geometry":null,"properties":{"address":"ул. Политехническая, д. 29, лит. В","unit":"","locality":"city","province":"RU-SPE","country":"RU","postal_code":"195251","postal_code_ext":null,"postal_code_vanity":null}},{"id":"3997353d-e138-4da1-80d7-4ffe0103c6fb","type":"Feature","feature_type":"address","geometry":null,"properties":{"address":"ул. Политехническая, д. 29, лит. В","unit":"","locality":"city","province":"RU-SPE","country":"RU","postal_code":"195251","postal_code_ext":null,"postal_code_vanity":null}},{"id":"4868f540-b975-4cbe-a9fb-0d758b965496","type":"Feature","feature_type":"address","geometry":null,"properties":{"address":"ул. Политехническая, д. 29, лит. В","unit":"","locality":"city","province":"RU-SPE","country":"RU","postal_code":"195251","postal_code_ext":null,"postal_code_vanity":null}},{"id":"87a0ca2a-ef48-4b31-a3bb-50da4e61f131","type":"Feature","feature_type":"address","geometry":null,"properties":{"address":"ул. Политехническая, д. 29, лит. В","unit":"","locality":"city","province":"RU-SPE","country":"RU","postal_code":"195251","postal_code_ext":null,"postal_code_vanity":null}},{"id":"57b658f3-99de-4f49-9037-f452e51b8905","type":"Feature","feature_type":"address","geometry":null,"properties":{"address":"ул. Политехническая, д. 29, лит. В","unit":"","locality":"city","province":"RU-SPE","country":"RU","postal_code":"195251","postal_code_ext":null,"postal_code_vanity":null}},{"id":"2d43d47b-7952-47f6-aa6b-e358c617dd8d","type":"Feature","feature_type":"address","geometry":null,"properties":{"address":"ул. Политехническая, д. 29, лит. В","unit":"Кабинет ","locality":"city","province":"RU-SPE","country":"RU","postal_code":"195251","postal_code_ext":null,"postal_code_vanity":null}},{"id":"a5e5e37b-9f5d-4786-a224-586146ff155a","type":"Feature","feature_type":"address","geometry":null,"properties":{"address":"ул. Политехническая, д. 29, лит. В","unit":"Кабинет 109","locality":"city","province":"RU-SPE","country":"RU","postal_code":"195251","postal_code_ext":null,"postal_code_vanity":null}},{"id":"84579987-c3a4-48b9-87f3-7754efd85379","type":"Feature","feature_type":"address","geometry":null,"properties":{"address":"ул. Политехническая, д. 29, лит. В","unit":"","locality":"city","province":"RU-SPE","country":"RU","postal_code":"195251","postal_code_ext":null,"postal_code_vanity":null}},{"id":"3ba74e4f-0095-4187-9392-1b9498abf008","type":"Feature","feature_type":"address","geometry":null,"properties":{"address":"ул. Политехническая, д. 29, лит. В","unit":"","locality":"city","province":"RU-SPE","country":"RU","postal_code":"195251","postal_code_ext":null,"postal_code_vanity":null}},{"id":"ce8f628d-c075-4102-a9e9-875d83f7afaf","type":"Feature","feature_type":"address","geometry":null,"properties":{"address":"ул. Политехническая, д. 29, лит. В","unit":"","locality":"city","province":"RU-SPE","country":"RU","postal_code":"195251","postal_code_ext":null,"postal_code_vanity":null}},{"id":"094d8bc7-cf32-4dd5-91e3-367ba3f2c7d5","type":"Feature","feature_type":"address","geometry":null,"properties":{"address":"ул. Политехническая, д. 29, лит. В","unit":"","locality":"city","province":"RU-SPE","country":"RU","postal_code":"195251","postal_code_ext":null,"postal_code_vanity":null}},{"id":"f0369e0b-bd78-4409-9d3a-02416b50305f","type":"Feature","feature_type":"address","geometry":null,"properties":{"address":"ул. Политехническая, д. 29, лит. В","unit":"","locality":"city","province":"RU-SPE","country":"RU","postal_code":"195251","postal_code_ext":null,"postal_code_vanity":null}},{"id":"94e8f370-842b-4e33-a1e1-7a547cc260c5","type":"Feature","feature_type":"address","geometry":null,"properties":{"address":"ул. Политехническая, д. 29, лит. В","unit":"Кабинет 206","locality":"city","province":"RU-SPE","country":"RU","postal_code":"195251","postal_code_ext":null,"postal_code_vanity":null}},{"id":"b4e3c44b-d152-4428-8486-fb2e58ee7c45","type":"Feature","feature_type":"address","geometry":null,"properties":{"address":"ул. Политехническая, д. 29, лит. В","unit":"Кабинет 205","locality":"city","province":"RU-SPE","country":"RU","postal_code":"195251","postal_code_ext":null,"postal_code_vanity":null}},{"id":"091b5490-0bfb-4fe0-aa10-1c0c0a1a0c83","type":"Feature","feature_type":"address","geometry":null,"properties":{"address":"ул. Политехническая, д. 29, лит. В","unit":"Кабинет 207","locality":"city","province":"RU-SPE","country":"RU","postal_code":"195251","postal_code_ext":null,"postal_code_vanity":null}},{"id":"0d8ac70e-b1cd-4e49-a854-ce8c55c8d4ee","type":"Feature","feature_type":"address","geometry":null,"properties":{"address":"ул. Политехническая, д. 29, лит. В","unit":"Кабинет 204","locality":"city","province":"RU-SPE","country":"RU","postal_code":"195251","postal_code_ext":null,"postal_code_vanity":null}},{"id":"d7558fdd-4a74-492c-b147-783b820f3ba7","type":"Feature","feature_type":"address","geometry":null,"properties":{"address":"ул. Политехническая, д. 29, лит. В","unit":"Кабинет 203","locality":"city","province":"RU-SPE","country":"RU","postal_code":"195251","postal_code_ext":null,"postal_code_vanity":null}},{"id":"3a612d22-ba6d-445b-8b21-d0268131e8c4","type":"Feature","feature_type":"address","geometry":null,"properties":{"address":"ул. Политехническая, д. 29, лит. В","unit":"Кабинет 202","locality":"city","province":"RU-SPE","country":"RU","postal_code":"195251","postal_code_ext":null,"postal_code_vanity":null}},{"id":"d01bcc8b-82fe-4db4-af46-c8b27f78a0c9","type":"Feature","feature_type":"address","geometry":null,"properties":{"address":"ул. Политехническая, д. 29, лит. В","unit":"Кабинет 209","locality":"city","province":"RU-SPE","country":"RU","postal_code":"195251","postal_code_ext":null,"postal_code_vanity":null}},{"id":"0f765e89-5fed-4d20-8cd1-d434da8e0119","type":"Feature","feature_type":"address","geometry":null,"properties":{"address":"ул. Политехническая, д. 29, лит. В","unit":"Кабинет 211","locality":"city","province":"RU-SPE","country":"RU","postal_code":"195251","postal_code_ext":null,"postal_code_vanity":null}},{"id":"b370e4f7-e46d-415b-8f2b-abf8eb7cb1c2","type":"Feature","feature_type":"address","geometry":null,"properties":{"address":"ул. Политехническая, д. 29, лит. В","unit":"Кабинет 217","locality":"city","province":"RU-SPE","country":"RU","postal_code":"195251","postal_code_ext":null,"postal_code_vanity":null}},{"id":"af35f76c-93f6-447b-a979-379a67004edc","type":"Feature","feature_type":"address","geometry":null,"properties":{"address":"ул. Политехническая, д. 29, лит. В","unit":"Кабинет 213","locality":"city","province":"RU-SPE","country":"RU","postal_code":"195251","postal_code_ext":null,"postal_code_vanity":null}},{"id":"f2d84926-0818-4909-b08d-b9cc4a5bac02","type":"Feature","feature_type":"address","geometry":null,"properties":{"address":"ул. Политехническая, д. 29, лит. В","unit":"Кабинет 212","locality":"city","province":"RU-SPE","country":"RU","postal_code":"195251","postal_code_ext":null,"postal_code_vanity":null}},{"id":"ca4c7b50-a7d5-478b-82f3-2481eb17db08","type":"Feature","feature_type":"address","geometry":null,"properties":{"address":"ул. Политехническая, д. 29, лит. В","unit":"Кабинет 214","locality":"city","province":"RU-SPE","country":"RU","postal_code":"195251","postal_code_ext":null,"postal_code_vanity":null}},{"id":"ced24d89-b4f3-4974-ae42-3862a802262a","type":"Feature","feature_type":"address","geometry":null,"properties":{"address":"ул. Политехническая, д. 29, лит. В","unit":"Кабинет 216","locality":"city","province":"RU-SPE","country":"RU","postal_code":"195251","postal_code_ext":null,"postal_code_vanity":null}},{"id":"98ccd95e-8f14-4dcf-ba3b-a56049ec0c78","type":"Feature","feature_type":"address","geometry":null,"properties":{"address":"ул. Политехническая, д. 29, лит. В","unit":"Кабинет ","locality":"city","province":"RU-SPE","country":"RU","postal_code":"195251","postal_code_ext":null,"postal_code_vanity":null}},{"id":"4855f9cc-990b-4e52-be73-d6526d56ff7d","type":"Feature","feature_type":"address","geometry":null,"properties":{"address":"ул. Политехническая, д. 29, лит. В","unit":"Кабинет ","locality":"city","province":"RU-SPE","country":"RU","postal_code":"195251","postal_code_ext":null,"postal_code_vanity":null}},{"id":"d060f44a-2ee2-4614-8560-ef1c92d0a630","type":"Feature","feature_type":"address","geometry":null,"properties":{"address":"ул. Политехническая, д. 29, лит. В","unit":"Кабинет ","locality":"city","province":"RU-SPE","country":"RU","postal_code":"195251","postal_code_ext":null,"postal_code_vanity":null}},{"id":"0e472770-c041-489a-9f49-e0db52dc081f","type":"Feature","feature_type":"address","geometry":null,"properties":{"address":"ул. Политехническая, д. 29, лит. В","unit":"Кабинет ","locality":"city","province":"RU-SPE","country":"RU","postal_code":"195251","postal_code_ext":null,"postal_code_vanity":null}},{"id":"1ec27f84-2d00-4791-9e16-7a5d36ad31c7","type":"Feature","feature_type":"address","geometry":null,"properties":{"address":"ул. Политехническая, д. 29, лит. В","unit":"Лекторий 215","locality":"city","province":"RU-SPE","country":"RU","postal_code":"195251","postal_code_ext":null,"postal_code_vanity":null}},{"id":"c5453efc-d0d3-4350-b962-a205bddb12b9","type":"Feature","feature_type":"address","geometry":null,"properties":{"address":"ул. Политехническая, д. 29, лит. В","unit":"Кабинет ","locality":"city","province":"RU-SPE","country":"RU","postal_code":"195251","postal_code_ext":null,"postal_code_vanity":null}},{"id":"7a064bea-e30d-43c0-acc4-fbe39967152c","type":"Feature","feature_type":"address","geometry":null,"properties":{"address":"ул. Политехническая, д. 29, лит. В","unit":"Кабинет ","locality":"city","province":"RU-SPE","country":"RU","postal_code":"195251","postal_code_ext":null,"postal_code_vanity":null}},{"id":"00029f6c-9568-4e4a-8566-fe213f58e758","type":"Feature","feature_type":"address","geometry":null,"properties":{"address":"ул. Политехническая, д. 29, лит. В","unit":"Туалет женский","locality":"city","province":"RU-SPE","country":"RU","postal_code":"195251","postal_code_ext":null,"postal_code_vanity":null}},{"id":"4ea373c4-48a3-43cb-b1b0-c2546f4732ba","type":"Feature","feature_type":"address","geometry":null,"properties":{"address":"ул. Политехническая, д. 29, лит. В","unit":"Туалет мужской","locality":"city","province":"RU-SPE","country":"RU","postal_code":"195251","postal_code_ext":null,"postal_code_vanity":null}},{"id":"add2e593-d607-425c-95af-34bbd8e8431e","type":"Feature","feature_type":"address","geometry":null,"properties":{"address":"ул. Политехническая, д. 29, лит. В","unit":"Лекторий 201","locality":"city","province":"RU-SPE","country":"RU","postal_code":"195251","postal_code_ext":null,"postal_code_vanity":null}},{"id":"8eda0fdd-9cdd-420c-b1b4-aba1741ccb2d","type":"Feature","feature_type":"address","geometry":null,"properties":{"address":"ул. Политехническая, д. 29, лит. В","unit":"Кабинет 208","locality":"city","province":"RU-SPE","country":"RU","postal_code":"195251","postal_code_ext":null,"postal_code_vanity":null}},{"id":"33146ef6-cd2a-4b59-8eb0-87f0d7ed9cd2","type":"Feature","feature_type":"address","geometry":null,"properties":{"address":"ул. Политехническая, д. 29, лит. В","unit":"Кабинет 210","locality":"city","province":"RU-SPE","country":"RU","postal_code":"195251","postal_code_ext":null,"postal_code_vanity":null}},{"id":"bf3606b7-c109-41ca-af63-f09a89e6c4f2","type":"Feature","feature_type":"address","geometry":null,"properties":{"address":"ул. Политехническая, д. 29, лит. В","unit":"","locality":"city","province":"RU-SPE","country":"RU","postal_code":"195251","postal_code_ext":null,"postal_code_vanity":null}},{"id":"52036fa2-5600-4399-8c50-60de2b432c69","type":"Feature","feature_type":"address","geometry":null,"properties":{"address":"ул. Политехническая, д. 29, лит. В","unit":"Кабинет 215б","locality":"city","province":"RU-SPE","country":"RU","postal_code":"195251","postal_code_ext":null,"postal_code_vanity":null}},{"id":"e89be8a2-5c8e-4102-a8f2-3ce9a2a8c6ed","type":"Feature","feature_type":"address","geometry":null,"properties":{"address":"ул. Политехническая, д. 29, лит. В","unit":"Админинстрация","locality":"city","province":"RU-SPE","country":"RU","postal_code":"195251","postal_code_ext":null,"postal_code_vanity":null}},{"id":"a10cf1ad-b4c9-4e5b-8670-5f6b8d4b58c7","type":"Feature","feature_type":"address","geometry":null,"properties":{"address":"ул. Политехническая, д. 29, лит. В","unit":"Кабинет 201б","locality":"city","province":"RU-SPE","country":"RU","postal_code":"195251","postal_code_ext":null,"postal_code_vanity":null}},{"id":"a1676d21-5bd5-4c5f-9191-bbe9c31f9eb3","type":"Feature","feature_type":"address","geometry":null,"properties":{"address":"ул. Политехническая, д. 29, лит. В","unit":"Кабинет 201a","locality":"city","province":"RU-SPE","country":"RU","postal_code":"195251","postal_code_ext":null,"postal_code_vanity":null}},{"id":"d405f273-5182-4e75-8c7c-86027ee9a015","type":"Feature","feature_type":"address","geometry":null,"properties":{"address":"ул. Политехническая, д. 29, лит. В","unit":"Кабинет ","locality":"city","province":"RU-SPE","country":"RU","postal_code":"195251","postal_code_ext":null,"postal_code_vanity":null}},{"id":"c4667766-9c0c-46ad-b4ff-df55480095eb","type":"Feature","feature_type":"address","geometry":null,"properties":{"address":"ул. Политехническая, д. 29, лит. В","unit":"Кабинет ","locality":"city","province":"RU-SPE","country":"RU","postal_code":"195251","postal_code_ext":null,"postal_code_vanity":null}},{"id":"19426dd0-506a-4cfc-a69c-4a61a4a078d3","type":"Feature","feature_type":"address","geometry":null,"properties":{"address":"ул. Политехническая, д. 29, лит. В","unit":"","locality":"city","province":"RU-SPE","country":"RU","postal_code":"195251","postal_code_ext":null,"postal_code_vanity":null}},{"id":"425ada85-e81d-45c2-be8e-2d74eff75058","type":"Feature","feature_type":"address","geometry":null,"properties":{"address":"ул. Политехническая, д. 29, лит. В","unit":"","locality":"city","province":"RU-SPE","country":"RU","postal_code":"195251","postal_code_ext":null,"postal_code_vanity":null}},{"id":"50aa25e7-ef39-4dcf-ad38-86502bbc9f6d","type":"Feature","feature_type":"address","geometry":null,"properties":{"address":"ул. Политехническая, д. 29, лит. В","unit":"","locality":"city","province":"RU-SPE","country":"RU","postal_code":"195251","postal_code_ext":null,"postal_code_vanity":null}},{"id":"b667049c-46f7-4d7d-8581-7405486df65b","type":"Feature","feature_type":"address","geometry":null,"properties":{"address":"ул. Политехническая, д. 29, лит. В","unit":"","locality":"city","province":"RU-SPE","country":"RU","postal_code":"195251","postal_code_ext":null,"postal_code_vanity":null}},{"id":"b1a01c71-6135-4c18-9ada-ad5c56300d9e","type":"Feature","feature_type":"address","geometry":null,"properties":{"address":"ул. Политехническая, д. 29, лит. В","unit":"","locality":"city","province":"RU-SPE","country":"RU","postal_code":"195251","postal_code_ext":null,"postal_code_vanity":null}},{"id":"9cc65707-8939-4105-82ba-65b39690b06d","type":"Feature","feature_type":"address","geometry":null,"properties":{"address":"ул. Политехническая, д. 29, лит. В","unit":"","locality":"city","province":"RU-SPE","country":"RU","postal_code":"195251","postal_code_ext":null,"postal_code_vanity":null}},{"id":"22a5ed13-6cef-4e19-bbb8-470ccfed70d7","type":"Feature","feature_type":"address","geometry":null,"properties":{"address":"ул. Политехническая, д. 29, лит. В","unit":"","locality":"city","province":"RU-SPE","country":"RU","postal_code":"195251","postal_code_ext":null,"postal_code_vanity":null}},{"id":"412ddf8d-9d7a-40a1-850d-5b2e6c0e25a4","type":"Feature","feature_type":"address","geometry":null,"properties":{"address":"ул. Политехническая, д. 29, лит. В","unit":"","locality":"city","province":"RU-SPE","country":"RU","postal_code":"195251","postal_code_ext":null,"postal_code_vanity":null}},{"id":"823580e2-0ed8-4cb4-96e8-3888a928eabd","type":"Feature","feature_type":"address","geometry":null,"properties":{"address":"ул. Политехническая, д. 29, лит. В","unit":"Кабинет 302","locality":"city","province":"RU-SPE","country":"RU","postal_code":"195251","postal_code_ext":null,"postal_code_vanity":null}},{"id":"1be0cc79-de94-4c0a-8b90-c8822fb42437","type":"Feature","feature_type":"address","geometry":null,"properties":{"address":"ул. Политехническая, д. 29, лит. В","unit":"Кабинет 301","locality":"city","province":"RU-SPE","country":"RU","postal_code":"195251","postal_code_ext":null,"postal_code_vanity":null}},{"id":"66aca6f7-d4b3-4c69-a0e2-21080561d40c","type":"Feature","feature_type":"address","geometry":null,"properties":{"address":"ул. Политехническая, д. 29, лит. В","unit":"","locality":"city","province":"RU-SPE","country":"RU","postal_code":"195251","postal_code_ext":null,"postal_code_vanity":null}},{"id":"630b2c8e-c43c-4814-9474-1598aeb50438","type":"Feature","feature_type":"address","geometry":null,"properties":{"address":"ул. Политехническая, д. 29, лит. В","unit":"Кабинет 300A","locality":"city","province":"RU-SPE","country":"RU","postal_code":"195251","postal_code_ext":null,"postal_code_vanity":null}},{"id":"3cdcea03-6aeb-43af-ae01-9f17d76965c7","type":"Feature","feature_type":"address","geometry":null,"properties":{"address":"ул. Политехническая, д. 29, лит. В","unit":"Кабинет 303","locality":"city","province":"RU-SPE","country":"RU","postal_code":"195251","postal_code_ext":null,"postal_code_vanity":null}},{"id":"47107d58-a688-4795-83e6-a295c54cfce5","type":"Feature","feature_type":"address","geometry":null,"properties":{"address":"ул. Политехническая, д. 29, лит. В","unit":"Кабинет 305","locality":"city","province":"RU-SPE","country":"RU","postal_code":"195251","postal_code_ext":null,"postal_code_vanity":null}},{"id":"3ca32d82-b43e-4f7b-a38f-1bee708ca65b","type":"Feature","feature_type":"address","geometry":null,"properties":{"address":"ул. Политехническая, д. 29, лит. В","unit":"Кабинет 307","locality":"city","province":"RU-SPE","country":"RU","postal_code":"195251","postal_code_ext":null,"postal_code_vanity":null}},{"id":"4d5eb1e9-f522-4be5-b80f-d99bb812b7f8","type":"Feature","feature_type":"address","geometry":null,"properties":{"address":"ул. Политехническая, д. 29, лит. В","unit":"Кабинет 309","locality":"city","province":"RU-SPE","country":"RU","postal_code":"195251","postal_code_ext":null,"postal_code_vanity":null}},{"id":"5a08ba2b-ab09-4bde-a27b-3e631911544b","type":"Feature","feature_type":"address","geometry":null,"properties":{"address":"ул. Политехническая, д. 29, лит. В","unit":"Кабинет ","locality":"city","province":"RU-SPE","country":"RU","postal_code":"195251","postal_code_ext":null,"postal_code_vanity":null}},{"id":"55f3895e-3af9-44e7-b0e3-dd77d05637b4","type":"Feature","feature_type":"address","geometry":null,"properties":{"address":"ул. Политехническая, д. 29, лит. В","unit":"Кабинет 306, Деканат ИКНТ","locality":"city","province":"RU-SPE","country":"RU","postal_code":"195251","postal_code_ext":null,"postal_code_vanity":null}},{"id":"e9f14eb5-bc9b-4346-a0d8-41f7559d45ed","type":"Feature","feature_type":"address","geometry":null,"properties":{"address":"ул. Политехническая, д. 29, лит. В","unit":"Кабинет 308","locality":"city","province":"RU-SPE","country":"RU","postal_code":"195251","postal_code_ext":null,"postal_code_vanity":null}},{"id":"660ab300-6b36-4941-980d-0a671a63ba0b","type":"Feature","feature_type":"address","geometry":null,"properties":{"address":"ул. Политехническая, д. 29, лит. В","unit":"","locality":"city","province":"RU-SPE","country":"RU","postal_code":"195251","postal_code_ext":null,"postal_code_vanity":null}},{"id":"aca94f56-80f4-446b-b336-91187382a17f","type":"Feature","feature_type":"address","geometry":null,"properties":{"address":"ул. Политехническая, д. 29, лит. В","unit":"","locality":"city","province":"RU-SPE","country":"RU","postal_code":"195251","postal_code_ext":null,"postal_code_vanity":null}},{"id":"c49c0bc6-48af-49dd-ade9-d0e8eda368fd","type":"Feature","feature_type":"address","geometry":null,"properties":{"address":"ул. Политехническая, д. 29, лит. В","unit":"","locality":"city","province":"RU-SPE","country":"RU","postal_code":"195251","postal_code_ext":null,"postal_code_vanity":null}},{"id":"ba8d1858-5c77-41f6-aa45-581204a414a0","type":"Feature","feature_type":"address","geometry":null,"properties":{"address":"ул. Политехническая, д. 29, лит. В","unit":"","locality":"city","province":"RU-SPE","country":"RU","postal_code":"195251","postal_code_ext":null,"postal_code_vanity":null}},{"id":"f90b48e4-1a24-4bf0-87fd-5599b981f801","type":"Feature","feature_type":"address","geometry":null,"properties":{"address":"ул. Политехническая, д. 29, лит. В","unit":"","locality":"city","province":"RU-SPE","country":"RU","postal_code":"195251","postal_code_ext":null,"postal_code_vanity":null}},{"id":"8b3e3b8d-7338-46ae-857f-df5616fca174","type":"Feature","feature_type":"address","geometry":null,"properties":{"address":"ул. Политехническая, д. 29, лит. В","unit":"Туалет женский","locality":"city","province":"RU-SPE","country":"RU","postal_code":"195251","postal_code_ext":null,"postal_code_vanity":null}},{"id":"e4b00f3a-fc7a-49d7-9765-0fbcb90a0b25","type":"Feature","feature_type":"address","geometry":null,"properties":{"address":"ул. Политехническая, д. 29, лит. В","unit":"Туалет мужской","locality":"city","province":"RU-SPE","country":"RU","postal_code":"195251","postal_code_ext":null,"postal_code_vanity":null}},{"id":"83bae14f-b090-4d58-86e8-0fc6cc545cf8","type":"Feature","feature_type":"address","geometry":null,"properties":{"address":"ул. Политехническая, д. 29, лит. В","unit":"Кабинет 313","locality":"city","province":"RU-SPE","country":"RU","postal_code":"195251","postal_code_ext":null,"postal_code_vanity":null}},{"id":"05b27760-8f0a-48ca-ada5-d01bd4faae80","type":"Feature","feature_type":"address","geometry":null,"properties":{"address":"ул. Политехническая, д. 29, лит. В","unit":"Кабинет 312","locality":"city","province":"RU-SPE","country":"RU","postal_code":"195251","postal_code_ext":null,"postal_code_vanity":null}},{"id":"1ee8133d-22b2-44c9-976c-b9cebc96c99c","type":"Feature","feature_type":"address","geometry":null,"properties":{"address":"ул. Политехническая, д. 29, лит. В","unit":"Кабинет 304","locality":"city","province":"RU-SPE","country":"RU","postal_code":"195251","postal_code_ext":null,"postal_code_vanity":null}},{"id":"1dadffe1-45b0-4cb4-a6ee-10a5ebd02245","type":"Feature","feature_type":"address","geometry":null,"properties":{"address":"ул. Политехническая, д. 29, лит. В","unit":"Кабинет 310","locality":"city","province":"RU-SPE","country":"RU","postal_code":"195251","postal_code_ext":null,"postal_code_vanity":null}},{"id":"14e5d982-eeef-4b8d-907f-4a1310a803bc","type":"Feature","feature_type":"address","geometry":null,"properties":{"address":"ул. Политехническая, д. 29, лит. В","unit":"Кабинет 300","locality":"city","province":"RU-SPE","country":"RU","postal_code":"195251","postal_code_ext":null,"postal_code_vanity":null}},{"id":"52a472b0-ada7-44f5-80a7-10aea6bc1bcb","type":"Feature","feature_type":"address","geometry":null,"properties":{"address":"ул. Политехническая, д. 29, лит. В","unit":"","locality":"city","province":"RU-SPE","country":"RU","postal_code":"195251","postal_code_ext":null,"postal_code_vanity":null}},{"id":"063e3997-fdc7-4142-931f-1898195412e9","type":"Feature","feature_type":"address","geometry":null,"properties":{"address":"ул. Политехническая, д. 29, лит. В","unit":"","locality":"city","province":"RU-SPE","country":"RU","postal_code":"195251","postal_code_ext":null,"postal_code_vanity":null}},{"id":"4349ad09-d102-4a97-aacf-4bf0d2894a49","type":"Feature","feature_type":"address","geometry":null,"properties":{"address":"ул. Политехническая, д. 29, лит. В","unit":"","locality":"city","province":"RU-SPE","country":"RU","postal_code":"195251","postal_code_ext":null,"postal_code_vanity":null}},{"id":"039c8aa9-e473-4266-a3f3-d36c2c3dc8a1","type":"Feature","feature_type":"address","geometry":null,"properties":{"address":"ул. Политехническая, д. 29, лит. В","unit":"","locality":"city","province":"RU-SPE","country":"RU","postal_code":"195251","postal_code_ext":null,"postal_code_vanity":null}},{"id":"d98f4b69-6896-4eb0-87c0-18b11836778a","type":"Feature","feature_type":"address","geometry":null,"properties":{"address":"ул. Политехническая, д. 29, лит. В","unit":"","locality":"city","province":"RU-SPE","country":"RU","postal_code":"195251","postal_code_ext":null,"postal_code_vanity":null}},{"id":"179d49e4-941a-44de-8e34-48743f12c84a","type":"Feature","feature_type":"address","geometry":null,"properties":{"address":"ул. Политехническая, д. 29, лит. В","unit":"","locality":"city","province":"RU-SPE","country":"RU","postal_code":"195251","postal_code_ext":null,"postal_code_vanity":null}},{"id":"2e151398-c3eb-4c57-8180-405a50ebb79c","type":"Feature","feature_type":"address","geometry":null,"properties":{"address":"ул. Политехническая, д. 29, лит. В","unit":"","locality":"city","province":"RU-SPE","country":"RU","postal_code":"195251","postal_code_ext":null,"postal_code_vanity":null}},{"id":"49f5476d-6ca5-4f6a-8a45-29aae033ef64","type":"Feature","feature_type":"address","geometry":null,"properties":{"address":"ул. Политехническая, д. 29, лит. В","unit":"","locality":"city","province":"RU-SPE","country":"RU","postal_code":"195251","postal_code_ext":null,"postal_code_vanity":null}},{"id":"e2b40114-9965-48fc-8978-4885d47d0e1f","type":"Feature","feature_type":"address","geometry":null,"properties":{"address":"ул. Политехническая, д. 29, лит. В","unit":"","locality":"city","province":"RU-SPE","country":"RU","postal_code":"195251","postal_code_ext":null,"postal_code_vanity":null}},{"id":"348d8633-7886-4964-a638-9eba862fe467","type":"Feature","feature_type":"address","geometry":null,"properties":{"address":"ул. Политехническая, д. 29, лит. В","unit":"Кабинет 404a","locality":"city","province":"RU-SPE","country":"RU","postal_code":"195251","postal_code_ext":null,"postal_code_vanity":null}},{"id":"696ba1a5-764a-437e-b889-d0da8f13d834","type":"Feature","feature_type":"address","geometry":null,"properties":{"address":"ул. Политехническая, д. 29, лит. В","unit":"","locality":"city","province":"RU-SPE","country":"RU","postal_code":"195251","postal_code_ext":null,"postal_code_vanity":null}},{"id":"2b4b3982-1b51-4436-86ad-ba63140c0187","type":"Feature","feature_type":"address","geometry":null,"properties":{"address":"ул. Политехническая, д. 29, лит. В","unit":"Кабинет 401","locality":"city","province":"RU-SPE","country":"RU","postal_code":"195251","postal_code_ext":null,"postal_code_vanity":null}},{"id":"c5157d53-50bb-43cb-83bf-aee79fada7a6","type":"Feature","feature_type":"address","geometry":null,"properties":{"address":"ул. Политехническая, д. 29, лит. В","unit":"Кабинет 400","locality":"city","province":"RU-SPE","country":"RU","postal_code":"195251","postal_code_ext":null,"postal_code_vanity":null}},{"id":"315d533f-d1f7-4a1c-b239-84007b015114","type":"Feature","feature_type":"address","geometry":null,"properties":{"address":"ул. Политехническая, д. 29, лит. В","unit":"Кабинет 403a","locality":"city","province":"RU-SPE","country":"RU","postal_code":"195251","postal_code_ext":null,"postal_code_vanity":null}},{"id":"8827f0df-564f-4825-914f-84f03533e3c7","type":"Feature","feature_type":"address","geometry":null,"properties":{"address":"ул. Политехническая, д. 29, лит. В","unit":"Кабинет 405","locality":"city","province":"RU-SPE","country":"RU","postal_code":"195251","postal_code_ext":null,"postal_code_vanity":null}},{"id":"4e01e99a-25ce-48f5-90c4-91b1c81f8e11","type":"Feature","feature_type":"address","geometry":null,"properties":{"address":"ул. Политехническая, д. 29, лит. В","unit":"Кабинет 407","locality":"city","province":"RU-SPE","country":"RU","postal_code":"195251","postal_code_ext":null,"postal_code_vanity":null}},{"id":"be78ac56-390e-4a26-87ec-f992e32d4b1b","type":"Feature","feature_type":"address","geometry":null,"properties":{"address":"ул. Политехническая, д. 29, лит. В","unit":"Кабинет 409","locality":"city","province":"RU-SPE","country":"RU","postal_code":"195251","postal_code_ext":null,"postal_code_vanity":null}},{"id":"5db5454a-d24f-4bac-8340-e771da3bcfd5","type":"Feature","feature_type":"address","geometry":null,"properties":{"address":"ул. Политехническая, д. 29, лит. В","unit":"Кабинет 408","locality":"city","province":"RU-SPE","country":"RU","postal_code":"195251","postal_code_ext":null,"postal_code_vanity":null}},{"id":"722e37d3-e64f-4d52-bc0b-434bf8905b13","type":"Feature","feature_type":"address","geometry":null,"properties":{"address":"ул. Политехническая, д. 29, лит. В","unit":"Кабинет 410","locality":"city","province":"RU-SPE","country":"RU","postal_code":"195251","postal_code_ext":null,"postal_code_vanity":null}},{"id":"86d8f106-ec0a-415b-ac65-894972ecba5f","type":"Feature","feature_type":"address","geometry":null,"properties":{"address":"ул. Политехническая, д. 29, лит. В","unit":"Туалет женский","locality":"city","province":"RU-SPE","country":"RU","postal_code":"195251","postal_code_ext":null,"postal_code_vanity":null}},{"id":"eefe8588-28b6-4ff0-8c20-58363c577806","type":"Feature","feature_type":"address","geometry":null,"properties":{"address":"ул. Политехническая, д. 29, лит. В","unit":"Туалет мужской","locality":"city","province":"RU-SPE","country":"RU","postal_code":"195251","postal_code_ext":null,"postal_code_vanity":null}},{"id":"c30e376a-857e-4f13-87ab-3dea69aba9d7","type":"Feature","feature_type":"address","geometry":null,"properties":{"address":"ул. Политехническая, д. 29, лит. В","unit":"Кабинет 404","locality":"city","province":"RU-SPE","country":"RU","postal_code":"195251","postal_code_ext":null,"postal_code_vanity":null}},{"id":"a443052d-2996-4d31-96d5-4e37bea32f7c","type":"Feature","feature_type":"address","geometry":null,"properties":{"address":"ул. Политехническая, д. 29, лит. В","unit":"Кабинет 406","locality":"city","province":"RU-SPE","country":"RU","postal_code":"195251","postal_code_ext":null,"postal_code_vanity":null}},{"id":"03032d85-97a6-47da-a0de-a342730cbf67","type":"Feature","feature_type":"address","geometry":null,"properties":{"address":"ул. Политехническая, д. 29, лит. В","unit":"Кабинет 402","locality":"city","province":"RU-SPE","country":"RU","postal_code":"195251","postal_code_ext":null,"postal_code_vanity":null}},{"id":"c8c3240c-5f1b-4d03-9c96-b6d8d5112b5d","type":"Feature","feature_type":"address","geometry":null,"properties":{"address":"ул. Политехническая, д. 29, лит. В","unit":"","locality":"city","province":"RU-SPE","country":"RU","postal_code":"195251","postal_code_ext":null,"postal_code_vanity":null}},{"id":"b6b0dbe2-1d50-4e16-b6bf-b214ce9bdf16","type":"Feature","feature_type":"address","geometry":null,"properties":{"address":"ул. Политехническая, д. 29, лит. В","unit":"","locality":"city","province":"RU-SPE","country":"RU","postal_code":"195251","postal_code_ext":null,"postal_code_vanity":null}},{"id":"983c942e-b0d2-4e21-9e29-5e0640221b40","type":"Feature","feature_type":"address","geometry":null,"properties":{"address":"ул. Политехническая, д. 29, лит. В","unit":"","locality":"city","province":"RU-SPE","country":"RU","postal_code":"195251","postal_code_ext":null,"postal_code_vanity":null}},{"id":"182bac4b-e2ef-4c1e-b96b-a4afe9642244","type":"Feature","feature_type":"address","geometry":null,"properties":{"address":"ул. Политехническая, д. 29, лит. В","unit":"","locality":"city","province":"RU-SPE","country":"RU","postal_code":"195251","postal_code_ext":null,"postal_code_vanity":null}},{"id":"6a555ac9-8614-4988-8e6f-9e3bda045cc7","type":"Feature","feature_type":"address","geometry":null,"properties":{"address":"ул. Политехническая, д. 29, лит. В","unit":"","locality":"city","province":"RU-SPE","country":"RU","postal_code":"195251","postal_code_ext":null,"postal_code_vanity":null}},{"id":"a8e3dc1c-2226-4898-8efb-99bca004144f","type":"Feature","feature_type":"address","geometry":null,"properties":{"address":"ул. Политехническая, д. 29, лит. В","unit":"","locality":"city","province":"RU-SPE","country":"RU","postal_code":"195251","postal_code_ext":null,"postal_code_vanity":null}},{"id":"83df6121-2fca-41f9-910e-f321927fbdc9","type":"Feature","feature_type":"address","geometry":null,"properties":{"address":"ул. Политехническая, д. 29, лит. В","unit":"Кабинет 504","locality":"city","province":"RU-SPE","country":"RU","postal_code":"195251","postal_code_ext":null,"postal_code_vanity":null}},{"id":"c4cd8396-1702-42c4-9d2e-1a6e20c4a64b","type":"Feature","feature_type":"address","geometry":null,"properties":{"address":"ул. Политехническая, д. 29, лит. В","unit":"Кабинет 503","locality":"city","province":"RU-SPE","country":"RU","postal_code":"195251","postal_code_ext":null,"postal_code_vanity":null}},{"id":"599814c7-5af5-4a68-9c20-cbf3007865b6","type":"Feature","feature_type":"address","geometry":null,"properties":{"address":"ул. Политехническая, д. 29, лит. В","unit":"Кабинет 501","locality":"city","province":"RU-SPE","country":"RU","postal_code":"195251","postal_code_ext":null,"postal_code_vanity":null}},{"id":"a79ad803-dee7-4ffe-8005-465f818f06f8","type":"Feature","feature_type":"address","geometry":null,"properties":{"address":"ул. Политехническая, д. 29, лит. В","unit":"Кабинет 500","locality":"city","province":"RU-SPE","country":"RU","postal_code":"195251","postal_code_ext":null,"postal_code_vanity":null}},{"id":"37aa72f6-770f-41c7-8482-08fd9aa947b5","type":"Feature","feature_type":"address","geometry":null,"properties":{"address":"ул. Политехническая, д. 29, лит. В","unit":"Кабинет 505","locality":"city","province":"RU-SPE","country":"RU","postal_code":"195251","postal_code_ext":null,"postal_code_vanity":null}},{"id":"7845f933-36bc-4c53-a38f-cef681a20d28","type":"Feature","feature_type":"address","geometry":null,"properties":{"address":"ул. Политехническая, д. 29, лит. В","unit":"Кабинет 507","locality":"city","province":"RU-SPE","country":"RU","postal_code":"195251","postal_code_ext":null,"postal_code_vanity":null}},{"id":"b356d959-6323-457b-92ad-ecce803aae94","type":"Feature","feature_type":"address","geometry":null,"properties":{"address":"ул. Политехническая, д. 29, лит. В","unit":"Кабинет 509a","locality":"city","province":"RU-SPE","country":"RU","postal_code":"195251","postal_code_ext":null,"postal_code_vanity":null}},{"id":"cdb7cbec-18df-4493-b5b1-353bcb5a6c5b","type":"Feature","feature_type":"address","geometry":null,"properties":{"address":"ул. Политехническая, д. 29, лит. В","unit":"Кабинет 508","locality":"city","province":"RU-SPE","country":"RU","postal_code":"195251","postal_code_ext":null,"postal_code_vanity":null}},{"id":"5168c469-8c95-4bc9-b804-7e10d8636c0d","type":"Feature","feature_type":"address","geometry":null,"properties":{"address":"ул. Политехническая, д. 29, лит. В","unit":"Кабинет 510","locality":"city","province":"RU-SPE","country":"RU","postal_code":"195251","postal_code_ext":null,"postal_code_vanity":null}},{"id":"a96b0803-d81c-429f-9da5-615611983443","type":"Feature","feature_type":"address","geometry":null,"properties":{"address":"ул. Политехническая, д. 29, лит. В","unit":"Туалет женский","locality":"city","province":"RU-SPE","country":"RU","postal_code":"195251","postal_code_ext":null,"postal_code_vanity":null}},{"id":"27380e2f-f7a9-4a53-91fa-4f95eff21860","type":"Feature","feature_type":"address","geometry":null,"properties":{"address":"ул. Политехническая, д. 29, лит. В","unit":"Туалет мужской","locality":"city","province":"RU-SPE","country":"RU","postal_code":"195251","postal_code_ext":null,"postal_code_vanity":null}},{"id":"527e72ab-386d-4bad-bb21-0a1cc8150887","type":"Feature","feature_type":"address","geometry":null,"properties":{"address":"ул. Политехническая, д. 29, лит. В","unit":"Кабинет 511","locality":"city","province":"RU-SPE","country":"RU","postal_code":"195251","postal_code_ext":null,"postal_code_vanity":null}},{"id":"1f6cc9f2-8938-4fba-a81a-f6253312aef8","type":"Feature","feature_type":"address","geometry":null,"properties":{"address":"ул. Политехническая, д. 29, лит. В","unit":"Кабинет 506","locality":"city","province":"RU-SPE","country":"RU","postal_code":"195251","postal_code_ext":null,"postal_code_vanity":null}},{"id":"ddbfe70f-d2c4-4192-bac4-748b32b73a3d","type":"Feature","feature_type":"address","geometry":null,"properties":{"address":"ул. Политехническая, д. 29, лит. В","unit":"Кабинет 502","locality":"city","province":"RU-SPE","country":"RU","postal_code":"195251","postal_code_ext":null,"postal_code_vanity":null}},{"id":"7f91f3e7-c4f0-4247-8dd8-f68b4d30699b","type":"Feature","feature_type":"address","geometry":null,"properties":{"address":"ул. Политехническая, д. 29, лит. В","unit":"Кабинет 509в","locality":"city","province":"RU-SPE","country":"RU","postal_code":"195251","postal_code_ext":null,"postal_code_vanity":null}},{"id":"251e65fc-7f61-42f3-86f5-1ffd1c6e4e35","type":"Feature","feature_type":"address","geometry":null,"properties":{"address":"ул. Политехническая, д. 29, лит. В","unit":"Кабинет 509б","locality":"city","province":"RU-SPE","country":"RU","postal_code":"195251","postal_code_ext":null,"postal_code_vanity":null}},{"id":"f7ad09c2-07b0-4c50-aa82-274bd6cec418","type":"Feature","feature_type":"address","geometry":null,"properties":{"address":"ул. Политехническая, д. 29, лит. В","unit":"Кабинет 509","locality":"city","province":"RU-SPE","country":"RU","postal_code":"195251","postal_code_ext":null,"postal_code_vanity":null}},{"id":"5150a364-5a1c-4fa6-a4a7-5179d6a83a3d","type":"Feature","feature_type":"address","geometry":null,"properties":{"address":"ул. Политехническая, д. 29, лит. В","unit":"Кабинет 510в","locality":"city","province":"RU-SPE","country":"RU","postal_code":"195251","postal_code_ext":null,"postal_code_vanity":null}},{"id":"f42b704e-904f-4d38-9144-3a9f8cc4c544","type":"Feature","feature_type":"address","geometry":null,"properties":{"address":"ул. Политехническая, д. 29, лит. В","unit":"Кабинет ","locality":"city","province":"RU-SPE","country":"RU","postal_code":"195251","postal_code_ext":null,"postal_code_vanity":null}},{"id":"caf00e9a-3f9f-411a-a1d0-f988286652a3","type":"Feature","feature_type":"address","geometry":null,"properties":{"address":"ул. Политехническая, д. 29, лит. В","unit":"Кабинет 510а","locality":"city","province":"RU-SPE","country":"RU","postal_code":"195251","postal_code_ext":null,"postal_code_vanity":null}},{"id":"f55981e5-2d83-414f-a3d3-31cdb96e0e69","type":"Feature","feature_type":"address","geometry":null,"properties":{"address":"ул. Политехническая, д. 29, лит. В","unit":"Кабинет 510б","locality":"city","province":"RU-SPE","country":"RU","postal_code":"195251","postal_code_ext":null,"postal_code_vanity":null}},{"id":"b760273a-2fc9-4689-9763-ec9ee884da1b","type":"Feature","feature_type":"address","geometry":null,"properties":{"address":"ул. Политехническая, д. 29, лит. В","unit":"","locality":"city","province":"RU-SPE","country":"RU","postal_code":"195251","postal_code_ext":null,"postal_code_vanity":null}},{"id":"611bc15d-dbf3-474b-bb61-cc0a78a99018","type":"Feature","feature_type":"address","geometry":null,"properties":{"address":"ул. Политехническая, д. 29, лит. В","unit":"","locality":"city","province":"RU-SPE","country":"RU","postal_code":"195251","postal_code_ext":null,"postal_code_vanity":null}},{"id":"e77e5266-dab9-4fd6-80da-9edfc6b30175","type":"Feature","feature_type":"address","geometry":null,"properties":{"address":"ул. Политехническая, д. 29, лит. В","unit":"","locality":"city","province":"RU-SPE","country":"RU","postal_code":"195251","postal_code_ext":null,"postal_code_vanity":null}},{"id":"bc516125-28e4-40a6-8838-b39d92fceece","type":"Feature","feature_type":"address","geometry":null,"properties":{"address":"ул. Политехническая, д. 29, лит. В","unit":"","locality":"city","province":"RU-SPE","country":"RU","postal_code":"195251","postal_code_ext":null,"postal_code_vanity":null}},{"id":"57cfa7a1-495a-44d7-84cd-a6bc7889fc7b","type":"Feature","feature_type":"address","geometry":null,"properties":{"address":"ул. Политехническая, д. 29, лит. П, НИК","unit":"","locality":"city","province":"RU-SPE","country":"RU","postal_code":"195251","postal_code_ext":null,"postal_code_vanity":null}},{"id":"6548276c-7407-4592-8b7a-385072f97e5e","type":"Feature","feature_type":"address","geometry":null,"properties":{"address":"ул. Политехническая, д. 29, лит. П, НИК","unit":"","locality":"city","province":"RU-SPE","country":"RU","postal_code":"195251","postal_code_ext":null,"postal_code_vanity":null}},{"id":"c997bd4c-b030-4644-a141-338346b10dd8","type":"Feature","feature_type":"address","geometry":null,"properties":{"address":"ул. Политехническая, д. 29, лит. П, НИК","unit":"Пост охраны","locality":"city","province":"RU-SPE","country":"RU","postal_code":"195251","postal_code_ext":null,"postal_code_vanity":null}},{"id":"84c6b2be-609f-4d3c-b5e6-4763d8841065","type":"Feature","feature_type":"address","geometry":null,"properties":{"address":"ул. Политехническая, д. 29, лит. П, НИК","unit":"Г.1.29","locality":"city","province":"RU-SPE","country":"RU","postal_code":"195251","postal_code_ext":null,"postal_code_vanity":null}},{"id":"973e0604-5b32-434b-b2c4-18de6b950348","type":"Feature","feature_type":"address","geometry":null,"properties":{"address":"ул. Политехническая, д. 29, лит. П, НИК","unit":"Г.1.04 Лаборатория \"Полимерные композиционные материалы\"","locality":"city","province":"RU-SPE","country":"RU","postal_code":"195251","postal_code_ext":null,"postal_code_vanity":null}},{"id":"b036f5af-c044-4708-86da-0b3ebba8ecb1","type":"Feature","feature_type":"address","geometry":null,"properties":{"address":"ул. Политехническая, д. 29, лит. П, НИК","unit":"Г.1.05 Научно-технологический комплекс \"Новые технологии и материалы\"","locality":"city","province":"RU-SPE","country":"RU","postal_code":"195251","postal_code_ext":null,"postal_code_vanity":null}},{"id":"d266cc96-c919-43ff-b851-e2a24de06ca1","type":"Feature","feature_type":"address","geometry":null,"properties":{"address":"ул. Политехническая, д. 29, лит. П, НИК","unit":"Г.1.03","locality":"city","province":"RU-SPE","country":"RU","postal_code":"195251","postal_code_ext":null,"postal_code_vanity":null}},{"id":"734554f9-4421-45bf-9df2-20f797f9d822","type":"Feature","feature_type":"address","geometry":null,"properties":{"address":"ул. Политехническая, д. 29, лит. П, НИК","unit":"Г.1.01","locality":"city","province":"RU-SPE","country":"RU","postal_code":"195251","postal_code_ext":null,"postal_code_vanity":null}},{"id":"80e70cbd-a4e5-40d6-861a-33227e3a8e88","type":"Feature","feature_type":"address","geometry":null,"properties":{"address":"ул. Политехническая, д. 29, лит. П, НИК","unit":"Г.1.06","locality":"city","province":"RU-SPE","country":"RU","postal_code":"195251","postal_code_ext":null,"postal_code_vanity":null}},{"id":"8ea912ea-d770-4e28-a4f0-359288b52972","type":"Feature","feature_type":"address","geometry":null,"properties":{"address":"ул. Политехническая, д. 29, лит. П, НИК","unit":"Г.1.54 Научно-технологический комплекс \"Новые технологии и материалы\"","locality":"city","province":"RU-SPE","country":"RU","postal_code":"195251","postal_code_ext":null,"postal_code_vanity":null}},{"id":"8619f088-1991-479a-9b6d-ef5ca7b42e04","type":"Feature","feature_type":"address","geometry":null,"properties":{"address":"ул. Политехническая, д. 29, лит. П, НИК","unit":"Кабинет 1","locality":"city","province":"RU-SPE","country":"RU","postal_code":"195251","postal_code_ext":null,"postal_code_vanity":null}},{"id":"a8adbc17-494d-400c-970b-0f17ed5f11e8","type":"Feature","feature_type":"address","geometry":null,"properties":{"address":"ул. Политехническая, д. 29, лит. П, НИК","unit":"Туалет женский","locality":"city","province":"RU-SPE","country":"RU","postal_code":"195251","postal_code_ext":null,"postal_code_vanity":null}},{"id":"ad5eafb2-3f60-4b37-9470-88a35771b7e5","type":"Feature","feature_type":"address","geometry":null,"properties":{"address":"ул. Политехническая, д. 29, лит. П, НИК","unit":"Туалет мужской","locality":"city","province":"RU-SPE","country":"RU","postal_code":"195251","postal_code_ext":null,"postal_code_vanity":null}},{"id":"7b2ef8f1-becc-454c-a675-195fd8408810","type":"Feature","feature_type":"address","geometry":null,"properties":{"address":"ул. Политехническая, д. 29, лит. П, НИК","unit":"Кабинет 5","locality":"city","province":"RU-SPE","country":"RU","postal_code":"195251","postal_code_ext":null,"postal_code_vanity":null}},{"id":"611fbb4d-117b-4a59-8f77-485cb3a8f046","type":"Feature","feature_type":"address","geometry":null,"properties":{"address":"ул. Политехническая, д. 29, лит. П, НИК","unit":"Г.1.55","locality":"city","province":"RU-SPE","country":"RU","postal_code":"195251","postal_code_ext":null,"postal_code_vanity":null}},{"id":"d6005894-9fee-4d51-a459-b39a8c255f18","type":"Feature","feature_type":"address","geometry":null,"properties":{"address":"ул. Политехническая, д. 29, лит. П, НИК","unit":"Г.1.53 Научно-технологический комплекс \"Новые технологии и материалы\"","locality":"city","province":"RU-SPE","country":"RU","postal_code":"195251","postal_code_ext":null,"postal_code_vanity":null}},{"id":"7685953d-cb7e-4ab3-a298-3577bfdf8dcc","type":"Feature","feature_type":"address","geometry":null,"properties":{"address":"ул. Политехническая, д. 29, лит. П, НИК","unit":"Г.1.60","locality":"city","province":"RU-SPE","country":"RU","postal_code":"195251","postal_code_ext":null,"postal_code_vanity":null}},{"id":"171f11a6-0d45-4408-a13d-86e4554fa1af","type":"Feature","feature_type":"address","geometry":null,"properties":{"address":"ул. Политехническая, д. 29, лит. П, НИК","unit":"Кабинет 8","locality":"city","province":"RU-SPE","country":"RU","postal_code":"195251","postal_code_ext":null,"postal_code_vanity":null}},{"id":"56630dfe-8171-4dea-aeee-a380904a913d","type":"Feature","feature_type":"address","geometry":null,"properties":{"address":"ул. Политехническая, д. 29, лит. П, НИК","unit":"Г.1.10","locality":"city","province":"RU-SPE","country":"RU","postal_code":"195251","postal_code_ext":null,"postal_code_vanity":null}},{"id":"bd9304c5-9ccc-4723-b241-99c3dea566e5","type":"Feature","feature_type":"address","geometry":null,"properties":{"address":"ул. Политехническая, д. 29, лит. П, НИК","unit":"Г.1.11 Лаборатория \"Дизайн материалов и аддитивного производства\"","locality":"city","province":"RU-SPE","country":"RU","postal_code":"195251","postal_code_ext":null,"postal_code_vanity":null}},{"id":"a493e5f5-5cca-4dce-b266-8913cc006274","type":"Feature","feature_type":"address","geometry":null,"properties":{"address":"ул. Политехническая, д. 29, лит. П, НИК","unit":"ГРЩ-3","locality":"city","province":"RU-SPE","country":"RU","postal_code":"195251","postal_code_ext":null,"postal_code_vanity":null}},{"id":"a9f7b625-2c7e-4e87-80c3-f471ca244572","type":"Feature","feature_type":"address","geometry":null,"properties":{"address":"ул. Политехническая, д. 29, лит. П, НИК","unit":"Кабинет 10","locality":"city","province":"RU-SPE","country":"RU","postal_code":"195251","postal_code_ext":null,"postal_code_vanity":null}},{"id":"c17c5ad2-032b-4db2-8b3a-250428f95839","type":"Feature","feature_type":"address","geometry":null,"properties":{"address":"ул. Политехническая, д. 29, лит. П, НИК","unit":"Туалет мужской","locality":"city","province":"RU-SPE","country":"RU","postal_code":"195251","postal_code_ext":null,"postal_code_vanity":null}},{"id":"d472a421-8585-43eb-a2ae-bdaf6fc0cc3d","type":"Feature","feature_type":"address","geometry":null,"properties":{"address":"ул. Политехническая, д. 29, лит. П, НИК","unit":"Туалет женский","locality":"city","province":"RU-SPE","country":"RU","postal_code":"195251","postal_code_ext":null,"postal_code_vanity":null}},{"id":"3f32c209-3a47-43ba-9c22-0ccf8b78252d","type":"Feature","feature_type":"address","geometry":null,"properties":{"address":"ул. Политехническая, д. 29, лит. П, НИК","unit":"Кабинет 10","locality":"city","province":"RU-SPE","country":"RU","postal_code":"195251","postal_code_ext":null,"postal_code_vanity":null}},{"id":"8d1875c4-7df7-404c-8f9d-0ac35657a03e","type":"Feature","feature_type":"address","geometry":null,"properties":{"address":"ул. Политехническая, д. 29, лит. П, НИК","unit":"Г.1.21","locality":"city","province":"RU-SPE","country":"RU","postal_code":"195251","postal_code_ext":null,"postal_code_vanity":null}},{"id":"027c1794-2203-4837-b6a8-e1fffc40c91d","type":"Feature","feature_type":"address","geometry":null,"properties":{"address":"ул. Политехническая, д. 29, лит. П, НИК","unit":"Г.1.40 Международный научно-образовательный центр \"Аддитивные технологии","locality":"city","province":"RU-SPE","country":"RU","postal_code":"195251","postal_code_ext":null,"postal_code_vanity":null}},{"id":"ad6818ef-1b39-43af-8b6b-e40f984e0a7f","type":"Feature","feature_type":"address","geometry":null,"properties":{"address":"ул. Политехническая, д. 29, лит. П, НИК","unit":"Г.1.30 Лаборатория \"Дизайн материалов и аддитивного производства\"","locality":"city","province":"RU-SPE","country":"RU","postal_code":"195251","postal_code_ext":null,"postal_code_vanity":null}},{"id":"f4ab076f-b34d-41d1-b033-51e70c4fea60","type":"Feature","feature_type":"address","geometry":null,"properties":{"address":"ул. Политехническая, д. 29, лит. П, НИК","unit":"Г.1.27 Сетевой инжиниринговый центр СПБПУ и ПГТУ","locality":"city","province":"RU-SPE","country":"RU","postal_code":"195251","postal_code_ext":null,"postal_code_vanity":null}},{"id":"63146f27-b2bd-4ba6-a76d-2a3d59e2e0aa","type":"Feature","feature_type":"address","geometry":null,"properties":{"address":"ул. Политехническая, д. 29, лит. П, НИК","unit":"Г.1.67","locality":"city","province":"RU-SPE","country":"RU","postal_code":"195251","postal_code_ext":null,"postal_code_vanity":null}},{"id":"a62944c9-7a8f-4f46-9581-333ad3e69639","type":"Feature","feature_type":"address","geometry":null,"properties":{"address":"ул. Политехническая, д. 29, лит. П, НИК","unit":"Г.1.14 Учебный научно-производственный центр промышленной робототехники Kawasaki-Политех","locality":"city","province":"RU-SPE","country":"RU","postal_code":"195251","postal_code_ext":null,"postal_code_vanity":null}},{"id":"8e83114d-0d18-472d-bc10-27eb8644ea4c","type":"Feature","feature_type":"address","geometry":null,"properties":{"address":"ул. Политехническая, д. 29, лит. П, НИК","unit":"Кабинет 13","locality":"city","province":"RU-SPE","country":"RU","postal_code":"195251","postal_code_ext":null,"postal_code_vanity":null}},{"id":"4c8ce1dd-775e-4073-86fd-1518f3287926","type":"Feature","feature_type":"address","geometry":null,"properties":{"address":"ул. Политехническая, д. 29, лит. П, НИК","unit":"Г.1.39","locality":"city","province":"RU-SPE","country":"RU","postal_code":"195251","postal_code_ext":null,"postal_code_vanity":null}},{"id":"8b7df4a3-fad0-4c72-b105-4108c17cfda8","type":"Feature","feature_type":"address","geometry":null,"properties":{"address":"ул. Политехническая, д. 29, лит. П, НИК","unit":"Г.1.31","locality":"city","province":"RU-SPE","country":"RU","postal_code":"195251","postal_code_ext":null,"postal_code_vanity":null}},{"id":"f8b7d6fe-f6ea-49b8-a574-aa1e5ba2ef47","type":"Feature","feature_type":"address","geometry":null,"properties":{"address":"ул. Политехническая, д. 29, лит. П, НИК","unit":"Кабинет 14","locality":"city","province":"RU-SPE","country":"RU","postal_code":"195251","postal_code_ext":null,"postal_code_vanity":null}},{"id":"fbf3cb65-443a-47c9-80f3-206b80f8a21f","type":"Feature","feature_type":"address","geometry":null,"properties":{"address":"ул. Политехническая, д. 29, лит. П, НИК","unit":"Кабинет 15","locality":"city","province":"RU-SPE","country":"RU","postal_code":"195251","postal_code_ext":null,"postal_code_vanity":null}},{"id":"f36f167a-0057-457c-a0bc-ca9ca9ef585c","type":"Feature","feature_type":"address","geometry":null,"properties":{"address":"ул. Политехническая, д. 29, лит. П, НИК","unit":"Кабинет 16","locality":"city","province":"RU-SPE","country":"RU","postal_code":"195251","postal_code_ext":null,"postal_code_vanity":null}},{"id":"99837bfd-bb69-4f28-9e62-0718c05738f2","type":"Feature","feature_type":"address","geometry":null,"properties":{"address":"ул. Политехническая, д. 29, лит. П, НИК","unit":"Кабинет 17","locality":"city","province":"RU-SPE","country":"RU","postal_code":"195251","postal_code_ext":null,"postal_code_vanity":null}},{"id":"a3b3a194-9850-457a-ad7f-1c9d050634a2","type":"Feature","feature_type":"address","geometry":null,"properties":{"address":"ул. Политехническая, д. 29, лит. П, НИК","unit":"Г.1.38","locality":"city","province":"RU-SPE","country":"RU","postal_code":"195251","postal_code_ext":null,"postal_code_vanity":null}},{"id":"fb90312c-731e-4d38-983e-85ef551408a3","type":"Feature","feature_type":"address","geometry":null,"properties":{"address":"ул. Политехническая, д. 29, лит. П, НИК","unit":"Г.1.32","locality":"city","province":"RU-SPE","country":"RU","postal_code":"195251","postal_code_ext":null,"postal_code_vanity":null}},{"id":"cc10f8c1-45d1-4382-ae20-0d0cbf217c22","type":"Feature","feature_type":"address","geometry":null,"properties":{"address":"ул. Политехническая, д. 29, лит. П, НИК","unit":"Кабинет 18","locality":"city","province":"RU-SPE","country":"RU","postal_code":"195251","postal_code_ext":null,"postal_code_vanity":null}},{"id":"1394a061-1aca-4a73-a854-047ff1e3c691","type":"Feature","feature_type":"address","geometry":null,"properties":{"address":"ул. Политехническая, д. 29, лит. П, НИК","unit":"Г.1.33","locality":"city","province":"RU-SPE","country":"RU","postal_code":"195251","postal_code_ext":null,"postal_code_vanity":null}},{"id":"4db9a2b3-9228-48d1-ae7b-941f305dba18","type":"Feature","feature_type":"address","geometry":null,"properties":{"address":"ул. Политехническая, д. 29, лит. П, НИК","unit":"Г.1.35","locality":"city","province":"RU-SPE","country":"RU","postal_code":"195251","postal_code_ext":null,"postal_code_vanity":null}},{"id":"bc527a8b-8853-4798-8858-cc7d788c5eb9","type":"Feature","feature_type":"address","geometry":null,"properties":{"address":"ул. Политехническая, д. 29, лит. П, НИК","unit":"Б.1.13","locality":"city","province":"RU-SPE","country":"RU","postal_code":"195251","postal_code_ext":null,"postal_code_vanity":null}},{"id":"a5dda28d-2e7d-419e-ac55-f4b668261c48","type":"Feature","feature_type":"address","geometry":null,"properties":{"address":"ул. Политехническая, д. 29, лит. П, НИК","unit":"Б.1.12","locality":"city","province":"RU-SPE","country":"RU","postal_code":"195251","postal_code_ext":null,"postal_code_vanity":null}},{"id":"52fd277d-3817-4c60-aad8-ae0477ada77c","type":"Feature","feature_type":"address","geometry":null,"properties":{"address":"ул. Политехническая, д. 29, лит. П, НИК","unit":"Б.1.11","locality":"city","province":"RU-SPE","country":"RU","postal_code":"195251","postal_code_ext":null,"postal_code_vanity":null}},{"id":"963eee05-a65d-4544-99e7-9ff2c18b2a05","type":"Feature","feature_type":"address","geometry":null,"properties":{"address":"ул. Политехническая, д. 29, лит. П, НИК","unit":"Кабинет 19","locality":"city","province":"RU-SPE","country":"RU","postal_code":"195251","postal_code_ext":null,"postal_code_vanity":null}},{"id":"ae64fb53-9440-40cc-836b-063c896b856b","type":"Feature","feature_type":"address","geometry":null,"properties":{"address":"ул. Политехническая, д. 29, лит. П, НИК","unit":"Кабинет 20","locality":"city","province":"RU-SPE","country":"RU","postal_code":"195251","postal_code_ext":null,"postal_code_vanity":null}},{"id":"a5d20fb1-1259-4124-a341-caf151f29628","type":"Feature","feature_type":"address","geometry":null,"properties":{"address":"ул. Политехническая, д. 29, лит. П, НИК","unit":"Кабинет 21","locality":"city","province":"RU-SPE","country":"RU","postal_code":"195251","postal_code_ext":null,"postal_code_vanity":null}},{"id":"de0eb41b-c358-4d1b-b13c-39dc690c5dab","type":"Feature","feature_type":"address","geometry":null,"properties":{"address":"ул. Политехническая, д. 29, лит. П, НИК","unit":"Б.1.05","locality":"city","province":"RU-SPE","country":"RU","postal_code":"195251","postal_code_ext":null,"postal_code_vanity":null}},{"id":"eeef0ea1-4cc7-4f75-930f-6b89e6ac044e","type":"Feature","feature_type":"address","geometry":null,"properties":{"address":"ул. Политехническая, д. 29, лит. П, НИК","unit":"Б.1.06","locality":"city","province":"RU-SPE","country":"RU","postal_code":"195251","postal_code_ext":null,"postal_code_vanity":null}},{"id":"bcf2026c-1945-44e0-a397-a4765f00fd59","type":"Feature","feature_type":"address","geometry":null,"properties":{"address":"ул. Политехническая, д. 29, лит. П, НИК","unit":"Б.1.08","locality":"city","province":"RU-SPE","country":"RU","postal_code":"195251","postal_code_ext":null,"postal_code_vanity":null}},{"id":"5c2c6615-fee7-449d-90fd-4a5c10e37f39","type":"Feature","feature_type":"address","geometry":null,"properties":{"address":"ул. Политехническая, д. 29, лит. П, НИК","unit":"Б.1.07","locality":"city","province":"RU-SPE","country":"RU","postal_code":"195251","postal_code_ext":null,"postal_code_vanity":null}},{"id":"e6bb0c61-c537-43b4-9f34-317ef3cd6cee","type":"Feature","feature_type":"address","geometry":null,"properties":{"address":"ул. Политехническая, д. 29, лит. П, НИК","unit":"В.1.12","locality":"city","province":"RU-SPE","country":"RU","postal_code":"195251","postal_code_ext":null,"postal_code_vanity":null}},{"id":"4ac48964-ccd7-471b-b390-b3a6355bfe12","type":"Feature","feature_type":"address","geometry":null,"properties":{"address":"ул. Политехническая, д. 29, лит. П, НИК","unit":"В.1.11","locality":"city","province":"RU-SPE","country":"RU","postal_code":"195251","postal_code_ext":null,"postal_code_vanity":null}},{"id":"63022005-7e59-4f70-bc27-3af6a290c483","type":"Feature","feature_type":"address","geometry":null,"properties":{"address":"ул. Политехническая, д. 29, лит. П, НИК","unit":"Кабинет 22","locality":"city","province":"RU-SPE","country":"RU","postal_code":"195251","postal_code_ext":null,"postal_code_vanity":null}},{"id":"4664d933-b22f-4a0c-9eb0-db12ef63d22b","type":"Feature","feature_type":"address","geometry":null,"properties":{"address":"ул. Политехническая, д. 29, лит. П, НИК","unit":"В.1.08 Помещение уборочного инвентаря","locality":"city","province":"RU-SPE","country":"RU","postal_code":"195251","postal_code_ext":null,"postal_code_vanity":null}},{"id":"b6e7369b-885c-4817-9f6d-b612168a34e2","type":"Feature","feature_type":"address","geometry":null,"properties":{"address":"ул. Политехническая, д. 29, лит. П, НИК","unit":"Кабинет 24","locality":"city","province":"RU-SPE","country":"RU","postal_code":"195251","postal_code_ext":null,"postal_code_vanity":null}},{"id":"75e3208f-0b1d-4974-bd1a-af195eb90008","type":"Feature","feature_type":"address","geometry":null,"properties":{"address":"ул. Политехническая, д. 29, лит. П, НИК","unit":"В.1.05 Малый конференц-зал","locality":"city","province":"RU-SPE","country":"RU","postal_code":"195251","postal_code_ext":null,"postal_code_vanity":null}},{"id":"7cbd77ce-096c-42c9-9fb2-c170818f0025","type":"Feature","feature_type":"address","geometry":null,"properties":{"address":"ул. Политехническая, д. 29, лит. П, НИК","unit":"В.1.04 Переговорная","locality":"city","province":"RU-SPE","country":"RU","postal_code":"195251","postal_code_ext":null,"postal_code_vanity":null}},{"id":"aeb6cde7-8566-4b9a-9834-3fae62715d85","type":"Feature","feature_type":"address","geometry":null,"properties":{"address":"ул. Политехническая, д. 29, лит. П, НИК","unit":"В.1.03 Северо-Западный региональный центр компетенций в области онлайн-обучения","locality":"city","province":"RU-SPE","country":"RU","postal_code":"195251","postal_code_ext":null,"postal_code_vanity":null}},{"id":"9bd881d5-804a-4210-8b74-26a6d115bf20","type":"Feature","feature_type":"address","geometry":null,"properties":{"address":"ул. Политехническая, д. 29, лит. П, НИК","unit":"В.1.29","locality":"city","province":"RU-SPE","country":"RU","postal_code":"195251","postal_code_ext":null,"postal_code_vanity":null}},{"id":"a27a3044-2554-4cf6-b096-5d8f6463bd1e","type":"Feature","feature_type":"address","geometry":null,"properties":{"address":"ул. Политехническая, д. 29, лит. П, НИК","unit":"В.1.15 Протокольно-организационная служба","locality":"city","province":"RU-SPE","country":"RU","postal_code":"195251","postal_code_ext":null,"postal_code_vanity":null}},{"id":"5c49cb8e-e375-4cb3-91bc-e65283042ec5","type":"Feature","feature_type":"address","geometry":null,"properties":{"address":"ул. Политехническая, д. 29, лит. П, НИК","unit":"В.1.16","locality":"city","province":"RU-SPE","country":"RU","postal_code":"195251","postal_code_ext":null,"postal_code_vanity":null}},{"id":"ab077a87-7697-461f-bcd1-e5503888d6d4","type":"Feature","feature_type":"address","geometry":null,"properties":{"address":"ул. Политехническая, д. 29, лит. П, НИК","unit":"В.1.17 Отдел мультимедийных","locality":"city","province":"RU-SPE","country":"RU","postal_code":"195251","postal_code_ext":null,"postal_code_vanity":null}},{"id":"d1f63081-d434-4806-84c5-3ef8eee8e47b","type":"Feature","feature_type":"address","geometry":null,"properties":{"address":"ул. Политехническая, д. 29, лит. П, НИК","unit":"В.1.18 Медиа-центр","locality":"city","province":"RU-SPE","country":"RU","postal_code":"195251","postal_code_ext":null,"postal_code_vanity":null}},{"id":"ef625c2c-1daa-4fa6-b5a6-9703d75561b2","type":"Feature","feature_type":"address","geometry":null,"properties":{"address":"ул. Политехническая, д. 29, лит. П, НИК","unit":"В.1.21 Телестудия","locality":"city","province":"RU-SPE","country":"RU","postal_code":"195251","postal_code_ext":null,"postal_code_vanity":null}},{"id":"f3c7ffd0-6cfa-431c-a30c-8bce6b627103","type":"Feature","feature_type":"address","geometry":null,"properties":{"address":"ул. Политехническая, д. 29, лит. П, НИК","unit":"В.1.22 Центр открытого образования","locality":"city","province":"RU-SPE","country":"RU","postal_code":"195251","postal_code_ext":null,"postal_code_vanity":null}},{"id":"923d779b-ecb1-4e3a-afe5-7dafb978c67d","type":"Feature","feature_type":"address","geometry":null,"properties":{"address":"ул. Политехническая, д. 29, лит. П, НИК","unit":"В.1.23 Лаборатория \"Открытых ресурсов\"","locality":"city","province":"RU-SPE","country":"RU","postal_code":"195251","postal_code_ext":null,"postal_code_vanity":null}},{"id":"23daf463-90cf-490d-98f1-6822005fe218","type":"Feature","feature_type":"address","geometry":null,"properties":{"address":"ул. Политехническая, д. 29, лит. П, НИК","unit":"В.1.24 Управление автоматизации образовательной деятельности. Отдел поддержки пользователей","locality":"city","province":"RU-SPE","country":"RU","postal_code":"195251","postal_code_ext":null,"postal_code_vanity":null}},{"id":"eb7c034b-0a5b-4ca2-b1d5-72df4f31c3b3","type":"Feature","feature_type":"address","geometry":null,"properties":{"address":"ул. Политехническая, д. 29, лит. П, НИК","unit":"В.1.25 Конференц-зал \"Капица\"","locality":"city","province":"RU-SPE","country":"RU","postal_code":"195251","postal_code_ext":null,"postal_code_vanity":null}},{"id":"eb635208-cb9c-414c-990a-18d75d11ba9b","type":"Feature","feature_type":"address","geometry":null,"properties":{"address":"ул. Политехническая, д. 29, лит. П, НИК","unit":"","locality":"city","province":"RU-SPE","country":"RU","postal_code":"195251","postal_code_ext":null,"postal_code_vanity":null}},{"id":"b35093e4-af1b-46c5-be29-7a98c24f21c5","type":"Feature","feature_type":"address","geometry":null,"properties":{"address":"ул. Политехническая, д. 29, лит. П, НИК","unit":"А.1.01","locality":"city","province":"RU-SPE","country":"RU","postal_code":"195251","postal_code_ext":null,"postal_code_vanity":null}},{"id":"7ef10283-42b7-46d6-960e-fd60056e8c6f","type":"Feature","feature_type":"address","geometry":null,"properties":{"address":"ул. Политехническая, д. 29, лит. П, НИК","unit":"А.1.31","locality":"city","province":"RU-SPE","country":"RU","postal_code":"195251","postal_code_ext":null,"postal_code_vanity":null}},{"id":"099cf3cc-6813-401e-b4ef-5196c3d366d4","type":"Feature","feature_type":"address","geometry":null,"properties":{"address":"ул. Политехническая, д. 29, лит. П, НИК","unit":"А.1.30","locality":"city","province":"RU-SPE","country":"RU","postal_code":"195251","postal_code_ext":null,"postal_code_vanity":null}},{"id":"99698ca6-1b73-4971-9297-71ce70a3aedf","type":"Feature","feature_type":"address","geometry":null,"properties":{"address":"ул. Политехническая, д. 29, лит. П, НИК","unit":"А.1.29","locality":"city","province":"RU-SPE","country":"RU","postal_code":"195251","postal_code_ext":null,"postal_code_vanity":null}},{"id":"48f109f6-5689-498a-b731-5a1d671d162c","type":"Feature","feature_type":"address","geometry":null,"properties":{"address":"ул. Политехническая, д. 29, лит. П, НИК","unit":"А.1.28 ","locality":"city","province":"RU-SPE","country":"RU","postal_code":"195251","postal_code_ext":null,"postal_code_vanity":null}},{"id":"84888ad5-8159-44f3-bd7b-5790107ea432","type":"Feature","feature_type":"address","geometry":null,"properties":{"address":"ул. Политехническая, д. 29, лит. П, НИК","unit":"А.1.04","locality":"city","province":"RU-SPE","country":"RU","postal_code":"195251","postal_code_ext":null,"postal_code_vanity":null}},{"id":"ee7a97c7-7f9b-472e-8dbe-058922eb5c4e","type":"Feature","feature_type":"address","geometry":null,"properties":{"address":"ул. Политехническая, д. 29, лит. П, НИК","unit":"А.1.05","locality":"city","province":"RU-SPE","country":"RU","postal_code":"195251","postal_code_ext":null,"postal_code_vanity":null}},{"id":"ac562499-e50d-413d-aa91-37d90de3bec3","type":"Feature","feature_type":"address","geometry":null,"properties":{"address":"ул. Политехническая, д. 29, лит. П, НИК","unit":"А.1.06","locality":"city","province":"RU-SPE","country":"RU","postal_code":"195251","postal_code_ext":null,"postal_code_vanity":null}},{"id":"7d1001c6-9b01-4b9b-806b-5c306bc2714e","type":"Feature","feature_type":"address","geometry":null,"properties":{"address":"ул. Политехническая, д. 29, лит. П, НИК","unit":"А.1.07","locality":"city","province":"RU-SPE","country":"RU","postal_code":"195251","postal_code_ext":null,"postal_code_vanity":null}},{"id":"f9ffe37a-01be-46d7-b961-2153e4c92eab","type":"Feature","feature_type":"address","geometry":null,"properties":{"address":"ул. Политехническая, д. 29, лит. П, НИК","unit":"А.1.08","locality":"city","province":"RU-SPE","country":"RU","postal_code":"195251","postal_code_ext":null,"postal_code_vanity":null}},{"id":"e5f92a51-a6bb-4488-8494-f3435ad35921","type":"Feature","feature_type":"address","geometry":null,"properties":{"address":"ул. Политехническая, д. 29, лит. П, НИК","unit":"А.1.09","locality":"city","province":"RU-SPE","country":"RU","postal_code":"195251","postal_code_ext":null,"postal_code_vanity":null}},{"id":"edadf0e9-c8d6-4109-8e5d-269dd78702ea","type":"Feature","feature_type":"address","geometry":null,"properties":{"address":"ул. Политехническая, д. 29, лит. П, НИК","unit":"Туалет женский","locality":"city","province":"RU-SPE","country":"RU","postal_code":"195251","postal_code_ext":null,"postal_code_vanity":null}},{"id":"00531f6e-611e-42da-9840-5ef638a5a22b","type":"Feature","feature_type":"address","geometry":null,"properties":{"address":"ул. Политехническая, д. 29, лит. П, НИК","unit":"Кабинет 25","locality":"city","province":"RU-SPE","country":"RU","postal_code":"195251","postal_code_ext":null,"postal_code_vanity":null}},{"id":"8eecb51f-5ab3-4435-97a7-fe32c415a346","type":"Feature","feature_type":"address","geometry":null,"properties":{"address":"ул. Политехническая, д. 29, лит. П, НИК","unit":"Туалет мужской","locality":"city","province":"RU-SPE","country":"RU","postal_code":"195251","postal_code_ext":null,"postal_code_vanity":null}},{"id":"6ae94361-3e0c-4d5e-84d0-ba7cb5abf824","type":"Feature","feature_type":"address","geometry":null,"properties":{"address":"ул. Политехническая, д. 29, лит. П, НИК","unit":"Кабинет 26","locality":"city","province":"RU-SPE","country":"RU","postal_code":"195251","postal_code_ext":null,"postal_code_vanity":null}},{"id":"c2cf9fe0-035b-46a8-9025-62aca08f557e","type":"Feature","feature_type":"address","geometry":null,"properties":{"address":"ул. Политехническая, д. 29, лит. П, НИК","unit":"А.1.12","locality":"city","province":"RU-SPE","country":"RU","postal_code":"195251","postal_code_ext":null,"postal_code_vanity":null}},{"id":"0edc1211-20bb-4580-b411-d6a8cd740a71","type":"Feature","feature_type":"address","geometry":null,"properties":{"address":"ул. Политехническая, д. 29, лит. П, НИК","unit":"А.1.19","locality":"city","province":"RU-SPE","country":"RU","postal_code":"195251","postal_code_ext":null,"postal_code_vanity":null}},{"id":"0edb0f0b-1e67-4786-9ab6-f19a6e210dbd","type":"Feature","feature_type":"address","geometry":null,"properties":{"address":"ул. Политехническая, д. 29, лит. П, НИК","unit":"А.1.20","locality":"city","province":"RU-SPE","country":"RU","postal_code":"195251","postal_code_ext":null,"postal_code_vanity":null}},{"id":"d4dbe51d-4c4d-47c2-b77c-7dda9f5352d9","type":"Feature","feature_type":"address","geometry":null,"properties":{"address":"ул. Политехническая, д. 29, лит. П, НИК","unit":"А.1.21","locality":"city","province":"RU-SPE","country":"RU","postal_code":"195251","postal_code_ext":null,"postal_code_vanity":null}},{"id":"0bc08a72-0e31-4af7-a2ba-f5f85611dcd9","type":"Feature","feature_type":"address","geometry":null,"properties":{"address":"ул. Политехническая, д. 29, лит. П, НИК","unit":"А.1.22","locality":"city","province":"RU-SPE","country":"RU","postal_code":"195251","postal_code_ext":null,"postal_code_vanity":null}},{"id":"3141f045-b3ee-4e0b-9ab2-2edfa315b4db","type":"Feature","feature_type":"address","geometry":null,"properties":{"address":"ул. Политехническая, д. 29, лит. П, НИК","unit":"А.1.23 Проректор по информационным технологиям Лямин Андрей Владимирович","locality":"city","province":"RU-SPE","country":"RU","postal_code":"195251","postal_code_ext":null,"postal_code_vanity":null}},{"id":"9ef68f16-7c67-476a-8104-109ec5fb2db9","type":"Feature","feature_type":"address","geometry":null,"properties":{"address":"ул. Политехническая, д. 29, лит. П, НИК","unit":"А.1.24","locality":"city","province":"RU-SPE","country":"RU","postal_code":"195251","postal_code_ext":null,"postal_code_vanity":null}},{"id":"29b7d235-378e-4ae9-85ef-bd00acdaf5b0","type":"Feature","feature_type":"address","geometry":null,"properties":{"address":"ул. Политехническая, д. 29, лит. П, НИК","unit":"","locality":"city","province":"RU-SPE","country":"RU","postal_code":"195251","postal_code_ext":null,"postal_code_vanity":null}},{"id":"e7de2c50-abac-4366-a57d-01879002d9bb","type":"Feature","feature_type":"address","geometry":null,"properties":{"address":"ул. Политехническая, д. 29, лит. П, НИК","unit":"","locality":"city","province":"RU-SPE","country":"RU","postal_code":"195251","postal_code_ext":null,"postal_code_vanity":null}},{"id":"d8b9c9b9-1d35-4c09-980e-fb2d3c6e7ed1","type":"Feature","feature_type":"address","geometry":null,"properties":{"address":"ул. Политехническая, д. 29, лит. П, НИК","unit":"","locality":"city","province":"RU-SPE","country":"RU","postal_code":"195251","postal_code_ext":null,"postal_code_vanity":null}},{"id":"71a20843-a829-48b4-8058-bfcc5d3b5928","type":"Feature","feature_type":"address","geometry":null,"properties":{"address":"ул. Политехническая, д. 29, лит. П, НИК","unit":"","locality":"city","province":"RU-SPE","country":"RU","postal_code":"195251","postal_code_ext":null,"postal_code_vanity":null}},{"id":"5131b92f-c01f-4cf1-8c97-4545e09b558b","type":"Feature","feature_type":"address","geometry":null,"properties":{"address":"ул. Политехническая, д. 29, лит. П, НИК","unit":"Кабинет 27","locality":"city","province":"RU-SPE","country":"RU","postal_code":"195251","postal_code_ext":null,"postal_code_vanity":null}},{"id":"1004e326-1d9e-4376-aa64-49681e4d0724","type":"Feature","feature_type":"address","geometry":null,"properties":{"address":"ул. Политехническая, д. 29, лит. П, НИК","unit":"Кабинет 28","locality":"city","province":"RU-SPE","country":"RU","postal_code":"195251","postal_code_ext":null,"postal_code_vanity":null}},{"id":"3d7b2d53-1328-4336-9bf6-b1c8699bd8bc","type":"Feature","feature_type":"address","geometry":null,"properties":{"address":"ул. Политехническая, д. 29, лит. П, НИК","unit":"","locality":"city","province":"RU-SPE","country":"RU","postal_code":"195251","postal_code_ext":null,"postal_code_vanity":null}},{"id":"ac2696a7-ed86-40d9-bb21-62420174df98","type":"Feature","feature_type":"address","geometry":null,"properties":{"address":"ул. Политехническая, д. 29, лит. П, НИК","unit":"","locality":"city","province":"RU-SPE","country":"RU","postal_code":"195251","postal_code_ext":null,"postal_code_vanity":null}},{"id":"583f423f-6609-4fe7-a867-161170ce5292","type":"Feature","feature_type":"address","geometry":null,"properties":{"address":"ул. Политехническая, д. 29, лит. П, НИК","unit":"Столовая для гостей","locality":"city","province":"RU-SPE","country":"RU","postal_code":"195251","postal_code_ext":null,"postal_code_vanity":null}},{"id":"ed5fd248-925c-4f22-ad8e-d1363b6ce9ed","type":"Feature","feature_type":"address","geometry":null,"properties":{"address":"ул. Политехническая, д. 29, лит. П, НИК","unit":"","locality":"city","province":"RU-SPE","country":"RU","postal_code":"195251","postal_code_ext":null,"postal_code_vanity":null}},{"id":"1e6c0c69-edfb-4ea0-aa2a-f0e37b8de0db","type":"Feature","feature_type":"address","geometry":null,"properties":{"address":"ул. Политехническая, д. 29, лит. П, НИК","unit":"","locality":"city","province":"RU-SPE","country":"RU","postal_code":"195251","postal_code_ext":null,"postal_code_vanity":null}},{"id":"eba3aba7-f3ba-4265-b01c-044563ac13bb","type":"Feature","feature_type":"address","geometry":null,"properties":{"address":"ул. Политехническая, д. 29, лит. П, НИК","unit":"","locality":"city","province":"RU-SPE","country":"RU","postal_code":"195251","postal_code_ext":null,"postal_code_vanity":null}},{"id":"1cc545b9-466a-4391-a4e7-7c61fb1e666e","type":"Feature","feature_type":"address","geometry":null,"properties":{"address":"ул. Политехническая, д. 29, лит. П, НИК","unit":"","locality":"city","province":"RU-SPE","country":"RU","postal_code":"195251","postal_code_ext":null,"postal_code_vanity":null}},{"id":"4b1a9d86-a615-444b-b927-0aa79f782d33","type":"Feature","feature_type":"address","geometry":null,"properties":{"address":"ул. Политехническая, д. 29, лит. П, НИК","unit":"","locality":"city","province":"RU-SPE","country":"RU","postal_code":"195251","postal_code_ext":null,"postal_code_vanity":null}},{"id":"f7df7cbd-7e64-4aef-8afe-31b0a472f43d","type":"Feature","feature_type":"address","geometry":null,"properties":{"address":"ул. Политехническая, д. 29, лит. П, НИК","unit":"","locality":"city","province":"RU-SPE","country":"RU","postal_code":"195251","postal_code_ext":null,"postal_code_vanity":null}},{"id":"996c512a-9bda-4224-b48a-44f8ed40051a","type":"Feature","feature_type":"address","geometry":null,"properties":{"address":"ул. Политехническая, д. 29, лит. П, НИК","unit":"Кабинет 0","locality":"city","province":"RU-SPE","country":"RU","postal_code":"195251","postal_code_ext":null,"postal_code_vanity":null}},{"id":"37e8af30-877d-40a5-b2f1-3d3ad772b82c","type":"Feature","feature_type":"address","geometry":null,"properties":{"address":"ул. Политехническая, д. 29, лит. П, НИК","unit":"Туалет для лиц с ограниченными возможностями","locality":"city","province":"RU-SPE","country":"RU","postal_code":"195251","postal_code_ext":null,"postal_code_vanity":null}},{"id":"ff740cc7-b531-4c32-b07a-931cbf302739","type":"Feature","feature_type":"address","geometry":null,"properties":{"address":"ул. Политехническая, д. 29, лит. П, НИК","unit":"","locality":"city","province":"RU-SPE","country":"RU","postal_code":"195251","postal_code_ext":null,"postal_code_vanity":null}},{"id":"ab17f01d-a43d-4258-baa7-63588057d234","type":"Feature","feature_type":"address","geometry":null,"properties":{"address":"ул. Политехническая, д. 29, лит. П, НИК","unit":"Г.2.05 Лаборатория \"Лазерные и плазменные технологии\"","locality":"city","province":"RU-SPE","country":"RU","postal_code":"195251","postal_code_ext":null,"postal_code_vanity":null}},{"id":"b5a8e935-4e2e-4e77-9ab0-2c23b0ac443b","type":"Feature","feature_type":"address","geometry":null,"properties":{"address":"ул. Политехническая, д. 29, лит. П, НИК","unit":"Г.2.04","locality":"city","province":"RU-SPE","country":"RU","postal_code":"195251","postal_code_ext":null,"postal_code_vanity":null}},{"id":"be732f55-160c-46e4-a489-5e9ac091ab34","type":"Feature","feature_type":"address","geometry":null,"properties":{"address":"ул. Политехническая, д. 29, лит. П, НИК","unit":"Г.2.03 Лаборатория \"Промышленные системы потоковой обработки данных","locality":"city","province":"RU-SPE","country":"RU","postal_code":"195251","postal_code_ext":null,"postal_code_vanity":null}},{"id":"423bb6e8-b46c-467b-b3ad-e0d9d890f13c","type":"Feature","feature_type":"address","geometry":null,"properties":{"address":"ул. Политехническая, д. 29, лит. П, НИК","unit":"Г.2.02 Лаборатория \"Лазерные и плазменные технологии\"","locality":"city","province":"RU-SPE","country":"RU","postal_code":"195251","postal_code_ext":null,"postal_code_vanity":null}},{"id":"e17533ac-9b2c-4273-8eb9-fc110540fd97","type":"Feature","feature_type":"address","geometry":null,"properties":{"address":"ул. Политехническая, д. 29, лит. П, НИК","unit":"Кабинет 8","locality":"city","province":"RU-SPE","country":"RU","postal_code":"195251","postal_code_ext":null,"postal_code_vanity":null}},{"id":"2cc3484a-50ed-4678-a96e-9917b4f80404","type":"Feature","feature_type":"address","geometry":null,"properties":{"address":"ул. Политехническая, д. 29, лит. П, НИК","unit":"Г.2.46","locality":"city","province":"RU-SPE","country":"RU","postal_code":"195251","postal_code_ext":null,"postal_code_vanity":null}},{"id":"c38f0384-43ed-4179-b767-d294208eb720","type":"Feature","feature_type":"address","geometry":null,"properties":{"address":"ул. Политехническая, д. 29, лит. П, НИК","unit":"Г.2.41 Центр перспективных исследований. Лаборатория ультразвуковых технологий","locality":"city","province":"RU-SPE","country":"RU","postal_code":"195251","postal_code_ext":null,"postal_code_vanity":null}},{"id":"63aaac33-be02-4712-b719-3053072a7422","type":"Feature","feature_type":"address","geometry":null,"properties":{"address":"ул. Политехническая, д. 29, лит. П, НИК","unit":"Туалет ","locality":"city","province":"RU-SPE","country":"RU","postal_code":"195251","postal_code_ext":null,"postal_code_vanity":null}},{"id":"f40014a5-bbd7-4e39-a03b-e3f04c38afb8","type":"Feature","feature_type":"address","geometry":null,"properties":{"address":"ул. Политехническая, д. 29, лит. П, НИК","unit":"Туалет","locality":"city","province":"RU-SPE","country":"RU","postal_code":"195251","postal_code_ext":null,"postal_code_vanity":null}},{"id":"c59e13b0-45c3-445e-96fa-b8b1e61024c7","type":"Feature","feature_type":"address","geometry":null,"properties":{"address":"ул. Политехническая, д. 29, лит. П, НИК","unit":"А.2.10 Вентиляционная камера","locality":"city","province":"RU-SPE","country":"RU","postal_code":"195251","postal_code_ext":null,"postal_code_vanity":null}},{"id":"b8ccc1dd-498c-488e-935b-c484d65019d6","type":"Feature","feature_type":"address","geometry":null,"properties":{"address":"ул. Политехническая, д. 29, лит. П, НИК","unit":"Кабинет 0","locality":"city","province":"RU-SPE","country":"RU","postal_code":"195251","postal_code_ext":null,"postal_code_vanity":null}},{"id":"7e5ea6e8-cb38-4471-b4de-6bebf87b957f","type":"Feature","feature_type":"address","geometry":null,"properties":{"address":"ул. Политехническая, д. 29, лит. П, НИК","unit":"А.2.11 Лаборатория \"Лёгкие материалы и конструкции\". Мастерская","locality":"city","province":"RU-SPE","country":"RU","postal_code":"195251","postal_code_ext":null,"postal_code_vanity":null}},{"id":"183cd6c9-b99d-4ce1-8e21-1c226ba0b727","type":"Feature","feature_type":"address","geometry":null,"properties":{"address":"ул. Политехническая, д. 29, лит. П, НИК","unit":"Туалет женский","locality":"city","province":"RU-SPE","country":"RU","postal_code":"195251","postal_code_ext":null,"postal_code_vanity":null}},{"id":"d609f5e7-7608-4848-a7be-15395042aff1","type":"Feature","feature_type":"address","geometry":null,"properties":{"address":"ул. Политехническая, д. 29, лит. П, НИК","unit":"Туалет мужской","locality":"city","province":"RU-SPE","country":"RU","postal_code":"195251","postal_code_ext":null,"postal_code_vanity":null}},{"id":"8b02b834-67bc-437c-8d4e-abf0d67eb0e7","type":"Feature","feature_type":"address","geometry":null,"properties":{"address":"ул. Политехническая, д. 29, лит. П, НИК","unit":"А.2.14","locality":"city","province":"RU-SPE","country":"RU","postal_code":"195251","postal_code_ext":null,"postal_code_vanity":null}},{"id":"f00813db-3a52-4e59-8fb4-f8ce1542dc64","type":"Feature","feature_type":"address","geometry":null,"properties":{"address":"ул. Политехническая, д. 29, лит. П, НИК","unit":"Г.2.06 Архив","locality":"city","province":"RU-SPE","country":"RU","postal_code":"195251","postal_code_ext":null,"postal_code_vanity":null}},{"id":"95bbb6fd-ed7c-4297-9e97-3befc381b5ca","type":"Feature","feature_type":"address","geometry":null,"properties":{"address":"ул. Политехническая, д. 29, лит. П, НИК","unit":"Кабинет 1","locality":"city","province":"RU-SPE","country":"RU","postal_code":"195251","postal_code_ext":null,"postal_code_vanity":null}},{"id":"de54ede0-de4d-497c-bbc5-08afb551f476","type":"Feature","feature_type":"address","geometry":null,"properties":{"address":"ул. Политехническая, д. 29, лит. П, НИК","unit":"Г.2.07 Лаборатория \"Промышленные системы потоковой обработки данных\"","locality":"city","province":"RU-SPE","country":"RU","postal_code":"195251","postal_code_ext":null,"postal_code_vanity":null}},{"id":"99484421-ed93-4196-9cc5-039aa4be6d0c","type":"Feature","feature_type":"address","geometry":null,"properties":{"address":"ул. Политехническая, д. 29, лит. П, НИК","unit":"Туалет мужской","locality":"city","province":"RU-SPE","country":"RU","postal_code":"195251","postal_code_ext":null,"postal_code_vanity":null}},{"id":"03883b8b-23ed-4e75-b7ae-5640d45d8e9c","type":"Feature","feature_type":"address","geometry":null,"properties":{"address":"ул. Политехническая, д. 29, лит. П, НИК","unit":"Туалет женский","locality":"city","province":"RU-SPE","country":"RU","postal_code":"195251","postal_code_ext":null,"postal_code_vanity":null}},{"id":"b9ead5c7-6493-45bb-9946-ba4fc2760294","type":"Feature","feature_type":"address","geometry":null,"properties":{"address":"ул. Политехническая, д. 29, лит. П, НИК","unit":"Г.2.15","locality":"city","province":"RU-SPE","country":"RU","postal_code":"195251","postal_code_ext":null,"postal_code_vanity":null}},{"id":"3b103a38-9cf8-47c0-adcd-aeba5106e474","type":"Feature","feature_type":"address","geometry":null,"properties":{"address":"ул. Политехническая, д. 29, лит. П, НИК","unit":"Г.2.22 Лаборатория \"Моделирование технологических процессов и проектирование энергетического оборудования\"","locality":"city","province":"RU-SPE","country":"RU","postal_code":"195251","postal_code_ext":null,"postal_code_vanity":null}},{"id":"7de72e9c-1f6b-4cee-b2fa-a0cfd112e1b4","type":"Feature","feature_type":"address","geometry":null,"properties":{"address":"ул. Политехническая, д. 29, лит. П, НИК","unit":"Г.2.45","locality":"city","province":"RU-SPE","country":"RU","postal_code":"195251","postal_code_ext":null,"postal_code_vanity":null}},{"id":"f623f547-30cf-4133-a56f-014c3ae28685","type":"Feature","feature_type":"address","geometry":null,"properties":{"address":"ул. Политехническая, д. 29, лит. П, НИК","unit":"Г.2.27","locality":"city","province":"RU-SPE","country":"RU","postal_code":"195251","postal_code_ext":null,"postal_code_vanity":null}},{"id":"c589760b-ee43-4a9f-9821-3dc73f88dac8","type":"Feature","feature_type":"address","geometry":null,"properties":{"address":"ул. Политехническая, д. 29, лит. П, НИК","unit":"Лабораторная ","locality":"city","province":"RU-SPE","country":"RU","postal_code":"195251","postal_code_ext":null,"postal_code_vanity":null}},{"id":"1ce78287-d12b-4838-a8bd-d631df8b15e7","type":"Feature","feature_type":"address","geometry":null,"properties":{"address":"ул. Политехническая, д. 29, лит. П, НИК","unit":"Г.2.23 Лекционный зал №2","locality":"city","province":"RU-SPE","country":"RU","postal_code":"195251","postal_code_ext":null,"postal_code_vanity":null}},{"id":"84106c5e-bb26-4c7d-843f-79c9990dc088","type":"Feature","feature_type":"address","geometry":null,"properties":{"address":"ул. Политехническая, д. 29, лит. П, НИК","unit":"Б.2.11","locality":"city","province":"RU-SPE","country":"RU","postal_code":"195251","postal_code_ext":null,"postal_code_vanity":null}},{"id":"e89c0bbb-2c74-4b21-891b-27ce0425893e","type":"Feature","feature_type":"address","geometry":null,"properties":{"address":"ул. Политехническая, д. 29, лит. П, НИК","unit":"В.2.10","locality":"city","province":"RU-SPE","country":"RU","postal_code":"195251","postal_code_ext":null,"postal_code_vanity":null}},{"id":"7b9c2254-2c26-4a51-9563-758873b2beab","type":"Feature","feature_type":"address","geometry":null,"properties":{"address":"ул. Политехническая, д. 29, лит. П, НИК","unit":"В.2.14","locality":"city","province":"RU-SPE","country":"RU","postal_code":"195251","postal_code_ext":null,"postal_code_vanity":null}},{"id":"ad163cf1-f864-4123-a7a5-f5c1fde94354","type":"Feature","feature_type":"address","geometry":null,"properties":{"address":"ул. Политехническая, д. 29, лит. П, НИК","unit":"Туалет мужской","locality":"city","province":"RU-SPE","country":"RU","postal_code":"195251","postal_code_ext":null,"postal_code_vanity":null}},{"id":"0ecde79e-9982-4939-ba5d-087d88c0ecf0","type":"Feature","feature_type":"address","geometry":null,"properties":{"address":"ул. Политехническая, д. 29, лит. П, НИК","unit":"В.2.07","locality":"city","province":"RU-SPE","country":"RU","postal_code":"195251","postal_code_ext":null,"postal_code_vanity":null}},{"id":"a68ae355-02be-491a-943a-a75ce2ece267","type":"Feature","feature_type":"address","geometry":null,"properties":{"address":"ул. Политехническая, д. 29, лит. П, НИК","unit":"Туалет женский","locality":"city","province":"RU-SPE","country":"RU","postal_code":"195251","postal_code_ext":null,"postal_code_vanity":null}},{"id":"5b7385b2-057d-4b08-aad4-fddc9d4bb632","type":"Feature","feature_type":"address","geometry":null,"properties":{"address":"ул. Политехническая, д. 29, лит. П, НИК","unit":"В.2.04 Учебная аудитория","locality":"city","province":"RU-SPE","country":"RU","postal_code":"195251","postal_code_ext":null,"postal_code_vanity":null}},{"id":"629dbe43-cbae-438c-8af0-fcc42be39324","type":"Feature","feature_type":"address","geometry":null,"properties":{"address":"ул. Политехническая, д. 29, лит. П, НИК","unit":"В.2.03 Учебная аудитория","locality":"city","province":"RU-SPE","country":"RU","postal_code":"195251","postal_code_ext":null,"postal_code_vanity":null}},{"id":"01a1ab0e-ee5a-422e-a47e-b594602304e8","type":"Feature","feature_type":"address","geometry":null,"properties":{"address":"ул. Политехническая, д. 29, лит. П, НИК","unit":"В.2.25","locality":"city","province":"RU-SPE","country":"RU","postal_code":"195251","postal_code_ext":null,"postal_code_vanity":null}},{"id":"d0ff20bc-7272-4cab-9274-f5b3cba55e0d","type":"Feature","feature_type":"address","geometry":null,"properties":{"address":"ул. Политехническая, д. 29, лит. П, НИК","unit":"В.2.15 Лаборатория \"Мобильной робототехники и манипуляционных систем\"","locality":"city","province":"RU-SPE","country":"RU","postal_code":"195251","postal_code_ext":null,"postal_code_vanity":null}},{"id":"06b49b17-f6ab-4a87-a486-b6efe8e36e79","type":"Feature","feature_type":"address","geometry":null,"properties":{"address":"ул. Политехническая, д. 29, лит. П, НИК","unit":"В.2.16 Лаборатория \"Конструирования робототехнических систем\"","locality":"city","province":"RU-SPE","country":"RU","postal_code":"195251","postal_code_ext":null,"postal_code_vanity":null}},{"id":"129eb95a-1b77-4e53-ab38-1ea6b5dacf5f","type":"Feature","feature_type":"address","geometry":null,"properties":{"address":"ул. Политехническая, д. 29, лит. П, НИК","unit":"В.2.17 Лаборатория \"Мехатроники и микропроцессорной техники\"","locality":"city","province":"RU-SPE","country":"RU","postal_code":"195251","postal_code_ext":null,"postal_code_vanity":null}},{"id":"fdd6b3cf-e0fa-43ea-827c-65c7758349bd","type":"Feature","feature_type":"address","geometry":null,"properties":{"address":"ул. Политехническая, д. 29, лит. П, НИК","unit":"В.2.18 Учебная аудитория","locality":"city","province":"RU-SPE","country":"RU","postal_code":"195251","postal_code_ext":null,"postal_code_vanity":null}},{"id":"1a1a4b66-9ff5-4c2f-b5e2-5ffe3a57398e","type":"Feature","feature_type":"address","geometry":null,"properties":{"address":"ул. Политехническая, д. 29, лит. П, НИК","unit":"Кабинет ","locality":"city","province":"RU-SPE","country":"RU","postal_code":"195251","postal_code_ext":null,"postal_code_vanity":null}},{"id":"bd78a285-af0c-41ce-94fb-4b9accc829da","type":"Feature","feature_type":"address","geometry":null,"properties":{"address":"ул. Политехническая, д. 29, лит. П, НИК","unit":"А.2.21 Лаборатория \"Лёгкие материалы и конструкции\". Научные сотрудники","locality":"city","province":"RU-SPE","country":"RU","postal_code":"195251","postal_code_ext":null,"postal_code_vanity":null}},{"id":"c27183d2-424b-46f9-83ab-42b94961a6c7","type":"Feature","feature_type":"address","geometry":null,"properties":{"address":"ул. Политехническая, д. 29, лит. П, НИК","unit":"Лабораторная ","locality":"city","province":"RU-SPE","country":"RU","postal_code":"195251","postal_code_ext":null,"postal_code_vanity":null}},{"id":"b039b076-4c9c-4660-8dfd-2f16e5663d3b","type":"Feature","feature_type":"address","geometry":null,"properties":{"address":"ул. Политехническая, д. 29, лит. П, НИК","unit":"А.2.04 Учебно-экспериментальная лаборатория (1). Лаборатория моделирования процессов нефтегазодобычи","locality":"city","province":"RU-SPE","country":"RU","postal_code":"195251","postal_code_ext":null,"postal_code_vanity":null}},{"id":"05e11175-1b63-414d-95df-facc7cd67ed0","type":"Feature","feature_type":"address","geometry":null,"properties":{"address":"ул. Политехническая, д. 29, лит. П, НИК","unit":"Кабинет ","locality":"city","province":"RU-SPE","country":"RU","postal_code":"195251","postal_code_ext":null,"postal_code_vanity":null}},{"id":"1fc24f97-cfda-4901-812c-78a0a615e49a","type":"Feature","feature_type":"address","geometry":null,"properties":{"address":"ул. Политехническая, д. 29, лит. П, НИК","unit":"А.2.05 Базоая кафедра \"Газотурбинные агрегаты для газоперекачивающих станций\"","locality":"city","province":"RU-SPE","country":"RU","postal_code":"195251","postal_code_ext":null,"postal_code_vanity":null}},{"id":"f1955235-38c9-4764-938a-713dd8087fb9","type":"Feature","feature_type":"address","geometry":null,"properties":{"address":"ул. Политехническая, д. 29, лит. П, НИК","unit":"А.2.06 Лаборатория моделирования нефтегазовых процессов","locality":"city","province":"RU-SPE","country":"RU","postal_code":"195251","postal_code_ext":null,"postal_code_vanity":null}},{"id":"18c9cfc7-c594-4042-80fe-202e56a039dd","type":"Feature","feature_type":"address","geometry":null,"properties":{"address":"ул. Политехническая, д. 29, лит. П, НИК","unit":"А.2.07 Именная аудитория ПАО \"Газпром\"","locality":"city","province":"RU-SPE","country":"RU","postal_code":"195251","postal_code_ext":null,"postal_code_vanity":null}},{"id":"efc40b24-c2ce-42cb-bca6-6662f9dff6fb","type":"Feature","feature_type":"address","geometry":null,"properties":{"address":"ул. Политехническая, д. 29, лит. П, НИК","unit":"А.2.17 Многофункциональная аудитория \"Политех-VK\"","locality":"city","province":"RU-SPE","country":"RU","postal_code":"195251","postal_code_ext":null,"postal_code_vanity":null}},{"id":"38d469c1-23e9-44cd-b0bc-712086b271d3","type":"Feature","feature_type":"address","geometry":null,"properties":{"address":"ул. Политехническая, д. 29, лит. П, НИК","unit":"Кабинет ","locality":"city","province":"RU-SPE","country":"RU","postal_code":"195251","postal_code_ext":null,"postal_code_vanity":null}},{"id":"ce14d4db-c766-44d3-b41f-c43317de22ec","type":"Feature","feature_type":"address","geometry":null,"properties":{"address":"ул. Политехническая, д. 29, лит. П, НИК","unit":"А.2.28","locality":"city","province":"RU-SPE","country":"RU","postal_code":"195251","postal_code_ext":null,"postal_code_vanity":null}},{"id":"3dd6e373-32a7-4dec-9dab-aa9b8049e84e","type":"Feature","feature_type":"address","geometry":null,"properties":{"address":"ул. Политехническая, д. 29, лит. П, НИК","unit":"","locality":"city","province":"RU-SPE","country":"RU","postal_code":"195251","postal_code_ext":null,"postal_code_vanity":null}},{"id":"36823b52-2c7c-4593-845a-cbd2700c054a","type":"Feature","feature_type":"address","geometry":null,"properties":{"address":"ул. Политехническая, д. 29, лит. П, НИК","unit":"","locality":"city","province":"RU-SPE","country":"RU","postal_code":"195251","postal_code_ext":null,"postal_code_vanity":null}},{"id":"5634ffef-7807-4cd7-9446-27471811081a","type":"Feature","feature_type":"address","geometry":null,"properties":{"address":"ул. Политехническая, д. 29, лит. П, НИК","unit":"","locality":"city","province":"RU-SPE","country":"RU","postal_code":"195251","postal_code_ext":null,"postal_code_vanity":null}},{"id":"6fd4e048-c2be-4b52-95fa-ed1b9049e977","type":"Feature","feature_type":"address","geometry":null,"properties":{"address":"ул. Политехническая, д. 29, лит. П, НИК","unit":"","locality":"city","province":"RU-SPE","country":"RU","postal_code":"195251","postal_code_ext":null,"postal_code_vanity":null}},{"id":"d2362cf5-e36b-4630-a7b6-c5bc40f2cc60","type":"Feature","feature_type":"address","geometry":null,"properties":{"address":"ул. Политехническая, д. 29, лит. П, НИК","unit":"","locality":"city","province":"RU-SPE","country":"RU","postal_code":"195251","postal_code_ext":null,"postal_code_vanity":null}},{"id":"ac417b02-6fff-4757-8630-43c532f688cf","type":"Feature","feature_type":"address","geometry":null,"properties":{"address":"ул. Политехническая, д. 29, лит. П, НИК","unit":"Конференц зал \"Семёнов\".  Большой конференц зал","locality":"city","province":"RU-SPE","country":"RU","postal_code":"195251","postal_code_ext":null,"postal_code_vanity":null}},{"id":"4d845d33-fb70-4f3e-ad37-ebc3342cc4bd","type":"Feature","feature_type":"address","geometry":null,"properties":{"address":"ул. Политехническая, д. 29, лит. П, НИК","unit":"","locality":"city","province":"RU-SPE","country":"RU","postal_code":"195251","postal_code_ext":null,"postal_code_vanity":null}},{"id":"6ebfea42-a5c4-40af-a4dd-fff80c6f40f3","type":"Feature","feature_type":"address","geometry":null,"properties":{"address":"ул. Политехническая, д. 29, лит. П, НИК","unit":"","locality":"city","province":"RU-SPE","country":"RU","postal_code":"195251","postal_code_ext":null,"postal_code_vanity":null}},{"id":"f811d89d-0810-4627-8f64-6d5b2e616c6a","type":"Feature","feature_type":"address","geometry":null,"properties":{"address":"ул. Политехническая, д. 29, лит. П, НИК","unit":"","locality":"city","province":"RU-SPE","country":"RU","postal_code":"195251","postal_code_ext":null,"postal_code_vanity":null}},{"id":"9ae9c42c-9d26-418b-943a-8b6836ce7c52","type":"Feature","feature_type":"address","geometry":null,"properties":{"address":"ул. Политехническая, д. 29, лит. П, НИК","unit":"","locality":"city","province":"RU-SPE","country":"RU","postal_code":"195251","postal_code_ext":null,"postal_code_vanity":null}},{"id":"ffc9134e-e31b-4fac-8ada-8858e0ca5854","type":"Feature","feature_type":"address","geometry":null,"properties":{"address":"ул. Политехническая, д. 29, лит. П, НИК","unit":"","locality":"city","province":"RU-SPE","country":"RU","postal_code":"195251","postal_code_ext":null,"postal_code_vanity":null}},{"id":"3ea49848-30c1-46d1-897c-647c615c14f1","type":"Feature","feature_type":"address","geometry":null,"properties":{"address":"ул. Политехническая, д. 29, лит. П, НИК","unit":"Г.2.26 Лекционный зал №1","locality":"city","province":"RU-SPE","country":"RU","postal_code":"195251","postal_code_ext":null,"postal_code_vanity":null}},{"id":"caf0eaf8-3b2b-4b88-9840-daab786ddaed","type":"Feature","feature_type":"address","geometry":null,"properties":{"address":"ул. Политехническая, д. 29, лит. П, НИК","unit":"","locality":"city","province":"RU-SPE","country":"RU","postal_code":"195251","postal_code_ext":null,"postal_code_vanity":null}},{"id":"b496d0e9-06e9-4d10-8bec-f42c5088015a","type":"Feature","feature_type":"address","geometry":null,"properties":{"address":"ул. Политехническая, д. 29, лит. П, НИК","unit":"Г.2.21","locality":"city","province":"RU-SPE","country":"RU","postal_code":"195251","postal_code_ext":null,"postal_code_vanity":null}},{"id":"229864c7-18df-4a83-a751-b8f8f00a211e","type":"Feature","feature_type":"address","geometry":null,"properties":{"address":"ул. Политехническая, д. 29, лит. П, НИК","unit":"Б.2.10","locality":"city","province":"RU-SPE","country":"RU","postal_code":"195251","postal_code_ext":null,"postal_code_vanity":null}},{"id":"45db030e-f986-4302-a769-aaa982b091a2","type":"Feature","feature_type":"address","geometry":null,"properties":{"address":"ул. Политехническая, д. 29, лит. П, НИК","unit":"Г.2.09 Лаборатория \"Моделирование технологических процессов и проектирование энергетического оборудования\"","locality":"city","province":"RU-SPE","country":"RU","postal_code":"195251","postal_code_ext":null,"postal_code_vanity":null}},{"id":"92709803-1d70-4b51-937a-014234d674f6","type":"Feature","feature_type":"address","geometry":null,"properties":{"address":"ул. Политехническая, д. 29, лит. П, НИК","unit":"А.2.09 Вентиляционная камера","locality":"city","province":"RU-SPE","country":"RU","postal_code":"195251","postal_code_ext":null,"postal_code_vanity":null}},{"id":"a7241b94-135c-4922-929a-fc01b03a8b32","type":"Feature","feature_type":"address","geometry":null,"properties":{"address":"ул. Политехническая, д. 29, лит. П, НИК","unit":"А.2.02.1 Коворкинг","locality":"city","province":"RU-SPE","country":"RU","postal_code":"195251","postal_code_ext":null,"postal_code_vanity":null}},{"id":"7d9e3e60-31d1-4bc9-8522-da6eaa3b7fd3","type":"Feature","feature_type":"address","geometry":null,"properties":{"address":"ул. Политехническая, д. 29, лит. П, НИК","unit":"А.2.01 Лаборатория моделирования процессов нефтегазодобычи","locality":"city","province":"RU-SPE","country":"RU","postal_code":"195251","postal_code_ext":null,"postal_code_vanity":null}},{"id":"fb87d927-5656-42ba-bba2-ffe540842cf0","type":"Feature","feature_type":"address","geometry":null,"properties":{"address":"ул. Политехническая, д. 29, лит. П, НИК","unit":"А.2.25 Аудитория","locality":"city","province":"RU-SPE","country":"RU","postal_code":"195251","postal_code_ext":null,"postal_code_vanity":null}},{"id":"585e4825-3b8a-4efb-bf66-441ff7330425","type":"Feature","feature_type":"address","geometry":null,"properties":{"address":"ул. Политехническая, д. 29, лит. П, НИК","unit":"А.2.24 Дирекция ВШТМиМФ","locality":"city","province":"RU-SPE","country":"RU","postal_code":"195251","postal_code_ext":null,"postal_code_vanity":null}},{"id":"6b7e2c8c-5376-40ce-9bd6-b3f44e2944e9","type":"Feature","feature_type":"address","geometry":null,"properties":{"address":"ул. Политехническая, д. 29, лит. П, НИК","unit":"А.2.23 Лаборатория цифрового моделирования подземных нефтегазовых резервуаров и WELL-TEST анализа","locality":"city","province":"RU-SPE","country":"RU","postal_code":"195251","postal_code_ext":null,"postal_code_vanity":null}},{"id":"0af04a69-0f00-4ff3-8849-d949428d30a5","type":"Feature","feature_type":"address","geometry":null,"properties":{"address":"ул. Политехническая, д. 29, лит. П, НИК","unit":"Кабинет ","locality":"city","province":"RU-SPE","country":"RU","postal_code":"195251","postal_code_ext":null,"postal_code_vanity":null}},{"id":"5e7a4e40-4cf6-40e7-b1c7-59539555b186","type":"Feature","feature_type":"address","geometry":null,"properties":{"address":"ул. Политехническая, д. 29, лит. П, НИК","unit":"А.2.22 Базоая кафедра \"Газотурбинные агрегаты для газоперекачивающих станций\"","locality":"city","province":"RU-SPE","country":"RU","postal_code":"195251","postal_code_ext":null,"postal_code_vanity":null}},{"id":"b6c683af-196f-45c8-84c5-cdc89228094e","type":"Feature","feature_type":"address","geometry":null,"properties":{"address":"ул. Политехническая, д. 29, лит. П, НИК","unit":"Кабинет ","locality":"city","province":"RU-SPE","country":"RU","postal_code":"195251","postal_code_ext":null,"postal_code_vanity":null}},{"id":"d94133e7-e006-40eb-a96f-80e484b528c6","type":"Feature","feature_type":"address","geometry":null,"properties":{"address":"ул. Политехническая, д. 29, лит. П, НИК","unit":"Лабораторная ","locality":"city","province":"RU-SPE","country":"RU","postal_code":"195251","postal_code_ext":null,"postal_code_vanity":null}},{"id":"2b952581-62ca-433d-83f0-a43d4fe81a3a","type":"Feature","feature_type":"address","geometry":null,"properties":{"address":"ул. Политехническая, д. 29, лит. П, НИК","unit":"А.2.22 Научно-образовательный центр \"Энергетические технологии в газовой промышленности\"","locality":"city","province":"RU-SPE","country":"RU","postal_code":"195251","postal_code_ext":null,"postal_code_vanity":null}},{"id":"c2d431ed-70a4-424a-b6f0-5a191c5f30ff","type":"Feature","feature_type":"address","geometry":null,"properties":{"address":"ул. Политехническая, д. 29, лит. П, НИК","unit":"А.2.20 Лаборатория \"Лёгкие материалы и конструкции\". Инженеры","locality":"city","province":"RU-SPE","country":"RU","postal_code":"195251","postal_code_ext":null,"postal_code_vanity":null}},{"id":"19730673-2220-464d-a035-08bd020377f7","type":"Feature","feature_type":"address","geometry":null,"properties":{"address":"ул. Политехническая, д. 29, лит. П, НИК","unit":"А.2.19 Лаборатория \"Лёгкие материалы и конструкции\". Руководитель лаборатории","locality":"city","province":"RU-SPE","country":"RU","postal_code":"195251","postal_code_ext":null,"postal_code_vanity":null}},{"id":"27c0a8c4-728a-49a3-849e-bb6e32d5e1c4","type":"Feature","feature_type":"address","geometry":null,"properties":{"address":"ул. Политехническая, д. 29, лит. П, НИК","unit":"В.2.22 Лаборатория \"Видеомонтажа\"","locality":"city","province":"RU-SPE","country":"RU","postal_code":"195251","postal_code_ext":null,"postal_code_vanity":null}},{"id":"fdfb5989-eaf6-4f80-a3f5-6727eb0815f8","type":"Feature","feature_type":"address","geometry":null,"properties":{"address":"ул. Политехническая, д. 29, лит. П, НИК","unit":"В.2.22 Лаборатория \"Человеко-компьютерного взаиодействия\"","locality":"city","province":"RU-SPE","country":"RU","postal_code":"195251","postal_code_ext":null,"postal_code_vanity":null}},{"id":"7bcd9775-f253-408c-b5d0-4fecdb5a3b67","type":"Feature","feature_type":"address","geometry":null,"properties":{"address":"ул. Политехническая, д. 29, лит. П, НИК","unit":"В.2.21 Научно-технологическое образовательное пространство \"ТВЭЛ-СПбПУ\"","locality":"city","province":"RU-SPE","country":"RU","postal_code":"195251","postal_code_ext":null,"postal_code_vanity":null}},{"id":"31454cca-7661-4370-bc61-9bb110be711e","type":"Feature","feature_type":"address","geometry":null,"properties":{"address":"ул. Политехническая, д. 29, лит. П, НИК","unit":"В.2.20(1) Департамент цифровых технологий","locality":"city","province":"RU-SPE","country":"RU","postal_code":"195251","postal_code_ext":null,"postal_code_vanity":null}},{"id":"772a0dc1-c4e0-464f-9e38-1bc34c43c94d","type":"Feature","feature_type":"address","geometry":null,"properties":{"address":"ул. Политехническая, д. 29, лит. П, НИК","unit":"В.2.20(2) Лаборатория дизайна Высшей школы дизайна и архитектуры","locality":"city","province":"RU-SPE","country":"RU","postal_code":"195251","postal_code_ext":null,"postal_code_vanity":null}},{"id":"4ebc7548-30c2-49d8-8749-06a7a562594e","type":"Feature","feature_type":"address","geometry":null,"properties":{"address":"ул. Политехническая, д. 29, лит. П, НИК","unit":"В.2.12","locality":"city","province":"RU-SPE","country":"RU","postal_code":"195251","postal_code_ext":null,"postal_code_vanity":null}},{"id":"24cc8803-d7c3-48da-b2ff-86e11eacc8f7","type":"Feature","feature_type":"address","geometry":null,"properties":{"address":"ул. Политехническая, д. 29, лит. П, НИК","unit":"В.2.02 Учебная аудитория","locality":"city","province":"RU-SPE","country":"RU","postal_code":"195251","postal_code_ext":null,"postal_code_vanity":null}},{"id":"9a31ae51-8416-4f19-bfa5-e81520eabd4a","type":"Feature","feature_type":"address","geometry":null,"properties":{"address":"ул. Политехническая, д. 29, лит. П, НИК","unit":"В.2.11","locality":"city","province":"RU-SPE","country":"RU","postal_code":"195251","postal_code_ext":null,"postal_code_vanity":null}},{"id":"ad6f1cfe-165f-475a-81c8-c48cd860cf73","type":"Feature","feature_type":"address","geometry":null,"properties":{"address":"ул. Политехническая, д. 29, лит. П, НИК","unit":"Г.2.36","locality":"city","province":"RU-SPE","country":"RU","postal_code":"195251","postal_code_ext":null,"postal_code_vanity":null}},{"id":"95a39f03-c05e-458c-ad29-91c987578a3f","type":"Feature","feature_type":"address","geometry":null,"properties":{"address":"ул. Политехническая, д. 29, лит. П, НИК","unit":"Г.2.30","locality":"city","province":"RU-SPE","country":"RU","postal_code":"195251","postal_code_ext":null,"postal_code_vanity":null}},{"id":"6c8b54b1-79d7-433f-9f1f-83b2eb2f16d0","type":"Feature","feature_type":"address","geometry":null,"properties":{"address":"ул. Политехническая, д. 29, лит. П, НИК","unit":"Г.2.35","locality":"city","province":"RU-SPE","country":"RU","postal_code":"195251","postal_code_ext":null,"postal_code_vanity":null}},{"id":"8792e752-6c7b-4a86-9202-17f322061da8","type":"Feature","feature_type":"address","geometry":null,"properties":{"address":"ул. Политехническая, д. 29, лит. П, НИК","unit":"Г.3.65 серверная","locality":"city","province":"RU-SPE","country":"RU","postal_code":"195251","postal_code_ext":null,"postal_code_vanity":null}},{"id":"e252871d-ebf9-4f43-aff1-dd72edd8fa7e","type":"Feature","feature_type":"address","geometry":null,"properties":{"address":"ул. Политехническая, д. 29, лит. П, НИК","unit":"Г.3.65 серверная","locality":"city","province":"RU-SPE","country":"RU","postal_code":"195251","postal_code_ext":null,"postal_code_vanity":null}},{"id":"a43f9399-4f7e-4a30-a652-819c042adb84","type":"Feature","feature_type":"address","geometry":null,"properties":{"address":"ул. Политехническая, д. 29, лит. П, НИК","unit":"Б.2.07","locality":"city","province":"RU-SPE","country":"RU","postal_code":"195251","postal_code_ext":null,"postal_code_vanity":null}},{"id":"a4119c49-1a00-4d25-a3ba-4b5891422792","type":"Feature","feature_type":"address","geometry":null,"properties":{"address":"ул. Политехническая, д. 29, лит. П, НИК","unit":"Туалет мужской","locality":"city","province":"RU-SPE","country":"RU","postal_code":"195251","postal_code_ext":null,"postal_code_vanity":null}},{"id":"f033b4af-fbcf-4047-b051-7c1afaa639f9","type":"Feature","feature_type":"address","geometry":null,"properties":{"address":"ул. Политехническая, д. 29, лит. П, НИК","unit":"Туалет женский","locality":"city","province":"RU-SPE","country":"RU","postal_code":"195251","postal_code_ext":null,"postal_code_vanity":null}},{"id":"a8862136-964b-4edc-b390-5a91c04cf5fc","type":"Feature","feature_type":"address","geometry":null,"properties":{"address":"ул. Политехническая, д. 29, лит. П, НИК","unit":"Кабинет 2","locality":"city","province":"RU-SPE","country":"RU","postal_code":"195251","postal_code_ext":null,"postal_code_vanity":null}},{"id":"a186396b-bcae-4c7e-8ba1-8b07a0f108af","type":"Feature","feature_type":"address","geometry":null,"properties":{"address":"ул. Политехническая, д. 29, лит. П, НИК","unit":"А.2.29","locality":"city","province":"RU-SPE","country":"RU","postal_code":"195251","postal_code_ext":null,"postal_code_vanity":null}},{"id":"018cd0b5-608d-4acf-bd1c-c1dcdba146f2","type":"Feature","feature_type":"address","geometry":null,"properties":{"address":"ул. Политехническая, д. 29, лит. П, НИК","unit":"В.2.26","locality":"city","province":"RU-SPE","country":"RU","postal_code":"195251","postal_code_ext":null,"postal_code_vanity":null}},{"id":"f1cea08a-dc97-4308-a1e7-edbe98359e89","type":"Feature","feature_type":"address","geometry":null,"properties":{"address":"ул. Политехническая, д. 29, лит. П, НИК","unit":"Кабинет 5","locality":"city","province":"RU-SPE","country":"RU","postal_code":"195251","postal_code_ext":null,"postal_code_vanity":null}},{"id":"820cb7ed-18e7-43d8-9172-23e733d0b97f","type":"Feature","feature_type":"address","geometry":null,"properties":{"address":"ул. Политехническая, д. 29, лит. П, НИК","unit":"Г.2.29","locality":"city","province":"RU-SPE","country":"RU","postal_code":"195251","postal_code_ext":null,"postal_code_vanity":null}},{"id":"61c223be-661a-44b4-af5a-32bafcb1da1c","type":"Feature","feature_type":"address","geometry":null,"properties":{"address":"ул. Политехническая, д. 29, лит. П, НИК","unit":"","locality":"city","province":"RU-SPE","country":"RU","postal_code":"195251","postal_code_ext":null,"postal_code_vanity":null}},{"id":"d11373ea-934a-4115-b088-4677d8384c6a","type":"Feature","feature_type":"address","geometry":null,"properties":{"address":"ул. Политехническая, д. 29, лит. П, НИК","unit":"Г.3.11 Научная лаборатория \"Космические телекоммуникационные системы\"","locality":"city","province":"RU-SPE","country":"RU","postal_code":"195251","postal_code_ext":null,"postal_code_vanity":null}},{"id":"b19851a2-cb27-4178-8ad3-ca62d7cecc32","type":"Feature","feature_type":"address","geometry":null,"properties":{"address":"ул. Политехническая, д. 29, лит. П, НИК","unit":"Г.3.10 Дирекция Института передовых производственных технологий (ИППТ)","locality":"city","province":"RU-SPE","country":"RU","postal_code":"195251","postal_code_ext":null,"postal_code_vanity":null}},{"id":"bb199422-8340-4f27-9bb1-b3e787580e70","type":"Feature","feature_type":"address","geometry":null,"properties":{"address":"ул. Политехническая, д. 29, лит. П, НИК","unit":"Г.3.09 Центр дополнительного профессионального образования ПИШ \"Цифровой инжиниринг\"","locality":"city","province":"RU-SPE","country":"RU","postal_code":"195251","postal_code_ext":null,"postal_code_vanity":null}},{"id":"2b3234df-8b39-48a6-a7ee-20df3ec89d60","type":"Feature","feature_type":"address","geometry":null,"properties":{"address":"ул. Политехническая, д. 29, лит. П, НИК","unit":"Г.3.08 Фабрика идей ИППТ","locality":"city","province":"RU-SPE","country":"RU","postal_code":"195251","postal_code_ext":null,"postal_code_vanity":null}},{"id":"7bdf7a1a-4a7b-4749-b910-e82e515accf1","type":"Feature","feature_type":"address","geometry":null,"properties":{"address":"ул. Политехническая, д. 29, лит. П, НИК","unit":"Кабинет 8","locality":"city","province":"RU-SPE","country":"RU","postal_code":"195251","postal_code_ext":null,"postal_code_vanity":null}},{"id":"f3d66572-7eb0-426e-a623-f3fded3ce326","type":"Feature","feature_type":"address","geometry":null,"properties":{"address":"ул. Политехническая, д. 29, лит. П, НИК","unit":"Г.3.49","locality":"city","province":"RU-SPE","country":"RU","postal_code":"195251","postal_code_ext":null,"postal_code_vanity":null}},{"id":"e693afdd-b9ac-4f4b-aaa6-c169742cd2d3","type":"Feature","feature_type":"address","geometry":null,"properties":{"address":"ул. Политехническая, д. 29, лит. П, НИК","unit":"Г.3.50 Научная лаборатория \"Специальный Технологический Центр-Политех\"","locality":"city","province":"RU-SPE","country":"RU","postal_code":"195251","postal_code_ext":null,"postal_code_vanity":null}},{"id":"7d8da922-2f98-48cc-9103-a7e9c103a9bd","type":"Feature","feature_type":"address","geometry":null,"properties":{"address":"ул. Политехническая, д. 29, лит. П, НИК","unit":"Туалет мужской","locality":"city","province":"RU-SPE","country":"RU","postal_code":"195251","postal_code_ext":null,"postal_code_vanity":null}},{"id":"2b0828e3-defb-481b-bf45-369fe416ba5e","type":"Feature","feature_type":"address","geometry":null,"properties":{"address":"ул. Политехническая, д. 29, лит. П, НИК","unit":"Туалет женский","locality":"city","province":"RU-SPE","country":"RU","postal_code":"195251","postal_code_ext":null,"postal_code_vanity":null}},{"id":"bb1ef6ab-888c-43ef-be87-1089769675ae","type":"Feature","feature_type":"address","geometry":null,"properties":{"address":"ул. Политехническая, д. 29, лит. П, НИК","unit":"Г.3.55","locality":"city","province":"RU-SPE","country":"RU","postal_code":"195251","postal_code_ext":null,"postal_code_vanity":null}},{"id":"f9b1f924-9b79-4b48-952b-a99d0868c36b","type":"Feature","feature_type":"address","geometry":null,"properties":{"address":"ул. Политехническая, д. 29, лит. П, НИК","unit":"Г.3.56 Полигон-демонстратор передовых цифровых и производственных технологий","locality":"city","province":"RU-SPE","country":"RU","postal_code":"195251","postal_code_ext":null,"postal_code_vanity":null}},{"id":"a8d7ca21-5254-4307-bf5a-121f0e26ab96","type":"Feature","feature_type":"address","geometry":null,"properties":{"address":"ул. Политехническая, д. 29, лит. П, НИК","unit":"Г.3.57 Лаборатория профориентации","locality":"city","province":"RU-SPE","country":"RU","postal_code":"195251","postal_code_ext":null,"postal_code_vanity":null}},{"id":"7b4d358a-22e2-4b4c-bcf0-df423f2b7f7a","type":"Feature","feature_type":"address","geometry":null,"properties":{"address":"ул. Политехническая, д. 29, лит. П, НИК","unit":"Г.3.58 Лаборатория \"Цифровое производство\" ИППТ","locality":"city","province":"RU-SPE","country":"RU","postal_code":"195251","postal_code_ext":null,"postal_code_vanity":null}},{"id":"d90fc668-a31c-411c-80e1-91fd0cc362b1","type":"Feature","feature_type":"address","geometry":null,"properties":{"address":"ул. Политехническая, д. 29, лит. П, НИК","unit":"Г.3.59 Лаборатория \"Цифровое производство\" ИППТ","locality":"city","province":"RU-SPE","country":"RU","postal_code":"195251","postal_code_ext":null,"postal_code_vanity":null}},{"id":"1ef44904-9fbe-42e5-a70c-394441f4a7ec","type":"Feature","feature_type":"address","geometry":null,"properties":{"address":"ул. Политехническая, д. 29, лит. П, НИК","unit":"А.3.14 Вентиляционная камера","locality":"city","province":"RU-SPE","country":"RU","postal_code":"195251","postal_code_ext":null,"postal_code_vanity":null}},{"id":"9398b7e2-1862-49a6-8a01-eb34cb65a263","type":"Feature","feature_type":"address","geometry":null,"properties":{"address":"ул. Политехническая, д. 29, лит. П, НИК","unit":"Кабинет 0","locality":"city","province":"RU-SPE","country":"RU","postal_code":"195251","postal_code_ext":null,"postal_code_vanity":null}},{"id":"086cf8d2-6e97-4e29-8590-8dae0885731d","type":"Feature","feature_type":"address","geometry":null,"properties":{"address":"ул. Политехническая, д. 29, лит. П, НИК","unit":"А.3.15 Дирекция","locality":"city","province":"RU-SPE","country":"RU","postal_code":"195251","postal_code_ext":null,"postal_code_vanity":null}},{"id":"8755221a-e396-45a0-9188-45b77fbacb37","type":"Feature","feature_type":"address","geometry":null,"properties":{"address":"ул. Политехническая, д. 29, лит. П, НИК","unit":"Туалет женский","locality":"city","province":"RU-SPE","country":"RU","postal_code":"195251","postal_code_ext":null,"postal_code_vanity":null}},{"id":"b797677c-efaf-40f8-a863-05e62bdbb7e6","type":"Feature","feature_type":"address","geometry":null,"properties":{"address":"ул. Политехническая, д. 29, лит. П, НИК","unit":"Туалет мужской","locality":"city","province":"RU-SPE","country":"RU","postal_code":"195251","postal_code_ext":null,"postal_code_vanity":null}},{"id":"90b96fcb-d8c0-4dac-9f6c-1b438ebfd0a4","type":"Feature","feature_type":"address","geometry":null,"properties":{"address":"ул. Политехническая, д. 29, лит. П, НИК","unit":"А.3.18 Помещение уборочного инвентаря","locality":"city","province":"RU-SPE","country":"RU","postal_code":"195251","postal_code_ext":null,"postal_code_vanity":null}},{"id":"297750df-43d7-4170-a374-dabdfb368459","type":"Feature","feature_type":"address","geometry":null,"properties":{"address":"ул. Политехническая, д. 29, лит. П, НИК","unit":"Г.3.12","locality":"city","province":"RU-SPE","country":"RU","postal_code":"195251","postal_code_ext":null,"postal_code_vanity":null}},{"id":"fa2e30f4-9d16-42c9-b925-3128f3f99a94","type":"Feature","feature_type":"address","geometry":null,"properties":{"address":"ул. Политехническая, д. 29, лит. П, НИК","unit":"Г.3.13","locality":"city","province":"RU-SPE","country":"RU","postal_code":"195251","postal_code_ext":null,"postal_code_vanity":null}},{"id":"1a857739-8eb7-4d71-87c4-4be0bfcdf282","type":"Feature","feature_type":"address","geometry":null,"properties":{"address":"ул. Политехническая, д. 29, лит. П, НИК","unit":"Г.3.14 Центр дополнительного профессионального образования ПИШ \"Цифровой инжиниринг\"","locality":"city","province":"RU-SPE","country":"RU","postal_code":"195251","postal_code_ext":null,"postal_code_vanity":null}},{"id":"0c465c0d-cc12-4467-b6e6-974c806b9dce","type":"Feature","feature_type":"address","geometry":null,"properties":{"address":"ул. Политехническая, д. 29, лит. П, НИК","unit":"Г.3.15","locality":"city","province":"RU-SPE","country":"RU","postal_code":"195251","postal_code_ext":null,"postal_code_vanity":null}},{"id":"378d9065-0ea4-4f8b-9ba8-84be3a1dd510","type":"Feature","feature_type":"address","geometry":null,"properties":{"address":"ул. Политехническая, д. 29, лит. П, НИК","unit":"Туалет мужской","locality":"city","province":"RU-SPE","country":"RU","postal_code":"195251","postal_code_ext":null,"postal_code_vanity":null}},{"id":"f75abe3e-fbab-426c-afe0-3b2202f85659","type":"Feature","feature_type":"address","geometry":null,"properties":{"address":"ул. Политехническая, д. 29, лит. П, НИК","unit":"Туалет женский","locality":"city","province":"RU-SPE","country":"RU","postal_code":"195251","postal_code_ext":null,"postal_code_vanity":null}},{"id":"75b51353-102e-4eca-be5d-4beacd9fcaa0","type":"Feature","feature_type":"address","geometry":null,"properties":{"address":"ул. Политехническая, д. 29, лит. П, НИК","unit":"Г.3.34","locality":"city","province":"RU-SPE","country":"RU","postal_code":"195251","postal_code_ext":null,"postal_code_vanity":null}},{"id":"d089347b-bf0a-407e-8684-6fad8d66f086","type":"Feature","feature_type":"address","geometry":null,"properties":{"address":"ул. Политехническая, д. 29, лит. П, НИК","unit":"Г.3.28 Научная лаборатория \"Космические телекоммуникационные технологии\"","locality":"city","province":"RU-SPE","country":"RU","postal_code":"195251","postal_code_ext":null,"postal_code_vanity":null}},{"id":"5d72e4c9-a269-4c24-8ff9-3163ce8fdd28","type":"Feature","feature_type":"address","geometry":null,"properties":{"address":"ул. Политехническая, д. 29, лит. П, НИК","unit":"Г.3.65 Серверная","locality":"city","province":"RU-SPE","country":"RU","postal_code":"195251","postal_code_ext":null,"postal_code_vanity":null}},{"id":"bf1883dc-c792-4519-9aeb-532d7d84468e","type":"Feature","feature_type":"address","geometry":null,"properties":{"address":"ул. Политехническая, д. 29, лит. П, НИК","unit":"Г.3.47 ВК для кондиционирования","locality":"city","province":"RU-SPE","country":"RU","postal_code":"195251","postal_code_ext":null,"postal_code_vanity":null}},{"id":"ce372f27-b34b-4c1f-91e3-63be7fb13185","type":"Feature","feature_type":"address","geometry":null,"properties":{"address":"ул. Политехническая, д. 29, лит. П, НИК","unit":"Г.3.46 Институт физики, нанотехнологий и телекоммуникаций. Научная лаборатория \"Специальный Технологический Центр  - Политех\"","locality":"city","province":"RU-SPE","country":"RU","postal_code":"195251","postal_code_ext":null,"postal_code_vanity":null}},{"id":"45de268c-2abd-4c60-ac5c-6344de02cc71","type":"Feature","feature_type":"address","geometry":null,"properties":{"address":"ул. Политехническая, д. 29, лит. П, НИК","unit":"Г.3.42 Лаборатория архитектурно-дизайнерского проектирования Высшей  школы дизайна и архитектуры","locality":"city","province":"RU-SPE","country":"RU","postal_code":"195251","postal_code_ext":null,"postal_code_vanity":null}},{"id":"4776d398-195c-40ba-9494-420f4b459fb9","type":"Feature","feature_type":"address","geometry":null,"properties":{"address":"ул. Политехническая, д. 29, лит. П, НИК","unit":"Б.3.04","locality":"city","province":"RU-SPE","country":"RU","postal_code":"195251","postal_code_ext":null,"postal_code_vanity":null}},{"id":"2e4ab1a8-4acf-4b2c-a169-232d79b69b76","type":"Feature","feature_type":"address","geometry":null,"properties":{"address":"ул. Политехническая, д. 29, лит. П, НИК","unit":"В.3.12","locality":"city","province":"RU-SPE","country":"RU","postal_code":"195251","postal_code_ext":null,"postal_code_vanity":null}},{"id":"272560eb-05c8-44d8-b89d-d31b79d5fe64","type":"Feature","feature_type":"address","geometry":null,"properties":{"address":"ул. Политехническая, д. 29, лит. П, НИК","unit":"В.3.16","locality":"city","province":"RU-SPE","country":"RU","postal_code":"195251","postal_code_ext":null,"postal_code_vanity":null}},{"id":"ac825bb9-f340-468c-8fd3-4938a3057271","type":"Feature","feature_type":"address","geometry":null,"properties":{"address":"ул. Политехническая, д. 29, лит. П, НИК","unit":"Туалет мужской","locality":"city","province":"RU-SPE","country":"RU","postal_code":"195251","postal_code_ext":null,"postal_code_vanity":null}},{"id":"f4fd6978-a089-4c2c-ada8-01a6ce5bc50f","type":"Feature","feature_type":"address","geometry":null,"properties":{"address":"ул. Политехническая, д. 29, лит. П, НИК","unit":"В.3.08","locality":"city","province":"RU-SPE","country":"RU","postal_code":"195251","postal_code_ext":null,"postal_code_vanity":null}},{"id":"35bd7348-0c46-4c52-86f2-f34c2fdbfd00","type":"Feature","feature_type":"address","geometry":null,"properties":{"address":"ул. Политехническая, д. 29, лит. П, НИК","unit":"Туалет женский","locality":"city","province":"RU-SPE","country":"RU","postal_code":"195251","postal_code_ext":null,"postal_code_vanity":null}},{"id":"192c2a20-9f1f-4819-b185-4ee439d6ed4b","type":"Feature","feature_type":"address","geometry":null,"properties":{"address":"ул. Политехническая, д. 29, лит. П, НИК","unit":"В.3.05 И.о. проректора по перспективным проектам","locality":"city","province":"RU-SPE","country":"RU","postal_code":"195251","postal_code_ext":null,"postal_code_vanity":null}},{"id":"0bb647b5-fb3e-4ea8-8d7c-ed0e5a8c2c25","type":"Feature","feature_type":"address","geometry":null,"properties":{"address":"ул. Политехническая, д. 29, лит. П, НИК","unit":"В.3.04 Управление сопровождения научных проектов и программ. Отдел управления качеством","locality":"city","province":"RU-SPE","country":"RU","postal_code":"195251","postal_code_ext":null,"postal_code_vanity":null}},{"id":"b93f0e6c-4714-4c2f-bc9b-cdca1fffe10d","type":"Feature","feature_type":"address","geometry":null,"properties":{"address":"ул. Политехническая, д. 29, лит. П, НИК","unit":"В.3.02 Научно-технологическое образовательное пространство CML-Bench","locality":"city","province":"RU-SPE","country":"RU","postal_code":"195251","postal_code_ext":null,"postal_code_vanity":null}},{"id":"d0957b74-8fbb-41fe-a439-840ce38021c5","type":"Feature","feature_type":"address","geometry":null,"properties":{"address":"ул. Политехническая, д. 29, лит. П, НИК","unit":"В.3.40","locality":"city","province":"RU-SPE","country":"RU","postal_code":"195251","postal_code_ext":null,"postal_code_vanity":null}},{"id":"c5a58d49-1342-4794-b197-7deda1456cab","type":"Feature","feature_type":"address","geometry":null,"properties":{"address":"ул. Политехническая, д. 29, лит. П, НИК","unit":"В.3.17 Департамент стратегического планирования и развития. Исполнительная дирекция программы \"Приоритет-2030\"","locality":"city","province":"RU-SPE","country":"RU","postal_code":"195251","postal_code_ext":null,"postal_code_vanity":null}},{"id":"15a72a1f-222f-4929-abcb-9eea5e82f601","type":"Feature","feature_type":"address","geometry":null,"properties":{"address":"ул. Политехническая, д. 29, лит. П, НИК","unit":"В.3.18 Лаборатория \"Цифровое моделирование индустриальных систем\"","locality":"city","province":"RU-SPE","country":"RU","postal_code":"195251","postal_code_ext":null,"postal_code_vanity":null}},{"id":"e5d9d5a8-97b2-411c-b0fd-5739856e3c8c","type":"Feature","feature_type":"address","geometry":null,"properties":{"address":"ул. Политехническая, д. 29, лит. П, НИК","unit":"В.3.19 Центр интеллектуальной собственности. Центр поддержки технологий и инноваций","locality":"city","province":"RU-SPE","country":"RU","postal_code":"195251","postal_code_ext":null,"postal_code_vanity":null}},{"id":"92ce8412-897a-4780-a653-17176b8e85d5","type":"Feature","feature_type":"address","geometry":null,"properties":{"address":"ул. Политехническая, д. 29, лит. П, НИК","unit":"В.3.20 Лаборатория самовосстанавливающихся конструкционных материалов","locality":"city","province":"RU-SPE","country":"RU","postal_code":"195251","postal_code_ext":null,"postal_code_vanity":null}},{"id":"79f84308-db9b-4e0a-bb65-896111d587ba","type":"Feature","feature_type":"address","geometry":null,"properties":{"address":"ул. Политехническая, д. 29, лит. П, НИК","unit":"В.3.22 Интерактивный комплекс \"Передовые цифровые технологии в двигателестроении\"","locality":"city","province":"RU-SPE","country":"RU","postal_code":"195251","postal_code_ext":null,"postal_code_vanity":null}},{"id":"333a7693-4b2c-465c-a75b-013d0cbc1536","type":"Feature","feature_type":"address","geometry":null,"properties":{"address":"ул. Политехническая, д. 29, лит. П, НИК","unit":"В.3.29","locality":"city","province":"RU-SPE","country":"RU","postal_code":"195251","postal_code_ext":null,"postal_code_vanity":null}},{"id":"acae7262-8684-4118-bd41-bfd8fc889baf","type":"Feature","feature_type":"address","geometry":null,"properties":{"address":"ул. Политехническая, д. 29, лит. П, НИК","unit":"В.3.32","locality":"city","province":"RU-SPE","country":"RU","postal_code":"195251","postal_code_ext":null,"postal_code_vanity":null}},{"id":"56408dc2-0229-4162-b596-299d8a163bf3","type":"Feature","feature_type":"address","geometry":null,"properties":{"address":"ул. Политехническая, д. 29, лит. П, НИК","unit":"В.3.37 Научно-технологическое образовательное пространство CML-Bench","locality":"city","province":"RU-SPE","country":"RU","postal_code":"195251","postal_code_ext":null,"postal_code_vanity":null}},{"id":"b52b34ea-9d59-46ca-9670-acbba55e0169","type":"Feature","feature_type":"address","geometry":null,"properties":{"address":"ул. Политехническая, д. 29, лит. П, НИК","unit":"А.3.29 Системная биология и биоинформатика. Математическая биология и биоинформатика","locality":"city","province":"RU-SPE","country":"RU","postal_code":"195251","postal_code_ext":null,"postal_code_vanity":null}},{"id":"9f9b6ab6-cf12-4fd5-a332-0626d933c823","type":"Feature","feature_type":"address","geometry":null,"properties":{"address":"ул. Политехническая, д. 29, лит. П, НИК","unit":"А.3.28 Системная биология и биоинформатика. Математическая биология и биоинформатика","locality":"city","province":"RU-SPE","country":"RU","postal_code":"195251","postal_code_ext":null,"postal_code_vanity":null}},{"id":"3165b3b5-7aab-4fe7-879c-4eee83009fa7","type":"Feature","feature_type":"address","geometry":null,"properties":{"address":"ул. Политехническая, д. 29, лит. П, НИК","unit":"А.3.04  Инжиниринговый центр \"Центр компьютерного инжиниринга\" (CompMechLab)","locality":"city","province":"RU-SPE","country":"RU","postal_code":"195251","postal_code_ext":null,"postal_code_vanity":null}},{"id":"3940f512-8fdc-48fb-840a-057c98ea0b46","type":"Feature","feature_type":"address","geometry":null,"properties":{"address":"ул. Политехническая, д. 29, лит. П, НИК","unit":"А.3.05 Инжиниринговый центр \"Центр компьютерного инжиниринга\" (CompMechLab)","locality":"city","province":"RU-SPE","country":"RU","postal_code":"195251","postal_code_ext":null,"postal_code_vanity":null}},{"id":"3bf247d4-1efc-4acb-9a0c-8ffb31d514b2","type":"Feature","feature_type":"address","geometry":null,"properties":{"address":"ул. Политехническая, д. 29, лит. П, НИК","unit":"А.3.06 Инфраструктурный центр НТИ по направлению \"Технет\"","locality":"city","province":"RU-SPE","country":"RU","postal_code":"195251","postal_code_ext":null,"postal_code_vanity":null}},{"id":"a46e041d-f769-4602-a7a9-1b40c07501c5","type":"Feature","feature_type":"address","geometry":null,"properties":{"address":"ул. Политехническая, д. 29, лит. П, НИК","unit":"А.3.08 Дирекция","locality":"city","province":"RU-SPE","country":"RU","postal_code":"195251","postal_code_ext":null,"postal_code_vanity":null}},{"id":"9396a74c-86dd-4b7c-893d-018601644624","type":"Feature","feature_type":"address","geometry":null,"properties":{"address":"ул. Политехническая, д. 29, лит. П, НИК","unit":"А.3.10 Инжиниринговый центр \"Центр компьютерного инжиниринга\" (CompMechLab)","locality":"city","province":"RU-SPE","country":"RU","postal_code":"195251","postal_code_ext":null,"postal_code_vanity":null}},{"id":"70e8915c-a0d9-4105-a1f6-e59a4699542e","type":"Feature","feature_type":"address","geometry":null,"properties":{"address":"ул. Политехническая, д. 29, лит. П, НИК","unit":"А.3.21 Инжиниринговый центр \"Центр компьютерного инжиниринга\" (CompMechLab)","locality":"city","province":"RU-SPE","country":"RU","postal_code":"195251","postal_code_ext":null,"postal_code_vanity":null}},{"id":"320dc097-5bab-4b96-afea-722851b33bf6","type":"Feature","feature_type":"address","geometry":null,"properties":{"address":"ул. Политехническая, д. 29, лит. П, НИК","unit":"А.3.22 Инжиниринговый центр \"Центр компьютерного инжиниринга\" (CompMechLab)","locality":"city","province":"RU-SPE","country":"RU","postal_code":"195251","postal_code_ext":null,"postal_code_vanity":null}},{"id":"3fdcaba7-32cc-498f-b255-c1fe084086c2","type":"Feature","feature_type":"address","geometry":null,"properties":{"address":"ул. Политехническая, д. 29, лит. П, НИК","unit":"А.3.23 Инжиниринговый центр \"Центр компьютерного инжиниринга\" (CompMechLab)","locality":"city","province":"RU-SPE","country":"RU","postal_code":"195251","postal_code_ext":null,"postal_code_vanity":null}},{"id":"90793a89-5c71-46f4-b07d-36d6ef1a2147","type":"Feature","feature_type":"address","geometry":null,"properties":{"address":"ул. Политехническая, д. 29, лит. П, НИК","unit":"А.3.24 Инжиниринговый центр \"Центр компьютерного инжиниринга\" (CompMechLab)","locality":"city","province":"RU-SPE","country":"RU","postal_code":"195251","postal_code_ext":null,"postal_code_vanity":null}},{"id":"d35ffafc-5abb-4b98-be0a-be981f185d4c","type":"Feature","feature_type":"address","geometry":null,"properties":{"address":"ул. Политехническая, д. 29, лит. П, НИК","unit":"А.3.40 Серверная","locality":"city","province":"RU-SPE","country":"RU","postal_code":"195251","postal_code_ext":null,"postal_code_vanity":null}},{"id":"ec049570-e630-438b-b9e4-846693017475","type":"Feature","feature_type":"address","geometry":null,"properties":{"address":"ул. Политехническая, д. 29, лит. П, НИК","unit":"","locality":"city","province":"RU-SPE","country":"RU","postal_code":"195251","postal_code_ext":null,"postal_code_vanity":null}},{"id":"a90c9aec-3f27-4528-9a3c-b83ae779c7d9","type":"Feature","feature_type":"address","geometry":null,"properties":{"address":"ул. Политехническая, д. 29, лит. П, НИК","unit":"","locality":"city","province":"RU-SPE","country":"RU","postal_code":"195251","postal_code_ext":null,"postal_code_vanity":null}},{"id":"d02928da-bbf0-48d7-afa1-bb677cb4dfcd","type":"Feature","feature_type":"address","geometry":null,"properties":{"address":"ул. Политехническая, д. 29, лит. П, НИК","unit":"","locality":"city","province":"RU-SPE","country":"RU","postal_code":"195251","postal_code_ext":null,"postal_code_vanity":null}},{"id":"4227d8a4-b468-41ab-bd93-66c067fcd9e0","type":"Feature","feature_type":"address","geometry":null,"properties":{"address":"ул. Политехническая, д. 29, лит. П, НИК","unit":"","locality":"city","province":"RU-SPE","country":"RU","postal_code":"195251","postal_code_ext":null,"postal_code_vanity":null}},{"id":"041cc811-9dc0-40b3-a0bd-c724ef6123ac","type":"Feature","feature_type":"address","geometry":null,"properties":{"address":"ул. Политехническая, д. 29, лит. П, НИК","unit":"","locality":"city","province":"RU-SPE","country":"RU","postal_code":"195251","postal_code_ext":null,"postal_code_vanity":null}},{"id":"cdde59af-95e3-4aa1-aa69-03737eee4507","type":"Feature","feature_type":"address","geometry":null,"properties":{"address":"ул. Политехническая, д. 29, лит. П, НИК","unit":"Конференц зал \"Семёнов\".  Большой конференц зал","locality":"city","province":"RU-SPE","country":"RU","postal_code":"195251","postal_code_ext":null,"postal_code_vanity":null}},{"id":"45deac8d-e4c7-4fa9-bf1e-563b0d08c630","type":"Feature","feature_type":"address","geometry":null,"properties":{"address":"ул. Политехническая, д. 29, лит. П, НИК","unit":"","locality":"city","province":"RU-SPE","country":"RU","postal_code":"195251","postal_code_ext":null,"postal_code_vanity":null}},{"id":"854caac2-4941-464b-89e2-123efc2b1103","type":"Feature","feature_type":"address","geometry":null,"properties":{"address":"ул. Политехническая, д. 29, лит. П, НИК","unit":"","locality":"city","province":"RU-SPE","country":"RU","postal_code":"195251","postal_code_ext":null,"postal_code_vanity":null}},{"id":"e3e5e849-0841-40dc-af5b-603177407ce0","type":"Feature","feature_type":"address","geometry":null,"properties":{"address":"ул. Политехническая, д. 29, лит. П, НИК","unit":"","locality":"city","province":"RU-SPE","country":"RU","postal_code":"195251","postal_code_ext":null,"postal_code_vanity":null}},{"id":"8c7a462e-88d1-4f48-b953-a09fef5cc5b4","type":"Feature","feature_type":"address","geometry":null,"properties":{"address":"ул. Политехническая, д. 29, лит. П, НИК","unit":"","locality":"city","province":"RU-SPE","country":"RU","postal_code":"195251","postal_code_ext":null,"postal_code_vanity":null}},{"id":"aeb846a9-c304-496c-b04d-039c45639f61","type":"Feature","feature_type":"address","geometry":null,"properties":{"address":"ул. Политехническая, д. 29, лит. П, НИК","unit":"","locality":"city","province":"RU-SPE","country":"RU","postal_code":"195251","postal_code_ext":null,"postal_code_vanity":null}},{"id":"b5195774-d3e2-494e-8fc8-35143deef6c6","type":"Feature","feature_type":"address","geometry":null,"properties":{"address":"ул. Политехническая, д. 29, лит. П, НИК","unit":"Г.3.45","locality":"city","province":"RU-SPE","country":"RU","postal_code":"195251","postal_code_ext":null,"postal_code_vanity":null}},{"id":"5aa00e27-79f2-4b4f-9580-90b59884f3c1","type":"Feature","feature_type":"address","geometry":null,"properties":{"address":"ул. Политехническая, д. 29, лит. П, НИК","unit":"","locality":"city","province":"RU-SPE","country":"RU","postal_code":"195251","postal_code_ext":null,"postal_code_vanity":null}},{"id":"389a9d01-0a47-489e-84cf-5a0adb0a693f","type":"Feature","feature_type":"address","geometry":null,"properties":{"address":"ул. Политехническая, д. 29, лит. П, НИК","unit":"Г.3.41 Центр компетенций по бережливому производству \"Лин-лаборатория\". кафедра ЮНЕСКО \"Управление качеством образования в интересах устойчивого развития\"","locality":"city","province":"RU-SPE","country":"RU","postal_code":"195251","postal_code_ext":null,"postal_code_vanity":null}},{"id":"b997ba25-2373-4fa6-a221-0926246295eb","type":"Feature","feature_type":"address","geometry":null,"properties":{"address":"ул. Политехническая, д. 29, лит. П, НИК","unit":"Б.3.03","locality":"city","province":"RU-SPE","country":"RU","postal_code":"195251","postal_code_ext":null,"postal_code_vanity":null}},{"id":"e20d3a44-7043-4e8a-b8c9-70faab039f5c","type":"Feature","feature_type":"address","geometry":null,"properties":{"address":"ул. Политехническая, д. 29, лит. П, НИК","unit":"Г.3.40","locality":"city","province":"RU-SPE","country":"RU","postal_code":"195251","postal_code_ext":null,"postal_code_vanity":null}},{"id":"5c9cc4bc-6639-4dfb-962a-85d3a050cd89","type":"Feature","feature_type":"address","geometry":null,"properties":{"address":"ул. Политехническая, д. 29, лит. П, НИК","unit":"Г.3.06 Высшая школа технологического предпринимательства. Стартап-центр","locality":"city","province":"RU-SPE","country":"RU","postal_code":"195251","postal_code_ext":null,"postal_code_vanity":null}},{"id":"66b717fd-802f-4574-85f3-efe2da202a36","type":"Feature","feature_type":"address","geometry":null,"properties":{"address":"ул. Политехническая, д. 29, лит. П, НИК","unit":"Г.3.05 Лаборатория \"3D-образование\". Центр дополнительного профессионального образования ПИШ \"Цифровой инжиниринг\"","locality":"city","province":"RU-SPE","country":"RU","postal_code":"195251","postal_code_ext":null,"postal_code_vanity":null}},{"id":"48082970-e555-40a4-8053-91dde0b62ff5","type":"Feature","feature_type":"address","geometry":null,"properties":{"address":"ул. Политехническая, д. 29, лит. П, НИК","unit":"Г.3.04 Лаборатория \"Промышленные системы потоковой обработки даннных\"","locality":"city","province":"RU-SPE","country":"RU","postal_code":"195251","postal_code_ext":null,"postal_code_vanity":null}},{"id":"af56d052-16cc-43f0-864c-21d737185f1f","type":"Feature","feature_type":"address","geometry":null,"properties":{"address":"ул. Политехническая, д. 29, лит. П, НИК","unit":"Г.3.03 Дирекция. Отдел персонала ПИШ \"Цифровой инжиниринг\"","locality":"city","province":"RU-SPE","country":"RU","postal_code":"195251","postal_code_ext":null,"postal_code_vanity":null}},{"id":"ee691d70-fa3a-4286-8e2d-ef8571b1a9e0","type":"Feature","feature_type":"address","geometry":null,"properties":{"address":"ул. Политехническая, д. 29, лит. П, НИК","unit":"Г.3.02 Высшая школа передовых цифровых технологий","locality":"city","province":"RU-SPE","country":"RU","postal_code":"195251","postal_code_ext":null,"postal_code_vanity":null}},{"id":"3791a5e8-a876-4d2e-9155-df3a981c02ce","type":"Feature","feature_type":"address","geometry":null,"properties":{"address":"ул. Политехническая, д. 29, лит. П, НИК","unit":"Г.3.01 Лаборатория \"Компьютерный инжиниринг\" ИППТ","locality":"city","province":"RU-SPE","country":"RU","postal_code":"195251","postal_code_ext":null,"postal_code_vanity":null}},{"id":"109301ca-a663-4f6b-ba45-c11ab9dafac3","type":"Feature","feature_type":"address","geometry":null,"properties":{"address":"ул. Политехническая, д. 29, лит. П, НИК","unit":"А.3.13 Вентиляционная камера","locality":"city","province":"RU-SPE","country":"RU","postal_code":"195251","postal_code_ext":null,"postal_code_vanity":null}},{"id":"fc31a9f3-a1bd-4bf5-ae15-331961c06408","type":"Feature","feature_type":"address","geometry":null,"properties":{"address":"ул. Политехническая, д. 29, лит. П, НИК","unit":"А.3.12 Инжиниринговый центр \"Центр компьютерного инжиниринга\" (CompMechLab)","locality":"city","province":"RU-SPE","country":"RU","postal_code":"195251","postal_code_ext":null,"postal_code_vanity":null}},{"id":"01435097-6960-45b2-bd02-66969ee31f09","type":"Feature","feature_type":"address","geometry":null,"properties":{"address":"ул. Политехническая, д. 29, лит. П, НИК","unit":"А.3.02 Отдел маркетинга передовых технологий","locality":"city","province":"RU-SPE","country":"RU","postal_code":"195251","postal_code_ext":null,"postal_code_vanity":null}},{"id":"2dd97633-436b-415f-b9af-e4cb189ff499","type":"Feature","feature_type":"address","geometry":null,"properties":{"address":"ул. Политехническая, д. 29, лит. П, НИК","unit":"А.3.01 Отдел маркетинга передовых технологий","locality":"city","province":"RU-SPE","country":"RU","postal_code":"195251","postal_code_ext":null,"postal_code_vanity":null}},{"id":"98333998-6ab6-4e0b-b0dc-1fe9854edaa9","type":"Feature","feature_type":"address","geometry":null,"properties":{"address":"ул. Политехническая, д. 29, лит. П, НИК","unit":"А.3.37 Дирекция","locality":"city","province":"RU-SPE","country":"RU","postal_code":"195251","postal_code_ext":null,"postal_code_vanity":null}},{"id":"dd3104f2-7007-4e33-8aca-a7f2134e7fb8","type":"Feature","feature_type":"address","geometry":null,"properties":{"address":"ул. Политехническая, д. 29, лит. П, НИК","unit":"А.3.36 Дирекция","locality":"city","province":"RU-SPE","country":"RU","postal_code":"195251","postal_code_ext":null,"postal_code_vanity":null}},{"id":"aed063f3-433a-49a9-ae08-8c4a5a23adc6","type":"Feature","feature_type":"address","geometry":null,"properties":{"address":"ул. Политехническая, д. 29, лит. П, НИК","unit":"А.3.35 Инжиниринговый центр \"Центр компьютерного инжиниринга\" (CompMechLab)","locality":"city","province":"RU-SPE","country":"RU","postal_code":"195251","postal_code_ext":null,"postal_code_vanity":null}},{"id":"2f0785e8-fc1d-4bf5-b3cb-04859d68e64b","type":"Feature","feature_type":"address","geometry":null,"properties":{"address":"ул. Политехническая, д. 29, лит. П, НИК","unit":"А.3.34 Инжиниринговый центр \"Центр компьютерного инжиниринга\" (CompMechLab)","locality":"city","province":"RU-SPE","country":"RU","postal_code":"195251","postal_code_ext":null,"postal_code_vanity":null}},{"id":"aa73c334-aee7-4cb7-a841-231cec731d2c","type":"Feature","feature_type":"address","geometry":null,"properties":{"address":"ул. Политехническая, д. 29, лит. П, НИК","unit":"А.3.33","locality":"city","province":"RU-SPE","country":"RU","postal_code":"195251","postal_code_ext":null,"postal_code_vanity":null}},{"id":"5b458c47-b1ab-4a26-bcc3-50b4493928d5","type":"Feature","feature_type":"address","geometry":null,"properties":{"address":"ул. Политехническая, д. 29, лит. П, НИК","unit":"А.3.32 Дирекция","locality":"city","province":"RU-SPE","country":"RU","postal_code":"195251","postal_code_ext":null,"postal_code_vanity":null}},{"id":"cfc85894-4afd-4182-b299-da7625cc5e4d","type":"Feature","feature_type":"address","geometry":null,"properties":{"address":"ул. Политехническая, д. 29, лит. П, НИК","unit":"А.3.30 Системная биология и биоинформатика. Математическая биология и биоинформатика","locality":"city","province":"RU-SPE","country":"RU","postal_code":"195251","postal_code_ext":null,"postal_code_vanity":null}},{"id":"cc654a63-877d-4eef-b994-b685cb8fc225","type":"Feature","feature_type":"address","geometry":null,"properties":{"address":"ул. Политехническая, д. 29, лит. П, НИК","unit":"А.3.31 Системная биология и биоинформатика. Математическая биология и биоинформатика","locality":"city","province":"RU-SPE","country":"RU","postal_code":"195251","postal_code_ext":null,"postal_code_vanity":null}},{"id":"c574ff0d-82ed-4733-b063-0d08d4b2cc03","type":"Feature","feature_type":"address","geometry":null,"properties":{"address":"ул. Политехническая, д. 29, лит. П, НИК","unit":"А.3.27 Лаборатория \"Лёгкие материалы и конструкции\". Коворкинг","locality":"city","province":"RU-SPE","country":"RU","postal_code":"195251","postal_code_ext":null,"postal_code_vanity":null}},{"id":"293761c4-83f5-48ea-850a-868de2819f04","type":"Feature","feature_type":"address","geometry":null,"properties":{"address":"ул. Политехническая, д. 29, лит. П, НИК","unit":"А.3.26 Лаборатория \"Промышленные системы потоковой обработки данных\"","locality":"city","province":"RU-SPE","country":"RU","postal_code":"195251","postal_code_ext":null,"postal_code_vanity":null}},{"id":"7641efb5-3014-4f45-8f29-8eaca915baae","type":"Feature","feature_type":"address","geometry":null,"properties":{"address":"ул. Политехническая, д. 29, лит. П, НИК","unit":"В.3.36 Лаборатория \"Моделирование технологических процессов и проектирование энергетического оборудования\"","locality":"city","province":"RU-SPE","country":"RU","postal_code":"195251","postal_code_ext":null,"postal_code_vanity":null}},{"id":"2199f49e-8c43-49bd-a9eb-9e481aa2ec61","type":"Feature","feature_type":"address","geometry":null,"properties":{"address":"ул. Политехническая, д. 29, лит. П, НИК","unit":"В.3.35 Лаборатория \"Моделирование технологических процессов и проектирование энергетического оборудования\"","locality":"city","province":"RU-SPE","country":"RU","postal_code":"195251","postal_code_ext":null,"postal_code_vanity":null}},{"id":"8a9ca700-b3a7-4951-9208-65797c212fbe","type":"Feature","feature_type":"address","geometry":null,"properties":{"address":"ул. Политехническая, д. 29, лит. П, НИК","unit":"В.3.34","locality":"city","province":"RU-SPE","country":"RU","postal_code":"195251","postal_code_ext":null,"postal_code_vanity":null}},{"id":"8ae1b657-603a-4066-9760-07c08e626515","type":"Feature","feature_type":"address","geometry":null,"properties":{"address":"ул. Политехническая, д. 29, лит. П, НИК","unit":"В.3.33 Боровков Алексей Иванович","locality":"city","province":"RU-SPE","country":"RU","postal_code":"195251","postal_code_ext":null,"postal_code_vanity":null}},{"id":"ba6d3b24-8c8b-4a2a-9f95-05862b653208","type":"Feature","feature_type":"address","geometry":null,"properties":{"address":"ул. Политехническая, д. 29, лит. П, НИК","unit":"В.3.28 Фомин Юрий Владимирович. Проректор по научной работе, кандидат физико-математических наук","locality":"city","province":"RU-SPE","country":"RU","postal_code":"195251","postal_code_ext":null,"postal_code_vanity":null}},{"id":"44838938-b30c-4796-a2a0-d14ae60d8eaa","type":"Feature","feature_type":"address","geometry":null,"properties":{"address":"ул. Политехническая, д. 29, лит. П, НИК","unit":"В.3.23","locality":"city","province":"RU-SPE","country":"RU","postal_code":"195251","postal_code_ext":null,"postal_code_vanity":null}},{"id":"fba82469-ed42-4d52-bc09-005a591978a7","type":"Feature","feature_type":"address","geometry":null,"properties":{"address":"ул. Политехническая, д. 29, лит. П, НИК","unit":"В.3.14 Чиллерная","locality":"city","province":"RU-SPE","country":"RU","postal_code":"195251","postal_code_ext":null,"postal_code_vanity":null}},{"id":"f8c35a40-1891-4eb5-b8be-22d829ded950","type":"Feature","feature_type":"address","geometry":null,"properties":{"address":"ул. Политехническая, д. 29, лит. П, НИК","unit":"Г.3.22 Научно-технологический комплекс \"Новые технологии и материалы\"","locality":"city","province":"RU-SPE","country":"RU","postal_code":"195251","postal_code_ext":null,"postal_code_vanity":null}},{"id":"1b26c523-b30a-4d3a-8c56-8f5510e20163","type":"Feature","feature_type":"address","geometry":null,"properties":{"address":"ул. Политехническая, д. 29, лит. П, НИК","unit":"Г.3.21 Научно-технологический комплекс \"Новые технологии и материалы\"","locality":"city","province":"RU-SPE","country":"RU","postal_code":"195251","postal_code_ext":null,"postal_code_vanity":null}},{"id":"2fbbb749-7616-4660-86e0-a5df73d89794","type":"Feature","feature_type":"address","geometry":null,"properties":{"address":"ул. Политехническая, д. 29, лит. П, НИК","unit":"Г.3.20 НОЦ \"Цифровой инжиниринг основного оборудования химико-технологических систем\"","locality":"city","province":"RU-SPE","country":"RU","postal_code":"195251","postal_code_ext":null,"postal_code_vanity":null}},{"id":"cf4f331f-13ac-4824-8049-58fce01e6166","type":"Feature","feature_type":"address","geometry":null,"properties":{"address":"ул. Политехническая, д. 29, лит. П, НИК","unit":"Г.3.19 Научно-исследовательская лаборатория \"Теоретическая биология А.П. Козлова\"","locality":"city","province":"RU-SPE","country":"RU","postal_code":"195251","postal_code_ext":null,"postal_code_vanity":null}},{"id":"b641b7c2-d328-4dbc-aeac-1cba11a96083","type":"Feature","feature_type":"address","geometry":null,"properties":{"address":"ул. Политехническая, д. 29, лит. П, НИК","unit":"Г.3.18 Национальный центр качества и экспертизы","locality":"city","province":"RU-SPE","country":"RU","postal_code":"195251","postal_code_ext":null,"postal_code_vanity":null}},{"id":"461d1694-293b-4399-91ba-95e0fdd81782","type":"Feature","feature_type":"address","geometry":null,"properties":{"address":"ул. Политехническая, д. 29, лит. П, НИК","unit":"Г.3.17 Управление научно-технологического партнерства","locality":"city","province":"RU-SPE","country":"RU","postal_code":"195251","postal_code_ext":null,"postal_code_vanity":null}},{"id":"7a4809a2-a479-462c-964b-58c955226b81","type":"Feature","feature_type":"address","geometry":null,"properties":{"address":"ул. Политехническая, д. 29, лит. П, НИК","unit":"В.3.03 Управление сопровождения научных проектов и программ","locality":"city","province":"RU-SPE","country":"RU","postal_code":"195251","postal_code_ext":null,"postal_code_vanity":null}},{"id":"1ea889fa-497e-46a1-93f5-9c7e42580ef7","type":"Feature","feature_type":"address","geometry":null,"properties":{"address":"ул. Политехническая, д. 29, лит. П, НИК","unit":"В.3.13 Вентиляционная камера","locality":"city","province":"RU-SPE","country":"RU","postal_code":"195251","postal_code_ext":null,"postal_code_vanity":null}},{"id":"0d543110-aef0-4a8f-bdd8-f7c96e6c475f","type":"Feature","feature_type":"address","geometry":null,"properties":{"address":"ул. Политехническая, д. 29, лит. П, НИК","unit":"Г.3.23 Научно-технологический комплекс \"Новые технологии и материалы\"","locality":"city","province":"RU-SPE","country":"RU","postal_code":"195251","postal_code_ext":null,"postal_code_vanity":null}},{"id":"240ff63a-eb10-45f1-bf7d-995a8d97c072","type":"Feature","feature_type":"address","geometry":null,"properties":{"address":"ул. Политехническая, д. 29, лит. П, НИК","unit":"Г.3.24 Научно-технологический комплекс \"Новые технологии и материалы\"","locality":"city","province":"RU-SPE","country":"RU","postal_code":"195251","postal_code_ext":null,"postal_code_vanity":null}},{"id":"8cd06b93-3c57-4063-8a4b-3cc19ba63109","type":"Feature","feature_type":"address","geometry":null,"properties":{"address":"ул. Политехническая, д. 29, лит. П, НИК","unit":"Г.3.25 Научно-технологический комплекс \"Новые технологии и материалы\"","locality":"city","province":"RU-SPE","country":"RU","postal_code":"195251","postal_code_ext":null,"postal_code_vanity":null}},{"id":"44b7b48b-4441-4467-895d-278fa5d10720","type":"Feature","feature_type":"address","geometry":null,"properties":{"address":"ул. Политехническая, д. 29, лит. П, НИК","unit":"Г.3.27 Системная биология и биоинформатика. Математическая биология и биоинформатика","locality":"city","province":"RU-SPE","country":"RU","postal_code":"195251","postal_code_ext":null,"postal_code_vanity":null}},{"id":"891cdf05-cb80-4adf-ad26-a253f0065216","type":"Feature","feature_type":"address","geometry":null,"properties":{"address":"ул. Политехническая, д. 29, лит. П, НИК","unit":"Г.3.26 Системная биология и биоинформатика. Математическая биология и биоинформатика","locality":"city","province":"RU-SPE","country":"RU","postal_code":"195251","postal_code_ext":null,"postal_code_vanity":null}},{"id":"6d09cd82-8142-444a-80ce-ab2990bf8f77","type":"Feature","feature_type":"address","geometry":null,"properties":{"address":"ул. Политехническая, д. 29, лит. П, 1-2 корпус","unit":"","locality":"city","province":"RU-SPE","country":"RU","postal_code":"195251","postal_code_ext":null,"postal_code_vanity":null}},{"id":"1507eea1-9aae-4032-9d6d-ada6da868fca","type":"Feature","feature_type":"address","geometry":null,"properties":{"address":"ул. Политехническая, д. 29, лит. П, 1-2 корпус","unit":"","locality":"city","province":"RU-SPE","country":"RU","postal_code":"195251","postal_code_ext":null,"postal_code_vanity":null}},{"id":"de27e05e-88b8-4ed9-aea9-8e6349397560","type":"Feature","feature_type":"address","geometry":null,"properties":{"address":"ул. Политехническая, д. 29, лит. П, 1-2 корпус","unit":"","locality":"city","province":"RU-SPE","country":"RU","postal_code":"195251","postal_code_ext":null,"postal_code_vanity":null}},{"id":"568a68a7-66bc-4930-a488-6358bc4fd607","type":"Feature","feature_type":"address","geometry":null,"properties":{"address":"ул. Политехническая, д. 29, лит. П, 1-2 корпус","unit":"Отдел защиты конфиденциальной информации","locality":"city","province":"RU-SPE","country":"RU","postal_code":"195251","postal_code_ext":null,"postal_code_vanity":null}},{"id":"5f2fddaa-8fc4-499b-b27e-0df3d243dfd4","type":"Feature","feature_type":"address","geometry":null,"properties":{"address":"ул. Политехническая, д. 29, лит. П, 1-2 корпус","unit":"","locality":"city","province":"RU-SPE","country":"RU","postal_code":"195251","postal_code_ext":null,"postal_code_vanity":null}},{"id":"6c641a33-e912-4fc9-85ff-e26ee68f1d39","type":"Feature","feature_type":"address","geometry":null,"properties":{"address":"ул. Политехническая, д. 29, лит. П, 1-2 корпус","unit":"","locality":"city","province":"RU-SPE","country":"RU","postal_code":"195251","postal_code_ext":null,"postal_code_vanity":null}},{"id":"0ac6d23e-a0da-4d0e-aa75-a4339ebeffd9","type":"Feature","feature_type":"address","geometry":null,"properties":{"address":"ул. Политехническая, д. 29, лит. П, 1-2 корпус","unit":"Лекторий 41","locality":"city","province":"RU-SPE","country":"RU","postal_code":"195251","postal_code_ext":null,"postal_code_vanity":null}},{"id":"be84186e-97d2-44f9-b48f-26d7cb63b205","type":"Feature","feature_type":"address","geometry":null,"properties":{"address":"ул. Политехническая, д. 29, лит. П, 1-2 корпус","unit":"","locality":"city","province":"RU-SPE","country":"RU","postal_code":"195251","postal_code_ext":null,"postal_code_vanity":null}},{"id":"09451d6d-e199-4559-a4e8-9191f90c3c99","type":"Feature","feature_type":"address","geometry":null,"properties":{"address":"ул. Политехническая, д. 29, лит. П, 1-2 корпус","unit":"","locality":"city","province":"RU-SPE","country":"RU","postal_code":"195251","postal_code_ext":null,"postal_code_vanity":null}},{"id":"e1e43762-2336-4b7a-9fca-eddb7ed1ba32","type":"Feature","feature_type":"address","geometry":null,"properties":{"address":"ул. Политехническая, д. 29, лит. П, 1-2 корпус","unit":"Туалет мужской","locality":"city","province":"RU-SPE","country":"RU","postal_code":"195251","postal_code_ext":null,"postal_code_vanity":null}},{"id":"263ad50b-efd9-4393-85fe-f28f6187f42e","type":"Feature","feature_type":"address","geometry":null,"properties":{"address":"ул. Политехническая, д. 29, лит. П, 1-2 корпус","unit":"Туалет женский","locality":"city","province":"RU-SPE","country":"RU","postal_code":"195251","postal_code_ext":null,"postal_code_vanity":null}},{"id":"54360193-983a-499c-b6af-0fd422f25f6d","type":"Feature","feature_type":"address","geometry":null,"properties":{"address":"ул. Политехническая, д. 29, лит. П, 1-2 корпус","unit":"Столовая","locality":"city","province":"RU-SPE","country":"RU","postal_code":"195251","postal_code_ext":null,"postal_code_vanity":null}},{"id":"6369dfc0-79e5-44de-b6f1-107dd65ffc2f","type":"Feature","feature_type":"address","geometry":null,"properties":{"address":"ул. Политехническая, д. 29, лит. П, 1-2 корпус","unit":"Гардероб","locality":"city","province":"RU-SPE","country":"RU","postal_code":"195251","postal_code_ext":null,"postal_code_vanity":null}},{"id":"861d8d2d-95cd-4207-8167-f776b02d5139","type":"Feature","feature_type":"address","geometry":null,"properties":{"address":"ул. Политехническая, д. 29, лит. П, 1-2 корпус","unit":"","locality":"city","province":"RU-SPE","country":"RU","postal_code":"195251","postal_code_ext":null,"postal_code_vanity":null}},{"id":"7a6198f5-588e-4ec1-b63e-1eb2c6d46b0d","type":"Feature","feature_type":"address","geometry":null,"properties":{"address":"ул. Политехническая, д. 29, лит. П, 1-2 корпус","unit":"Почта России","locality":"city","province":"RU-SPE","country":"RU","postal_code":"195251","postal_code_ext":null,"postal_code_vanity":null}},{"id":"fd6d0509-6a8b-43e7-a4d6-ad4c0866f2bf","type":"Feature","feature_type":"address","geometry":null,"properties":{"address":"ул. Политехническая, д. 29, лит. П, 1-2 корпус","unit":"Отдел контроля движимого имущества","locality":"city","province":"RU-SPE","country":"RU","postal_code":"195251","postal_code_ext":null,"postal_code_vanity":null}},{"id":"cb7fc70f-600d-4648-ba6d-adc766643f62","type":"Feature","feature_type":"address","geometry":null,"properties":{"address":"ул. Политехническая, д. 29, лит. П, 1-2 корпус","unit":"123. Управление персоналом","locality":"city","province":"RU-SPE","country":"RU","postal_code":"195251","postal_code_ext":null,"postal_code_vanity":null}},{"id":"a1249a57-12d7-4bf1-b6b9-3ffb833b0762","type":"Feature","feature_type":"address","geometry":null,"properties":{"address":"ул. Политехническая, д. 29, лит. П, 1-2 корпус","unit":"124.Управление бухгалтерского учета","locality":"city","province":"RU-SPE","country":"RU","postal_code":"195251","postal_code_ext":null,"postal_code_vanity":null}},{"id":"6829677d-b236-4aad-98a6-4c30a8246e57","type":"Feature","feature_type":"address","geometry":null,"properties":{"address":"ул. Политехническая, д. 29, лит. П, 1-2 корпус","unit":"Кабинет 127","locality":"city","province":"RU-SPE","country":"RU","postal_code":"195251","postal_code_ext":null,"postal_code_vanity":null}},{"id":"dd07b9f7-f1ef-437f-8d5e-c32ec18df136","type":"Feature","feature_type":"address","geometry":null,"properties":{"address":"ул. Политехническая, д. 29, лит. П, 1-2 корпус","unit":"128.Старший администратор 1 учебного корпуса Николаева Любовь Павловна","locality":"city","province":"RU-SPE","country":"RU","postal_code":"195251","postal_code_ext":null,"postal_code_vanity":null}},{"id":"562729b1-c9ba-4ae3-9346-88d870231984","type":"Feature","feature_type":"address","geometry":null,"properties":{"address":"ул. Политехническая, д. 29, лит. П, 1-2 корпус","unit":"Кабинет 131","locality":"city","province":"RU-SPE","country":"RU","postal_code":"195251","postal_code_ext":null,"postal_code_vanity":null}},{"id":"55e301a0-d921-4a08-b059-fa235673cf92","type":"Feature","feature_type":"address","geometry":null,"properties":{"address":"ул. Политехническая, д. 29, лит. П, 1-2 корпус","unit":"132. Отдел аренды","locality":"city","province":"RU-SPE","country":"RU","postal_code":"195251","postal_code_ext":null,"postal_code_vanity":null}},{"id":"0b5c7062-b875-408f-b4fc-1668aa07b67f","type":"Feature","feature_type":"address","geometry":null,"properties":{"address":"ул. Политехническая, д. 29, лит. П, 1-2 корпус","unit":"","locality":"city","province":"RU-SPE","country":"RU","postal_code":"195251","postal_code_ext":null,"postal_code_vanity":null}},{"id":"e8816ace-b3ee-4ca9-a6fa-bf584c02bf7d","type":"Feature","feature_type":"address","geometry":null,"properties":{"address":"ул. Политехническая, д. 29, лит. П, 1-2 корпус","unit":"","locality":"city","province":"RU-SPE","country":"RU","postal_code":"195251","postal_code_ext":null,"postal_code_vanity":null}},{"id":"a1eec85e-8f4b-4e38-bddf-d600927431f8","type":"Feature","feature_type":"address","geometry":null,"properties":{"address":"ул. Политехническая, д. 29, лит. П, 1-2 корпус","unit":"","locality":"city","province":"RU-SPE","country":"RU","postal_code":"195251","postal_code_ext":null,"postal_code_vanity":null}},{"id":"d4db4d4f-98f6-4d7c-9c33-f4e3cea768c1","type":"Feature","feature_type":"address","geometry":null,"properties":{"address":"ул. Политехническая, д. 29, лит. П, 1-2 корпус","unit":"Лабораторная 128","locality":"city","province":"RU-SPE","country":"RU","postal_code":"195251","postal_code_ext":null,"postal_code_vanity":null}},{"id":"07cf52a7-ef8c-4efe-9508-1989380b14ac","type":"Feature","feature_type":"address","geometry":null,"properties":{"address":"ул. Политехническая, д. 29, лит. П, 1-2 корпус","unit":"Кабинет 127","locality":"city","province":"RU-SPE","country":"RU","postal_code":"195251","postal_code_ext":null,"postal_code_vanity":null}},{"id":"7c30c37b-3ab4-413d-aac4-d36c365825e2","type":"Feature","feature_type":"address","geometry":null,"properties":{"address":"ул. Политехническая, д. 29, лит. П, 1-2 корпус","unit":"Лабораторная 126","locality":"city","province":"RU-SPE","country":"RU","postal_code":"195251","postal_code_ext":null,"postal_code_vanity":null}},{"id":"5a9b5ed5-0b34-425e-9c96-e2df3ac64d89","type":"Feature","feature_type":"address","geometry":null,"properties":{"address":"ул. Политехническая, д. 29, лит. П, 1-2 корпус","unit":"Лабораторная 125","locality":"city","province":"RU-SPE","country":"RU","postal_code":"195251","postal_code_ext":null,"postal_code_vanity":null}},{"id":"2398ce64-7424-4f81-8d94-e505757da7c9","type":"Feature","feature_type":"address","geometry":null,"properties":{"address":"ул. Политехническая, д. 29, лит. П, 1-2 корпус","unit":"Лабораторная 124","locality":"city","province":"RU-SPE","country":"RU","postal_code":"195251","postal_code_ext":null,"postal_code_vanity":null}},{"id":"2719b3eb-52ff-4346-842a-0cd3ffe9f01d","type":"Feature","feature_type":"address","geometry":null,"properties":{"address":"ул. Политехническая, д. 29, лит. П, 1-2 корпус","unit":"Кабинет 123","locality":"city","province":"RU-SPE","country":"RU","postal_code":"195251","postal_code_ext":null,"postal_code_vanity":null}},{"id":"530dd371-c42b-45fa-a45c-2cb7cc1139b7","type":"Feature","feature_type":"address","geometry":null,"properties":{"address":"ул. Политехническая, д. 29, лит. П, 1-2 корпус","unit":"Лабораторная 122","locality":"city","province":"RU-SPE","country":"RU","postal_code":"195251","postal_code_ext":null,"postal_code_vanity":null}},{"id":"2deaab84-377d-411e-9d7a-135c38db7b50","type":"Feature","feature_type":"address","geometry":null,"properties":{"address":"ул. Политехническая, д. 29, лит. П, 1-2 корпус","unit":"Кабинет 120","locality":"city","province":"RU-SPE","country":"RU","postal_code":"195251","postal_code_ext":null,"postal_code_vanity":null}},{"id":"d971af27-04f6-4639-8a56-5496220d7117","type":"Feature","feature_type":"address","geometry":null,"properties":{"address":"ул. Политехническая, д. 29, лит. П, 1-2 корпус","unit":"Кабинет 118","locality":"city","province":"RU-SPE","country":"RU","postal_code":"195251","postal_code_ext":null,"postal_code_vanity":null}},{"id":"dc26acbf-aba5-4c13-8825-d7cfd4079ffb","type":"Feature","feature_type":"address","geometry":null,"properties":{"address":"ул. Политехническая, д. 29, лит. П, 1-2 корпус","unit":"Кабинет 117","locality":"city","province":"RU-SPE","country":"RU","postal_code":"195251","postal_code_ext":null,"postal_code_vanity":null}},{"id":"3d5968fe-8cbb-4c0d-838e-eb69a50652d8","type":"Feature","feature_type":"address","geometry":null,"properties":{"address":"ул. Политехническая, д. 29, лит. П, 1-2 корпус","unit":"Кабинет 116","locality":"city","province":"RU-SPE","country":"RU","postal_code":"195251","postal_code_ext":null,"postal_code_vanity":null}},{"id":"b4497027-d3e1-4e1a-8a0c-142e62d83d52","type":"Feature","feature_type":"address","geometry":null,"properties":{"address":"ул. Политехническая, д. 29, лит. П, 1-2 корпус","unit":"Кабинет 115","locality":"city","province":"RU-SPE","country":"RU","postal_code":"195251","postal_code_ext":null,"postal_code_vanity":null}},{"id":"4f5025eb-2ef2-43b9-9690-77d4b2fa08ef","type":"Feature","feature_type":"address","geometry":null,"properties":{"address":"ул. Политехническая, д. 29, лит. П, 1-2 корпус","unit":"Кабинет 114","locality":"city","province":"RU-SPE","country":"RU","postal_code":"195251","postal_code_ext":null,"postal_code_vanity":null}},{"id":"795ab0f4-2288-4573-a626-c33201bcf2f0","type":"Feature","feature_type":"address","geometry":null,"properties":{"address":"ул. Политехническая, д. 29, лит. П, 1-2 корпус","unit":"Кабинет 113","locality":"city","province":"RU-SPE","country":"RU","postal_code":"195251","postal_code_ext":null,"postal_code_vanity":null}},{"id":"abc5cc2d-7fcf-442a-b71c-65d674c54806","type":"Feature","feature_type":"address","geometry":null,"properties":{"address":"ул. Политехническая, д. 29, лит. П, 1-2 корпус","unit":"Лабораторная 112","locality":"city","province":"RU-SPE","country":"RU","postal_code":"195251","postal_code_ext":null,"postal_code_vanity":null}},{"id":"86c78fa7-8b77-4bb4-9bf5-ffaf87a06339","type":"Feature","feature_type":"address","geometry":null,"properties":{"address":"ул. Политехническая, д. 29, лит. П, 1-2 корпус","unit":"Лабораторная 111","locality":"city","province":"RU-SPE","country":"RU","postal_code":"195251","postal_code_ext":null,"postal_code_vanity":null}},{"id":"b2ac14a7-af03-45cc-8ffb-5f43624785fd","type":"Feature","feature_type":"address","geometry":null,"properties":{"address":"ул. Политехническая, д. 29, лит. П, 1-2 корпус","unit":"Кабинет 110","locality":"city","province":"RU-SPE","country":"RU","postal_code":"195251","postal_code_ext":null,"postal_code_vanity":null}},{"id":"efc4e3de-ab4f-4eb8-9ead-1a43d72c9c9d","type":"Feature","feature_type":"address","geometry":null,"properties":{"address":"ул. Политехническая, д. 29, лит. П, 1-2 корпус","unit":"Кабинет 109","locality":"city","province":"RU-SPE","country":"RU","postal_code":"195251","postal_code_ext":null,"postal_code_vanity":null}},{"id":"43ae013f-9100-489b-adde-a28589bccbdb","type":"Feature","feature_type":"address","geometry":null,"properties":{"address":"ул. Политехническая, д. 29, лит. П, 1-2 корпус","unit":"Лабораторная 108","locality":"city","province":"RU-SPE","country":"RU","postal_code":"195251","postal_code_ext":null,"postal_code_vanity":null}},{"id":"c626261b-c069-41ab-8952-3a71f2995420","type":"Feature","feature_type":"address","geometry":null,"properties":{"address":"ул. Политехническая, д. 29, лит. П, 1-2 корпус","unit":"Лабораторная 106","locality":"city","province":"RU-SPE","country":"RU","postal_code":"195251","postal_code_ext":null,"postal_code_vanity":null}},{"id":"05888f28-086a-4e6b-ab0e-86f87fcabbd0","type":"Feature","feature_type":"address","geometry":null,"properties":{"address":"ул. Политехническая, д. 29, лит. П, 1-2 корпус","unit":"Кабинет 107","locality":"city","province":"RU-SPE","country":"RU","postal_code":"195251","postal_code_ext":null,"postal_code_vanity":null}},{"id":"3e382fda-a4f9-4f50-a604-685e2c136237","type":"Feature","feature_type":"address","geometry":null,"properties":{"address":"ул. Политехническая, д. 29, лит. П, 1-2 корпус","unit":"Кабинет 103а","locality":"city","province":"RU-SPE","country":"RU","postal_code":"195251","postal_code_ext":null,"postal_code_vanity":null}},{"id":"8cc1aa1c-3f92-49f5-835d-b353ae962486","type":"Feature","feature_type":"address","geometry":null,"properties":{"address":"ул. Политехническая, д. 29, лит. П, 1-2 корпус","unit":"Кабинет 104","locality":"city","province":"RU-SPE","country":"RU","postal_code":"195251","postal_code_ext":null,"postal_code_vanity":null}},{"id":"bbe65d28-344e-41cb-909a-ab55ec70c7b5","type":"Feature","feature_type":"address","geometry":null,"properties":{"address":"ул. Политехническая, д. 29, лит. П, 1-2 корпус","unit":"Лабораторная 103","locality":"city","province":"RU-SPE","country":"RU","postal_code":"195251","postal_code_ext":null,"postal_code_vanity":null}},{"id":"846b7cc0-ff00-4c54-b8e8-658e2b89331b","type":"Feature","feature_type":"address","geometry":null,"properties":{"address":"ул. Политехническая, д. 29, лит. П, 1-2 корпус","unit":"Туалет женский","locality":"city","province":"RU-SPE","country":"RU","postal_code":"195251","postal_code_ext":null,"postal_code_vanity":null}},{"id":"b0425f37-00f8-4ebb-9b5c-eaa6b11ea9d6","type":"Feature","feature_type":"address","geometry":null,"properties":{"address":"ул. Политехническая, д. 29, лит. П, 1-2 корпус","unit":"Кабинет 147","locality":"city","province":"RU-SPE","country":"RU","postal_code":"195251","postal_code_ext":null,"postal_code_vanity":null}},{"id":"1161fa45-735e-46eb-8eea-f3bf5bc4ea41","type":"Feature","feature_type":"address","geometry":null,"properties":{"address":"ул. Политехническая, д. 29, лит. П, 1-2 корпус","unit":"Кабинет 142","locality":"city","province":"RU-SPE","country":"RU","postal_code":"195251","postal_code_ext":null,"postal_code_vanity":null}},{"id":"a7602052-7842-4e6b-b1c2-b231b09bdb69","type":"Feature","feature_type":"address","geometry":null,"properties":{"address":"ул. Политехническая, д. 29, лит. П, 1-2 корпус","unit":"Кабинет 143","locality":"city","province":"RU-SPE","country":"RU","postal_code":"195251","postal_code_ext":null,"postal_code_vanity":null}},{"id":"83753466-4b3b-4b49-8d11-3797b9fa59ac","type":"Feature","feature_type":"address","geometry":null,"properties":{"address":"ул. Политехническая, д. 29, лит. П, 1-2 корпус","unit":"Дирекция","locality":"city","province":"RU-SPE","country":"RU","postal_code":"195251","postal_code_ext":null,"postal_code_vanity":null}},{"id":"c2908d42-887a-4da7-9eb3-ef7b9bf94b35","type":"Feature","feature_type":"address","geometry":null,"properties":{"address":"ул. Политехническая, д. 29, лит. П, 1-2 корпус","unit":"Кабинет 145","locality":"city","province":"RU-SPE","country":"RU","postal_code":"195251","postal_code_ext":null,"postal_code_vanity":null}},{"id":"be1a1783-0b20-4fb3-ba75-f5d6c16a5a94","type":"Feature","feature_type":"address","geometry":null,"properties":{"address":"ул. Политехническая, д. 29, лит. П, 1-2 корпус","unit":"Кабинет 146","locality":"city","province":"RU-SPE","country":"RU","postal_code":"195251","postal_code_ext":null,"postal_code_vanity":null}},{"id":"356e0814-3be8-4c5b-8b48-f441f9c0cb45","type":"Feature","feature_type":"address","geometry":null,"properties":{"address":"ул. Политехническая, д. 29, лит. П, 1-2 корпус","unit":"Кабинет 148","locality":"city","province":"RU-SPE","country":"RU","postal_code":"195251","postal_code_ext":null,"postal_code_vanity":null}},{"id":"65b63f0b-85bf-4497-bc6e-6eea79a8df2a","type":"Feature","feature_type":"address","geometry":null,"properties":{"address":"ул. Политехническая, д. 29, лит. П, 1-2 корпус","unit":"Дирекция","locality":"city","province":"RU-SPE","country":"RU","postal_code":"195251","postal_code_ext":null,"postal_code_vanity":null}},{"id":"d9c68016-efc4-4662-82a6-507979f4c0b2","type":"Feature","feature_type":"address","geometry":null,"properties":{"address":"ул. Политехническая, д. 29, лит. П, 1-2 корпус","unit":"Лабораторная 161","locality":"city","province":"RU-SPE","country":"RU","postal_code":"195251","postal_code_ext":null,"postal_code_vanity":null}},{"id":"56b2e464-8b63-4932-ad9f-7ecb19c03cbe","type":"Feature","feature_type":"address","geometry":null,"properties":{"address":"ул. Политехническая, д. 29, лит. П, 1-2 корпус","unit":"Лабораторная 163","locality":"city","province":"RU-SPE","country":"RU","postal_code":"195251","postal_code_ext":null,"postal_code_vanity":null}},{"id":"91ab0b45-1d0d-4b54-9631-350ca3b5a45b","type":"Feature","feature_type":"address","geometry":null,"properties":{"address":"ул. Политехническая, д. 29, лит. П, 1-2 корпус","unit":"Кабинет 164","locality":"city","province":"RU-SPE","country":"RU","postal_code":"195251","postal_code_ext":null,"postal_code_vanity":null}},{"id":"bfd88898-e060-465f-8d35-3632d9f724d4","type":"Feature","feature_type":"address","geometry":null,"properties":{"address":"ул. Политехническая, д. 29, лит. П, 1-2 корпус","unit":"Кабинет 165","locality":"city","province":"RU-SPE","country":"RU","postal_code":"195251","postal_code_ext":null,"postal_code_vanity":null}},{"id":"d7ae3cbd-5193-4763-802c-c07e49b40ae6","type":"Feature","feature_type":"address","geometry":null,"properties":{"address":"ул. Политехническая, д. 29, лит. П, 1-2 корпус","unit":"Кабинет 166","locality":"city","province":"RU-SPE","country":"RU","postal_code":"195251","postal_code_ext":null,"postal_code_vanity":null}},{"id":"6f13326c-55de-4995-a85c-15d55cf3edf7","type":"Feature","feature_type":"address","geometry":null,"properties":{"address":"ул. Политехническая, д. 29, лит. П, 1-2 корпус","unit":"Кабинет 167","locality":"city","province":"RU-SPE","country":"RU","postal_code":"195251","postal_code_ext":null,"postal_code_vanity":null}},{"id":"476f68d4-6657-42bc-b1e6-c008a333eeb2","type":"Feature","feature_type":"address","geometry":null,"properties":{"address":"ул. Политехническая, д. 29, лит. П, 1-2 корпус","unit":"Кабинет 8","locality":"city","province":"RU-SPE","country":"RU","postal_code":"195251","postal_code_ext":null,"postal_code_vanity":null}},{"id":"606af656-f882-4e15-b4f6-a14c28c5592e","type":"Feature","feature_type":"address","geometry":null,"properties":{"address":"ул. Политехническая, д. 29, лит. П, 1-2 корпус","unit":"Кабинет 9","locality":"city","province":"RU-SPE","country":"RU","postal_code":"195251","postal_code_ext":null,"postal_code_vanity":null}},{"id":"e6def4a9-3758-492d-abb5-c5636d9448d9","type":"Feature","feature_type":"address","geometry":null,"properties":{"address":"ул. Политехническая, д. 29, лит. П, 1-2 корпус","unit":"Кабинет 10","locality":"city","province":"RU-SPE","country":"RU","postal_code":"195251","postal_code_ext":null,"postal_code_vanity":null}},{"id":"a501e61b-80d8-4a73-8c07-165f788f1459","type":"Feature","feature_type":"address","geometry":null,"properties":{"address":"ул. Политехническая, д. 29, лит. П, 1-2 корпус","unit":"Кабинет 17","locality":"city","province":"RU-SPE","country":"RU","postal_code":"195251","postal_code_ext":null,"postal_code_vanity":null}},{"id":"f71a90ac-c317-48f3-831d-60fbfd488458","type":"Feature","feature_type":"address","geometry":null,"properties":{"address":"ул. Политехническая, д. 29, лит. П, 1-2 корпус","unit":"Кабинет 33-34-35","locality":"city","province":"RU-SPE","country":"RU","postal_code":"195251","postal_code_ext":null,"postal_code_vanity":null}},{"id":"1e14cd78-db1a-43a8-a263-ce2199375fe7","type":"Feature","feature_type":"address","geometry":null,"properties":{"address":"ул. Политехническая, д. 29, лит. П, 1-2 корпус","unit":"Кабинет 32","locality":"city","province":"RU-SPE","country":"RU","postal_code":"195251","postal_code_ext":null,"postal_code_vanity":null}},{"id":"1eb666f7-0e0b-459f-a69e-293616da7501","type":"Feature","feature_type":"address","geometry":null,"properties":{"address":"ул. Политехническая, д. 29, лит. П, 1-2 корпус","unit":"Кабинет 31","locality":"city","province":"RU-SPE","country":"RU","postal_code":"195251","postal_code_ext":null,"postal_code_vanity":null}},{"id":"76efb41a-cc38-42ed-b468-5c143bea51bd","type":"Feature","feature_type":"address","geometry":null,"properties":{"address":"ул. Политехническая, д. 29, лит. П, 1-2 корпус","unit":"Кабинет 30","locality":"city","province":"RU-SPE","country":"RU","postal_code":"195251","postal_code_ext":null,"postal_code_vanity":null}},{"id":"13bee8d0-f35b-4615-88cf-aa7a963d0de4","type":"Feature","feature_type":"address","geometry":null,"properties":{"address":"ул. Политехническая, д. 29, лит. П, 1-2 корпус","unit":"Кабинет 29","locality":"city","province":"RU-SPE","country":"RU","postal_code":"195251","postal_code_ext":null,"postal_code_vanity":null}},{"id":"913552db-aebc-4aa5-b40d-350a07c84d18","type":"Feature","feature_type":"address","geometry":null,"properties":{"address":"ул. Политехническая, д. 29, лит. П, 1-2 корпус","unit":"Кабинет 18","locality":"city","province":"RU-SPE","country":"RU","postal_code":"195251","postal_code_ext":null,"postal_code_vanity":null}},{"id":"8f35cf33-d457-42e3-bf56-184738a30cb2","type":"Feature","feature_type":"address","geometry":null,"properties":{"address":"ул. Политехническая, д. 29, лит. П, 1-2 корпус","unit":"Кабинет 19-20","locality":"city","province":"RU-SPE","country":"RU","postal_code":"195251","postal_code_ext":null,"postal_code_vanity":null}},{"id":"f62774a9-6e2c-4de0-b312-6177ab95977d","type":"Feature","feature_type":"address","geometry":null,"properties":{"address":"ул. Политехническая, д. 29, лит. П, 1-2 корпус","unit":"Кабинет 24","locality":"city","province":"RU-SPE","country":"RU","postal_code":"195251","postal_code_ext":null,"postal_code_vanity":null}},{"id":"47b37217-c0af-4474-bd0a-618135cb3631","type":"Feature","feature_type":"address","geometry":null,"properties":{"address":"ул. Политехническая, д. 29, лит. П, 1-2 корпус","unit":"130.Управление имущественного комплекса","locality":"city","province":"RU-SPE","country":"RU","postal_code":"195251","postal_code_ext":null,"postal_code_vanity":null}},{"id":"51ebd285-fcb8-4326-9ed5-70533b345745","type":"Feature","feature_type":"address","geometry":null,"properties":{"address":"ул. Политехническая, д. 29, лит. П, 1-2 корпус","unit":"Кабинет 130/1","locality":"city","province":"RU-SPE","country":"RU","postal_code":"195251","postal_code_ext":null,"postal_code_vanity":null}},{"id":"bbdf03fd-391d-4586-a7a2-9baacf18a6b6","type":"Feature","feature_type":"address","geometry":null,"properties":{"address":"ул. Политехническая, д. 29, лит. П, 1-2 корпус","unit":"Кабинет 130/2","locality":"city","province":"RU-SPE","country":"RU","postal_code":"195251","postal_code_ext":null,"postal_code_vanity":null}},{"id":"d7dbb558-a3d1-449f-8edb-a3f8ff5b1268","type":"Feature","feature_type":"address","geometry":null,"properties":{"address":"ул. Политехническая, д. 29, лит. П, 1-2 корпус","unit":"Кабинет 130/3","locality":"city","province":"RU-SPE","country":"RU","postal_code":"195251","postal_code_ext":null,"postal_code_vanity":null}},{"id":"51e0835c-6a38-485a-826d-99ed179a65f9","type":"Feature","feature_type":"address","geometry":null,"properties":{"address":"ул. Политехническая, д. 29, лит. П, 1-2 корпус","unit":"142, 143. Прием по воинскому учету и бронированию","locality":"city","province":"RU-SPE","country":"RU","postal_code":"195251","postal_code_ext":null,"postal_code_vanity":null}},{"id":"a5b5f4c6-5537-41fa-a3c8-1aa02aadd6b5","type":"Feature","feature_type":"address","geometry":null,"properties":{"address":"ул. Политехническая, д. 29, лит. П, 1-2 корпус","unit":"","locality":"city","province":"RU-SPE","country":"RU","postal_code":"195251","postal_code_ext":null,"postal_code_vanity":null}},{"id":"62e1a1bb-a9cc-4712-abc0-68b42983bb94","type":"Feature","feature_type":"address","geometry":null,"properties":{"address":"ул. Политехническая, д. 29, лит. П, 1-2 корпус","unit":"","locality":"city","province":"RU-SPE","country":"RU","postal_code":"195251","postal_code_ext":null,"postal_code_vanity":null}},{"id":"6f6c4228-d68b-4d05-8181-d8c4d0e0cfff","type":"Feature","feature_type":"address","geometry":null,"properties":{"address":"ул. Политехническая, д. 29, лит. П, 1-2 корпус","unit":"","locality":"city","province":"RU-SPE","country":"RU","postal_code":"195251","postal_code_ext":null,"postal_code_vanity":null}},{"id":"f7b2bef1-fee4-4142-bbf0-3ada794eaeb5","type":"Feature","feature_type":"address","geometry":null,"properties":{"address":"ул. Политехническая, д. 29, лит. П, 1-2 корпус","unit":"","locality":"city","province":"RU-SPE","country":"RU","postal_code":"195251","postal_code_ext":null,"postal_code_vanity":null}},{"id":"21857f88-efaf-4483-b8dd-b74635a9d084","type":"Feature","feature_type":"address","geometry":null,"properties":{"address":"ул. Политехническая, д. 29, лит. П, 1-2 корпус","unit":"","locality":"city","province":"RU-SPE","country":"RU","postal_code":"195251","postal_code_ext":null,"postal_code_vanity":null}},{"id":"35fa2a23-cb28-4d0c-a47c-a4b0bf19324b","type":"Feature","feature_type":"address","geometry":null,"properties":{"address":"ул. Политехническая, д. 29, лит. П, 1-2 корпус","unit":"","locality":"city","province":"RU-SPE","country":"RU","postal_code":"195251","postal_code_ext":null,"postal_code_vanity":null}},{"id":"d9f8a105-c7f8-4f9e-9392-980216a0f3a2","type":"Feature","feature_type":"address","geometry":null,"properties":{"address":"ул. Политехническая, д. 29, лит. П, 1-2 корпус","unit":"","locality":"city","province":"RU-SPE","country":"RU","postal_code":"195251","postal_code_ext":null,"postal_code_vanity":null}},{"id":"f3540d97-fff4-4d10-9d37-4d585bebf1b4","type":"Feature","feature_type":"address","geometry":null,"properties":{"address":"ул. Политехническая, д. 29, лит. П, 1-2 корпус","unit":"Кабинет 118","locality":"city","province":"RU-SPE","country":"RU","postal_code":"195251","postal_code_ext":null,"postal_code_vanity":null}},{"id":"5947b3e3-d03f-41e0-9f76-00a70308a6d9","type":"Feature","feature_type":"address","geometry":null,"properties":{"address":"ул. Политехническая, д. 29, лит. П, 1-2 корпус","unit":"Кабинет 138","locality":"city","province":"RU-SPE","country":"RU","postal_code":"195251","postal_code_ext":null,"postal_code_vanity":null}},{"id":"b4559478-a61f-4f12-b2c0-42059a8a80db","type":"Feature","feature_type":"address","geometry":null,"properties":{"address":"ул. Политехническая, д. 29, лит. П, 1-2 корпус","unit":"141. Главный специалист по мобилизационной подготовке Куликова Галина Александровна","locality":"city","province":"RU-SPE","country":"RU","postal_code":"195251","postal_code_ext":null,"postal_code_vanity":null}},{"id":"c5b9a6f7-0818-46f0-b81f-d02d3ef2948f","type":"Feature","feature_type":"address","geometry":null,"properties":{"address":"ул. Политехническая, д. 29, лит. П, 1-2 корпус","unit":"140. Начальник отдела мобилизационной подготовки Щербаков Александр Валерьянович","locality":"city","province":"RU-SPE","country":"RU","postal_code":"195251","postal_code_ext":null,"postal_code_vanity":null}},{"id":"e536a7b6-23d0-4d36-95bf-288415df4798","type":"Feature","feature_type":"address","geometry":null,"properties":{"address":"ул. Политехническая, д. 29, лит. П, 1-2 корпус","unit":"","locality":"city","province":"RU-SPE","country":"RU","postal_code":"195251","postal_code_ext":null,"postal_code_vanity":null}},{"id":"b17f9859-d786-46cd-8f4a-2da049fc40ba","type":"Feature","feature_type":"address","geometry":null,"properties":{"address":"ул. Политехническая, д. 29, лит. П, 1-2 корпус","unit":"Туалет женский","locality":"city","province":"RU-SPE","country":"RU","postal_code":"195251","postal_code_ext":null,"postal_code_vanity":null}},{"id":"f52aab24-8443-407d-bf90-f251009d24d2","type":"Feature","feature_type":"address","geometry":null,"properties":{"address":"ул. Политехническая, д. 29, лит. П, 1-2 корпус","unit":"Туалет мужской","locality":"city","province":"RU-SPE","country":"RU","postal_code":"195251","postal_code_ext":null,"postal_code_vanity":null}},{"id":"e93b0898-d326-40a3-a71b-8360a0cce37f","type":"Feature","feature_type":"address","geometry":null,"properties":{"address":"ул. Политехническая, д. 29, лит. П, 1-2 корпус","unit":"Кафедра физики прочности и пластичности материалов","locality":"city","province":"RU-SPE","country":"RU","postal_code":"195251","postal_code_ext":null,"postal_code_vanity":null}},{"id":"4b8b7430-77e2-4531-bb95-ef7bc8411218","type":"Feature","feature_type":"address","geometry":null,"properties":{"address":"ул. Политехническая, д. 29, лит. П, 1-2 корпус","unit":"Лабораторная 162","locality":"city","province":"RU-SPE","country":"RU","postal_code":"195251","postal_code_ext":null,"postal_code_vanity":null}},{"id":"531775d9-1437-4aa5-a622-041c864421e3","type":"Feature","feature_type":"address","geometry":null,"properties":{"address":"ул. Политехническая, д. 29, лит. П, 1-2 корпус","unit":"","locality":"city","province":"RU-SPE","country":"RU","postal_code":"195251","postal_code_ext":null,"postal_code_vanity":null}},{"id":"eb592799-7a6e-47af-a958-0477a0badb7d","type":"Feature","feature_type":"address","geometry":null,"properties":{"address":"ул. Политехническая, д. 29, лит. П, 1-2 корпус","unit":"","locality":"city","province":"RU-SPE","country":"RU","postal_code":"195251","postal_code_ext":null,"postal_code_vanity":null}},{"id":"06f868f8-f51c-4d75-94d4-acd6b2c5ffc1","type":"Feature","feature_type":"address","geometry":null,"properties":{"address":"ул. Политехническая, д. 29, лит. П, 1-2 корпус","unit":"Кабинет 131","locality":"city","province":"RU-SPE","country":"RU","postal_code":"195251","postal_code_ext":null,"postal_code_vanity":null}},{"id":"e6d3e24e-9bbb-4814-8586-a72628c9a119","type":"Feature","feature_type":"address","geometry":null,"properties":{"address":"ул. Политехническая, д. 29, лит. П, 1-2 корпус","unit":"Лабораторная 101","locality":"city","province":"RU-SPE","country":"RU","postal_code":"195251","postal_code_ext":null,"postal_code_vanity":null}},{"id":"d79deff0-d9ff-441a-ae17-3f62de791f68","type":"Feature","feature_type":"address","geometry":null,"properties":{"address":"ул. Политехническая, д. 29, лит. П, 1-2 корпус","unit":"Кабинет 102","locality":"city","province":"RU-SPE","country":"RU","postal_code":"195251","postal_code_ext":null,"postal_code_vanity":null}},{"id":"ad52e50f-850f-4758-80f1-be1187bf2337","type":"Feature","feature_type":"address","geometry":null,"properties":{"address":"ул. Политехническая, д. 29, лит. П, 1-2 корпус","unit":"Кабинет 104а","locality":"city","province":"RU-SPE","country":"RU","postal_code":"195251","postal_code_ext":null,"postal_code_vanity":null}},{"id":"19c110d2-820d-45a5-b5e4-8314b9f2e772","type":"Feature","feature_type":"address","geometry":null,"properties":{"address":"ул. Политехническая, д. 29, лит. П, 1-2 корпус","unit":"Кабинет 121","locality":"city","province":"RU-SPE","country":"RU","postal_code":"195251","postal_code_ext":null,"postal_code_vanity":null}},{"id":"c79deeea-e9a4-4be9-b03f-2c03ebade656","type":"Feature","feature_type":"address","geometry":null,"properties":{"address":"ул. Политехническая, д. 29, лит. П, 1-2 корпус","unit":"","locality":"city","province":"RU-SPE","country":"RU","postal_code":"195251","postal_code_ext":null,"postal_code_vanity":null}},{"id":"e4694647-d860-453a-ad64-17ed3dd3f1e6","type":"Feature","feature_type":"address","geometry":null,"properties":{"address":"ул. Политехническая, д. 29, лит. П, 1-2 корпус","unit":"","locality":"city","province":"RU-SPE","country":"RU","postal_code":"195251","postal_code_ext":null,"postal_code_vanity":null}},{"id":"2ba574b6-6707-4a8d-9178-3bdd8ad93719","type":"Feature","feature_type":"address","geometry":null,"properties":{"address":"ул. Политехническая, д. 29, лит. П, 1-2 корпус","unit":"Кабинет 224","locality":"city","province":"RU-SPE","country":"RU","postal_code":"195251","postal_code_ext":null,"postal_code_vanity":null}},{"id":"40365e6d-9b5e-4e34-bc5a-d1a4e231bb7c","type":"Feature","feature_type":"address","geometry":null,"properties":{"address":"ул. Политехническая, д. 29, лит. П, 1-2 корпус","unit":"","locality":"city","province":"RU-SPE","country":"RU","postal_code":"195251","postal_code_ext":null,"postal_code_vanity":null}},{"id":"e1e0c911-8a06-4161-98e2-f67aee710fa2","type":"Feature","feature_type":"address","geometry":null,"properties":{"address":"ул. Политехническая, д. 29, лит. П, 1-2 корпус","unit":"Туалет мужской","locality":"city","province":"RU-SPE","country":"RU","postal_code":"195251","postal_code_ext":null,"postal_code_vanity":null}},{"id":"10239d52-601c-4df2-8bdc-f3f30f227ce2","type":"Feature","feature_type":"address","geometry":null,"properties":{"address":"ул. Политехническая, д. 29, лит. П, 1-2 корпус","unit":"Туалет женский","locality":"city","province":"RU-SPE","country":"RU","postal_code":"195251","postal_code_ext":null,"postal_code_vanity":null}},{"id":"476c8795-c67e-45c7-a54d-cff433aef1dd","type":"Feature","feature_type":"address","geometry":null,"properties":{"address":"ул. Политехническая, д. 29, лит. П, 1-2 корпус","unit":"Кабинет 217","locality":"city","province":"RU-SPE","country":"RU","postal_code":"195251","postal_code_ext":null,"postal_code_vanity":null}},{"id":"b8d1a539-4a6c-4917-bbb5-2eb3fdb73686","type":"Feature","feature_type":"address","geometry":null,"properties":{"address":"ул. Политехническая, д. 29, лит. П, 1-2 корпус","unit":"Лабораторная 231","locality":"city","province":"RU-SPE","country":"RU","postal_code":"195251","postal_code_ext":null,"postal_code_vanity":null}},{"id":"86bdcead-328c-483a-86e4-cea235d252e3","type":"Feature","feature_type":"address","geometry":null,"properties":{"address":"ул. Политехническая, д. 29, лит. П, 1-2 корпус","unit":"Лабораторная 232","locality":"city","province":"RU-SPE","country":"RU","postal_code":"195251","postal_code_ext":null,"postal_code_vanity":null}},{"id":"32bf3259-e75b-4ef5-8727-d28670c894dc","type":"Feature","feature_type":"address","geometry":null,"properties":{"address":"ул. Политехническая, д. 29, лит. П, 1-2 корпус","unit":"Лабораторная 227","locality":"city","province":"RU-SPE","country":"RU","postal_code":"195251","postal_code_ext":null,"postal_code_vanity":null}},{"id":"955579dc-de81-4a63-917b-2a31aa39e8b2","type":"Feature","feature_type":"address","geometry":null,"properties":{"address":"ул. Политехническая, д. 29, лит. П, 1-2 корпус","unit":"Кабинет 222","locality":"city","province":"RU-SPE","country":"RU","postal_code":"195251","postal_code_ext":null,"postal_code_vanity":null}},{"id":"d8d9ad59-f790-465a-a34e-0073da2a2b14","type":"Feature","feature_type":"address","geometry":null,"properties":{"address":"ул. Политехническая, д. 29, лит. П, 1-2 корпус","unit":"Кабинет 221","locality":"city","province":"RU-SPE","country":"RU","postal_code":"195251","postal_code_ext":null,"postal_code_vanity":null}},{"id":"1a841295-1165-4d5f-a403-702f5829852b","type":"Feature","feature_type":"address","geometry":null,"properties":{"address":"ул. Политехническая, д. 29, лит. П, 1-2 корпус","unit":"Кабинет 220","locality":"city","province":"RU-SPE","country":"RU","postal_code":"195251","postal_code_ext":null,"postal_code_vanity":null}},{"id":"e76c438c-5a88-4146-8b26-038476099ff0","type":"Feature","feature_type":"address","geometry":null,"properties":{"address":"ул. Политехническая, д. 29, лит. П, 1-2 корпус","unit":"Кабинет 218а","locality":"city","province":"RU-SPE","country":"RU","postal_code":"195251","postal_code_ext":null,"postal_code_vanity":null}},{"id":"991bae3c-1886-4daf-97fc-9ac3d3aca754","type":"Feature","feature_type":"address","geometry":null,"properties":{"address":"ул. Политехническая, д. 29, лит. П, 1-2 корпус","unit":"Кабинет 218","locality":"city","province":"RU-SPE","country":"RU","postal_code":"195251","postal_code_ext":null,"postal_code_vanity":null}},{"id":"dc2fa9a4-1f34-45f3-9702-155fe771245d","type":"Feature","feature_type":"address","geometry":null,"properties":{"address":"ул. Политехническая, д. 29, лит. П, 1-2 корпус","unit":"Кабинет 215","locality":"city","province":"RU-SPE","country":"RU","postal_code":"195251","postal_code_ext":null,"postal_code_vanity":null}},{"id":"e7b3e3ee-38cc-4521-bd4f-e765dc73d6e8","type":"Feature","feature_type":"address","geometry":null,"properties":{"address":"ул. Политехническая, д. 29, лит. П, 1-2 корпус","unit":"Кабинет 214","locality":"city","province":"RU-SPE","country":"RU","postal_code":"195251","postal_code_ext":null,"postal_code_vanity":null}},{"id":"4d259d0e-92f1-452b-ae72-98186b8800d6","type":"Feature","feature_type":"address","geometry":null,"properties":{"address":"ул. Политехническая, д. 29, лит. П, 1-2 корпус","unit":"","locality":"city","province":"RU-SPE","country":"RU","postal_code":"195251","postal_code_ext":null,"postal_code_vanity":null}},{"id":"64fc2113-1657-451d-a62c-4088ed20a395","type":"Feature","feature_type":"address","geometry":null,"properties":{"address":"ул. Политехническая, д. 29, лит. П, 1-2 корпус","unit":"Кабинет 213","locality":"city","province":"RU-SPE","country":"RU","postal_code":"195251","postal_code_ext":null,"postal_code_vanity":null}},{"id":"389e6c76-1004-4f44-a5db-a1c2f8781925","type":"Feature","feature_type":"address","geometry":null,"properties":{"address":"ул. Политехническая, д. 29, лит. П, 1-2 корпус","unit":"Кабинет 212","locality":"city","province":"RU-SPE","country":"RU","postal_code":"195251","postal_code_ext":null,"postal_code_vanity":null}},{"id":"9912a1db-da18-4862-909a-18430c2f6356","type":"Feature","feature_type":"address","geometry":null,"properties":{"address":"ул. Политехническая, д. 29, лит. П, 1-2 корпус","unit":"Кабинет 211","locality":"city","province":"RU-SPE","country":"RU","postal_code":"195251","postal_code_ext":null,"postal_code_vanity":null}},{"id":"68fb2503-7524-42c6-8c91-42862b40ff2e","type":"Feature","feature_type":"address","geometry":null,"properties":{"address":"ул. Политехническая, д. 29, лит. П, 1-2 корпус","unit":"Кабинет 210","locality":"city","province":"RU-SPE","country":"RU","postal_code":"195251","postal_code_ext":null,"postal_code_vanity":null}},{"id":"52ff92ef-351d-4ab0-acfa-210b7ce394a0","type":"Feature","feature_type":"address","geometry":null,"properties":{"address":"ул. Политехническая, д. 29, лит. П, 1-2 корпус","unit":"Лабораторная 209","locality":"city","province":"RU-SPE","country":"RU","postal_code":"195251","postal_code_ext":null,"postal_code_vanity":null}},{"id":"e532b9a9-7ebf-46d5-a989-8b61ce3d2151","type":"Feature","feature_type":"address","geometry":null,"properties":{"address":"ул. Политехническая, д. 29, лит. П, 1-2 корпус","unit":"Кабинет 208","locality":"city","province":"RU-SPE","country":"RU","postal_code":"195251","postal_code_ext":null,"postal_code_vanity":null}},{"id":"c6ba88e7-95bf-469b-a05d-87a6357dcff0","type":"Feature","feature_type":"address","geometry":null,"properties":{"address":"ул. Политехническая, д. 29, лит. П, 1-2 корпус","unit":"Кабинет 206","locality":"city","province":"RU-SPE","country":"RU","postal_code":"195251","postal_code_ext":null,"postal_code_vanity":null}},{"id":"87d6b4b3-517b-40d0-aa45-c2a9f0bada4d","type":"Feature","feature_type":"address","geometry":null,"properties":{"address":"ул. Политехническая, д. 29, лит. П, 1-2 корпус","unit":"Лабораторная 234","locality":"city","province":"RU-SPE","country":"RU","postal_code":"195251","postal_code_ext":null,"postal_code_vanity":null}},{"id":"a10d4369-6ec8-4874-b085-accdaf241165","type":"Feature","feature_type":"address","geometry":null,"properties":{"address":"ул. Политехническая, д. 29, лит. П, 1-2 корпус","unit":"Лабораторная 240","locality":"city","province":"RU-SPE","country":"RU","postal_code":"195251","postal_code_ext":null,"postal_code_vanity":null}},{"id":"78a7c4aa-bf54-47fb-bd4a-ddfe978a675b","type":"Feature","feature_type":"address","geometry":null,"properties":{"address":"ул. Политехническая, д. 29, лит. П, 1-2 корпус","unit":"Кабинет 242","locality":"city","province":"RU-SPE","country":"RU","postal_code":"195251","postal_code_ext":null,"postal_code_vanity":null}},{"id":"a2c0932a-5bf2-4a42-b5bf-e90f5b36b7a9","type":"Feature","feature_type":"address","geometry":null,"properties":{"address":"ул. Политехническая, д. 29, лит. П, 1-2 корпус","unit":"Кабинет 245","locality":"city","province":"RU-SPE","country":"RU","postal_code":"195251","postal_code_ext":null,"postal_code_vanity":null}},{"id":"234b8896-71aa-40b3-b3df-7eaa3166edca","type":"Feature","feature_type":"address","geometry":null,"properties":{"address":"ул. Политехническая, д. 29, лит. П, 1-2 корпус","unit":"Кабинет 264","locality":"city","province":"RU-SPE","country":"RU","postal_code":"195251","postal_code_ext":null,"postal_code_vanity":null}},{"id":"b7e988a3-bc25-4add-8925-13a04bd24eb0","type":"Feature","feature_type":"address","geometry":null,"properties":{"address":"ул. Политехническая, д. 29, лит. П, 1-2 корпус","unit":"Лабораторная 263","locality":"city","province":"RU-SPE","country":"RU","postal_code":"195251","postal_code_ext":null,"postal_code_vanity":null}},{"id":"707c3b49-9589-49e6-9605-f5cfa6bccb06","type":"Feature","feature_type":"address","geometry":null,"properties":{"address":"ул. Политехническая, д. 29, лит. П, 1-2 корпус","unit":"Лабораторная 262","locality":"city","province":"RU-SPE","country":"RU","postal_code":"195251","postal_code_ext":null,"postal_code_vanity":null}},{"id":"b098068b-667b-4502-af6e-880256f4c705","type":"Feature","feature_type":"address","geometry":null,"properties":{"address":"ул. Политехническая, д. 29, лит. П, 1-2 корпус","unit":"Лабораторная 260","locality":"city","province":"RU-SPE","country":"RU","postal_code":"195251","postal_code_ext":null,"postal_code_vanity":null}},{"id":"7b4faa51-4c75-424d-bc5c-871e074da6de","type":"Feature","feature_type":"address","geometry":null,"properties":{"address":"ул. Политехническая, д. 29, лит. П, 1-2 корпус","unit":"Кабинет 249","locality":"city","province":"RU-SPE","country":"RU","postal_code":"195251","postal_code_ext":null,"postal_code_vanity":null}},{"id":"d390726c-fa1e-4df5-8164-fa7250f4252e","type":"Feature","feature_type":"address","geometry":null,"properties":{"address":"ул. Политехническая, д. 29, лит. П, 1-2 корпус","unit":"Кабинет 250","locality":"city","province":"RU-SPE","country":"RU","postal_code":"195251","postal_code_ext":null,"postal_code_vanity":null}},{"id":"609ffb21-6853-45d9-8b2a-48f87f236822","type":"Feature","feature_type":"address","geometry":null,"properties":{"address":"ул. Политехническая, д. 29, лит. П, 1-2 корпус","unit":"Лабораторная 252","locality":"city","province":"RU-SPE","country":"RU","postal_code":"195251","postal_code_ext":null,"postal_code_vanity":null}},{"id":"d7a7c5fe-618b-4602-b4c6-af5e67868604","type":"Feature","feature_type":"address","geometry":null,"properties":{"address":"ул. Политехническая, д. 29, лит. П, 1-2 корпус","unit":"Кабинет 253","locality":"city","province":"RU-SPE","country":"RU","postal_code":"195251","postal_code_ext":null,"postal_code_vanity":null}},{"id":"19702ce7-87c9-4d06-8fbf-ef3a62a4c19e","type":"Feature","feature_type":"address","geometry":null,"properties":{"address":"ул. Политехническая, д. 29, лит. П, 1-2 корпус","unit":"Кабинет 254","locality":"city","province":"RU-SPE","country":"RU","postal_code":"195251","postal_code_ext":null,"postal_code_vanity":null}},{"id":"857209a0-5d6a-45ba-8d5d-d87574ead270","type":"Feature","feature_type":"address","geometry":null,"properties":{"address":"ул. Политехническая, д. 29, лит. П, 1-2 корпус","unit":"Лабораторная 256","locality":"city","province":"RU-SPE","country":"RU","postal_code":"195251","postal_code_ext":null,"postal_code_vanity":null}},{"id":"397086e0-867d-4289-bb8f-5c81d0af45a4","type":"Feature","feature_type":"address","geometry":null,"properties":{"address":"ул. Политехническая, д. 29, лит. П, 1-2 корпус","unit":"Кабинет 257","locality":"city","province":"RU-SPE","country":"RU","postal_code":"195251","postal_code_ext":null,"postal_code_vanity":null}},{"id":"192bd618-9eae-408b-b2a2-358ef5237e8b","type":"Feature","feature_type":"address","geometry":null,"properties":{"address":"ул. Политехническая, д. 29, лит. П, 1-2 корпус","unit":"Кабинет 258","locality":"city","province":"RU-SPE","country":"RU","postal_code":"195251","postal_code_ext":null,"postal_code_vanity":null}},{"id":"fd5ad27b-b839-45b1-bb8a-13c68aaee4a3","type":"Feature","feature_type":"address","geometry":null,"properties":{"address":"ул. Политехническая, д. 29, лит. П, 1-2 корпус","unit":"Кабинет 259","locality":"city","province":"RU-SPE","country":"RU","postal_code":"195251","postal_code_ext":null,"postal_code_vanity":null}},{"id":"771aec16-928a-437c-9adb-47e98d638a17","type":"Feature","feature_type":"address","geometry":null,"properties":{"address":"ул. Политехническая, д. 29, лит. П, 1-2 корпус","unit":"Кабинет 257","locality":"city","province":"RU-SPE","country":"RU","postal_code":"195251","postal_code_ext":null,"postal_code_vanity":null}},{"id":"ad8a21c6-ee88-49df-bc17-df0f0a926717","type":"Feature","feature_type":"address","geometry":null,"properties":{"address":"ул. Политехническая, д. 29, лит. П, 1-2 корпус","unit":"Кабинет 259","locality":"city","province":"RU-SPE","country":"RU","postal_code":"195251","postal_code_ext":null,"postal_code_vanity":null}},{"id":"96233e26-3b7d-4c0d-b1d8-40311e674537","type":"Feature","feature_type":"address","geometry":null,"properties":{"address":"ул. Политехническая, д. 29, лит. П, 1-2 корпус","unit":"Кабинет 253","locality":"city","province":"RU-SPE","country":"RU","postal_code":"195251","postal_code_ext":null,"postal_code_vanity":null}},{"id":"48cf7a27-837f-4376-8fa7-dd7b96ce2fde","type":"Feature","feature_type":"address","geometry":null,"properties":{"address":"ул. Политехническая, д. 29, лит. П, 1-2 корпус","unit":"251 Стипендиальный отдел ","locality":"city","province":"RU-SPE","country":"RU","postal_code":"195251","postal_code_ext":null,"postal_code_vanity":null}},{"id":"5172d24a-f5eb-4a7b-8f64-96f1920c733d","type":"Feature","feature_type":"address","geometry":null,"properties":{"address":"ул. Политехническая, д. 29, лит. П, 1-2 корпус","unit":"Кабинет 250","locality":"city","province":"RU-SPE","country":"RU","postal_code":"195251","postal_code_ext":null,"postal_code_vanity":null}},{"id":"f2c7af97-353a-471c-8447-b53a040d7fda","type":"Feature","feature_type":"address","geometry":null,"properties":{"address":"ул. Политехническая, д. 29, лит. П, 1-2 корпус","unit":"Кабинет 247","locality":"city","province":"RU-SPE","country":"RU","postal_code":"195251","postal_code_ext":null,"postal_code_vanity":null}},{"id":"5b450222-04f2-44ba-862c-9a23399c37e4","type":"Feature","feature_type":"address","geometry":null,"properties":{"address":"ул. Политехническая, д. 29, лит. П, 1-2 корпус","unit":"Кабинет 244","locality":"city","province":"RU-SPE","country":"RU","postal_code":"195251","postal_code_ext":null,"postal_code_vanity":null}},{"id":"e3418fd4-17d5-4c90-9121-83abb4309164","type":"Feature","feature_type":"address","geometry":null,"properties":{"address":"ул. Политехническая, д. 29, лит. П, 1-2 корпус","unit":"","locality":"city","province":"RU-SPE","country":"RU","postal_code":"195251","postal_code_ext":null,"postal_code_vanity":null}},{"id":"afd91ce0-55bc-4e9e-ad3d-bab8106e8498","type":"Feature","feature_type":"address","geometry":null,"properties":{"address":"ул. Политехническая, д. 29, лит. П, 1-2 корпус","unit":"","locality":"city","province":"RU-SPE","country":"RU","postal_code":"195251","postal_code_ext":null,"postal_code_vanity":null}},{"id":"5c2bf0f5-94c2-4ec5-a51f-5b7bcac4703a","type":"Feature","feature_type":"address","geometry":null,"properties":{"address":"ул. Политехническая, д. 29, лит. П, 1-2 корпус","unit":"","locality":"city","province":"RU-SPE","country":"RU","postal_code":"195251","postal_code_ext":null,"postal_code_vanity":null}},{"id":"e6495972-5dbd-4944-853f-39ff8b327227","type":"Feature","feature_type":"address","geometry":null,"properties":{"address":"ул. Политехническая, д. 29, лит. П, 1-2 корпус","unit":"","locality":"city","province":"RU-SPE","country":"RU","postal_code":"195251","postal_code_ext":null,"postal_code_vanity":null}},{"id":"5ccb19d3-9a3e-48e6-8fb4-b33aed9d9f95","type":"Feature","feature_type":"address","geometry":null,"properties":{"address":"ул. Политехническая, д. 29, лит. П, 1-2 корпус","unit":"","locality":"city","province":"RU-SPE","country":"RU","postal_code":"195251","postal_code_ext":null,"postal_code_vanity":null}},{"id":"21452435-0b89-408a-96e4-44d1c8c8a1d2","type":"Feature","feature_type":"address","geometry":null,"properties":{"address":"ул. Политехническая, д. 29, лит. П, 1-2 корпус","unit":"Туалет мужской","locality":"city","province":"RU-SPE","country":"RU","postal_code":"195251","postal_code_ext":null,"postal_code_vanity":null}},{"id":"9c62e050-85b6-49d1-8e0e-e7ee4c95b95f","type":"Feature","feature_type":"address","geometry":null,"properties":{"address":"ул. Политехническая, д. 29, лит. П, 1-2 корпус","unit":"Кабинет 218","locality":"city","province":"RU-SPE","country":"RU","postal_code":"195251","postal_code_ext":null,"postal_code_vanity":null}},{"id":"71b05199-2f37-4f8b-943a-8171153b27cf","type":"Feature","feature_type":"address","geometry":null,"properties":{"address":"ул. Политехническая, д. 29, лит. П, 1-2 корпус","unit":"","locality":"city","province":"RU-SPE","country":"RU","postal_code":"195251","postal_code_ext":null,"postal_code_vanity":null}},{"id":"cdcef2e3-b6ab-49d0-8cca-52a856891720","type":"Feature","feature_type":"address","geometry":null,"properties":{"address":"ул. Политехническая, д. 29, лит. П, 1-2 корпус","unit":"","locality":"city","province":"RU-SPE","country":"RU","postal_code":"195251","postal_code_ext":null,"postal_code_vanity":null}},{"id":"527390a9-2f6b-4d1d-add4-716e21e6b13c","type":"Feature","feature_type":"address","geometry":null,"properties":{"address":"ул. Политехническая, д. 29, лит. П, 1-2 корпус","unit":"Кабинет 221","locality":"city","province":"RU-SPE","country":"RU","postal_code":"195251","postal_code_ext":null,"postal_code_vanity":null}},{"id":"2eb8f8e7-c4e7-483c-b9b3-5870823eb625","type":"Feature","feature_type":"address","geometry":null,"properties":{"address":"ул. Политехническая, д. 29, лит. П, 1-2 корпус","unit":"Кабинет 222","locality":"city","province":"RU-SPE","country":"RU","postal_code":"195251","postal_code_ext":null,"postal_code_vanity":null}},{"id":"02fc07d1-63dd-4e75-938f-cd042b792e9a","type":"Feature","feature_type":"address","geometry":null,"properties":{"address":"ул. Политехническая, д. 29, лит. П, 1-2 корпус","unit":"Кабинет 223","locality":"city","province":"RU-SPE","country":"RU","postal_code":"195251","postal_code_ext":null,"postal_code_vanity":null}},{"id":"7a0c6637-1274-4f54-a248-6bda6de0c9dc","type":"Feature","feature_type":"address","geometry":null,"properties":{"address":"ул. Политехническая, д. 29, лит. П, 1-2 корпус","unit":"Кабинет 225","locality":"city","province":"RU-SPE","country":"RU","postal_code":"195251","postal_code_ext":null,"postal_code_vanity":null}},{"id":"000d9ade-bcc5-4e02-80c3-9aed234e4ced","type":"Feature","feature_type":"address","geometry":null,"properties":{"address":"ул. Политехническая, д. 29, лит. П, 1-2 корпус","unit":"Кабинет 226","locality":"city","province":"RU-SPE","country":"RU","postal_code":"195251","postal_code_ext":null,"postal_code_vanity":null}},{"id":"07d39955-40c7-4c50-b506-19df650feb35","type":"Feature","feature_type":"address","geometry":null,"properties":{"address":"ул. Политехническая, д. 29, лит. П, 1-2 корпус","unit":"","locality":"city","province":"RU-SPE","country":"RU","postal_code":"195251","postal_code_ext":null,"postal_code_vanity":null}},{"id":"e567edb2-0557-45fa-9210-88b5c9b6741b","type":"Feature","feature_type":"address","geometry":null,"properties":{"address":"ул. Политехническая, д. 29, лит. П, 1-2 корпус","unit":"Кабинет 228","locality":"city","province":"RU-SPE","country":"RU","postal_code":"195251","postal_code_ext":null,"postal_code_vanity":null}},{"id":"2107737f-b652-469e-88e0-08dcc2c6f13e","type":"Feature","feature_type":"address","geometry":null,"properties":{"address":"ул. Политехническая, д. 29, лит. П, 1-2 корпус","unit":"","locality":"city","province":"RU-SPE","country":"RU","postal_code":"195251","postal_code_ext":null,"postal_code_vanity":null}},{"id":"fdef5f39-2b86-46ad-88ae-369c63f9f9d2","type":"Feature","feature_type":"address","geometry":null,"properties":{"address":"ул. Политехническая, д. 29, лит. П, 1-2 корпус","unit":"Кабинет 231","locality":"city","province":"RU-SPE","country":"RU","postal_code":"195251","postal_code_ext":null,"postal_code_vanity":null}},{"id":"015e154e-9034-43d1-bed2-cc99192f6588","type":"Feature","feature_type":"address","geometry":null,"properties":{"address":"ул. Политехническая, д. 29, лит. П, 1-2 корпус","unit":"Кабинет 256","locality":"city","province":"RU-SPE","country":"RU","postal_code":"195251","postal_code_ext":null,"postal_code_vanity":null}},{"id":"4d4fe1ce-3b68-4b60-b2c5-e9177f5c56ec","type":"Feature","feature_type":"address","geometry":null,"properties":{"address":"ул. Политехническая, д. 29, лит. П, 1-2 корпус","unit":"Кабинет 254","locality":"city","province":"RU-SPE","country":"RU","postal_code":"195251","postal_code_ext":null,"postal_code_vanity":null}},{"id":"cec46dfd-1766-4bbd-a11a-b50d978f57a0","type":"Feature","feature_type":"address","geometry":null,"properties":{"address":"ул. Политехническая, д. 29, лит. П, 1-2 корпус","unit":"Кабинет 252","locality":"city","province":"RU-SPE","country":"RU","postal_code":"195251","postal_code_ext":null,"postal_code_vanity":null}},{"id":"1e942980-74c2-4317-8135-1589dad94d80","type":"Feature","feature_type":"address","geometry":null,"properties":{"address":"ул. Политехническая, д. 29, лит. П, 1-2 корпус","unit":"Туалет женский","locality":"city","province":"RU-SPE","country":"RU","postal_code":"195251","postal_code_ext":null,"postal_code_vanity":null}},{"id":"6c1be838-ec16-4da1-abd6-84d3079bcc49","type":"Feature","feature_type":"address","geometry":null,"properties":{"address":"ул. Политехническая, д. 29, лит. П, 1-2 корпус","unit":"Кабинет 237","locality":"city","province":"RU-SPE","country":"RU","postal_code":"195251","postal_code_ext":null,"postal_code_vanity":null}},{"id":"42c10061-9237-4490-aef4-7ed4581253e2","type":"Feature","feature_type":"address","geometry":null,"properties":{"address":"ул. Политехническая, д. 29, лит. П, 1-2 корпус","unit":"Туалет мужской","locality":"city","province":"RU-SPE","country":"RU","postal_code":"195251","postal_code_ext":null,"postal_code_vanity":null}},{"id":"3f4f8406-1413-4124-978f-9e32c5e4cdc2","type":"Feature","feature_type":"address","geometry":null,"properties":{"address":"ул. Политехническая, д. 29, лит. П, 1-2 корпус","unit":"","locality":"city","province":"RU-SPE","country":"RU","postal_code":"195251","postal_code_ext":null,"postal_code_vanity":null}},{"id":"61270512-2299-419a-8f89-d86f58ea07e2","type":"Feature","feature_type":"address","geometry":null,"properties":{"address":"ул. Политехническая, д. 29, лит. П, 1-2 корпус","unit":"Кабинет 214","locality":"city","province":"RU-SPE","country":"RU","postal_code":"195251","postal_code_ext":null,"postal_code_vanity":null}},{"id":"a14599ca-de3d-495f-b5a3-3d8a35f1259a","type":"Feature","feature_type":"address","geometry":null,"properties":{"address":"ул. Политехническая, д. 29, лит. П, 1-2 корпус","unit":"Кабинет 213","locality":"city","province":"RU-SPE","country":"RU","postal_code":"195251","postal_code_ext":null,"postal_code_vanity":null}},{"id":"d3fc7781-4470-4021-af99-eed53051facf","type":"Feature","feature_type":"address","geometry":null,"properties":{"address":"ул. Политехническая, д. 29, лит. П, 1-2 корпус","unit":"Кабинет 212","locality":"city","province":"RU-SPE","country":"RU","postal_code":"195251","postal_code_ext":null,"postal_code_vanity":null}},{"id":"01b571b3-9130-4f28-997e-5bfbd85b9129","type":"Feature","feature_type":"address","geometry":null,"properties":{"address":"ул. Политехническая, д. 29, лит. П, 1-2 корпус","unit":"Кабинет 209","locality":"city","province":"RU-SPE","country":"RU","postal_code":"195251","postal_code_ext":null,"postal_code_vanity":null}},{"id":"7a4aeaf3-0356-4d7a-af7a-b1b9de2f8a4c","type":"Feature","feature_type":"address","geometry":null,"properties":{"address":"ул. Политехническая, д. 29, лит. П, 1-2 корпус","unit":"Кабинет 208","locality":"city","province":"RU-SPE","country":"RU","postal_code":"195251","postal_code_ext":null,"postal_code_vanity":null}},{"id":"5ec6e694-b28c-4c30-ae20-05009bfb4e1f","type":"Feature","feature_type":"address","geometry":null,"properties":{"address":"ул. Политехническая, д. 29, лит. П, 1-2 корпус","unit":"Кабинет 207","locality":"city","province":"RU-SPE","country":"RU","postal_code":"195251","postal_code_ext":null,"postal_code_vanity":null}},{"id":"771124ee-8b9a-4f82-a22f-0bbfcaf30128","type":"Feature","feature_type":"address","geometry":null,"properties":{"address":"ул. Политехническая, д. 29, лит. П, 1-2 корпус","unit":"Кабинет 206","locality":"city","province":"RU-SPE","country":"RU","postal_code":"195251","postal_code_ext":null,"postal_code_vanity":null}},{"id":"7c9061ea-9921-42e1-9d24-eb02bb1f84b8","type":"Feature","feature_type":"address","geometry":null,"properties":{"address":"ул. Политехническая, д. 29, лит. П, 1-2 корпус","unit":"Кабинет 205","locality":"city","province":"RU-SPE","country":"RU","postal_code":"195251","postal_code_ext":null,"postal_code_vanity":null}},{"id":"87fbcc95-ae7f-40dc-bae4-2c7d08b79f42","type":"Feature","feature_type":"address","geometry":null,"properties":{"address":"ул. Политехническая, д. 29, лит. П, 1-2 корпус","unit":"Кабинет 204","locality":"city","province":"RU-SPE","country":"RU","postal_code":"195251","postal_code_ext":null,"postal_code_vanity":null}},{"id":"155e377f-d03b-4ccc-8732-e2c0f4e7122f","type":"Feature","feature_type":"address","geometry":null,"properties":{"address":"ул. Политехническая, д. 29, лит. П, 1-2 корпус","unit":"Кабинет ","locality":"city","province":"RU-SPE","country":"RU","postal_code":"195251","postal_code_ext":null,"postal_code_vanity":null}},{"id":"b592da47-407d-400d-9210-268e5b63d555","type":"Feature","feature_type":"address","geometry":null,"properties":{"address":"ул. Политехническая, д. 29, лит. П, 1-2 корпус","unit":"Кабинет 203","locality":"city","province":"RU-SPE","country":"RU","postal_code":"195251","postal_code_ext":null,"postal_code_vanity":null}},{"id":"b1217813-a82f-4365-8e1f-53316c3ea88e","type":"Feature","feature_type":"address","geometry":null,"properties":{"address":"ул. Политехническая, д. 29, лит. П, 1-2 корпус","unit":"Кабинет 202","locality":"city","province":"RU-SPE","country":"RU","postal_code":"195251","postal_code_ext":null,"postal_code_vanity":null}},{"id":"2d67ce02-9f84-42f7-a69a-94c1011133ba","type":"Feature","feature_type":"address","geometry":null,"properties":{"address":"ул. Политехническая, д. 29, лит. П, 1-2 корпус","unit":"Кабинет 201","locality":"city","province":"RU-SPE","country":"RU","postal_code":"195251","postal_code_ext":null,"postal_code_vanity":null}},{"id":"716570f0-4b71-4aaf-9250-5ac0195517ad","type":"Feature","feature_type":"address","geometry":null,"properties":{"address":"ул. Политехническая, д. 29, лит. П, 1-2 корпус","unit":"Кабинет 2","locality":"city","province":"RU-SPE","country":"RU","postal_code":"195251","postal_code_ext":null,"postal_code_vanity":null}},{"id":"b4ca4e00-a9ee-4e3e-b78e-eac2d2ecc287","type":"Feature","feature_type":"address","geometry":null,"properties":{"address":"ул. Политехническая, д. 29, лит. П, 1-2 корпус","unit":"","locality":"city","province":"RU-SPE","country":"RU","postal_code":"195251","postal_code_ext":null,"postal_code_vanity":null}},{"id":"74b202e7-860f-4133-884a-d599572c4dcc","type":"Feature","feature_type":"address","geometry":null,"properties":{"address":"ул. Политехническая, д. 29, лит. П, 1-2 корпус","unit":"Кабинет 1","locality":"city","province":"RU-SPE","country":"RU","postal_code":"195251","postal_code_ext":null,"postal_code_vanity":null}},{"id":"ebb43be4-5826-4142-a671-afbdad155b01","type":"Feature","feature_type":"address","geometry":null,"properties":{"address":"ул. Политехническая, д. 29, лит. П, 1-2 корпус","unit":"Кабинет 3","locality":"city","province":"RU-SPE","country":"RU","postal_code":"195251","postal_code_ext":null,"postal_code_vanity":null}},{"id":"303c17a2-652f-42ac-881e-ca90451a6d24","type":"Feature","feature_type":"address","geometry":null,"properties":{"address":"ул. Политехническая, д. 29, лит. П, 1-2 корпус","unit":"Кабинет 4","locality":"city","province":"RU-SPE","country":"RU","postal_code":"195251","postal_code_ext":null,"postal_code_vanity":null}},{"id":"b5506dc4-1edc-44bb-90d2-b439c0673794","type":"Feature","feature_type":"address","geometry":null,"properties":{"address":"ул. Политехническая, д. 29, лит. П, 1-2 корпус","unit":"Кабинет 6","locality":"city","province":"RU-SPE","country":"RU","postal_code":"195251","postal_code_ext":null,"postal_code_vanity":null}},{"id":"13da8410-ba9f-4847-8c4b-34b7de626ce8","type":"Feature","feature_type":"address","geometry":null,"properties":{"address":"ул. Политехническая, д. 29, лит. П, 1-2 корпус","unit":"Кабинет 5","locality":"city","province":"RU-SPE","country":"RU","postal_code":"195251","postal_code_ext":null,"postal_code_vanity":null}},{"id":"cadd252c-21bd-4526-92c3-24835164d781","type":"Feature","feature_type":"address","geometry":null,"properties":{"address":"ул. Политехническая, д. 29, лит. П, 1-2 корпус","unit":"Кабинет 8","locality":"city","province":"RU-SPE","country":"RU","postal_code":"195251","postal_code_ext":null,"postal_code_vanity":null}},{"id":"131ad4cb-6cc1-4e99-a47b-5710666f2d95","type":"Feature","feature_type":"address","geometry":null,"properties":{"address":"ул. Политехническая, д. 29, лит. П, 1-2 корпус","unit":"Кабинет 232","locality":"city","province":"RU-SPE","country":"RU","postal_code":"195251","postal_code_ext":null,"postal_code_vanity":null}},{"id":"6b243837-6648-496e-8ad3-b3c1591e9cad","type":"Feature","feature_type":"address","geometry":null,"properties":{"address":"ул. Политехническая, д. 29, лит. П, 1-2 корпус","unit":"Кабинет 220","locality":"city","province":"RU-SPE","country":"RU","postal_code":"195251","postal_code_ext":null,"postal_code_vanity":null}},{"id":"70062f18-c056-47a9-a4b9-3d1112fb6a23","type":"Feature","feature_type":"address","geometry":null,"properties":{"address":"ул. Политехническая, д. 29, лит. П, 1-2 корпус","unit":"Кабинет 233","locality":"city","province":"RU-SPE","country":"RU","postal_code":"195251","postal_code_ext":null,"postal_code_vanity":null}},{"id":"28c1674c-24dd-43dd-920f-977c79a0d902","type":"Feature","feature_type":"address","geometry":null,"properties":{"address":"ул. Политехническая, д. 29, лит. П, 1-2 корпус","unit":"Кабинет 236","locality":"city","province":"RU-SPE","country":"RU","postal_code":"195251","postal_code_ext":null,"postal_code_vanity":null}},{"id":"abdc67bb-b514-4eca-8913-b3f1bda6979e","type":"Feature","feature_type":"address","geometry":null,"properties":{"address":"ул. Политехническая, д. 29, лит. П, 1-2 корпус","unit":"Кабинет 240","locality":"city","province":"RU-SPE","country":"RU","postal_code":"195251","postal_code_ext":null,"postal_code_vanity":null}},{"id":"b19d8b48-2024-4035-a85e-31fd3526eeb6","type":"Feature","feature_type":"address","geometry":null,"properties":{"address":"ул. Политехническая, д. 29, лит. П, 1-2 корпус","unit":"Кабинет 239","locality":"city","province":"RU-SPE","country":"RU","postal_code":"195251","postal_code_ext":null,"postal_code_vanity":null}},{"id":"99e66b95-67f9-4e92-8ddc-f1bdccf221c9","type":"Feature","feature_type":"address","geometry":null,"properties":{"address":"ул. Политехническая, д. 29, лит. П, 1-2 корпус","unit":"Кабинет 238","locality":"city","province":"RU-SPE","country":"RU","postal_code":"195251","postal_code_ext":null,"postal_code_vanity":null}},{"id":"181d0768-d8b9-422f-9a0d-336328b784f0","type":"Feature","feature_type":"address","geometry":null,"properties":{"address":"ул. Политехническая, д. 29, лит. П, 1-2 корпус","unit":"Кабинет 7","locality":"city","province":"RU-SPE","country":"RU","postal_code":"195251","postal_code_ext":null,"postal_code_vanity":null}},{"id":"6b845962-b621-429f-8e7e-f75eda9edb9c","type":"Feature","feature_type":"address","geometry":null,"properties":{"address":"ул. Политехническая, д. 29, лит. П, 1-2 корпус","unit":"","locality":"city","province":"RU-SPE","country":"RU","postal_code":"195251","postal_code_ext":null,"postal_code_vanity":null}},{"id":"e4d096a1-63a4-4b59-84c8-304ef8858dfe","type":"Feature","feature_type":"address","geometry":null,"properties":{"address":"ул. Политехническая, д. 29, лит. П, 1-2 корпус","unit":"","locality":"city","province":"RU-SPE","country":"RU","postal_code":"195251","postal_code_ext":null,"postal_code_vanity":null}},{"id":"a11ca91c-715e-4729-ac58-3e27af25b4f6","type":"Feature","feature_type":"address","geometry":null,"properties":{"address":"ул. Политехническая, д. 29, лит. П, 1-2 корпус","unit":"Лекторий 265","locality":"city","province":"RU-SPE","country":"RU","postal_code":"195251","postal_code_ext":null,"postal_code_vanity":null}},{"id":"e8156156-78a1-4d23-a7d7-71375cfe0f8f","type":"Feature","feature_type":"address","geometry":null,"properties":{"address":"ул. Политехническая, д. 29, лит. П, 1-2 корпус","unit":"Туалет женский","locality":"city","province":"RU-SPE","country":"RU","postal_code":"195251","postal_code_ext":null,"postal_code_vanity":null}},{"id":"0ac0659e-c740-42ac-b329-b32ea97ba4c6","type":"Feature","feature_type":"address","geometry":null,"properties":{"address":"ул. Политехническая, д. 29, лит. П, 1-2 корпус","unit":"Кабинет 238","locality":"city","province":"RU-SPE","country":"RU","postal_code":"195251","postal_code_ext":null,"postal_code_vanity":null}},{"id":"f17c5a21-3d87-4b69-9d33-024f77f0755f","type":"Feature","feature_type":"address","geometry":null,"properties":{"address":"ул. Политехническая, д. 29, лит. П, 1-2 корпус","unit":"Лабораторная 225","locality":"city","province":"RU-SPE","country":"RU","postal_code":"195251","postal_code_ext":null,"postal_code_vanity":null}},{"id":"046743f0-311d-49f0-b386-4982a2c48571","type":"Feature","feature_type":"address","geometry":null,"properties":{"address":"ул. Политехническая, д. 29, лит. П, 1-2 корпус","unit":"Кабинет 225а","locality":"city","province":"RU-SPE","country":"RU","postal_code":"195251","postal_code_ext":null,"postal_code_vanity":null}},{"id":"2a02a442-108b-4f2c-92da-49d19a775935","type":"Feature","feature_type":"address","geometry":null,"properties":{"address":"ул. Политехническая, д. 29, лит. П, 1-2 корпус","unit":"Лабораторная 233","locality":"city","province":"RU-SPE","country":"RU","postal_code":"195251","postal_code_ext":null,"postal_code_vanity":null}},{"id":"683cf527-42d0-4843-8cbd-761e5e756aa0","type":"Feature","feature_type":"address","geometry":null,"properties":{"address":"ул. Политехническая, д. 29, лит. П, 1-2 корпус","unit":"Кабинет 247а","locality":"city","province":"RU-SPE","country":"RU","postal_code":"195251","postal_code_ext":null,"postal_code_vanity":null}},{"id":"5c8a8821-d443-44b7-afe3-df44b27987e9","type":"Feature","feature_type":"address","geometry":null,"properties":{"address":"ул. Политехническая, д. 29, лит. П, 1-2 корпус","unit":"Кабинет 247","locality":"city","province":"RU-SPE","country":"RU","postal_code":"195251","postal_code_ext":null,"postal_code_vanity":null}},{"id":"8216c149-96a7-4a74-a023-425696af06d2","type":"Feature","feature_type":"address","geometry":null,"properties":{"address":"ул. Политехническая, д. 29, лит. П, 1-2 корпус","unit":"Лабораторная 251","locality":"city","province":"RU-SPE","country":"RU","postal_code":"195251","postal_code_ext":null,"postal_code_vanity":null}},{"id":"4262e189-de92-4b11-aee9-82e73c2df269","type":"Feature","feature_type":"address","geometry":null,"properties":{"address":"ул. Политехническая, д. 29, лит. П, 1-2 корпус","unit":"Кабинет 241","locality":"city","province":"RU-SPE","country":"RU","postal_code":"195251","postal_code_ext":null,"postal_code_vanity":null}},{"id":"958012e5-8261-4759-bdf1-9199dd162e99","type":"Feature","feature_type":"address","geometry":null,"properties":{"address":"ул. Политехническая, д. 29, лит. П, 1-2 корпус","unit":"Кабинет 224","locality":"city","province":"RU-SPE","country":"RU","postal_code":"195251","postal_code_ext":null,"postal_code_vanity":null}},{"id":"1c7b13b0-8e35-44bb-b839-d5bc7b6542d0","type":"Feature","feature_type":"address","geometry":null,"properties":{"address":"ул. Политехническая, д. 29, лит. П, 1-2 корпус","unit":"","locality":"city","province":"RU-SPE","country":"RU","postal_code":"195251","postal_code_ext":null,"postal_code_vanity":null}},{"id":"379f78e2-dd00-4b02-8e9f-d48ea3618dfd","type":"Feature","feature_type":"address","geometry":null,"properties":{"address":"ул. Политехническая, д. 29, лит. П, 1-2 корпус","unit":"","locality":"city","province":"RU-SPE","country":"RU","postal_code":"195251","postal_code_ext":null,"postal_code_vanity":null}},{"id":"bd71d6ac-4265-4020-a225-f338b44f2dcd","type":"Feature","feature_type":"address","geometry":null,"properties":{"address":"ул. Политехническая, д. 29, лит. П, 1-2 корпус","unit":"Кабинет 210","locality":"city","province":"RU-SPE","country":"RU","postal_code":"195251","postal_code_ext":null,"postal_code_vanity":null}},{"id":"46bcad5d-914d-43e5-ae22-c19510aed0b6","type":"Feature","feature_type":"address","geometry":null,"properties":{"address":"ул. Политехническая, д. 29, лит. П, 1-2 корпус","unit":"Кабинет 211","locality":"city","province":"RU-SPE","country":"RU","postal_code":"195251","postal_code_ext":null,"postal_code_vanity":null}},{"id":"a22dcefe-d492-459b-bdfc-cb68696a5170","type":"Feature","feature_type":"address","geometry":null,"properties":{"address":"ул. Политехническая, д. 29, лит. П, 1-2 корпус","unit":"Кабинет 255","locality":"city","province":"RU-SPE","country":"RU","postal_code":"195251","postal_code_ext":null,"postal_code_vanity":null}},{"id":"f5f97d12-2b22-4b65-a3cb-cc39ccf7ea5e","type":"Feature","feature_type":"address","geometry":null,"properties":{"address":"ул. Политехническая, д. 29, лит. П, 1-2 корпус","unit":"Кабинет 216","locality":"city","province":"RU-SPE","country":"RU","postal_code":"195251","postal_code_ext":null,"postal_code_vanity":null}},{"id":"d0e64ddf-2862-410e-9585-353ea6a71f9d","type":"Feature","feature_type":"address","geometry":null,"properties":{"address":"ул. Политехническая, д. 29, лит. П, 1-2 корпус","unit":"","locality":"city","province":"RU-SPE","country":"RU","postal_code":"195251","postal_code_ext":null,"postal_code_vanity":null}},{"id":"efc260d8-924b-4545-9aae-6f86a321e8d5","type":"Feature","feature_type":"address","geometry":null,"properties":{"address":"ул. Политехническая, д. 29, лит. П, 1-2 корпус","unit":"Кабинет 207","locality":"city","province":"RU-SPE","country":"RU","postal_code":"195251","postal_code_ext":null,"postal_code_vanity":null}},{"id":"482a445b-b083-4671-b31d-f7db882f8b73","type":"Feature","feature_type":"address","geometry":null,"properties":{"address":"ул. Политехническая, д. 29, лит. П, 1-2 корпус","unit":"Кабинет 216","locality":"city","province":"RU-SPE","country":"RU","postal_code":"195251","postal_code_ext":null,"postal_code_vanity":null}},{"id":"d463dc89-0376-401e-8abf-885a146b7454","type":"Feature","feature_type":"address","geometry":null,"properties":{"address":"ул. Политехническая, д. 29, лит. П, 1-2 корпус","unit":"Кабинет 217","locality":"city","province":"RU-SPE","country":"RU","postal_code":"195251","postal_code_ext":null,"postal_code_vanity":null}},{"id":"dacb4c5b-a6e2-4c0a-a768-5c88fe6ce011","type":"Feature","feature_type":"address","geometry":null,"properties":{"address":"ул. Политехническая, д. 29, лит. П, 1-2 корпус","unit":"Кабинет 219","locality":"city","province":"RU-SPE","country":"RU","postal_code":"195251","postal_code_ext":null,"postal_code_vanity":null}},{"id":"03bc97e0-4556-42d0-b836-690cc941d532","type":"Feature","feature_type":"address","geometry":null,"properties":{"address":"ул. Политехническая, д. 29, лит. П, 1-2 корпус","unit":"Кабинет 248","locality":"city","province":"RU-SPE","country":"RU","postal_code":"195251","postal_code_ext":null,"postal_code_vanity":null}},{"id":"31b9e8e1-2a84-415c-a1f4-0346561d5916","type":"Feature","feature_type":"address","geometry":null,"properties":{"address":"ул. Политехническая, д. 29, лит. П, 1-2 корпус","unit":"Лабораторная 261","locality":"city","province":"RU-SPE","country":"RU","postal_code":"195251","postal_code_ext":null,"postal_code_vanity":null}},{"id":"1300c071-aece-4ac3-8064-3a7ef5ff13ac","type":"Feature","feature_type":"address","geometry":null,"properties":{"address":"ул. Политехническая, д. 29, лит. П, 1-2 корпус","unit":"Кабинет 237","locality":"city","province":"RU-SPE","country":"RU","postal_code":"195251","postal_code_ext":null,"postal_code_vanity":null}},{"id":"33443cc1-73f2-4690-9f72-ae75ec408f75","type":"Feature","feature_type":"address","geometry":null,"properties":{"address":"ул. Политехническая, д. 29, лит. П, 1-2 корпус","unit":"","locality":"city","province":"RU-SPE","country":"RU","postal_code":"195251","postal_code_ext":null,"postal_code_vanity":null}},{"id":"e1d8e29f-4538-4aae-8dc5-06ee2fbd5090","type":"Feature","feature_type":"address","geometry":null,"properties":{"address":"ул. Политехническая, д. 29, лит. П, 1-2 корпус","unit":"","locality":"city","province":"RU-SPE","country":"RU","postal_code":"195251","postal_code_ext":null,"postal_code_vanity":null}},{"id":"753787bc-0517-4aa8-8498-fb3416c550bc","type":"Feature","feature_type":"address","geometry":null,"properties":{"address":"ул. Политехническая, д. 29, лит. П, 1-2 корпус","unit":"","locality":"city","province":"RU-SPE","country":"RU","postal_code":"195251","postal_code_ext":null,"postal_code_vanity":null}},{"id":"5dce8637-8ee0-4807-a100-b20e1e8f8b0c","type":"Feature","feature_type":"address","geometry":null,"properties":{"address":"ул. Политехническая, д. 29, лит. П, 1-2 корпус","unit":"332","locality":"city","province":"RU-SPE","country":"RU","postal_code":"195251","postal_code_ext":null,"postal_code_vanity":null}},{"id":"f8bcc663-13e7-4b07-934c-d17de9efcb83","type":"Feature","feature_type":"address","geometry":null,"properties":{"address":"ул. Политехническая, д. 29, лит. П, 1-2 корпус","unit":"Туалет женский","locality":"city","province":"RU-SPE","country":"RU","postal_code":"195251","postal_code_ext":null,"postal_code_vanity":null}},{"id":"107a9001-05ee-4f96-ba98-da599a995b00","type":"Feature","feature_type":"address","geometry":null,"properties":{"address":"ул. Политехническая, д. 29, лит. П, 1-2 корпус","unit":"Кабинет 331","locality":"city","province":"RU-SPE","country":"RU","postal_code":"195251","postal_code_ext":null,"postal_code_vanity":null}},{"id":"313fb310-c832-4862-a34e-280f65a45594","type":"Feature","feature_type":"address","geometry":null,"properties":{"address":"ул. Политехническая, д. 29, лит. П, 1-2 корпус","unit":"Кабинет 310","locality":"city","province":"RU-SPE","country":"RU","postal_code":"195251","postal_code_ext":null,"postal_code_vanity":null}},{"id":"f7be459a-c575-4601-9fb6-410ce4d79323","type":"Feature","feature_type":"address","geometry":null,"properties":{"address":"ул. Политехническая, д. 29, лит. П, 1-2 корпус","unit":"Кабинет ","locality":"city","province":"RU-SPE","country":"RU","postal_code":"195251","postal_code_ext":null,"postal_code_vanity":null}},{"id":"9f5fb306-847f-4628-ac0b-bf8098e6504e","type":"Feature","feature_type":"address","geometry":null,"properties":{"address":"ул. Политехническая, д. 29, лит. П, 1-2 корпус","unit":"Кабинет 337","locality":"city","province":"RU-SPE","country":"RU","postal_code":"195251","postal_code_ext":null,"postal_code_vanity":null}},{"id":"131ee041-7c05-4b7c-aee5-fbe7722b3cb4","type":"Feature","feature_type":"address","geometry":null,"properties":{"address":"ул. Политехническая, д. 29, лит. П, 1-2 корпус","unit":"Кабинет 331","locality":"city","province":"RU-SPE","country":"RU","postal_code":"195251","postal_code_ext":null,"postal_code_vanity":null}},{"id":"6071271b-b44f-4c21-b9c5-367cdf6dbb84","type":"Feature","feature_type":"address","geometry":null,"properties":{"address":"ул. Политехническая, д. 29, лит. П, 1-2 корпус","unit":"Кабинет 329","locality":"city","province":"RU-SPE","country":"RU","postal_code":"195251","postal_code_ext":null,"postal_code_vanity":null}},{"id":"b29f9929-4823-411e-b526-29924f0b2b03","type":"Feature","feature_type":"address","geometry":null,"properties":{"address":"ул. Политехническая, д. 29, лит. П, 1-2 корпус","unit":"Кабинет 328","locality":"city","province":"RU-SPE","country":"RU","postal_code":"195251","postal_code_ext":null,"postal_code_vanity":null}},{"id":"d852789a-920e-4d6a-bc76-d1ce9b82c0f8","type":"Feature","feature_type":"address","geometry":null,"properties":{"address":"ул. Политехническая, д. 29, лит. П, 1-2 корпус","unit":"Кабинет 327","locality":"city","province":"RU-SPE","country":"RU","postal_code":"195251","postal_code_ext":null,"postal_code_vanity":null}},{"id":"c699a3d1-5365-44f5-bd1f-e923583590b5","type":"Feature","feature_type":"address","geometry":null,"properties":{"address":"ул. Политехническая, д. 29, лит. П, 1-2 корпус","unit":"Кабинет 326а","locality":"city","province":"RU-SPE","country":"RU","postal_code":"195251","postal_code_ext":null,"postal_code_vanity":null}},{"id":"57594756-ac28-4612-95df-5d74af7758d8","type":"Feature","feature_type":"address","geometry":null,"properties":{"address":"ул. Политехническая, д. 29, лит. П, 1-2 корпус","unit":"Кабинет 326","locality":"city","province":"RU-SPE","country":"RU","postal_code":"195251","postal_code_ext":null,"postal_code_vanity":null}},{"id":"927682f6-f78d-4bcd-a1f4-62e4fbd148ab","type":"Feature","feature_type":"address","geometry":null,"properties":{"address":"ул. Политехническая, д. 29, лит. П, 1-2 корпус","unit":"Кабинет 322","locality":"city","province":"RU-SPE","country":"RU","postal_code":"195251","postal_code_ext":null,"postal_code_vanity":null}},{"id":"df2ceed1-fc78-4d07-bc36-daae1726bc25","type":"Feature","feature_type":"address","geometry":null,"properties":{"address":"ул. Политехническая, д. 29, лит. П, 1-2 корпус","unit":"Кабинет 320","locality":"city","province":"RU-SPE","country":"RU","postal_code":"195251","postal_code_ext":null,"postal_code_vanity":null}},{"id":"7e87938f-cc2b-49a8-9661-e528483773ba","type":"Feature","feature_type":"address","geometry":null,"properties":{"address":"ул. Политехническая, д. 29, лит. П, 1-2 корпус","unit":"Лабораторная 319","locality":"city","province":"RU-SPE","country":"RU","postal_code":"195251","postal_code_ext":null,"postal_code_vanity":null}},{"id":"1eae0adb-a618-4988-ab86-1697edf64438","type":"Feature","feature_type":"address","geometry":null,"properties":{"address":"ул. Политехническая, д. 29, лит. П, 1-2 корпус","unit":"Кабинет 317","locality":"city","province":"RU-SPE","country":"RU","postal_code":"195251","postal_code_ext":null,"postal_code_vanity":null}},{"id":"71edbbf2-fc2c-49d7-87cf-95ff4ed94eb7","type":"Feature","feature_type":"address","geometry":null,"properties":{"address":"ул. Политехническая, д. 29, лит. П, 1-2 корпус","unit":"Кабинет 316","locality":"city","province":"RU-SPE","country":"RU","postal_code":"195251","postal_code_ext":null,"postal_code_vanity":null}},{"id":"3e08d24d-2d95-4c30-9033-3bd24d93550b","type":"Feature","feature_type":"address","geometry":null,"properties":{"address":"ул. Политехническая, д. 29, лит. П, 1-2 корпус","unit":"Кабинет 311","locality":"city","province":"RU-SPE","country":"RU","postal_code":"195251","postal_code_ext":null,"postal_code_vanity":null}},{"id":"8f9f4815-5af1-4fef-853a-7e1317c7122d","type":"Feature","feature_type":"address","geometry":null,"properties":{"address":"ул. Политехническая, д. 29, лит. П, 1-2 корпус","unit":"Кабинет 338","locality":"city","province":"RU-SPE","country":"RU","postal_code":"195251","postal_code_ext":null,"postal_code_vanity":null}},{"id":"3c7aef8f-0d41-4a50-8f76-137ae82b0738","type":"Feature","feature_type":"address","geometry":null,"properties":{"address":"ул. Политехническая, д. 29, лит. П, 1-2 корпус","unit":"Лабораторная 345","locality":"city","province":"RU-SPE","country":"RU","postal_code":"195251","postal_code_ext":null,"postal_code_vanity":null}},{"id":"47334d67-9400-4de4-85f0-a041d99971af","type":"Feature","feature_type":"address","geometry":null,"properties":{"address":"ул. Политехническая, д. 29, лит. П, 1-2 корпус","unit":"Кабинет 348","locality":"city","province":"RU-SPE","country":"RU","postal_code":"195251","postal_code_ext":null,"postal_code_vanity":null}},{"id":"f407ed49-fbc1-4e1f-a471-6eef911697a9","type":"Feature","feature_type":"address","geometry":null,"properties":{"address":"ул. Политехническая, д. 29, лит. П, 1-2 корпус","unit":"Кабинет 351","locality":"city","province":"RU-SPE","country":"RU","postal_code":"195251","postal_code_ext":null,"postal_code_vanity":null}},{"id":"edfd9044-8593-4367-8b09-b97ea18bf898","type":"Feature","feature_type":"address","geometry":null,"properties":{"address":"ул. Политехническая, д. 29, лит. П, 1-2 корпус","unit":"Кабинет 347","locality":"city","province":"RU-SPE","country":"RU","postal_code":"195251","postal_code_ext":null,"postal_code_vanity":null}},{"id":"e0e25ce1-d631-485a-89ce-9b26ea728029","type":"Feature","feature_type":"address","geometry":null,"properties":{"address":"ул. Политехническая, д. 29, лит. П, 1-2 корпус","unit":"Кабинет 357 Заместитель директора ИФНиТ","locality":"city","province":"RU-SPE","country":"RU","postal_code":"195251","postal_code_ext":null,"postal_code_vanity":null}},{"id":"28f23f36-4edb-4e18-b0fa-ab96fa1d3ca6","type":"Feature","feature_type":"address","geometry":null,"properties":{"address":"ул. Политехническая, д. 29, лит. П, 1-2 корпус","unit":"Кабинет 359","locality":"city","province":"RU-SPE","country":"RU","postal_code":"195251","postal_code_ext":null,"postal_code_vanity":null}},{"id":"c85714a0-7be7-49c5-baad-b7f67c9ce682","type":"Feature","feature_type":"address","geometry":null,"properties":{"address":"ул. Политехническая, д. 29, лит. П, 1-2 корпус","unit":"Кабинет 360","locality":"city","province":"RU-SPE","country":"RU","postal_code":"195251","postal_code_ext":null,"postal_code_vanity":null}},{"id":"28c57977-9191-4a8b-a3a0-5de627ce7162","type":"Feature","feature_type":"address","geometry":null,"properties":{"address":"ул. Политехническая, д. 29, лит. П, 1-2 корпус","unit":"Кабинет 361","locality":"city","province":"RU-SPE","country":"RU","postal_code":"195251","postal_code_ext":null,"postal_code_vanity":null}},{"id":"ef06b9d0-874f-4ce2-b206-5ac588b22a1f","type":"Feature","feature_type":"address","geometry":null,"properties":{"address":"ул. Политехническая, д. 29, лит. П, 1-2 корпус","unit":"Кабинет 355","locality":"city","province":"RU-SPE","country":"RU","postal_code":"195251","postal_code_ext":null,"postal_code_vanity":null}},{"id":"1adb421d-a2f9-4b0c-bd77-b21cbeca5422","type":"Feature","feature_type":"address","geometry":null,"properties":{"address":"ул. Политехническая, д. 29, лит. П, 1-2 корпус","unit":"354","locality":"city","province":"RU-SPE","country":"RU","postal_code":"195251","postal_code_ext":null,"postal_code_vanity":null}},{"id":"9e1bc120-7ca9-49e6-aee8-d62e87a53303","type":"Feature","feature_type":"address","geometry":null,"properties":{"address":"ул. Политехническая, д. 29, лит. П, 1-2 корпус","unit":"Кабинет 352","locality":"city","province":"RU-SPE","country":"RU","postal_code":"195251","postal_code_ext":null,"postal_code_vanity":null}},{"id":"b31cad3c-1d1d-4b94-a28f-54d01738d2cf","type":"Feature","feature_type":"address","geometry":null,"properties":{"address":"ул. Политехническая, д. 29, лит. П, 1-2 корпус","unit":"Кабинет 349 ПРОФ","locality":"city","province":"RU-SPE","country":"RU","postal_code":"195251","postal_code_ext":null,"postal_code_vanity":null}},{"id":"17701ccb-cfce-4503-aa59-fa4a4cf45f93","type":"Feature","feature_type":"address","geometry":null,"properties":{"address":"ул. Политехническая, д. 29, лит. П, 1-2 корпус","unit":"","locality":"city","province":"RU-SPE","country":"RU","postal_code":"195251","postal_code_ext":null,"postal_code_vanity":null}},{"id":"264c9f79-c882-4b02-a594-551de0f8205c","type":"Feature","feature_type":"address","geometry":null,"properties":{"address":"ул. Политехническая, д. 29, лит. П, 1-2 корпус","unit":"","locality":"city","province":"RU-SPE","country":"RU","postal_code":"195251","postal_code_ext":null,"postal_code_vanity":null}},{"id":"197e9f03-b636-4e90-8f39-6ea533703412","type":"Feature","feature_type":"address","geometry":null,"properties":{"address":"ул. Политехническая, д. 29, лит. П, 1-2 корпус","unit":"","locality":"city","province":"RU-SPE","country":"RU","postal_code":"195251","postal_code_ext":null,"postal_code_vanity":null}},{"id":"9f321787-bcda-491d-9ecf-86ee82777a32","type":"Feature","feature_type":"address","geometry":null,"properties":{"address":"ул. Политехническая, д. 29, лит. П, 1-2 корпус","unit":"","locality":"city","province":"RU-SPE","country":"RU","postal_code":"195251","postal_code_ext":null,"postal_code_vanity":null}},{"id":"ab0157d2-f792-4620-a406-1e65518a6f95","type":"Feature","feature_type":"address","geometry":null,"properties":{"address":"ул. Политехническая, д. 29, лит. П, 1-2 корпус","unit":"","locality":"city","province":"RU-SPE","country":"RU","postal_code":"195251","postal_code_ext":null,"postal_code_vanity":null}},{"id":"fdac4ad7-c166-4028-9fc8-70b808955d2a","type":"Feature","feature_type":"address","geometry":null,"properties":{"address":"ул. Политехническая, д. 29, лит. П, 1-2 корпус","unit":"","locality":"city","province":"RU-SPE","country":"RU","postal_code":"195251","postal_code_ext":null,"postal_code_vanity":null}},{"id":"bd220a20-0a53-40ca-9eee-d1d995ef7477","type":"Feature","feature_type":"address","geometry":null,"properties":{"address":"ул. Политехническая, д. 29, лит. П, 1-2 корпус","unit":"Кабинет ","locality":"city","province":"RU-SPE","country":"RU","postal_code":"195251","postal_code_ext":null,"postal_code_vanity":null}},{"id":"24ca9ddf-a209-446e-a0cb-24793eafe531","type":"Feature","feature_type":"address","geometry":null,"properties":{"address":"ул. Политехническая, д. 29, лит. П, 1-2 корпус","unit":"Кабинет 311","locality":"city","province":"RU-SPE","country":"RU","postal_code":"195251","postal_code_ext":null,"postal_code_vanity":null}},{"id":"06da4bec-8ad5-4ae7-8f06-b408ca0a60b4","type":"Feature","feature_type":"address","geometry":null,"properties":{"address":"ул. Политехническая, д. 29, лит. П, 1-2 корпус","unit":"","locality":"city","province":"RU-SPE","country":"RU","postal_code":"195251","postal_code_ext":null,"postal_code_vanity":null}},{"id":"b84fb78e-964d-49b6-96b8-22eacd2488c1","type":"Feature","feature_type":"address","geometry":null,"properties":{"address":"ул. Политехническая, д. 29, лит. П, 1-2 корпус","unit":" Кабинет 305","locality":"city","province":"RU-SPE","country":"RU","postal_code":"195251","postal_code_ext":null,"postal_code_vanity":null}},{"id":"62439a25-6449-4f99-ac79-002605ba6ed6","type":"Feature","feature_type":"address","geometry":null,"properties":{"address":"ул. Политехническая, д. 29, лит. П, 1-2 корпус","unit":"Кабинет 305А","locality":"city","province":"RU-SPE","country":"RU","postal_code":"195251","postal_code_ext":null,"postal_code_vanity":null}},{"id":"385c1b90-0fa6-478c-847f-a9348ff41a95","type":"Feature","feature_type":"address","geometry":null,"properties":{"address":"ул. Политехническая, д. 29, лит. П, 1-2 корпус","unit":"Кабинет 304","locality":"city","province":"RU-SPE","country":"RU","postal_code":"195251","postal_code_ext":null,"postal_code_vanity":null}},{"id":"6c88751a-0edc-4f28-9e44-dabe8e7c3376","type":"Feature","feature_type":"address","geometry":null,"properties":{"address":"ул. Политехническая, д. 29, лит. П, 1-2 корпус","unit":"Кабинет 302","locality":"city","province":"RU-SPE","country":"RU","postal_code":"195251","postal_code_ext":null,"postal_code_vanity":null}},{"id":"6585ab0e-0460-422d-956a-ff57d41e415c","type":"Feature","feature_type":"address","geometry":null,"properties":{"address":"ул. Политехническая, д. 29, лит. П, 1-2 корпус","unit":"Кабинет 301","locality":"city","province":"RU-SPE","country":"RU","postal_code":"195251","postal_code_ext":null,"postal_code_vanity":null}},{"id":"ab4ffbac-649e-42fd-93c5-85ed3cd267cf","type":"Feature","feature_type":"address","geometry":null,"properties":{"address":"ул. Политехническая, д. 29, лит. П, 1-2 корпус","unit":"Кабинет 330","locality":"city","province":"RU-SPE","country":"RU","postal_code":"195251","postal_code_ext":null,"postal_code_vanity":null}},{"id":"a147c814-e67e-4a26-9616-d5df8770cf6e","type":"Feature","feature_type":"address","geometry":null,"properties":{"address":"ул. Политехническая, д. 29, лит. П, 1-2 корпус","unit":"","locality":"city","province":"RU-SPE","country":"RU","postal_code":"195251","postal_code_ext":null,"postal_code_vanity":null}},{"id":"e8d2de92-cc83-420d-a4d3-e4d588605122","type":"Feature","feature_type":"address","geometry":null,"properties":{"address":"ул. Политехническая, д. 29, лит. П, 1-2 корпус","unit":"Кабинет 333","locality":"city","province":"RU-SPE","country":"RU","postal_code":"195251","postal_code_ext":null,"postal_code_vanity":null}},{"id":"0e8714db-8ef5-4abe-a98d-3e74d8d1ad17","type":"Feature","feature_type":"address","geometry":null,"properties":{"address":"ул. Политехническая, д. 29, лит. П, 1-2 корпус","unit":"","locality":"city","province":"RU-SPE","country":"RU","postal_code":"195251","postal_code_ext":null,"postal_code_vanity":null}},{"id":"7ab7731d-76be-4961-a861-8d4a306e7953","type":"Feature","feature_type":"address","geometry":null,"properties":{"address":"ул. Политехническая, д. 29, лит. П, 1-2 корпус","unit":"Кабинет 335","locality":"city","province":"RU-SPE","country":"RU","postal_code":"195251","postal_code_ext":null,"postal_code_vanity":null}},{"id":"1b5fc5f7-9553-4a49-bff5-8a0dcb3f16ce","type":"Feature","feature_type":"address","geometry":null,"properties":{"address":"ул. Политехническая, д. 29, лит. П, 1-2 корпус","unit":"Кабинет 359","locality":"city","province":"RU-SPE","country":"RU","postal_code":"195251","postal_code_ext":null,"postal_code_vanity":null}},{"id":"d144561a-a493-42f6-b8c1-882f467042c9","type":"Feature","feature_type":"address","geometry":null,"properties":{"address":"ул. Политехническая, д. 29, лит. П, 1-2 корпус","unit":"Туалет женский","locality":"city","province":"RU-SPE","country":"RU","postal_code":"195251","postal_code_ext":null,"postal_code_vanity":null}},{"id":"a572eed4-b411-4e9c-90f0-99e51247c75d","type":"Feature","feature_type":"address","geometry":null,"properties":{"address":"ул. Политехническая, д. 29, лит. П, 1-2 корпус","unit":"Кабинет 345","locality":"city","province":"RU-SPE","country":"RU","postal_code":"195251","postal_code_ext":null,"postal_code_vanity":null}},{"id":"606058bf-1b4f-4cb6-be37-1d311fc3f027","type":"Feature","feature_type":"address","geometry":null,"properties":{"address":"ул. Политехническая, д. 29, лит. П, 1-2 корпус","unit":"Туалет мужской","locality":"city","province":"RU-SPE","country":"RU","postal_code":"195251","postal_code_ext":null,"postal_code_vanity":null}},{"id":"04a121a6-3a6f-4e0b-ba27-7ac91c0ff158","type":"Feature","feature_type":"address","geometry":null,"properties":{"address":"ул. Политехническая, д. 29, лит. П, 1-2 корпус","unit":"Кабинет 307","locality":"city","province":"RU-SPE","country":"RU","postal_code":"195251","postal_code_ext":null,"postal_code_vanity":null}},{"id":"295a4360-a8b4-4698-8341-dd287f9742db","type":"Feature","feature_type":"address","geometry":null,"properties":{"address":"ул. Политехническая, д. 29, лит. П, 1-2 корпус","unit":"Кабинет 306","locality":"city","province":"RU-SPE","country":"RU","postal_code":"195251","postal_code_ext":null,"postal_code_vanity":null}},{"id":"d1db9e2f-cbda-483f-b4c6-e1a399b9deaf","type":"Feature","feature_type":"address","geometry":null,"properties":{"address":"ул. Политехническая, д. 29, лит. П, 1-2 корпус","unit":"Кабинет 317","locality":"city","province":"RU-SPE","country":"RU","postal_code":"195251","postal_code_ext":null,"postal_code_vanity":null}},{"id":"f35d9a56-c833-4da2-a842-1aba66c91354","type":"Feature","feature_type":"address","geometry":null,"properties":{"address":"ул. Политехническая, д. 29, лит. П, 1-2 корпус","unit":"Кабинет 315","locality":"city","province":"RU-SPE","country":"RU","postal_code":"195251","postal_code_ext":null,"postal_code_vanity":null}},{"id":"d9a8f0dc-66e2-4de5-a007-81886c5f5646","type":"Feature","feature_type":"address","geometry":null,"properties":{"address":"ул. Политехническая, д. 29, лит. П, 1-2 корпус","unit":"Кабинет 314","locality":"city","province":"RU-SPE","country":"RU","postal_code":"195251","postal_code_ext":null,"postal_code_vanity":null}},{"id":"abff2ec3-b4d2-46bb-b14a-6b2a1f376b7f","type":"Feature","feature_type":"address","geometry":null,"properties":{"address":"ул. Политехническая, д. 29, лит. П, 1-2 корпус","unit":"Кабинет 313","locality":"city","province":"RU-SPE","country":"RU","postal_code":"195251","postal_code_ext":null,"postal_code_vanity":null}},{"id":"0b1449a9-b950-4aff-a42a-c3f6c62b510a","type":"Feature","feature_type":"address","geometry":null,"properties":{"address":"ул. Политехническая, д. 29, лит. П, 1-2 корпус","unit":"Кабинет 312","locality":"city","province":"RU-SPE","country":"RU","postal_code":"195251","postal_code_ext":null,"postal_code_vanity":null}},{"id":"671a43ce-4123-431d-b9a5-480ad60d33b9","type":"Feature","feature_type":"address","geometry":null,"properties":{"address":"ул. Политехническая, д. 29, лит. П, 1-2 корпус","unit":"Кабинет 311","locality":"city","province":"RU-SPE","country":"RU","postal_code":"195251","postal_code_ext":null,"postal_code_vanity":null}},{"id":"7fb23938-9c56-4547-adc7-aa683a6537d0","type":"Feature","feature_type":"address","geometry":null,"properties":{"address":"ул. Политехническая, д. 29, лит. П, 1-2 корпус","unit":"Кабинет 336","locality":"city","province":"RU-SPE","country":"RU","postal_code":"195251","postal_code_ext":null,"postal_code_vanity":null}},{"id":"2f05b3da-150e-483a-b143-7130299aa8a2","type":"Feature","feature_type":"address","geometry":null,"properties":{"address":"ул. Политехническая, д. 29, лит. П, 1-2 корпус","unit":"Кабинет 339","locality":"city","province":"RU-SPE","country":"RU","postal_code":"195251","postal_code_ext":null,"postal_code_vanity":null}},{"id":"7d9eb79f-2ef5-4684-a996-d4f770ec9417","type":"Feature","feature_type":"address","geometry":null,"properties":{"address":"ул. Политехническая, д. 29, лит. П, 1-2 корпус","unit":"Кабинет 342","locality":"city","province":"RU-SPE","country":"RU","postal_code":"195251","postal_code_ext":null,"postal_code_vanity":null}},{"id":"009cd55d-42d5-44aa-86e1-a314e94dd417","type":"Feature","feature_type":"address","geometry":null,"properties":{"address":"ул. Политехническая, д. 29, лит. П, 1-2 корпус","unit":"Кабинет 347","locality":"city","province":"RU-SPE","country":"RU","postal_code":"195251","postal_code_ext":null,"postal_code_vanity":null}},{"id":"977eecf6-f81c-4bc1-9b29-37cbc7f022e6","type":"Feature","feature_type":"address","geometry":null,"properties":{"address":"ул. Политехническая, д. 29, лит. П, 1-2 корпус","unit":"346 Стипендиально-договорной отдел","locality":"city","province":"RU-SPE","country":"RU","postal_code":"195251","postal_code_ext":null,"postal_code_vanity":null}},{"id":"a08caa15-ce4e-47ed-90f7-f8fbf4c9d33f","type":"Feature","feature_type":"address","geometry":null,"properties":{"address":"ул. Политехническая, д. 29, лит. П, 1-2 корпус","unit":"Кабинет 343","locality":"city","province":"RU-SPE","country":"RU","postal_code":"195251","postal_code_ext":null,"postal_code_vanity":null}},{"id":"1339faff-5887-4635-95d9-26c7122764fb","type":"Feature","feature_type":"address","geometry":null,"properties":{"address":"ул. Политехническая, д. 29, лит. П, 1-2 корпус","unit":"","locality":"city","province":"RU-SPE","country":"RU","postal_code":"195251","postal_code_ext":null,"postal_code_vanity":null}},{"id":"ef3fcaf5-5515-4572-9c7a-7d89c5d44775","type":"Feature","feature_type":"address","geometry":null,"properties":{"address":"ул. Политехническая, д. 29, лит. П, 1-2 корпус","unit":"","locality":"city","province":"RU-SPE","country":"RU","postal_code":"195251","postal_code_ext":null,"postal_code_vanity":null}},{"id":"3e6ed940-7095-4c4c-94f5-24df8c38a038","type":"Feature","feature_type":"address","geometry":null,"properties":{"address":"ул. Политехническая, д. 29, лит. П, 1-2 корпус","unit":"Туалет мужской","locality":"city","province":"RU-SPE","country":"RU","postal_code":"195251","postal_code_ext":null,"postal_code_vanity":null}},{"id":"b0311b2d-8553-443a-949d-4c3328bbd54e","type":"Feature","feature_type":"address","geometry":null,"properties":{"address":"ул. Политехническая, д. 29, лит. П, 1-2 корпус","unit":"Кабинет 343","locality":"city","province":"RU-SPE","country":"RU","postal_code":"195251","postal_code_ext":null,"postal_code_vanity":null}},{"id":"ab601820-c4e0-4115-bc6f-2b60f459f17c","type":"Feature","feature_type":"address","geometry":null,"properties":{"address":"ул. Политехническая, д. 29, лит. П, 1-2 корпус","unit":"Кабинет 332","locality":"city","province":"RU-SPE","country":"RU","postal_code":"195251","postal_code_ext":null,"postal_code_vanity":null}},{"id":"a1b23808-cad1-4875-8283-9a80f2cdda99","type":"Feature","feature_type":"address","geometry":null,"properties":{"address":"ул. Политехническая, д. 29, лит. П, 1-2 корпус","unit":"Туалет женский","locality":"city","province":"RU-SPE","country":"RU","postal_code":"195251","postal_code_ext":null,"postal_code_vanity":null}},{"id":"ea10c257-5e66-4443-86ff-26b0e740185b","type":"Feature","feature_type":"address","geometry":null,"properties":{"address":"ул. Политехническая, д. 29, лит. П, 1-2 корпус","unit":"Лабораторная 355","locality":"city","province":"RU-SPE","country":"RU","postal_code":"195251","postal_code_ext":null,"postal_code_vanity":null}},{"id":"0a665203-8576-4ebb-be54-b6ab97b20747","type":"Feature","feature_type":"address","geometry":null,"properties":{"address":"ул. Политехническая, д. 29, лит. П, 1-2 корпус","unit":"Лабораторная 348","locality":"city","province":"RU-SPE","country":"RU","postal_code":"195251","postal_code_ext":null,"postal_code_vanity":null}},{"id":"496b4d3f-860f-49b8-851c-7835fdba75c2","type":"Feature","feature_type":"address","geometry":null,"properties":{"address":"ул. Политехническая, д. 29, лит. П, 1-2 корпус","unit":"Лабораторная 349","locality":"city","province":"RU-SPE","country":"RU","postal_code":"195251","postal_code_ext":null,"postal_code_vanity":null}},{"id":"f7c7648b-d7ec-443a-b02a-c13afa004cbf","type":"Feature","feature_type":"address","geometry":null,"properties":{"address":"ул. Политехническая, д. 29, лит. П, 1-2 корпус","unit":"Кабинет 352","locality":"city","province":"RU-SPE","country":"RU","postal_code":"195251","postal_code_ext":null,"postal_code_vanity":null}},{"id":"de996279-a2a2-4a2e-9a5d-8808a4e0bc34","type":"Feature","feature_type":"address","geometry":null,"properties":{"address":"ул. Политехническая, д. 29, лит. П, 1-2 корпус","unit":"Кабинет 341","locality":"city","province":"RU-SPE","country":"RU","postal_code":"195251","postal_code_ext":null,"postal_code_vanity":null}},{"id":"0ced5449-7e64-439b-90a9-4656a246e706","type":"Feature","feature_type":"address","geometry":null,"properties":{"address":"ул. Политехническая, д. 29, лит. П, 1-2 корпус","unit":"Кабинет 330","locality":"city","province":"RU-SPE","country":"RU","postal_code":"195251","postal_code_ext":null,"postal_code_vanity":null}},{"id":"7b8d1439-6ac7-4fb8-8cd9-2c22e8badcf0","type":"Feature","feature_type":"address","geometry":null,"properties":{"address":"ул. Политехническая, д. 29, лит. П, 1-2 корпус","unit":"309","locality":"city","province":"RU-SPE","country":"RU","postal_code":"195251","postal_code_ext":null,"postal_code_vanity":null}},{"id":"887e5dbe-8bd5-4c72-b7ab-102d918b8f8b","type":"Feature","feature_type":"address","geometry":null,"properties":{"address":"ул. Политехническая, д. 29, лит. П, 1-2 корпус","unit":"Кабинет 316","locality":"city","province":"RU-SPE","country":"RU","postal_code":"195251","postal_code_ext":null,"postal_code_vanity":null}},{"id":"8bc7f207-ac70-4694-8149-67f9dbb74930","type":"Feature","feature_type":"address","geometry":null,"properties":{"address":"ул. Политехническая, д. 29, лит. П, 1-2 корпус","unit":"Кабинет 308","locality":"city","province":"RU-SPE","country":"RU","postal_code":"195251","postal_code_ext":null,"postal_code_vanity":null}},{"id":"929acc54-9064-40f4-b5ed-fa400773715a","type":"Feature","feature_type":"address","geometry":null,"properties":{"address":"ул. Политехническая, д. 29, лит. П, 1-2 корпус","unit":"Кабинет ","locality":"city","province":"RU-SPE","country":"RU","postal_code":"195251","postal_code_ext":null,"postal_code_vanity":null}},{"id":"cf5ee58d-3ea3-4bbb-9d12-95e379e47ca5","type":"Feature","feature_type":"address","geometry":null,"properties":{"address":"ул. Политехническая, д. 29, лит. П, 1-2 корпус","unit":"Кабинет А359","locality":"city","province":"RU-SPE","country":"RU","postal_code":"195251","postal_code_ext":null,"postal_code_vanity":null}},{"id":"e1ec6ac2-bff4-459c-9b45-d91554aacfb7","type":"Feature","feature_type":"address","geometry":null,"properties":{"address":"ул. Политехническая, д. 29, лит. П, 1-2 корпус","unit":"Кабинет 342","locality":"city","province":"RU-SPE","country":"RU","postal_code":"195251","postal_code_ext":null,"postal_code_vanity":null}},{"id":"dfb1cb27-6ccd-40ca-baa1-cfa10244abab","type":"Feature","feature_type":"address","geometry":null,"properties":{"address":"ул. Политехническая, д. 29, лит. П, 1-2 корпус","unit":"Кабинет 338","locality":"city","province":"RU-SPE","country":"RU","postal_code":"195251","postal_code_ext":null,"postal_code_vanity":null}},{"id":"dcbb1f4f-d68c-4c5f-bb41-f5db85221a09","type":"Feature","feature_type":"address","geometry":null,"properties":{"address":"ул. Политехническая, д. 29, лит. П, 1-2 корпус","unit":"Кабинет 350","locality":"city","province":"RU-SPE","country":"RU","postal_code":"195251","postal_code_ext":null,"postal_code_vanity":null}},{"id":"8fd534ce-b6d3-425a-ac2d-ecc91c2563cf","type":"Feature","feature_type":"address","geometry":null,"properties":{"address":"ул. Политехническая, д. 29, лит. П, 1-2 корпус","unit":"Кабинет 351","locality":"city","province":"RU-SPE","country":"RU","postal_code":"195251","postal_code_ext":null,"postal_code_vanity":null}},{"id":"84fa695a-ab87-4d0a-bbcd-269b1f6f777f","type":"Feature","feature_type":"address","geometry":null,"properties":{"address":"ул. Политехническая, д. 29, лит. П, 1-2 корпус","unit":"Кабинет 353","locality":"city","province":"RU-SPE","country":"RU","postal_code":"195251","postal_code_ext":null,"postal_code_vanity":null}},{"id":"12b854cb-30bc-4cd5-b428-ac04f63862fa","type":"Feature","feature_type":"address","geometry":null,"properties":{"address":"ул. Политехническая, д. 29, лит. П, 1-2 корпус","unit":"358","locality":"city","province":"RU-SPE","country":"RU","postal_code":"195251","postal_code_ext":null,"postal_code_vanity":null}},{"id":"99a672d0-d6d4-4699-b518-306b5b66a0b6","type":"Feature","feature_type":"address","geometry":null,"properties":{"address":"ул. Политехническая, д. 29, лит. П, 1-2 корпус","unit":"Кабинет 337","locality":"city","province":"RU-SPE","country":"RU","postal_code":"195251","postal_code_ext":null,"postal_code_vanity":null}},{"id":"6e966fec-11e2-4f65-974a-426dedcfb066","type":"Feature","feature_type":"address","geometry":null,"properties":{"address":"ул. Политехническая, д. 29, лит. П, 1-2 корпус","unit":"Кабинет 303","locality":"city","province":"RU-SPE","country":"RU","postal_code":"195251","postal_code_ext":null,"postal_code_vanity":null}},{"id":"c40a1332-1462-4a63-9efe-6b4e789ef36c","type":"Feature","feature_type":"address","geometry":null,"properties":{"address":"ул. Политехническая, д. 29, лит. П, 1-2 корпус","unit":"Кафедра Гидроаэродинамики","locality":"city","province":"RU-SPE","country":"RU","postal_code":"195251","postal_code_ext":null,"postal_code_vanity":null}},{"id":"a8349816-6379-44a9-a597-c08662dc81a9","type":"Feature","feature_type":"address","geometry":null,"properties":{"address":"ул. Политехническая, д. 29, лит. П, 1-2 корпус","unit":"Кабинет 312","locality":"city","province":"RU-SPE","country":"RU","postal_code":"195251","postal_code_ext":null,"postal_code_vanity":null}},{"id":"0cda7751-6b1e-4656-9e6a-82c1d1aaf480","type":"Feature","feature_type":"address","geometry":null,"properties":{"address":"ул. Политехническая, д. 29, лит. П, 1-2 корпус","unit":"Кабинет 321","locality":"city","province":"RU-SPE","country":"RU","postal_code":"195251","postal_code_ext":null,"postal_code_vanity":null}},{"id":"c5e2c054-6bcd-4070-8065-2f14d9f598a7","type":"Feature","feature_type":"address","geometry":null,"properties":{"address":"ул. Политехническая, д. 29, лит. П, 1-2 корпус","unit":"Кабинет 323","locality":"city","province":"RU-SPE","country":"RU","postal_code":"195251","postal_code_ext":null,"postal_code_vanity":null}},{"id":"98e8b8ae-4d9c-4c01-8275-7e7a476a98ab","type":"Feature","feature_type":"address","geometry":null,"properties":{"address":"ул. Политехническая, д. 29, лит. П, 1-2 корпус","unit":"Кабинет 324","locality":"city","province":"RU-SPE","country":"RU","postal_code":"195251","postal_code_ext":null,"postal_code_vanity":null}},{"id":"5b7e3842-4db1-49fa-a5b8-b6409d838c46","type":"Feature","feature_type":"address","geometry":null,"properties":{"address":"ул. Политехническая, д. 29, лит. П, 1-2 корпус","unit":"","locality":"city","province":"RU-SPE","country":"RU","postal_code":"195251","postal_code_ext":null,"postal_code_vanity":null}},{"id":"d23e0995-64e6-4322-886c-ca8f10deb0a3","type":"Feature","feature_type":"address","geometry":null,"properties":{"address":"ул. Политехническая, д. 29, лит. П, 1-2 корпус","unit":"Кабинет 325","locality":"city","province":"RU-SPE","country":"RU","postal_code":"195251","postal_code_ext":null,"postal_code_vanity":null}},{"id":"020b13b3-2fef-4db3-866e-383438592e01","type":"Feature","feature_type":"address","geometry":null,"properties":{"address":"ул. Политехническая, д. 29, лит. П, 1-2 корпус","unit":"Кабинет 336","locality":"city","province":"RU-SPE","country":"RU","postal_code":"195251","postal_code_ext":null,"postal_code_vanity":null}},{"id":"5c1dbda0-94e9-4baf-b115-e5811f648b0c","type":"Feature","feature_type":"address","geometry":null,"properties":{"address":"ул. Политехническая, д. 29, лит. П, 1-2 корпус","unit":"Кабинет ","locality":"city","province":"RU-SPE","country":"RU","postal_code":"195251","postal_code_ext":null,"postal_code_vanity":null}},{"id":"5d5a3b27-29c4-41bf-815f-4887a2c5261a","type":"Feature","feature_type":"address","geometry":null,"properties":{"address":"ул. Политехническая, д. 29, лит. П, 1-2 корпус","unit":"Лабораторная 350","locality":"city","province":"RU-SPE","country":"RU","postal_code":"195251","postal_code_ext":null,"postal_code_vanity":null}},{"id":"c9fa7173-3c5e-4af9-bf47-87d0ac984fdb","type":"Feature","feature_type":"address","geometry":null,"properties":{"address":"ул. Политехническая, д. 29, лит. П, 1-2 корпус","unit":"Кабинет 353","locality":"city","province":"RU-SPE","country":"RU","postal_code":"195251","postal_code_ext":null,"postal_code_vanity":null}},{"id":"5ec4ddff-d58a-430c-934e-774119f4e630","type":"Feature","feature_type":"address","geometry":null,"properties":{"address":"ул. Политехническая, д. 29, лит. П, 1-2 корпус","unit":"Кабинет 355","locality":"city","province":"RU-SPE","country":"RU","postal_code":"195251","postal_code_ext":null,"postal_code_vanity":null}},{"id":"8be86308-07ed-4506-94d5-c5b46f385dfc","type":"Feature","feature_type":"address","geometry":null,"properties":{"address":"ул. Политехническая, д. 29, лит. П, 1-2 корпус","unit":"Кабинет 354","locality":"city","province":"RU-SPE","country":"RU","postal_code":"195251","postal_code_ext":null,"postal_code_vanity":null}},{"id":"3e01aff2-75a6-4bad-bda7-105872912f97","type":"Feature","feature_type":"address","geometry":null,"properties":{"address":"ул. Политехническая, д. 29, лит. П, 1-2 корпус","unit":"Лабораторная 356","locality":"city","province":"RU-SPE","country":"RU","postal_code":"195251","postal_code_ext":null,"postal_code_vanity":null}},{"id":"81a39ca9-9936-4b5a-94ed-a073a869184a","type":"Feature","feature_type":"address","geometry":null,"properties":{"address":"ул. Политехническая, д. 29, лит. П, 1-2 корпус","unit":"Кабинет 358","locality":"city","province":"RU-SPE","country":"RU","postal_code":"195251","postal_code_ext":null,"postal_code_vanity":null}},{"id":"ac3fe0aa-89af-4e85-a28c-f3d6f9b4d8e9","type":"Feature","feature_type":"address","geometry":null,"properties":{"address":"ул. Политехническая, д. 29, лит. П, 1-2 корпус","unit":"Кабинет 344","locality":"city","province":"RU-SPE","country":"RU","postal_code":"195251","postal_code_ext":null,"postal_code_vanity":null}},{"id":"96d49825-82ce-459c-91ae-0bcdef12ce29","type":"Feature","feature_type":"address","geometry":null,"properties":{"address":"ул. Политехническая, д. 29, лит. П, 1-2 корпус","unit":"Кабинет 307А","locality":"city","province":"RU-SPE","country":"RU","postal_code":"195251","postal_code_ext":null,"postal_code_vanity":null}},{"id":"591f27dd-e096-4d34-812d-dd32928538ae","type":"Feature","feature_type":"address","geometry":null,"properties":{"address":"ул. Политехническая, д. 29, лит. П, 1-2 корпус","unit":"Кабинет 339","locality":"city","province":"RU-SPE","country":"RU","postal_code":"195251","postal_code_ext":null,"postal_code_vanity":null}},{"id":"dc59e187-9a3e-4c6b-a0e5-dda46e1af85b","type":"Feature","feature_type":"address","geometry":null,"properties":{"address":"ул. Политехническая, д. 29, лит. П, 1-2 корпус","unit":"","locality":"city","province":"RU-SPE","country":"RU","postal_code":"195251","postal_code_ext":null,"postal_code_vanity":null}},{"id":"21ea0c6e-5ea8-4120-8a2b-c2115dbc6b56","type":"Feature","feature_type":"address","geometry":null,"properties":{"address":"ул. Политехническая, д. 29, лит. П, 1-2 корпус","unit":"","locality":"city","province":"RU-SPE","country":"RU","postal_code":"195251","postal_code_ext":null,"postal_code_vanity":null}},{"id":"776badb3-2b92-44aa-aae7-0892a8a96beb","type":"Feature","feature_type":"address","geometry":null,"properties":{"address":"ул. Политехническая, д. 29, лит. П, 1-2 корпус","unit":"Кабинет 421","locality":"city","province":"RU-SPE","country":"RU","postal_code":"195251","postal_code_ext":null,"postal_code_vanity":null}},{"id":"cfb078bc-f752-49c6-8bcd-90af642d80b8","type":"Feature","feature_type":"address","geometry":null,"properties":{"address":"ул. Политехническая, д. 29, лит. П, 1-2 корпус","unit":"","locality":"city","province":"RU-SPE","country":"RU","postal_code":"195251","postal_code_ext":null,"postal_code_vanity":null}},{"id":"f30caa9c-4145-4c75-aad7-91c0f09460a2","type":"Feature","feature_type":"address","geometry":null,"properties":{"address":"ул. Политехническая, д. 29, лит. П, 1-2 корпус","unit":"Туалет мужской","locality":"city","province":"RU-SPE","country":"RU","postal_code":"195251","postal_code_ext":null,"postal_code_vanity":null}},{"id":"03de0b2f-6376-4230-a99a-7be26b24e04f","type":"Feature","feature_type":"address","geometry":null,"properties":{"address":"ул. Политехническая, д. 29, лит. П, 1-2 корпус","unit":"Кабинет 413","locality":"city","province":"RU-SPE","country":"RU","postal_code":"195251","postal_code_ext":null,"postal_code_vanity":null}},{"id":"5c7482cb-8adf-4db9-bf5f-5cfc9d172f26","type":"Feature","feature_type":"address","geometry":null,"properties":{"address":"ул. Политехническая, д. 29, лит. П, 1-2 корпус","unit":"Кабинет 433","locality":"city","province":"RU-SPE","country":"RU","postal_code":"195251","postal_code_ext":null,"postal_code_vanity":null}},{"id":"b6b396c5-8c2f-414b-bf20-696ec4ca53f1","type":"Feature","feature_type":"address","geometry":null,"properties":{"address":"ул. Политехническая, д. 29, лит. П, 1-2 корпус","unit":"Кабинет 431","locality":"city","province":"RU-SPE","country":"RU","postal_code":"195251","postal_code_ext":null,"postal_code_vanity":null}},{"id":"f51fba2c-8e3d-4070-bf93-546260eba3ae","type":"Feature","feature_type":"address","geometry":null,"properties":{"address":"ул. Политехническая, д. 29, лит. П, 1-2 корпус","unit":"Кабинет 427","locality":"city","province":"RU-SPE","country":"RU","postal_code":"195251","postal_code_ext":null,"postal_code_vanity":null}},{"id":"2f7bb75e-a033-444b-a484-b81e28aed6d5","type":"Feature","feature_type":"address","geometry":null,"properties":{"address":"ул. Политехническая, д. 29, лит. П, 1-2 корпус","unit":"Кабинет 426","locality":"city","province":"RU-SPE","country":"RU","postal_code":"195251","postal_code_ext":null,"postal_code_vanity":null}},{"id":"1ba88445-fdb4-43a8-9ef7-7c6babb290a6","type":"Feature","feature_type":"address","geometry":null,"properties":{"address":"ул. Политехническая, д. 29, лит. П, 1-2 корпус","unit":"Кабинет 423","locality":"city","province":"RU-SPE","country":"RU","postal_code":"195251","postal_code_ext":null,"postal_code_vanity":null}},{"id":"b532666d-ac7e-489e-a50c-430a42e72fe3","type":"Feature","feature_type":"address","geometry":null,"properties":{"address":"ул. Политехническая, д. 29, лит. П, 1-2 корпус","unit":"Кабинет 424","locality":"city","province":"RU-SPE","country":"RU","postal_code":"195251","postal_code_ext":null,"postal_code_vanity":null}},{"id":"e72ac3a3-615c-4bae-98a0-658886b128dd","type":"Feature","feature_type":"address","geometry":null,"properties":{"address":"ул. Политехническая, д. 29, лит. П, 1-2 корпус","unit":"Лабораторная 425","locality":"city","province":"RU-SPE","country":"RU","postal_code":"195251","postal_code_ext":null,"postal_code_vanity":null}},{"id":"3ea0345d-aa1f-4132-960f-11da3e0cfff4","type":"Feature","feature_type":"address","geometry":null,"properties":{"address":"ул. Политехническая, д. 29, лит. П, 1-2 корпус","unit":"Кабинет 420","locality":"city","province":"RU-SPE","country":"RU","postal_code":"195251","postal_code_ext":null,"postal_code_vanity":null}},{"id":"28f19992-3746-42af-ad2e-71b2c7a18bc9","type":"Feature","feature_type":"address","geometry":null,"properties":{"address":"ул. Политехническая, д. 29, лит. П, 1-2 корпус","unit":"Кабинет 417","locality":"city","province":"RU-SPE","country":"RU","postal_code":"195251","postal_code_ext":null,"postal_code_vanity":null}},{"id":"77fe9077-c5d4-4f58-a284-98eeba4bc2c2","type":"Feature","feature_type":"address","geometry":null,"properties":{"address":"ул. Политехническая, д. 29, лит. П, 1-2 корпус","unit":"Кабинет 416а","locality":"city","province":"RU-SPE","country":"RU","postal_code":"195251","postal_code_ext":null,"postal_code_vanity":null}},{"id":"3ad3d682-6c3e-472a-8ba2-4ef5d7cfc792","type":"Feature","feature_type":"address","geometry":null,"properties":{"address":"ул. Политехническая, д. 29, лит. П, 1-2 корпус","unit":"Кабинет 416","locality":"city","province":"RU-SPE","country":"RU","postal_code":"195251","postal_code_ext":null,"postal_code_vanity":null}},{"id":"5a5d2c9d-02de-474b-9295-b6d00082f02b","type":"Feature","feature_type":"address","geometry":null,"properties":{"address":"ул. Политехническая, д. 29, лит. П, 1-2 корпус","unit":"Кабинет 413","locality":"city","province":"RU-SPE","country":"RU","postal_code":"195251","postal_code_ext":null,"postal_code_vanity":null}},{"id":"ee939785-d5d0-4a99-961e-915f328063ca","type":"Feature","feature_type":"address","geometry":null,"properties":{"address":"ул. Политехническая, д. 29, лит. П, 1-2 корпус","unit":"Кабинет 411","locality":"city","province":"RU-SPE","country":"RU","postal_code":"195251","postal_code_ext":null,"postal_code_vanity":null}},{"id":"b27fde20-68dc-4eea-9055-57df493f5be5","type":"Feature","feature_type":"address","geometry":null,"properties":{"address":"ул. Политехническая, д. 29, лит. П, 1-2 корпус","unit":"Кабинет 409","locality":"city","province":"RU-SPE","country":"RU","postal_code":"195251","postal_code_ext":null,"postal_code_vanity":null}},{"id":"ac1058b4-e797-4910-916f-0985e18740af","type":"Feature","feature_type":"address","geometry":null,"properties":{"address":"ул. Политехническая, д. 29, лит. П, 1-2 корпус","unit":"Кабинет 408","locality":"city","province":"RU-SPE","country":"RU","postal_code":"195251","postal_code_ext":null,"postal_code_vanity":null}},{"id":"b28fc7eb-aefe-49b0-9ebd-dd1a3d516bff","type":"Feature","feature_type":"address","geometry":null,"properties":{"address":"ул. Политехническая, д. 29, лит. П, 1-2 корпус","unit":"Лекторий 440","locality":"city","province":"RU-SPE","country":"RU","postal_code":"195251","postal_code_ext":null,"postal_code_vanity":null}},{"id":"6e099811-8820-41de-b381-ba4f205467e5","type":"Feature","feature_type":"address","geometry":null,"properties":{"address":"ул. Политехническая, д. 29, лит. П, 1-2 корпус","unit":"Кабинет 442","locality":"city","province":"RU-SPE","country":"RU","postal_code":"195251","postal_code_ext":null,"postal_code_vanity":null}},{"id":"fcfbedc1-073f-4a74-8b71-202c83cb7c29","type":"Feature","feature_type":"address","geometry":null,"properties":{"address":"ул. Политехническая, д. 29, лит. П, 1-2 корпус","unit":"Лекторий 468","locality":"city","province":"RU-SPE","country":"RU","postal_code":"195251","postal_code_ext":null,"postal_code_vanity":null}},{"id":"b06d4a75-e52b-4bfd-b121-fec2913cdc10","type":"Feature","feature_type":"address","geometry":null,"properties":{"address":"ул. Политехническая, д. 29, лит. П, 1-2 корпус","unit":"Кабинет 467","locality":"city","province":"RU-SPE","country":"RU","postal_code":"195251","postal_code_ext":null,"postal_code_vanity":null}},{"id":"fdfa3941-3e4d-4b89-95bb-ba554df53b6f","type":"Feature","feature_type":"address","geometry":null,"properties":{"address":"ул. Политехническая, д. 29, лит. П, 1-2 корпус","unit":"Кабинет 466","locality":"city","province":"RU-SPE","country":"RU","postal_code":"195251","postal_code_ext":null,"postal_code_vanity":null}},{"id":"467e3a34-f49a-4421-a2c3-91c5b63c1340","type":"Feature","feature_type":"address","geometry":null,"properties":{"address":"ул. Политехническая, д. 29, лит. П, 1-2 корпус","unit":"Лабораторная 462","locality":"city","province":"RU-SPE","country":"RU","postal_code":"195251","postal_code_ext":null,"postal_code_vanity":null}},{"id":"896aa312-c510-4833-a78e-df2a4a72b38d","type":"Feature","feature_type":"address","geometry":null,"properties":{"address":"ул. Политехническая, д. 29, лит. П, 1-2 корпус","unit":"Кабинет 451","locality":"city","province":"RU-SPE","country":"RU","postal_code":"195251","postal_code_ext":null,"postal_code_vanity":null}},{"id":"346c6c5d-52ea-4b5e-a64a-fc4f369acf34","type":"Feature","feature_type":"address","geometry":null,"properties":{"address":"ул. Политехническая, д. 29, лит. П, 1-2 корпус","unit":"Кабинет 448а","locality":"city","province":"RU-SPE","country":"RU","postal_code":"195251","postal_code_ext":null,"postal_code_vanity":null}},{"id":"b7e845a5-5f35-40a4-a344-87ca44461c80","type":"Feature","feature_type":"address","geometry":null,"properties":{"address":"ул. Политехническая, д. 29, лит. П, 1-2 корпус","unit":"Кабинет 454","locality":"city","province":"RU-SPE","country":"RU","postal_code":"195251","postal_code_ext":null,"postal_code_vanity":null}},{"id":"3ea457b4-e099-4e12-a017-071f6b2c50f0","type":"Feature","feature_type":"address","geometry":null,"properties":{"address":"ул. Политехническая, д. 29, лит. П, 1-2 корпус","unit":"Кабинет 457","locality":"city","province":"RU-SPE","country":"RU","postal_code":"195251","postal_code_ext":null,"postal_code_vanity":null}},{"id":"bfae2cdd-ce7d-4dc6-8b52-ead0bdda41c3","type":"Feature","feature_type":"address","geometry":null,"properties":{"address":"ул. Политехническая, д. 29, лит. П, 1-2 корпус","unit":"Кабинет 458","locality":"city","province":"RU-SPE","country":"RU","postal_code":"195251","postal_code_ext":null,"postal_code_vanity":null}},{"id":"83bb3f69-e324-49d6-ac7e-58ee109dfdf3","type":"Feature","feature_type":"address","geometry":null,"properties":{"address":"ул. Политехническая, д. 29, лит. П, 1-2 корпус","unit":"Кабинет 459","locality":"city","province":"RU-SPE","country":"RU","postal_code":"195251","postal_code_ext":null,"postal_code_vanity":null}},{"id":"3644d791-f2fc-458e-a634-22987478be77","type":"Feature","feature_type":"address","geometry":null,"properties":{"address":"ул. Политехническая, д. 29, лит. П, 1-2 корпус","unit":"Кабинет 461","locality":"city","province":"RU-SPE","country":"RU","postal_code":"195251","postal_code_ext":null,"postal_code_vanity":null}},{"id":"af3147b9-8781-4788-8f3d-d86e6f840594","type":"Feature","feature_type":"address","geometry":null,"properties":{"address":"ул. Политехническая, д. 29, лит. П, 1-2 корпус","unit":"Кабинет 461а","locality":"city","province":"RU-SPE","country":"RU","postal_code":"195251","postal_code_ext":null,"postal_code_vanity":null}},{"id":"6df38935-85c0-4aee-8a28-4fe397da185e","type":"Feature","feature_type":"address","geometry":null,"properties":{"address":"ул. Политехническая, д. 29, лит. П, 1-2 корпус","unit":"Кабинет 440","locality":"city","province":"RU-SPE","country":"RU","postal_code":"195251","postal_code_ext":null,"postal_code_vanity":null}},{"id":"0572d72b-e2b8-4417-aeee-eb9150cd7370","type":"Feature","feature_type":"address","geometry":null,"properties":{"address":"ул. Политехническая, д. 29, лит. П, 1-2 корпус","unit":"Кабинет 438","locality":"city","province":"RU-SPE","country":"RU","postal_code":"195251","postal_code_ext":null,"postal_code_vanity":null}},{"id":"b38eef33-0cd7-4175-84e3-3f436ecb5e68","type":"Feature","feature_type":"address","geometry":null,"properties":{"address":"ул. Политехническая, д. 29, лит. П, 1-2 корпус","unit":"Кабинет 437","locality":"city","province":"RU-SPE","country":"RU","postal_code":"195251","postal_code_ext":null,"postal_code_vanity":null}},{"id":"2b17b110-e1b8-444f-ae1b-bb5b2dfcb8c6","type":"Feature","feature_type":"address","geometry":null,"properties":{"address":"ул. Политехническая, д. 29, лит. П, 1-2 корпус","unit":"Кабинет 436","locality":"city","province":"RU-SPE","country":"RU","postal_code":"195251","postal_code_ext":null,"postal_code_vanity":null}},{"id":"dc834c53-516a-4e60-b642-d7348c76cf49","type":"Feature","feature_type":"address","geometry":null,"properties":{"address":"ул. Политехническая, д. 29, лит. П, 1-2 корпус","unit":"Кабинет 435","locality":"city","province":"RU-SPE","country":"RU","postal_code":"195251","postal_code_ext":null,"postal_code_vanity":null}},{"id":"bb40f37d-c146-4856-b0a8-05ab58c24d4f","type":"Feature","feature_type":"address","geometry":null,"properties":{"address":"ул. Политехническая, д. 29, лит. П, 1-2 корпус","unit":"Кабинет 244","locality":"city","province":"RU-SPE","country":"RU","postal_code":"195251","postal_code_ext":null,"postal_code_vanity":null}},{"id":"92eee800-e5e5-4a8d-8421-b2f61f6cb176","type":"Feature","feature_type":"address","geometry":null,"properties":{"address":"ул. Политехническая, д. 29, лит. П, 1-2 корпус","unit":"","locality":"city","province":"RU-SPE","country":"RU","postal_code":"195251","postal_code_ext":null,"postal_code_vanity":null}},{"id":"541d8d63-31ae-4e61-9246-ac1ed2446e95","type":"Feature","feature_type":"address","geometry":null,"properties":{"address":"ул. Политехническая, д. 29, лит. П, 1-2 корпус","unit":"","locality":"city","province":"RU-SPE","country":"RU","postal_code":"195251","postal_code_ext":null,"postal_code_vanity":null}},{"id":"b03c7e69-9691-4e3d-ba2e-6933b1c4c649","type":"Feature","feature_type":"address","geometry":null,"properties":{"address":"ул. Политехническая, д. 29, лит. П, 1-2 корпус","unit":"","locality":"city","province":"RU-SPE","country":"RU","postal_code":"195251","postal_code_ext":null,"postal_code_vanity":null}},{"id":"9db1d975-c7c3-4df9-8818-91fd8177eb3f","type":"Feature","feature_type":"address","geometry":null,"properties":{"address":"ул. Политехническая, д. 29, лит. П, 1-2 корпус","unit":"","locality":"city","province":"RU-SPE","country":"RU","postal_code":"195251","postal_code_ext":null,"postal_code_vanity":null}},{"id":"21adb1b3-348f-4902-886b-2d3742de2d32","type":"Feature","feature_type":"address","geometry":null,"properties":{"address":"ул. Политехническая, д. 29, лит. П, 1-2 корпус","unit":"","locality":"city","province":"RU-SPE","country":"RU","postal_code":"195251","postal_code_ext":null,"postal_code_vanity":null}},{"id":"1a7d6783-96aa-4283-ac20-afcab2e660f2","type":"Feature","feature_type":"address","geometry":null,"properties":{"address":"ул. Политехническая, д. 29, лит. П, 1-2 корпус","unit":"Туалет женский","locality":"city","province":"RU-SPE","country":"RU","postal_code":"195251","postal_code_ext":null,"postal_code_vanity":null}},{"id":"f20463b3-5de0-4bcf-83d9-5702d320b433","type":"Feature","feature_type":"address","geometry":null,"properties":{"address":"ул. Политехническая, д. 29, лит. П, 1-2 корпус","unit":"Кабинет 414","locality":"city","province":"RU-SPE","country":"RU","postal_code":"195251","postal_code_ext":null,"postal_code_vanity":null}},{"id":"ef79839e-807e-4272-b0e3-c4cb51a3c6e9","type":"Feature","feature_type":"address","geometry":null,"properties":{"address":"ул. Политехническая, д. 29, лит. П, 1-2 корпус","unit":"","locality":"city","province":"RU-SPE","country":"RU","postal_code":"195251","postal_code_ext":null,"postal_code_vanity":null}},{"id":"b6584731-a604-4022-aa5d-9582649026e2","type":"Feature","feature_type":"address","geometry":null,"properties":{"address":"ул. Политехническая, д. 29, лит. П, 1-2 корпус","unit":"Кабинет 418","locality":"city","province":"RU-SPE","country":"RU","postal_code":"195251","postal_code_ext":null,"postal_code_vanity":null}},{"id":"ef1b221f-fbe4-42e0-a6cb-0827824759f3","type":"Feature","feature_type":"address","geometry":null,"properties":{"address":"ул. Политехническая, д. 29, лит. П, 1-2 корпус","unit":"Кабинет 419","locality":"city","province":"RU-SPE","country":"RU","postal_code":"195251","postal_code_ext":null,"postal_code_vanity":null}},{"id":"6fca344c-9216-4ccd-913c-89b9865fd1a9","type":"Feature","feature_type":"address","geometry":null,"properties":{"address":"ул. Политехническая, д. 29, лит. П, 1-2 корпус","unit":"Кабинет 420","locality":"city","province":"RU-SPE","country":"RU","postal_code":"195251","postal_code_ext":null,"postal_code_vanity":null}},{"id":"43f01144-9679-4c43-9f0f-6833b5b20c6b","type":"Feature","feature_type":"address","geometry":null,"properties":{"address":"ул. Политехническая, д. 29, лит. П, 1-2 корпус","unit":"Кабинет 422","locality":"city","province":"RU-SPE","country":"RU","postal_code":"195251","postal_code_ext":null,"postal_code_vanity":null}},{"id":"4561d874-58d0-4dc5-9ca2-9aa07c3ac1f7","type":"Feature","feature_type":"address","geometry":null,"properties":{"address":"ул. Политехническая, д. 29, лит. П, 1-2 корпус","unit":"Кабинет 424","locality":"city","province":"RU-SPE","country":"RU","postal_code":"195251","postal_code_ext":null,"postal_code_vanity":null}},{"id":"2eb86a7f-6d8e-4c8d-aaa4-bc992411dbc6","type":"Feature","feature_type":"address","geometry":null,"properties":{"address":"ул. Политехническая, д. 29, лит. П, 1-2 корпус","unit":"","locality":"city","province":"RU-SPE","country":"RU","postal_code":"195251","postal_code_ext":null,"postal_code_vanity":null}},{"id":"eea24d89-a6f7-4e21-80de-22fa3675089d","type":"Feature","feature_type":"address","geometry":null,"properties":{"address":"ул. Политехническая, д. 29, лит. П, 1-2 корпус","unit":"Кабинет 425","locality":"city","province":"RU-SPE","country":"RU","postal_code":"195251","postal_code_ext":null,"postal_code_vanity":null}},{"id":"58ae3149-c320-41d7-b8b8-07f5c3ed9914","type":"Feature","feature_type":"address","geometry":null,"properties":{"address":"ул. Политехническая, д. 29, лит. П, 1-2 корпус","unit":"Кабинет 439","locality":"city","province":"RU-SPE","country":"RU","postal_code":"195251","postal_code_ext":null,"postal_code_vanity":null}},{"id":"d9b900d2-a2e4-42cf-a634-076b4515eef9","type":"Feature","feature_type":"address","geometry":null,"properties":{"address":"ул. Политехническая, д. 29, лит. П, 1-2 корпус","unit":"Туалет женский","locality":"city","province":"RU-SPE","country":"RU","postal_code":"195251","postal_code_ext":null,"postal_code_vanity":null}},{"id":"fb205ebb-728a-41fb-9992-5a3e8cc3c084","type":"Feature","feature_type":"address","geometry":null,"properties":{"address":"ул. Политехническая, д. 29, лит. П, 1-2 корпус","unit":"Кабинет 429","locality":"city","province":"RU-SPE","country":"RU","postal_code":"195251","postal_code_ext":null,"postal_code_vanity":null}},{"id":"1a0c2e07-da11-4cff-971d-486c1ea5d190","type":"Feature","feature_type":"address","geometry":null,"properties":{"address":"ул. Политехническая, д. 29, лит. П, 1-2 корпус","unit":"Туалет мужской","locality":"city","province":"RU-SPE","country":"RU","postal_code":"195251","postal_code_ext":null,"postal_code_vanity":null}},{"id":"77505d34-c424-4739-9038-71792fbedacc","type":"Feature","feature_type":"address","geometry":null,"properties":{"address":"ул. Политехническая, д. 29, лит. П, 1-2 корпус","unit":"","locality":"city","province":"RU-SPE","country":"RU","postal_code":"195251","postal_code_ext":null,"postal_code_vanity":null}},{"id":"c6de88c0-2f27-4d0f-bf9d-ae98f6d9bd44","type":"Feature","feature_type":"address","geometry":null,"properties":{"address":"ул. Политехническая, д. 29, лит. П, 1-2 корпус","unit":"Кабинет 409","locality":"city","province":"RU-SPE","country":"RU","postal_code":"195251","postal_code_ext":null,"postal_code_vanity":null}},{"id":"998c6aa3-b486-4d59-aa72-77c2f7603f9c","type":"Feature","feature_type":"address","geometry":null,"properties":{"address":"ул. Политехническая, д. 29, лит. П, 1-2 корпус","unit":"Кабинет 408","locality":"city","province":"RU-SPE","country":"RU","postal_code":"195251","postal_code_ext":null,"postal_code_vanity":null}},{"id":"8a62882e-dd8d-438a-bebf-7aec0c926943","type":"Feature","feature_type":"address","geometry":null,"properties":{"address":"ул. Политехническая, д. 29, лит. П, 1-2 корпус","unit":"Кабинет 406","locality":"city","province":"RU-SPE","country":"RU","postal_code":"195251","postal_code_ext":null,"postal_code_vanity":null}},{"id":"af6314b8-628b-4f33-89d3-b504c6a41842","type":"Feature","feature_type":"address","geometry":null,"properties":{"address":"ул. Политехническая, д. 29, лит. П, 1-2 корпус","unit":"Кабинет 405","locality":"city","province":"RU-SPE","country":"RU","postal_code":"195251","postal_code_ext":null,"postal_code_vanity":null}},{"id":"d815deee-16ec-4818-9500-bb38f78f9000","type":"Feature","feature_type":"address","geometry":null,"properties":{"address":"ул. Политехническая, д. 29, лит. П, 1-2 корпус","unit":"Кабинет 404","locality":"city","province":"RU-SPE","country":"RU","postal_code":"195251","postal_code_ext":null,"postal_code_vanity":null}},{"id":"95af08bc-4e55-4e57-ac93-71b02374ca99","type":"Feature","feature_type":"address","geometry":null,"properties":{"address":"ул. Политехническая, д. 29, лит. П, 1-2 корпус","unit":"Кабинет 403","locality":"city","province":"RU-SPE","country":"RU","postal_code":"195251","postal_code_ext":null,"postal_code_vanity":null}},{"id":"071f75de-e6da-402b-9ac7-2e3ced2a7808","type":"Feature","feature_type":"address","geometry":null,"properties":{"address":"ул. Политехническая, д. 29, лит. П, 1-2 корпус","unit":"402","locality":"city","province":"RU-SPE","country":"RU","postal_code":"195251","postal_code_ext":null,"postal_code_vanity":null}},{"id":"e8c2fa84-b9fc-4aa3-a047-c22cbabfd45e","type":"Feature","feature_type":"address","geometry":null,"properties":{"address":"ул. Политехническая, д. 29, лит. П, 1-2 корпус","unit":"401","locality":"city","province":"RU-SPE","country":"RU","postal_code":"195251","postal_code_ext":null,"postal_code_vanity":null}},{"id":"32dfc340-6b6b-4454-bfc2-413936befe21","type":"Feature","feature_type":"address","geometry":null,"properties":{"address":"ул. Политехническая, д. 29, лит. П, 1-2 корпус","unit":"400","locality":"city","province":"RU-SPE","country":"RU","postal_code":"195251","postal_code_ext":null,"postal_code_vanity":null}},{"id":"cae9a541-e43c-4d7c-b1e2-cc34c5edb178","type":"Feature","feature_type":"address","geometry":null,"properties":{"address":"ул. Политехническая, д. 29, лит. П, 1-2 корпус","unit":"Кабинет 5","locality":"city","province":"RU-SPE","country":"RU","postal_code":"195251","postal_code_ext":null,"postal_code_vanity":null}},{"id":"04e75e40-4a4c-456d-a129-1b9d7ae4feac","type":"Feature","feature_type":"address","geometry":null,"properties":{"address":"ул. Политехническая, д. 29, лит. П, 1-2 корпус","unit":"","locality":"city","province":"RU-SPE","country":"RU","postal_code":"195251","postal_code_ext":null,"postal_code_vanity":null}},{"id":"ad1e93bd-6cb2-4461-a1d7-0c0e7ade3c82","type":"Feature","feature_type":"address","geometry":null,"properties":{"address":"ул. Политехническая, д. 29, лит. П, 1-2 корпус","unit":"Кабинет 6","locality":"city","province":"RU-SPE","country":"RU","postal_code":"195251","postal_code_ext":null,"postal_code_vanity":null}},{"id":"8d753be1-3d5d-4e04-b3f0-f84571e20041","type":"Feature","feature_type":"address","geometry":null,"properties":{"address":"ул. Политехническая, д. 29, лит. П, 1-2 корпус","unit":"Кабинет 1","locality":"city","province":"RU-SPE","country":"RU","postal_code":"195251","postal_code_ext":null,"postal_code_vanity":null}},{"id":"9fc7ce8d-b467-4a9f-a71a-3f2266a83329","type":"Feature","feature_type":"address","geometry":null,"properties":{"address":"ул. Политехническая, д. 29, лит. П, 1-2 корпус","unit":"Кабинет 2","locality":"city","province":"RU-SPE","country":"RU","postal_code":"195251","postal_code_ext":null,"postal_code_vanity":null}},{"id":"ee93a5d0-a170-490d-9746-c308b9022881","type":"Feature","feature_type":"address","geometry":null,"properties":{"address":"ул. Политехническая, д. 29, лит. П, 1-2 корпус","unit":"Кабинет 4","locality":"city","province":"RU-SPE","country":"RU","postal_code":"195251","postal_code_ext":null,"postal_code_vanity":null}},{"id":"5496b703-3546-41be-b501-bdbd1a349715","type":"Feature","feature_type":"address","geometry":null,"properties":{"address":"ул. Политехническая, д. 29, лит. П, 1-2 корпус","unit":"Кабинет 3","locality":"city","province":"RU-SPE","country":"RU","postal_code":"195251","postal_code_ext":null,"postal_code_vanity":null}},{"id":"a3962ad5-99db-4a96-95d9-d09f96e8238d","type":"Feature","feature_type":"address","geometry":null,"properties":{"address":"ул. Политехническая, д. 29, лит. П, 1-2 корпус","unit":"Кабинет 8","locality":"city","province":"RU-SPE","country":"RU","postal_code":"195251","postal_code_ext":null,"postal_code_vanity":null}},{"id":"f1184fb4-b99e-46a6-9589-42da9ca66ea0","type":"Feature","feature_type":"address","geometry":null,"properties":{"address":"ул. Политехническая, д. 29, лит. П, 1-2 корпус","unit":"Кабинет 426","locality":"city","province":"RU-SPE","country":"RU","postal_code":"195251","postal_code_ext":null,"postal_code_vanity":null}},{"id":"e6daa26b-3a6e-422a-b6c6-c413f5256c07","type":"Feature","feature_type":"address","geometry":null,"properties":{"address":"ул. Политехническая, д. 29, лит. П, 1-2 корпус","unit":"Кабинет 417","locality":"city","province":"RU-SPE","country":"RU","postal_code":"195251","postal_code_ext":null,"postal_code_vanity":null}},{"id":"27a3e5cb-e009-40d8-8f98-78d83d9d24f1","type":"Feature","feature_type":"address","geometry":null,"properties":{"address":"ул. Политехническая, д. 29, лит. П, 1-2 корпус","unit":"Кабинет 426а","locality":"city","province":"RU-SPE","country":"RU","postal_code":"195251","postal_code_ext":null,"postal_code_vanity":null}},{"id":"b09f3b53-31ee-4f71-81c9-3880d28784f5","type":"Feature","feature_type":"address","geometry":null,"properties":{"address":"ул. Политехническая, д. 29, лит. П, 1-2 корпус","unit":"Кабинет 428","locality":"city","province":"RU-SPE","country":"RU","postal_code":"195251","postal_code_ext":null,"postal_code_vanity":null}},{"id":"3849a5d3-97e6-4151-8c1c-04acbc1c00cb","type":"Feature","feature_type":"address","geometry":null,"properties":{"address":"ул. Политехническая, д. 29, лит. П, 1-2 корпус","unit":"Кабинет 432","locality":"city","province":"RU-SPE","country":"RU","postal_code":"195251","postal_code_ext":null,"postal_code_vanity":null}},{"id":"61df31ae-4dd1-4a3c-83ac-9cddde176877","type":"Feature","feature_type":"address","geometry":null,"properties":{"address":"ул. Политехническая, д. 29, лит. П, 1-2 корпус","unit":"Кабинет 431","locality":"city","province":"RU-SPE","country":"RU","postal_code":"195251","postal_code_ext":null,"postal_code_vanity":null}},{"id":"d4256a9f-5c4c-4ffb-945e-947b49dc1b99","type":"Feature","feature_type":"address","geometry":null,"properties":{"address":"ул. Политехническая, д. 29, лит. П, 1-2 корпус","unit":"Кабинет 430","locality":"city","province":"RU-SPE","country":"RU","postal_code":"195251","postal_code_ext":null,"postal_code_vanity":null}},{"id":"871ebe5f-c740-4fbe-9843-99261568ef16","type":"Feature","feature_type":"address","geometry":null,"properties":{"address":"ул. Политехническая, д. 29, лит. П, 1-2 корпус","unit":"Кабинет 7","locality":"city","province":"RU-SPE","country":"RU","postal_code":"195251","postal_code_ext":null,"postal_code_vanity":null}},{"id":"d7cf449f-1e0a-49f1-b51b-9254de2fb09e","type":"Feature","feature_type":"address","geometry":null,"properties":{"address":"ул. Политехническая, д. 29, лит. П, 1-2 корпус","unit":"","locality":"city","province":"RU-SPE","country":"RU","postal_code":"195251","postal_code_ext":null,"postal_code_vanity":null}},{"id":"1be65a81-b9e7-4747-970b-0ac38f68e49c","type":"Feature","feature_type":"address","geometry":null,"properties":{"address":"ул. Политехническая, д. 29, лит. П, 1-2 корпус","unit":"Лекторий 470","locality":"city","province":"RU-SPE","country":"RU","postal_code":"195251","postal_code_ext":null,"postal_code_vanity":null}},{"id":"73cce165-6c5e-48ac-a72b-e5a46743f94d","type":"Feature","feature_type":"address","geometry":null,"properties":{"address":"ул. Политехническая, д. 29, лит. П, 1-2 корпус","unit":"Туалет мужской","locality":"city","province":"RU-SPE","country":"RU","postal_code":"195251","postal_code_ext":null,"postal_code_vanity":null}},{"id":"fbcd7f81-c5f6-4e87-b9cf-33eddd43f351","type":"Feature","feature_type":"address","geometry":null,"properties":{"address":"ул. Политехническая, д. 29, лит. П, 1-2 корпус","unit":"Лекторий 444","locality":"city","province":"RU-SPE","country":"RU","postal_code":"195251","postal_code_ext":null,"postal_code_vanity":null}},{"id":"e3c4ba98-7aeb-4322-84a2-2078211e4d23","type":"Feature","feature_type":"address","geometry":null,"properties":{"address":"ул. Политехническая, д. 29, лит. П, 1-2 корпус","unit":"Кабинет 430а","locality":"city","province":"RU-SPE","country":"RU","postal_code":"195251","postal_code_ext":null,"postal_code_vanity":null}},{"id":"a9871ccc-dc8b-4b89-b61f-c99ac98042f6","type":"Feature","feature_type":"address","geometry":null,"properties":{"address":"ул. Политехническая, д. 29, лит. П, 1-2 корпус","unit":"Кабинет 430","locality":"city","province":"RU-SPE","country":"RU","postal_code":"195251","postal_code_ext":null,"postal_code_vanity":null}},{"id":"bbafb1ab-26db-44cf-b588-41ca175b7189","type":"Feature","feature_type":"address","geometry":null,"properties":{"address":"ул. Политехническая, д. 29, лит. П, 1-2 корпус","unit":"Кабинет 450","locality":"city","province":"RU-SPE","country":"RU","postal_code":"195251","postal_code_ext":null,"postal_code_vanity":null}},{"id":"f1d54e6f-9d53-4eae-adf8-924f2e685830","type":"Feature","feature_type":"address","geometry":null,"properties":{"address":"ул. Политехническая, д. 29, лит. П, 1-2 корпус","unit":"Кабинет 452","locality":"city","province":"RU-SPE","country":"RU","postal_code":"195251","postal_code_ext":null,"postal_code_vanity":null}},{"id":"91c7f2c1-fdc1-4eba-a26c-473621f8dfcc","type":"Feature","feature_type":"address","geometry":null,"properties":{"address":"ул. Политехническая, д. 29, лит. П, 1-2 корпус","unit":"Лекторий 443","locality":"city","province":"RU-SPE","country":"RU","postal_code":"195251","postal_code_ext":null,"postal_code_vanity":null}},{"id":"66aad119-4531-492e-904e-11f519968d2b","type":"Feature","feature_type":"address","geometry":null,"properties":{"address":"ул. Политехническая, д. 29, лит. П, 1-2 корпус","unit":"Кабинет 428","locality":"city","province":"RU-SPE","country":"RU","postal_code":"195251","postal_code_ext":null,"postal_code_vanity":null}},{"id":"7293027e-a144-401b-b811-daf42ca320c8","type":"Feature","feature_type":"address","geometry":null,"properties":{"address":"ул. Политехническая, д. 29, лит. П, 1-2 корпус","unit":"","locality":"city","province":"RU-SPE","country":"RU","postal_code":"195251","postal_code_ext":null,"postal_code_vanity":null}},{"id":"d085cfd6-324b-4ae5-a600-938ee2b5942a","type":"Feature","feature_type":"address","geometry":null,"properties":{"address":"ул. Политехническая, д. 29, лит. П, 1-2 корпус","unit":"Кабинет 407","locality":"city","province":"RU-SPE","country":"RU","postal_code":"195251","postal_code_ext":null,"postal_code_vanity":null}},{"id":"b87180f4-baeb-4e51-a52e-ef62dfb45a3a","type":"Feature","feature_type":"address","geometry":null,"properties":{"address":"ул. Политехническая, д. 29, лит. П, 1-2 корпус","unit":"Кабинет 440а","locality":"city","province":"RU-SPE","country":"RU","postal_code":"195251","postal_code_ext":null,"postal_code_vanity":null}},{"id":"757afda4-d9d8-4e99-97a4-9c5dc4051674","type":"Feature","feature_type":"address","geometry":null,"properties":{"address":"ул. Политехническая, д. 29, лит. П, 1-2 корпус","unit":"Кабинет 412","locality":"city","province":"RU-SPE","country":"RU","postal_code":"195251","postal_code_ext":null,"postal_code_vanity":null}},{"id":"585b16ba-ae3d-4e6c-9abf-ac0c8a935841","type":"Feature","feature_type":"address","geometry":null,"properties":{"address":"ул. Политехническая, д. 29, лит. П, 1-2 корпус","unit":"","locality":"city","province":"RU-SPE","country":"RU","postal_code":"195251","postal_code_ext":null,"postal_code_vanity":null}},{"id":"2d5fc9dd-8174-4b0a-abb0-4c089ff0d233","type":"Feature","feature_type":"address","geometry":null,"properties":{"address":"ул. Политехническая, д. 29, лит. П, 1-2 корпус","unit":"Кабинет 422","locality":"city","province":"RU-SPE","country":"RU","postal_code":"195251","postal_code_ext":null,"postal_code_vanity":null}},{"id":"9960eaf2-b136-4f1f-9812-9c3022e8a1d7","type":"Feature","feature_type":"address","geometry":null,"properties":{"address":"ул. Политехническая, д. 29, лит. П, 1-2 корпус","unit":"Кабинет 248","locality":"city","province":"RU-SPE","country":"RU","postal_code":"195251","postal_code_ext":null,"postal_code_vanity":null}},{"id":"b4c6700f-10ac-441f-bb17-0d924bdbb2e8","type":"Feature","feature_type":"address","geometry":null,"properties":{"address":"ул. Политехническая, д. 29, лит. П, 1-2 корпус","unit":"Кабинет 463, 464","locality":"city","province":"RU-SPE","country":"RU","postal_code":"195251","postal_code_ext":null,"postal_code_vanity":null}},{"id":"6e2fa567-5bbc-44ce-8411-19813255f69e","type":"Feature","feature_type":"address","geometry":null,"properties":{"address":"ул. Политехническая, д. 29, лит. П, 1-2 корпус","unit":"Кабинет 444а","locality":"city","province":"RU-SPE","country":"RU","postal_code":"195251","postal_code_ext":null,"postal_code_vanity":null}},{"id":"77e49f3a-7cc3-4e39-96e1-430ad5b312af","type":"Feature","feature_type":"address","geometry":null,"properties":{"address":"ул. Политехническая, д. 29, лит. П, 1-2 корпус","unit":"Кабинет 427","locality":"city","province":"RU-SPE","country":"RU","postal_code":"195251","postal_code_ext":null,"postal_code_vanity":null}},{"id":"f81e112c-1e1f-419f-b2d9-9c1503f734d1","type":"Feature","feature_type":"address","geometry":null,"properties":{"address":"ул. Политехническая, д. 29, лит. П, 1-2 корпус","unit":"Кабинет 416в","locality":"city","province":"RU-SPE","country":"RU","postal_code":"195251","postal_code_ext":null,"postal_code_vanity":null}},{"id":"5a92de6f-f0af-43ff-b46c-9984f8b1fd0a","type":"Feature","feature_type":"address","geometry":null,"properties":{"address":"ул. Политехническая, д. 29, лит. П, 1-2 корпус","unit":"Кабинет 416","locality":"city","province":"RU-SPE","country":"RU","postal_code":"195251","postal_code_ext":null,"postal_code_vanity":null}},{"id":"467eac85-a840-4dc0-919f-e3f4698505bd","type":"Feature","feature_type":"address","geometry":null,"properties":{"address":"ул. Политехническая, д. 29, лит. П, 1-2 корпус","unit":"Кабинет 415","locality":"city","province":"RU-SPE","country":"RU","postal_code":"195251","postal_code_ext":null,"postal_code_vanity":null}},{"id":"e9d48c10-8451-41b4-849f-1ce368e2055a","type":"Feature","feature_type":"address","geometry":null,"properties":{"address":"ул. Политехническая, д. 29, лит. П, 1-2 корпус","unit":"","locality":"city","province":"RU-SPE","country":"RU","postal_code":"195251","postal_code_ext":null,"postal_code_vanity":null}},{"id":"c0cea9f6-c8e0-49fe-bb79-6c503d1d1132","type":"Feature","feature_type":"address","geometry":null,"properties":{"address":"ул. Политехническая, д. 29, лит. П, 1-2 корпус","unit":"Кабинет 423","locality":"city","province":"RU-SPE","country":"RU","postal_code":"195251","postal_code_ext":null,"postal_code_vanity":null}},{"id":"5d423063-0a42-4d6f-adca-dd595cad8663","type":"Feature","feature_type":"address","geometry":null,"properties":{"address":"ул. Политехническая, д. 29, лит. П, 1-2 корпус","unit":"Кабинет 402","locality":"city","province":"RU-SPE","country":"RU","postal_code":"195251","postal_code_ext":null,"postal_code_vanity":null}},{"id":"aa7a05b0-c0cd-47ca-82f6-eeb9fec72290","type":"Feature","feature_type":"address","geometry":null,"properties":{"address":"ул. Политехническая, д. 29, лит. П, 1-2 корпус","unit":"Кабинет 401","locality":"city","province":"RU-SPE","country":"RU","postal_code":"195251","postal_code_ext":null,"postal_code_vanity":null}},{"id":"02dca555-8071-4151-a86b-47d2bc80db39","type":"Feature","feature_type":"address","geometry":null,"properties":{"address":"ул. Политехническая, д. 29, лит. П, 1-2 корпус","unit":"Кабинет 418","locality":"city","province":"RU-SPE","country":"RU","postal_code":"195251","postal_code_ext":null,"postal_code_vanity":null}},{"id":"8bd196d4-b46f-4451-817a-d843f0ccffbe","type":"Feature","feature_type":"address","geometry":null,"properties":{"address":"ул. Политехническая, д. 29, лит. П, 1-2 корпус","unit":"Кабинет 419","locality":"city","province":"RU-SPE","country":"RU","postal_code":"195251","postal_code_ext":null,"postal_code_vanity":null}},{"id":"c3d8981e-1a13-4d7e-9527-d532807aca76","type":"Feature","feature_type":"address","geometry":null,"properties":{"address":"ул. Политехническая, д. 29, лит. П, 1-2 корпус","unit":"Кабинет 421","locality":"city","province":"RU-SPE","country":"RU","postal_code":"195251","postal_code_ext":null,"postal_code_vanity":null}},{"id":"14ee5777-c1c2-48fe-942e-d0f79261555f","type":"Feature","feature_type":"address","geometry":null,"properties":{"address":"ул. Политехническая, д. 29, лит. П, 1-2 корпус","unit":"Кабинет 421","locality":"city","province":"RU-SPE","country":"RU","postal_code":"195251","postal_code_ext":null,"postal_code_vanity":null}},{"id":"1d43b296-c943-4659-981e-047c617688ff","type":"Feature","feature_type":"address","geometry":null,"properties":{"address":"ул. Политехническая, д. 29, лит. П, 1-2 корпус","unit":"Кабинет 429","locality":"city","province":"RU-SPE","country":"RU","postal_code":"195251","postal_code_ext":null,"postal_code_vanity":null}},{"id":"b20a4b61-8820-4e8f-b646-8667b7499c2c","type":"Feature","feature_type":"address","geometry":null,"properties":{"address":"ул. Политехническая, д. 29, лит. П, 1-2 корпус","unit":"Кабинет 432","locality":"city","province":"RU-SPE","country":"RU","postal_code":"195251","postal_code_ext":null,"postal_code_vanity":null}},{"id":"6d6e3c56-12be-45c6-80ab-32787b1ba750","type":"Feature","feature_type":"address","geometry":null,"properties":{"address":"ул. Политехническая, д. 29, лит. П, 1-2 корпус","unit":"436","locality":"city","province":"RU-SPE","country":"RU","postal_code":"195251","postal_code_ext":null,"postal_code_vanity":null}},{"id":"0084cfde-5b14-4036-9417-387bf74ba90b","type":"Feature","feature_type":"address","geometry":null,"properties":{"address":"ул. Политехническая, д. 29, лит. П, 1-2 корпус","unit":"435","locality":"city","province":"RU-SPE","country":"RU","postal_code":"195251","postal_code_ext":null,"postal_code_vanity":null}},{"id":"d72b300f-56d0-4644-8ae9-dd025d2abd70","type":"Feature","feature_type":"address","geometry":null,"properties":{"address":"ул. Политехническая, д. 29, лит. П, 1-2 корпус","unit":"Кабинет 437","locality":"city","province":"RU-SPE","country":"RU","postal_code":"195251","postal_code_ext":null,"postal_code_vanity":null}},{"id":"25f2d3de-7c53-43fc-b9f0-053fb6fc161a","type":"Feature","feature_type":"address","geometry":null,"properties":{"address":"ул. Политехническая, д. 29, лит. П, 1-2 корпус","unit":"Лекторий 439","locality":"city","province":"RU-SPE","country":"RU","postal_code":"195251","postal_code_ext":null,"postal_code_vanity":null}},{"id":"d990323f-5eeb-4275-98e2-d09040bbd192","type":"Feature","feature_type":"address","geometry":null,"properties":{"address":"ул. Политехническая, д. 29, лит. П, 1-2 корпус","unit":"Лекторий 441","locality":"city","province":"RU-SPE","country":"RU","postal_code":"195251","postal_code_ext":null,"postal_code_vanity":null}},{"id":"efd19571-a620-4cc2-9610-0e84696c0e2c","type":"Feature","feature_type":"address","geometry":null,"properties":{"address":"ул. Политехническая, д. 29, лит. П, 1-2 корпус","unit":"Лекторий 445","locality":"city","province":"RU-SPE","country":"RU","postal_code":"195251","postal_code_ext":null,"postal_code_vanity":null}},{"id":"fba05346-a197-4e64-8bc1-beb2f1209f9f","type":"Feature","feature_type":"address","geometry":null,"properties":{"address":"ул. Политехническая, д. 29, лит. П, 1-2 корпус","unit":"Лекторий 446","locality":"city","province":"RU-SPE","country":"RU","postal_code":"195251","postal_code_ext":null,"postal_code_vanity":null}},{"id":"617ada39-8466-49b7-bb11-2c3a1b5bc8d2","type":"Feature","feature_type":"address","geometry":null,"properties":{"address":"ул. Политехническая, д. 29, лит. П, 1-2 корпус","unit":"Кабинет 460","locality":"city","province":"RU-SPE","country":"RU","postal_code":"195251","postal_code_ext":null,"postal_code_vanity":null}},{"id":"906e5425-24f3-4eb5-81a1-966fce883abd","type":"Feature","feature_type":"address","geometry":null,"properties":{"address":"ул. Политехническая, д. 29, лит. П, 1-2 корпус","unit":"Кабинет 456","locality":"city","province":"RU-SPE","country":"RU","postal_code":"195251","postal_code_ext":null,"postal_code_vanity":null}},{"id":"3c7d950b-d2db-4a3f-be07-3a13c0c2d783","type":"Feature","feature_type":"address","geometry":null,"properties":{"address":"ул. Политехническая, д. 29, лит. П, 1-2 корпус","unit":"Кабинет 455","locality":"city","province":"RU-SPE","country":"RU","postal_code":"195251","postal_code_ext":null,"postal_code_vanity":null}},{"id":"f0d15a3c-d39e-451d-96e4-5e197f155f00","type":"Feature","feature_type":"address","geometry":null,"properties":{"address":"ул. Политехническая, д. 29, лит. П, 1-2 корпус","unit":"Кабинет 453","locality":"city","province":"RU-SPE","country":"RU","postal_code":"195251","postal_code_ext":null,"postal_code_vanity":null}},{"id":"a03e1db8-6896-407c-8d8a-c0c678e0d178","type":"Feature","feature_type":"address","geometry":null,"properties":{"address":"ул. Политехническая, д. 29, лит. П, 1-2 корпус","unit":"Кабинет 449а","locality":"city","province":"RU-SPE","country":"RU","postal_code":"195251","postal_code_ext":null,"postal_code_vanity":null}},{"id":"dc576f43-b3fb-4800-858f-b534c86f0849","type":"Feature","feature_type":"address","geometry":null,"properties":{"address":"ул. Политехническая, д. 29, лит. П, 1-2 корпус","unit":"Кабинет 448","locality":"city","province":"RU-SPE","country":"RU","postal_code":"195251","postal_code_ext":null,"postal_code_vanity":null}},{"id":"9e8393ec-ea92-4c5f-bdf2-fd7962699033","type":"Feature","feature_type":"address","geometry":null,"properties":{"address":"ул. Политехническая, д. 29, лит. П, 1-2 корпус","unit":"Кабинет 449","locality":"city","province":"RU-SPE","country":"RU","postal_code":"195251","postal_code_ext":null,"postal_code_vanity":null}},{"id":"8ff925ed-6136-4dd1-9373-e10ab2704158","type":"Feature","feature_type":"address","geometry":null,"properties":{"address":"ул. Политехническая, д. 29, лит. П, 11 корпус","unit":"","locality":"city","province":"RU-SPE","country":"RU","postal_code":"195251","postal_code_ext":null,"postal_code_vanity":null}},{"id":"e15f0ff5-de01-4595-a611-038c04e59f7b","type":"Feature","feature_type":"address","geometry":null,"properties":{"address":"ул. Политехническая, д. 29, лит. П, 11 корпус","unit":"","locality":"city","province":"RU-SPE","country":"RU","postal_code":"195251","postal_code_ext":null,"postal_code_vanity":null}},{"id":"04a8aca2-a6cd-4c61-80e3-dca790975b6e","type":"Feature","feature_type":"address","geometry":null,"properties":{"address":"ул. Политехническая, д. 29, лит. П, 11 корпус","unit":"Кабинет 102","locality":"city","province":"RU-SPE","country":"RU","postal_code":"195251","postal_code_ext":null,"postal_code_vanity":null}},{"id":"081e83aa-f08a-40c0-9e32-6f95e98ce408","type":"Feature","feature_type":"address","geometry":null,"properties":{"address":"ул. Политехническая, д. 29, лит. П, 11 корпус","unit":"Кабинет 107","locality":"city","province":"RU-SPE","country":"RU","postal_code":"195251","postal_code_ext":null,"postal_code_vanity":null}},{"id":"343c08ce-1b25-45cc-a58b-c5223538c9be","type":"Feature","feature_type":"address","geometry":null,"properties":{"address":"ул. Политехническая, д. 29, лит. П, 11 корпус","unit":"Кабинет 103","locality":"city","province":"RU-SPE","country":"RU","postal_code":"195251","postal_code_ext":null,"postal_code_vanity":null}},{"id":"fec71b73-ab9d-4f5c-bf0e-07db6db5711d","type":"Feature","feature_type":"address","geometry":null,"properties":{"address":"ул. Политехническая, д. 29, лит. П, 11 корпус","unit":"Кабинет ","locality":"city","province":"RU-SPE","country":"RU","postal_code":"195251","postal_code_ext":null,"postal_code_vanity":null}},{"id":"fe1ea084-a953-4e79-a28d-23c47f4be392","type":"Feature","feature_type":"address","geometry":null,"properties":{"address":"ул. Политехническая, д. 29, лит. П, 11 корпус","unit":"Кабинет 104","locality":"city","province":"RU-SPE","country":"RU","postal_code":"195251","postal_code_ext":null,"postal_code_vanity":null}},{"id":"ee6f00ca-a16d-457e-9ba5-ff8a664cc8fc","type":"Feature","feature_type":"address","geometry":null,"properties":{"address":"ул. Политехническая, д. 29, лит. П, 11 корпус","unit":"Кабинет 105","locality":"city","province":"RU-SPE","country":"RU","postal_code":"195251","postal_code_ext":null,"postal_code_vanity":null}},{"id":"2d22c284-af6c-410d-b7c4-5319295a3311","type":"Feature","feature_type":"address","geometry":null,"properties":{"address":"ул. Политехническая, д. 29, лит. П, 11 корпус","unit":"Кабинет 143","locality":"city","province":"RU-SPE","country":"RU","postal_code":"195251","postal_code_ext":null,"postal_code_vanity":null}},{"id":"2cb0065f-2f21-42df-a526-4f1ea593e8ea","type":"Feature","feature_type":"address","geometry":null,"properties":{"address":"ул. Политехническая, д. 29, лит. П, 11 корпус","unit":"Кабинет 148","locality":"city","province":"RU-SPE","country":"RU","postal_code":"195251","postal_code_ext":null,"postal_code_vanity":null}},{"id":"aac8eba9-75c4-42df-9392-52cf6c6ac573","type":"Feature","feature_type":"address","geometry":null,"properties":{"address":"ул. Политехническая, д. 29, лит. П, 11 корпус","unit":"Кабинет 150","locality":"city","province":"RU-SPE","country":"RU","postal_code":"195251","postal_code_ext":null,"postal_code_vanity":null}},{"id":"6342c95e-7ea8-475b-a395-761333f2b334","type":"Feature","feature_type":"address","geometry":null,"properties":{"address":"ул. Политехническая, д. 29, лит. П, 11 корпус","unit":"Кабинет 145","locality":"city","province":"RU-SPE","country":"RU","postal_code":"195251","postal_code_ext":null,"postal_code_vanity":null}},{"id":"4aad1ae5-d309-41a9-8e0b-80ac9c746b70","type":"Feature","feature_type":"address","geometry":null,"properties":{"address":"ул. Политехническая, д. 29, лит. П, 11 корпус","unit":"","locality":"city","province":"RU-SPE","country":"RU","postal_code":"195251","postal_code_ext":null,"postal_code_vanity":null}},{"id":"098c1559-9597-4c6d-ba5b-c2961406b8d2","type":"Feature","feature_type":"address","geometry":null,"properties":{"address":"ул. Политехническая, д. 29, лит. П, 11 корпус","unit":"Охрана","locality":"city","province":"RU-SPE","country":"RU","postal_code":"195251","postal_code_ext":null,"postal_code_vanity":null}},{"id":"627f0ed1-94b3-4cfe-bb0c-dec7fd1a38d4","type":"Feature","feature_type":"address","geometry":null,"properties":{"address":"ул. Политехническая, д. 29, лит. П, 11 корпус","unit":"","locality":"city","province":"RU-SPE","country":"RU","postal_code":"195251","postal_code_ext":null,"postal_code_vanity":null}},{"id":"c86b6fe9-4584-4afb-bc17-f6bb10d63d04","type":"Feature","feature_type":"address","geometry":null,"properties":{"address":"ул. Политехническая, д. 29, лит. П, 11 корпус","unit":"","locality":"city","province":"RU-SPE","country":"RU","postal_code":"195251","postal_code_ext":null,"postal_code_vanity":null}},{"id":"b7a955e7-299d-40b5-808f-9abdd519d1a4","type":"Feature","feature_type":"address","geometry":null,"properties":{"address":"ул. Политехническая, д. 29, лит. П, 11 корпус","unit":"","locality":"city","province":"RU-SPE","country":"RU","postal_code":"195251","postal_code_ext":null,"postal_code_vanity":null}},{"id":"07a93971-d4b9-4934-9998-7d5200cd077f","type":"Feature","feature_type":"address","geometry":null,"properties":{"address":"ул. Политехническая, д. 29, лит. П, 11 корпус","unit":"Кабинет 202","locality":"city","province":"RU-SPE","country":"RU","postal_code":"195251","postal_code_ext":null,"postal_code_vanity":null}},{"id":"454300c7-6bab-47ed-b634-ff1466b66ab9","type":"Feature","feature_type":"address","geometry":null,"properties":{"address":"ул. Политехническая, д. 29, лит. П, 11 корпус","unit":"Кабинет 205","locality":"city","province":"RU-SPE","country":"RU","postal_code":"195251","postal_code_ext":null,"postal_code_vanity":null}},{"id":"ff274ba7-31ca-492b-9ca1-53ea1e6c49eb","type":"Feature","feature_type":"address","geometry":null,"properties":{"address":"ул. Политехническая, д. 29, лит. П, 11 корпус","unit":"Кабинет 201","locality":"city","province":"RU-SPE","country":"RU","postal_code":"195251","postal_code_ext":null,"postal_code_vanity":null}},{"id":"7e918d16-238a-428a-8b4d-cd5e167ef46f","type":"Feature","feature_type":"address","geometry":null,"properties":{"address":"ул. Политехническая, д. 29, лит. П, 11 корпус","unit":"Кабинет 204","locality":"city","province":"RU-SPE","country":"RU","postal_code":"195251","postal_code_ext":null,"postal_code_vanity":null}},{"id":"a005098a-e5a4-4647-b666-6dbbdfa343c8","type":"Feature","feature_type":"address","geometry":null,"properties":{"address":"ул. Политехническая, д. 29, лит. П, 11 корпус","unit":"Кабинет 203","locality":"city","province":"RU-SPE","country":"RU","postal_code":"195251","postal_code_ext":null,"postal_code_vanity":null}},{"id":"cfc0a7d1-ff24-438a-bf65-40e1fe1d85cd","type":"Feature","feature_type":"address","geometry":null,"properties":{"address":"ул. Политехническая, д. 29, лит. П, 11 корпус","unit":"Кабинет 243","locality":"city","province":"RU-SPE","country":"RU","postal_code":"195251","postal_code_ext":null,"postal_code_vanity":null}},{"id":"06aeab96-9107-4dcc-85f5-c9cf4942bb0e","type":"Feature","feature_type":"address","geometry":null,"properties":{"address":"ул. Политехническая, д. 29, лит. П, 11 корпус","unit":"Кабинет 248","locality":"city","province":"RU-SPE","country":"RU","postal_code":"195251","postal_code_ext":null,"postal_code_vanity":null}},{"id":"191e84a0-43e1-4d9b-bc09-2985aeaf3c79","type":"Feature","feature_type":"address","geometry":null,"properties":{"address":"ул. Политехническая, д. 29, лит. П, 11 корпус","unit":"Кабинет 245","locality":"city","province":"RU-SPE","country":"RU","postal_code":"195251","postal_code_ext":null,"postal_code_vanity":null}},{"id":"cefd4ce9-84d0-4f39-8d10-98cbdb6d12a8","type":"Feature","feature_type":"address","geometry":null,"properties":{"address":"ул. Политехническая, д. 29, лит. П, 11 корпус","unit":"Кабинет 200/1","locality":"city","province":"RU-SPE","country":"RU","postal_code":"195251","postal_code_ext":null,"postal_code_vanity":null}},{"id":"b7f60dca-30ae-41dd-b81d-d4db703971c6","type":"Feature","feature_type":"address","geometry":null,"properties":{"address":"ул. Политехническая, д. 29, лит. П, 11 корпус","unit":"Кабинет 246","locality":"city","province":"RU-SPE","country":"RU","postal_code":"195251","postal_code_ext":null,"postal_code_vanity":null}},{"id":"c50e5e20-562e-4106-8007-909b5a9d0248","type":"Feature","feature_type":"address","geometry":null,"properties":{"address":"ул. Политехническая, д. 29, лит. П, 11 корпус","unit":"Кабинет 241","locality":"city","province":"RU-SPE","country":"RU","postal_code":"195251","postal_code_ext":null,"postal_code_vanity":null}},{"id":"70ef1518-a436-4a99-9036-8dd7f5b49eab","type":"Feature","feature_type":"address","geometry":null,"properties":{"address":"ул. Политехническая, д. 29, лит. П, 11 корпус","unit":"Кабинет 239","locality":"city","province":"RU-SPE","country":"RU","postal_code":"195251","postal_code_ext":null,"postal_code_vanity":null}},{"id":"e03f3dbb-3878-4a60-a1ca-a1b9b7ebafa4","type":"Feature","feature_type":"address","geometry":null,"properties":{"address":"ул. Политехническая, д. 29, лит. П, 11 корпус","unit":"Кабинет 237","locality":"city","province":"RU-SPE","country":"RU","postal_code":"195251","postal_code_ext":null,"postal_code_vanity":null}},{"id":"93618a0f-7712-4ff7-b0d0-3adb309bb051","type":"Feature","feature_type":"address","geometry":null,"properties":{"address":"ул. Политехническая, д. 29, лит. П, 11 корпус","unit":"Кабинет 244","locality":"city","province":"RU-SPE","country":"RU","postal_code":"195251","postal_code_ext":null,"postal_code_vanity":null}},{"id":"b251ca6e-3cf7-4057-a2a2-2cf380a079a8","type":"Feature","feature_type":"address","geometry":null,"properties":{"address":"ул. Политехническая, д. 29, лит. П, 11 корпус","unit":"Кабинет 242","locality":"city","province":"RU-SPE","country":"RU","postal_code":"195251","postal_code_ext":null,"postal_code_vanity":null}},{"id":"fd333722-a29b-4a5a-aeb3-bdc6f2816150","type":"Feature","feature_type":"address","geometry":null,"properties":{"address":"ул. Политехническая, д. 29, лит. П, 11 корпус","unit":"Кабинет 240","locality":"city","province":"RU-SPE","country":"RU","postal_code":"195251","postal_code_ext":null,"postal_code_vanity":null}},{"id":"46e0acc7-82b0-43e0-a51a-6bed7a367d8b","type":"Feature","feature_type":"address","geometry":null,"properties":{"address":"ул. Политехническая, д. 29, лит. П, 11 корпус","unit":"Кабинет 235","locality":"city","province":"RU-SPE","country":"RU","postal_code":"195251","postal_code_ext":null,"postal_code_vanity":null}},{"id":"4dc739d9-c8a1-475d-95c9-fc40b4d2901c","type":"Feature","feature_type":"address","geometry":null,"properties":{"address":"ул. Политехническая, д. 29, лит. П, 11 корпус","unit":"Кабинет 233","locality":"city","province":"RU-SPE","country":"RU","postal_code":"195251","postal_code_ext":null,"postal_code_vanity":null}},{"id":"d72aa56d-64a4-4790-8638-1dbe682a028b","type":"Feature","feature_type":"address","geometry":null,"properties":{"address":"ул. Политехническая, д. 29, лит. П, 11 корпус","unit":"Кабинет 231","locality":"city","province":"RU-SPE","country":"RU","postal_code":"195251","postal_code_ext":null,"postal_code_vanity":null}},{"id":"350cd471-cbba-4bd7-aa95-173ffa4b5752","type":"Feature","feature_type":"address","geometry":null,"properties":{"address":"ул. Политехническая, д. 29, лит. П, 11 корпус","unit":"Кабинет 229","locality":"city","province":"RU-SPE","country":"RU","postal_code":"195251","postal_code_ext":null,"postal_code_vanity":null}},{"id":"b918688a-549f-4134-bb36-735ca7d7005a","type":"Feature","feature_type":"address","geometry":null,"properties":{"address":"ул. Политехническая, д. 29, лит. П, 11 корпус","unit":"Кабинет 227","locality":"city","province":"RU-SPE","country":"RU","postal_code":"195251","postal_code_ext":null,"postal_code_vanity":null}},{"id":"4808fca8-e2e3-4752-a7db-128f29e71430","type":"Feature","feature_type":"address","geometry":null,"properties":{"address":"ул. Политехническая, д. 29, лит. П, 11 корпус","unit":"Кабинет 225","locality":"city","province":"RU-SPE","country":"RU","postal_code":"195251","postal_code_ext":null,"postal_code_vanity":null}},{"id":"5978fbd0-0b42-47a0-b106-6ce4dab74440","type":"Feature","feature_type":"address","geometry":null,"properties":{"address":"ул. Политехническая, д. 29, лит. П, 11 корпус","unit":"Кабинет 223","locality":"city","province":"RU-SPE","country":"RU","postal_code":"195251","postal_code_ext":null,"postal_code_vanity":null}},{"id":"8c8a34f8-6402-441c-b4cf-670dcd11d868","type":"Feature","feature_type":"address","geometry":null,"properties":{"address":"ул. Политехническая, д. 29, лит. П, 11 корпус","unit":"Кабинет 236","locality":"city","province":"RU-SPE","country":"RU","postal_code":"195251","postal_code_ext":null,"postal_code_vanity":null}},{"id":"e7ed774f-9857-43d0-b2a5-7aeabb972e6a","type":"Feature","feature_type":"address","geometry":null,"properties":{"address":"ул. Политехническая, д. 29, лит. П, 11 корпус","unit":"Кабинет 234","locality":"city","province":"RU-SPE","country":"RU","postal_code":"195251","postal_code_ext":null,"postal_code_vanity":null}},{"id":"3efbba0a-43c1-419e-9df4-1fb01251c859","type":"Feature","feature_type":"address","geometry":null,"properties":{"address":"ул. Политехническая, д. 29, лит. П, 11 корпус","unit":"Кабинет 232","locality":"city","province":"RU-SPE","country":"RU","postal_code":"195251","postal_code_ext":null,"postal_code_vanity":null}},{"id":"f4521eab-9ed0-4bfb-b288-307ee5f89c76","type":"Feature","feature_type":"address","geometry":null,"properties":{"address":"ул. Политехническая, д. 29, лит. П, 11 корпус","unit":"Кабинет 230","locality":"city","province":"RU-SPE","country":"RU","postal_code":"195251","postal_code_ext":null,"postal_code_vanity":null}},{"id":"8577722e-ce16-41f4-988e-e0880ab4a417","type":"Feature","feature_type":"address","geometry":null,"properties":{"address":"ул. Политехническая, д. 29, лит. П, 11 корпус","unit":"Кабинет 228","locality":"city","province":"RU-SPE","country":"RU","postal_code":"195251","postal_code_ext":null,"postal_code_vanity":null}},{"id":"93d7411c-c862-4376-8631-51c11a78de0f","type":"Feature","feature_type":"address","geometry":null,"properties":{"address":"ул. Политехническая, д. 29, лит. П, 11 корпус","unit":"Кабинет 211","locality":"city","province":"RU-SPE","country":"RU","postal_code":"195251","postal_code_ext":null,"postal_code_vanity":null}},{"id":"92a8f347-72da-4f6c-8ebe-2a4daa4fd49a","type":"Feature","feature_type":"address","geometry":null,"properties":{"address":"ул. Политехническая, д. 29, лит. П, 11 корпус","unit":"Кабинет 213","locality":"city","province":"RU-SPE","country":"RU","postal_code":"195251","postal_code_ext":null,"postal_code_vanity":null}},{"id":"4cdc3b3a-4312-4840-bd39-6334c4d6c9f8","type":"Feature","feature_type":"address","geometry":null,"properties":{"address":"ул. Политехническая, д. 29, лит. П, 11 корпус","unit":"Кабинет 215","locality":"city","province":"RU-SPE","country":"RU","postal_code":"195251","postal_code_ext":null,"postal_code_vanity":null}},{"id":"ae21d7f7-cf17-4034-8237-13212473e3f4","type":"Feature","feature_type":"address","geometry":null,"properties":{"address":"ул. Политехническая, д. 29, лит. П, 11 корпус","unit":"Кабинет ","locality":"city","province":"RU-SPE","country":"RU","postal_code":"195251","postal_code_ext":null,"postal_code_vanity":null}},{"id":"0c40ee77-19b0-44e6-884e-792cd95d086a","type":"Feature","feature_type":"address","geometry":null,"properties":{"address":"ул. Политехническая, д. 29, лит. П, 11 корпус","unit":"Кабинет 216","locality":"city","province":"RU-SPE","country":"RU","postal_code":"195251","postal_code_ext":null,"postal_code_vanity":null}},{"id":"40d4293c-406d-4a69-9ebc-8167c3ef0c71","type":"Feature","feature_type":"address","geometry":null,"properties":{"address":"ул. Политехническая, д. 29, лит. П, 11 корпус","unit":"Кабинет 218","locality":"city","province":"RU-SPE","country":"RU","postal_code":"195251","postal_code_ext":null,"postal_code_vanity":null}},{"id":"4494cf64-3460-4cbb-89b9-b9d68f387773","type":"Feature","feature_type":"address","geometry":null,"properties":{"address":"ул. Политехническая, д. 29, лит. П, 11 корпус","unit":"Кабинет 220","locality":"city","province":"RU-SPE","country":"RU","postal_code":"195251","postal_code_ext":null,"postal_code_vanity":null}},{"id":"aaa8bbc3-d61e-4a79-ad10-d724bec18978","type":"Feature","feature_type":"address","geometry":null,"properties":{"address":"ул. Политехническая, д. 29, лит. П, 11 корпус","unit":"Кабинет 224","locality":"city","province":"RU-SPE","country":"RU","postal_code":"195251","postal_code_ext":null,"postal_code_vanity":null}},{"id":"57e29ee5-a599-4a45-b121-4ba05d9356aa","type":"Feature","feature_type":"address","geometry":null,"properties":{"address":"ул. Политехническая, д. 29, лит. П, 11 корпус","unit":"Кабинет 219","locality":"city","province":"RU-SPE","country":"RU","postal_code":"195251","postal_code_ext":null,"postal_code_vanity":null}},{"id":"1f29fc38-1ad6-40f9-87b6-4ea34c9f2a37","type":"Feature","feature_type":"address","geometry":null,"properties":{"address":"ул. Политехническая, д. 29, лит. П, 11 корпус","unit":"Кабинет 200","locality":"city","province":"RU-SPE","country":"RU","postal_code":"195251","postal_code_ext":null,"postal_code_vanity":null}},{"id":"9c002f5c-40d8-4a49-ade0-e046ab650fb8","type":"Feature","feature_type":"address","geometry":null,"properties":{"address":"ул. Политехническая, д. 29, лит. П, 11 корпус","unit":"Кабинет 207","locality":"city","province":"RU-SPE","country":"RU","postal_code":"195251","postal_code_ext":null,"postal_code_vanity":null}},{"id":"4fb9f2d2-d071-45a1-bc9d-a79618ae8c33","type":"Feature","feature_type":"address","geometry":null,"properties":{"address":"ул. Политехническая, д. 29, лит. П, 11 корпус","unit":"Кабинет 209","locality":"city","province":"RU-SPE","country":"RU","postal_code":"195251","postal_code_ext":null,"postal_code_vanity":null}},{"id":"3de5c109-4513-4632-a88c-6451110cbd31","type":"Feature","feature_type":"address","geometry":null,"properties":{"address":"ул. Политехническая, д. 29, лит. П, 11 корпус","unit":"Кабинет 208","locality":"city","province":"RU-SPE","country":"RU","postal_code":"195251","postal_code_ext":null,"postal_code_vanity":null}},{"id":"d25b41e6-f98b-412f-bb97-0c9919930cb0","type":"Feature","feature_type":"address","geometry":null,"properties":{"address":"ул. Политехническая, д. 29, лит. П, 11 корпус","unit":"Кабинет 210","locality":"city","province":"RU-SPE","country":"RU","postal_code":"195251","postal_code_ext":null,"postal_code_vanity":null}},{"id":"dfbacc49-b434-4286-868e-b80d2944da97","type":"Feature","feature_type":"address","geometry":null,"properties":{"address":"ул. Политехническая, д. 29, лит. П, 11 корпус","unit":"Кабинет 212","locality":"city","province":"RU-SPE","country":"RU","postal_code":"195251","postal_code_ext":null,"postal_code_vanity":null}},{"id":"e10cce5b-f27d-4690-995f-5bed4aaeb94a","type":"Feature","feature_type":"address","geometry":null,"properties":{"address":"ул. Политехническая, д. 29, лит. П, 11 корпус","unit":"Кабинет 214","locality":"city","province":"RU-SPE","country":"RU","postal_code":"195251","postal_code_ext":null,"postal_code_vanity":null}},{"id":"69e3417b-8686-4374-9ef9-777f8ffb2c83","type":"Feature","feature_type":"address","geometry":null,"properties":{"address":"ул. Политехническая, д. 29, лит. П, 11 корпус","unit":"Туалет мужской","locality":"city","province":"RU-SPE","country":"RU","postal_code":"195251","postal_code_ext":null,"postal_code_vanity":null}},{"id":"2a1518af-f84b-429a-a2fc-21d141e2a716","type":"Feature","feature_type":"address","geometry":null,"properties":{"address":"ул. Политехническая, д. 29, лит. П, 11 корпус","unit":"Туалет мужской","locality":"city","province":"RU-SPE","country":"RU","postal_code":"195251","postal_code_ext":null,"postal_code_vanity":null}},{"id":"29a1782e-ee47-4d2e-9dc2-c47b0e086e83","type":"Feature","feature_type":"address","geometry":null,"properties":{"address":"ул. Политехническая, д. 29, лит. П, 11 корпус","unit":"Кабинет ","locality":"city","province":"RU-SPE","country":"RU","postal_code":"195251","postal_code_ext":null,"postal_code_vanity":null}},{"id":"f0d75bd7-b3f8-4616-8db2-2f059c2fd6ee","type":"Feature","feature_type":"address","geometry":null,"properties":{"address":"ул. Политехническая, д. 29, лит. П, 11 корпус","unit":"Туалет женский","locality":"city","province":"RU-SPE","country":"RU","postal_code":"195251","postal_code_ext":null,"postal_code_vanity":null}},{"id":"4a30da11-64e7-40bf-8c02-d932f06cc71e","type":"Feature","feature_type":"address","geometry":null,"properties":{"address":"ул. Политехническая, д. 29, лит. П, 11 корпус","unit":"Туалет женский","locality":"city","province":"RU-SPE","country":"RU","postal_code":"195251","postal_code_ext":null,"postal_code_vanity":null}},{"id":"429ddcd9-2ab6-46ba-b7b8-adc871c21634","type":"Feature","feature_type":"address","geometry":null,"properties":{"address":"ул. Политехническая, д. 29, лит. П, 11 корпус","unit":"","locality":"city","province":"RU-SPE","country":"RU","postal_code":"195251","postal_code_ext":null,"postal_code_vanity":null}},{"id":"b2e60688-20fc-4ed2-9616-8e93b7eb4c9d","type":"Feature","feature_type":"address","geometry":null,"properties":{"address":"ул. Политехническая, д. 29, лит. П, 11 корпус","unit":"","locality":"city","province":"RU-SPE","country":"RU","postal_code":"195251","postal_code_ext":null,"postal_code_vanity":null}},{"id":"5cfcd40e-bff3-4476-ba5d-84267d652225","type":"Feature","feature_type":"address","geometry":null,"properties":{"address":"ул. Политехническая, д. 29, лит. П, 11 корпус","unit":"","locality":"city","province":"RU-SPE","country":"RU","postal_code":"195251","postal_code_ext":null,"postal_code_vanity":null}},{"id":"2f0cfe82-e700-41a0-aa2e-f62704fb5cf1","type":"Feature","feature_type":"address","geometry":null,"properties":{"address":"ул. Политехническая, д. 29, лит. П, 11 корпус","unit":"Кабинет 310","locality":"city","province":"RU-SPE","country":"RU","postal_code":"195251","postal_code_ext":null,"postal_code_vanity":null}},{"id":"e24658c7-8c1f-451e-9fd0-0bc9b3a53ebb","type":"Feature","feature_type":"address","geometry":null,"properties":{"address":"ул. Политехническая, д. 29, лит. П, 11 корпус","unit":"Кабинет 307","locality":"city","province":"RU-SPE","country":"RU","postal_code":"195251","postal_code_ext":null,"postal_code_vanity":null}},{"id":"2742f6ae-156a-40ec-9bb1-0fdabf66f178","type":"Feature","feature_type":"address","geometry":null,"properties":{"address":"ул. Политехническая, д. 29, лит. П, 11 корпус","unit":"Кабинет 303","locality":"city","province":"RU-SPE","country":"RU","postal_code":"195251","postal_code_ext":null,"postal_code_vanity":null}},{"id":"b7d938a3-253f-4fc3-b782-7339c0d11992","type":"Feature","feature_type":"address","geometry":null,"properties":{"address":"ул. Политехническая, д. 29, лит. П, 11 корпус","unit":"Кабинет 312","locality":"city","province":"RU-SPE","country":"RU","postal_code":"195251","postal_code_ext":null,"postal_code_vanity":null}},{"id":"13a26153-bd15-4146-9b94-4a548d3fc36e","type":"Feature","feature_type":"address","geometry":null,"properties":{"address":"ул. Политехническая, д. 29, лит. П, 11 корпус","unit":"Кабинет 329","locality":"city","province":"RU-SPE","country":"RU","postal_code":"195251","postal_code_ext":null,"postal_code_vanity":null}},{"id":"431327b8-bc49-4dd6-ab50-bd462b27bf08","type":"Feature","feature_type":"address","geometry":null,"properties":{"address":"ул. Политехническая, д. 29, лит. П, 11 корпус","unit":"Кабинет 342","locality":"city","province":"RU-SPE","country":"RU","postal_code":"195251","postal_code_ext":null,"postal_code_vanity":null}},{"id":"51cb1dac-dd2a-4016-9a97-c7daf47607f8","type":"Feature","feature_type":"address","geometry":null,"properties":{"address":"ул. Политехническая, д. 29, лит. П, 11 корпус","unit":"Кабинет 333","locality":"city","province":"RU-SPE","country":"RU","postal_code":"195251","postal_code_ext":null,"postal_code_vanity":null}},{"id":"e58d6d40-4b50-4ee7-b13a-e060482df704","type":"Feature","feature_type":"address","geometry":null,"properties":{"address":"ул. Политехническая, д. 29, лит. П, 11 корпус","unit":"Кабинет 304","locality":"city","province":"RU-SPE","country":"RU","postal_code":"195251","postal_code_ext":null,"postal_code_vanity":null}},{"id":"7c843303-7222-437b-93a8-e592aef06415","type":"Feature","feature_type":"address","geometry":null,"properties":{"address":"ул. Политехническая, д. 29, лит. П, 11 корпус","unit":"Кабинет 338","locality":"city","province":"RU-SPE","country":"RU","postal_code":"195251","postal_code_ext":null,"postal_code_vanity":null}},{"id":"31bcf917-2dda-401e-af09-786147120ad0","type":"Feature","feature_type":"address","geometry":null,"properties":{"address":"ул. Политехническая, д. 29, лит. П, 11 корпус","unit":"Кабинет 327","locality":"city","province":"RU-SPE","country":"RU","postal_code":"195251","postal_code_ext":null,"postal_code_vanity":null}},{"id":"918b5732-9de3-49ac-a1b1-a21699146825","type":"Feature","feature_type":"address","geometry":null,"properties":{"address":"ул. Политехническая, д. 29, лит. П, 11 корпус","unit":"Кабинет 325","locality":"city","province":"RU-SPE","country":"RU","postal_code":"195251","postal_code_ext":null,"postal_code_vanity":null}},{"id":"01c59f13-447e-42a8-8a3b-7a75fb448ef3","type":"Feature","feature_type":"address","geometry":null,"properties":{"address":"ул. Политехническая, д. 29, лит. П, 11 корпус","unit":"Кабинет 323","locality":"city","province":"RU-SPE","country":"RU","postal_code":"195251","postal_code_ext":null,"postal_code_vanity":null}},{"id":"58dc720e-613e-48bf-b51c-9324b719d23c","type":"Feature","feature_type":"address","geometry":null,"properties":{"address":"ул. Политехническая, д. 29, лит. П, 11 корпус","unit":"Кабинет 334","locality":"city","province":"RU-SPE","country":"RU","postal_code":"195251","postal_code_ext":null,"postal_code_vanity":null}},{"id":"16aa9c00-e609-423d-aaf9-8dee7ecb6ea7","type":"Feature","feature_type":"address","geometry":null,"properties":{"address":"ул. Политехническая, д. 29, лит. П, 11 корпус","unit":"Кабинет 330","locality":"city","province":"RU-SPE","country":"RU","postal_code":"195251","postal_code_ext":null,"postal_code_vanity":null}},{"id":"7a24fa25-a7e7-4418-9955-964f72829593","type":"Feature","feature_type":"address","geometry":null,"properties":{"address":"ул. Политехническая, д. 29, лит. П, 11 корпус","unit":"Кабинет 321","locality":"city","province":"RU-SPE","country":"RU","postal_code":"195251","postal_code_ext":null,"postal_code_vanity":null}},{"id":"becd5005-7629-4b75-8af7-03fcffa79a47","type":"Feature","feature_type":"address","geometry":null,"properties":{"address":"ул. Политехническая, д. 29, лит. П, 11 корпус","unit":"Кабинет 319","locality":"city","province":"RU-SPE","country":"RU","postal_code":"195251","postal_code_ext":null,"postal_code_vanity":null}},{"id":"e60a11cf-7148-4856-a424-b64ede732d0d","type":"Feature","feature_type":"address","geometry":null,"properties":{"address":"ул. Политехническая, д. 29, лит. П, 11 корпус","unit":"Кабинет 317","locality":"city","province":"RU-SPE","country":"RU","postal_code":"195251","postal_code_ext":null,"postal_code_vanity":null}},{"id":"6f2eaa1f-f076-41b0-82a6-d75c6b868526","type":"Feature","feature_type":"address","geometry":null,"properties":{"address":"ул. Политехническая, д. 29, лит. П, 11 корпус","unit":"Кабинет 313","locality":"city","province":"RU-SPE","country":"RU","postal_code":"195251","postal_code_ext":null,"postal_code_vanity":null}},{"id":"dc5416a8-fdbb-4b27-a6ba-1007f6581a33","type":"Feature","feature_type":"address","geometry":null,"properties":{"address":"ул. Политехническая, д. 29, лит. П, 11 корпус","unit":"Кабинет 328","locality":"city","province":"RU-SPE","country":"RU","postal_code":"195251","postal_code_ext":null,"postal_code_vanity":null}},{"id":"7f193194-9781-4afa-94cb-cd44583e15a8","type":"Feature","feature_type":"address","geometry":null,"properties":{"address":"ул. Политехническая, д. 29, лит. П, 11 корпус","unit":"Кабинет 326","locality":"city","province":"RU-SPE","country":"RU","postal_code":"195251","postal_code_ext":null,"postal_code_vanity":null}},{"id":"f2217129-513a-486d-a635-b20599ec01b1","type":"Feature","feature_type":"address","geometry":null,"properties":{"address":"ул. Политехническая, д. 29, лит. П, 11 корпус","unit":"Кабинет 324","locality":"city","province":"RU-SPE","country":"RU","postal_code":"195251","postal_code_ext":null,"postal_code_vanity":null}},{"id":"492e75b8-aee0-4ace-8675-31c831986978","type":"Feature","feature_type":"address","geometry":null,"properties":{"address":"ул. Политехническая, д. 29, лит. П, 11 корпус","unit":"Кабинет 322","locality":"city","province":"RU-SPE","country":"RU","postal_code":"195251","postal_code_ext":null,"postal_code_vanity":null}},{"id":"4b58b818-1bde-4f35-bbb5-421a85d037c1","type":"Feature","feature_type":"address","geometry":null,"properties":{"address":"ул. Политехническая, д. 29, лит. П, 11 корпус","unit":"Кабинет 341","locality":"city","province":"RU-SPE","country":"RU","postal_code":"195251","postal_code_ext":null,"postal_code_vanity":null}},{"id":"a8a6ef75-8674-4b03-9dbb-8cd972a5b349","type":"Feature","feature_type":"address","geometry":null,"properties":{"address":"ул. Политехническая, д. 29, лит. П, 11 корпус","unit":"Кабинет 343","locality":"city","province":"RU-SPE","country":"RU","postal_code":"195251","postal_code_ext":null,"postal_code_vanity":null}},{"id":"d2509d48-7542-404c-983d-be3d8d0149c9","type":"Feature","feature_type":"address","geometry":null,"properties":{"address":"ул. Политехническая, д. 29, лит. П, 11 корпус","unit":"Кабинет 345","locality":"city","province":"RU-SPE","country":"RU","postal_code":"195251","postal_code_ext":null,"postal_code_vanity":null}},{"id":"3eb90a0c-1c19-489a-943e-da244352e46a","type":"Feature","feature_type":"address","geometry":null,"properties":{"address":"ул. Политехническая, д. 29, лит. П, 11 корпус","unit":"Кабинет ","locality":"city","province":"RU-SPE","country":"RU","postal_code":"195251","postal_code_ext":null,"postal_code_vanity":null}},{"id":"c6f6cbfd-47c9-406b-820d-1beba4ba145b","type":"Feature","feature_type":"address","geometry":null,"properties":{"address":"ул. Политехническая, д. 29, лит. П, 11 корпус","unit":"Кабинет 344/1","locality":"city","province":"RU-SPE","country":"RU","postal_code":"195251","postal_code_ext":null,"postal_code_vanity":null}},{"id":"440f8d9c-cc02-44e0-a8a0-28f91f18bdbb","type":"Feature","feature_type":"address","geometry":null,"properties":{"address":"ул. Политехническая, д. 29, лит. П, 11 корпус","unit":"Кабинет 348","locality":"city","province":"RU-SPE","country":"RU","postal_code":"195251","postal_code_ext":null,"postal_code_vanity":null}},{"id":"761c5d4c-37ab-4b34-85cc-af56f291a27a","type":"Feature","feature_type":"address","geometry":null,"properties":{"address":"ул. Политехническая, д. 29, лит. П, 11 корпус","unit":"Кабинет 350","locality":"city","province":"RU-SPE","country":"RU","postal_code":"195251","postal_code_ext":null,"postal_code_vanity":null}},{"id":"7bf440ab-09cd-4599-bc19-7a61d31b7c91","type":"Feature","feature_type":"address","geometry":null,"properties":{"address":"ул. Политехническая, д. 29, лит. П, 11 корпус","unit":"Кабинет 352","locality":"city","province":"RU-SPE","country":"RU","postal_code":"195251","postal_code_ext":null,"postal_code_vanity":null}},{"id":"b354e16e-3af4-45cd-a9f0-ce078cacb34e","type":"Feature","feature_type":"address","geometry":null,"properties":{"address":"ул. Политехническая, д. 29, лит. П, 11 корпус","unit":"Кабинет 349","locality":"city","province":"RU-SPE","country":"RU","postal_code":"195251","postal_code_ext":null,"postal_code_vanity":null}},{"id":"c4947d83-45bb-43a4-8387-3e1927475771","type":"Feature","feature_type":"address","geometry":null,"properties":{"address":"ул. Политехническая, д. 29, лит. П, 11 корпус","unit":"Кабинет 309","locality":"city","province":"RU-SPE","country":"RU","postal_code":"195251","postal_code_ext":null,"postal_code_vanity":null}},{"id":"fa71a75c-9140-423d-aa75-bbcf0c9b55a3","type":"Feature","feature_type":"address","geometry":null,"properties":{"address":"ул. Политехническая, д. 29, лит. П, 11 корпус","unit":"Кабинет 316","locality":"city","province":"RU-SPE","country":"RU","postal_code":"195251","postal_code_ext":null,"postal_code_vanity":null}},{"id":"2ed9b829-9a88-4ff7-9897-c4baf14ca3e5","type":"Feature","feature_type":"address","geometry":null,"properties":{"address":"ул. Политехническая, д. 29, лит. П, 11 корпус","unit":"Кабинет 314","locality":"city","province":"RU-SPE","country":"RU","postal_code":"195251","postal_code_ext":null,"postal_code_vanity":null}},{"id":"1d215554-4c0d-4feb-8cc7-8f7a4b13eb75","type":"Feature","feature_type":"address","geometry":null,"properties":{"address":"ул. Политехническая, д. 29, лит. П, 11 корпус","unit":"Кабинет 318","locality":"city","province":"RU-SPE","country":"RU","postal_code":"195251","postal_code_ext":null,"postal_code_vanity":null}},{"id":"0abf70af-62cc-42ae-a43c-9a6386882e4f","type":"Feature","feature_type":"address","geometry":null,"properties":{"address":"ул. Политехническая, д. 29, лит. П, 11 корпус","unit":"Туалет мужской","locality":"city","province":"RU-SPE","country":"RU","postal_code":"195251","postal_code_ext":null,"postal_code_vanity":null}},{"id":"97a814a9-561d-4b9c-bc42-a3e918afc5b3","type":"Feature","feature_type":"address","geometry":null,"properties":{"address":"ул. Политехническая, д. 29, лит. П, 11 корпус","unit":"Кабинет ","locality":"city","province":"RU-SPE","country":"RU","postal_code":"195251","postal_code_ext":null,"postal_code_vanity":null}},{"id":"205e1a4e-ce22-4488-b4d1-c56dde851abf","type":"Feature","feature_type":"address","geometry":null,"properties":{"address":"ул. Политехническая, д. 29, лит. П, 11 корпус","unit":"Туалет женский","locality":"city","province":"RU-SPE","country":"RU","postal_code":"195251","postal_code_ext":null,"postal_code_vanity":null}},{"id":"462fb0fe-9cbd-4a63-beb2-81c4eea23135","type":"Feature","feature_type":"address","geometry":null,"properties":{"address":"ул. Политехническая, д. 29, лит. П, 11 корпус","unit":"Кабинет 332","locality":"city","province":"RU-SPE","country":"RU","postal_code":"195251","postal_code_ext":null,"postal_code_vanity":null}},{"id":"9a9b458c-f0a9-4635-93bc-5966b7bf63f7","type":"Feature","feature_type":"address","geometry":null,"properties":{"address":"ул. Политехническая, д. 29, лит. П, 11 корпус","unit":"Кабинет 340","locality":"city","province":"RU-SPE","country":"RU","postal_code":"195251","postal_code_ext":null,"postal_code_vanity":null}},{"id":"c068ec9f-b6fb-479d-826b-ecdb355cb9b8","type":"Feature","feature_type":"address","geometry":null,"properties":{"address":"ул. Политехническая, д. 29, лит. П, 11 корпус","unit":"Кабинет 315","locality":"city","province":"RU-SPE","country":"RU","postal_code":"195251","postal_code_ext":null,"postal_code_vanity":null}},{"id":"f3b59104-d599-4047-a789-1ad4d8227bf3","type":"Feature","feature_type":"address","geometry":null,"properties":{"address":"ул. Политехническая, д. 29, лит. П, 11 корпус","unit":"Преподавательская","locality":"city","province":"RU-SPE","country":"RU","postal_code":"195251","postal_code_ext":null,"postal_code_vanity":null}},{"id":"09af2782-be2f-4b95-b199-b3b21a66a3b9","type":"Feature","feature_type":"address","geometry":null,"properties":{"address":"ул. Политехническая, д. 29, лит. П, 11 корпус","unit":"Преподавательская кафедры КИТвП","locality":"city","province":"RU-SPE","country":"RU","postal_code":"195251","postal_code_ext":null,"postal_code_vanity":null}},{"id":"7945271a-3b5b-4e60-b5b0-4e96c16233dd","type":"Feature","feature_type":"address","geometry":null,"properties":{"address":"ул. Политехническая, д. 29, лит. П, 11 корпус","unit":"Кабинет 344","locality":"city","province":"RU-SPE","country":"RU","postal_code":"195251","postal_code_ext":null,"postal_code_vanity":null}},{"id":"616128c3-07a4-459b-8820-0e983607896d","type":"Feature","feature_type":"address","geometry":null,"properties":{"address":"ул. Политехническая, д. 29, лит. П, 11 корпус","unit":"Кабинет 346","locality":"city","province":"RU-SPE","country":"RU","postal_code":"195251","postal_code_ext":null,"postal_code_vanity":null}},{"id":"42815bb4-8b1c-4c93-a2c0-166d96045109","type":"Feature","feature_type":"address","geometry":null,"properties":{"address":"ул. Политехническая, д. 29, лит. П, 11 корпус","unit":"Кабинет 339","locality":"city","province":"RU-SPE","country":"RU","postal_code":"195251","postal_code_ext":null,"postal_code_vanity":null}},{"id":"3dae0d5c-82a3-48e1-8d6d-987757a3478c","type":"Feature","feature_type":"address","geometry":null,"properties":{"address":"ул. Политехническая, д. 29, лит. П, 11 корпус","unit":"Кабинет 335","locality":"city","province":"RU-SPE","country":"RU","postal_code":"195251","postal_code_ext":null,"postal_code_vanity":null}},{"id":"5a157d48-feaa-4cfe-a076-d2f3e62ffed9","type":"Feature","feature_type":"address","geometry":null,"properties":{"address":"ул. Политехническая, д. 29, лит. П, 11 корпус","unit":"Кабинет 337","locality":"city","province":"RU-SPE","country":"RU","postal_code":"195251","postal_code_ext":null,"postal_code_vanity":null}},{"id":"f9f3b46d-ce59-46e7-8f52-872ba31109b0","type":"Feature","feature_type":"address","geometry":null,"properties":{"address":"ул. Политехническая, д. 29, лит. П, 11 корпус","unit":"Кабинет ","locality":"city","province":"RU-SPE","country":"RU","postal_code":"195251","postal_code_ext":null,"postal_code_vanity":null}},{"id":"bc5e52e2-fdcd-4c8b-9b1c-54d1114238f9","type":"Feature","feature_type":"address","geometry":null,"properties":{"address":"ул. Политехническая, д. 29, лит. П, 11 корпус","unit":"Кабинет ","locality":"city","province":"RU-SPE","country":"RU","postal_code":"195251","postal_code_ext":null,"postal_code_vanity":null}},{"id":"32e8b38b-b076-4b39-a97e-fca86fd9e052","type":"Feature","feature_type":"address","geometry":null,"properties":{"address":"ул. Политехническая, д. 29, лит. П, 11 корпус","unit":"Кабинет 306","locality":"city","province":"RU-SPE","country":"RU","postal_code":"195251","postal_code_ext":null,"postal_code_vanity":null}},{"id":"6ad30505-3d32-4940-993e-8389878a286a","type":"Feature","feature_type":"address","geometry":null,"properties":{"address":"ул. Политехническая, д. 29, лит. П, 11 корпус","unit":"Кабинет 308","locality":"city","province":"RU-SPE","country":"RU","postal_code":"195251","postal_code_ext":null,"postal_code_vanity":null}},{"id":"ac3555b8-c80b-47fc-bead-110853958173","type":"Feature","feature_type":"address","geometry":null,"properties":{"address":"ул. Политехническая, д. 29, лит. П, 11 корпус","unit":"Кабинет 347","locality":"city","province":"RU-SPE","country":"RU","postal_code":"195251","postal_code_ext":null,"postal_code_vanity":null}},{"id":"5b89aafa-7b96-43d3-8d95-f83bbf571771","type":"Feature","feature_type":"address","geometry":null,"properties":{"address":"ул. Политехническая, д. 29, лит. П, 1-2 корпус","unit":"Кабинет 25","locality":"city","province":"RU-SPE","country":"RU","postal_code":"195251","postal_code_ext":null,"postal_code_vanity":null}},{"id":"1b7e542d-c0cf-47ea-9950-9987392467e2","type":"Feature","feature_type":"address","geometry":null,"properties":{"address":"ул. Политехническая, д. 29, лит. П, 1-2 корпус","unit":"Кабинет 26","locality":"city","province":"RU-SPE","country":"RU","postal_code":"195251","postal_code_ext":null,"postal_code_vanity":null}},{"id":"5fb7e638-cb63-461a-b746-45c23eab8615","type":"Feature","feature_type":"address","geometry":null,"properties":{"address":"ул. Политехническая, д. 29, лит. П, 1-2 корпус","unit":"Кабинет 27","locality":"city","province":"RU-SPE","country":"RU","postal_code":"195251","postal_code_ext":null,"postal_code_vanity":null}},{"id":"08bd27f6-5586-4bec-8761-0f6cec7ba9c8","type":"Feature","feature_type":"address","geometry":null,"properties":{"address":"ул. Политехническая, д. 29, лит. П, 1-2 корпус","unit":"Кабинет 28","locality":"city","province":"RU-SPE","country":"RU","postal_code":"195251","postal_code_ext":null,"postal_code_vanity":null}},{"id":"e703b48d-4fbe-4a2c-8e5e-7d21b040d81f","type":"Feature","feature_type":"address","geometry":null,"properties":{"address":"ул. Политехническая, д. 29, лит. П, 1-2 корпус","unit":"Кабинет 2","locality":"city","province":"RU-SPE","country":"RU","postal_code":"195251","postal_code_ext":null,"postal_code_vanity":null}},{"id":"f20c10e7-8ab5-4abd-8da3-8d172114c813","type":"Feature","feature_type":"address","geometry":null,"properties":{"address":"ул. Политехническая, д. 29, лит. П, 1-2 корпус","unit":"Кабинет 3","locality":"city","province":"RU-SPE","country":"RU","postal_code":"195251","postal_code_ext":null,"postal_code_vanity":null}},{"id":"8c2bd391-ae99-4d21-9857-38679b8aaf70","type":"Feature","feature_type":"address","geometry":null,"properties":{"address":"ул. Политехническая, д. 29, лит. П, 1-2 корпус","unit":"Кабинет 4","locality":"city","province":"RU-SPE","country":"RU","postal_code":"195251","postal_code_ext":null,"postal_code_vanity":null}},{"id":"d5fe1dd3-e133-42ad-a5ac-5ff1de02a055","type":"Feature","feature_type":"address","geometry":null,"properties":{"address":"ул. Политехническая, д. 29, лит. П, 1-2 корпус","unit":"Кабинет 5","locality":"city","province":"RU-SPE","country":"RU","postal_code":"195251","postal_code_ext":null,"postal_code_vanity":null}},{"id":"1c2b5c08-678f-41e4-8f1d-0c89c321c3a9","type":"Feature","feature_type":"address","geometry":null,"properties":{"address":"ул. Политехническая, д. 29, лит. П, 1-2 корпус","unit":"Кабинет 11","locality":"city","province":"RU-SPE","country":"RU","postal_code":"195251","postal_code_ext":null,"postal_code_vanity":null}},{"id":"9d3cd441-a677-42bf-8257-a3b66c46b379","type":"Feature","feature_type":"address","geometry":null,"properties":{"address":"ул. Политехническая, д. 29, лит. П, 1-2 корпус","unit":"Кабинет 10","locality":"city","province":"RU-SPE","country":"RU","postal_code":"195251","postal_code_ext":null,"postal_code_vanity":null}},{"id":"fe43e35c-26ab-4be5-89b2-e0abeda3e828","type":"Feature","feature_type":"address","geometry":null,"properties":{"address":"ул. Политехническая, д. 29, лит. П, 1-2 корпус","unit":"Кабинет 10","locality":"city","province":"RU-SPE","country":"RU","postal_code":"195251","postal_code_ext":null,"postal_code_vanity":null}},{"id":"ae015325-0dcb-42da-a9ca-432f44d1d6e9","type":"Feature","feature_type":"address","geometry":null,"properties":{"address":"ул. Политехническая, д. 29, лит. П, Гидротехнический корпус 1","unit":"","locality":"city","province":"RU-SPE","country":"RU","postal_code":"195251","postal_code_ext":null,"postal_code_vanity":null}},{"id":"93199939-edeb-4a7a-afdd-5e380557e46b","type":"Feature","feature_type":"address","geometry":null,"properties":{"address":"ул. Политехническая, д. 29, лит. П, 9 корпус","unit":"","locality":"city","province":"RU-SPE","country":"RU","postal_code":"195251","postal_code_ext":null,"postal_code_vanity":null}},{"id":"c4784091-ab99-4438-b68d-28ab3e062847","type":"Feature","feature_type":"address","geometry":null,"properties":{"address":"ул. Политехническая, д. 29, лит. П, ГЗ","unit":"","locality":"city","province":"RU-SPE","country":"RU","postal_code":"195251","postal_code_ext":null,"postal_code_vanity":null}},{"id":"fe5c63c1-2af3-419f-9af8-51055a34aca1","type":"Feature","feature_type":"address","geometry":null,"properties":{"address":"ул. Политехническая, д. 29, лит. П, ГЗ","unit":"","locality":"city","province":"RU-SPE","country":"RU","postal_code":"195251","postal_code_ext":null,"postal_code_vanity":null}},{"id":"ff9ff110-460c-425f-852c-4035c9aae2b2","type":"Feature","feature_type":"address","geometry":null,"properties":{"address":"ул. Политехническая, д. 29, лит. П, ГЗ","unit":"","locality":"city","province":"RU-SPE","country":"RU","postal_code":"195251","postal_code_ext":null,"postal_code_vanity":null}},{"id":"be073bdd-f29c-41ed-8fe5-3034d3077fad","type":"Feature","feature_type":"address","geometry":null,"properties":{"address":"ул. Политехническая, д. 29, лит. П, ГЗ","unit":"","locality":"city","province":"RU-SPE","country":"RU","postal_code":"195251","postal_code_ext":null,"postal_code_vanity":null}},{"id":"51594f6b-c321-49f4-9d10-7ac1d053bb7a","type":"Feature","feature_type":"address","geometry":null,"properties":{"address":"ул. Политехническая, д. 29, лит. П, ГЗ","unit":"Учебная библиотека","locality":"city","province":"RU-SPE","country":"RU","postal_code":"195251","postal_code_ext":null,"postal_code_vanity":null}},{"id":"43b6271c-29af-415a-9b3c-1a80fe10efbe","type":"Feature","feature_type":"address","geometry":null,"properties":{"address":"ул. Политехническая, д. 29, лит. П, ГЗ","unit":"Лекторий 101","locality":"city","province":"RU-SPE","country":"RU","postal_code":"195251","postal_code_ext":null,"postal_code_vanity":null}},{"id":"5f240a4f-4f37-4ac1-b359-92c88b38a1a6","type":"Feature","feature_type":"address","geometry":null,"properties":{"address":"ул. Политехническая, д. 29, лит. П, ГЗ","unit":"Лекторий 122","locality":"city","province":"RU-SPE","country":"RU","postal_code":"195251","postal_code_ext":null,"postal_code_vanity":null}},{"id":"1a5970c4-11ee-4206-86cb-749e3da99255","type":"Feature","feature_type":"address","geometry":null,"properties":{"address":"ул. Политехническая, д. 29, лит. П, ГЗ","unit":"Кабинет 183","locality":"city","province":"RU-SPE","country":"RU","postal_code":"195251","postal_code_ext":null,"postal_code_vanity":null}},{"id":"7e71e31f-78fb-42b3-aa4a-90b2ab22fd5b","type":"Feature","feature_type":"address","geometry":null,"properties":{"address":"ул. Политехническая, д. 29, лит. П, ГЗ","unit":"Кабинет 184","locality":"city","province":"RU-SPE","country":"RU","postal_code":"195251","postal_code_ext":null,"postal_code_vanity":null}},{"id":"cf40f039-23f6-4ebe-b485-2cfaef2936a7","type":"Feature","feature_type":"address","geometry":null,"properties":{"address":"ул. Политехническая, д. 29, лит. П, ГЗ","unit":"","locality":"city","province":"RU-SPE","country":"RU","postal_code":"195251","postal_code_ext":null,"postal_code_vanity":null}},{"id":"a49a5827-f498-4ca2-9aed-3de4f368294b","type":"Feature","feature_type":"address","geometry":null,"properties":{"address":"ул. Политехническая, д. 29, лит. П, ГЗ","unit":"Кабинет 123","locality":"city","province":"RU-SPE","country":"RU","postal_code":"195251","postal_code_ext":null,"postal_code_vanity":null}},{"id":"7858b5ce-3790-44f2-8984-3966224c8cd7","type":"Feature","feature_type":"address","geometry":null,"properties":{"address":"ул. Политехническая, д. 29, лит. П, ГЗ","unit":"Кафе","locality":"city","province":"RU-SPE","country":"RU","postal_code":"195251","postal_code_ext":null,"postal_code_vanity":null}},{"id":"af8a1b6b-2a27-4124-9252-f1f235ed2bec","type":"Feature","feature_type":"address","geometry":null,"properties":{"address":"ул. Политехническая, д. 29, лит. П, ГЗ","unit":"Кафетерий «Бульвар» ","locality":"city","province":"RU-SPE","country":"RU","postal_code":"195251","postal_code_ext":null,"postal_code_vanity":null}},{"id":"4b57c552-7c2b-456f-9392-7896ffb0207e","type":"Feature","feature_type":"address","geometry":null,"properties":{"address":"ул. Политехническая, д. 29, лит. П, ГЗ","unit":"Магазин","locality":"city","province":"RU-SPE","country":"RU","postal_code":"195251","postal_code_ext":null,"postal_code_vanity":null}},{"id":"1a950357-a7fc-462c-8d74-163cb376218b","type":"Feature","feature_type":"address","geometry":null,"properties":{"address":"ул. Политехническая, д. 29, лит. П, ГЗ","unit":"","locality":"city","province":"RU-SPE","country":"RU","postal_code":"195251","postal_code_ext":null,"postal_code_vanity":null}},{"id":"a17b4a9a-d6b2-47f7-ba03-e51ebcbbe6d3","type":"Feature","feature_type":"address","geometry":null,"properties":{"address":"ул. Политехническая, д. 29, лит. П, ГЗ","unit":"Туалет женский","locality":"city","province":"RU-SPE","country":"RU","postal_code":"195251","postal_code_ext":null,"postal_code_vanity":null}},{"id":"937fdceb-e61b-4bd1-ad3f-2958fa7ed324","type":"Feature","feature_type":"address","geometry":null,"properties":{"address":"ул. Политехническая, д. 29, лит. П, ГЗ","unit":"Туалет женский","locality":"city","province":"RU-SPE","country":"RU","postal_code":"195251","postal_code_ext":null,"postal_code_vanity":null}},{"id":"faf09e4d-b20a-4b80-b897-1230d988ab18","type":"Feature","feature_type":"address","geometry":null,"properties":{"address":"ул. Политехническая, д. 29, лит. П, ГЗ","unit":"Туалет женский","locality":"city","province":"RU-SPE","country":"RU","postal_code":"195251","postal_code_ext":null,"postal_code_vanity":null}},{"id":"b9771b17-715b-4e6f-bb90-07ed066e607a","type":"Feature","feature_type":"address","geometry":null,"properties":{"address":"ул. Политехническая, д. 29, лит. П, ГЗ","unit":"Лабораторная 186a","locality":"city","province":"RU-SPE","country":"RU","postal_code":"195251","postal_code_ext":null,"postal_code_vanity":null}},{"id":"0c06b2c9-3ac0-4195-8d41-86cbe84e9b61","type":"Feature","feature_type":"address","geometry":null,"properties":{"address":"ул. Политехническая, д. 29, лит. П, ГЗ","unit":"Лабораторная -","locality":"city","province":"RU-SPE","country":"RU","postal_code":"195251","postal_code_ext":null,"postal_code_vanity":null}},{"id":"c9b51eef-ecf0-4896-8bbd-ba9689f06cfd","type":"Feature","feature_type":"address","geometry":null,"properties":{"address":"ул. Политехническая, д. 29, лит. П, ГЗ","unit":"Лабораторная -","locality":"city","province":"RU-SPE","country":"RU","postal_code":"195251","postal_code_ext":null,"postal_code_vanity":null}},{"id":"1841e8dc-f0fe-48e8-89ed-d403d2339694","type":"Feature","feature_type":"address","geometry":null,"properties":{"address":"ул. Политехническая, д. 29, лит. П, ГЗ","unit":"Кабинет -","locality":"city","province":"RU-SPE","country":"RU","postal_code":"195251","postal_code_ext":null,"postal_code_vanity":null}},{"id":"18b439ee-b656-4e6d-a52a-4ff75bf21558","type":"Feature","feature_type":"address","geometry":null,"properties":{"address":"ул. Политехническая, д. 29, лит. П, ГЗ","unit":"Лабораторная 186","locality":"city","province":"RU-SPE","country":"RU","postal_code":"195251","postal_code_ext":null,"postal_code_vanity":null}},{"id":"9e67f6f3-0921-4070-9522-b7424ad2df02","type":"Feature","feature_type":"address","geometry":null,"properties":{"address":"ул. Политехническая, д. 29, лит. П, ГЗ","unit":"Лабораторная 155","locality":"city","province":"RU-SPE","country":"RU","postal_code":"195251","postal_code_ext":null,"postal_code_vanity":null}},{"id":"ba3602ae-e4ae-4202-8b8c-32c1cff46762","type":"Feature","feature_type":"address","geometry":null,"properties":{"address":"ул. Политехническая, д. 29, лит. П, ГЗ","unit":"","locality":"city","province":"RU-SPE","country":"RU","postal_code":"195251","postal_code_ext":null,"postal_code_vanity":null}},{"id":"120a7458-86f2-42fb-bec5-aab4f6558bd3","type":"Feature","feature_type":"address","geometry":null,"properties":{"address":"ул. Политехническая, д. 29, лит. П, ГЗ","unit":"Выставочный зал","locality":"city","province":"RU-SPE","country":"RU","postal_code":"195251","postal_code_ext":null,"postal_code_vanity":null}},{"id":"87b24b8f-ab13-4b30-be04-13749153dc17","type":"Feature","feature_type":"address","geometry":null,"properties":{"address":"ул. Политехническая, д. 29, лит. П, ГЗ","unit":"Кабинет -","locality":"city","province":"RU-SPE","country":"RU","postal_code":"195251","postal_code_ext":null,"postal_code_vanity":null}},{"id":"7d85c5e0-7824-4d9d-9b8f-75f968458d88","type":"Feature","feature_type":"address","geometry":null,"properties":{"address":"ул. Политехническая, д. 29, лит. П, ГЗ","unit":"Кабинет -","locality":"city","province":"RU-SPE","country":"RU","postal_code":"195251","postal_code_ext":null,"postal_code_vanity":null}},{"id":"95886178-ff78-4a58-a37a-da08c3e01b63","type":"Feature","feature_type":"address","geometry":null,"properties":{"address":"ул. Политехническая, д. 29, лит. П, ГЗ","unit":"","locality":"city","province":"RU-SPE","country":"RU","postal_code":"195251","postal_code_ext":null,"postal_code_vanity":null}},{"id":"388b695f-2923-46da-a585-d1892ceb2fd5","type":"Feature","feature_type":"address","geometry":null,"properties":{"address":"ул. Политехническая, д. 29, лит. П, ГЗ","unit":"Ректорат","locality":"city","province":"RU-SPE","country":"RU","postal_code":"195251","postal_code_ext":null,"postal_code_vanity":null}},{"id":"99e6a024-4185-42b0-9d82-be3264243372","type":"Feature","feature_type":"address","geometry":null,"properties":{"address":"ул. Политехническая, д. 29, лит. П, ГЗ","unit":"Кабинет -","locality":"city","province":"RU-SPE","country":"RU","postal_code":"195251","postal_code_ext":null,"postal_code_vanity":null}},{"id":"c9531ef9-79bb-4050-aae8-bf2e8d1a6c3d","type":"Feature","feature_type":"address","geometry":null,"properties":{"address":"ул. Политехническая, д. 29, лит. П, ГЗ","unit":"Кабинет -","locality":"city","province":"RU-SPE","country":"RU","postal_code":"195251","postal_code_ext":null,"postal_code_vanity":null}},{"id":"bfca7445-3a7a-4478-932a-b808b8059c6b","type":"Feature","feature_type":"address","geometry":null,"properties":{"address":"ул. Политехническая, д. 29, лит. П, ГЗ","unit":"Кабинет -","locality":"city","province":"RU-SPE","country":"RU","postal_code":"195251","postal_code_ext":null,"postal_code_vanity":null}},{"id":"a0927912-1c9d-4221-bdc0-3d99eb693222","type":"Feature","feature_type":"address","geometry":null,"properties":{"address":"ул. Политехническая, д. 29, лит. П, ГЗ","unit":"Кабинет -","locality":"city","province":"RU-SPE","country":"RU","postal_code":"195251","postal_code_ext":null,"postal_code_vanity":null}},{"id":"63339136-de39-44cb-a58d-83270b9b03ea","type":"Feature","feature_type":"address","geometry":null,"properties":{"address":"ул. Политехническая, д. 29, лит. П, ГЗ","unit":"Кабинет 109","locality":"city","province":"RU-SPE","country":"RU","postal_code":"195251","postal_code_ext":null,"postal_code_vanity":null}},{"id":"1770533c-a0ce-4e6a-974c-2c58ac72fc73","type":"Feature","feature_type":"address","geometry":null,"properties":{"address":"ул. Политехническая, д. 29, лит. П, ГЗ","unit":"Кабинет 108","locality":"city","province":"RU-SPE","country":"RU","postal_code":"195251","postal_code_ext":null,"postal_code_vanity":null}},{"id":"112657a7-fcc6-44c2-9f6a-675042d3ed6f","type":"Feature","feature_type":"address","geometry":null,"properties":{"address":"ул. Политехническая, д. 29, лит. П, ГЗ","unit":"Кабинет 107","locality":"city","province":"RU-SPE","country":"RU","postal_code":"195251","postal_code_ext":null,"postal_code_vanity":null}},{"id":"b768ffc8-d4db-4fe6-848a-86194f51bd03","type":"Feature","feature_type":"address","geometry":null,"properties":{"address":"ул. Политехническая, д. 29, лит. П, ГЗ","unit":"Кабинет 106","locality":"city","province":"RU-SPE","country":"RU","postal_code":"195251","postal_code_ext":null,"postal_code_vanity":null}},{"id":"9a9d3419-e94c-439b-b540-b6cc292d71f6","type":"Feature","feature_type":"address","geometry":null,"properties":{"address":"ул. Политехническая, д. 29, лит. П, ГЗ","unit":"Кабинет 105","locality":"city","province":"RU-SPE","country":"RU","postal_code":"195251","postal_code_ext":null,"postal_code_vanity":null}},{"id":"15b46425-00e2-451f-8836-a5ba89d1a49f","type":"Feature","feature_type":"address","geometry":null,"properties":{"address":"ул. Политехническая, д. 29, лит. П, ГЗ","unit":"Кабинет 104","locality":"city","province":"RU-SPE","country":"RU","postal_code":"195251","postal_code_ext":null,"postal_code_vanity":null}},{"id":"797e0b1d-9a6c-4dbb-a258-de5f3214738c","type":"Feature","feature_type":"address","geometry":null,"properties":{"address":"ул. Политехническая, д. 29, лит. П, ГЗ","unit":"Кабинет 103","locality":"city","province":"RU-SPE","country":"RU","postal_code":"195251","postal_code_ext":null,"postal_code_vanity":null}},{"id":"742e2737-5963-4e0c-b71b-a558fc989cfe","type":"Feature","feature_type":"address","geometry":null,"properties":{"address":"ул. Политехническая, д. 29, лит. П, ГЗ","unit":"Ректорат","locality":"city","province":"RU-SPE","country":"RU","postal_code":"195251","postal_code_ext":null,"postal_code_vanity":null}},{"id":"81c1ad39-3136-4764-96b7-d56b88212bf5","type":"Feature","feature_type":"address","geometry":null,"properties":{"address":"ул. Политехническая, д. 29, лит. П, ГЗ","unit":"Кабинет 116","locality":"city","province":"RU-SPE","country":"RU","postal_code":"195251","postal_code_ext":null,"postal_code_vanity":null}},{"id":"54d5fc10-b391-4ddf-8b7e-9fcb42f01165","type":"Feature","feature_type":"address","geometry":null,"properties":{"address":"ул. Политехническая, д. 29, лит. П, ГЗ","unit":"Кабинет 117","locality":"city","province":"RU-SPE","country":"RU","postal_code":"195251","postal_code_ext":null,"postal_code_vanity":null}},{"id":"5330978e-c62f-4cd5-a131-35a64d993bba","type":"Feature","feature_type":"address","geometry":null,"properties":{"address":"ул. Политехническая, д. 29, лит. П, ГЗ","unit":"","locality":"city","province":"RU-SPE","country":"RU","postal_code":"195251","postal_code_ext":null,"postal_code_vanity":null}},{"id":"0c196375-6086-479f-96c5-22cec8711552","type":"Feature","feature_type":"address","geometry":null,"properties":{"address":"ул. Политехническая, д. 29, лит. П, ГЗ","unit":"Кабинет 118","locality":"city","province":"RU-SPE","country":"RU","postal_code":"195251","postal_code_ext":null,"postal_code_vanity":null}},{"id":"4fe5cefb-ef34-4e4c-8fd5-ee917abb1069","type":"Feature","feature_type":"address","geometry":null,"properties":{"address":"ул. Политехническая, д. 29, лит. П, ГЗ","unit":"Кабинет 101а","locality":"city","province":"RU-SPE","country":"RU","postal_code":"195251","postal_code_ext":null,"postal_code_vanity":null}},{"id":"4ba6689d-2da1-4892-829e-1b7d762d021c","type":"Feature","feature_type":"address","geometry":null,"properties":{"address":"ул. Политехническая, д. 29, лит. П, ГЗ","unit":"Охрана","locality":"city","province":"RU-SPE","country":"RU","postal_code":"195251","postal_code_ext":null,"postal_code_vanity":null}},{"id":"ba3ea5db-e7b0-4b73-bf13-dbf1e1fbfe5a","type":"Feature","feature_type":"address","geometry":null,"properties":{"address":"ул. Политехническая, д. 29, лит. П, ГЗ","unit":"Зал заседаний ученого совета","locality":"city","province":"RU-SPE","country":"RU","postal_code":"195251","postal_code_ext":null,"postal_code_vanity":null}},{"id":"f8328747-c7d3-49ba-887c-89da489ecb67","type":"Feature","feature_type":"address","geometry":null,"properties":{"address":"ул. Политехническая, д. 29, лит. П, ГЗ","unit":"Кабинет 130","locality":"city","province":"RU-SPE","country":"RU","postal_code":"195251","postal_code_ext":null,"postal_code_vanity":null}},{"id":"af80ab79-0c9f-4149-bb48-f3cecc1a1f83","type":"Feature","feature_type":"address","geometry":null,"properties":{"address":"ул. Политехническая, д. 29, лит. П, ГЗ","unit":"Кабинет -","locality":"city","province":"RU-SPE","country":"RU","postal_code":"195251","postal_code_ext":null,"postal_code_vanity":null}},{"id":"b07cc868-d22d-4097-bbf1-80e72a0e9564","type":"Feature","feature_type":"address","geometry":null,"properties":{"address":"ул. Политехническая, д. 29, лит. П, ГЗ","unit":"Кабинет -","locality":"city","province":"RU-SPE","country":"RU","postal_code":"195251","postal_code_ext":null,"postal_code_vanity":null}},{"id":"46c63624-455f-4ec2-a02e-899fbbdbbb18","type":"Feature","feature_type":"address","geometry":null,"properties":{"address":"ул. Политехническая, д. 29, лит. П, ГЗ","unit":"Кабинет 128","locality":"city","province":"RU-SPE","country":"RU","postal_code":"195251","postal_code_ext":null,"postal_code_vanity":null}},{"id":"8a6475bd-98bc-480d-a560-97676bf49b00","type":"Feature","feature_type":"address","geometry":null,"properties":{"address":"ул. Политехническая, д. 29, лит. П, ГЗ","unit":"Кабинет 127","locality":"city","province":"RU-SPE","country":"RU","postal_code":"195251","postal_code_ext":null,"postal_code_vanity":null}},{"id":"4a615285-3809-43e1-b3f8-1f2138b985e3","type":"Feature","feature_type":"address","geometry":null,"properties":{"address":"ул. Политехническая, д. 29, лит. П, ГЗ","unit":"Кабинет 126","locality":"city","province":"RU-SPE","country":"RU","postal_code":"195251","postal_code_ext":null,"postal_code_vanity":null}},{"id":"5820a3e4-194b-47c6-83d4-0f17a50531dd","type":"Feature","feature_type":"address","geometry":null,"properties":{"address":"ул. Политехническая, д. 29, лит. П, ГЗ","unit":"Кабинет 124","locality":"city","province":"RU-SPE","country":"RU","postal_code":"195251","postal_code_ext":null,"postal_code_vanity":null}},{"id":"254808c7-3adc-4c73-92e6-dc4a6013c442","type":"Feature","feature_type":"address","geometry":null,"properties":{"address":"ул. Политехническая, д. 29, лит. П, ГЗ","unit":"Туалет мужской","locality":"city","province":"RU-SPE","country":"RU","postal_code":"195251","postal_code_ext":null,"postal_code_vanity":null}},{"id":"5924706f-de11-4a9e-a4e4-f706e1c0b95a","type":"Feature","feature_type":"address","geometry":null,"properties":{"address":"ул. Политехническая, д. 29, лит. П, ГЗ","unit":"Кабинет 134","locality":"city","province":"RU-SPE","country":"RU","postal_code":"195251","postal_code_ext":null,"postal_code_vanity":null}},{"id":"2b1dabcb-f608-4008-a483-a0423e823871","type":"Feature","feature_type":"address","geometry":null,"properties":{"address":"ул. Политехническая, д. 29, лит. П, ГЗ","unit":"Кабинет 135","locality":"city","province":"RU-SPE","country":"RU","postal_code":"195251","postal_code_ext":null,"postal_code_vanity":null}},{"id":"0457ac6f-7e42-4ee5-8b22-5700720726d4","type":"Feature","feature_type":"address","geometry":null,"properties":{"address":"ул. Политехническая, д. 29, лит. П, ГЗ","unit":"Кабинет 137","locality":"city","province":"RU-SPE","country":"RU","postal_code":"195251","postal_code_ext":null,"postal_code_vanity":null}},{"id":"20a275ea-c23f-4d2f-b290-2298281a5e52","type":"Feature","feature_type":"address","geometry":null,"properties":{"address":"ул. Политехническая, д. 29, лит. П, ГЗ","unit":"Кабинет 136","locality":"city","province":"RU-SPE","country":"RU","postal_code":"195251","postal_code_ext":null,"postal_code_vanity":null}},{"id":"416b0f8b-abd6-43aa-acdc-fe2be7c7b7ef","type":"Feature","feature_type":"address","geometry":null,"properties":{"address":"ул. Политехническая, д. 29, лит. П, ГЗ","unit":"Кабинет 138","locality":"city","province":"RU-SPE","country":"RU","postal_code":"195251","postal_code_ext":null,"postal_code_vanity":null}},{"id":"e5edde7b-39bc-4948-bc33-55ecce1438a7","type":"Feature","feature_type":"address","geometry":null,"properties":{"address":"ул. Политехническая, д. 29, лит. П, ГЗ","unit":"Кабинет 139","locality":"city","province":"RU-SPE","country":"RU","postal_code":"195251","postal_code_ext":null,"postal_code_vanity":null}},{"id":"87e5b8e5-c919-43d9-9f2c-6b62991f6fcb","type":"Feature","feature_type":"address","geometry":null,"properties":{"address":"ул. Политехническая, д. 29, лит. П, ГЗ","unit":"Кабинет 140","locality":"city","province":"RU-SPE","country":"RU","postal_code":"195251","postal_code_ext":null,"postal_code_vanity":null}},{"id":"b805fc79-b247-4ad7-ba82-0af42ef45df3","type":"Feature","feature_type":"address","geometry":null,"properties":{"address":"ул. Политехническая, д. 29, лит. П, ГЗ","unit":"Кабинет 141","locality":"city","province":"RU-SPE","country":"RU","postal_code":"195251","postal_code_ext":null,"postal_code_vanity":null}},{"id":"ef05bd1f-feb1-4ca5-bf12-b027b2698e0c","type":"Feature","feature_type":"address","geometry":null,"properties":{"address":"ул. Политехническая, д. 29, лит. П, ГЗ","unit":"Кабинет 149","locality":"city","province":"RU-SPE","country":"RU","postal_code":"195251","postal_code_ext":null,"postal_code_vanity":null}},{"id":"4212b30f-1dff-40f9-a626-37c44047afc7","type":"Feature","feature_type":"address","geometry":null,"properties":{"address":"ул. Политехническая, д. 29, лит. П, ГЗ","unit":"Кабинет 151","locality":"city","province":"RU-SPE","country":"RU","postal_code":"195251","postal_code_ext":null,"postal_code_vanity":null}},{"id":"77c50669-f800-42b8-ae5c-c5f03d6f0efa","type":"Feature","feature_type":"address","geometry":null,"properties":{"address":"ул. Политехническая, д. 29, лит. П, ГЗ","unit":"Кабинет 152","locality":"city","province":"RU-SPE","country":"RU","postal_code":"195251","postal_code_ext":null,"postal_code_vanity":null}},{"id":"ef7b92d8-f51f-4920-9074-5a56a0e7ffdc","type":"Feature","feature_type":"address","geometry":null,"properties":{"address":"ул. Политехническая, д. 29, лит. П, ГЗ","unit":"Кабинет 150","locality":"city","province":"RU-SPE","country":"RU","postal_code":"195251","postal_code_ext":null,"postal_code_vanity":null}},{"id":"9353311d-ab86-4f34-b28c-eb5a457ca454","type":"Feature","feature_type":"address","geometry":null,"properties":{"address":"ул. Политехническая, д. 29, лит. П, ГЗ","unit":"Кабинет 153","locality":"city","province":"RU-SPE","country":"RU","postal_code":"195251","postal_code_ext":null,"postal_code_vanity":null}},{"id":"f948d125-3d2b-45d9-bb5a-8684dd3d3725","type":"Feature","feature_type":"address","geometry":null,"properties":{"address":"ул. Политехническая, д. 29, лит. П, ГЗ","unit":"Кабинет 158","locality":"city","province":"RU-SPE","country":"RU","postal_code":"195251","postal_code_ext":null,"postal_code_vanity":null}},{"id":"6354eb2d-a118-452b-bb71-f8cb0300ae90","type":"Feature","feature_type":"address","geometry":null,"properties":{"address":"ул. Политехническая, д. 29, лит. П, ГЗ","unit":"","locality":"city","province":"RU-SPE","country":"RU","postal_code":"195251","postal_code_ext":null,"postal_code_vanity":null}},{"id":"59557760-0113-411c-9a72-c848581bcfab","type":"Feature","feature_type":"address","geometry":null,"properties":{"address":"ул. Политехническая, д. 29, лит. П, ГЗ","unit":"Кабинет 157","locality":"city","province":"RU-SPE","country":"RU","postal_code":"195251","postal_code_ext":null,"postal_code_vanity":null}},{"id":"6ece3ed1-96e9-4552-a25a-4b038d87ad5b","type":"Feature","feature_type":"address","geometry":null,"properties":{"address":"ул. Политехническая, д. 29, лит. П, ГЗ","unit":"Кабинет 159","locality":"city","province":"RU-SPE","country":"RU","postal_code":"195251","postal_code_ext":null,"postal_code_vanity":null}},{"id":"4fa077ae-3079-498f-a69a-38e364a9351e","type":"Feature","feature_type":"address","geometry":null,"properties":{"address":"ул. Политехническая, д. 29, лит. П, ГЗ","unit":"Кабинет 125","locality":"city","province":"RU-SPE","country":"RU","postal_code":"195251","postal_code_ext":null,"postal_code_vanity":null}},{"id":"b6cc90dc-cfae-450f-8041-aa4294b0d7cf","type":"Feature","feature_type":"address","geometry":null,"properties":{"address":"ул. Политехническая, д. 29, лит. П, ГЗ","unit":"Кабинет 160","locality":"city","province":"RU-SPE","country":"RU","postal_code":"195251","postal_code_ext":null,"postal_code_vanity":null}},{"id":"fb0a4db1-781a-44b5-9401-b479862f5cdf","type":"Feature","feature_type":"address","geometry":null,"properties":{"address":"ул. Политехническая, д. 29, лит. П, ГЗ","unit":"Кабинет 161","locality":"city","province":"RU-SPE","country":"RU","postal_code":"195251","postal_code_ext":null,"postal_code_vanity":null}},{"id":"d9db0aab-f651-4e29-926f-f128e0acc69e","type":"Feature","feature_type":"address","geometry":null,"properties":{"address":"ул. Политехническая, д. 29, лит. П, ГЗ","unit":"Кабинет 162","locality":"city","province":"RU-SPE","country":"RU","postal_code":"195251","postal_code_ext":null,"postal_code_vanity":null}},{"id":"e06c773c-a52c-4da7-aacc-5b9a38228c5d","type":"Feature","feature_type":"address","geometry":null,"properties":{"address":"ул. Политехническая, д. 29, лит. П, ГЗ","unit":"Кабинет 163","locality":"city","province":"RU-SPE","country":"RU","postal_code":"195251","postal_code_ext":null,"postal_code_vanity":null}},{"id":"41e4a32b-7b90-4718-bcc8-b50c38c81af8","type":"Feature","feature_type":"address","geometry":null,"properties":{"address":"ул. Политехническая, д. 29, лит. П, ГЗ","unit":"Кабинет 164","locality":"city","province":"RU-SPE","country":"RU","postal_code":"195251","postal_code_ext":null,"postal_code_vanity":null}},{"id":"dc95f110-d648-4f53-8d1f-5500dc8046fc","type":"Feature","feature_type":"address","geometry":null,"properties":{"address":"ул. Политехническая, д. 29, лит. П, ГЗ","unit":"Кабинет 165","locality":"city","province":"RU-SPE","country":"RU","postal_code":"195251","postal_code_ext":null,"postal_code_vanity":null}},{"id":"023e2e78-e351-4c6d-88fa-d09a47caa216","type":"Feature","feature_type":"address","geometry":null,"properties":{"address":"ул. Политехническая, д. 29, лит. П, ГЗ","unit":"Туалет мужской","locality":"city","province":"RU-SPE","country":"RU","postal_code":"195251","postal_code_ext":null,"postal_code_vanity":null}},{"id":"785da1b5-b06c-4418-a92c-7188247e9fc7","type":"Feature","feature_type":"address","geometry":null,"properties":{"address":"ул. Политехническая, д. 29, лит. П, ГЗ","unit":"Кабинет 154","locality":"city","province":"RU-SPE","country":"RU","postal_code":"195251","postal_code_ext":null,"postal_code_vanity":null}},{"id":"ff798aef-3b67-4533-9a6f-68a4f857204b","type":"Feature","feature_type":"address","geometry":null,"properties":{"address":"ул. Политехническая, д. 29, лит. П, ГЗ","unit":"","locality":"city","province":"RU-SPE","country":"RU","postal_code":"195251","postal_code_ext":null,"postal_code_vanity":null}},{"id":"e5e71206-fd04-4deb-b160-28091e020609","type":"Feature","feature_type":"address","geometry":null,"properties":{"address":"ул. Политехническая, д. 29, лит. П, ГЗ","unit":"","locality":"city","province":"RU-SPE","country":"RU","postal_code":"195251","postal_code_ext":null,"postal_code_vanity":null}},{"id":"0358555a-5ea5-4845-be62-43403b304db4","type":"Feature","feature_type":"address","geometry":null,"properties":{"address":"ул. Политехническая, д. 29, лит. П, ГЗ","unit":"Кабинет 170","locality":"city","province":"RU-SPE","country":"RU","postal_code":"195251","postal_code_ext":null,"postal_code_vanity":null}},{"id":"20cc1459-963a-4bf1-998c-f12399dd0d2c","type":"Feature","feature_type":"address","geometry":null,"properties":{"address":"ул. Политехническая, д. 29, лит. П, ГЗ","unit":"Кабинет 170б","locality":"city","province":"RU-SPE","country":"RU","postal_code":"195251","postal_code_ext":null,"postal_code_vanity":null}},{"id":"10a16bb9-49bd-40d0-af1e-a1bb1d2348a5","type":"Feature","feature_type":"address","geometry":null,"properties":{"address":"ул. Политехническая, д. 29, лит. П, ГЗ","unit":"Кабинет 171","locality":"city","province":"RU-SPE","country":"RU","postal_code":"195251","postal_code_ext":null,"postal_code_vanity":null}},{"id":"d8092f92-5377-4109-88ee-ba8b753bcc65","type":"Feature","feature_type":"address","geometry":null,"properties":{"address":"ул. Политехническая, д. 29, лит. П, ГЗ","unit":"Кабинет 172","locality":"city","province":"RU-SPE","country":"RU","postal_code":"195251","postal_code_ext":null,"postal_code_vanity":null}},{"id":"e65d3a4d-d8bd-4bd0-9a85-c9e6a15bab08","type":"Feature","feature_type":"address","geometry":null,"properties":{"address":"ул. Политехническая, д. 29, лит. П, ГЗ","unit":"Кабинет 173","locality":"city","province":"RU-SPE","country":"RU","postal_code":"195251","postal_code_ext":null,"postal_code_vanity":null}},{"id":"e9dfb612-e865-4aba-ad13-c8a557ca3dd6","type":"Feature","feature_type":"address","geometry":null,"properties":{"address":"ул. Политехническая, д. 29, лит. П, ГЗ","unit":"Лекторий 175","locality":"city","province":"RU-SPE","country":"RU","postal_code":"195251","postal_code_ext":null,"postal_code_vanity":null}},{"id":"dc2e0130-6715-4da0-8c7b-a26de4854b1b","type":"Feature","feature_type":"address","geometry":null,"properties":{"address":"ул. Политехническая, д. 29, лит. П, ГЗ","unit":"","locality":"city","province":"RU-SPE","country":"RU","postal_code":"195251","postal_code_ext":null,"postal_code_vanity":null}},{"id":"bcd4f938-6742-4454-b74d-1ce1f30da7ac","type":"Feature","feature_type":"address","geometry":null,"properties":{"address":"ул. Политехническая, д. 29, лит. П, ГЗ","unit":"Кабинет 175","locality":"city","province":"RU-SPE","country":"RU","postal_code":"195251","postal_code_ext":null,"postal_code_vanity":null}},{"id":"db3f51bb-5460-4fe5-b10d-cae5ace60922","type":"Feature","feature_type":"address","geometry":null,"properties":{"address":"ул. Политехническая, д. 29, лит. П, ГЗ","unit":"Лекторий 176","locality":"city","province":"RU-SPE","country":"RU","postal_code":"195251","postal_code_ext":null,"postal_code_vanity":null}},{"id":"98d1f831-8635-4257-8c95-da5add29c625","type":"Feature","feature_type":"address","geometry":null,"properties":{"address":"ул. Политехническая, д. 29, лит. П, ГЗ","unit":"Кабинет 177","locality":"city","province":"RU-SPE","country":"RU","postal_code":"195251","postal_code_ext":null,"postal_code_vanity":null}},{"id":"462b1df1-cd1c-46bb-a6b2-4211263a2dd9","type":"Feature","feature_type":"address","geometry":null,"properties":{"address":"ул. Политехническая, д. 29, лит. П, ГЗ","unit":"Кабинет 179","locality":"city","province":"RU-SPE","country":"RU","postal_code":"195251","postal_code_ext":null,"postal_code_vanity":null}},{"id":"7c94145b-c74d-4535-a86a-8dd4fac37cd5","type":"Feature","feature_type":"address","geometry":null,"properties":{"address":"ул. Политехническая, д. 29, лит. П, ГЗ","unit":"Кабинет 180","locality":"city","province":"RU-SPE","country":"RU","postal_code":"195251","postal_code_ext":null,"postal_code_vanity":null}},{"id":"f1369389-2f6c-45ed-a547-7996013a8def","type":"Feature","feature_type":"address","geometry":null,"properties":{"address":"ул. Политехническая, д. 29, лит. П, ГЗ","unit":"Кабинет 178","locality":"city","province":"RU-SPE","country":"RU","postal_code":"195251","postal_code_ext":null,"postal_code_vanity":null}},{"id":"08b75408-2ae4-4742-8a41-56f41d971597","type":"Feature","feature_type":"address","geometry":null,"properties":{"address":"ул. Политехническая, д. 29, лит. П, ГЗ","unit":"Кабинет 182","locality":"city","province":"RU-SPE","country":"RU","postal_code":"195251","postal_code_ext":null,"postal_code_vanity":null}},{"id":"17ef7a39-e3f3-4997-acdb-9cb96e6b3dda","type":"Feature","feature_type":"address","geometry":null,"properties":{"address":"ул. Политехническая, д. 29, лит. П, ГЗ","unit":"Кабинет 181","locality":"city","province":"RU-SPE","country":"RU","postal_code":"195251","postal_code_ext":null,"postal_code_vanity":null}},{"id":"e36d5026-6dbb-4abf-b1f6-3dc4579758a0","type":"Feature","feature_type":"address","geometry":null,"properties":{"address":"ул. Политехническая, д. 29, лит. П, ГЗ","unit":"","locality":"city","province":"RU-SPE","country":"RU","postal_code":"195251","postal_code_ext":null,"postal_code_vanity":null}},{"id":"471f1855-da6a-48ff-9502-7e8ae87591f3","type":"Feature","feature_type":"address","geometry":null,"properties":{"address":"ул. Политехническая, д. 29, лит. П, ГЗ","unit":"Кабинет 143","locality":"city","province":"RU-SPE","country":"RU","postal_code":"195251","postal_code_ext":null,"postal_code_vanity":null}},{"id":"b1bd2ce8-bf22-4e89-83d5-f533f4f45958","type":"Feature","feature_type":"address","geometry":null,"properties":{"address":"ул. Политехническая, д. 29, лит. П, ГЗ","unit":"Кабинет 144","locality":"city","province":"RU-SPE","country":"RU","postal_code":"195251","postal_code_ext":null,"postal_code_vanity":null}},{"id":"d5339ff1-21be-4afd-a810-0d0ba2415e8b","type":"Feature","feature_type":"address","geometry":null,"properties":{"address":"ул. Политехническая, д. 29, лит. П, ГЗ","unit":"Архив библиотеки","locality":"city","province":"RU-SPE","country":"RU","postal_code":"195251","postal_code_ext":null,"postal_code_vanity":null}},{"id":"1e2b8e08-0e51-41a5-9093-18f5d27c41de","type":"Feature","feature_type":"address","geometry":null,"properties":{"address":"ул. Политехническая, д. 29, лит. П, ГЗ","unit":"Кабинет 146","locality":"city","province":"RU-SPE","country":"RU","postal_code":"195251","postal_code_ext":null,"postal_code_vanity":null}},{"id":"6ef6fa9d-5164-4643-98c0-e55513bb2553","type":"Feature","feature_type":"address","geometry":null,"properties":{"address":"ул. Политехническая, д. 29, лит. П, ГЗ","unit":"Гардероб","locality":"city","province":"RU-SPE","country":"RU","postal_code":"195251","postal_code_ext":null,"postal_code_vanity":null}},{"id":"3063bcc6-cf6c-4220-bb9d-c5b64cc2c929","type":"Feature","feature_type":"address","geometry":null,"properties":{"address":"ул. Политехническая, д. 29, лит. П, ГЗ","unit":"Касса белого зала","locality":"city","province":"RU-SPE","country":"RU","postal_code":"195251","postal_code_ext":null,"postal_code_vanity":null}},{"id":"08416839-31b9-4b52-b59a-2bf354645b35","type":"Feature","feature_type":"address","geometry":null,"properties":{"address":"ул. Политехническая, д. 29, лит. П, ГЗ","unit":"Гардероб","locality":"city","province":"RU-SPE","country":"RU","postal_code":"195251","postal_code_ext":null,"postal_code_vanity":null}},{"id":"6b87c276-4ecf-4127-8127-eef81cbc942b","type":"Feature","feature_type":"address","geometry":null,"properties":{"address":"ул. Политехническая, д. 29, лит. П, ГЗ","unit":"","locality":"city","province":"RU-SPE","country":"RU","postal_code":"195251","postal_code_ext":null,"postal_code_vanity":null}},{"id":"36f116bb-d129-44c5-8738-d6dedfb216f3","type":"Feature","feature_type":"address","geometry":null,"properties":{"address":"ул. Политехническая, д. 29, лит. П, ГЗ","unit":"","locality":"city","province":"RU-SPE","country":"RU","postal_code":"195251","postal_code_ext":null,"postal_code_vanity":null}},{"id":"a05e7e3c-c986-4b0d-b0d0-eb7dafad4f2b","type":"Feature","feature_type":"address","geometry":null,"properties":{"address":"ул. Политехническая, д. 29, лит. П, ГЗ","unit":"","locality":"city","province":"RU-SPE","country":"RU","postal_code":"195251","postal_code_ext":null,"postal_code_vanity":null}},{"id":"301944a3-3e44-4de7-aed0-5beb19cc2e6f","type":"Feature","feature_type":"address","geometry":null,"properties":{"address":"ул. Политехническая, д. 29, лит. П, ГЗ","unit":"","locality":"city","province":"RU-SPE","country":"RU","postal_code":"195251","postal_code_ext":null,"postal_code_vanity":null}},{"id":"fe1fd0aa-eb2e-4c8a-9733-1216374d5533","type":"Feature","feature_type":"address","geometry":null,"properties":{"address":"ул. Политехническая, д. 29, лит. П, ГЗ","unit":"","locality":"city","province":"RU-SPE","country":"RU","postal_code":"195251","postal_code_ext":null,"postal_code_vanity":null}},{"id":"ac3ce38a-4f10-4c7c-8d03-88f42a99793f","type":"Feature","feature_type":"address","geometry":null,"properties":{"address":"ул. Политехническая, д. 29, лит. П, ГЗ","unit":"","locality":"city","province":"RU-SPE","country":"RU","postal_code":"195251","postal_code_ext":null,"postal_code_vanity":null}},{"id":"feb3a6cc-5fc7-48df-82ce-226f89873e93","type":"Feature","feature_type":"address","geometry":null,"properties":{"address":"ул. Политехническая, д. 29, лит. П, ГЗ","unit":"","locality":"city","province":"RU-SPE","country":"RU","postal_code":"195251","postal_code_ext":null,"postal_code_vanity":null}},{"id":"ad453168-318d-4404-a545-f6a6d9f143ec","type":"Feature","feature_type":"address","geometry":null,"properties":{"address":"ул. Политехническая, д. 29, лит. П, ГЗ","unit":"","locality":"city","province":"RU-SPE","country":"RU","postal_code":"195251","postal_code_ext":null,"postal_code_vanity":null}},{"id":"cb361745-6d0d-4d81-8299-6525f96595c8","type":"Feature","feature_type":"address","geometry":null,"properties":{"address":"ул. Политехническая, д. 29, лит. П, ГЗ","unit":"","locality":"city","province":"RU-SPE","country":"RU","postal_code":"195251","postal_code_ext":null,"postal_code_vanity":null}},{"id":"9ff61e81-ef9d-4c4d-8f94-4229175b3bf5","type":"Feature","feature_type":"address","geometry":null,"properties":{"address":"ул. Политехническая, д. 29, лит. П, ГЗ","unit":"","locality":"city","province":"RU-SPE","country":"RU","postal_code":"195251","postal_code_ext":null,"postal_code_vanity":null}},{"id":"fa93637a-0caa-4a27-bd90-bf5ca1704c22","type":"Feature","feature_type":"address","geometry":null,"properties":{"address":"ул. Политехническая, д. 29, лит. П, ГЗ","unit":"","locality":"city","province":"RU-SPE","country":"RU","postal_code":"195251","postal_code_ext":null,"postal_code_vanity":null}},{"id":"c3918c40-ef3f-4fda-a27a-452f280c80e2","type":"Feature","feature_type":"address","geometry":null,"properties":{"address":"ул. Политехническая, д. 29, лит. П, ГЗ","unit":"","locality":"city","province":"RU-SPE","country":"RU","postal_code":"195251","postal_code_ext":null,"postal_code_vanity":null}},{"id":"15218961-b42a-48da-9722-9c454e61d0ac","type":"Feature","feature_type":"address","geometry":null,"properties":{"address":"ул. Политехническая, д. 29, лит. П, ГЗ","unit":"","locality":"city","province":"RU-SPE","country":"RU","postal_code":"195251","postal_code_ext":null,"postal_code_vanity":null}},{"id":"9fe411fd-d2aa-4bae-8975-6044386514f7","type":"Feature","feature_type":"address","geometry":null,"properties":{"address":"ул. Политехническая, д. 29, лит. П, ГЗ","unit":"","locality":"city","province":"RU-SPE","country":"RU","postal_code":"195251","postal_code_ext":null,"postal_code_vanity":null}},{"id":"70c48169-9f39-4b56-b5ce-6546fdb730ae","type":"Feature","feature_type":"address","geometry":null,"properties":{"address":"ул. Политехническая, д. 29, лит. П, ГЗ","unit":"","locality":"city","province":"RU-SPE","country":"RU","postal_code":"195251","postal_code_ext":null,"postal_code_vanity":null}},{"id":"5dd53c4a-0220-4cc9-b8cd-edcfc4bfe090","type":"Feature","feature_type":"address","geometry":null,"properties":{"address":"ул. Политехническая, д. 29, лит. П, ГЗ","unit":"","locality":"city","province":"RU-SPE","country":"RU","postal_code":"195251","postal_code_ext":null,"postal_code_vanity":null}},{"id":"56b5a1e0-b5c2-4618-a606-b152ce8917ef","type":"Feature","feature_type":"address","geometry":null,"properties":{"address":"ул. Политехническая, д. 29, лит. П, ГЗ","unit":"","locality":"city","province":"RU-SPE","country":"RU","postal_code":"195251","postal_code_ext":null,"postal_code_vanity":null}},{"id":"51f69333-9463-4ec1-bb6a-e7879758096e","type":"Feature","feature_type":"address","geometry":null,"properties":{"address":"ул. Политехническая, д. 29, лит. П, ГЗ","unit":"","locality":"city","province":"RU-SPE","country":"RU","postal_code":"195251","postal_code_ext":null,"postal_code_vanity":null}},{"id":"89382e42-a31d-4af5-bbb4-9e3e9ad92f4e","type":"Feature","feature_type":"address","geometry":null,"properties":{"address":"ул. Политехническая, д. 29, лит. П, ГЗ","unit":"","locality":"city","province":"RU-SPE","country":"RU","postal_code":"195251","postal_code_ext":null,"postal_code_vanity":null}},{"id":"edc48e1f-fa00-43a4-a51b-d1371b00e6e8","type":"Feature","feature_type":"address","geometry":null,"properties":{"address":"ул. Политехническая, д. 29, лит. П, ГЗ","unit":"Лекторий 224","locality":"city","province":"RU-SPE","country":"RU","postal_code":"195251","postal_code_ext":null,"postal_code_vanity":null}},{"id":"4a713b3e-bf8e-462a-95d5-580b4574a1f6","type":"Feature","feature_type":"address","geometry":null,"properties":{"address":"ул. Политехническая, д. 29, лит. П, ГЗ","unit":"Лекторий 283","locality":"city","province":"RU-SPE","country":"RU","postal_code":"195251","postal_code_ext":null,"postal_code_vanity":null}},{"id":"58e6c2e6-76ff-40b2-8839-e3ad82f1e24b","type":"Feature","feature_type":"address","geometry":null,"properties":{"address":"ул. Политехническая, д. 29, лит. П, ГЗ","unit":"Лекторий 284","locality":"city","province":"RU-SPE","country":"RU","postal_code":"195251","postal_code_ext":null,"postal_code_vanity":null}},{"id":"bc185709-c5c6-42b2-8bb8-d07112a4d46b","type":"Feature","feature_type":"address","geometry":null,"properties":{"address":"ул. Политехническая, д. 29, лит. П, ГЗ","unit":"Лекторий 225","locality":"city","province":"RU-SPE","country":"RU","postal_code":"195251","postal_code_ext":null,"postal_code_vanity":null}},{"id":"206a1f71-c0a2-4f69-9070-a09c2c4474e3","type":"Feature","feature_type":"address","geometry":null,"properties":{"address":"ул. Политехническая, д. 29, лит. П, ГЗ","unit":"Туалет женский","locality":"city","province":"RU-SPE","country":"RU","postal_code":"195251","postal_code_ext":null,"postal_code_vanity":null}},{"id":"4fa93509-689f-4544-9238-c19e4653dee1","type":"Feature","feature_type":"address","geometry":null,"properties":{"address":"ул. Политехническая, д. 29, лит. П, ГЗ","unit":"Туалет мужской","locality":"city","province":"RU-SPE","country":"RU","postal_code":"195251","postal_code_ext":null,"postal_code_vanity":null}},{"id":"12cef260-a30c-494c-8243-dba71687c194","type":"Feature","feature_type":"address","geometry":null,"properties":{"address":"ул. Политехническая, д. 29, лит. П, ГЗ","unit":"Туалет мужской","locality":"city","province":"RU-SPE","country":"RU","postal_code":"195251","postal_code_ext":null,"postal_code_vanity":null}},{"id":"8e2eac64-c113-47e3-acb7-6a29638831cc","type":"Feature","feature_type":"address","geometry":null,"properties":{"address":"ул. Политехническая, д. 29, лит. П, ГЗ","unit":"Кабинет -","locality":"city","province":"RU-SPE","country":"RU","postal_code":"195251","postal_code_ext":null,"postal_code_vanity":null}},{"id":"14ba01ca-6b89-41c6-b300-f6f61a1a385f","type":"Feature","feature_type":"address","geometry":null,"properties":{"address":"ул. Политехническая, д. 29, лит. П, ГЗ","unit":"","locality":"city","province":"RU-SPE","country":"RU","postal_code":"195251","postal_code_ext":null,"postal_code_vanity":null}},{"id":"1abe0866-c5dd-4a9a-8dc3-ce54a30899a4","type":"Feature","feature_type":"address","geometry":null,"properties":{"address":"ул. Политехническая, д. 29, лит. П, ГЗ","unit":"Кабинет 260","locality":"city","province":"RU-SPE","country":"RU","postal_code":"195251","postal_code_ext":null,"postal_code_vanity":null}},{"id":"afb541ef-b4ba-46a9-9c9f-3728f938e447","type":"Feature","feature_type":"address","geometry":null,"properties":{"address":"ул. Политехническая, д. 29, лит. П, ГЗ","unit":"Кабинет 285","locality":"city","province":"RU-SPE","country":"RU","postal_code":"195251","postal_code_ext":null,"postal_code_vanity":null}},{"id":"2c926edf-3c13-4ad0-996e-007fc0ea2449","type":"Feature","feature_type":"address","geometry":null,"properties":{"address":"ул. Политехническая, д. 29, лит. П, ГЗ","unit":"Туалет женский","locality":"city","province":"RU-SPE","country":"RU","postal_code":"195251","postal_code_ext":null,"postal_code_vanity":null}},{"id":"22945245-f3d8-4ad6-82b7-73d908a958f7","type":"Feature","feature_type":"address","geometry":null,"properties":{"address":"ул. Политехническая, д. 29, лит. П, ГЗ","unit":"","locality":"city","province":"RU-SPE","country":"RU","postal_code":"195251","postal_code_ext":null,"postal_code_vanity":null}},{"id":"0aacd42b-8fb5-4397-9220-f06204ba0ed7","type":"Feature","feature_type":"address","geometry":null,"properties":{"address":"ул. Политехническая, д. 29, лит. П, ГЗ","unit":"","locality":"city","province":"RU-SPE","country":"RU","postal_code":"195251","postal_code_ext":null,"postal_code_vanity":null}},{"id":"37bce4b1-0dd9-40e9-8bff-46d6578680e4","type":"Feature","feature_type":"address","geometry":null,"properties":{"address":"ул. Политехническая, д. 29, лит. П, ГЗ","unit":"","locality":"city","province":"RU-SPE","country":"RU","postal_code":"195251","postal_code_ext":null,"postal_code_vanity":null}},{"id":"fa3d5f62-5932-440e-a611-4470a2053682","type":"Feature","feature_type":"address","geometry":null,"properties":{"address":"ул. Политехническая, д. 29, лит. П, ГЗ","unit":"Лекторий 237","locality":"city","province":"RU-SPE","country":"RU","postal_code":"195251","postal_code_ext":null,"postal_code_vanity":null}},{"id":"9018c212-193f-4933-bd11-b22bf657934a","type":"Feature","feature_type":"address","geometry":null,"properties":{"address":"ул. Политехническая, д. 29, лит. П, ГЗ","unit":"Лекторий 235","locality":"city","province":"RU-SPE","country":"RU","postal_code":"195251","postal_code_ext":null,"postal_code_vanity":null}},{"id":"83a8c5c0-f3ac-4204-ab7e-c26870904eb4","type":"Feature","feature_type":"address","geometry":null,"properties":{"address":"ул. Политехническая, д. 29, лит. П, ГЗ","unit":"Кабинет 238","locality":"city","province":"RU-SPE","country":"RU","postal_code":"195251","postal_code_ext":null,"postal_code_vanity":null}},{"id":"01ae436d-d5a3-4acb-adf5-47b697d3f89e","type":"Feature","feature_type":"address","geometry":null,"properties":{"address":"ул. Политехническая, д. 29, лит. П, ГЗ","unit":"Кабинет 234","locality":"city","province":"RU-SPE","country":"RU","postal_code":"195251","postal_code_ext":null,"postal_code_vanity":null}},{"id":"d4e75515-9d46-432a-8428-5f53d92b35d9","type":"Feature","feature_type":"address","geometry":null,"properties":{"address":"ул. Политехническая, д. 29, лит. П, ГЗ","unit":"","locality":"city","province":"RU-SPE","country":"RU","postal_code":"195251","postal_code_ext":null,"postal_code_vanity":null}},{"id":"234bf386-544f-487a-b751-341f85870d53","type":"Feature","feature_type":"address","geometry":null,"properties":{"address":"ул. Политехническая, д. 29, лит. П, ГЗ","unit":"","locality":"city","province":"RU-SPE","country":"RU","postal_code":"195251","postal_code_ext":null,"postal_code_vanity":null}},{"id":"b85dcc37-9e6f-4207-8497-c32b8a2cc6c8","type":"Feature","feature_type":"address","geometry":null,"properties":{"address":"ул. Политехническая, д. 29, лит. П, ГЗ","unit":"","locality":"city","province":"RU-SPE","country":"RU","postal_code":"195251","postal_code_ext":null,"postal_code_vanity":null}},{"id":"c3c6493c-2b38-4e85-a7f9-8f014ae3b4f4","type":"Feature","feature_type":"address","geometry":null,"properties":{"address":"ул. Политехническая, д. 29, лит. П, ГЗ","unit":"Кабинет 231","locality":"city","province":"RU-SPE","country":"RU","postal_code":"195251","postal_code_ext":null,"postal_code_vanity":null}},{"id":"063733f7-7f79-4102-a108-3d3bd7c344b6","type":"Feature","feature_type":"address","geometry":null,"properties":{"address":"ул. Политехническая, д. 29, лит. П, ГЗ","unit":"Лекторий 232","locality":"city","province":"RU-SPE","country":"RU","postal_code":"195251","postal_code_ext":null,"postal_code_vanity":null}},{"id":"e22669db-9582-4c58-87f4-f0c7a9cc8649","type":"Feature","feature_type":"address","geometry":null,"properties":{"address":"ул. Политехническая, д. 29, лит. П, ГЗ","unit":"Кабинет 255","locality":"city","province":"RU-SPE","country":"RU","postal_code":"195251","postal_code_ext":null,"postal_code_vanity":null}},{"id":"3a75ea12-0c13-4346-a656-aa607638ed46","type":"Feature","feature_type":"address","geometry":null,"properties":{"address":"ул. Политехническая, д. 29, лит. П, ГЗ","unit":"Кабинет 256","locality":"city","province":"RU-SPE","country":"RU","postal_code":"195251","postal_code_ext":null,"postal_code_vanity":null}},{"id":"63df80f7-1697-44aa-be2b-d33c40b62551","type":"Feature","feature_type":"address","geometry":null,"properties":{"address":"ул. Политехническая, д. 29, лит. П, ГЗ","unit":"Кабинет 253","locality":"city","province":"RU-SPE","country":"RU","postal_code":"195251","postal_code_ext":null,"postal_code_vanity":null}},{"id":"819f1bf1-46bb-41f4-bb5d-c43c13321049","type":"Feature","feature_type":"address","geometry":null,"properties":{"address":"ул. Политехническая, д. 29, лит. П, ГЗ","unit":"Кабинет 252","locality":"city","province":"RU-SPE","country":"RU","postal_code":"195251","postal_code_ext":null,"postal_code_vanity":null}},{"id":"020e98ed-d207-432b-be11-57dcec867b93","type":"Feature","feature_type":"address","geometry":null,"properties":{"address":"ул. Политехническая, д. 29, лит. П, ГЗ","unit":"","locality":"city","province":"RU-SPE","country":"RU","postal_code":"195251","postal_code_ext":null,"postal_code_vanity":null}},{"id":"e78f9efe-e475-43d1-ae0e-4b538ec8652e","type":"Feature","feature_type":"address","geometry":null,"properties":{"address":"ул. Политехническая, д. 29, лит. П, ГЗ","unit":"Кабинет 230","locality":"city","province":"RU-SPE","country":"RU","postal_code":"195251","postal_code_ext":null,"postal_code_vanity":null}},{"id":"c5f8c767-dc52-4979-9984-42ad5bd9b7e9","type":"Feature","feature_type":"address","geometry":null,"properties":{"address":"ул. Политехническая, д. 29, лит. П, ГЗ","unit":"Кабинет 229","locality":"city","province":"RU-SPE","country":"RU","postal_code":"195251","postal_code_ext":null,"postal_code_vanity":null}},{"id":"45886d34-c58f-4c0f-b770-1aae6828051e","type":"Feature","feature_type":"address","geometry":null,"properties":{"address":"ул. Политехническая, д. 29, лит. П, ГЗ","unit":"Кабинет 228","locality":"city","province":"RU-SPE","country":"RU","postal_code":"195251","postal_code_ext":null,"postal_code_vanity":null}},{"id":"50e15178-81e0-4928-8b4e-bbf786b53a7f","type":"Feature","feature_type":"address","geometry":null,"properties":{"address":"ул. Политехническая, д. 29, лит. П, ГЗ","unit":"Кабинет 227","locality":"city","province":"RU-SPE","country":"RU","postal_code":"195251","postal_code_ext":null,"postal_code_vanity":null}},{"id":"263aca89-f0f9-423c-9b4e-679cdae77d26","type":"Feature","feature_type":"address","geometry":null,"properties":{"address":"ул. Политехническая, д. 29, лит. П, ГЗ","unit":"Кабинет 226","locality":"city","province":"RU-SPE","country":"RU","postal_code":"195251","postal_code_ext":null,"postal_code_vanity":null}},{"id":"1726716a-5064-489d-ab4d-fb99f60dff78","type":"Feature","feature_type":"address","geometry":null,"properties":{"address":"ул. Политехническая, д. 29, лит. П, ГЗ","unit":"Лекторий 215","locality":"city","province":"RU-SPE","country":"RU","postal_code":"195251","postal_code_ext":null,"postal_code_vanity":null}},{"id":"3e06c3e9-7065-4077-8150-158904b3e34f","type":"Feature","feature_type":"address","geometry":null,"properties":{"address":"ул. Политехническая, д. 29, лит. П, ГЗ","unit":"","locality":"city","province":"RU-SPE","country":"RU","postal_code":"195251","postal_code_ext":null,"postal_code_vanity":null}},{"id":"0f5172e8-e89e-4851-a253-a57499a64462","type":"Feature","feature_type":"address","geometry":null,"properties":{"address":"ул. Политехническая, д. 29, лит. П, ГЗ","unit":"","locality":"city","province":"RU-SPE","country":"RU","postal_code":"195251","postal_code_ext":null,"postal_code_vanity":null}},{"id":"33235788-648e-40e5-9dd5-fca683271f0b","type":"Feature","feature_type":"address","geometry":null,"properties":{"address":"ул. Политехническая, д. 29, лит. П, ГЗ","unit":"Кабинет 214","locality":"city","province":"RU-SPE","country":"RU","postal_code":"195251","postal_code_ext":null,"postal_code_vanity":null}},{"id":"2e9ca421-f2c6-4b71-8770-0ce91c47aaa6","type":"Feature","feature_type":"address","geometry":null,"properties":{"address":"ул. Политехническая, д. 29, лит. П, ГЗ","unit":"Кабинет 216","locality":"city","province":"RU-SPE","country":"RU","postal_code":"195251","postal_code_ext":null,"postal_code_vanity":null}},{"id":"0447af22-f629-4790-b186-137d86c01469","type":"Feature","feature_type":"address","geometry":null,"properties":{"address":"ул. Политехническая, д. 29, лит. П, ГЗ","unit":"","locality":"city","province":"RU-SPE","country":"RU","postal_code":"195251","postal_code_ext":null,"postal_code_vanity":null}},{"id":"c3f14c56-989a-4081-a7ee-b2d0a592dda5","type":"Feature","feature_type":"address","geometry":null,"properties":{"address":"ул. Политехническая, д. 29, лит. П, ГЗ","unit":"","locality":"city","province":"RU-SPE","country":"RU","postal_code":"195251","postal_code_ext":null,"postal_code_vanity":null}},{"id":"792274ba-9420-404f-ac41-99fd3b910a06","type":"Feature","feature_type":"address","geometry":null,"properties":{"address":"ул. Политехническая, д. 29, лит. П, ГЗ","unit":"Кабинет 213","locality":"city","province":"RU-SPE","country":"RU","postal_code":"195251","postal_code_ext":null,"postal_code_vanity":null}},{"id":"a162a691-c184-4cb6-97a2-3b74949cb291","type":"Feature","feature_type":"address","geometry":null,"properties":{"address":"ул. Политехническая, д. 29, лит. П, ГЗ","unit":"Кабинет 212","locality":"city","province":"RU-SPE","country":"RU","postal_code":"195251","postal_code_ext":null,"postal_code_vanity":null}},{"id":"90bd2ec9-9edc-4fc5-8003-68c186d8a978","type":"Feature","feature_type":"address","geometry":null,"properties":{"address":"ул. Политехническая, д. 29, лит. П, ГЗ","unit":"Кабинет 211","locality":"city","province":"RU-SPE","country":"RU","postal_code":"195251","postal_code_ext":null,"postal_code_vanity":null}},{"id":"7ecfb336-42e9-4027-8d93-3e231d35d6fc","type":"Feature","feature_type":"address","geometry":null,"properties":{"address":"ул. Политехническая, д. 29, лит. П, ГЗ","unit":"Кабинет 210","locality":"city","province":"RU-SPE","country":"RU","postal_code":"195251","postal_code_ext":null,"postal_code_vanity":null}},{"id":"0210f422-0b56-4af7-8455-a78d987f4820","type":"Feature","feature_type":"address","geometry":null,"properties":{"address":"ул. Политехническая, д. 29, лит. П, ГЗ","unit":"Кабинет 209","locality":"city","province":"RU-SPE","country":"RU","postal_code":"195251","postal_code_ext":null,"postal_code_vanity":null}},{"id":"88297876-2685-469a-b805-f8f2ce54f30f","type":"Feature","feature_type":"address","geometry":null,"properties":{"address":"ул. Политехническая, д. 29, лит. П, ГЗ","unit":"Кабинет 208","locality":"city","province":"RU-SPE","country":"RU","postal_code":"195251","postal_code_ext":null,"postal_code_vanity":null}},{"id":"bd3f7e78-a515-48ff-a5b6-3b76fb4d5c26","type":"Feature","feature_type":"address","geometry":null,"properties":{"address":"ул. Политехническая, д. 29, лит. П, ГЗ","unit":"Кабинет 207","locality":"city","province":"RU-SPE","country":"RU","postal_code":"195251","postal_code_ext":null,"postal_code_vanity":null}},{"id":"31c97d9a-b4a5-4d5d-a490-322d6316991f","type":"Feature","feature_type":"address","geometry":null,"properties":{"address":"ул. Политехническая, д. 29, лит. П, ГЗ","unit":"Кабинет 223","locality":"city","province":"RU-SPE","country":"RU","postal_code":"195251","postal_code_ext":null,"postal_code_vanity":null}},{"id":"7bd2a4a7-9d64-4134-ba55-678860e01d2e","type":"Feature","feature_type":"address","geometry":null,"properties":{"address":"ул. Политехническая, д. 29, лит. П, ГЗ","unit":"Кабинет 222","locality":"city","province":"RU-SPE","country":"RU","postal_code":"195251","postal_code_ext":null,"postal_code_vanity":null}},{"id":"325976ae-fcab-40e6-94b7-763196764df2","type":"Feature","feature_type":"address","geometry":null,"properties":{"address":"ул. Политехническая, д. 29, лит. П, ГЗ","unit":"Кабинет 221","locality":"city","province":"RU-SPE","country":"RU","postal_code":"195251","postal_code_ext":null,"postal_code_vanity":null}},{"id":"3cc3d013-28b0-49ef-a702-ee80dc1acc24","type":"Feature","feature_type":"address","geometry":null,"properties":{"address":"ул. Политехническая, д. 29, лит. П, ГЗ","unit":"Кабинет 220","locality":"city","province":"RU-SPE","country":"RU","postal_code":"195251","postal_code_ext":null,"postal_code_vanity":null}},{"id":"251432e6-65e1-424f-9f84-930ff6372296","type":"Feature","feature_type":"address","geometry":null,"properties":{"address":"ул. Политехническая, д. 29, лит. П, ГЗ","unit":"Кабинет 219","locality":"city","province":"RU-SPE","country":"RU","postal_code":"195251","postal_code_ext":null,"postal_code_vanity":null}},{"id":"9df32620-0689-4b46-81d0-b1572e3744b0","type":"Feature","feature_type":"address","geometry":null,"properties":{"address":"ул. Политехническая, д. 29, лит. П, ГЗ","unit":"Кабинет 218","locality":"city","province":"RU-SPE","country":"RU","postal_code":"195251","postal_code_ext":null,"postal_code_vanity":null}},{"id":"73c1aef5-bf01-4c60-9594-bd123cef3355","type":"Feature","feature_type":"address","geometry":null,"properties":{"address":"ул. Политехническая, д. 29, лит. П, ГЗ","unit":"Кабинет 217","locality":"city","province":"RU-SPE","country":"RU","postal_code":"195251","postal_code_ext":null,"postal_code_vanity":null}},{"id":"3f0d2830-e26b-472f-98a5-4a6b80b2e756","type":"Feature","feature_type":"address","geometry":null,"properties":{"address":"ул. Политехническая, д. 29, лит. П, ГЗ","unit":"Кабинет 259","locality":"city","province":"RU-SPE","country":"RU","postal_code":"195251","postal_code_ext":null,"postal_code_vanity":null}},{"id":"bd9364e3-9d05-4357-86b5-f7e8c932e557","type":"Feature","feature_type":"address","geometry":null,"properties":{"address":"ул. Политехническая, д. 29, лит. П, ГЗ","unit":"","locality":"city","province":"RU-SPE","country":"RU","postal_code":"195251","postal_code_ext":null,"postal_code_vanity":null}},{"id":"d69c7266-dc6c-4601-9bc0-6ebfa663595b","type":"Feature","feature_type":"address","geometry":null,"properties":{"address":"ул. Политехническая, д. 29, лит. П, ГЗ","unit":"","locality":"city","province":"RU-SPE","country":"RU","postal_code":"195251","postal_code_ext":null,"postal_code_vanity":null}},{"id":"add2a7fc-a71f-44c0-8010-9bb3e2ebdd78","type":"Feature","feature_type":"address","geometry":null,"properties":{"address":"ул. Политехническая, д. 29, лит. П, ГЗ","unit":"","locality":"city","province":"RU-SPE","country":"RU","postal_code":"195251","postal_code_ext":null,"postal_code_vanity":null}},{"id":"f638c119-e46d-4f02-9538-d04cd03a86a6","type":"Feature","feature_type":"address","geometry":null,"properties":{"address":"ул. Политехническая, д. 29, лит. П, ГЗ","unit":"Лекторий 257","locality":"city","province":"RU-SPE","country":"RU","postal_code":"195251","postal_code_ext":null,"postal_code_vanity":null}},{"id":"61ee7199-25d2-41f9-9d54-6f43551f2f17","type":"Feature","feature_type":"address","geometry":null,"properties":{"address":"ул. Политехническая, д. 29, лит. П, ГЗ","unit":"Кабинет 261","locality":"city","province":"RU-SPE","country":"RU","postal_code":"195251","postal_code_ext":null,"postal_code_vanity":null}},{"id":"4c767bda-d4c3-43ce-8385-7646e5cdd6ba","type":"Feature","feature_type":"address","geometry":null,"properties":{"address":"ул. Политехническая, д. 29, лит. П, ГЗ","unit":"Кабинет 254","locality":"city","province":"RU-SPE","country":"RU","postal_code":"195251","postal_code_ext":null,"postal_code_vanity":null}},{"id":"3ccf69f9-00c5-49e2-a4a6-a48e62bf5dc1","type":"Feature","feature_type":"address","geometry":null,"properties":{"address":"ул. Политехническая, д. 29, лит. П, ГЗ","unit":"Кабинет 262","locality":"city","province":"RU-SPE","country":"RU","postal_code":"195251","postal_code_ext":null,"postal_code_vanity":null}},{"id":"dbbcab69-c96f-4873-92b8-57e70b1e51ca","type":"Feature","feature_type":"address","geometry":null,"properties":{"address":"ул. Политехническая, д. 29, лит. П, ГЗ","unit":"Кабинет 263","locality":"city","province":"RU-SPE","country":"RU","postal_code":"195251","postal_code_ext":null,"postal_code_vanity":null}},{"id":"2ef179bd-9af3-492a-9659-7ffd6b919a9a","type":"Feature","feature_type":"address","geometry":null,"properties":{"address":"ул. Политехническая, д. 29, лит. П, ГЗ","unit":"Кабинет 264","locality":"city","province":"RU-SPE","country":"RU","postal_code":"195251","postal_code_ext":null,"postal_code_vanity":null}},{"id":"5ec9faac-205c-49bd-9ee1-b6d590cee307","type":"Feature","feature_type":"address","geometry":null,"properties":{"address":"ул. Политехническая, д. 29, лит. П, ГЗ","unit":"Кабинет 265","locality":"city","province":"RU-SPE","country":"RU","postal_code":"195251","postal_code_ext":null,"postal_code_vanity":null}},{"id":"1c3e1f3c-e9ae-43d8-9792-3b36388c05a6","type":"Feature","feature_type":"address","geometry":null,"properties":{"address":"ул. Политехническая, д. 29, лит. П, ГЗ","unit":"","locality":"city","province":"RU-SPE","country":"RU","postal_code":"195251","postal_code_ext":null,"postal_code_vanity":null}},{"id":"1dd8f401-e0be-4586-b68d-eba58bed5314","type":"Feature","feature_type":"address","geometry":null,"properties":{"address":"ул. Политехническая, д. 29, лит. П, ГЗ","unit":"Кабинет 239","locality":"city","province":"RU-SPE","country":"RU","postal_code":"195251","postal_code_ext":null,"postal_code_vanity":null}},{"id":"3229992a-f80b-417e-b0bd-be647658e752","type":"Feature","feature_type":"address","geometry":null,"properties":{"address":"ул. Политехническая, д. 29, лит. П, ГЗ","unit":"Кабинет 240","locality":"city","province":"RU-SPE","country":"RU","postal_code":"195251","postal_code_ext":null,"postal_code_vanity":null}},{"id":"e5f117dd-b152-42a9-a036-28b88addfdc2","type":"Feature","feature_type":"address","geometry":null,"properties":{"address":"ул. Политехническая, д. 29, лит. П, ГЗ","unit":"Кабинет 241","locality":"city","province":"RU-SPE","country":"RU","postal_code":"195251","postal_code_ext":null,"postal_code_vanity":null}},{"id":"98e046f3-1026-4344-853c-06211108dd5c","type":"Feature","feature_type":"address","geometry":null,"properties":{"address":"ул. Политехническая, д. 29, лит. П, ГЗ","unit":"Кабинет 242","locality":"city","province":"RU-SPE","country":"RU","postal_code":"195251","postal_code_ext":null,"postal_code_vanity":null}},{"id":"279f89e7-181b-4fcc-8296-23c2b626832e","type":"Feature","feature_type":"address","geometry":null,"properties":{"address":"ул. Политехническая, д. 29, лит. П, ГЗ","unit":"244, Музей боевой славы","locality":"city","province":"RU-SPE","country":"RU","postal_code":"195251","postal_code_ext":null,"postal_code_vanity":null}},{"id":"a9cdb8bd-8d4d-4a8a-bdd8-912f827ce1c4","type":"Feature","feature_type":"address","geometry":null,"properties":{"address":"ул. Политехническая, д. 29, лит. П, ГЗ","unit":"Кабинет 245","locality":"city","province":"RU-SPE","country":"RU","postal_code":"195251","postal_code_ext":null,"postal_code_vanity":null}},{"id":"f4ec8511-ae8a-42b3-ae7a-8fd09051174a","type":"Feature","feature_type":"address","geometry":null,"properties":{"address":"ул. Политехническая, д. 29, лит. П, ГЗ","unit":"Белый зал","locality":"city","province":"RU-SPE","country":"RU","postal_code":"195251","postal_code_ext":null,"postal_code_vanity":null}},{"id":"0a1a5b72-8033-4181-8c9c-50b774062d3d","type":"Feature","feature_type":"address","geometry":null,"properties":{"address":"ул. Политехническая, д. 29, лит. П, ГЗ","unit":"Лекторий 268","locality":"city","province":"RU-SPE","country":"RU","postal_code":"195251","postal_code_ext":null,"postal_code_vanity":null}},{"id":"a801973f-5aad-4eb4-b7ac-bd4a2421ac25","type":"Feature","feature_type":"address","geometry":null,"properties":{"address":"ул. Политехническая, д. 29, лит. П, ГЗ","unit":"Лекторий 267","locality":"city","province":"RU-SPE","country":"RU","postal_code":"195251","postal_code_ext":null,"postal_code_vanity":null}},{"id":"01b5cbd3-5094-4481-9c14-63772020da38","type":"Feature","feature_type":"address","geometry":null,"properties":{"address":"ул. Политехническая, д. 29, лит. П, ГЗ","unit":"Лабораторная 276","locality":"city","province":"RU-SPE","country":"RU","postal_code":"195251","postal_code_ext":null,"postal_code_vanity":null}},{"id":"1161d1c0-b854-48c2-be75-e24097e26c31","type":"Feature","feature_type":"address","geometry":null,"properties":{"address":"ул. Политехническая, д. 29, лит. П, ГЗ","unit":"Кабинет 275","locality":"city","province":"RU-SPE","country":"RU","postal_code":"195251","postal_code_ext":null,"postal_code_vanity":null}},{"id":"a00864d9-c0d8-4d7a-8e6d-d6a45780fd6d","type":"Feature","feature_type":"address","geometry":null,"properties":{"address":"ул. Политехническая, д. 29, лит. П, ГЗ","unit":"Кабинет 273","locality":"city","province":"RU-SPE","country":"RU","postal_code":"195251","postal_code_ext":null,"postal_code_vanity":null}},{"id":"dd09fafc-892a-4c52-beec-4344afcd1c5f","type":"Feature","feature_type":"address","geometry":null,"properties":{"address":"ул. Политехническая, д. 29, лит. П, ГЗ","unit":"Кабинет 272","locality":"city","province":"RU-SPE","country":"RU","postal_code":"195251","postal_code_ext":null,"postal_code_vanity":null}},{"id":"978989f0-ffdd-49df-91e0-ca72c507927a","type":"Feature","feature_type":"address","geometry":null,"properties":{"address":"ул. Политехническая, д. 29, лит. П, ГЗ","unit":"Кабинет 274","locality":"city","province":"RU-SPE","country":"RU","postal_code":"195251","postal_code_ext":null,"postal_code_vanity":null}},{"id":"bcb42758-8758-4431-8891-82da4bef43b5","type":"Feature","feature_type":"address","geometry":null,"properties":{"address":"ул. Политехническая, д. 29, лит. П, ГЗ","unit":"Кабинет 270","locality":"city","province":"RU-SPE","country":"RU","postal_code":"195251","postal_code_ext":null,"postal_code_vanity":null}},{"id":"6f7b9afb-8754-4f09-9b2b-fd2d24b79ef8","type":"Feature","feature_type":"address","geometry":null,"properties":{"address":"ул. Политехническая, д. 29, лит. П, ГЗ","unit":"Кабинет 271","locality":"city","province":"RU-SPE","country":"RU","postal_code":"195251","postal_code_ext":null,"postal_code_vanity":null}},{"id":"69732ba5-9434-4186-bb42-b629b513a9a0","type":"Feature","feature_type":"address","geometry":null,"properties":{"address":"ул. Политехническая, д. 29, лит. П, ГЗ","unit":"Кабинет 277","locality":"city","province":"RU-SPE","country":"RU","postal_code":"195251","postal_code_ext":null,"postal_code_vanity":null}},{"id":"6c574ce4-a039-4572-8a55-cc2b8d6f2ca5","type":"Feature","feature_type":"address","geometry":null,"properties":{"address":"ул. Политехническая, д. 29, лит. П, ГЗ","unit":"Кабинет 278","locality":"city","province":"RU-SPE","country":"RU","postal_code":"195251","postal_code_ext":null,"postal_code_vanity":null}},{"id":"55aef6a3-4511-49cd-8116-7d6b578191a6","type":"Feature","feature_type":"address","geometry":null,"properties":{"address":"ул. Политехническая, д. 29, лит. П, ГЗ","unit":"Кабинет 280","locality":"city","province":"RU-SPE","country":"RU","postal_code":"195251","postal_code_ext":null,"postal_code_vanity":null}},{"id":"41b4c5fb-9710-44ff-9ad8-8cb6a647c777","type":"Feature","feature_type":"address","geometry":null,"properties":{"address":"ул. Политехническая, д. 29, лит. П, ГЗ","unit":"Кабинет 279","locality":"city","province":"RU-SPE","country":"RU","postal_code":"195251","postal_code_ext":null,"postal_code_vanity":null}},{"id":"4137f6fd-fb84-4097-bd76-9f221cdab562","type":"Feature","feature_type":"address","geometry":null,"properties":{"address":"ул. Политехническая, д. 29, лит. П, ГЗ","unit":"Кабинет 281","locality":"city","province":"RU-SPE","country":"RU","postal_code":"195251","postal_code_ext":null,"postal_code_vanity":null}},{"id":"bd3e570c-95c9-4812-b540-a67a66620df8","type":"Feature","feature_type":"address","geometry":null,"properties":{"address":"ул. Политехническая, д. 29, лит. П, ГЗ","unit":"Кабинет 282","locality":"city","province":"RU-SPE","country":"RU","postal_code":"195251","postal_code_ext":null,"postal_code_vanity":null}},{"id":"f7943517-67d7-4206-95be-4b1a61d936e7","type":"Feature","feature_type":"address","geometry":null,"properties":{"address":"ул. Политехническая, д. 29, лит. П, ГЗ","unit":"Кабинет 286","locality":"city","province":"RU-SPE","country":"RU","postal_code":"195251","postal_code_ext":null,"postal_code_vanity":null}},{"id":"d9b7b4b4-fd34-4b21-bdd5-2fa349d19438","type":"Feature","feature_type":"address","geometry":null,"properties":{"address":"ул. Политехническая, д. 29, лит. П, ГЗ","unit":"Туалет женский","locality":"city","province":"RU-SPE","country":"RU","postal_code":"195251","postal_code_ext":null,"postal_code_vanity":null}},{"id":"55018a12-ac2c-4863-ae01-a95be20e3937","type":"Feature","feature_type":"address","geometry":null,"properties":{"address":"ул. Политехническая, д. 29, лит. П, ГЗ","unit":"","locality":"city","province":"RU-SPE","country":"RU","postal_code":"195251","postal_code_ext":null,"postal_code_vanity":null}},{"id":"8c01351e-3a72-49d3-b8c3-7881c03be19b","type":"Feature","feature_type":"address","geometry":null,"properties":{"address":"ул. Политехническая, д. 29, лит. П, ГЗ","unit":"","locality":"city","province":"RU-SPE","country":"RU","postal_code":"195251","postal_code_ext":null,"postal_code_vanity":null}},{"id":"eac1a221-9851-41d5-91b9-6ffcf84c5c8a","type":"Feature","feature_type":"address","geometry":null,"properties":{"address":"ул. Политехническая, д. 29, лит. П, ГЗ","unit":"","locality":"city","province":"RU-SPE","country":"RU","postal_code":"195251","postal_code_ext":null,"postal_code_vanity":null}},{"id":"0022ea55-ee49-48c4-9a80-bbea12c4d19f","type":"Feature","feature_type":"address","geometry":null,"properties":{"address":"ул. Политехническая, д. 29, лит. П, ГЗ","unit":"","locality":"city","province":"RU-SPE","country":"RU","postal_code":"195251","postal_code_ext":null,"postal_code_vanity":null}},{"id":"c5f369e5-601f-4ad4-bdad-59efcc50a339","type":"Feature","feature_type":"address","geometry":null,"properties":{"address":"ул. Политехническая, д. 29, лит. П, ГЗ","unit":"","locality":"city","province":"RU-SPE","country":"RU","postal_code":"195251","postal_code_ext":null,"postal_code_vanity":null}},{"id":"412b8a65-b1ad-4aac-b77b-91ce2facf26e","type":"Feature","feature_type":"address","geometry":null,"properties":{"address":"ул. Политехническая, д. 29, лит. П, ГЗ","unit":"","locality":"city","province":"RU-SPE","country":"RU","postal_code":"195251","postal_code_ext":null,"postal_code_vanity":null}},{"id":"872905c1-d2ad-4cdd-83a0-eafdf4d34592","type":"Feature","feature_type":"address","geometry":null,"properties":{"address":"ул. Политехническая, д. 29, лит. П, ГЗ","unit":"Читальный зал","locality":"city","province":"RU-SPE","country":"RU","postal_code":"195251","postal_code_ext":null,"postal_code_vanity":null}},{"id":"3c586b69-a365-4583-9868-b600057a11ab","type":"Feature","feature_type":"address","geometry":null,"properties":{"address":"ул. Политехническая, д. 29, лит. П, ГЗ","unit":"","locality":"city","province":"RU-SPE","country":"RU","postal_code":"195251","postal_code_ext":null,"postal_code_vanity":null}},{"id":"f865f937-658d-4d26-b3f2-57c828224723","type":"Feature","feature_type":"address","geometry":null,"properties":{"address":"ул. Политехническая, д. 29, лит. П, ГЗ","unit":"Кабинет 206","locality":"city","province":"RU-SPE","country":"RU","postal_code":"195251","postal_code_ext":null,"postal_code_vanity":null}},{"id":"1449b5e9-9bc4-49e6-8f11-97f2698a4e10","type":"Feature","feature_type":"address","geometry":null,"properties":{"address":"ул. Политехническая, д. 29, лит. П, ГЗ","unit":"","locality":"city","province":"RU-SPE","country":"RU","postal_code":"195251","postal_code_ext":null,"postal_code_vanity":null}},{"id":"90eb0b47-e7e4-458e-a41b-720062007932","type":"Feature","feature_type":"address","geometry":null,"properties":{"address":"ул. Политехническая, д. 29, лит. П, ГЗ","unit":"","locality":"city","province":"RU-SPE","country":"RU","postal_code":"195251","postal_code_ext":null,"postal_code_vanity":null}},{"id":"f9d02ce6-cd01-4637-82a2-9a585dc6780f","type":"Feature","feature_type":"address","geometry":null,"properties":{"address":"ул. Политехническая, д. 29, лит. П, ГЗ","unit":"","locality":"city","province":"RU-SPE","country":"RU","postal_code":"195251","postal_code_ext":null,"postal_code_vanity":null}},{"id":"ba5c1fb8-4236-4280-819a-ae84650a988d","type":"Feature","feature_type":"address","geometry":null,"properties":{"address":"ул. Политехническая, д. 29, лит. П, ГЗ","unit":"","locality":"city","province":"RU-SPE","country":"RU","postal_code":"195251","postal_code_ext":null,"postal_code_vanity":null}},{"id":"0776ddc0-44cd-40e0-974f-c5fb8e33b670","type":"Feature","feature_type":"address","geometry":null,"properties":{"address":"ул. Политехническая, д. 29, лит. П, ГЗ","unit":"","locality":"city","province":"RU-SPE","country":"RU","postal_code":"195251","postal_code_ext":null,"postal_code_vanity":null}},{"id":"7aa144cc-1937-46be-b3a1-805961fe2e57","type":"Feature","feature_type":"address","geometry":null,"properties":{"address":"ул. Политехническая, д. 29, лит. П, ГЗ","unit":"","locality":"city","province":"RU-SPE","country":"RU","postal_code":"195251","postal_code_ext":null,"postal_code_vanity":null}},{"id":"da0971f9-2794-4634-a35c-a6505c0c2228","type":"Feature","feature_type":"address","geometry":null,"properties":{"address":"ул. Политехническая, д. 29, лит. П, ГЗ","unit":"","locality":"city","province":"RU-SPE","country":"RU","postal_code":"195251","postal_code_ext":null,"postal_code_vanity":null}},{"id":"d64ab6c9-31fa-4cbb-ab1d-e3f182490bb5","type":"Feature","feature_type":"address","geometry":null,"properties":{"address":"ул. Политехническая, д. 29, лит. П, ГЗ","unit":"","locality":"city","province":"RU-SPE","country":"RU","postal_code":"195251","postal_code_ext":null,"postal_code_vanity":null}},{"id":"56ff1984-5314-4dd2-8393-c7bfa1c1f453","type":"Feature","feature_type":"address","geometry":null,"properties":{"address":"ул. Политехническая, д. 29, лит. П, ГЗ","unit":"","locality":"city","province":"RU-SPE","country":"RU","postal_code":"195251","postal_code_ext":null,"postal_code_vanity":null}},{"id":"8e9c1413-83ae-4196-b4f1-e7a3713c0743","type":"Feature","feature_type":"address","geometry":null,"properties":{"address":"ул. Политехническая, д. 29, лит. П, ГЗ","unit":"","locality":"city","province":"RU-SPE","country":"RU","postal_code":"195251","postal_code_ext":null,"postal_code_vanity":null}},{"id":"8c6ddfdc-ef9b-48ef-a98c-f81ff8d5c889","type":"Feature","feature_type":"address","geometry":null,"properties":{"address":"ул. Политехническая, д. 29, лит. П, ГЗ","unit":"","locality":"city","province":"RU-SPE","country":"RU","postal_code":"195251","postal_code_ext":null,"postal_code_vanity":null}},{"id":"19477de4-744e-4ffc-a07e-3a086af2fde5","type":"Feature","feature_type":"address","geometry":null,"properties":{"address":"ул. Политехническая, д. 29, лит. П, ГЗ","unit":"","locality":"city","province":"RU-SPE","country":"RU","postal_code":"195251","postal_code_ext":null,"postal_code_vanity":null}},{"id":"bf5ffbbc-73e2-4707-9e50-79d9747c7b60","type":"Feature","feature_type":"address","geometry":null,"properties":{"address":"ул. Политехническая, д. 29, лит. П, ГЗ","unit":"","locality":"city","province":"RU-SPE","country":"RU","postal_code":"195251","postal_code_ext":null,"postal_code_vanity":null}},{"id":"fd9d3ab5-d529-44af-8167-db8122ab1467","type":"Feature","feature_type":"address","geometry":null,"properties":{"address":"ул. Политехническая, д. 29, лит. П, ГЗ","unit":"","locality":"city","province":"RU-SPE","country":"RU","postal_code":"195251","postal_code_ext":null,"postal_code_vanity":null}},{"id":"d3fc0e3a-fc2e-4f37-a61c-3a4b315c312a","type":"Feature","feature_type":"address","geometry":null,"properties":{"address":"ул. Политехническая, д. 29, лит. П, ГЗ","unit":"","locality":"city","province":"RU-SPE","country":"RU","postal_code":"195251","postal_code_ext":null,"postal_code_vanity":null}},{"id":"05416fbd-571d-4810-bde7-b80f18f8545d","type":"Feature","feature_type":"address","geometry":null,"properties":{"address":"ул. Политехническая, д. 29, лит. П, ГЗ","unit":"","locality":"city","province":"RU-SPE","country":"RU","postal_code":"195251","postal_code_ext":null,"postal_code_vanity":null}},{"id":"54d408de-7a9b-411f-8a99-1dc8279e8f8f","type":"Feature","feature_type":"address","geometry":null,"properties":{"address":"ул. Политехническая, д. 29, лит. П, ГЗ","unit":"Лекторий 305","locality":"city","province":"RU-SPE","country":"RU","postal_code":"195251","postal_code_ext":null,"postal_code_vanity":null}},{"id":"68df2cd4-81db-49e4-9300-6b561ba77206","type":"Feature","feature_type":"address","geometry":null,"properties":{"address":"ул. Политехническая, д. 29, лит. П, ГЗ","unit":"Лекторий 329","locality":"city","province":"RU-SPE","country":"RU","postal_code":"195251","postal_code_ext":null,"postal_code_vanity":null}},{"id":"73315089-d7cc-4d44-a7e1-30f6c895ac96","type":"Feature","feature_type":"address","geometry":null,"properties":{"address":"ул. Политехническая, д. 29, лит. П, ГЗ","unit":"","locality":"city","province":"RU-SPE","country":"RU","postal_code":"195251","postal_code_ext":null,"postal_code_vanity":null}},{"id":"1a987d3f-0461-41e5-8313-cc1efccbdb92","type":"Feature","feature_type":"address","geometry":null,"properties":{"address":"ул. Политехническая, д. 29, лит. П, ГЗ","unit":"","locality":"city","province":"RU-SPE","country":"RU","postal_code":"195251","postal_code_ext":null,"postal_code_vanity":null}},{"id":"28f5cb76-b9f0-4f3c-a94a-455397937768","type":"Feature","feature_type":"address","geometry":null,"properties":{"address":"ул. Политехническая, д. 29, лит. П, ГЗ","unit":"Лекторий 313","locality":"city","province":"RU-SPE","country":"RU","postal_code":"195251","postal_code_ext":null,"postal_code_vanity":null}},{"id":"963dbad1-31b0-412a-9d01-e0dd76f070b0","type":"Feature","feature_type":"address","geometry":null,"properties":{"address":"ул. Политехническая, д. 29, лит. П, ГЗ","unit":"Лекторий 324","locality":"city","province":"RU-SPE","country":"RU","postal_code":"195251","postal_code_ext":null,"postal_code_vanity":null}},{"id":"6bfed3fe-8b4d-4ada-8a85-48c3b8910bc1","type":"Feature","feature_type":"address","geometry":null,"properties":{"address":"ул. Политехническая, д. 29, лит. П, ГЗ","unit":"Кабинет 314","locality":"city","province":"RU-SPE","country":"RU","postal_code":"195251","postal_code_ext":null,"postal_code_vanity":null}},{"id":"7bde2b40-806e-45e2-b95f-59f67ef21e46","type":"Feature","feature_type":"address","geometry":null,"properties":{"address":"ул. Политехническая, д. 29, лит. П, ГЗ","unit":"Кабинет 315","locality":"city","province":"RU-SPE","country":"RU","postal_code":"195251","postal_code_ext":null,"postal_code_vanity":null}},{"id":"fe7cd517-34e6-46f5-8770-981e10d7dc61","type":"Feature","feature_type":"address","geometry":null,"properties":{"address":"ул. Политехническая, д. 29, лит. П, ГЗ","unit":"Кабинет 325","locality":"city","province":"RU-SPE","country":"RU","postal_code":"195251","postal_code_ext":null,"postal_code_vanity":null}},{"id":"d46e343a-568b-43df-b206-3102f7fbf6af","type":"Feature","feature_type":"address","geometry":null,"properties":{"address":"ул. Политехническая, д. 29, лит. П, ГЗ","unit":"Кабинет 326","locality":"city","province":"RU-SPE","country":"RU","postal_code":"195251","postal_code_ext":null,"postal_code_vanity":null}},{"id":"69cbbd32-512a-4192-b40e-9384ff11977a","type":"Feature","feature_type":"address","geometry":null,"properties":{"address":"ул. Политехническая, д. 29, лит. П, ГЗ","unit":"Лекторий 351","locality":"city","province":"RU-SPE","country":"RU","postal_code":"195251","postal_code_ext":null,"postal_code_vanity":null}},{"id":"61935a3c-aaac-4979-960b-f0368857531e","type":"Feature","feature_type":"address","geometry":null,"properties":{"address":"ул. Политехническая, д. 29, лит. П, ГЗ","unit":"Лекторий 301","locality":"city","province":"RU-SPE","country":"RU","postal_code":"195251","postal_code_ext":null,"postal_code_vanity":null}},{"id":"a4d4322e-c09e-4762-bb06-a35c7656831b","type":"Feature","feature_type":"address","geometry":null,"properties":{"address":"ул. Политехническая, д. 29, лит. П, ГЗ","unit":"Кабинет 303","locality":"city","province":"RU-SPE","country":"RU","postal_code":"195251","postal_code_ext":null,"postal_code_vanity":null}},{"id":"a95fdafa-6ae0-4bad-99f8-5ada86085aa6","type":"Feature","feature_type":"address","geometry":null,"properties":{"address":"ул. Политехническая, д. 29, лит. П, ГЗ","unit":"Кабинет 303","locality":"city","province":"RU-SPE","country":"RU","postal_code":"195251","postal_code_ext":null,"postal_code_vanity":null}},{"id":"4a663b94-8bf6-4610-b793-381a82bc5953","type":"Feature","feature_type":"address","geometry":null,"properties":{"address":"ул. Политехническая, д. 29, лит. П, ГЗ","unit":"","locality":"city","province":"RU-SPE","country":"RU","postal_code":"195251","postal_code_ext":null,"postal_code_vanity":null}},{"id":"8d2b4920-4e10-4fe3-a5c8-8a1f587cbd21","type":"Feature","feature_type":"address","geometry":null,"properties":{"address":"ул. Политехническая, д. 29, лит. П, ГЗ","unit":"Кабинет 304","locality":"city","province":"RU-SPE","country":"RU","postal_code":"195251","postal_code_ext":null,"postal_code_vanity":null}},{"id":"e1d3a350-dddd-4482-87f4-1836de81fad3","type":"Feature","feature_type":"address","geometry":null,"properties":{"address":"ул. Политехническая, д. 29, лит. П, ГЗ","unit":"Кабинет 327","locality":"city","province":"RU-SPE","country":"RU","postal_code":"195251","postal_code_ext":null,"postal_code_vanity":null}},{"id":"646c5249-c346-4d48-8079-65fee3321c53","type":"Feature","feature_type":"address","geometry":null,"properties":{"address":"ул. Политехническая, д. 29, лит. П, ГЗ","unit":"","locality":"city","province":"RU-SPE","country":"RU","postal_code":"195251","postal_code_ext":null,"postal_code_vanity":null}},{"id":"00f99ccb-caff-4f54-8c70-efbd6527c9b8","type":"Feature","feature_type":"address","geometry":null,"properties":{"address":"ул. Политехническая, д. 29, лит. П, ГЗ","unit":"","locality":"city","province":"RU-SPE","country":"RU","postal_code":"195251","postal_code_ext":null,"postal_code_vanity":null}},{"id":"624746e8-88b3-4989-9751-26593a551c5f","type":"Feature","feature_type":"address","geometry":null,"properties":{"address":"ул. Политехническая, д. 29, лит. П, ГЗ","unit":"","locality":"city","province":"RU-SPE","country":"RU","postal_code":"195251","postal_code_ext":null,"postal_code_vanity":null}},{"id":"0b504687-9ad3-4c9e-b694-ab8f86952cdd","type":"Feature","feature_type":"address","geometry":null,"properties":{"address":"ул. Политехническая, д. 29, лит. П, ГЗ","unit":"","locality":"city","province":"RU-SPE","country":"RU","postal_code":"195251","postal_code_ext":null,"postal_code_vanity":null}},{"id":"89ec0c95-bb6f-495d-8ebd-d17462489101","type":"Feature","feature_type":"address","geometry":null,"properties":{"address":"ул. Политехническая, д. 29, лит. П, ГЗ","unit":"Кабинет 302","locality":"city","province":"RU-SPE","country":"RU","postal_code":"195251","postal_code_ext":null,"postal_code_vanity":null}},{"id":"34355676-a9cd-4c18-8c89-8a08ccd932a5","type":"Feature","feature_type":"address","geometry":null,"properties":{"address":"ул. Политехническая, д. 29, лит. П, ГЗ","unit":"","locality":"city","province":"RU-SPE","country":"RU","postal_code":"195251","postal_code_ext":null,"postal_code_vanity":null}},{"id":"8c424bb2-259a-4e50-8f28-ae1f181a57f6","type":"Feature","feature_type":"address","geometry":null,"properties":{"address":"ул. Политехническая, д. 29, лит. П, ГЗ","unit":"","locality":"city","province":"RU-SPE","country":"RU","postal_code":"195251","postal_code_ext":null,"postal_code_vanity":null}},{"id":"efb84cb8-e19c-4eac-b3b4-fb4915150a80","type":"Feature","feature_type":"address","geometry":null,"properties":{"address":"ул. Политехническая, д. 29, лит. П, ГЗ","unit":"","locality":"city","province":"RU-SPE","country":"RU","postal_code":"195251","postal_code_ext":null,"postal_code_vanity":null}},{"id":"e930d446-9ef1-4821-ba39-c864d457059c","type":"Feature","feature_type":"address","geometry":null,"properties":{"address":"ул. Политехническая, д. 29, лит. П, ГЗ","unit":"","locality":"city","province":"RU-SPE","country":"RU","postal_code":"195251","postal_code_ext":null,"postal_code_vanity":null}},{"id":"0bacf443-425b-4786-b997-de69153d6f9d","type":"Feature","feature_type":"address","geometry":null,"properties":{"address":"ул. Политехническая, д. 29, лит. П, ГЗ","unit":"","locality":"city","province":"RU-SPE","country":"RU","postal_code":"195251","postal_code_ext":null,"postal_code_vanity":null}},{"id":"a1e04c69-fe01-4790-b372-3042a8a108ad","type":"Feature","feature_type":"address","geometry":null,"properties":{"address":"ул. Политехническая, д. 29, лит. П, ГЗ","unit":"","locality":"city","province":"RU-SPE","country":"RU","postal_code":"195251","postal_code_ext":null,"postal_code_vanity":null}},{"id":"a0910412-acd5-4039-b72f-fe1d25623cc7","type":"Feature","feature_type":"address","geometry":null,"properties":{"address":"ул. Политехническая, д. 29, лит. П, ГЗ","unit":"","locality":"city","province":"RU-SPE","country":"RU","postal_code":"195251","postal_code_ext":null,"postal_code_vanity":null}},{"id":"af44cef0-df70-4d65-8551-4f639698370d","type":"Feature","feature_type":"address","geometry":null,"properties":{"address":"ул. Политехническая, д. 29, лит. П, ГЗ","unit":"","locality":"city","province":"RU-SPE","country":"RU","postal_code":"195251","postal_code_ext":null,"postal_code_vanity":null}},{"id":"4a6b3f4e-780d-4c7d-8fd2-0346a5f8bcba","type":"Feature","feature_type":"address","geometry":null,"properties":{"address":"ул. Политехническая, д. 29, лит. П, ГЗ","unit":"","locality":"city","province":"RU-SPE","country":"RU","postal_code":"195251","postal_code_ext":null,"postal_code_vanity":null}},{"id":"0054dc50-77cb-4f80-981d-ea949fec8360","type":"Feature","feature_type":"address","geometry":null,"properties":{"address":"ул. Политехническая, д. 29, лит. П, ГЗ","unit":"","locality":"city","province":"RU-SPE","country":"RU","postal_code":"195251","postal_code_ext":null,"postal_code_vanity":null}},{"id":"765a936d-b1fa-47d2-90c3-424685e6049c","type":"Feature","feature_type":"address","geometry":null,"properties":{"address":"ул. Политехническая, д. 29, лит. П, ГЗ","unit":"Читальный зал","locality":"city","province":"RU-SPE","country":"RU","postal_code":"195251","postal_code_ext":null,"postal_code_vanity":null}},{"id":"59f1c799-10f8-4053-887b-a8069f2c1414","type":"Feature","feature_type":"address","geometry":null,"properties":{"address":"ул. Политехническая, д. 29, лит. П, НИК","unit":"","locality":"city","province":"RU-SPE","country":"RU","postal_code":"195251","postal_code_ext":null,"postal_code_vanity":null}},{"id":"b7022a1d-0f94-4720-9ea8-2ddc48146ddf","type":"Feature","feature_type":"address","geometry":null,"properties":{"address":"ул. Политехническая, д. 29, лит. В","unit":"","locality":"city","province":"RU-SPE","country":"RU","postal_code":"195251","postal_code_ext":null,"postal_code_vanity":null}}]}