{"type":"FeatureCollection","name":"anchor","features":[{"id":"90d87fac-3458-4db7-9c5d-58de7482f380","type":"Feature","feature_type":"anchor","geometry":{"type":"Point","coordinates":[30.377563338059371,60.009223635468388]},"properties":{"unit_id":"f7c1d310-dbe6-4c2b-96b0-8103413b991c","address_id":"e20757ec-c532-497d-a28d-7508129b3b74"}},{"id":"5ffc5a45-67d6-4b5e-bb03-e362abcbb5f7","type":"Feature","feature_type":"anchor","geometry":{"type":"Point","coordinates":[30.377916659531568,60.009638037517725]},"properties":{"unit_id":"b0994e40-9efc-45df-9a2a-2645afea795e","address_id":"dc5800ae-0e3f-4045-a3ac-f622ee6ff065"}},{"id":"3c8d9512-15e2-4e7c-81f9-8c4069abc620","type":"Feature","feature_type":"anchor","geometry":{"type":"Point","coordinates":[30.379037297459728,60.008960531760138]},"properties":{"unit_id":"6649877f-ed66-4f79-b0de-a1722c96eed3","address_id":"384eede1-59bd-4358-aabe-59998f6d28b1"}},{"id":"9e917610-f784-4f43-930f-5b294ed5fe65","type":"Feature","feature_type":"anchor","geometry":{"type":"Point","coordinates":[30.377788015708507,60.00915011384329]},"properties":{"unit_id":"7de1c7b1-5439-428b-beb0-e33e9817a50c","address_id":"f5ad8e59-7b3e-47f8-95bf-8834ff13b8ec"}},{"id":"64965639-9d9b-46a3-9e4c-b526d3266a3d","type":"Feature","feature_type":"anchor","geometry":{"type":"Point","coordinates":[30.377718570880489,60.009162508057955]},"properties":{"unit_id":"80d5bb82-bb51-4cf1-8ed4-8360986a2254","address_id":"d271f563-c4d1-4672-89e9-ad1fa7de6cc8"}},{"id":"0aaa2bae-8350-4a6c-95bd-eb85606ea102","type":"Feature","feature_type":"anchor","geometry":{"type":"Point","coordinates":[30.377508279589154,60.009200040352731]},"properties":{"unit_id":"1b22e302-4250-435d-8516-81187360c8fa","address_id":"9786c9b9-9460-4801-bb2f-6ef802026da3"}},{"id":"1824b4ee-c6ca-4548-9a2c-5a3d3dbfe520","type":"Feature","feature_type":"anchor","geometry":{"type":"Point","coordinates":[30.377479542431242,60.009159810202988]},"properties":{"unit_id":"4700d391-b8ae-47a5-87ca-c450dae9cea1","address_id":"184ca2fc-2452-4058-a747-34926aeab774"}},{"id":"27afa355-581b-479d-8536-ec18e97bff5c","type":"Feature","feature_type":"anchor","geometry":{"type":"Point","coordinates":[30.374546240380003,60.00852934647309]},"properties":{"unit_id":"770d27cc-cf0c-4f3e-9d88-5b9bcca12964","address_id":"378014e0-011e-4acd-907f-2426af993abd"}},{"id":"57732ad0-d7b2-4a9b-b4ba-091779bf0b0c","type":"Feature","feature_type":"anchor","geometry":{"type":"Point","coordinates":[30.374546240380003,60.00852934647309]},"properties":{"unit_id":"db4e33d7-13a4-4b5f-ba9f-8596684c68f6","address_id":"377c1335-1650-4bd9-b65f-6f368947c2ea"}},{"id":"e4ac05c5-962b-462b-90d3-b9da84aa8191","type":"Feature","feature_type":"anchor","geometry":{"type":"Point","coordinates":[30.374546240380003,60.00852934647309]},"properties":{"unit_id":"cfb16c24-3b66-4b27-a37b-1f06dfe22959","address_id":"7ae46a61-0b6a-4b3b-b69f-1eb03143d79e"}},{"id":"0a6c2aa9-9d39-4fab-ae60-f589e099a265","type":"Feature","feature_type":"anchor","geometry":{"type":"Point","coordinates":[30.379116673518435,60.0060644404449]},"properties":{"unit_id":"57ce708c-1417-4838-9439-2dc452d694d3","address_id":"ab238b0b-0810-4c6c-b7fd-a69129b61638"}},{"id":"9071f2e4-2221-478c-abbc-f524d9bec801","type":"Feature","feature_type":"anchor","geometry":{"type":"Point","coordinates":[30.379303977151935,60.006504385664272]},"properties":{"unit_id":"6c04a44a-9cd4-498f-abf1-3887b0197d89","address_id":"d1ac1e36-9562-4a98-9039-3c51081a9573"}},{"id":"6d8eb29b-1093-4354-bb11-1d16ac01e30c","type":"Feature","feature_type":"anchor","geometry":{"type":"Point","coordinates":[30.373119110149155,60.008765859156753]},"properties":{"unit_id":"bc290a42-b42c-4cbf-84e4-bbf99de79886","address_id":"37865e74-7aa5-449c-89eb-2d59f1489e76"}},{"id":"97981349-473e-4a6a-947e-0f63f7e63e12","type":"Feature","feature_type":"anchor","geometry":{"type":"Point","coordinates":[30.373119155991454,60.008765843787486]},"properties":{"unit_id":"01f9eda4-1bf2-45e8-ae3d-d084788fb89b","address_id":"3e3d2837-da26-4374-a637-e48e57ec2fc9"}},{"id":"594939ac-aa96-42f2-9748-30407541f49b","type":"Feature","feature_type":"anchor","geometry":{"type":"Point","coordinates":[30.373119110149155,60.008765859156753]},"properties":{"unit_id":"c8ca1396-ac9f-46c1-add3-f9d6570e0992","address_id":"ea98d6dc-7622-4bd2-aae3-bc2a0cbe9c38"}},{"id":"690f2a13-6d8b-49e2-a5d8-3e0fa9c7f898","type":"Feature","feature_type":"anchor","geometry":{"type":"Point","coordinates":[30.381809872217048,60.007211395745578]},"properties":{"unit_id":"f918cd54-fa50-498d-a212-dca835ae422f","address_id":"e3c63b6f-ae0f-47a6-9ce6-c10ae39ad447"}},{"id":"42c9da78-5f19-450b-a934-9f25e2e8f5e6","type":"Feature","feature_type":"anchor","geometry":{"type":"Point","coordinates":[30.381514930621517,60.007219465158769]},"properties":{"unit_id":"053908bd-c925-4d16-a3ef-7ac8d0e8a0c1","address_id":"e14d2bc8-103d-4d6b-b807-484363bea64d"}},{"id":"5d3efd45-1deb-41ad-87ac-d879325f5f33","type":"Feature","feature_type":"anchor","geometry":{"type":"Point","coordinates":[30.381312527292398,60.007253616764082]},"properties":{"unit_id":"c2dd51b3-fb63-4cc1-b9e1-474c2e06a423","address_id":"3421c69d-f892-4912-a485-b7e03c3c3ec4"}},{"id":"bd8c2e7c-ed72-424c-937a-4c3c8b366202","type":"Feature","feature_type":"anchor","geometry":{"type":"Point","coordinates":[30.381312527292398,60.007253616764082]},"properties":{"unit_id":"c2dd51b3-fb63-4cc1-b9e1-474c2e06a423","address_id":"3421c69d-f892-4912-a485-b7e03c3c3ec4"}},{"id":"0cf682ab-4f59-4b67-8341-4f07616f7a7c","type":"Feature","feature_type":"anchor","geometry":{"type":"Point","coordinates":[30.381468068927806,60.007322290209331]},"properties":{"unit_id":"2bc66941-1e3a-4279-9b5a-a673003a57f2","address_id":"bc5ee42a-212b-4da7-a2d3-c20293b4acf0"}},{"id":"9b1c7883-0f56-4dc0-8b14-d8a4cfd652da","type":"Feature","feature_type":"anchor","geometry":{"type":"Point","coordinates":[30.381433742520873,60.007231384298464]},"properties":{"unit_id":"27d4777c-a547-40cb-bfd1-53c43bd1b0f2","address_id":"3a3f027d-18ce-4173-be1c-382dda217aa8"}},{"id":"94c70f44-ef23-4521-8175-2ad51fbb1da0","type":"Feature","feature_type":"anchor","geometry":{"type":"Point","coordinates":[30.38131892986555,60.007347454362311]},"properties":{"unit_id":"aec54fe7-cb61-47d2-aa47-848ee03f7a26","address_id":"451d5824-03b1-4d97-a124-1e87c5b79319"}},{"id":"daec78f9-800c-4c5f-9208-be34a70f4043","type":"Feature","feature_type":"anchor","geometry":{"type":"Point","coordinates":[30.381191096214859,60.007369023479455]},"properties":{"unit_id":"1bcd1923-6dad-434f-aefe-fb3e9517733d","address_id":"061005a1-159b-4cea-8f45-0d13d0b6adad"}},{"id":"36f28f60-141c-4db7-ad3b-ecc1c2f1dad1","type":"Feature","feature_type":"anchor","geometry":{"type":"Point","coordinates":[30.381156997061083,60.007279859235688]},"properties":{"unit_id":"7d2e9510-2850-4994-b2c3-9c35ba192b9f","address_id":"f19368e0-5922-4299-86f3-a2bf06de5b11"}},{"id":"f7619830-584f-4235-8844-f38ee17b1803","type":"Feature","feature_type":"anchor","geometry":{"type":"Point","coordinates":[30.381600164152552,60.007300001755681]},"properties":{"unit_id":"a323b807-11c1-45d0-91ae-758a4460492e","address_id":"b52e95e8-0813-40cd-bb74-e60e3937012e"}},{"id":"b99fca40-4527-4514-9f58-b6130182c690","type":"Feature","feature_type":"anchor","geometry":{"type":"Point","coordinates":[30.381902702934763,60.00724895438767]},"properties":{"unit_id":"935456ee-621a-41c4-aa7e-763d812b6085","address_id":"64b054aa-de9b-48d4-950c-00e3b2a3f968"}},{"id":"436a53b7-06da-4ef6-9893-629f9ea375aa","type":"Feature","feature_type":"anchor","geometry":{"type":"Point","coordinates":[30.38208166937266,60.007218757623662]},"properties":{"unit_id":"1792a3fa-49fc-421f-bfe5-24a5ab3d152e","address_id":"64eee34f-16f1-4c66-806b-7b448a0bc7bf"}},{"id":"e4934067-3444-4735-af12-274374bb8150","type":"Feature","feature_type":"anchor","geometry":{"type":"Point","coordinates":[30.382260635647093,60.007188560310752]},"properties":{"unit_id":"87b88867-bc11-49d4-9a28-fe853790eb0a","address_id":"420e6d1a-6481-4c69-8e28-098d54b0bb3d"}},{"id":"6625d05f-3a13-4fda-b72e-8d01dccd1600","type":"Feature","feature_type":"anchor","geometry":{"type":"Point","coordinates":[30.3818707329315,60.007159430612873]},"properties":{"unit_id":"aec275ca-ee04-4abf-abde-0d1e077ae20b","address_id":"ae81378d-830b-4f22-bd12-fd143c6163f1"}},{"id":"c9755e0b-baeb-4575-8b8d-f3dd13adfa44","type":"Feature","feature_type":"anchor","geometry":{"type":"Point","coordinates":[30.381998565955513,60.007137861495728]},"properties":{"unit_id":"4dbda7e4-7d7a-4115-ac23-e86fa3b37b32","address_id":"96bc4fca-c9d0-4415-ba5a-d4e6c8856ec9"}},{"id":"906911d2-4740-4cfd-bbcc-394da2f6decf","type":"Feature","feature_type":"anchor","geometry":{"type":"Point","coordinates":[30.382177532598,60.007107664182818]},"properties":{"unit_id":"e9ec6c18-6b61-4fb2-a233-0dd9be5ed395","address_id":"dd1ddb1f-ec5d-42dd-bd8f-27549f094828"}},{"id":"62629941-7f78-425d-ba47-7bb870343e74","type":"Feature","feature_type":"anchor","geometry":{"type":"Point","coordinates":[30.380700121182123,60.00732728604391]},"properties":{"unit_id":"2850c2e0-e4d1-4d87-86a9-df9e63e58835","address_id":"4ebe1ecb-09bd-4fbf-9d26-e19e251908ab"}},{"id":"44a9d145-3224-47a6-a895-54e8ba7a7880","type":"Feature","feature_type":"anchor","geometry":{"type":"Point","coordinates":[30.380874486202554,60.0073465107992]},"properties":{"unit_id":"e2411aba-e767-4e3b-87f4-83dcc90184aa","address_id":"14c92f37-6d2e-4372-bdd3-042f23dbb307"}},{"id":"4c20521c-27a0-49a2-9136-0b62e3188968","type":"Feature","feature_type":"anchor","geometry":{"type":"Point","coordinates":[30.380936769096571,60.0074949888801]},"properties":{"unit_id":"4f071b91-142f-4185-9577-08ae8c05a962","address_id":"0526c1cb-f663-4d2a-b494-fabac38a0a98"}},{"id":"fe23faf2-d20f-4df9-aff8-ba3ae59e99d0","type":"Feature","feature_type":"anchor","geometry":{"type":"Point","coordinates":[30.380814283766227,60.00747175631443]},"properties":{"unit_id":"0670c630-e4b4-4181-ae55-4e5e3f3fd5cf","address_id":"797cefb5-621e-44af-b2f2-667b6208a860"}},{"id":"57e6c8ca-7d7a-4020-a609-926bcf60663c","type":"Feature","feature_type":"anchor","geometry":{"type":"Point","coordinates":[30.380842159968079,60.007397050981453]},"properties":{"unit_id":"5a6255d0-3d14-4e7c-8183-5fc04af234e6","address_id":"5a51048e-77e9-4407-8150-caf2e16294cc"}},{"id":"dd071f51-40da-4983-9078-c8b835385c10","type":"Feature","feature_type":"anchor","geometry":{"type":"Point","coordinates":[30.382581400031548,60.00700985802073]},"properties":{"unit_id":"cb655548-de2a-4733-9f70-2f522eaac413","address_id":"d504e52a-eb82-4ab5-9bc3-5d627d2d2652"}},{"id":"4e9e1bb3-a4f0-41be-a3ba-8699aa0a3381","type":"Feature","feature_type":"anchor","geometry":{"type":"Point","coordinates":[30.382738176369063,60.007147138494048]},"properties":{"unit_id":"db305649-beb4-41d8-b5dc-8982d3e2c143","address_id":"ef38e19e-0c63-4906-9b78-8b765122fde8"}},{"id":"82807b28-cc76-4c43-8a65-92c511e6f210","type":"Feature","feature_type":"anchor","geometry":{"type":"Point","coordinates":[30.382607996680562,60.007140628237934]},"properties":{"unit_id":"bd9f5554-f4bb-4a25-855b-b08f6acc8a0f","address_id":"1982186b-d19f-4d3b-a5f6-2d1f5b303583"}},{"id":"34ded407-90b6-4e79-95fd-7d0306e1a0cc","type":"Feature","feature_type":"anchor","geometry":{"type":"Point","coordinates":[30.382666782214773,60.007203084266465]},"properties":{"unit_id":"ac850628-cdfb-46b6-9cb3-023e80b726b9","address_id":"895e05ff-1255-406a-b75b-48ec263eae12"}},{"id":"35709400-2491-4218-adf1-347535ddb3d9","type":"Feature","feature_type":"anchor","geometry":{"type":"Point","coordinates":[30.381132186811804,60.007383709361356]},"properties":{"unit_id":"a1b692bd-858e-4e66-bfab-daa3fede1874","address_id":"f4fafb08-163a-45b4-936b-0b8842b4727a"}},{"id":"b20101c2-e314-4a79-9103-742efc0fafcb","type":"Feature","feature_type":"anchor","geometry":{"type":"Point","coordinates":[30.382376431630849,60.007173768216248]},"properties":{"unit_id":"face2241-6556-4e2d-bcf9-d608b567fc22","address_id":"8181744a-81c4-4e08-9fe8-91ce29d84477"}},{"id":"8ceb093a-fb5f-4a49-8e93-2d0693f2c7b9","type":"Feature","feature_type":"anchor","geometry":{"type":"Point","coordinates":[30.381025577444593,60.007391019093717]},"properties":{"unit_id":"c1038e2d-f8c0-4215-b84d-ae2b5f0a1fcc","address_id":"32155ddb-43de-422e-97d3-fa1ae54daec6"}},{"id":"87a3d1a6-5074-4e37-909c-28af75b58e97","type":"Feature","feature_type":"anchor","geometry":{"type":"Point","coordinates":[30.380975953327567,60.007317525737086]},"properties":{"unit_id":"0d4e8b6d-13d0-41fa-b02f-1a17c69b5b23","address_id":"da25e020-0652-4ebc-8f99-198af3eb2187"}},{"id":"b0bf0ea2-ebb1-44b9-a440-97303bb02e8f","type":"Feature","feature_type":"anchor","geometry":{"type":"Point","coordinates":[30.380763220725843,60.00739613266785]},"properties":{"unit_id":"cdeeeb68-12b8-4288-bd8e-39bb50e9ceef","address_id":"6125fada-d31c-4cbd-859f-fc75dffb9456"}},{"id":"4b920115-bbd3-4021-99a0-55c8d652f559","type":"Feature","feature_type":"anchor","geometry":{"type":"Point","coordinates":[30.380736610888309,60.007356723127096]},"properties":{"unit_id":"d6d73370-82af-4312-a8f5-d0d71e82c7cd","address_id":"9ba98428-e8ae-40cc-8f96-50a21876c4b7"}},{"id":"846ce55f-8de7-48c3-a577-9a7563a1c037","type":"Feature","feature_type":"anchor","geometry":{"type":"Point","coordinates":[30.380820971679551,60.007509781249048]},"properties":{"unit_id":"79dad106-f0a0-4db4-8c93-997d723d12e9","address_id":"e419b844-6753-44bd-9d63-11d5a453b357"}},{"id":"707411e0-9efd-4cba-9de2-86d013a01b39","type":"Feature","feature_type":"anchor","geometry":{"type":"Point","coordinates":[30.382703653678021,60.007096012633006]},"properties":{"unit_id":"41df05f6-798d-45a1-88b0-6924df291abc","address_id":"a723785f-44e9-4bfe-86a3-49f2b05c92b5"}},{"id":"1c921c56-b9c8-4917-9a76-0473cafc3ed8","type":"Feature","feature_type":"anchor","geometry":{"type":"Point","coordinates":[30.382667720301626,60.007046311447972]},"properties":{"unit_id":"3a9a9b30-3cc2-4d3f-8ec7-2567ef0f3a9b","address_id":"7f1d6dae-3847-4ba2-b021-31f6335eeed7"}},{"id":"bb01afdf-c71b-4711-a14b-92c14a86be88","type":"Feature","feature_type":"anchor","geometry":{"type":"Point","coordinates":[30.382776824795787,60.007179771286609]},"properties":{"unit_id":"90378b72-90f0-4977-a646-c5cc985466d7","address_id":"848d3bd3-4c68-46f5-8231-f56e1e5b4ba1"}},{"id":"52646d66-3f5a-428f-885b-01cafc8dccc0","type":"Feature","feature_type":"anchor","geometry":{"type":"Point","coordinates":[30.380770429606752,60.007315422892255]},"properties":{"unit_id":"8da6909f-24d6-4129-a4b6-092bedf2eb37","address_id":"c025a832-eef9-4015-9bba-a97e1f8a4185"}},{"id":"9ac57b0a-c9af-4d54-bf09-8626c88f0e90","type":"Feature","feature_type":"anchor","geometry":{"type":"Point","coordinates":[30.380840738006164,60.0073035597406]},"properties":{"unit_id":"2619a0c8-f6b4-4618-adde-0b5d0df519a2","address_id":"0b24a7bf-c63a-425e-a09f-3ef1d299c0a0"}},{"id":"adffaee0-adda-4c09-b64a-c507f7bf8b4c","type":"Feature","feature_type":"anchor","geometry":{"type":"Point","coordinates":[30.380925072847528,60.0074530628966]},"properties":{"unit_id":"28a17921-4220-4b0b-8be6-65639d469404","address_id":"848ad285-825c-47c1-898f-a07abf623e7f"}},{"id":"8fea8944-b1e0-4d4a-8eee-9ffd930ac6ac","type":"Feature","feature_type":"anchor","geometry":{"type":"Point","coordinates":[30.380789111319988,60.007434477063626]},"properties":{"unit_id":"679efba5-1042-486c-b24c-f565b9b46aa1","address_id":"37a13a77-2956-42c0-8af1-66e154dd70cd"}},{"id":"5032b314-6442-4aa8-8efa-f412771c9f7d","type":"Feature","feature_type":"anchor","geometry":{"type":"Point","coordinates":[30.381077174988963,60.007288809088216]},"properties":{"unit_id":"de6b90d5-dd0c-4831-942c-2cb49676f5f8","address_id":"20062a64-083f-4acd-b931-054b71c26f10"}},{"id":"af770607-baf2-4267-bafd-1943e70bc6e6","type":"Feature","feature_type":"anchor","geometry":{"type":"Point","coordinates":[30.382321418746436,60.007078867668653]},"properties":{"unit_id":"ec92cac2-736a-476e-a9b3-580da7a4f46e","address_id":"0c74c43d-84bf-48fd-8ab9-a4339e1fa5e1"}},{"id":"e5ec8642-267e-43e7-985a-12c546a8025d","type":"Feature","feature_type":"anchor","geometry":{"type":"Point","coordinates":[30.381745679841032,60.00726595718632]},"properties":{"unit_id":"2fa0d1d9-3433-42b6-b00a-f77796ef8636","address_id":"3997353d-e138-4da1-80d7-4ffe0103c6fb"}},{"id":"a1e9406c-282e-49c6-92b7-927401702fc3","type":"Feature","feature_type":"anchor","geometry":{"type":"Point","coordinates":[30.381760090688644,60.007290814502888]},"properties":{"unit_id":"95412558-610d-4244-ae5f-19ff69cc3dc3","address_id":"4868f540-b975-4cbe-a9fb-0d758b965496"}},{"id":"1d86d99a-4fbd-4a0d-9cf8-f37a674ed192","type":"Feature","feature_type":"anchor","geometry":{"type":"Point","coordinates":[30.381690258044337,60.007271749203731]},"properties":{"unit_id":"b56cd607-9b64-4abc-87ae-0eecd163ee35","address_id":"87a0ca2a-ef48-4b31-a3bb-50da4e61f131"}},{"id":"4b56648f-40f9-4e00-b7a3-38caaffc177f","type":"Feature","feature_type":"anchor","geometry":{"type":"Point","coordinates":[30.38253703778323,60.007067174951175]},"properties":{"unit_id":"4f247761-2844-474e-a58d-ed1b083951a4","address_id":"57b658f3-99de-4f49-9037-f452e51b8905"}},{"id":"2d5c1f81-70d2-435e-95f9-43d67466fe44","type":"Feature","feature_type":"anchor","geometry":{"type":"Point","coordinates":[30.382556905085551,60.007061449899844]},"properties":{"unit_id":"483bc921-2180-4ca8-9c04-5a0e21a67506","address_id":"2d43d47b-7952-47f6-aa6b-e358c617dd8d"}},{"id":"cfa9f9fc-0793-4a64-a161-3b96f2cf5867","type":"Feature","feature_type":"anchor","geometry":{"type":"Point","coordinates":[30.38244564135049,60.007111071768492]},"properties":{"unit_id":"ee57697e-c3b9-483c-b1bf-7c622b471eec","address_id":"a5e5e37b-9f5d-4786-a224-586146ff155a"}},{"id":"7f5663c6-686e-47f7-945b-f174586b2339","type":"Feature","feature_type":"anchor","geometry":{"type":"Point","coordinates":[30.380840389955321,60.0075385396145]},"properties":{"unit_id":"adbe52c8-b348-40a7-a2c8-b8627ca5fb7c","address_id":"84579987-c3a4-48b9-87f3-7754efd85379"}},{"id":"862d0081-836a-477f-ad1a-291b27a80f90","type":"Feature","feature_type":"anchor","geometry":{"type":"Point","coordinates":[30.380926386047495,60.007532335096982]},"properties":{"unit_id":"15256f2b-8fb1-475e-b5ea-4c4ac50b682c","address_id":"3ba74e4f-0095-4187-9392-1b9498abf008"}},{"id":"2e580140-dca8-47b8-8d93-0afb4b29c277","type":"Feature","feature_type":"anchor","geometry":{"type":"Point","coordinates":[30.382656400737289,60.00724043048335]},"properties":{"unit_id":"66a571a4-0717-4b23-b1a0-f4b8e060ee25","address_id":"ce8f628d-c075-4102-a9e9-875d83f7afaf"}},{"id":"1aafe1ff-9118-4f94-b17b-1aa6fdbd842e","type":"Feature","feature_type":"anchor","geometry":{"type":"Point","coordinates":[30.382796243825,60.0072085293776]},"properties":{"unit_id":"a6edf585-325c-4c51-9c09-97480eb8273e","address_id":"094d8bc7-cf32-4dd5-91e3-367ba3f2c7d5"}},{"id":"2012e709-5c2c-4b22-9831-3d45cc11ca62","type":"Feature","feature_type":"anchor","geometry":{"type":"Point","coordinates":[30.381809872217048,60.007211395745578]},"properties":{"unit_id":"9b9e9fc9-28f4-43b1-84bb-d02d4e87e6b3","address_id":"f0369e0b-bd78-4409-9d3a-02416b50305f"}},{"id":"838d0e51-38ce-4101-97d6-acda34a61536","type":"Feature","feature_type":"anchor","geometry":{"type":"Point","coordinates":[30.381514930621517,60.007219465158769]},"properties":{"unit_id":"d4f4fb5e-6c42-4ee8-b784-8735ad58cac0","address_id":"94e8f370-842b-4e33-a1e1-7a547cc260c5"}},{"id":"897c981b-4f7f-4e08-9745-72c4097d80dc","type":"Feature","feature_type":"anchor","geometry":{"type":"Point","coordinates":[30.381340235923371,60.007343859326483]},"properties":{"unit_id":"fe57c2bf-fefa-4fab-a911-43d584a4f076","address_id":"b4e3c44b-d152-4428-8486-fb2e58ee7c45"}},{"id":"211e3b67-9108-4707-9f56-32ecc4d2df86","type":"Feature","feature_type":"anchor","geometry":{"type":"Point","coordinates":[30.381468068927806,60.007322290209331]},"properties":{"unit_id":"c879a7f9-b123-4b21-b4fd-d4739cf700be","address_id":"091b5490-0bfb-4fe0-aa10-1c0c0a1a0c83"}},{"id":"4fc9ba9f-922d-4a97-8c24-18be47457e24","type":"Feature","feature_type":"anchor","geometry":{"type":"Point","coordinates":[30.381384966680038,60.007241394355852]},"properties":{"unit_id":"6f033dd8-baa7-406c-b884-6ada08c3a5db","address_id":"0d8ac70e-b1cd-4e49-a854-ce8c55c8d4ee"}},{"id":"8112a673-5ced-4f23-ae74-73b865aeff60","type":"Feature","feature_type":"anchor","geometry":{"type":"Point","coordinates":[30.381212401737606,60.007365428718082]},"properties":{"unit_id":"67fd6ffb-8425-41c5-9f48-b1681b6324eb","address_id":"d7558fdd-4a74-492c-b147-783b820f3ba7"}},{"id":"584ee4cb-50f3-48ce-86db-0299f7a9feb2","type":"Feature","feature_type":"anchor","geometry":{"type":"Point","coordinates":[30.381233696615791,60.0072669177654]},"properties":{"unit_id":"daae767e-a7d6-4856-aaad-2d0884f25443","address_id":"3a612d22-ba6d-445b-8b21-d0268131e8c4"}},{"id":"09dc6fac-418b-4bab-935f-41b04d380a3c","type":"Feature","feature_type":"anchor","geometry":{"type":"Point","coordinates":[30.381600164152552,60.007300001755681]},"properties":{"unit_id":"c1c6ae46-b345-4360-bac9-991dd7d920be","address_id":"d01bcc8b-82fe-4db4-af46-c8b27f78a0c9"}},{"id":"52d7de0e-f6fc-4831-8639-dd6639c7aa45","type":"Feature","feature_type":"anchor","geometry":{"type":"Point","coordinates":[30.381902702934763,60.00724895438767]},"properties":{"unit_id":"9fa0f39c-204e-4864-91ca-7e0fb2e89776","address_id":"0f765e89-5fed-4d20-8cd1-d434da8e0119"}},{"id":"e29da72e-318d-4d51-92ad-8675e9f4c008","type":"Feature","feature_type":"anchor","geometry":{"type":"Point","coordinates":[30.38208166937266,60.007218757623662]},"properties":{"unit_id":"fe6cd6f7-5f6b-44d1-8b3d-177287d27b5e","address_id":"b370e4f7-e46d-415b-8f2b-abf8eb7cb1c2"}},{"id":"e2bfe8e5-134f-4d6a-9ad6-7d9a76e70852","type":"Feature","feature_type":"anchor","geometry":{"type":"Point","coordinates":[30.382260635647093,60.007188560310752]},"properties":{"unit_id":"f981d20a-97b7-4dc0-a5be-1f15b4821302","address_id":"af35f76c-93f6-447b-a979-379a67004edc"}},{"id":"bd350436-e632-4ecb-8d48-c502934cc76a","type":"Feature","feature_type":"anchor","geometry":{"type":"Point","coordinates":[30.3818707329315,60.007159430612873]},"properties":{"unit_id":"9646f48f-e7dd-4e8d-adb2-521a914b8e67","address_id":"f2d84926-0818-4909-b08d-b9cc4a5bac02"}},{"id":"51dba63c-828c-416e-a631-3bd6f21eaf04","type":"Feature","feature_type":"anchor","geometry":{"type":"Point","coordinates":[30.381998565955513,60.007137861495728]},"properties":{"unit_id":"b8749649-74c1-440f-9952-0a5c3b166e75","address_id":"ca4c7b50-a7d5-478b-82f3-2481eb17db08"}},{"id":"80c37942-17b4-4b2c-b3f3-7d0d6c053401","type":"Feature","feature_type":"anchor","geometry":{"type":"Point","coordinates":[30.382147704286609,60.0071126970683]},"properties":{"unit_id":"72cfd9bd-d826-485e-a8e7-2f04ee0beaeb","address_id":"ced24d89-b4f3-4974-ae42-3862a802262a"}},{"id":"4cf48895-da74-46fe-872b-f382fb9abc0e","type":"Feature","feature_type":"anchor","geometry":{"type":"Point","coordinates":[30.380770429606752,60.007315422892255]},"properties":{"unit_id":"b13ca70c-e30f-4436-b5f4-0d9f5d07175a","address_id":"98ccd95e-8f14-4dcf-ba3b-a56049ec0c78"}},{"id":"dd3456d3-30bd-4fdf-abd0-f87d2fcbcaaf","type":"Feature","feature_type":"anchor","geometry":{"type":"Point","coordinates":[30.380936769096571,60.0074949888801]},"properties":{"unit_id":"8390950f-986f-4433-a60b-7c387c88e31e","address_id":"4855f9cc-990b-4e52-be73-d6526d56ff7d"}},{"id":"e0163fad-bf04-4ff2-ba24-4a3f2c5d2144","type":"Feature","feature_type":"anchor","geometry":{"type":"Point","coordinates":[30.380791170846429,60.007518369100495]},"properties":{"unit_id":"98780d88-93b9-4742-a811-82793db28a51","address_id":"d060f44a-2ee2-4614-8560-ef1c92d0a630"}},{"id":"437bf9cc-a133-4e9a-91cd-89fd23dfa11d","type":"Feature","feature_type":"anchor","geometry":{"type":"Point","coordinates":[30.382636793669004,60.007000511311816]},"properties":{"unit_id":"5b30d1fc-aaa0-4edb-a500-769124fc8c13","address_id":"0e472770-c041-489a-9f49-e0db52dc081f"}},{"id":"369c2b56-020f-4738-b155-67fd3c5ffc03","type":"Feature","feature_type":"anchor","geometry":{"type":"Point","coordinates":[30.382645410626736,60.007104653727971]},"properties":{"unit_id":"37b2595b-8b0f-4c97-ae00-87591cdfa758","address_id":"1ec27f84-2d00-4791-9e16-7a5d36ad31c7"}},{"id":"bd96fb7f-03f0-4599-95d0-5885e4293372","type":"Feature","feature_type":"anchor","geometry":{"type":"Point","coordinates":[30.382676132055227,60.0072169308767]},"properties":{"unit_id":"5ccc31c4-80a4-47f5-9636-c189e19f6c60","address_id":"c5453efc-d0d3-4350-b962-a205bddb12b9"}},{"id":"b1aff09a-632e-4eb8-be77-d70b9a27a55f","type":"Feature","feature_type":"anchor","geometry":{"type":"Point","coordinates":[30.382776824795787,60.007179771286609]},"properties":{"unit_id":"25a37d59-2223-4d8a-9c05-040ec1a9b894","address_id":"7a064bea-e30d-43c0-acc4-fbe39967152c"}},{"id":"1a69eb76-4e57-4c85-a9df-eafad044c53f","type":"Feature","feature_type":"anchor","geometry":{"type":"Point","coordinates":[30.381132186811804,60.007383709361356]},"properties":{"unit_id":"b909faf8-ae72-442d-bf44-e705342c5f84","address_id":"00029f6c-9568-4e4a-8566-fe213f58e758"}},{"id":"1fe5eecc-d353-4cc2-9770-9182196e2879","type":"Feature","feature_type":"anchor","geometry":{"type":"Point","coordinates":[30.382376431630849,60.007173768216248]},"properties":{"unit_id":"a4057ca3-e254-4d51-b13a-8c3fb5aa35de","address_id":"4ea373c4-48a3-43cb-b1b0-c2546f4732ba"}},{"id":"26e69789-8887-430b-90fe-9261c3037170","type":"Feature","feature_type":"anchor","geometry":{"type":"Point","coordinates":[30.380834437902269,60.0074102185995]},"properties":{"unit_id":"076bfab2-60cb-42f1-a974-c4e4248f7cd8","address_id":"add2e593-d607-425c-95af-34bbd8e8431e"}},{"id":"705ba0bd-8065-4716-b35a-162eb4765aca","type":"Feature","feature_type":"anchor","geometry":{"type":"Point","coordinates":[30.381615066633426,60.007202569396078]},"properties":{"unit_id":"8a18f4a0-6858-49c9-9c32-983ecab056ef","address_id":"8eda0fdd-9cdd-420c-b1b4-aba1741ccb2d"}},{"id":"8684e327-a11f-4fa6-ae65-b662659b1ba6","type":"Feature","feature_type":"anchor","geometry":{"type":"Point","coordinates":[30.381740769225935,60.007181359809955]},"properties":{"unit_id":"73c7a74c-00da-43b9-90db-ef2ef460f446","address_id":"33146ef6-cd2a-4b59-8eb0-87f0d7ed9cd2"}},{"id":"c9c3b26d-7a50-4105-829c-4dfc23890ae4","type":"Feature","feature_type":"anchor","geometry":{"type":"Point","coordinates":[30.382252101709675,60.007095082243552]},"properties":{"unit_id":"08dcec8e-5b8f-42b3-bfcf-711f98a8bd1f","address_id":"bf3606b7-c109-41ca-af63-f09a89e6c4f2"}},{"id":"b5bae370-c1f1-42e8-9234-6957bd79bd4e","type":"Feature","feature_type":"anchor","geometry":{"type":"Point","coordinates":[30.382470094210234,60.007147285874325]},"properties":{"unit_id":"bf7fd3db-4653-4f9c-9d41-2d9e6e9c85b1","address_id":"52036fa2-5600-4399-8c50-60de2b432c69"}},{"id":"83477817-a177-42e2-a988-61cd83e44df1","type":"Feature","feature_type":"anchor","geometry":{"type":"Point","coordinates":[30.381131429804189,60.007284173059119]},"properties":{"unit_id":"7d3c4d32-38bd-4777-9e65-83be1a8f470a","address_id":"e89be8a2-5c8e-4102-a8f2-3ce9a2a8c6ed"}},{"id":"79220632-4c11-4deb-a8c3-b309413ea3e2","type":"Feature","feature_type":"anchor","geometry":{"type":"Point","coordinates":[30.381025577444593,60.007391019093717]},"properties":{"unit_id":"d9ee37e6-b0ef-49dc-b747-d7d282fc9fde","address_id":"a10cf1ad-b4c9-4e5b-8670-5f6b8d4b58c7"}},{"id":"f8bd5093-87bc-42f8-94f0-0d1d14fa9cd0","type":"Feature","feature_type":"anchor","geometry":{"type":"Point","coordinates":[30.380975953327567,60.007317525737086]},"properties":{"unit_id":"454df2bf-d07f-4122-9056-1b58a0aef965","address_id":"a1676d21-5bd5-4c5f-9191-bbe9c31f9eb3"}},{"id":"ee27542c-077f-4493-b2e2-2863e4163044","type":"Feature","feature_type":"anchor","geometry":{"type":"Point","coordinates":[30.382526005829412,60.00701920445519]},"properties":{"unit_id":"79800f13-a0c8-4eee-afe6-dea113eee940","address_id":"d405f273-5182-4e75-8c7c-86027ee9a015"}},{"id":"84e501ee-a844-441b-bd00-0fe04d47197d","type":"Feature","feature_type":"anchor","geometry":{"type":"Point","coordinates":[30.38079488272286,60.007351636998081]},"properties":{"unit_id":"4c9b0d70-7017-40a3-83ff-cc6204a76588","address_id":"c4667766-9c0c-46ad-b4ff-df55480095eb"}},{"id":"348f1ca3-43e4-4a5a-a7f7-92d6823ebf04","type":"Feature","feature_type":"anchor","geometry":{"type":"Point","coordinates":[30.381077557630508,60.007288744317741]},"properties":{"unit_id":"a63d0031-641d-4d8b-b4f3-b0e8b589f6fb","address_id":"19426dd0-506a-4cfc-a69c-4a61a4a078d3"}},{"id":"188a03da-e890-4b21-a392-18e35c59d424","type":"Feature","feature_type":"anchor","geometry":{"type":"Point","coordinates":[30.382321418746436,60.007078867668653]},"properties":{"unit_id":"e2944379-931b-43ad-bcb4-734cd194f1e1","address_id":"425ada85-e81d-45c2-be8e-2d74eff75058"}},{"id":"d7dddca2-9dce-475e-9463-39d39069b97f","type":"Feature","feature_type":"anchor","geometry":{"type":"Point","coordinates":[30.381745679841032,60.00726595718632]},"properties":{"unit_id":"82541d22-4d72-4444-93c0-5a4eb0e03b73","address_id":"50aa25e7-ef39-4dcf-ad38-86502bbc9f6d"}},{"id":"9bc31cd5-aaaa-48cd-abf5-b51d1e1f43fa","type":"Feature","feature_type":"anchor","geometry":{"type":"Point","coordinates":[30.381760090688644,60.007290814502888]},"properties":{"unit_id":"da10ea5e-f358-4157-a2d8-5f04583064b2","address_id":"b667049c-46f7-4d7d-8581-7405486df65b"}},{"id":"14634508-b0de-4420-b4f2-d54d390367d2","type":"Feature","feature_type":"anchor","geometry":{"type":"Point","coordinates":[30.381690258044337,60.007271749203731]},"properties":{"unit_id":"42c12569-d95c-483e-aac9-9d12efa6565d","address_id":"b1a01c71-6135-4c18-9ada-ad5c56300d9e"}},{"id":"adeabc97-d7cc-43f3-a0d7-5075924d3fe1","type":"Feature","feature_type":"anchor","geometry":{"type":"Point","coordinates":[30.380840389955321,60.0075385396145]},"properties":{"unit_id":"27798107-b1ef-4d8f-9548-bbefa98817d0","address_id":"9cc65707-8939-4105-82ba-65b39690b06d"}},{"id":"7e13d771-6a3f-4d0b-9b1a-6beaf752e657","type":"Feature","feature_type":"anchor","geometry":{"type":"Point","coordinates":[30.382796243825,60.0072085293776]},"properties":{"unit_id":"49806385-c44d-4b9b-9871-1c355acddfdf","address_id":"22a5ed13-6cef-4e19-bbb8-470ccfed70d7"}},{"id":"daa81d8a-f93e-46ba-92e7-21bd95d91245","type":"Feature","feature_type":"anchor","geometry":{"type":"Point","coordinates":[30.381809872217048,60.007211395745578]},"properties":{"unit_id":"adfa8e82-77a9-4370-8f46-7a2b77f618c6","address_id":"412ddf8d-9d7a-40a1-850d-5b2e6c0e25a4"}},{"id":"4c781444-532b-46ee-a44f-c8e0f990192c","type":"Feature","feature_type":"anchor","geometry":{"type":"Point","coordinates":[30.381538366678956,60.007215510866367]},"properties":{"unit_id":"86c70435-d5b7-4f2c-bfa7-00a179e0f1b4","address_id":"823580e2-0ed8-4cb4-96e8-3888a928eabd"}},{"id":"62bd30ab-c7c1-4844-8150-57151ea44269","type":"Feature","feature_type":"anchor","geometry":{"type":"Point","coordinates":[30.381397760621,60.007334153360993]},"properties":{"unit_id":"3fe0682d-9255-4360-860d-336e38731e50","address_id":"1be0cc79-de94-4c0a-8b90-c8822fb42437"}},{"id":"9ee8d83a-7412-4307-91b1-80593a036cf9","type":"Feature","feature_type":"anchor","geometry":{"type":"Point","coordinates":[30.381214532344647,60.007365069187053]},"properties":{"unit_id":"b237b64e-cad5-48b6-ac78-845dc2db465e","address_id":"66aca6f7-d4b3-4c69-a0e2-21080561d40c"}},{"id":"e7db0a2e-4815-45d0-b57b-2435afa47d82","type":"Feature","feature_type":"anchor","geometry":{"type":"Point","coordinates":[30.381178302556965,60.007276264474314]},"properties":{"unit_id":"6db018ad-8307-4b99-9e29-ccb67f96ac24","address_id":"630b2c8e-c43c-4814-9474-1598aeb50438"}},{"id":"b23ccfe5-d539-48b4-9a96-517ec2311f85","type":"Feature","feature_type":"anchor","geometry":{"type":"Point","coordinates":[30.381602294206388,60.007299642224652]},"properties":{"unit_id":"5713e40c-f77a-4ecb-9dba-b62b705eac3b","address_id":"3cdcea03-6aeb-43af-ae01-9f17d76965c7"}},{"id":"bad6a041-27b3-487c-b2e2-65e0c90070c3","type":"Feature","feature_type":"anchor","geometry":{"type":"Point","coordinates":[30.381902702934763,60.00724895438767]},"properties":{"unit_id":"f97eb016-c566-478a-9fcf-a855f7981d21","address_id":"47107d58-a688-4795-83e6-a295c54cfce5"}},{"id":"a9fa4391-f60c-4e4d-8ec1-a882ba4694dd","type":"Feature","feature_type":"anchor","geometry":{"type":"Point","coordinates":[30.382109366041629,60.007214084269208]},"properties":{"unit_id":"edb3e281-0ce4-47c3-8419-84f941531040","address_id":"3ca32d82-b43e-4f7b-a38f-1bee708ca65b"}},{"id":"2de1048e-fe63-4d63-afb4-06a3b885aa79","type":"Feature","feature_type":"anchor","geometry":{"type":"Point","coordinates":[30.38229046288615,60.007183527699716]},"properties":{"unit_id":"5dde10e0-656b-474c-8a38-ed18dfa46bbe","address_id":"4d5eb1e9-f522-4be5-b80f-d99bb812b7f8"}},{"id":"fa199cd3-2566-4ac2-afd1-df4be1f0de86","type":"Feature","feature_type":"anchor","geometry":{"type":"Point","coordinates":[30.3818707329315,60.007159430612873]},"properties":{"unit_id":"266bea8a-a268-4bfd-a3a5-2e0443adb087","address_id":"5a08ba2b-ab09-4bde-a27b-3e631911544b"}},{"id":"e07c060d-0db8-418f-8ac6-43dba13acd60","type":"Feature","feature_type":"anchor","geometry":{"type":"Point","coordinates":[30.381998565955513,60.007137861495728]},"properties":{"unit_id":"7a752526-2294-48bb-8f54-94dc54ae4005","address_id":"55f3895e-3af9-44e7-b0e3-dd77d05637b4"}},{"id":"50332c73-6c62-4a73-8456-0b941d64e346","type":"Feature","feature_type":"anchor","geometry":{"type":"Point","coordinates":[30.382126399445145,60.007116292378576]},"properties":{"unit_id":"33b254a8-6d20-42b4-9fc8-4b56b3e90088","address_id":"e9f14eb5-bc9b-4346-a0d8-41f7559d45ed"}},{"id":"764a9e3f-d8d8-4aad-bf1c-85f6457397d5","type":"Feature","feature_type":"anchor","geometry":{"type":"Point","coordinates":[30.380948383693624,60.00752625051463]},"properties":{"unit_id":"f9dc6973-4bf0-4305-9440-0bc7ca356327","address_id":"660ab300-6b36-4941-980d-0a671a63ba0b"}},{"id":"caccab04-d63b-476d-a5f0-6bdceddfd5e3","type":"Feature","feature_type":"anchor","geometry":{"type":"Point","coordinates":[30.380820971679551,60.007509781249048]},"properties":{"unit_id":"f940235b-2973-4a60-8434-afc148e7d264","address_id":"aca94f56-80f4-446b-b336-91187382a17f"}},{"id":"99018d51-cf82-41ed-83f6-32742e795c34","type":"Feature","feature_type":"anchor","geometry":{"type":"Point","coordinates":[30.382686201203018,60.00723184263191]},"properties":{"unit_id":"000b7ff2-cd32-4862-9f0a-d4ecc820ffc1","address_id":"c49c0bc6-48af-49dd-ade9-d0e8eda368fd"}},{"id":"4368eef0-5620-4a27-ae2d-badb256dad26","type":"Feature","feature_type":"anchor","geometry":{"type":"Point","coordinates":[30.382776824795787,60.007179771286609]},"properties":{"unit_id":"fbd6ff53-b3e7-4cca-8eb2-de6fe408480b","address_id":"ba8d1858-5c77-41f6-aa45-581204a414a0"}},{"id":"d38c3617-e875-4340-bc3a-135fea69bf9e","type":"Feature","feature_type":"anchor","geometry":{"type":"Point","coordinates":[30.382666782214773,60.007203084266465]},"properties":{"unit_id":"f7e0d0db-77c3-4137-8cc6-3d929c94d039","address_id":"f90b48e4-1a24-4bf0-87fd-5599b981f801"}},{"id":"4c2b623c-146c-4fb3-9f66-26827efa35e8","type":"Feature","feature_type":"anchor","geometry":{"type":"Point","coordinates":[30.381132186811804,60.007383709361356]},"properties":{"unit_id":"48173a53-7cd3-4c08-904e-7113e96b90a7","address_id":"8b3e3b8d-7338-46ae-857f-df5616fca174"}},{"id":"5c522ae6-464c-4130-b600-a418a9ca2d84","type":"Feature","feature_type":"anchor","geometry":{"type":"Point","coordinates":[30.382376431630849,60.007173768216248]},"properties":{"unit_id":"4a25ebff-fc1a-43be-917c-bd8a4e2f0ead","address_id":"e4b00f3a-fc7a-49d7-9765-0fbcb90a0b25"}},{"id":"fe947808-e3a6-408e-bbfa-daa4c6e1463b","type":"Feature","feature_type":"anchor","geometry":{"type":"Point","coordinates":[30.381638502678893,60.007198615103675]},"properties":{"unit_id":"2b182c6a-a7ea-41f9-8cde-4a729eb2c4fd","address_id":"83bae14f-b090-4d58-86e8-0fc6cc545cf8"}},{"id":"0b76bcdd-3e47-4bc7-aaf1-3e7dd72ac791","type":"Feature","feature_type":"anchor","geometry":{"type":"Point","coordinates":[30.381715202594179,60.007185673633387]},"properties":{"unit_id":"b011351c-4819-454c-92b3-e97212665d5a","address_id":"05b27760-8f0a-48ca-ada5-d01bd4faae80"}},{"id":"add56b54-1602-4a12-9eef-74a8e301a22b","type":"Feature","feature_type":"anchor","geometry":{"type":"Point","coordinates":[30.381791902479392,60.00717273161419]},"properties":{"unit_id":"35f17d72-0022-4a63-9984-d1cf3bbd9e4c","address_id":"1ee8133d-22b2-44c9-976c-b9cebc96c99c"}},{"id":"78ae7aad-ad42-4d97-bec6-eba34aeee6a1","type":"Feature","feature_type":"anchor","geometry":{"type":"Point","coordinates":[30.382232926374492,60.007098318022805]},"properties":{"unit_id":"f88b3e9f-2c9c-4636-ad51-f95715e146e9","address_id":"1dadffe1-45b0-4cb4-a6ee-10a5ebd02245"}},{"id":"7734ae28-ad05-4d9b-85a3-ab02d4e0c128","type":"Feature","feature_type":"anchor","geometry":{"type":"Point","coordinates":[30.38135940000187,60.007245708179276]},"properties":{"unit_id":"ebd3799e-b635-4a0b-8932-3e9dcd72ffed","address_id":"14e5d982-eeef-4b8d-907f-4a1310a803bc"}},{"id":"49d7b65e-d2c6-4131-b5df-31c7e08009ff","type":"Feature","feature_type":"anchor","geometry":{"type":"Point","coordinates":[30.381077557630508,60.007288744317741]},"properties":{"unit_id":"ce4ba3ca-b380-4e2b-ad24-7ea3ff299604","address_id":"52a472b0-ada7-44f5-80a7-10aea6bc1bcb"}},{"id":"9ad2903a-31e6-49dc-a844-aa747d23e474","type":"Feature","feature_type":"anchor","geometry":{"type":"Point","coordinates":[30.382321418746436,60.007078867668653]},"properties":{"unit_id":"f8dd332c-08c3-475e-bcda-e3a1a0ff404e","address_id":"063e3997-fdc7-4142-931f-1898195412e9"}},{"id":"361ffe5a-d7e7-47e7-be4c-f5f9ed0fc566","type":"Feature","feature_type":"anchor","geometry":{"type":"Point","coordinates":[30.381745679841032,60.00726595718632]},"properties":{"unit_id":"69a4862e-e24d-4696-8a59-25d409b453fe","address_id":"4349ad09-d102-4a97-aacf-4bf0d2894a49"}},{"id":"fac0c8df-e7c0-4150-9113-f6ed1472a501","type":"Feature","feature_type":"anchor","geometry":{"type":"Point","coordinates":[30.381760090688644,60.007290814502888]},"properties":{"unit_id":"e66f2f3f-7a98-47cb-8d30-0706998d0fad","address_id":"039c8aa9-e473-4266-a3f3-d36c2c3dc8a1"}},{"id":"6838b5ab-87a4-4001-aadd-74de7c539800","type":"Feature","feature_type":"anchor","geometry":{"type":"Point","coordinates":[30.381690258044337,60.007271749203731]},"properties":{"unit_id":"7448f56b-ba16-4d34-a4f4-832ce8c0fb40","address_id":"d98f4b69-6896-4eb0-87c0-18b11836778a"}},{"id":"8ff2f64a-0ffb-45df-8ec7-801523a93d2c","type":"Feature","feature_type":"anchor","geometry":{"type":"Point","coordinates":[30.380935438877653,60.007507078179515]},"properties":{"unit_id":"d3e54764-145a-4735-8c29-c3a6cf9d5ad6","address_id":"179d49e4-941a-44de-8e34-48743f12c84a"}},{"id":"24900621-8aa9-4359-aebd-0377a8799ca9","type":"Feature","feature_type":"anchor","geometry":{"type":"Point","coordinates":[30.380840389955321,60.0075385396145]},"properties":{"unit_id":"0e51bb47-38ef-4fa0-8f1e-0eb668bd18b3","address_id":"2e151398-c3eb-4c57-8180-405a50ebb79c"}},{"id":"bf62864c-b22d-48de-9e3d-a18187933312","type":"Feature","feature_type":"anchor","geometry":{"type":"Point","coordinates":[30.382796243825,60.0072085293776]},"properties":{"unit_id":"c2168462-8fe4-468d-93d6-83b7d23f4c60","address_id":"49f5476d-6ca5-4f6a-8a45-29aae033ef64"}},{"id":"93f531ce-781e-4202-b1be-86a8998551b8","type":"Feature","feature_type":"anchor","geometry":{"type":"Point","coordinates":[30.381809872217048,60.007211395745578]},"properties":{"unit_id":"3c8903fe-ca65-46e5-926f-005dda0f9b90","address_id":"e2b40114-9965-48fc-8978-4885d47d0e1f"}},{"id":"69c0c715-10ea-40db-b9f2-2d8b9028d3b0","type":"Feature","feature_type":"anchor","geometry":{"type":"Point","coordinates":[30.381538366678956,60.007215510866367]},"properties":{"unit_id":"d65cb00c-600e-45c0-bde7-511aac5c9529","address_id":"348d8633-7886-4964-a638-9eba862fe467"}},{"id":"03780049-9015-426d-8f3f-898bbc60cb0b","type":"Feature","feature_type":"anchor","geometry":{"type":"Point","coordinates":[30.381470691911737,60.007321254156182]},"properties":{"unit_id":"c2ece0be-73dc-4dfb-9aaf-57164f81c72d","address_id":"696ba1a5-764a-437e-b889-d0da8f13d834"}},{"id":"1ede98ff-d8f4-4cdb-be23-76d1837899a7","type":"Feature","feature_type":"anchor","geometry":{"type":"Point","coordinates":[30.381286971323433,60.007352846504368]},"properties":{"unit_id":"efee6a9b-dd3a-4a70-82dd-eba0efe56210","address_id":"2b4b3982-1b51-4436-86ad-ba63140c0187"}},{"id":"2bba91f8-82b3-4486-9e98-028770f26c2b","type":"Feature","feature_type":"anchor","geometry":{"type":"Point","coordinates":[30.381205999862832,60.00727159111986]},"properties":{"unit_id":"e6c101be-3fb6-4ccb-8b2d-0f31e8bac617","address_id":"c5157d53-50bb-43cb-83bf-aee79fada7a6"}},{"id":"c160613c-a4b6-4c24-9176-28cc22e697a1","type":"Feature","feature_type":"anchor","geometry":{"type":"Point","coordinates":[30.381600164152552,60.007300001755681]},"properties":{"unit_id":"b2cd2d6f-9dde-4a51-add9-7fb0aa32f8f2","address_id":"315d533f-d1f7-4a1c-b239-84007b015114"}},{"id":"16fdcb98-0e5b-4252-bd84-de48baa95a77","type":"Feature","feature_type":"anchor","geometry":{"type":"Point","coordinates":[30.381902702934763,60.00724895438767]},"properties":{"unit_id":"1f843854-ce4e-4f6c-82b7-161c78db0d04","address_id":"8827f0df-564f-4825-914f-84f03533e3c7"}},{"id":"07a8e13c-2b53-4746-88cb-a51b6ef3da2d","type":"Feature","feature_type":"anchor","geometry":{"type":"Point","coordinates":[30.38208166937266,60.007218757623662]},"properties":{"unit_id":"b5184428-49b1-4774-9708-899a7b67e965","address_id":"4e01e99a-25ce-48f5-90c4-91b1c81f8e11"}},{"id":"4387667f-a37e-42c0-93c8-6613643a946e","type":"Feature","feature_type":"anchor","geometry":{"type":"Point","coordinates":[30.382260635647093,60.007188560310752]},"properties":{"unit_id":"e1b27e0f-516d-4d19-adcb-833114261283","address_id":"be78ac56-390e-4a26-87ec-f992e32d4b1b"}},{"id":"0ad1c804-71f8-4260-bf7c-24373c4139ae","type":"Feature","feature_type":"anchor","geometry":{"type":"Point","coordinates":[30.38200069655095,60.0071375019647]},"properties":{"unit_id":"bdb6929c-ac91-414b-8536-f5a499871d3d","address_id":"5db5454a-d24f-4bac-8340-e771da3bcfd5"}},{"id":"70768f68-03b6-46ee-924e-160fd34d3fa2","type":"Feature","feature_type":"anchor","geometry":{"type":"Point","coordinates":[30.38217966264256,60.007107305200691]},"properties":{"unit_id":"aa2be0b0-d16a-4756-9c04-b07cbec258b7","address_id":"722e37d3-e64f-4d52-bc0b-434bf8905b13"}},{"id":"293d1fbf-35b9-4c1b-bc1b-a1f742cd632e","type":"Feature","feature_type":"anchor","geometry":{"type":"Point","coordinates":[30.381132186811804,60.007383709361356]},"properties":{"unit_id":"84e35ea5-e0e1-4c7b-8b3a-c72810ac3645","address_id":"86d8f106-ec0a-415b-ac65-894972ecba5f"}},{"id":"3e673363-6217-427f-ab44-b9cd45e2c5dd","type":"Feature","feature_type":"anchor","geometry":{"type":"Point","coordinates":[30.382376431630849,60.007173768216248]},"properties":{"unit_id":"72b4559d-29d6-4965-a754-486e419ea461","address_id":"eefe8588-28b6-4ff0-8c20-58363c577806"}},{"id":"31a93713-9964-430d-bb5c-c4754a3703e6","type":"Feature","feature_type":"anchor","geometry":{"type":"Point","coordinates":[30.381689635959084,60.007189987456819]},"properties":{"unit_id":"8051b03e-ebc1-44d7-a214-ff20c7dfa3f9","address_id":"c30e376a-857e-4f13-87ab-3dea69aba9d7"}},{"id":"d159c8dd-a754-4092-b7cb-db7910b4fb33","type":"Feature","feature_type":"anchor","geometry":{"type":"Point","coordinates":[30.381845166316694,60.007163744436305]},"properties":{"unit_id":"0180dbf0-c836-4e73-a48f-4bf3c52c7a6a","address_id":"a443052d-2996-4d31-96d5-4e37bea32f7c"}},{"id":"d82ba630-4c55-4476-9e35-664268dbc674","type":"Feature","feature_type":"anchor","geometry":{"type":"Point","coordinates":[30.381387097282143,60.007241034824823]},"properties":{"unit_id":"8b8cac7d-8ed1-45cb-b42f-f89945fe8912","address_id":"03032d85-97a6-47da-a0de-a342730cbf67"}},{"id":"14afd8a6-49b1-4fe4-b5f6-e330ae12b1db","type":"Feature","feature_type":"anchor","geometry":{"type":"Point","coordinates":[30.381077557630508,60.007288744317741]},"properties":{"unit_id":"fea45db9-3603-4d0a-aec3-e211a012d839","address_id":"c8c3240c-5f1b-4d03-9c96-b6d8d5112b5d"}},{"id":"939abfd0-cf48-4589-bdc5-c57114675896","type":"Feature","feature_type":"anchor","geometry":{"type":"Point","coordinates":[30.382321418746436,60.007078867668653]},"properties":{"unit_id":"4e6ada67-ada6-4af5-99db-636680b135b1","address_id":"b6b0dbe2-1d50-4e16-b6bf-b214ce9bdf16"}},{"id":"d4e26852-670a-4b57-bb7a-496ebeb4c05b","type":"Feature","feature_type":"anchor","geometry":{"type":"Point","coordinates":[30.381745679841032,60.00726595718632]},"properties":{"unit_id":"77c70eff-7adb-48b3-b808-0a518d9f01b7","address_id":"983c942e-b0d2-4e21-9e29-5e0640221b40"}},{"id":"eb46cf65-d1ca-4f14-a151-4723a5a1b9b4","type":"Feature","feature_type":"anchor","geometry":{"type":"Point","coordinates":[30.381760090688644,60.007290814502888]},"properties":{"unit_id":"514e617e-5c78-47ea-9942-e5acc03de707","address_id":"182bac4b-e2ef-4c1e-b96b-a4afe9642244"}},{"id":"3a71de1f-c646-415e-81e3-16255e646077","type":"Feature","feature_type":"anchor","geometry":{"type":"Point","coordinates":[30.381690258044337,60.007271749203731]},"properties":{"unit_id":"ab235f3e-f9b6-40c1-932e-ea4f338b876a","address_id":"6a555ac9-8614-4988-8e6f-9e3bda045cc7"}},{"id":"54f7a77c-071d-4d6b-aee3-e77be9ddcd97","type":"Feature","feature_type":"anchor","geometry":{"type":"Point","coordinates":[30.381809872217048,60.007211395745578]},"properties":{"unit_id":"5d0fb735-f64f-422d-9cf7-02f4ac8da3d7","address_id":"a8e3dc1c-2226-4898-8efb-99bca004144f"}},{"id":"a943eef3-e2d7-4185-b17b-455bfc07b6c6","type":"Feature","feature_type":"anchor","geometry":{"type":"Point","coordinates":[30.381538366678956,60.007215510866367]},"properties":{"unit_id":"fe1edbe0-3c00-466d-b581-46ae4476b20d","address_id":"83df6121-2fca-41f9-910e-f321927fbdc9"}},{"id":"db34e6fa-9b97-444f-9d93-a7a9ca6691c1","type":"Feature","feature_type":"anchor","geometry":{"type":"Point","coordinates":[30.381542638416366,60.007309707995617]},"properties":{"unit_id":"3db714ae-e83d-429a-9f97-593810d8610b","address_id":"c4cd8396-1702-42c4-9d2e-1a6e20c4a64b"}},{"id":"acb9e154-7735-40d2-9084-e2648740f787","type":"Feature","feature_type":"anchor","geometry":{"type":"Point","coordinates":[30.381286971323433,60.007352846504368]},"properties":{"unit_id":"08469890-60ac-405e-a8ab-9a8e08f19fc0","address_id":"599814c7-5af5-4a68-9c20-cbf3007865b6"}},{"id":"03a2adef-aa18-40a6-8d31-c1898dcfa40b","type":"Feature","feature_type":"anchor","geometry":{"type":"Point","coordinates":[30.381205999862832,60.00727159111986]},"properties":{"unit_id":"ccbe3814-5e2d-4c1c-bf34-6e8a2440a0ca","address_id":"a79ad803-dee7-4ffe-8005-465f818f06f8"}},{"id":"7da4f9fd-18c1-4549-8bee-c23b686ff6cb","type":"Feature","feature_type":"anchor","geometry":{"type":"Point","coordinates":[30.381902702934763,60.00724895438767]},"properties":{"unit_id":"0e0ef99f-c75b-4741-94be-5a6893399681","address_id":"37aa72f6-770f-41c7-8482-08fd9aa947b5"}},{"id":"433b33c0-0e1e-4f0a-b934-71827c323654","type":"Feature","feature_type":"anchor","geometry":{"type":"Point","coordinates":[30.382058232797558,60.007222711916064]},"properties":{"unit_id":"eccf4faf-0125-42af-8364-8ce248c0ed82","address_id":"7845f933-36bc-4c53-a38f-cef681a20d28"}},{"id":"1afe07ff-a52c-4d59-82ec-229b273bb0f9","type":"Feature","feature_type":"anchor","geometry":{"type":"Point","coordinates":[30.3821818052387,60.007201861586523]},"properties":{"unit_id":"507fee98-7823-43fa-87a8-848988a452dd","address_id":"b356d959-6323-457b-92ad-ecce803aae94"}},{"id":"40c0677e-8385-4b13-8c79-e0bada74f6ef","type":"Feature","feature_type":"anchor","geometry":{"type":"Point","coordinates":[30.38200069655095,60.0071375019647]},"properties":{"unit_id":"15c36c29-a692-4377-af55-830adad42a8a","address_id":"cdb7cbec-18df-4493-b5b1-353bcb5a6c5b"}},{"id":"3258f6f2-9925-4219-a2c1-1022758dedd2","type":"Feature","feature_type":"anchor","geometry":{"type":"Point","coordinates":[30.38216620550649,60.007135013790425]},"properties":{"unit_id":"7a764839-f082-4f5e-b208-22d426713796","address_id":"5168c469-8c95-4bc9-b804-7e10d8636c0d"}},{"id":"b417ae28-75cb-40b5-a26f-8469069345c2","type":"Feature","feature_type":"anchor","geometry":{"type":"Point","coordinates":[30.381132186811804,60.007383709361356]},"properties":{"unit_id":"2dcc4e41-6c05-4a65-9364-659dcb150923","address_id":"a96b0803-d81c-429f-9da5-615611983443"}},{"id":"4d6d7c0c-5cbc-4aa0-b3ca-cf7d63ccc16c","type":"Feature","feature_type":"anchor","geometry":{"type":"Point","coordinates":[30.382376431630849,60.007173768216248]},"properties":{"unit_id":"3c1e4284-7f71-4dea-9689-fc5019ebfb88","address_id":"27380e2f-f7a9-4a53-91fa-4f95eff21860"}},{"id":"d5a03756-cff3-402e-b082-570067ae08cf","type":"Feature","feature_type":"anchor","geometry":{"type":"Point","coordinates":[30.381689635959084,60.007189987456819]},"properties":{"unit_id":"52930c2f-166c-4ca1-9642-0bc83779fc94","address_id":"527e72ab-386d-4bad-bb21-0a1cc8150887"}},{"id":"14fb7170-b508-4fac-8a90-ceec28c690f7","type":"Feature","feature_type":"anchor","geometry":{"type":"Point","coordinates":[30.381845166316694,60.007163744436305]},"properties":{"unit_id":"58b37a2f-597a-42bc-bfcd-fee8060cb399","address_id":"1f6cc9f2-8938-4fba-a81a-f6253312aef8"}},{"id":"0e7cd3a5-fb25-4c9f-b25a-e38b713bc630","type":"Feature","feature_type":"anchor","geometry":{"type":"Point","coordinates":[30.381387097282143,60.007241034824823]},"properties":{"unit_id":"185435ab-67cf-4f2a-993d-86ab217b8210","address_id":"ddbfe70f-d2c4-4192-bac4-748b32b73a3d"}},{"id":"562d1a8e-d36a-429e-86a7-11824eb9b652","type":"Feature","feature_type":"anchor","geometry":{"type":"Point","coordinates":[30.38230963824325,60.007180292194917]},"properties":{"unit_id":"a54a9b90-7afb-490a-a390-85704ad149ef","address_id":"7f91f3e7-c4f0-4247-8dd8-f68b4d30699b"}},{"id":"1f8b78e4-96ba-4981-805e-633ba98d7dcd","type":"Feature","feature_type":"anchor","geometry":{"type":"Point","coordinates":[30.382266311564184,60.007207510889323]},"properties":{"unit_id":"638ba9c9-3a7b-48a4-81dc-20c4c68c7df8","address_id":"251e65fc-7f61-42f3-86f5-1ffd1c6e4e35"}},{"id":"90093015-e398-4fb4-833f-2fa704dd4f55","type":"Feature","feature_type":"anchor","geometry":{"type":"Point","coordinates":[30.382239140295752,60.007167271408242]},"properties":{"unit_id":"380579ab-408c-4662-81be-21a209e39c56","address_id":"f7ad09c2-07b0-4c50-aa82-274bd6cec418"}},{"id":"1da2aa3a-66f8-4791-a531-69bf1c497315","type":"Feature","feature_type":"anchor","geometry":{"type":"Point","coordinates":[30.382105631979712,60.007124198767769]},"properties":{"unit_id":"cdfdcfdb-c020-46d6-a717-8003528a2af2","address_id":"5150a364-5a1c-4fa6-a4a7-5179d6a83a3d"}},{"id":"c7cb80d7-3e2b-4e8f-89c5-5968dc185dc4","type":"Feature","feature_type":"anchor","geometry":{"type":"Point","coordinates":[30.38224997056798,60.007095441774581]},"properties":{"unit_id":"01a0ad15-02e4-4e22-85ce-973ebc916cee","address_id":"f42b704e-904f-4d38-9144-3a9f8cc4c544"}},{"id":"288831b4-865b-48cc-9130-a029c23a09a2","type":"Feature","feature_type":"anchor","geometry":{"type":"Point","coordinates":[30.382197412792188,60.007108988684145]},"properties":{"unit_id":"574e7c10-5ecf-4cf6-a1ac-5d77d8022c3c","address_id":"caf00e9a-3f9f-411a-a1d0-f988286652a3"}},{"id":"e2463c73-9e4d-4f84-9ac5-f72e528ee7d4","type":"Feature","feature_type":"anchor","geometry":{"type":"Point","coordinates":[30.382137578891129,60.007094186983849]},"properties":{"unit_id":"1857b44b-e9cf-4641-8023-c28559b0dbee","address_id":"f55981e5-2d83-414f-a3d3-31cdb96e0e69"}},{"id":"d023b7e3-94f9-4b63-bee2-7135b888ed00","type":"Feature","feature_type":"anchor","geometry":{"type":"Point","coordinates":[30.381077557630508,60.007288744317741]},"properties":{"unit_id":"dd079d23-44a7-4800-80a0-ad91efdcc489","address_id":"b760273a-2fc9-4689-9763-ec9ee884da1b"}},{"id":"6055e385-73b3-4dd4-bce0-1bbe95b589ae","type":"Feature","feature_type":"anchor","geometry":{"type":"Point","coordinates":[30.382321418746436,60.007078867668653]},"properties":{"unit_id":"7b89a500-0917-49ff-ab02-f73313ac4425","address_id":"611bc15d-dbf3-474b-bb61-cc0a78a99018"}},{"id":"cbd6e9a8-9233-4fc0-ac1b-2997d89cc63d","type":"Feature","feature_type":"anchor","geometry":{"type":"Point","coordinates":[30.381745679841032,60.00726595718632]},"properties":{"unit_id":"7830b48c-4a97-4f94-8598-50d55c6112e0","address_id":"e77e5266-dab9-4fd6-80da-9edfc6b30175"}},{"id":"68de8bbe-c287-4332-a5b0-5e6af971bf96","type":"Feature","feature_type":"anchor","geometry":{"type":"Point","coordinates":[30.381760090688644,60.007290814502888]},"properties":{"unit_id":"93c81262-f012-49a5-9293-86adf481add3","address_id":"bc516125-28e4-40a6-8838-b39d92fceece"}},{"id":"151b7de3-7b0a-4381-bf06-bf8c020135a7","type":"Feature","feature_type":"anchor","geometry":{"type":"Point","coordinates":[30.379303977151935,60.006504385664272]},"properties":{"unit_id":"90d0f3e8-2d60-44c2-9dff-06f3ab1511d3","address_id":"57cfa7a1-495a-44d7-84cd-a6bc7889fc7b"}},{"id":"ccbc02d6-99b1-4e2f-ae1f-e26b2a1e095b","type":"Feature","feature_type":"anchor","geometry":{"type":"Point","coordinates":[30.379384776915472,60.006657236575606]},"properties":{"unit_id":"38106450-e788-4bf3-93fc-7bffc0f4437e","address_id":"6548276c-7407-4592-8b7a-385072f97e5e"}},{"id":"daac8715-0c32-41a7-b1aa-c6e1eb492bc3","type":"Feature","feature_type":"anchor","geometry":{"type":"Point","coordinates":[30.379490721844537,60.006774499129762]},"properties":{"unit_id":"79f3f16c-a66f-4d17-aadb-2447ea3a8f3d","address_id":"c997bd4c-b030-4644-a141-338346b10dd8"}},{"id":"bf08055a-c421-4dc5-afa5-283223eb29c4","type":"Feature","feature_type":"anchor","geometry":{"type":"Point","coordinates":[30.37946836017505,60.006741942634626]},"properties":{"unit_id":"a112db63-bb4c-4cf1-891d-a8f6354c4ad5","address_id":"84c6b2be-609f-4d3c-b5e6-4763d8841065"}},{"id":"e1c5e455-4fa4-4a19-b1cd-fe6e6c92f2de","type":"Feature","feature_type":"anchor","geometry":{"type":"Point","coordinates":[30.3790437956151,60.006830189937048]},"properties":{"unit_id":"d7f1f7d1-85bb-4647-9547-6ff158459351","address_id":"973e0604-5b32-434b-b2c4-18de6b950348"}},{"id":"c18b34a2-5466-40fd-a356-d1de97cdc11e","type":"Feature","feature_type":"anchor","geometry":{"type":"Point","coordinates":[30.379268654381114,60.00679224953339]},"properties":{"unit_id":"07e2a268-f106-47e1-ace7-6675e570df45","address_id":"b036f5af-c044-4708-86da-0b3ebba8ecb1"}},{"id":"ec0d76a8-9ae1-4ec7-ad32-0657e852b212","type":"Feature","feature_type":"anchor","geometry":{"type":"Point","coordinates":[30.378898363586529,60.006856627268988]},"properties":{"unit_id":"99422a34-8467-4e95-b4e6-297b31101e4c","address_id":"d266cc96-c919-43ff-b851-e2a24de06ca1"}},{"id":"21f4b2b5-11e1-485f-a70a-0e04c78f7a4c","type":"Feature","feature_type":"anchor","geometry":{"type":"Point","coordinates":[30.378646355313791,60.006668974303075]},"properties":{"unit_id":"d5d907d5-b0a6-43fc-b4a3-12a6dfa9fc22","address_id":"734554f9-4421-45bf-9df2-20f797f9d822"}},{"id":"13685d7c-4ff2-4ba1-b20a-3fb451b69cf6","type":"Feature","feature_type":"anchor","geometry":{"type":"Point","coordinates":[30.379400961744373,60.00676992540108]},"properties":{"unit_id":"f2c458fb-5f1a-4110-9eb3-6e1e748a2f6e","address_id":"80e70cbd-a4e5-40d6-861a-33227e3a8e88"}},{"id":"daf7b7ca-7d6d-4318-811f-12c22a49a79d","type":"Feature","feature_type":"anchor","geometry":{"type":"Point","coordinates":[30.379002914044229,60.00672585430727]},"properties":{"unit_id":"bc8ee7a1-6668-4727-b4cf-b12330a5c349","address_id":"8ea912ea-d770-4e28-a4f0-359288b52972"}},{"id":"6f4cbd84-7b46-479b-bd43-17288ad45dff","type":"Feature","feature_type":"anchor","geometry":{"type":"Point","coordinates":[30.379051896700066,60.006758109729475]},"properties":{"unit_id":"598f2a93-0ed9-4436-908d-666b82761b33","address_id":"8619f088-1991-479a-9b6d-ef5ca7b42e04"}},{"id":"11e74465-9438-4dfb-af66-35a34b656d32","type":"Feature","feature_type":"anchor","geometry":{"type":"Point","coordinates":[30.37910388227148,60.006749338270204]},"properties":{"unit_id":"c4c0850d-659b-48b5-a136-c9bd115f8353","address_id":"a8adbc17-494d-400c-970b-0f17ed5f11e8"}},{"id":"a98b240d-eadd-421a-9501-2d34a634d280","type":"Feature","feature_type":"anchor","geometry":{"type":"Point","coordinates":[30.379127016361711,60.006745359002743]},"properties":{"unit_id":"06871881-287c-4989-84b4-c4ab48695d12","address_id":"ad5eafb2-3f60-4b37-9470-88a35771b7e5"}},{"id":"3373d802-aa5a-4978-be69-5df7f78ed553","type":"Feature","feature_type":"anchor","geometry":{"type":"Point","coordinates":[30.379172912064227,60.006737690837163]},"properties":{"unit_id":"670608a3-fb4e-4683-abed-81da067143cb","address_id":"7b2ef8f1-becc-454c-a675-195fd8408810"}},{"id":"270c69ac-194a-4c2d-8ded-dc8158b6bb01","type":"Feature","feature_type":"anchor","geometry":{"type":"Point","coordinates":[30.3792240453097,60.0067290631903]},"properties":{"unit_id":"c8773c27-8144-4fc9-8e9d-0e520a63b553","address_id":"611fbb4d-117b-4a59-8f77-485cb3a8f046"}},{"id":"ef86fbe3-c81c-4eb7-b2e9-0a84539841b3","type":"Feature","feature_type":"anchor","geometry":{"type":"Point","coordinates":[30.379165241605222,60.006698713282539]},"properties":{"unit_id":"0ce38805-f991-430e-809c-51ba29d45b50","address_id":"d6005894-9fee-4d51-a459-b39a8c255f18"}},{"id":"1ab4664d-58cb-4a48-bc0f-55e6af1c0c5f","type":"Feature","feature_type":"anchor","geometry":{"type":"Point","coordinates":[30.379294247445909,60.006721963687532]},"properties":{"unit_id":"f96ef4ee-4204-41f5-b2d2-f31528f1b284","address_id":"7685953d-cb7e-4ab3-a298-3577bfdf8dcc"}},{"id":"07ea3051-ca42-4563-b998-4402f0eaad9e","type":"Feature","feature_type":"anchor","geometry":{"type":"Point","coordinates":[30.379332171350807,60.006715564858595]},"properties":{"unit_id":"f2e02b89-caf3-44d9-b09d-bec46586a0b6","address_id":"171f11a6-0d45-4408-a13d-86e4554fa1af"}},{"id":"50a4254e-0882-4e4a-91ff-85294e73d6a3","type":"Feature","feature_type":"anchor","geometry":{"type":"Point","coordinates":[30.379756520985111,60.006718609894286]},"properties":{"unit_id":"d72e0060-dcc4-42bf-822c-be07e2fe5fc8","address_id":"56630dfe-8171-4dea-aeee-a380904a913d"}},{"id":"ebe146a7-83ac-47ee-ae1e-5b6bbbaa13a7","type":"Feature","feature_type":"anchor","geometry":{"type":"Point","coordinates":[30.380085870167079,60.006663173503227]},"properties":{"unit_id":"60473996-59c2-4c21-98c7-73118ff46133","address_id":"bd9304c5-9ccc-4723-b241-99c3dea566e5"}},{"id":"14dd8069-26c4-4b12-89e1-4b18fd3212fa","type":"Feature","feature_type":"anchor","geometry":{"type":"Point","coordinates":[30.380245770634314,60.006632917183317]},"properties":{"unit_id":"c4385ea4-493d-49c4-929a-7362626ca645","address_id":"a493e5f5-5cca-4dce-b266-8913cc006274"}},{"id":"d29f293a-fec1-4221-975a-7be39665288c","type":"Feature","feature_type":"anchor","geometry":{"type":"Point","coordinates":[30.379662274719696,60.006657493461894]},"properties":{"unit_id":"556c0a7d-3101-44c3-b485-c4b36afcb4ff","address_id":"a9f7b625-2c7e-4e87-80c3-f471ca244572"}},{"id":"62357179-9936-4c49-a745-b42d3a69b36c","type":"Feature","feature_type":"anchor","geometry":{"type":"Point","coordinates":[30.379690849652604,60.006659790618158]},"properties":{"unit_id":"77061277-9902-4e8c-8204-bd7f2beafd37","address_id":"c17c5ad2-032b-4db2-8b3a-250428f95839"}},{"id":"dfbc12d1-c652-45ed-a407-6eac26e3475d","type":"Feature","feature_type":"anchor","geometry":{"type":"Point","coordinates":[30.37975391430497,60.00664914987199]},"properties":{"unit_id":"9dde4ac2-0a2c-4654-8344-d1f8f1b7bfb5","address_id":"d472a421-8585-43eb-a2ae-bdaf6fc0cc3d"}},{"id":"dcfe2e33-c282-4e9b-910e-5af7e87a1674","type":"Feature","feature_type":"anchor","geometry":{"type":"Point","coordinates":[30.37977488153356,60.00663849320766]},"properties":{"unit_id":"ebc3543a-ed8c-4c6e-b2bd-0e7d339438c9","address_id":"3f32c209-3a47-43ba-9c22-0ccf8b78252d"}},{"id":"89cc5220-1829-4b21-86d8-574ab6c9a2b6","type":"Feature","feature_type":"anchor","geometry":{"type":"Point","coordinates":[30.379839081442395,60.006627660620133]},"properties":{"unit_id":"1346f334-9917-47a4-9bf8-1af0d97ded19","address_id":"8d1875c4-7df7-404c-8f9d-0ac35657a03e"}},{"id":"e78f72c7-3e09-42e0-9e02-3dd11b146e38","type":"Feature","feature_type":"anchor","geometry":{"type":"Point","coordinates":[30.379489902746837,60.006641966936073]},"properties":{"unit_id":"6d6ae25f-8bae-4fcd-8e2c-2d26b725936c","address_id":"027c1794-2203-4837-b6a8-e1fffc40c91d"}},{"id":"eec76a20-3a29-42c7-9091-df24d4869622","type":"Feature","feature_type":"anchor","geometry":{"type":"Point","coordinates":[30.379622848198643,60.006619534944456]},"properties":{"unit_id":"1a764509-7d70-4d04-9dbe-5ebe07ef5708","address_id":"ad6818ef-1b39-43af-8b6b-e40f984e0a7f"}},{"id":"b30445ab-118b-47a9-a04b-e43a23eee5be","type":"Feature","feature_type":"anchor","geometry":{"type":"Point","coordinates":[30.379865617971607,60.0065779605329]},"properties":{"unit_id":"3311129e-7cc5-42fc-a5ff-ae28870f2a55","address_id":"f4ab076f-b34d-41d1-b033-51e70c4fea60"}},{"id":"24849cf5-accd-4d1e-850e-b542fa2b16f2","type":"Feature","feature_type":"anchor","geometry":{"type":"Point","coordinates":[30.380044179068673,60.006592579997623]},"properties":{"unit_id":"ed3709b3-463e-47f3-b064-14cf36c17969","address_id":"63146f27-b2bd-4ba6-a76d-2a3d59e2e0aa"}},{"id":"79e4ec69-c8c0-4773-99c1-c624e401b834","type":"Feature","feature_type":"anchor","geometry":{"type":"Point","coordinates":[30.380228199665147,60.006403966727085]},"properties":{"unit_id":"0870e167-d4c1-48bc-aaf7-7052779a2dab","address_id":"a62944c9-7a8f-4f46-9581-333ad3e69639"}},{"id":"2aa38e6d-20f1-4b20-990b-29435ff19086","type":"Feature","feature_type":"anchor","geometry":{"type":"Point","coordinates":[30.380147890536126,60.006203478777941]},"properties":{"unit_id":"2139d146-8004-4f68-a3bb-e70a508bb8b7","address_id":"8e83114d-0d18-472d-bc10-27eb8644ea4c"}},{"id":"a06933d2-5fa5-4896-a2e4-f5c5e629ccba","type":"Feature","feature_type":"anchor","geometry":{"type":"Point","coordinates":[30.379455382830141,60.006590841075031]},"properties":{"unit_id":"61a95257-bd2c-43c7-bb36-be37fa46343f","address_id":"4c8ce1dd-775e-4073-86fd-1518f3287926"}},{"id":"3d7e3f35-63f5-42dc-80f8-875963e644d8","type":"Feature","feature_type":"anchor","geometry":{"type":"Point","coordinates":[30.379588328739885,60.006568409083414]},"properties":{"unit_id":"f08a41e1-4265-4558-aea6-f5c276cf8e44","address_id":"8b7df4a3-fad0-4c72-b105-4108c17cfda8"}},{"id":"88a40dfd-105a-4462-8f12-8452d2af17f4","type":"Feature","feature_type":"anchor","geometry":{"type":"Point","coordinates":[30.379367349167836,60.006609491678482]},"properties":{"unit_id":"0174ba7d-6e1f-4b46-ba71-f35abfdd9e29","address_id":"f8b7d6fe-f6ea-49b8-a574-aa1e5ba2ef47"}},{"id":"7a96167b-b6d0-4dbf-93c0-b3f87f239294","type":"Feature","feature_type":"anchor","geometry":{"type":"Point","coordinates":[30.379329952943543,60.006554105237541]},"properties":{"unit_id":"bd44c586-32fe-4de3-b446-02dd24665f07","address_id":"fbf3cb65-443a-47c9-80f3-206b80f8a21f"}},{"id":"1522ebb8-10c4-41fe-91ef-b74b6f34b633","type":"Feature","feature_type":"anchor","geometry":{"type":"Point","coordinates":[30.379347363754807,60.0065995754834]},"properties":{"unit_id":"3c13a4cf-eada-47b1-b649-a7e67ce7a12f","address_id":"f36f167a-0057-457c-a0bc-ca9ca9ef585c"}},{"id":"c078281c-c8df-4951-a0fb-432676718e52","type":"Feature","feature_type":"anchor","geometry":{"type":"Point","coordinates":[30.379326364071112,60.006568473853889]},"properties":{"unit_id":"74f509a2-5a91-435b-b1a2-e365a7ba97a8","address_id":"99837bfd-bb69-4f28-9e62-0718c05738f2"}},{"id":"d9682880-64a2-4f60-bbaf-c5087708ea26","type":"Feature","feature_type":"anchor","geometry":{"type":"Point","coordinates":[30.379420863515794,60.006539715214]},"properties":{"unit_id":"9c2868a2-e6ab-4f7b-a41b-9735cfdb6896","address_id":"a3b3a194-9850-457a-ad7f-1c9d050634a2"}},{"id":"29f083fd-9e44-4601-9604-be7a53012983","type":"Feature","feature_type":"anchor","geometry":{"type":"Point","coordinates":[30.379553809334471,60.006517282947925]},"properties":{"unit_id":"80c9fa67-fe61-437a-8bd9-cab13fa56b60","address_id":"fb90312c-731e-4d38-983e-85ef551408a3"}},{"id":"8721d287-2483-4dd9-a41c-fc72e6e0a35f","type":"Feature","feature_type":"anchor","geometry":{"type":"Point","coordinates":[30.378469472697031,60.006485730944057]},"properties":{"unit_id":"788f0d54-5e3f-4824-a82d-b1155c85ed67","address_id":"cc10f8c1-45d1-4382-ae20-0d0cbf217c22"}},{"id":"07955217-c9ae-4790-b9b3-7f5656b9ed0d","type":"Feature","feature_type":"anchor","geometry":{"type":"Point","coordinates":[30.379547680479423,60.006477977424161]},"properties":{"unit_id":"ad0cc528-555d-4e1d-99d2-ca2ee016a884","address_id":"1394a061-1aca-4a73-a854-047ff1e3c691"}},{"id":"cc962bdf-5d6e-448b-8fa2-82af113a6917","type":"Feature","feature_type":"anchor","geometry":{"type":"Point","coordinates":[30.379395493361805,60.006476130093361]},"properties":{"unit_id":"7679c4fd-95a2-4343-aa3d-8cc2e8677e27","address_id":"4db9a2b3-9228-48d1-ae7b-941f305dba18"}},{"id":"f374bc81-e8f5-42b2-9a37-9cd4ab8a0719","type":"Feature","feature_type":"anchor","geometry":{"type":"Point","coordinates":[30.379354510138928,60.006454094958137]},"properties":{"unit_id":"c5bbacd1-804e-407f-9ba8-ad57add9babf","address_id":"bc527a8b-8853-4798-8858-cc7d788c5eb9"}},{"id":"8a889dd8-1b7b-41f0-af36-933e67a0f9dc","type":"Feature","feature_type":"anchor","geometry":{"type":"Point","coordinates":[30.379409052300641,60.00644489206163]},"properties":{"unit_id":"40f32a02-5e59-44eb-8bae-051270412b95","address_id":"a5dda28d-2e7d-419e-ac55-f4b668261c48"}},{"id":"09e27cf5-2226-4835-888d-a8a86ac15d9f","type":"Feature","feature_type":"anchor","geometry":{"type":"Point","coordinates":[30.379456776130713,60.006436839664417]},"properties":{"unit_id":"d3ea47ca-d0ff-434f-b016-9d38411f423f","address_id":"52fd277d-3817-4c60-aad8-ae0477ada77c"}},{"id":"d174a189-887e-4d9c-8d04-fc7baa8d30b4","type":"Feature","feature_type":"anchor","geometry":{"type":"Point","coordinates":[30.379490012950832,60.006431231529284]},"properties":{"unit_id":"0b1552cf-ac4d-4d3b-ba36-aed9decebe5b","address_id":"963eee05-a65d-4544-99e7-9ff2c18b2a05"}},{"id":"3f8f7374-001b-4ef5-9784-43f5d87048fb","type":"Feature","feature_type":"anchor","geometry":{"type":"Point","coordinates":[30.379326554692756,60.006424641956784]},"properties":{"unit_id":"90684ea7-b29b-44b3-a981-c3e7e11abf94","address_id":"ae64fb53-9440-40cc-836b-063c896b856b"}},{"id":"40131918-1f27-422e-862b-965da90c759c","type":"Feature","feature_type":"anchor","geometry":{"type":"Point","coordinates":[30.379417028279477,60.006408901633506]},"properties":{"unit_id":"0eae8b61-c2f8-43b3-8ebd-8bad0870ba1d","address_id":"a5d20fb1-1259-4124-a341-caf151f29628"}},{"id":"ee954c6d-0fc7-4506-9077-3c5471c3495b","type":"Feature","feature_type":"anchor","geometry":{"type":"Point","coordinates":[30.379286641450932,60.006418720947323]},"properties":{"unit_id":"277b9b97-b061-4e4a-b804-993d17752d28","address_id":"de0eb41b-c358-4d1b-b13c-39dc690c5dab"}},{"id":"a94519af-4b1b-4fa4-8dcf-793d1c73041d","type":"Feature","feature_type":"anchor","geometry":{"type":"Point","coordinates":[30.379380113676156,60.006379536182074]},"properties":{"unit_id":"46ef1fc9-5907-478e-b4b1-efb9d4797f3c","address_id":"eeef0ea1-4cc7-4f75-930f-6b89e6ac044e"}},{"id":"f3ca9d90-9f3e-453b-82f2-5d0fcf65f5ab","type":"Feature","feature_type":"anchor","geometry":{"type":"Point","coordinates":[30.379483999535132,60.006373397807295]},"properties":{"unit_id":"bf888501-05ce-4c61-9a74-d5a7829bc721","address_id":"bcf2026c-1945-44e0-a397-a4765f00fd59"}},{"id":"99263a05-7747-4e85-9a89-ebeada9f816b","type":"Feature","feature_type":"anchor","geometry":{"type":"Point","coordinates":[30.37946575986199,60.006346101717661]},"properties":{"unit_id":"a4386946-db5b-439c-a31f-74dd490e3cf7","address_id":"5c2c6615-fee7-449d-90fd-4a5c10e37f39"}},{"id":"749d6791-8df2-4ee3-acd8-b2fb97c3cc46","type":"Feature","feature_type":"anchor","geometry":{"type":"Point","coordinates":[30.380002651637597,60.006161305788396]},"properties":{"unit_id":"aa3b9603-cda9-400f-ba1a-356d6800caaf","address_id":"e6bb0c61-c537-43b4-9f34-317ef3cd6cee"}},{"id":"9fe66591-cb0f-4908-853e-16d4f80c6ebc","type":"Feature","feature_type":"anchor","geometry":{"type":"Point","coordinates":[30.37998316870318,60.006124015559543]},"properties":{"unit_id":"231b60f4-8748-4afe-a03d-991fbcab9367","address_id":"4ac48964-ccd7-471b-b390-b3a6355bfe12"}},{"id":"fe84ffae-9aa9-4e86-b66a-6acb353898c4","type":"Feature","feature_type":"anchor","geometry":{"type":"Point","coordinates":[30.379965621258268,60.006098026680817]},"properties":{"unit_id":"a3b360c9-17f5-4c2c-af34-d4b3032049b4","address_id":"63022005-7e59-4f70-bc27-3af6a290c483"}},{"id":"99ea02c4-d901-460c-935d-7d777382109d","type":"Feature","feature_type":"anchor","geometry":{"type":"Point","coordinates":[30.379977103068423,60.006074258386469]},"properties":{"unit_id":"bd200d18-389b-4700-b4c7-40399fa32319","address_id":"4664d933-b22f-4a0c-9eb0-db12ef63d22b"}},{"id":"fb8d71c9-bea6-4c8c-8df4-dd7dce8e1d5b","type":"Feature","feature_type":"anchor","geometry":{"type":"Point","coordinates":[30.379946362600361,60.00607137747258]},"properties":{"unit_id":"e2e0fd11-4994-41a0-add0-1d80161d1b84","address_id":"b6e7369b-885c-4817-9f6d-b612168a34e2"}},{"id":"290040f6-c9db-49d6-ba21-bf25a9fcc8ce","type":"Feature","feature_type":"anchor","geometry":{"type":"Point","coordinates":[30.379870431408406,60.006110576509293]},"properties":{"unit_id":"f6a9c470-238c-44c0-86f3-3f64b2055c22","address_id":"75e3208f-0b1d-4974-bd1a-af195eb90008"}},{"id":"96999af5-4bbd-42fe-b76b-749b5fef5ccc","type":"Feature","feature_type":"anchor","geometry":{"type":"Point","coordinates":[30.37976051513899,60.006131685371834]},"properties":{"unit_id":"091b6210-1d1b-454f-8348-51f02419d7cc","address_id":"7cbd77ce-096c-42c9-9fb2-c170818f0025"}},{"id":"510b83e3-fb6a-49b3-8caf-b8b963ea9e96","type":"Feature","feature_type":"anchor","geometry":{"type":"Point","coordinates":[30.379625958914218,60.006154303990243]},"properties":{"unit_id":"6d6ef749-f8d0-4d76-b4ca-7a8d095e3551","address_id":"aeb6cde7-8566-4b9a-9834-3fae62715d85"}},{"id":"d91cc379-ce3c-4c32-834e-9f32f5badde0","type":"Feature","feature_type":"anchor","geometry":{"type":"Point","coordinates":[30.3795202420656,60.006141378987024]},"properties":{"unit_id":"67b11530-3a95-47da-a921-0b35f52785f9","address_id":"9bd881d5-804a-4210-8b74-26a6d115bf20"}},{"id":"63e5dc61-ecf6-4bf6-b026-29e552711b84","type":"Feature","feature_type":"anchor","geometry":{"type":"Point","coordinates":[30.380158106269764,60.00608785414834]},"properties":{"unit_id":"3bd00c54-540a-43d7-b250-44f9837d2844","address_id":"a27a3044-2554-4cf6-b096-5d8f6463bd1e"}},{"id":"98e2bf66-2e32-4487-b2c6-a6d3abe70a9b","type":"Feature","feature_type":"anchor","geometry":{"type":"Point","coordinates":[30.380116970132356,60.006026929008414]},"properties":{"unit_id":"a7832a0f-ca5e-4027-b465-ef565e1a76ed","address_id":"5c49cb8e-e375-4cb3-91bc-e65283042ec5"}},{"id":"397b5066-0d1d-43f0-81a3-94740582eeb0","type":"Feature","feature_type":"anchor","geometry":{"type":"Point","coordinates":[30.3800743955755,60.005963873578537]},"properties":{"unit_id":"be8e792b-454a-4917-b445-e392e0d8beac","address_id":"ab077a87-7697-461f-bcd1-e5503888d6d4"}},{"id":"82e52966-f4cf-496f-a496-670f509e1700","type":"Feature","feature_type":"anchor","geometry":{"type":"Point","coordinates":[30.380015712186378,60.005876959834332]},"properties":{"unit_id":"6fbddbf8-c73b-4d72-a062-df51d63039c0","address_id":"d1f63081-d434-4806-84c5-3ef8eee8e47b"}},{"id":"00f425ed-f9f5-475d-b0e3-f0469c30f64d","type":"Feature","feature_type":"anchor","geometry":{"type":"Point","coordinates":[30.379921582495644,60.005739645603519]},"properties":{"unit_id":"69404cc1-ff1b-4a8f-905c-69fcab720e72","address_id":"ef625c2c-1daa-4fa6-b5a6-9703d75561b2"}},{"id":"758e9871-d7ac-4884-b29a-d090965a8f69","type":"Feature","feature_type":"anchor","geometry":{"type":"Point","coordinates":[30.37974382340985,60.005775714250227]},"properties":{"unit_id":"e998fb6f-a145-48e9-828d-268fc23675c1","address_id":"f3c7ffd0-6cfa-431c-a30c-8bce6b627103"}},{"id":"958b4f7c-f387-4204-873c-fa94a50e4190","type":"Feature","feature_type":"anchor","geometry":{"type":"Point","coordinates":[30.379823271553896,60.005892820367222]},"properties":{"unit_id":"a09f2ab0-e00f-4c40-80c5-f3af9cac698f","address_id":"923d779b-ecb1-4e3a-afe5-7dafb978c67d"}},{"id":"27a64b19-e34a-47a1-95fa-5e2eb94c9595","type":"Feature","feature_type":"anchor","geometry":{"type":"Point","coordinates":[30.379901019070569,60.006007730325983]},"properties":{"unit_id":"df7dd5fa-e873-4437-bc35-38e4aea5a07b","address_id":"23daf463-90cf-490d-98f1-6822005fe218"}},{"id":"bf2ae673-3236-4224-a822-6515ed9975bb","type":"Feature","feature_type":"anchor","geometry":{"type":"Point","coordinates":[30.379623119700355,60.006054730637096]},"properties":{"unit_id":"29eb3474-4006-4fac-a76a-546be5a9c2ef","address_id":"eb7c034b-0a5b-4ca2-b1d5-72df4f31c3b3"}},{"id":"5751fa33-877e-4e01-850d-2ab2d0903dca","type":"Feature","feature_type":"anchor","geometry":{"type":"Point","coordinates":[30.378587066197252,60.006505517226429]},"properties":{"unit_id":"027a9be6-3f01-45ab-82b0-cd72ff7ca87f","address_id":"eb635208-cb9c-414c-990a-18d75d11ba9b"}},{"id":"e185c6ce-eb70-409f-aef2-f89550ae5779","type":"Feature","feature_type":"anchor","geometry":{"type":"Point","coordinates":[30.378165332230179,60.006042436048205]},"properties":{"unit_id":"3564f191-3a38-40f9-a5c3-764c5b21f030","address_id":"b35093e4-af1b-46c5-be29-7a98c24f21c5"}},{"id":"83cbc901-b03a-4d5e-8cde-c8ea934cf3ae","type":"Feature","feature_type":"anchor","geometry":{"type":"Point","coordinates":[30.378340027018179,60.006128378509729]},"properties":{"unit_id":"76e53d71-a4c1-41ad-9d7f-d0bca8ad2455","address_id":"7ef10283-42b7-46d6-960e-fd60056e8c6f"}},{"id":"e06ce433-e08e-4226-b60b-a74167e140ac","type":"Feature","feature_type":"anchor","geometry":{"type":"Point","coordinates":[30.378424648363445,60.006255895657269]},"properties":{"unit_id":"4eb966d6-8d86-4410-8a61-29d9cdc61986","address_id":"099cf3cc-6813-401e-b4ef-5196c3d366d4"}},{"id":"e3b7dd98-5d7a-4b51-84a9-3d669b64b229","type":"Feature","feature_type":"anchor","geometry":{"type":"Point","coordinates":[30.378628863411386,60.006221543977048]},"properties":{"unit_id":"a7442328-abec-4784-b7c4-0b3ecf80b8f6","address_id":"99698ca6-1b73-4971-9297-71ce70a3aedf"}},{"id":"ee774ef7-4752-4180-a737-c6a00dfd8abe","type":"Feature","feature_type":"anchor","geometry":{"type":"Point","coordinates":[30.378806123988412,60.006191634563415]},"properties":{"unit_id":"593f275f-30e7-45a9-aaad-e8bcc050deef","address_id":"48f109f6-5689-498a-b731-5a1d671d162c"}},{"id":"204b2cbd-44e8-47d6-8fd2-2a50c53cc4c3","type":"Feature","feature_type":"anchor","geometry":{"type":"Point","coordinates":[30.378159378792372,60.006161707310447]},"properties":{"unit_id":"b50dfa19-2ff0-4db3-91ed-e0c16c57b184","address_id":"84888ad5-8159-44f3-bd7b-5790107ea432"}},{"id":"db5bfd05-f705-4af7-92c8-d9d306072354","type":"Feature","feature_type":"anchor","geometry":{"type":"Point","coordinates":[30.37819159625397,60.006209424762453]},"properties":{"unit_id":"884b3fb6-a743-459a-9c19-90c05816917d","address_id":"ee7a97c7-7f9b-472e-8dbe-058922eb5c4e"}},{"id":"a29e3f35-df9c-471c-8db8-001dabab536f","type":"Feature","feature_type":"anchor","geometry":{"type":"Point","coordinates":[30.378225539343475,60.006259698452624]},"properties":{"unit_id":"1978ddbd-609e-4df8-8de3-e1ec65e3ab11","address_id":"ac562499-e50d-413d-aa91-37d90de3bec3"}},{"id":"9408c7e9-8efc-48c1-a89b-31bf41aeb124","type":"Feature","feature_type":"anchor","geometry":{"type":"Point","coordinates":[30.37825948248458,60.006309972142795]},"properties":{"unit_id":"ad0b6675-061e-41d3-8f1b-6852cfad6570","address_id":"7d1001c6-9b01-4b9b-806b-5c306bc2714e"}},{"id":"9a23754a-e2e5-43b2-8040-46fceb9d6fe7","type":"Feature","feature_type":"anchor","geometry":{"type":"Point","coordinates":[30.378294576434463,60.0063619501747]},"properties":{"unit_id":"827fd275-a413-4734-a339-400911c8da1c","address_id":"f9ffe37a-01be-46d7-b961-2153e4c92eab"}},{"id":"8639d76d-c70c-44ac-ac95-0494284a286a","type":"Feature","feature_type":"anchor","geometry":{"type":"Point","coordinates":[30.378329670164995,60.006413927932158]},"properties":{"unit_id":"16e0d94d-6312-47b8-bc63-dd59169f5c9d","address_id":"e5f92a51-a6bb-4488-8494-f3435ad35921"}},{"id":"de21bd9a-b878-4ef8-ad6e-11fd26eaf887","type":"Feature","feature_type":"anchor","geometry":{"type":"Point","coordinates":[30.378476953928182,60.00631899637159]},"properties":{"unit_id":"1accb801-2ab3-4ecb-9d3b-40e0d92dbe6c","address_id":"edadf0e9-c8d6-4109-8e5d-269dd78702ea"}},{"id":"fe205849-05d2-424a-9199-7123cb2882a5","type":"Feature","feature_type":"anchor","geometry":{"type":"Point","coordinates":[30.378445386666225,60.006332232602432]},"properties":{"unit_id":"27e827c6-d495-4fea-9db8-6db117835a46","address_id":"00531f6e-611e-42da-9840-5ef638a5a22b"}},{"id":"ff9221f0-8f41-42a4-833e-513fdf08fe06","type":"Feature","feature_type":"anchor","geometry":{"type":"Point","coordinates":[30.378483908382041,60.006348512771154]},"properties":{"unit_id":"ef083a5b-6a83-447e-99db-1332abe3c0a2","address_id":"8eecb51f-5ab3-4435-97a7-fe32c415a346"}},{"id":"040c25fa-37af-4e76-9c8f-3842e5b1ce9b","type":"Feature","feature_type":"anchor","geometry":{"type":"Point","coordinates":[30.378461911904427,60.00637358059177]},"properties":{"unit_id":"33fb2974-2f0a-435a-bb8f-c360668ec869","address_id":"6ae94361-3e0c-4d5e-84d0-ba7cb5abf824"}},{"id":"4ef70ad8-2261-4f21-b1bc-288ccd3e79d2","type":"Feature","feature_type":"anchor","geometry":{"type":"Point","coordinates":[30.378524221768988,60.006391067796727]},"properties":{"unit_id":"9216951c-a9b1-4c13-9410-65f0c8ce084b","address_id":"c2cf9fe0-035b-46a8-9025-62aca08f557e"}},{"id":"e61e1078-447f-4b30-80b4-426d384f5d22","type":"Feature","feature_type":"anchor","geometry":{"type":"Point","coordinates":[30.378585465050559,60.006329438689555]},"properties":{"unit_id":"9e9cc680-74bc-42dc-bddf-14404abf159e","address_id":"0edc1211-20bb-4580-b411-d6a8cd740a71"}},{"id":"8014caf2-4edf-4b01-96c1-229c6902d016","type":"Feature","feature_type":"anchor","geometry":{"type":"Point","coordinates":[30.378635366713716,60.006291634413671]},"properties":{"unit_id":"2077440a-03af-465e-b586-3351c0d74996","address_id":"0edb0f0b-1e67-4786-9ab6-f19a6e210dbd"}},{"id":"3649d318-225b-4bcb-b426-2a8622e39c24","type":"Feature","feature_type":"anchor","geometry":{"type":"Point","coordinates":[30.378695036308343,60.006310895945418]},"properties":{"unit_id":"541474ab-b919-438a-86b1-7bb9c5245449","address_id":"d4dbe51d-4c4d-47c2-b77c-7dda9f5352d9"}},{"id":"7bf4b12a-605f-413b-a9b3-16f8c737b7d0","type":"Feature","feature_type":"anchor","geometry":{"type":"Point","coordinates":[30.378791260198486,60.006294754648984]},"properties":{"unit_id":"ad590477-026c-4981-b7aa-0261e42460ff","address_id":"0bc08a72-0e31-4af7-a2ba-f5f85611dcd9"}},{"id":"1203dfff-cf15-45a5-b460-455286b458b4","type":"Feature","feature_type":"anchor","geometry":{"type":"Point","coordinates":[30.378911882813149,60.006274204020109]},"properties":{"unit_id":"2a791dd6-c7e0-4219-b8d8-0c12a58ac2f4","address_id":"3141f045-b3ee-4e0b-9ab2-2edfa315b4db"}},{"id":"9a2ceaa8-6ecc-467f-ad7a-316abac6a25d","type":"Feature","feature_type":"anchor","geometry":{"type":"Point","coordinates":[30.378906669734569,60.006247755710127]},"properties":{"unit_id":"c2444584-86ad-4d7a-b21b-90e979e9ad16","address_id":"9ef68f16-7c67-476a-8104-109ec5fb2db9"}},{"id":"6dd40ebf-b9db-4599-a2ad-b6fe78c69a5b","type":"Feature","feature_type":"anchor","geometry":{"type":"Point","coordinates":[30.378363858315989,60.006458940393472]},"properties":{"unit_id":"72037380-74d2-45c9-8aa5-f89fc1a9d1c0","address_id":"29b7d235-378e-4ae9-85ef-bd00acdaf5b0"}},{"id":"43e3975d-9e57-4b08-8c2e-af149451aaa9","type":"Feature","feature_type":"anchor","geometry":{"type":"Point","coordinates":[30.378144665559009,60.006134291011207]},"properties":{"unit_id":"0ae3562b-02f0-4e08-a6d8-78cd5875c78f","address_id":"e7de2c50-abac-4366-a57d-01879002d9bb"}},{"id":"4f0003d0-8063-4dfc-8f8a-39b14a47ab27","type":"Feature","feature_type":"anchor","geometry":{"type":"Point","coordinates":[30.380202829530354,60.00614870985212]},"properties":{"unit_id":"893a74f9-a3cf-4899-bf58-d94081a0a7c5","address_id":"d8b9c9b9-1d35-4c09-980e-fb2d3c6e7ed1"}},{"id":"8adfb732-951f-4af6-830b-2fd2c1148733","type":"Feature","feature_type":"anchor","geometry":{"type":"Point","coordinates":[30.379983748170542,60.005823950414936]},"properties":{"unit_id":"55f4e4c6-c315-4cf5-9dbd-5caee1c31dca","address_id":"71a20843-a829-48b4-8058-bfcc5d3b5928"}},{"id":"b75d3cb4-25f5-4a35-9670-6c92ed2488c9","type":"Feature","feature_type":"anchor","geometry":{"type":"Point","coordinates":[30.378958244542972,60.006165967067]},"properties":{"unit_id":"e33d95ef-1f5c-4d64-a584-6ca038fb0dd8","address_id":"5131b92f-c01f-4cf1-8c97-4545e09b558b"}},{"id":"7bcde7aa-a69b-47b9-b640-6ce41ba1bdb6","type":"Feature","feature_type":"anchor","geometry":{"type":"Point","coordinates":[30.379368180432095,60.006099645393789]},"properties":{"unit_id":"905a15b9-9338-4846-8d61-2da683698490","address_id":"1004e326-1d9e-4376-aa64-49681e4d0724"}},{"id":"d335c074-3eb2-48d9-ac32-2f58a46a833d","type":"Feature","feature_type":"anchor","geometry":{"type":"Point","coordinates":[30.379029007115239,60.006251791788976]},"properties":{"unit_id":"1c680add-8eca-449e-8be0-7f829e46e6cf","address_id":"3d7b2d53-1328-4336-9bf6-b1c8699bd8bc"}},{"id":"c8903359-33c4-442a-9c8b-c714679169b3","type":"Feature","feature_type":"anchor","geometry":{"type":"Point","coordinates":[30.379483867250975,60.006446031857323]},"properties":{"unit_id":"7f4c7e92-5f9f-4bc1-9e2f-c9842c2180ab","address_id":"ac2696a7-ed86-40d9-bb21-62420174df98"}},{"id":"b5d04745-25e9-4693-b11b-ac162f086d0b","type":"Feature","feature_type":"anchor","geometry":{"type":"Point","coordinates":[30.379317045862734,60.006314105926258]},"properties":{"unit_id":"2fe27903-d779-4612-8f43-ab5a345da235","address_id":"583f423f-6609-4fe7-a867-161170ce5292"}},{"id":"f83765b6-8183-4303-8643-d9abbe1a7a5a","type":"Feature","feature_type":"anchor","geometry":{"type":"Point","coordinates":[30.378842552657165,60.006848484302886]},"properties":{"unit_id":"acdb92f2-3af7-443e-bdfb-fc4aab1c406b","address_id":"ed5fd248-925c-4f22-ad8e-d1363b6ce9ed"}},{"id":"81bb00aa-390a-44fe-b9c0-dd43de60f89f","type":"Feature","feature_type":"anchor","geometry":{"type":"Point","coordinates":[30.379298621074746,60.006660953467744]},"properties":{"unit_id":"bddd9c66-9625-4db4-871d-afc6c03f4f9b","address_id":"1e6c0c69-edfb-4ea0-aa2a-f0e37b8de0db"}},{"id":"49fa0466-3b98-4762-8d63-125ee2632570","type":"Feature","feature_type":"anchor","geometry":{"type":"Point","coordinates":[30.380319343738019,60.006600254201132]},"properties":{"unit_id":"9c70118a-f49f-438b-9a4c-a4be0e8e1c9e","address_id":"eba3aba7-f3ba-4265-b01c-044563ac13bb"}},{"id":"039c1138-8a53-401d-8ea3-03c11f7b0e52","type":"Feature","feature_type":"anchor","geometry":{"type":"Point","coordinates":[30.379236062785957,60.006212583969827]},"properties":{"unit_id":"5e718a93-9d9c-4902-9dfc-31d6f6ff7344","address_id":"1cc545b9-466a-4391-a4e7-7c61fb1e666e"}},{"id":"2a664665-3b68-49d5-a010-1d525f9275a7","type":"Feature","feature_type":"anchor","geometry":{"type":"Point","coordinates":[30.3795397469206,60.006388195116372]},"properties":{"unit_id":"69c1447e-8747-405c-b2d7-7039fb136f13","address_id":"4b1a9d86-a615-444b-b927-0aa79f782d33"}},{"id":"ae67dc7d-6c9e-4acd-81f6-c30d36484dd4","type":"Feature","feature_type":"anchor","geometry":{"type":"Point","coordinates":[30.37945340990634,60.006180181716246]},"properties":{"unit_id":"866d52c5-394f-4162-86d4-17546e40f24a","address_id":"f7df7cbd-7e64-4aef-8afe-31b0a472f43d"}},{"id":"7b755a4b-351a-4457-a5a8-4f0f8b06be60","type":"Feature","feature_type":"anchor","geometry":{"type":"Point","coordinates":[30.378512356977286,60.006424392206227]},"properties":{"unit_id":"cd39b10e-29ae-4431-85a0-025ae5035364","address_id":"996c512a-9bda-4224-b48a-44f8ed40051a"}},{"id":"1b15d5db-2291-495c-b7e9-c928b2d453b6","type":"Feature","feature_type":"anchor","geometry":{"type":"Point","coordinates":[30.37853424043821,60.006309172117639]},"properties":{"unit_id":"f9e3a7d6-21ee-4d3d-9d06-85db3000ac25","address_id":"37e8af30-877d-40a5-b2f1-3d3ad772b82c"}},{"id":"202a28c1-cfd4-4972-a2b7-07231897dbbd","type":"Feature","feature_type":"anchor","geometry":{"type":"Point","coordinates":[30.379303977151935,60.006504385664272]},"properties":{"unit_id":"b26356bf-0e06-47a3-86a2-5e3f2e195cd7","address_id":"ff740cc7-b531-4c32-b07a-931cbf302739"}},{"id":"fbafba5a-ebc7-41f8-96fa-5928857231b9","type":"Feature","feature_type":"anchor","geometry":{"type":"Point","coordinates":[30.379555946910468,60.006649237147464]},"properties":{"unit_id":"57ce708c-1417-4838-9439-2dc452d694d3","address_id":"ab238b0b-0810-4c6c-b7fd-a69129b61638"}},{"id":"9411086b-f3b1-4365-a971-afeb42d9d310","type":"Feature","feature_type":"anchor","geometry":{"type":"Point","coordinates":[30.379315938747549,60.006784318992487]},"properties":{"unit_id":"f6023ef2-810b-4dd7-adbd-f281ab40592d","address_id":"ab17f01d-a43d-4258-baa7-63588057d234"}},{"id":"2c51ec60-4917-4fa5-a6e2-93a805575d1c","type":"Feature","feature_type":"anchor","geometry":{"type":"Point","coordinates":[30.379163021431356,60.006810073215469]},"properties":{"unit_id":"990f134f-3410-41b3-a14c-f479b63529e1","address_id":"b5a8e935-4e2e-4e77-9ab0-2c23b0ac443b"}},{"id":"6b0c61f9-adc8-4cfa-9876-b8b26d00f072","type":"Feature","feature_type":"anchor","geometry":{"type":"Point","coordinates":[30.379061521714561,60.006827198968239]},"properties":{"unit_id":"6ef6b895-b395-4852-8478-f06ba275c6b9","address_id":"be732f55-160c-46e4-a489-5e9ac091ab34"}},{"id":"82946515-e3c4-4585-a148-87ea4546dbce","type":"Feature","feature_type":"anchor","geometry":{"type":"Point","coordinates":[30.378940534692962,60.006847506433381]},"properties":{"unit_id":"958861e0-fec5-4ba3-a6d4-9cc20e78aeab","address_id":"423bb6e8-b46c-467b-b3ad-e0d9d890f13c"}},{"id":"5862c35b-a27d-42ec-bf64-942767123a3e","type":"Feature","feature_type":"anchor","geometry":{"type":"Point","coordinates":[30.379332171350807,60.006715564858595]},"properties":{"unit_id":"22ad7f32-2b0f-4883-87fb-24e3411c63b8","address_id":"e17533ac-9b2c-4273-8eb9-fc110540fd97"}},{"id":"fe1ddddf-24b7-44a8-a30c-bc63f76623db","type":"Feature","feature_type":"anchor","geometry":{"type":"Point","coordinates":[30.379294247445909,60.006721963687532]},"properties":{"unit_id":"41ee3714-346f-41e6-8c9e-68b840947f61","address_id":"2cc3484a-50ed-4678-a96e-9917b4f80404"}},{"id":"2617ea0e-edf5-4db6-9688-d8cce0595372","type":"Feature","feature_type":"anchor","geometry":{"type":"Point","coordinates":[30.379090401578054,60.006713701884081]},"properties":{"unit_id":"145f3479-5837-40be-bd60-82b8f79467cf","address_id":"c38f0384-43ed-4179-b767-d294208eb720"}},{"id":"3af8424b-c7c8-4238-af1b-9b4fb43247ac","type":"Feature","feature_type":"anchor","geometry":{"type":"Point","coordinates":[30.379102909419188,60.006748600819918]},"properties":{"unit_id":"a9234ecb-1c23-4bf0-b947-a8b6429045ed","address_id":"63aaac33-be02-4712-b719-3053072a7422"}},{"id":"b625760d-22cc-43f8-b2c6-ce904a04c25f","type":"Feature","feature_type":"anchor","geometry":{"type":"Point","coordinates":[30.379126771463856,60.006744574346861]},"properties":{"unit_id":"a597e94b-833b-475f-a5f6-d1f36e2f6a18","address_id":"f40014a5-bbd7-4e39-a03b-e3f04c38afb8"}},{"id":"427078bf-c47a-4803-9402-03ebf5160c54","type":"Feature","feature_type":"anchor","geometry":{"type":"Point","coordinates":[30.378569299600503,60.0064693615787]},"properties":{"unit_id":"8defaa7d-a359-498d-9127-7afbd14289c2","address_id":"c59e13b0-45c3-445e-96fa-b8b1e61024c7"}},{"id":"1a612138-a742-491f-9f9a-08d7c65195af","type":"Feature","feature_type":"anchor","geometry":{"type":"Point","coordinates":[30.378512356977286,60.006424392206227]},"properties":{"unit_id":"d735fb9f-2b4a-4d95-ab07-98832dcee37d","address_id":"b8ccc1dd-498c-488e-935b-c484d65019d6"}},{"id":"0cd304e7-e299-47df-96e9-e82bc462a72a","type":"Feature","feature_type":"anchor","geometry":{"type":"Point","coordinates":[30.3785101999305,60.0063818369062]},"properties":{"unit_id":"b1fe4f49-0676-42bc-b4e7-8b05cb63feab","address_id":"7e5ea6e8-cb38-4471-b4de-6bebf87b957f"}},{"id":"04251bd3-9717-4fea-8388-f600c0f89adf","type":"Feature","feature_type":"anchor","geometry":{"type":"Point","coordinates":[30.378461217107379,60.006315373341742]},"properties":{"unit_id":"93dabd6a-09c5-4a8f-8349-82e51c170b22","address_id":"183cd6c9-b99d-4ce1-8e21-1c226ba0b727"}},{"id":"de06e630-e1e9-48f4-8a00-b2d29dbf48a9","type":"Feature","feature_type":"anchor","geometry":{"type":"Point","coordinates":[30.378480202470911,60.006343492510425]},"properties":{"unit_id":"d2f23a15-5103-49a3-b53b-5f9d14c3321f","address_id":"d609f5e7-7608-4848-a7be-15395042aff1"}},{"id":"1081eea5-7914-4dff-aab5-8f0e603d657e","type":"Feature","feature_type":"anchor","geometry":{"type":"Point","coordinates":[30.378443394669734,60.006332094279038]},"properties":{"unit_id":"b1e3cf86-a90a-48ae-8107-07815e410884","address_id":"8b02b834-67bc-437c-8d4e-abf0d67eb0e7"}},{"id":"aedb736d-245d-496c-8807-f89594113535","type":"Feature","feature_type":"anchor","geometry":{"type":"Point","coordinates":[30.379573670237018,60.006741426940884]},"properties":{"unit_id":"f1fd2018-c53e-406c-a459-95008050f02a","address_id":"f00813db-3a52-4e59-8fb4-f8ce1542dc64"}},{"id":"c7d18451-6d5d-47e8-8ff9-977de96438e1","type":"Feature","feature_type":"anchor","geometry":{"type":"Point","coordinates":[30.379777675358767,60.006706837037058]},"properties":{"unit_id":"e1514a69-1e9b-46cd-9efd-cc70e6efef21","address_id":"95bbb6fd-ed7c-4297-9e97-3befc381b5ca"}},{"id":"775579a9-d01c-4d7a-93af-a7583cf998d6","type":"Feature","feature_type":"anchor","geometry":{"type":"Point","coordinates":[30.379982789776111,60.006672328370783]},"properties":{"unit_id":"561f1841-4598-4a15-b4e0-5fada7f97b06","address_id":"de54ede0-de4d-497c-bbc5-08afb551f476"}},{"id":"f8959135-3195-4cfa-aa61-2f2781116394","type":"Feature","feature_type":"anchor","geometry":{"type":"Point","coordinates":[30.379614401742536,60.00663092604011]},"properties":{"unit_id":"9c83d170-5f21-40e9-8eb1-6358bd8f82f3","address_id":"99484421-ed93-4196-9cc5-039aa4be6d0c"}},{"id":"c749d123-d601-4039-8cc6-090eceabd2b1","type":"Feature","feature_type":"anchor","geometry":{"type":"Point","coordinates":[30.379618708566525,60.006662471457147]},"properties":{"unit_id":"d15f9098-93a9-49e3-95b0-46782667d4dc","address_id":"03883b8b-23ed-4e75-b7ae-5640d45d8e9c"}},{"id":"3dfb8ec2-4793-435a-848e-3140ce560f1c","type":"Feature","feature_type":"anchor","geometry":{"type":"Point","coordinates":[30.379699317713239,60.006651243111037]},"properties":{"unit_id":"6a9f647f-747f-492b-a730-fa013402c971","address_id":"b9ead5c7-6493-45bb-9946-ba4fc2760294"}},{"id":"e58ee9be-ba70-4474-a4f1-00d24951abe2","type":"Feature","feature_type":"anchor","geometry":{"type":"Point","coordinates":[30.379757946582007,60.00661083484249]},"properties":{"unit_id":"4de51c8b-1565-4210-9838-a728091997c2","address_id":"3b103a38-9cf8-47c0-adcd-aeba5106e474"}},{"id":"75af419f-f56a-43b0-9ca6-62c98f8f4163","type":"Feature","feature_type":"anchor","geometry":{"type":"Point","coordinates":[30.38004093176891,60.006591988829811]},"properties":{"unit_id":"78d42c97-0ebb-48a3-9de1-35121fa5317d","address_id":"7de72e9c-1f6b-4cee-b2fa-a0cfd112e1b4"}},{"id":"48edd8dd-d9d4-4e34-ad3d-901d452d645d","type":"Feature","feature_type":"anchor","geometry":{"type":"Point","coordinates":[30.379388752236537,60.006638312069889]},"properties":{"unit_id":"2874e859-a9af-48ae-a4c5-60261e712743","address_id":"f623f547-30cf-4133-a56f-014c3ae28685"}},{"id":"d4e7b2a7-b7a5-493b-805d-bd6420dd9032","type":"Feature","feature_type":"anchor","geometry":{"type":"Point","coordinates":[30.379348778559923,60.006579878397652]},"properties":{"unit_id":"f69d69c7-d710-4d97-99f1-ae8622ec64a2","address_id":"c589760b-ee43-4a9f-9821-3dc73f88dac8"}},{"id":"4b3ec9c7-a56b-497a-9a6e-c7c0696f37bc","type":"Feature","feature_type":"anchor","geometry":{"type":"Point","coordinates":[30.37953213014411,60.006509076309158]},"properties":{"unit_id":"63a8685e-e5f9-44fb-8003-7baaa0f237de","address_id":"1ce78287-d12b-4838-a8bd-d631df8b15e7"}},{"id":"b6588911-22fa-4f47-b8f8-1c6cd3099de5","type":"Feature","feature_type":"anchor","geometry":{"type":"Point","coordinates":[30.379442788762347,60.006407687461547]},"properties":{"unit_id":"4dc027d5-b6e0-4f08-98a6-4d6efd8b92b4","address_id":"84106c5e-bb26-4c7d-843f-79c9990dc088"}},{"id":"d5f9f1d7-d24f-4a6e-bff7-5f436f04d498","type":"Feature","feature_type":"anchor","geometry":{"type":"Point","coordinates":[30.380002791052117,60.00616094982523]},"properties":{"unit_id":"9ee24be3-84b6-4a93-b8ac-30de17c01dcb","address_id":"e89c0bbb-2c74-4b21-891b-27ce0425893e"}},{"id":"520faf5b-1778-4036-8e48-3d77b86b90c8","type":"Feature","feature_type":"anchor","geometry":{"type":"Point","coordinates":[30.37998316870318,60.006124015559543]},"properties":{"unit_id":"4aca298e-c90c-4a18-b721-9f42df44a36d","address_id":"7b9c2254-2c26-4a51-9563-758873b2beab"}},{"id":"0a6f1810-52e2-471d-9019-7857736925c9","type":"Feature","feature_type":"anchor","geometry":{"type":"Point","coordinates":[30.379965621258268,60.006098026680817]},"properties":{"unit_id":"8615732a-bc18-437d-9f4d-d8f662ba79d0","address_id":"ad163cf1-f864-4123-a7a5-f5c1fde94354"}},{"id":"8dd510b8-d2a8-4b67-9c6b-ce96ec74d1ca","type":"Feature","feature_type":"anchor","geometry":{"type":"Point","coordinates":[30.379977103068423,60.006074258386469]},"properties":{"unit_id":"c4c7e83a-a1f1-4fea-bad7-89f87420b0e7","address_id":"0ecde79e-9982-4939-ba5d-087d88c0ecf0"}},{"id":"43e19dbc-ee4c-494b-b236-e0dea221f57c","type":"Feature","feature_type":"anchor","geometry":{"type":"Point","coordinates":[30.379946362600361,60.00607137747258]},"properties":{"unit_id":"2e92a158-7079-482b-911b-95d837288bdd","address_id":"a68ae355-02be-491a-943a-a75ce2ece267"}},{"id":"db9e599e-7c67-4650-942c-53f708136b94","type":"Feature","feature_type":"anchor","geometry":{"type":"Point","coordinates":[30.379862212329694,60.006114431175916]},"properties":{"unit_id":"b9d82bd1-87cf-4e4e-b541-f8813db7c111","address_id":"5b7385b2-057d-4b08-aad4-fddc9d4bb632"}},{"id":"10dc85c4-f842-4a45-80b2-3a81197b109a","type":"Feature","feature_type":"anchor","geometry":{"type":"Point","coordinates":[30.379760798952621,60.006131542657229]},"properties":{"unit_id":"1d271c7e-00c2-4f45-b27a-cf6388e456b2","address_id":"629dbe43-cbae-438c-8af0-fcc42be39324"}},{"id":"fbbc1388-2214-425c-86bd-509f027e4658","type":"Feature","feature_type":"anchor","geometry":{"type":"Point","coordinates":[30.379520276428934,60.006142132904372]},"properties":{"unit_id":"790eb51b-2452-47e8-8674-80ce7d23a7a5","address_id":"01a1ab0e-ee5a-422e-a47e-b594602304e8"}},{"id":"8bd0609f-44e0-4c70-8ca0-758333110ba1","type":"Feature","feature_type":"anchor","geometry":{"type":"Point","coordinates":[30.380137986663218,60.006060305563636]},"properties":{"unit_id":"e611af80-f862-442d-8edb-8c5b0dfa50d8","address_id":"d0ff20bc-7272-4cab-9274-f5b3cba55e0d"}},{"id":"9c0d962a-722a-4eec-b167-9a315fd7e401","type":"Feature","feature_type":"anchor","geometry":{"type":"Point","coordinates":[30.380083054549537,60.005976697583726]},"properties":{"unit_id":"b20f228c-eb75-46ec-a9da-7e67a5a8e96d","address_id":"06b49b17-f6ab-4a87-a486-b6efe8e36e79"}},{"id":"b57c6423-a18f-4ff0-a789-ee6b4aa44b4b","type":"Feature","feature_type":"anchor","geometry":{"type":"Point","coordinates":[30.380047009828324,60.005923313812943]},"properties":{"unit_id":"b0b08403-78ce-45ce-8c6d-5f3b9426beac","address_id":"129eb95a-1b77-4e53-ab38-1ea6b5dacf5f"}},{"id":"88853780-beec-4ff6-bfc9-571784ae3183","type":"Feature","feature_type":"anchor","geometry":{"type":"Point","coordinates":[30.380007024688215,60.005864093014758]},"properties":{"unit_id":"24cf5d0a-aa67-43f0-b640-18829564e81d","address_id":"fdd6b3cf-e0fa-43ea-827c-65c7758349bd"}},{"id":"633acd49-71c1-4740-bd35-834e4d312df5","type":"Feature","feature_type":"anchor","geometry":{"type":"Point","coordinates":[30.379926536328778,60.005744884601825]},"properties":{"unit_id":"0f438fba-6c14-491a-823c-b413673311bc","address_id":"1a1a4b66-9ff5-4c2f-b5e2-5ffe3a57398e"}},{"id":"b7493db8-58af-4159-ad92-1d0f8effa700","type":"Feature","feature_type":"anchor","geometry":{"type":"Point","coordinates":[30.378627158834181,60.006221831601877]},"properties":{"unit_id":"d959aac8-3ea3-4fca-bb37-87da9fb6db93","address_id":"bd78a285-af0c-41ce-94fb-4b9accc829da"}},{"id":"421e36d5-0145-4cdd-962b-ae9d0cb62417","type":"Feature","feature_type":"anchor","geometry":{"type":"Point","coordinates":[30.378728572642927,60.006204719846117]},"properties":{"unit_id":"f68bf67a-789f-45d9-b130-946c7ba94e94","address_id":"c27183d2-424b-46f9-83ab-42b94961a6c7"}},{"id":"8a3df072-fad7-478a-a59a-06c3ad3724fd","type":"Feature","feature_type":"anchor","geometry":{"type":"Point","coordinates":[30.378167433222035,60.006173636604835]},"properties":{"unit_id":"2adc99bc-d04a-4717-a10d-73acefb29233","address_id":"b039b076-4c9c-4660-8dfd-2f16e5663d3b"}},{"id":"7ebdb917-f162-4af7-a4e7-d98233426711","type":"Feature","feature_type":"anchor","geometry":{"type":"Point","coordinates":[30.378199995481769,60.006221865359365]},"properties":{"unit_id":"9a75d4cb-b603-472d-b454-9e90a0c57cb6","address_id":"05e11175-1b63-414d-95df-facc7cd67ed0"}},{"id":"87dc7c54-9d34-4ce0-bd50-64e1ed0af253","type":"Feature","feature_type":"anchor","geometry":{"type":"Point","coordinates":[30.378243833918475,60.006286795016258]},"properties":{"unit_id":"407a3ebe-04da-416d-8e47-519543d790ac","address_id":"1fc24f97-cfda-4901-812c-78a0a615e49a"}},{"id":"11b7ed0d-9de8-4316-bc0e-813bd8878e78","type":"Feature","feature_type":"anchor","geometry":{"type":"Point","coordinates":[30.378294662631461,60.006362078068946]},"properties":{"unit_id":"98ca9066-7bc9-43b1-b020-e9853e68050a","address_id":"f1955235-38c9-4764-938a-713dd8087fb9"}},{"id":"a3038105-54a5-41cc-8895-f2770bb69140","type":"Feature","feature_type":"anchor","geometry":{"type":"Point","coordinates":[30.378327081506363,60.006410093849368]},"properties":{"unit_id":"e6612aa8-ba9d-417d-ba05-2cc329c45c9e","address_id":"18c9cfc7-c594-4042-80fe-202e56a039dd"}},{"id":"9455c5a8-ed6c-465c-b6a1-877e7f234fbe","type":"Feature","feature_type":"anchor","geometry":{"type":"Point","coordinates":[30.378688294860467,60.006312247617409]},"properties":{"unit_id":"92785212-202a-4063-b42a-a46c8dd8a2ac","address_id":"efc40b24-c2ce-42cb-bca6-6662f9dff6fb"}},{"id":"5cfc10be-f11d-4e35-8759-adcfcdf4fd62","type":"Feature","feature_type":"anchor","geometry":{"type":"Point","coordinates":[30.378911882813149,60.006274204020109]},"properties":{"unit_id":"a89351c4-baf7-4367-9a23-06ce0ed3b3bf","address_id":"38d469c1-23e9-44cd-b0bc-712086b271d3"}},{"id":"42acb996-df08-4f42-8181-b311ee7a06c5","type":"Feature","feature_type":"anchor","geometry":{"type":"Point","coordinates":[30.37889491309603,60.006249739443156]},"properties":{"unit_id":"a63c201a-647f-480c-94f9-0e32be63afb6","address_id":"ce14d4db-c766-44d3-b41f-c43317de22ec"}},{"id":"211f41ed-1825-4f97-8c00-86131bb34cfa","type":"Feature","feature_type":"anchor","geometry":{"type":"Point","coordinates":[30.378363858315989,60.006458940393472]},"properties":{"unit_id":"4f401ebe-b006-4ffb-8b94-211aa33b112c","address_id":"3dd6e373-32a7-4dec-9dab-aa9b8049e84e"}},{"id":"ca702f19-74a9-4d31-803e-557eb15f5d64","type":"Feature","feature_type":"anchor","geometry":{"type":"Point","coordinates":[30.378144665559009,60.006134291011207]},"properties":{"unit_id":"d17d38b4-14c4-4c7c-b6d9-593b6ba571a0","address_id":"36823b52-2c7c-4593-845a-cbd2700c054a"}},{"id":"0270f7c1-10ef-4ec5-b5ec-715017cd2939","type":"Feature","feature_type":"anchor","geometry":{"type":"Point","coordinates":[30.380202829530354,60.00614870985212]},"properties":{"unit_id":"0ad913f6-c4fc-4fd4-88ad-85e96f982a59","address_id":"5634ffef-7807-4cd7-9446-27471811081a"}},{"id":"841fdcc7-1f01-4c76-b800-38841ea2b889","type":"Feature","feature_type":"anchor","geometry":{"type":"Point","coordinates":[30.379983748170542,60.005823950414936]},"properties":{"unit_id":"4d873149-f4cf-4018-948d-a8b51cc912d3","address_id":"6fd4e048-c2be-4b52-95fa-ed1b9049e977"}},{"id":"186d2a9a-b429-4863-be59-2a70cb6ebc7a","type":"Feature","feature_type":"anchor","geometry":{"type":"Point","coordinates":[30.379029007115239,60.006251791788976]},"properties":{"unit_id":"04a5042a-1f39-4b4e-bf5f-ad9a2e97a325","address_id":"d2362cf5-e36b-4630-a7b6-c5bc40f2cc60"}},{"id":"a08e4fc3-ac75-46e0-939b-24335069655f","type":"Feature","feature_type":"anchor","geometry":{"type":"Point","coordinates":[30.379305050437473,60.006345692510969]},"properties":{"unit_id":"c11b63fe-53eb-40ad-95ed-8f597572ce9e","address_id":"ac417b02-6fff-4757-8630-43c532f688cf"}},{"id":"81cb4b8c-75f3-44b3-ae5d-4401b60e376f","type":"Feature","feature_type":"anchor","geometry":{"type":"Point","coordinates":[30.378842552657165,60.006848484302886]},"properties":{"unit_id":"8adeb631-3c4a-41b8-895e-e1bd7d3d1717","address_id":"4d845d33-fb70-4f3e-ad37-ebc3342cc4bd"}},{"id":"7a00d44b-2665-4abd-abf1-892005f44e04","type":"Feature","feature_type":"anchor","geometry":{"type":"Point","coordinates":[30.379298621074746,60.006660953467744]},"properties":{"unit_id":"dc5f5178-32f7-4742-926b-f913b0d3062f","address_id":"6ebfea42-a5c4-40af-a4dd-fff80c6f40f3"}},{"id":"8f81b077-1456-45b2-9b1a-a027842f593c","type":"Feature","feature_type":"anchor","geometry":{"type":"Point","coordinates":[30.380319343738019,60.006600254201132]},"properties":{"unit_id":"11519b32-f5e7-43a4-b290-73b14f7e5976","address_id":"f811d89d-0810-4627-8f64-6d5b2e616c6a"}},{"id":"956c0c61-6161-4965-934f-6676574ea7af","type":"Feature","feature_type":"anchor","geometry":{"type":"Point","coordinates":[30.379236062785957,60.006212583969827]},"properties":{"unit_id":"ffba66e6-8564-4267-a59b-249ebc9067ca","address_id":"9ae9c42c-9d26-418b-943a-8b6836ce7c52"}},{"id":"223237ed-23ca-4af9-8371-d6fe7ef1f414","type":"Feature","feature_type":"anchor","geometry":{"type":"Point","coordinates":[30.37945340990634,60.006180181716246]},"properties":{"unit_id":"9a4bec7d-4318-49e3-b1e4-acc1b2e10176","address_id":"ffc9134e-e31b-4fac-8ada-8858e0ca5854"}},{"id":"3c637ff6-e938-4ecc-9b1d-28386b46f889","type":"Feature","feature_type":"anchor","geometry":{"type":"Point","coordinates":[30.379315985238854,60.006531309049223]},"properties":{"unit_id":"c99659b5-7089-4b59-b41b-89f0c23f78e9","address_id":"3ea49848-30c1-46d1-897c-647c615c14f1"}},{"id":"79b873c5-b02a-4ab2-b501-5286cbdb3167","type":"Feature","feature_type":"anchor","geometry":{"type":"Point","coordinates":[30.379483867250975,60.006446031857323]},"properties":{"unit_id":"051599ad-c925-4964-9709-68c6fbef566b","address_id":"caf0eaf8-3b2b-4b88-9840-daab786ddaed"}},{"id":"f5094caa-e418-4c2c-8c2f-611500124380","type":"Feature","feature_type":"anchor","geometry":{"type":"Point","coordinates":[30.379580462671925,60.006581363452909]},"properties":{"unit_id":"82476465-8bd8-4f29-8edc-ec4952b8a4d1","address_id":"b496d0e9-06e9-4d10-8bec-f42c5088015a"}},{"id":"1a98234b-96b5-4cfe-863b-0da7981a92ba","type":"Feature","feature_type":"anchor","geometry":{"type":"Point","coordinates":[30.379272419808167,60.006436908277209]},"properties":{"unit_id":"32699970-b551-4ed5-944c-f98ee706fd74","address_id":"229864c7-18df-4a83-a751-b8f8f00a211e"}},{"id":"1861e08f-170b-42ec-9adf-a47463ff7558","type":"Feature","feature_type":"anchor","geometry":{"type":"Point","coordinates":[30.37992249499684,60.006583331542224]},"properties":{"unit_id":"856ed0f7-95b5-4e9f-8488-0bcd6a4f8525","address_id":"45db030e-f986-4302-a769-aaa982b091a2"}},{"id":"a97c314b-3033-4573-a693-734c05fc77da","type":"Feature","feature_type":"anchor","geometry":{"type":"Point","coordinates":[30.378387575489981,60.006499692000432]},"properties":{"unit_id":"3ccd4d91-2531-463c-9124-a002af5a71c8","address_id":"92709803-1d70-4b51-937a-014234d674f6"}},{"id":"19f5e166-8a8d-4705-9a4e-6374ed7a98b1","type":"Feature","feature_type":"anchor","geometry":{"type":"Point","coordinates":[30.378105300184323,60.00608161010986]},"properties":{"unit_id":"45b788b9-574b-4bb6-816c-48c4b75fb912","address_id":"a7241b94-135c-4922-929a-fc01b03a8b32"}},{"id":"6ea9b98a-a7c6-47f0-8321-eb63efc83e00","type":"Feature","feature_type":"anchor","geometry":{"type":"Point","coordinates":[30.378069056060777,60.006027927736206]},"properties":{"unit_id":"b6344750-ae9a-46d1-84c7-cf6e9513d42b","address_id":"7d9e3e60-31d1-4bc9-8522-da6eaa3b7fd3"}},{"id":"de61ac38-56e2-43f0-8eba-6cfcac450c65","type":"Feature","feature_type":"anchor","geometry":{"type":"Point","coordinates":[30.378250002155429,60.005996447089643]},"properties":{"unit_id":"fa8d78b8-bda4-497c-a3e0-91b93d4d1f66","address_id":"fb87d927-5656-42ba-bba2-ffe540842cf0"}},{"id":"4d8dd41a-5fc3-4a60-b601-cdeda9040af1","type":"Feature","feature_type":"anchor","geometry":{"type":"Point","coordinates":[30.378283519448235,60.006046792960468]},"properties":{"unit_id":"692b3d69-86a4-480e-b606-4d20785bc2a6","address_id":"585e4825-3b8a-4efb-bf66-441ff7330425"}},{"id":"319d3812-38e9-4793-8431-cedfe5091f96","type":"Feature","feature_type":"anchor","geometry":{"type":"Point","coordinates":[30.37832047192521,60.006100118273153]},"properties":{"unit_id":"c8ff9955-d2b5-48a4-89bd-d61264f19834","address_id":"6b7e2c8c-5376-40ce-9bd6-b3f44e2944e9"}},{"id":"d9d74eaf-3619-4d07-872d-5dea32111d21","type":"Feature","feature_type":"anchor","geometry":{"type":"Point","coordinates":[30.37835456415273,60.006151316040395]},"properties":{"unit_id":"fda515f3-02a3-45ce-af4d-b1c451bc8e1c","address_id":"0af04a69-0f00-4ff3-8849-d949428d30a5"}},{"id":"658207fd-24ed-4bc5-8f30-8873a9cdb191","type":"Feature","feature_type":"anchor","geometry":{"type":"Point","coordinates":[30.378388219921565,60.006201163782357]},"properties":{"unit_id":"650d087d-2b57-4883-bf31-1189e01ee514","address_id":"5e7a4e40-4cf6-40e7-b1c7-59539555b186"}},{"id":"a4ea75a8-8153-4f10-a48c-c26efb5fa703","type":"Feature","feature_type":"anchor","geometry":{"type":"Point","coordinates":[30.37838570343,60.006244538319109]},"properties":{"unit_id":"0a595ab8-a4f1-4eb2-b215-fb8573ac2aa3","address_id":"b6c683af-196f-45c8-84c5-cdc89228094e"}},{"id":"862b4e9c-ef65-45b0-958a-20837ec0a769","type":"Feature","feature_type":"anchor","geometry":{"type":"Point","coordinates":[30.378405264120353,60.006273509658662]},"properties":{"unit_id":"582b94f9-93c8-4e98-aaed-28cf505a86d1","address_id":"d94133e7-e006-40eb-a96f-80e484b528c6"}},{"id":"38abe6cb-ddd9-44dd-94a3-2293c80707ab","type":"Feature","feature_type":"anchor","geometry":{"type":"Point","coordinates":[30.378506297406428,60.006242151966219]},"properties":{"unit_id":"6a300e4a-ea26-4ee3-88d4-1bb861e4721f","address_id":"2b952581-62ca-433d-83f0-a43d4fe81a3a"}},{"id":"53ca8725-589b-4b1b-9661-d4994ab3a73a","type":"Feature","feature_type":"anchor","geometry":{"type":"Point","coordinates":[30.378825724960539,60.006188327152408]},"properties":{"unit_id":"40216148-5a99-474f-af18-957774fd715c","address_id":"c2d431ed-70a4-424a-b6f0-5a191c5f30ff"}},{"id":"a867ea81-898e-4cc8-bb7a-33c0ee64677e","type":"Feature","feature_type":"anchor","geometry":{"type":"Point","coordinates":[30.378927990679372,60.006171071858688]},"properties":{"unit_id":"4a3bf893-3440-4894-b931-5e276f6450ae","address_id":"19730673-2220-464d-a035-08bd020377f7"}},{"id":"7224f2f8-acf9-4423-bd57-ba871c0c972a","type":"Feature","feature_type":"anchor","geometry":{"type":"Point","coordinates":[30.379440731874222,60.006085481518006]},"properties":{"unit_id":"49fe1989-a79d-4f36-92b6-3c33aaa1a154","address_id":"27c0a8c4-728a-49a3-849e-bb6e32d5e1c4"}},{"id":"89b82453-066f-4f8c-9e58-5c5a33f69fbd","type":"Feature","feature_type":"anchor","geometry":{"type":"Point","coordinates":[30.379592439659486,60.006059907334993]},"properties":{"unit_id":"5ef64018-3cf9-4f4c-80d6-26a7c16e52c5","address_id":"fdfb5989-eaf6-4f80-a3f5-6727eb0815f8"}},{"id":"7b9e1dbd-2afd-471c-bfc2-5e25998d03d1","type":"Feature","feature_type":"anchor","geometry":{"type":"Point","coordinates":[30.3798098705894,60.006022973618208]},"properties":{"unit_id":"39ebd0a7-f33b-4319-bba0-d244afde31c1","address_id":"7bcd9775-f253-408c-b5d0-4fecdb5a3b67"}},{"id":"f8541ee0-1e0e-4cca-a662-ffae5946f12f","type":"Feature","feature_type":"anchor","geometry":{"type":"Point","coordinates":[30.379807461948911,60.005869467317495]},"properties":{"unit_id":"5063035a-9000-4c67-94ff-ecb62ded6935","address_id":"31454cca-7661-4370-bc61-9bb110be711e"}},{"id":"e3ea4abe-70a0-4d8f-8354-b34f622ab3c0","type":"Feature","feature_type":"anchor","geometry":{"type":"Point","coordinates":[30.379735607018091,60.005763066717137]},"properties":{"unit_id":"60647c7c-b13c-43d5-b7e0-85d9a1639393","address_id":"772a0dc1-c4e0-464f-9e38-1bc34c43c94d"}},{"id":"6baa7635-c3cd-4386-b3b8-87b900d6750b","type":"Feature","feature_type":"anchor","geometry":{"type":"Point","coordinates":[30.380225415525754,60.006186980420537]},"properties":{"unit_id":"bcad3daf-dc78-4709-bfd4-806492925585","address_id":"4ebc7548-30c2-49d8-8749-06a7a562594e"}},{"id":"d00a2be2-ebfa-4734-808a-ae4a4748afdb","type":"Feature","feature_type":"anchor","geometry":{"type":"Point","coordinates":[30.379657680952253,60.006148942037811]},"properties":{"unit_id":"05cda892-3e8b-4fbd-bb84-88f80d99f4f9","address_id":"24cc8803-d7c3-48da-b2ff-86e11eacc8f7"}},{"id":"c70d97a6-0e5a-4fba-bc54-c33045f5282e","type":"Feature","feature_type":"anchor","geometry":{"type":"Point","coordinates":[30.380043064067848,60.006220596846077]},"properties":{"unit_id":"549a21b1-5fd9-4706-8c67-2ca3772bad86","address_id":"9a31ae51-8416-4f19-bfa5-e81520eabd4a"}},{"id":"d7625b05-f668-434e-a8a7-e91d80feccd2","type":"Feature","feature_type":"anchor","geometry":{"type":"Point","coordinates":[30.379051350132762,60.006757300372982]},"properties":{"unit_id":"c353ba74-b330-4aaf-845c-28f6f4a4838a","address_id":"ad6f1cfe-165f-475a-81c8-c48cd860cf73"}},{"id":"d7f01fdc-1c87-47c4-b4b2-2c50ee57f2ce","type":"Feature","feature_type":"anchor","geometry":{"type":"Point","coordinates":[30.379175978892984,60.006736271650183]},"properties":{"unit_id":"118c31b5-99ad-4d4c-aecb-96deae7f7c67","address_id":"95a39f03-c05e-458c-ad29-91c987578a3f"}},{"id":"aa4bef00-3a35-4f53-a27e-9d0681cac0aa","type":"Feature","feature_type":"anchor","geometry":{"type":"Point","coordinates":[30.379220516123812,60.0067287569028]},"properties":{"unit_id":"58c86750-7f5d-48df-89ec-4402b75ec5e5","address_id":"6c8b54b1-79d7-433f-9f1f-83b2eb2f16d0"}},{"id":"9f5433cf-db26-4d90-b74e-bb6250c70d03","type":"Feature","feature_type":"anchor","geometry":{"type":"Point","coordinates":[30.38017899122066,60.006568693963729]},"properties":{"unit_id":"cb6308c6-e133-483f-8415-4df370e4b162","address_id":"8792e752-6c7b-4a86-9202-17f322061da8"}},{"id":"8d746d0a-04be-4563-9e1b-cdb24cda3d69","type":"Feature","feature_type":"anchor","geometry":{"type":"Point","coordinates":[30.37859697172448,60.00683373008264]},"properties":{"unit_id":"fff54c45-2bc8-4a99-a125-0925943fcfcb","address_id":"e252871d-ebf9-4f43-aff1-dd72edd8fa7e"}},{"id":"86281bac-2f8b-4954-bc54-dcda564f79af","type":"Feature","feature_type":"anchor","geometry":{"type":"Point","coordinates":[30.379349897174695,60.006423361093191]},"properties":{"unit_id":"b678d22a-aed3-4c16-94ac-a6e5ecde371b","address_id":"a43f9399-4f7e-4a30-a652-819c042adb84"}},{"id":"fb8dbc07-e86e-46fe-b209-51e105d4e0bd","type":"Feature","feature_type":"anchor","geometry":{"type":"Point","coordinates":[30.379421853900759,60.006385117695444]},"properties":{"unit_id":"455707ac-b316-4c74-be10-4390e4a97349","address_id":"a4119c49-1a00-4d25-a3ba-4b5891422792"}},{"id":"9f3f8fe8-190d-40fa-beff-864abcd371d3","type":"Feature","feature_type":"anchor","geometry":{"type":"Point","coordinates":[30.379258516316995,60.006413152333167]},"properties":{"unit_id":"94ce9e61-d635-4fb7-b9dd-e5603f3ea7cb","address_id":"f033b4af-fbcf-4047-b051-7c1afaa639f9"}},{"id":"e969763d-9c79-4300-b096-90a98706568b","type":"Feature","feature_type":"anchor","geometry":{"type":"Point","coordinates":[30.379547034166016,60.006182466247758]},"properties":{"unit_id":"768d5647-1067-4994-bf8f-78868c23e181","address_id":"a8862136-964b-4edc-b390-5a91c04cf5fc"}},{"id":"d290eaf9-c7b9-4445-af5c-f4781b3f4094","type":"Feature","feature_type":"anchor","geometry":{"type":"Point","coordinates":[30.37849148874098,60.006482063453127]},"properties":{"unit_id":"9890bb0a-96ca-4610-94ee-8ef8d80b609a","address_id":"a186396b-bcae-4c7e-8ba1-8b07a0f108af"}},{"id":"26d15b53-e257-4408-8a09-7189c4f43904","type":"Feature","feature_type":"anchor","geometry":{"type":"Point","coordinates":[30.380128133630141,60.006216256675337]},"properties":{"unit_id":"7d1693bb-7b4d-45f8-a573-48d6a619cfc8","address_id":"018cd0b5-608d-4acf-bd1c-c1dcdba146f2"}},{"id":"22ab4565-c963-4245-926e-954567aa7567","type":"Feature","feature_type":"anchor","geometry":{"type":"Point","coordinates":[30.380108800344072,60.006014829279849]},"properties":{"unit_id":"dd7bafe1-c9ea-4a18-88ae-82cef0400893","address_id":"f1cea08a-dc97-4308-a1e7-edbe98359e89"}},{"id":"97c866b8-561e-441d-87ed-82c3839a1cd6","type":"Feature","feature_type":"anchor","geometry":{"type":"Point","coordinates":[30.379255457149075,60.0067228614173]},"properties":{"unit_id":"18d2ead2-f3bf-4554-b917-e6318ea138e6","address_id":"820cb7ed-18e7-43d8-9172-23e733d0b97f"}},{"id":"3ae5309a-c729-4a7c-ab76-30379d33b70d","type":"Feature","feature_type":"anchor","geometry":{"type":"Point","coordinates":[30.379555946910468,60.006649237147464]},"properties":{"unit_id":"2a8ca0ff-e226-4a80-bb7e-e0c7abe8ce45","address_id":"61c223be-661a-44b4-af5a-32bafcb1da1c"}},{"id":"fb3ff540-c837-4e44-8b2a-006794ba178f","type":"Feature","feature_type":"anchor","geometry":{"type":"Point","coordinates":[30.379367469470015,60.006775576625046]},"properties":{"unit_id":"ddf4fc16-8de1-4b2b-b4f0-66c09b1e57af","address_id":"d11373ea-934a-4115-b088-4677d8384c6a"}},{"id":"7181fdd5-9acb-457b-a98b-d2d944d74d2d","type":"Feature","feature_type":"anchor","geometry":{"type":"Point","coordinates":[30.37921406964184,60.006801459840069]},"properties":{"unit_id":"4cd75ca9-2511-410d-86f5-2e40f7e94c90","address_id":"b19851a2-cb27-4178-8ad3-ca62d7cecc32"}},{"id":"8b157394-1f90-42f5-bb52-68f29ac5059b","type":"Feature","feature_type":"anchor","geometry":{"type":"Point","coordinates":[30.379061521714561,60.006827198968239]},"properties":{"unit_id":"94873d7b-3095-4162-aac6-0877984840e5","address_id":"bb199422-8340-4f27-9bb1-b3e787580e70"}},{"id":"d42534cd-ef2a-427e-a28c-8694222e1ac0","type":"Feature","feature_type":"anchor","geometry":{"type":"Point","coordinates":[30.378940534692962,60.006847506433381]},"properties":{"unit_id":"fdb4c0b9-5255-4ee7-886c-587efaace8ef","address_id":"2b3234df-8b39-48a6-a7ee-20df3ec89d60"}},{"id":"c316d380-f905-450f-8b3d-0edca5e3e482","type":"Feature","feature_type":"anchor","geometry":{"type":"Point","coordinates":[30.379332171350807,60.006715564858595]},"properties":{"unit_id":"1ebbf4c5-040b-48f0-8152-83da81f2ed6e","address_id":"7bdf7a1a-4a7b-4749-b910-e82e515accf1"}},{"id":"c7d9b61d-b3a6-4495-bab6-6ffa5b979c78","type":"Feature","feature_type":"anchor","geometry":{"type":"Point","coordinates":[30.379294247445909,60.006721963687532]},"properties":{"unit_id":"d342c13e-28a9-4446-a979-718caa22b9dc","address_id":"f3d66572-7eb0-426e-a623-f3fded3ce326"}},{"id":"b5bca590-8c1d-4207-94ca-0dd0fd37e8db","type":"Feature","feature_type":"anchor","geometry":{"type":"Point","coordinates":[30.379090401578054,60.006713701884081]},"properties":{"unit_id":"6eb70366-1cd1-4603-b34b-10775599980a","address_id":"e693afdd-b9ac-4f4b-aaa6-c169742cd2d3"}},{"id":"80c5ef28-398a-4545-9c75-9a4dc0deda76","type":"Feature","feature_type":"anchor","geometry":{"type":"Point","coordinates":[30.379080009155469,60.006751942537321]},"properties":{"unit_id":"c3eb9557-6ddf-47da-883c-30a2c337838d","address_id":"7d8da922-2f98-48cc-9103-a7e9c103a9bd"}},{"id":"3c15f30d-434e-44e7-b247-92af7d833a57","type":"Feature","feature_type":"anchor","geometry":{"type":"Point","coordinates":[30.379143073444958,60.006741301516705]},"properties":{"unit_id":"41d35644-0083-4cb9-ac32-4b027055ae72","address_id":"2b0828e3-defb-481b-bf45-369fe416ba5e"}},{"id":"392f4e62-6f32-496c-9240-90606b77d2c5","type":"Feature","feature_type":"anchor","geometry":{"type":"Point","coordinates":[30.378895929113348,60.006783002450248]},"properties":{"unit_id":"49216acf-ef96-47d7-aebf-c8bfc36ed361","address_id":"bb1ef6ab-888c-43ef-be87-1089769675ae"}},{"id":"97e5d82b-f731-40c8-8a6c-02583a9a63df","type":"Feature","feature_type":"anchor","geometry":{"type":"Point","coordinates":[30.378792718352017,60.00671309315139]},"properties":{"unit_id":"bc37adde-8aa8-4db1-a1c9-654b39ff35a6","address_id":"f9b1f924-9b79-4b48-952b-a99d0868c36b"}},{"id":"eed5bfff-86ea-40ca-bfc8-1e25f4b85568","type":"Feature","feature_type":"anchor","geometry":{"type":"Point","coordinates":[30.378730884338523,60.006622914810563]},"properties":{"unit_id":"71cc1de8-683d-4719-a5b7-8c9ab1778ee2","address_id":"a8d7ca21-5254-4307-bf5a-121f0e26ab96"}},{"id":"56c31786-0051-4299-9ffe-ee682b74814e","type":"Feature","feature_type":"anchor","geometry":{"type":"Point","coordinates":[30.378695799045797,60.006572358710152]},"properties":{"unit_id":"ec0b2da6-45f2-4947-ace5-8e6fda82cac1","address_id":"7b4d358a-22e2-4b4c-bcf0-df423f2b7f7a"}},{"id":"8b13c1cc-d16a-4d61-8743-46e2e861f7fe","type":"Feature","feature_type":"anchor","geometry":{"type":"Point","coordinates":[30.378661855438427,60.006522085019981]},"properties":{"unit_id":"42f4ed71-3479-44d3-b53f-a953def11732","address_id":"d90fc668-a31c-411c-80e1-91fd0cc362b1"}},{"id":"e5ac3e04-ad4e-41c9-be0c-6abf4b24659f","type":"Feature","feature_type":"anchor","geometry":{"type":"Point","coordinates":[30.378569299600503,60.0064693615787]},"properties":{"unit_id":"9a8e220e-30ad-416a-a0a0-9d82c480c827","address_id":"1ef44904-9fbe-42e5-a70c-394441f4a7ec"}},{"id":"c65857a1-9381-4e5f-9ebb-83b610738c70","type":"Feature","feature_type":"anchor","geometry":{"type":"Point","coordinates":[30.378512356977286,60.006424392206227]},"properties":{"unit_id":"60ec3f6f-f039-42b9-832d-3fee312b87c3","address_id":"9398b7e2-1862-49a6-8a01-eb34cb65a263"}},{"id":"310dbe1f-4de2-4342-baa4-e436ecc8d839","type":"Feature","feature_type":"anchor","geometry":{"type":"Point","coordinates":[30.3785101999305,60.0063818369062]},"properties":{"unit_id":"60430403-ecf0-4f16-8c6b-f8dbba2cba59","address_id":"086cf8d2-6e97-4e29-8590-8dae0885731d"}},{"id":"8add8605-b98f-437b-a234-b0a1aa0f2007","type":"Feature","feature_type":"anchor","geometry":{"type":"Point","coordinates":[30.378461217107379,60.006315373341742]},"properties":{"unit_id":"097ef810-4d42-45ee-a748-eb7fb3849f8a","address_id":"8755221a-e396-45a0-9188-45b77fbacb37"}},{"id":"c9287f8d-2593-429a-8a00-dc616d791b65","type":"Feature","feature_type":"anchor","geometry":{"type":"Point","coordinates":[30.378480202470911,60.006343492510425]},"properties":{"unit_id":"6d62d03f-ca1e-4941-b687-c349fe722c10","address_id":"b797677c-efaf-40f8-a863-05e62bdbb7e6"}},{"id":"3a6c1986-0998-4de6-9e80-b002c6971822","type":"Feature","feature_type":"anchor","geometry":{"type":"Point","coordinates":[30.378443394669734,60.006332094279038]},"properties":{"unit_id":"e5cb1c3f-99c5-4caf-aed9-9786fcb0dee9","address_id":"90b96fcb-d8c0-4dac-9f6c-1b438ebfd0a4"}},{"id":"e690b974-58a2-4901-9de4-32d44e71908e","type":"Feature","feature_type":"anchor","geometry":{"type":"Point","coordinates":[30.379573670237018,60.006741426940884]},"properties":{"unit_id":"1569ed35-b9ae-469d-92b8-b3c89ea9a5ea","address_id":"297750df-43d7-4170-a374-dabdfb368459"}},{"id":"cfe67678-ec6c-4a7f-8669-819cb36cbe3f","type":"Feature","feature_type":"anchor","geometry":{"type":"Point","coordinates":[30.379777675358767,60.006706837037058]},"properties":{"unit_id":"838920fb-fe58-4dc4-a21b-be283330105c","address_id":"fa2e30f4-9d16-42c9-b925-3128f3f99a94"}},{"id":"cf6ebd31-ea10-42eb-b950-fcedae463075","type":"Feature","feature_type":"anchor","geometry":{"type":"Point","coordinates":[30.379982789776111,60.006672328370783]},"properties":{"unit_id":"3841b510-2f22-408b-84dd-fb93bb05f521","address_id":"1a857739-8eb7-4d71-87c4-4be0bfcdf282"}},{"id":"fd3b4c2c-2b54-41b1-bce4-bb03e67e8baa","type":"Feature","feature_type":"anchor","geometry":{"type":"Point","coordinates":[30.380207293881274,60.006633906305318]},"properties":{"unit_id":"d59d7310-e267-4690-8fc5-8f7ee1b960a0","address_id":"0c465c0d-cc12-4467-b6e6-974c806b9dce"}},{"id":"85468b8a-1446-407b-9b67-f6f9e861a803","type":"Feature","feature_type":"anchor","geometry":{"type":"Point","coordinates":[30.379614401742536,60.00663092604011]},"properties":{"unit_id":"05edfa6e-0853-4469-86c4-85c5ef84782a","address_id":"378d9065-0ea4-4f8b-9ba8-84be3a1dd510"}},{"id":"8566c746-1398-43e8-a0f6-466a212b15df","type":"Feature","feature_type":"anchor","geometry":{"type":"Point","coordinates":[30.379618708566525,60.006662471457147]},"properties":{"unit_id":"c14cb4b2-f50d-4bdc-b398-d0654e98df5e","address_id":"f75abe3e-fbab-426c-afe0-3b2202f85659"}},{"id":"fd2cc7d6-c9bf-420a-9a91-d868cfd96fdc","type":"Feature","feature_type":"anchor","geometry":{"type":"Point","coordinates":[30.379699317713239,60.006651243111037]},"properties":{"unit_id":"8baf8119-4326-4237-845f-a44496b65098","address_id":"75b51353-102e-4eca-be5d-4beacd9fcaa0"}},{"id":"f02aa401-3553-4131-a92b-d5a106b92d88","type":"Feature","feature_type":"anchor","geometry":{"type":"Point","coordinates":[30.379813853590704,60.006601544121608]},"properties":{"unit_id":"f7c0f9ef-d595-4bbc-9435-45c7617dd611","address_id":"d089347b-bf0a-407e-8684-6fad8d66f086"}},{"id":"b0c23819-dbb9-4b8d-81b5-941b4e53ba37","type":"Feature","feature_type":"anchor","geometry":{"type":"Point","coordinates":[30.380051273454551,60.006590433789505]},"properties":{"unit_id":"72fc0558-e96f-4ae9-af41-914aefb2fcd9","address_id":"5d72e4c9-a269-4c24-8ff9-3163ce8fdd28"}},{"id":"4da170e3-c916-4767-be01-5cfb86ca2524","type":"Feature","feature_type":"anchor","geometry":{"type":"Point","coordinates":[30.379388752236537,60.006638312069889]},"properties":{"unit_id":"826fbe0e-00e3-4bb0-a594-96e70fa6a71e","address_id":"bf1883dc-c792-4519-9aeb-532d7d84468e"}},{"id":"2fec071b-3448-4e73-ab0c-46c243aa4e0e","type":"Feature","feature_type":"anchor","geometry":{"type":"Point","coordinates":[30.379348778559923,60.006579878397652]},"properties":{"unit_id":"cf764087-9964-4d79-b6dd-31648e09599d","address_id":"ce372f27-b34b-4c1f-91e3-63be7fb13185"}},{"id":"b701f0ac-74b7-4288-8031-92f0c4fc9d92","type":"Feature","feature_type":"anchor","geometry":{"type":"Point","coordinates":[30.37953213014411,60.006509076309158]},"properties":{"unit_id":"33d29011-44bd-4dea-afa4-a2a552673abc","address_id":"45de268c-2abd-4c60-ac5c-6344de02cc71"}},{"id":"f6ad829d-03b0-4823-97c2-7cba5b6437dd","type":"Feature","feature_type":"anchor","geometry":{"type":"Point","coordinates":[30.379395733493229,60.006413918600821]},"properties":{"unit_id":"e2dbeead-96df-4547-91c7-a449440847e1","address_id":"4776d398-195c-40ba-9494-420f4b459fb9"}},{"id":"9c5c9644-defb-4205-906b-4fdc0542786c","type":"Feature","feature_type":"anchor","geometry":{"type":"Point","coordinates":[30.380002791052117,60.00616094982523]},"properties":{"unit_id":"4b7b6c1a-0714-4fdd-8419-f694d0e1afaf","address_id":"2e4ab1a8-4acf-4b2c-a169-232d79b69b76"}},{"id":"f1e69645-4594-4c5e-9bdb-cf16f948b563","type":"Feature","feature_type":"anchor","geometry":{"type":"Point","coordinates":[30.37998316870318,60.006124015559543]},"properties":{"unit_id":"a9e3b77d-af67-4f40-bd97-f8140dff3460","address_id":"272560eb-05c8-44d8-b89d-d31b79d5fe64"}},{"id":"18f67473-28d9-480d-ac63-dd14df8b1f7e","type":"Feature","feature_type":"anchor","geometry":{"type":"Point","coordinates":[30.379965621258268,60.006098026680817]},"properties":{"unit_id":"39e965d8-a848-45c7-8758-1f32d70b66c9","address_id":"ac825bb9-f340-468c-8fd3-4938a3057271"}},{"id":"05a6adb6-f519-43b9-b7bd-5a7c20d7610c","type":"Feature","feature_type":"anchor","geometry":{"type":"Point","coordinates":[30.379977103068423,60.006074258386469]},"properties":{"unit_id":"f6bdc9cb-5ffd-4cfa-8483-770b04354056","address_id":"f4fd6978-a089-4c2c-ada8-01a6ce5bc50f"}},{"id":"c8d17481-710a-4af1-ab58-af849631350f","type":"Feature","feature_type":"anchor","geometry":{"type":"Point","coordinates":[30.379946362600361,60.00607137747258]},"properties":{"unit_id":"32327d23-5246-4d59-aad0-a11b8e623f88","address_id":"35bd7348-0c46-4c52-86f2-f34c2fdbfd00"}},{"id":"bebcf13a-5c0c-4074-9a7c-9091f346997c","type":"Feature","feature_type":"anchor","geometry":{"type":"Point","coordinates":[30.379862212329694,60.006114431175916]},"properties":{"unit_id":"d194fa5f-0b99-4874-acc3-b4ca95e6be1e","address_id":"192c2a20-9f1f-4819-b185-4ee439d6ed4b"}},{"id":"5d833b29-ddea-4a32-b854-2489df91e3da","type":"Feature","feature_type":"anchor","geometry":{"type":"Point","coordinates":[30.379760798952621,60.006131542657229]},"properties":{"unit_id":"e9d08731-a2d0-4c12-b101-77e8ad7190f4","address_id":"0bb647b5-fb3e-4ea8-8d7c-ed0e5a8c2c25"}},{"id":"93a6609c-843b-4e11-a9b2-7affe33d0b2c","type":"Feature","feature_type":"anchor","geometry":{"type":"Point","coordinates":[30.379524451006205,60.006171652871807]},"properties":{"unit_id":"90e20f17-39e6-48d8-85bf-3dbb0d12ea1d","address_id":"b93f0e6c-4714-4c2f-bc9b-cdca1fffe10d"}},{"id":"36374124-422a-43e3-8229-67b3b0676a94","type":"Feature","feature_type":"anchor","geometry":{"type":"Point","coordinates":[30.379505612115974,60.006143752715161]},"properties":{"unit_id":"842721ef-cc0a-42b5-a582-67c1a15263a7","address_id":"d0957b74-8fbb-41fe-a439-840ce38021c5"}},{"id":"d37e2e3b-6880-4fae-87b8-2f78d24e94f7","type":"Feature","feature_type":"anchor","geometry":{"type":"Point","coordinates":[30.380137986663218,60.006060305563636]},"properties":{"unit_id":"f2d85f40-1ba5-47fd-809c-5b513d56597d","address_id":"c5a58d49-1342-4794-b197-7deda1456cab"}},{"id":"6c9a916e-e40b-4111-863b-eb2bce170851","type":"Feature","feature_type":"anchor","geometry":{"type":"Point","coordinates":[30.380088926061454,60.005985815674819]},"properties":{"unit_id":"97c48095-28be-43de-b04f-8d87fd1fae86","address_id":"15a72a1f-222f-4929-abcb-9eea5e82f601"}},{"id":"93226fb7-088e-4733-b772-fcd91552ef5c","type":"Feature","feature_type":"anchor","geometry":{"type":"Point","coordinates":[30.380046204381816,60.005922120773725]},"properties":{"unit_id":"1fdbf116-85c5-4fbc-8cb1-9ec8465c3b04","address_id":"e5d9d5a8-97b2-411c-b0fd-5739856e3c8c"}},{"id":"12457132-75d8-49a5-9335-0a20adae48df","type":"Feature","feature_type":"anchor","geometry":{"type":"Point","coordinates":[30.380005931545007,60.005862474027325]},"properties":{"unit_id":"c916bc10-40cc-47bc-8ac5-7692cb434d37","address_id":"92ce8412-897a-4780-a653-17176b8e85d5"}},{"id":"a149eb08-51aa-4ce7-9f53-11647254381f","type":"Feature","feature_type":"anchor","geometry":{"type":"Point","coordinates":[30.379926536328778,60.005744884601825]},"properties":{"unit_id":"8b93051a-7ad2-400e-b267-af7bd2f72f36","address_id":"79f84308-db9b-4e0a-bb65-896111d587ba"}},{"id":"c7f4e28c-8623-4f95-a942-9e9acf3ade0d","type":"Feature","feature_type":"anchor","geometry":{"type":"Point","coordinates":[30.379837366520686,60.005913696495178]},"properties":{"unit_id":"82dd33ea-5b30-4792-97ec-2cb5154f7acd","address_id":"333a7693-4b2c-465c-a75b-013d0cbc1536"}},{"id":"b43ec5e9-53d2-42ec-862d-27422dd74250","type":"Feature","feature_type":"anchor","geometry":{"type":"Point","coordinates":[30.379873112925718,60.005966474277784]},"properties":{"unit_id":"801a72e5-74f3-4da8-b854-debeb3351922","address_id":"acae7262-8684-4118-bd41-bfd8fc889baf"}},{"id":"947e0b1a-5455-4ab5-be95-a2d4a210b108","type":"Feature","feature_type":"anchor","geometry":{"type":"Point","coordinates":[30.379390465989278,60.006093986759652]},"properties":{"unit_id":"ceafb812-5ace-430d-8de8-7b9ca59bb311","address_id":"56408dc2-0229-4162-b596-299d8a163bf3"}},{"id":"e08c70b7-018e-4a10-b490-9ba0d60d607a","type":"Feature","feature_type":"anchor","geometry":{"type":"Point","coordinates":[30.378627158834181,60.006221831601877]},"properties":{"unit_id":"9b507054-ee9a-420e-8310-4c2cd3bcb034","address_id":"b52b34ea-9d59-46ca-9670-acbba55e0169"}},{"id":"501c81c1-f2bb-466f-bb1b-d6550eb8d188","type":"Feature","feature_type":"anchor","geometry":{"type":"Point","coordinates":[30.378728572642927,60.006204719846117]},"properties":{"unit_id":"e371d226-e5c9-4384-bdae-8aab24a3153a","address_id":"9f9b6ab6-cf12-4fd5-a332-0626d933c823"}},{"id":"171ce924-c03f-4d95-b42f-3c61ebe50d04","type":"Feature","feature_type":"anchor","geometry":{"type":"Point","coordinates":[30.378167433222035,60.006173636604835]},"properties":{"unit_id":"24496ff9-a8cc-4c66-b20f-fc9aabf3375b","address_id":"3165b3b5-7aab-4fe7-879c-4eee83009fa7"}},{"id":"9ca38d0a-fccd-413b-bf0e-abd75c0a63d0","type":"Feature","feature_type":"anchor","geometry":{"type":"Point","coordinates":[30.378207704864948,60.006233283351236]},"properties":{"unit_id":"624097cf-5ed2-45d4-a9f4-c02c419aa5e5","address_id":"3940f512-8fdc-48fb-840a-057c98ea0b46"}},{"id":"91bce698-4415-4a53-808f-b1933afeb938","type":"Feature","feature_type":"anchor","geometry":{"type":"Point","coordinates":[30.378241647704449,60.0062835570414]},"properties":{"unit_id":"beee06c2-6151-4dc1-a55d-1c6e9e201029","address_id":"3bf247d4-1efc-4acb-9a0c-8ffb31d514b2"}},{"id":"fcaa4f60-1ce0-40fa-893d-92518715498e","type":"Feature","feature_type":"anchor","geometry":{"type":"Point","coordinates":[30.3782847960983,60.0063474643677]},"properties":{"unit_id":"9a095e67-bb6a-40aa-8d38-6f8183dea42d","address_id":"a46e041d-f769-4602-a7a9-1b40c07501c5"}},{"id":"c47d793a-da4e-4a12-bd19-05b803a7452b","type":"Feature","feature_type":"anchor","geometry":{"type":"Point","coordinates":[30.378327081506363,60.006410093849368]},"properties":{"unit_id":"39aebb9f-43a3-4bc8-985b-937199e8c336","address_id":"9396a74c-86dd-4b7c-893d-018601644624"}},{"id":"6cf6e700-954d-4894-b697-86bdf6fae3c6","type":"Feature","feature_type":"anchor","geometry":{"type":"Point","coordinates":[30.378585465050559,60.006329438689555]},"properties":{"unit_id":"4af00a45-8136-4f6a-ac41-7ad32f5f5f57","address_id":"70e8915c-a0d9-4105-a1f6-e59a4699542e"}},{"id":"743d43eb-b938-48bf-81a8-ad105ae26510","type":"Feature","feature_type":"anchor","geometry":{"type":"Point","coordinates":[30.378688214160537,60.006312260516616]},"properties":{"unit_id":"cf29a38d-f7ac-48ea-bcb0-57ce5a158b43","address_id":"320dc097-5bab-4b96-afea-722851b33bf6"}},{"id":"3cdfafc1-d089-49bf-be01-43d5e42cb43e","type":"Feature","feature_type":"anchor","geometry":{"type":"Point","coordinates":[30.378791260198486,60.006294754648984]},"properties":{"unit_id":"aa4fa37a-648a-4e5b-a50c-bf39ac8a8cf5","address_id":"3fdcaba7-32cc-498f-b255-c1fe084086c2"}},{"id":"3ecf1b1a-d9a0-4523-9335-970b270d3e77","type":"Feature","feature_type":"anchor","geometry":{"type":"Point","coordinates":[30.378911882813149,60.006274204020109]},"properties":{"unit_id":"488e8b05-5bb9-4423-855b-5fb014f242ca","address_id":"90793a89-5c71-46f4-b07d-36d6ef1a2147"}},{"id":"629f088d-e43d-4387-929b-f0e4fbf5570b","type":"Feature","feature_type":"anchor","geometry":{"type":"Point","coordinates":[30.37889491309603,60.006249739443156]},"properties":{"unit_id":"a5b3a674-5078-45e4-8238-4e4cdcd21749","address_id":"d35ffafc-5abb-4b98-be0a-be981f185d4c"}},{"id":"94ea841b-5432-4257-b6bb-01180ade7165","type":"Feature","feature_type":"anchor","geometry":{"type":"Point","coordinates":[30.378363858315989,60.006458940393472]},"properties":{"unit_id":"47716386-d707-40de-a2ef-eaac65895ef5","address_id":"ec049570-e630-438b-b9e4-846693017475"}},{"id":"a71be129-5589-4f9e-b8e6-9d182ef68f1c","type":"Feature","feature_type":"anchor","geometry":{"type":"Point","coordinates":[30.378144665559009,60.006134291011207]},"properties":{"unit_id":"fc9193f7-5951-449a-87b7-7e6ca848f212","address_id":"a90c9aec-3f27-4528-9a3c-b83ae779c7d9"}},{"id":"d73de5bb-ef7e-47d4-8dc0-f6cee186925f","type":"Feature","feature_type":"anchor","geometry":{"type":"Point","coordinates":[30.380202829530354,60.00614870985212]},"properties":{"unit_id":"dfba3f0c-b4c6-4d8f-9e7b-c00621a3288a","address_id":"d02928da-bbf0-48d7-afa1-bb677cb4dfcd"}},{"id":"6f0ea889-79e8-45ed-af24-6a2d02bb16c2","type":"Feature","feature_type":"anchor","geometry":{"type":"Point","coordinates":[30.379983748170542,60.005823950414936]},"properties":{"unit_id":"71f6f086-2551-415d-95df-5a0d55d80f0c","address_id":"4227d8a4-b468-41ab-bd93-66c067fcd9e0"}},{"id":"279a1747-33b1-4207-ab95-03ac5bafe1e5","type":"Feature","feature_type":"anchor","geometry":{"type":"Point","coordinates":[30.379029007115239,60.006251791788976]},"properties":{"unit_id":"c73ad99c-c8eb-475f-9545-685422965357","address_id":"041cc811-9dc0-40b3-a0bd-c724ef6123ac"}},{"id":"29088fc8-f521-4a7a-865e-c7fde617feba","type":"Feature","feature_type":"anchor","geometry":{"type":"Point","coordinates":[30.379305050437473,60.006345692510969]},"properties":{"unit_id":"06c2a400-946c-4858-ba67-23918061edf1","address_id":"cdde59af-95e3-4aa1-aa69-03737eee4507"}},{"id":"325a7b61-6ca3-4649-844a-e02ebb9687bb","type":"Feature","feature_type":"anchor","geometry":{"type":"Point","coordinates":[30.378842552657165,60.006848484302886]},"properties":{"unit_id":"48af3339-c189-4d30-a44a-38379033bd76","address_id":"45deac8d-e4c7-4fa9-bf1e-563b0d08c630"}},{"id":"ff9300df-60bd-4881-993b-902a0aad62d4","type":"Feature","feature_type":"anchor","geometry":{"type":"Point","coordinates":[30.379298621074746,60.006660953467744]},"properties":{"unit_id":"c8725730-d9f5-4344-ab3b-6f1e381fb669","address_id":"854caac2-4941-464b-89e2-123efc2b1103"}},{"id":"c05f3a4c-08e0-425f-bc90-b638f65ed06f","type":"Feature","feature_type":"anchor","geometry":{"type":"Point","coordinates":[30.380319343738019,60.006600254201132]},"properties":{"unit_id":"a2bbca48-b999-4537-a9bd-62fac9f1ecc0","address_id":"e3e5e849-0841-40dc-af5b-603177407ce0"}},{"id":"1a21f3f3-347f-45ac-bd35-119c9b57dc7b","type":"Feature","feature_type":"anchor","geometry":{"type":"Point","coordinates":[30.37923869475868,60.006244601717327]},"properties":{"unit_id":"52835754-b8cb-490a-8335-7ee5c2263db7","address_id":"8c7a462e-88d1-4f48-b953-a09fef5cc5b4"}},{"id":"36d0dcf8-c8a8-450a-861f-bbadb0ebcd67","type":"Feature","feature_type":"anchor","geometry":{"type":"Point","coordinates":[30.37945340990634,60.006180181716246]},"properties":{"unit_id":"d368c384-0377-41a5-9036-33f288f5e967","address_id":"aeb846a9-c304-496c-b04d-039c45639f61"}},{"id":"0c82ba54-9edb-4214-9586-ca2b86625083","type":"Feature","feature_type":"anchor","geometry":{"type":"Point","coordinates":[30.379315985238854,60.006531309049223]},"properties":{"unit_id":"b31fbf3b-b75d-4b62-ab89-95f4c9730d32","address_id":"b5195774-d3e2-494e-8fc8-35143deef6c6"}},{"id":"26e3898f-468a-4c69-adcc-4e17842361c9","type":"Feature","feature_type":"anchor","geometry":{"type":"Point","coordinates":[30.379483867250975,60.006446031857323]},"properties":{"unit_id":"49fd9604-cd29-4693-bef7-d5beff7a4062","address_id":"5aa00e27-79f2-4b4f-9580-90b59884f3c1"}},{"id":"3a49d75c-957a-4f60-a9e5-89e5f4c5a6c1","type":"Feature","feature_type":"anchor","geometry":{"type":"Point","coordinates":[30.379580462671925,60.006581363452909]},"properties":{"unit_id":"5b2185ef-9b4f-495b-b841-df42c127eb97","address_id":"389a9d01-0a47-489e-84cf-5a0adb0a693f"}},{"id":"19cd4a43-46a7-4c23-8d37-5010ddafd35f","type":"Feature","feature_type":"anchor","geometry":{"type":"Point","coordinates":[30.3792713096304,60.006434912468329]},"properties":{"unit_id":"73b42da5-1224-479d-b589-f61a0a9af331","address_id":"b997ba25-2373-4fa6-a221-0926246295eb"}},{"id":"7b874aa5-a0e9-41d8-b35c-ef042dc9d935","type":"Feature","feature_type":"anchor","geometry":{"type":"Point","coordinates":[30.380034250157756,60.006564664746158]},"properties":{"unit_id":"1634af00-a6ad-489c-a3cc-d3f2d2dfa156","address_id":"e20d3a44-7043-4e8a-b8c9-70faab039f5c"}},{"id":"11e2e59f-a773-4082-bda2-532045a0c3d8","type":"Feature","feature_type":"anchor","geometry":{"type":"Point","coordinates":[30.37860293392999,60.006817252583531]},"properties":{"unit_id":"9b703901-1f9f-4098-a9cf-3eea1e2c121e","address_id":"5c9cc4bc-6639-4dfb-962a-85d3a050cd89"}},{"id":"03105db6-d30d-446a-9232-8283a74d4fdc","type":"Feature","feature_type":"anchor","geometry":{"type":"Point","coordinates":[30.378566976692291,60.006763996432539]},"properties":{"unit_id":"a09e6ba4-57a0-4894-9183-41aa86e7d495","address_id":"66b717fd-802f-4574-85f3-efe2da202a36"}},{"id":"b3d0c343-e7b2-4139-b1be-a3736b7ddbff","type":"Feature","feature_type":"anchor","geometry":{"type":"Point","coordinates":[30.378533033084487,60.006713722742369]},"properties":{"unit_id":"cf796c2f-680e-44bd-9957-1e78b004603a","address_id":"48082970-e555-40a4-8053-91dde0b62ff5"}},{"id":"20356d6d-e52e-4686-8b7c-968c6aec03a8","type":"Feature","feature_type":"anchor","geometry":{"type":"Point","coordinates":[30.378498513869932,60.006662596881327]},"properties":{"unit_id":"cf55c410-9d20-47ec-a000-8dac88e1e818","address_id":"af56d052-16cc-43f0-864c-21d737185f1f"}},{"id":"b0911ca5-dae9-41d7-ba33-231b31e9e523","type":"Feature","feature_type":"anchor","geometry":{"type":"Point","coordinates":[30.378463707566254,60.006611045072084]},"properties":{"unit_id":"ab5d5e98-63f7-47d4-8122-bfe7eeab08d4","address_id":"ee691d70-fa3a-4286-8e2d-ef8571b1a9e0"}},{"id":"48e6fe37-2ecf-4904-9c4d-17e8713fa045","type":"Feature","feature_type":"anchor","geometry":{"type":"Point","coordinates":[30.378430339223012,60.00656162327833]},"properties":{"unit_id":"7218947e-95ff-4b7f-8e23-b09a5fde8629","address_id":"3791a5e8-a876-4d2e-9155-df3a981c02ce"}},{"id":"383eb9f3-51ec-4358-898c-d4fd5df82594","type":"Feature","feature_type":"anchor","geometry":{"type":"Point","coordinates":[30.378406463623985,60.006526261343375]},"properties":{"unit_id":"a230b0d3-8156-4121-bd2c-a3de2c3d9261","address_id":"109301ca-a663-4f6b-ba45-c11ab9dafac3"}},{"id":"03acd221-cff7-4611-8564-3d865a5309ad","type":"Feature","feature_type":"anchor","geometry":{"type":"Point","coordinates":[30.378380585270698,60.006489338879092]},"properties":{"unit_id":"21900ac8-2208-4878-ae80-175302b32d1e","address_id":"fc31a9f3-a1bd-4bf5-ae15-331961c06408"}},{"id":"047e17cd-37d2-4734-b1c4-a5c05b8a92b4","type":"Feature","feature_type":"anchor","geometry":{"type":"Point","coordinates":[30.378105300184323,60.00608161010986]},"properties":{"unit_id":"76d5606d-5c21-4b8c-9f74-d58da3fb7560","address_id":"01435097-6960-45b2-bd02-66969ee31f09"}},{"id":"2e0a9336-3b6d-4e73-9cca-05e121016287","type":"Feature","feature_type":"anchor","geometry":{"type":"Point","coordinates":[30.378069056060777,60.006027927736206]},"properties":{"unit_id":"d4a10719-706e-4eac-ba66-b628f391d32d","address_id":"2dd97633-436b-415f-b9af-e4cb189ff499"}},{"id":"53c8036e-2b1e-4b0f-9729-6230beb25646","type":"Feature","feature_type":"anchor","geometry":{"type":"Point","coordinates":[30.378250002155429,60.005996447089643]},"properties":{"unit_id":"a35b0f1d-0f6e-4a42-b1d3-ebd47aaef88e","address_id":"98333998-6ab6-4e0b-b0dc-1fe9854edaa9"}},{"id":"951b67a2-e978-4a80-a4c4-e5df35be9564","type":"Feature","feature_type":"anchor","geometry":{"type":"Point","coordinates":[30.378283519448235,60.006046792960468]},"properties":{"unit_id":"117e0ae7-f18f-4e73-af6d-f840fc5489d5","address_id":"dd3104f2-7007-4e33-8aca-a7f2134e7fb8"}},{"id":"37381d3b-b65b-4730-a476-a5f055d0606e","type":"Feature","feature_type":"anchor","geometry":{"type":"Point","coordinates":[30.37832047192521,60.006100118273153]},"properties":{"unit_id":"bdcd31c0-1c8f-4b7b-8da6-662eb494fea7","address_id":"aed063f3-433a-49a9-ae08-8c4a5a23adc6"}},{"id":"2d5377bb-bb12-4813-b0d7-d9cd49f9f826","type":"Feature","feature_type":"anchor","geometry":{"type":"Point","coordinates":[30.37835456415273,60.006151316040395]},"properties":{"unit_id":"34adc723-a288-4802-be98-d2411654a94f","address_id":"2f0785e8-fc1d-4bf5-b3cb-04859d68e64b"}},{"id":"a4829976-2a15-4818-8887-99831d6443b0","type":"Feature","feature_type":"anchor","geometry":{"type":"Point","coordinates":[30.378388219921565,60.006201163782357]},"properties":{"unit_id":"368bd927-0ff0-4c9d-b6db-6448edd13ef3","address_id":"aa73c334-aee7-4cb7-a841-231cec731d2c"}},{"id":"2230d5b9-484e-4998-af5c-31983c8c4e48","type":"Feature","feature_type":"anchor","geometry":{"type":"Point","coordinates":[30.37838570343,60.006244538319109]},"properties":{"unit_id":"06459dea-5c49-45ea-b6de-f5455dee0cc2","address_id":"5b458c47-b1ab-4a26-bcc3-50b4493928d5"}},{"id":"ffc7f274-122b-4bc6-a86b-e7171d73159d","type":"Feature","feature_type":"anchor","geometry":{"type":"Point","coordinates":[30.378405264120353,60.006273509658662]},"properties":{"unit_id":"e28374a3-c203-40e4-9dc2-4d02e8fbfaeb","address_id":"cfc85894-4afd-4182-b299-da7625cc5e4d"}},{"id":"f3efb794-307c-4102-ba7f-1bcdfa8b5e86","type":"Feature","feature_type":"anchor","geometry":{"type":"Point","coordinates":[30.378506297406428,60.006242151966219]},"properties":{"unit_id":"97444e2a-d351-4dbf-9a4d-90ba9811696a","address_id":"cc654a63-877d-4eef-b994-b685cb8fc225"}},{"id":"93d7e083-815f-4d18-a0ac-e0fcaf56d0c3","type":"Feature","feature_type":"anchor","geometry":{"type":"Point","coordinates":[30.378825724960539,60.006188327152408]},"properties":{"unit_id":"39b3f273-f333-4ae9-b919-190974368bfb","address_id":"c574ff0d-82ed-4733-b063-0d08d4b2cc03"}},{"id":"cf1099d8-efa8-4452-bf22-d87dc3e78c41","type":"Feature","feature_type":"anchor","geometry":{"type":"Point","coordinates":[30.378927990679372,60.006171071858688]},"properties":{"unit_id":"0fe8f5da-ad89-4721-8d4d-cb6b759367f2","address_id":"293761c4-83f5-48ea-850a-868de2819f04"}},{"id":"47e02db7-a001-44e1-abd6-6899d5324440","type":"Feature","feature_type":"anchor","geometry":{"type":"Point","coordinates":[30.379491026845223,60.006077019090753]},"properties":{"unit_id":"03b022f6-c90b-466d-b91b-c6bd41a68780","address_id":"7641efb5-3014-4f45-8f29-8eaca915baae"}},{"id":"7a423c99-a7f0-4a4e-837b-102812618e6f","type":"Feature","feature_type":"anchor","geometry":{"type":"Point","coordinates":[30.379592439659486,60.006059907334993]},"properties":{"unit_id":"ea212507-c902-4068-8de3-59dc4ea9ab02","address_id":"2199f49e-8c43-49bd-a9eb-9e481aa2ec61"}},{"id":"c5b76ad0-b663-4615-b4b6-fe8890a678b7","type":"Feature","feature_type":"anchor","geometry":{"type":"Point","coordinates":[30.379694705528756,60.006042652041273]},"properties":{"unit_id":"63fa6c21-e27e-4dcb-a872-26c0b9898452","address_id":"8a9ca700-b3a7-4951-9208-65797c212fbe"}},{"id":"fab2fb7e-f171-4522-9e8e-77dcc86f7e27","type":"Feature","feature_type":"anchor","geometry":{"type":"Point","coordinates":[30.379850711046195,60.006016423566678]},"properties":{"unit_id":"5d3be1ae-0e4d-4e80-961b-1671fc7ded93","address_id":"8ae1b657-603a-4066-9760-07c08e626515"}},{"id":"14a55a5c-8d37-4618-ba7d-a9979f3013d4","type":"Feature","feature_type":"anchor","geometry":{"type":"Point","coordinates":[30.379787142540426,60.005839372374865]},"properties":{"unit_id":"389bfc00-6621-456f-b9e4-f2d437e1e8c5","address_id":"ba6d3b24-8c8b-4a2a-9f95-05862b653208"}},{"id":"87b48c24-3fb0-4192-bf75-5d09aee24241","type":"Feature","feature_type":"anchor","geometry":{"type":"Point","coordinates":[30.379730279701725,60.005755176795013]},"properties":{"unit_id":"2cb90349-1e85-4940-86e4-0eefe106057b","address_id":"44838938-b30c-4796-a2a0-d14ae60d8eaa"}},{"id":"6f48e20d-95db-4d21-801f-8f8f9e18cff9","type":"Feature","feature_type":"anchor","geometry":{"type":"Point","coordinates":[30.380225415525754,60.006186980420537]},"properties":{"unit_id":"14a2f93e-dbd3-4cbf-8463-e05166d047cd","address_id":"fba82469-ed42-4d52-bc09-005a591978a7"}},{"id":"2d332b18-0e23-4c9b-9dc8-fac4f246584c","type":"Feature","feature_type":"anchor","geometry":{"type":"Point","coordinates":[30.38027144223976,60.006255148326737]},"properties":{"unit_id":"c5c178c7-6780-4834-94f5-f69023fed909","address_id":"f8c35a40-1891-4eb5-b8be-22d829ded950"}},{"id":"aa3361da-9c98-476f-97ef-ff6c873314f5","type":"Feature","feature_type":"anchor","geometry":{"type":"Point","coordinates":[30.380302223035105,60.006300735488793]},"properties":{"unit_id":"9ccf2050-fd9e-4040-8879-7ff81c9a6ff2","address_id":"1b26c523-b30a-4d3a-8c56-8f5510e20163"}},{"id":"7872e639-6811-421f-a3f4-dfef52adb4aa","type":"Feature","feature_type":"anchor","geometry":{"type":"Point","coordinates":[30.380337031157367,60.0063522875725]},"properties":{"unit_id":"379d6520-e3df-463d-880e-90621ce2760b","address_id":"2fbbb749-7616-4660-86e0-a5df73d89794"}},{"id":"ae26c10a-f64a-4f9d-ab70-2247833125aa","type":"Feature","feature_type":"anchor","geometry":{"type":"Point","coordinates":[30.380371551082025,60.006403413433532]},"properties":{"unit_id":"4fc72e1e-6fc9-4a5a-a785-0df24dc9d04a","address_id":"cf4f331f-13ac-4824-8049-58fce01e6166"}},{"id":"11af9a3f-e7d1-4657-8c88-695b029076d5","type":"Feature","feature_type":"anchor","geometry":{"type":"Point","coordinates":[30.380406071609031,60.006454539294573]},"properties":{"unit_id":"6fee8b1b-aea3-424a-8f7e-1ddee157b31e","address_id":"b641b7c2-d328-4dbc-aeac-1cba11a96083"}},{"id":"3b0abe7b-3fce-45da-ba53-8dc16358d72f","type":"Feature","feature_type":"anchor","geometry":{"type":"Point","coordinates":[30.380442317862975,60.006508221393773]},"properties":{"unit_id":"e13644a1-3c93-4717-bc13-4e0181e45f7a","address_id":"461d1694-293b-4399-91ba-95e0fdd81782"}},{"id":"56bb4805-651e-4f6b-a49a-391dde2b4e34","type":"Feature","feature_type":"anchor","geometry":{"type":"Point","coordinates":[30.379657680952253,60.006148942037811]},"properties":{"unit_id":"f67ee196-9505-4fd9-b35f-0a69850a3541","address_id":"7a4809a2-a479-462c-964b-58c955226b81"}},{"id":"27a2338a-a0aa-408c-97aa-ede348deb0dc","type":"Feature","feature_type":"anchor","geometry":{"type":"Point","coordinates":[30.380043064067848,60.006220596846077]},"properties":{"unit_id":"f62c1fcc-c210-4626-ad5e-1fb906639e06","address_id":"1ea889fa-497e-46a1-93f5-9c7e42580ef7"}},{"id":"343cc3a4-60d8-451c-bc8c-619524e95b8b","type":"Feature","feature_type":"anchor","geometry":{"type":"Point","coordinates":[30.380034772043143,60.006289861733592]},"properties":{"unit_id":"0079a4b5-1f29-4a84-877b-e696838d4762","address_id":"0d543110-aef0-4a8f-bdd8-f7c96e6c475f"}},{"id":"b2fd8155-2625-44f2-ae10-d1fd2dcc8048","type":"Feature","feature_type":"anchor","geometry":{"type":"Point","coordinates":[30.380068429148675,60.006339709475547]},"properties":{"unit_id":"b68bce08-4c13-43a9-a9f4-6d3616f9ed1d","address_id":"240ff63a-eb10-45f1-bf7d-995a8d97c072"}},{"id":"3b1ae2ef-ebb6-4e18-8a1b-7fcb4255d7c3","type":"Feature","feature_type":"anchor","geometry":{"type":"Point","coordinates":[30.380102948859157,60.006390835336589]},"properties":{"unit_id":"8b3051a8-8488-4b95-90d5-5093b4cc053b","address_id":"8cd06b93-3c57-4063-8a4b-3cc19ba63109"}},{"id":"195409a2-6640-42e0-bb05-e8b7739ba054","type":"Feature","feature_type":"anchor","geometry":{"type":"Point","coordinates":[30.380163934433618,60.006481157764277]},"properties":{"unit_id":"00f0da58-d085-4dab-8d0c-d4eb19437dec","address_id":"44b7b48b-4441-4467-895d-278fa5d10720"}},{"id":"65115f82-61c1-40ec-b60e-c89878412a01","type":"Feature","feature_type":"anchor","geometry":{"type":"Point","coordinates":[30.380164182429176,60.006570101074857]},"properties":{"unit_id":"c1c74f4c-4307-4218-9d8f-57fe6b6c655a","address_id":"891cdf05-cb80-4adf-ad26-a253f0065216"}},{"id":"80ebb549-1ccf-4b5c-9503-8cf15ec37ff9","type":"Feature","feature_type":"anchor","geometry":{"type":"Point","coordinates":[30.37293198956181,60.008778683161943]},"properties":{"unit_id":"bcf562dc-2c84-4dff-90bc-1be7473cfcbb","address_id":"6d09cd82-8142-444a-80ce-ab2990bf8f77"}},{"id":"55a21aa5-23e0-4711-a455-dc6afda1ba0b","type":"Feature","feature_type":"anchor","geometry":{"type":"Point","coordinates":[30.37317939541094,60.009226706028038]},"properties":{"unit_id":"1f2e1876-6388-445f-a05e-3d9aa036391e","address_id":"1507eea1-9aae-4032-9d6d-ada6da868fca"}},{"id":"ab01eeb6-662f-40e5-b982-8ee7f3eab192","type":"Feature","feature_type":"anchor","geometry":{"type":"Point","coordinates":[30.374548977328846,60.008502064380465]},"properties":{"unit_id":"4bda58ec-8189-4225-84f1-ac691945cd10","address_id":"de27e05e-88b8-4ed9-aea9-8e6349397560"}},{"id":"abd5d88c-b07e-411f-9187-3e8ebd8ceee0","type":"Feature","feature_type":"anchor","geometry":{"type":"Point","coordinates":[30.37297760947342,60.008565019635668]},"properties":{"unit_id":"348526a4-5906-49a6-a091-6f4fb65dbe4e","address_id":"568a68a7-66bc-4930-a488-6358bc4fd607"}},{"id":"f4eebe59-445b-4e34-86d3-d8eeb1c25c89","type":"Feature","feature_type":"anchor","geometry":{"type":"Point","coordinates":[30.372765803093042,60.008540959050833]},"properties":{"unit_id":"0c79298a-e3ae-44c0-91b5-2022638e9eb8","address_id":"5f2fddaa-8fc4-499b-b27e-0df3d243dfd4"}},{"id":"fc17b3d6-0681-49d7-9cdc-6bc589cffc23","type":"Feature","feature_type":"anchor","geometry":{"type":"Point","coordinates":[30.372882676043062,60.0087267323007]},"properties":{"unit_id":"ce917f13-1925-46a2-843b-8a55078ad6aa","address_id":"6c641a33-e912-4fc9-85ff-e26ee68f1d39"}},{"id":"b3fad026-a7d3-48f3-9d7a-612a42413615","type":"Feature","feature_type":"anchor","geometry":{"type":"Point","coordinates":[30.373343077015257,60.008711221967495]},"properties":{"unit_id":"904641ef-578f-488d-a6e7-9eee9957f235","address_id":"0ac6d23e-a0da-4d0e-aa75-a4339ebeffd9"}},{"id":"f03c0346-b505-4ced-898f-4ae15fee32de","type":"Feature","feature_type":"anchor","geometry":{"type":"Point","coordinates":[30.373103059965974,60.008718497667907]},"properties":{"unit_id":"c0837adb-1fe2-47a5-85be-554afd576e4a","address_id":"be84186e-97d2-44f9-b48f-26d7cb63b205"}},{"id":"49991357-96cb-4178-88cd-2ade2a7d359a","type":"Feature","feature_type":"anchor","geometry":{"type":"Point","coordinates":[30.372209451103821,60.008513336089855]},"properties":{"unit_id":"8ba43dd0-79f9-4780-8e8c-6497bcf471fe","address_id":"09451d6d-e199-4559-a4e8-9191f90c3c99"}},{"id":"92088578-802d-42f8-8158-22eeb8ee8816","type":"Feature","feature_type":"anchor","geometry":{"type":"Point","coordinates":[30.37295172269069,60.008526674965438]},"properties":{"unit_id":"ea61ce17-51fb-45b9-8ff8-3c8d5501a3f0","address_id":"e1e43762-2336-4b7a-9fca-eddb7ed1ba32"}},{"id":"fafdace1-2bcf-47b0-865f-20d474fa06f2","type":"Feature","feature_type":"anchor","geometry":{"type":"Point","coordinates":[30.373003496011677,60.008603363757]},"properties":{"unit_id":"31d35185-4def-4744-adcc-4330ae5f7109","address_id":"263ad50b-efd9-4393-85fe-f28f6187f42e"}},{"id":"af0743c5-b035-4ed3-bd54-1031ebadb639","type":"Feature","feature_type":"anchor","geometry":{"type":"Point","coordinates":[30.372811631477834,60.008621498392252]},"properties":{"unit_id":"618133b3-162c-4dde-bd27-a64dc4cd0e96","address_id":"54360193-983a-499c-b6af-0fd422f25f6d"}},{"id":"e260ea5d-69c0-4e5b-acd5-d7c983e384d7","type":"Feature","feature_type":"anchor","geometry":{"type":"Point","coordinates":[30.372873397796411,60.008703144869671]},"properties":{"unit_id":"ea8fb11e-3539-44b0-869e-506353bf19c0","address_id":"6369dfc0-79e5-44de-b6f1-107dd65ffc2f"}},{"id":"ad09356b-4d27-4eb1-8f0a-fd3c93372544","type":"Feature","feature_type":"anchor","geometry":{"type":"Point","coordinates":[30.37380979524799,60.008627730629328]},"properties":{"unit_id":"32cd22dc-0f50-4446-87b3-ab0d33574e33","address_id":"861d8d2d-95cd-4207-8167-f776b02d5139"}},{"id":"142f1484-0921-4c22-8207-281ff3ef45b5","type":"Feature","feature_type":"anchor","geometry":{"type":"Point","coordinates":[30.372967506091676,60.008849572800358]},"properties":{"unit_id":"ee4f281f-686d-45ba-9250-2eb2de328df6","address_id":"7a6198f5-588e-4ec1-b63e-1eb2c6d46b0d"}},{"id":"c9cfe268-2d4f-455a-9a73-fc3f982561ca","type":"Feature","feature_type":"anchor","geometry":{"type":"Point","coordinates":[30.372511470838539,60.00842156456001]},"properties":{"unit_id":"864c507d-8927-41cf-a047-9013eadd8edd","address_id":"fd6d0509-6a8b-43e7-a4d6-ad4c0866f2bf"}},{"id":"be1f1530-2ed1-4c17-a59b-ece3be39268d","type":"Feature","feature_type":"anchor","geometry":{"type":"Point","coordinates":[30.372589026562125,60.008408479277307]},"properties":{"unit_id":"90c64b72-090a-4a7e-944c-1f2d4a59a077","address_id":"cb7fc70f-600d-4648-ba6d-adc766643f62"}},{"id":"29bbd823-c57c-428c-a1e3-b09cd1d238de","type":"Feature","feature_type":"anchor","geometry":{"type":"Point","coordinates":[30.372669991024281,60.008394818744968]},"properties":{"unit_id":"97df96d9-4ff9-4b2a-9229-20d476b5dccd","address_id":"a1249a57-12d7-4bf1-b6b9-3ffb833b0762"}},{"id":"a22593df-ea2e-4e94-ad98-86be8fa82124","type":"Feature","feature_type":"anchor","geometry":{"type":"Point","coordinates":[30.3727458414777,60.008382021087087]},"properties":{"unit_id":"c77e59cb-6d1c-4abd-93d3-ee8457f8cf9e","address_id":"6829677d-b236-4aad-98a6-4c30a8246e57"}},{"id":"e35d61fb-a98f-4cd7-828c-526f877d79d6","type":"Feature","feature_type":"anchor","geometry":{"type":"Point","coordinates":[30.372796976832689,60.008373392891322]},"properties":{"unit_id":"8141d1e9-21e6-48de-8ce5-987c7d3642e3","address_id":"dd07b9f7-f1ef-437f-8d5e-c32ec18df136"}},{"id":"938ba3c3-0c82-4833-af56-eabc5a39812a","type":"Feature","feature_type":"anchor","geometry":{"type":"Point","coordinates":[30.372999814011948,60.008339169928711]},"properties":{"unit_id":"89ba39ca-80c8-463d-95a6-e0905cda2442","address_id":"562729b1-c9ba-4ae3-9346-88d870231984"}},{"id":"05dfc398-0991-43dc-9370-308bb87f4c32","type":"Feature","feature_type":"anchor","geometry":{"type":"Point","coordinates":[30.373107197993054,60.008321051760525]},"properties":{"unit_id":"d3c4e78b-3cf6-4d23-a118-478aae489851","address_id":"55e301a0-d921-4a08-b059-fa235673cf92"}},{"id":"e09fa6d5-2900-4a40-93fb-026d49fef8c5","type":"Feature","feature_type":"anchor","geometry":{"type":"Point","coordinates":[30.374470515560677,60.0083942841141]},"properties":{"unit_id":"2c77d06d-a9c0-4ef5-ad4c-743027057197","address_id":"0b5c7062-b875-408f-b4fc-1668aa07b67f"}},{"id":"3e4c7eb5-f494-4be4-9e36-04df5881d4ed","type":"Feature","feature_type":"anchor","geometry":{"type":"Point","coordinates":[30.374663476733122,60.008370743888669]},"properties":{"unit_id":"0fb51295-5e6e-47c0-a4f3-869a9168caec","address_id":"e8816ace-b3ee-4ca9-a6fa-bf584c02bf7d"}},{"id":"0b87bbab-faaf-458d-a33d-8a0a22bebf4d","type":"Feature","feature_type":"anchor","geometry":{"type":"Point","coordinates":[30.374483225574455,60.008458106086081]},"properties":{"unit_id":"1c937f14-2d62-4a02-b500-6991860c6d2a","address_id":"a1eec85e-8f4b-4e38-bddf-d600927431f8"}},{"id":"d0f2a141-7c23-44e6-8222-5d55d922528c","type":"Feature","feature_type":"anchor","geometry":{"type":"Point","coordinates":[30.374609272522779,60.008311550261148]},"properties":{"unit_id":"fec15719-d860-43dc-a9d9-648995378c5c","address_id":"d4db4d4f-98f6-4d7c-9c33-f4e3cea768c1"}},{"id":"72c1e00f-bf48-4387-8437-ca81e88b64fa","type":"Feature","feature_type":"anchor","geometry":{"type":"Point","coordinates":[30.374583065215468,60.008253327641853]},"properties":{"unit_id":"c108d728-b5d4-460a-b52d-c5ef49d17c7d","address_id":"07cf52a7-ef8c-4efe-9508-1989380b14ac"}},{"id":"4bfa705e-80a5-4bec-80dc-b53928e03543","type":"Feature","feature_type":"anchor","geometry":{"type":"Point","coordinates":[30.374567302188861,60.008229979532246]},"properties":{"unit_id":"49583cba-960b-41b2-bc0a-fb3710959c41","address_id":"7c30c37b-3ab4-413d-aac4-d36c365825e2"}},{"id":"feaf0916-f92c-400b-8244-75422f7e7c72","type":"Feature","feature_type":"anchor","geometry":{"type":"Point","coordinates":[30.374545672067946,60.008197941200912]},"properties":{"unit_id":"71a52ca4-53d4-41dd-89ca-73560caf9e09","address_id":"5a9b5ed5-0b34-425e-9c96-e2df3ac64d89"}},{"id":"50c339c4-5bdd-4bcf-8658-99b8c52f1630","type":"Feature","feature_type":"anchor","geometry":{"type":"Point","coordinates":[30.374521510282253,60.008162152768847]},"properties":{"unit_id":"e529816d-6593-4c2b-8902-b2172c833ff5","address_id":"2398ce64-7424-4f81-8d94-e505757da7c9"}},{"id":"e84968a6-2a8b-4382-a2c3-afb97df52e8e","type":"Feature","feature_type":"anchor","geometry":{"type":"Point","coordinates":[30.374877771695481,60.00812007666056]},"properties":{"unit_id":"6e186fa4-55d9-46ff-b2df-7126456cee05","address_id":"2719b3eb-52ff-4346-842a-0cd3ffe9f01d"}},{"id":"4ce4352c-b5cf-488c-88f4-50b38d4f3588","type":"Feature","feature_type":"anchor","geometry":{"type":"Point","coordinates":[30.375037994568398,60.00809304322069]},"properties":{"unit_id":"52e43bdc-c595-4e83-ad74-8b0afe0057d0","address_id":"530dd371-c42b-45fa-a45c-2cb7cc1139b7"}},{"id":"964db9a8-98fe-4f42-9626-7ab08a0642ab","type":"Feature","feature_type":"anchor","geometry":{"type":"Point","coordinates":[30.375056997720318,60.007972140895163]},"properties":{"unit_id":"3676cf0c-2f87-4800-87a9-77f499c59452","address_id":"2deaab84-377d-411e-9d7a-135c38db7b50"}},{"id":"9eb6c798-19c0-49e0-ac92-4eaa824da045","type":"Feature","feature_type":"anchor","geometry":{"type":"Point","coordinates":[30.374803433049472,60.008031059248161]},"properties":{"unit_id":"33fc71f7-1aef-407e-9c4d-182ba9eeecdf","address_id":"d971af27-04f6-4639-8a56-5496220d7117"}},{"id":"fbd81d52-2b47-467a-b4e7-66f34e281d3c","type":"Feature","feature_type":"anchor","geometry":{"type":"Point","coordinates":[30.374699459012067,60.0080486021667]},"properties":{"unit_id":"bc434f0a-2c04-40a9-b551-34ec7022e492","address_id":"dc26acbf-aba5-4c13-8825-d7cfd4079ffb"}},{"id":"9fc128c9-408e-46b2-aa70-227983b876cc","type":"Feature","feature_type":"anchor","geometry":{"type":"Point","coordinates":[30.374606563995968,60.008064276072808]},"properties":{"unit_id":"87e10600-391c-488b-8a44-6a0aa1e22096","address_id":"3d5968fe-8cbb-4c0d-838e-eb69a50652d8"}},{"id":"89f36a04-a20c-4072-b8e0-bc507168776e","type":"Feature","feature_type":"anchor","geometry":{"type":"Point","coordinates":[30.3745290093496,60.008077361355504]},"properties":{"unit_id":"b8f318aa-6343-4428-a21e-0af7e958df5f","address_id":"b4497027-d3e1-4e1a-8a0c-142e62d83d52"}},{"id":"a3179e5f-5cb8-47e1-9ea1-2d49a26dcaa3","type":"Feature","feature_type":"anchor","geometry":{"type":"Point","coordinates":[30.374447193612689,60.008091165700264]},"properties":{"unit_id":"30fc5618-cba7-418a-8027-b8a0f1fa9785","address_id":"4f5025eb-2ef2-43b9-9690-77d4b2fa08ef"}},{"id":"bd702217-c272-4dbb-91b0-54e4b2c9aa47","type":"Feature","feature_type":"anchor","geometry":{"type":"Point","coordinates":[30.374367082211393,60.008104682420196]},"properties":{"unit_id":"827a1185-70c9-4492-a1db-fb519e692a69","address_id":"795ab0f4-2288-4573-a626-c33201bcf2f0"}},{"id":"0b5b3eaa-827b-432b-a9e2-008fe43c0f90","type":"Feature","feature_type":"anchor","geometry":{"type":"Point","coordinates":[30.374292084163152,60.008117336814564]},"properties":{"unit_id":"14abd733-2cc3-42b4-a528-8f440b89ef1d","address_id":"abc5cc2d-7fcf-442a-b71c-65d674c54806"}},{"id":"22d59808-6337-49ab-ae4a-9ec0b6768c5b","type":"Feature","feature_type":"anchor","geometry":{"type":"Point","coordinates":[30.374195779937022,60.008133585421412]},"properties":{"unit_id":"d2bc883a-38e1-4170-8e7d-6df43fb8a1fb","address_id":"86c78fa7-8b77-4bb4-9bf5-ffaf87a06339"}},{"id":"30c8b54f-6600-4ee6-800c-e1eef9b7e3e0","type":"Feature","feature_type":"anchor","geometry":{"type":"Point","coordinates":[30.374120782097744,60.008146238992424]},"properties":{"unit_id":"50363b80-211c-408d-8958-51381d092418","address_id":"b2ac14a7-af03-45cc-8ffb-5f43624785fd"}},{"id":"4ed4d4eb-86e5-406f-9164-fdedc52d3722","type":"Feature","feature_type":"anchor","geometry":{"type":"Point","coordinates":[30.374070499139968,60.008154723375775]},"properties":{"unit_id":"1e903b31-2288-4ce5-b8a9-c73de272a432","address_id":"efc4e3de-ab4f-4eb8-9ead-1a43d72c9c9d"}},{"id":"9a7bee65-e53c-48c3-8c3e-985a9bc947f6","type":"Feature","feature_type":"anchor","geometry":{"type":"Point","coordinates":[30.373995965250224,60.008161034105889]},"properties":{"unit_id":"bf9cd746-1e07-4b91-9c2f-bd4950f06c61","address_id":"43ae013f-9100-489b-adde-a28589bccbdb"}},{"id":"b03018f3-d996-452b-bfb1-858e8101d134","type":"Feature","feature_type":"anchor","geometry":{"type":"Point","coordinates":[30.373738120998276,60.008210803080367]},"properties":{"unit_id":"61ba0012-127b-4754-a1cc-d3f686bf7d12","address_id":"c626261b-c069-41ab-8952-3a71f2995420"}},{"id":"eccea570-a720-43f3-8b10-88a712e965b4","type":"Feature","feature_type":"anchor","geometry":{"type":"Point","coordinates":[30.373829312051516,60.008195417347991]},"properties":{"unit_id":"fbc25d18-7030-48bc-b3a4-56202b0219a8","address_id":"05888f28-086a-4e6b-ab0e-86f87fcabbd0"}},{"id":"89350260-2d72-41cc-92d4-e91a6f635dc4","type":"Feature","feature_type":"anchor","geometry":{"type":"Point","coordinates":[30.373789426448806,60.008300859839323]},"properties":{"unit_id":"2bb7b3e4-02ed-4c91-ad73-d9557b4652ee","address_id":"3e382fda-a4f9-4f50-a604-685e2c136237"}},{"id":"413e66c0-9c3f-43b7-a5e6-ac5de9bbb808","type":"Feature","feature_type":"anchor","geometry":{"type":"Point","coordinates":[30.373928641798134,60.008279268766081]},"properties":{"unit_id":"066430b6-cbf5-4ead-8da6-8dfa7afa6b62","address_id":"8cc1aa1c-3f92-49f5-835d-b353ae962486"}},{"id":"99e194ab-8254-45e6-907d-5a517495c7ee","type":"Feature","feature_type":"anchor","geometry":{"type":"Point","coordinates":[30.374022389601745,60.00826345159647]},"properties":{"unit_id":"348d7239-ea81-4c37-a30b-5cdd3fa4d61a","address_id":"bbe65d28-344e-41cb-909a-ab55ec70c7b5"}},{"id":"238a5889-2ba0-40cb-ae9d-1d3d272704f2","type":"Feature","feature_type":"anchor","geometry":{"type":"Point","coordinates":[30.374690092446457,60.008733579308391]},"properties":{"unit_id":"3273bff8-8443-413c-aba0-aaf67d8767ee","address_id":"846b7cc0-ff00-4c54-b8e8-658e2b89331b"}},{"id":"39f3f80e-f3d5-4918-a286-ffeea79aca5f","type":"Feature","feature_type":"anchor","geometry":{"type":"Point","coordinates":[30.374657907854552,60.008684698457891]},"properties":{"unit_id":"3db80139-d077-415e-a551-ee95ad47b282","address_id":"b0425f37-00f8-4ebb-9b5c-eaa6b11ea9d6"}},{"id":"43c5ae4b-90a1-45df-9e64-0a18f8416aeb","type":"Feature","feature_type":"anchor","geometry":{"type":"Point","coordinates":[30.37461933267376,60.008628771348157]},"properties":{"unit_id":"894188c2-291c-454a-b7df-d47bf7dccc48","address_id":"1161fa45-735e-46eb-8eea-f3bf5bc4ea41"}},{"id":"fca0546d-c0f3-4d73-a58d-9ae786da6195","type":"Feature","feature_type":"anchor","geometry":{"type":"Point","coordinates":[30.374797954556364,60.008589616498078]},"properties":{"unit_id":"91c4a83a-5919-4e23-b16a-3f840fceadb8","address_id":"a7602052-7842-4e6b-b1c2-b231b09bdb69"}},{"id":"630d2898-5e70-49a6-9aae-a2896bd81901","type":"Feature","feature_type":"anchor","geometry":{"type":"Point","coordinates":[30.374826718653228,60.008632221199314]},"properties":{"unit_id":"aed0a33d-5528-4cd3-abaa-c00b00224393","address_id":"83753466-4b3b-4b49-8d11-3797b9fa59ac"}},{"id":"0697b5fd-b14a-4b50-a6a0-450feafb1c41","type":"Feature","feature_type":"anchor","geometry":{"type":"Point","coordinates":[30.37485001774434,60.008666731237852]},"properties":{"unit_id":"f0e2f3cc-6fb6-4094-8281-28de7bba47c3","address_id":"c2908d42-887a-4da7-9eb3-ef7b9bf94b35"}},{"id":"b7cf52ab-a819-4a18-9b7c-93b0d49688d7","type":"Feature","feature_type":"anchor","geometry":{"type":"Point","coordinates":[30.374888562122251,60.008723822020535]},"properties":{"unit_id":"8bc7ddff-4c77-47be-b16c-2962f179366a","address_id":"be1a1783-0b20-4fb3-ba75-f5d6c16a5a94"}},{"id":"1c5bce9e-241e-48c1-973e-1b0997ae5ccc","type":"Feature","feature_type":"anchor","geometry":{"type":"Point","coordinates":[30.374928256730254,60.008782616596058]},"properties":{"unit_id":"740dd409-9611-4e53-a942-1fb1cf4370d5","address_id":"356e0814-3be8-4c5b-8b48-f441f9c0cb45"}},{"id":"be2046dc-4566-49b2-80c9-48c5247e4da3","type":"Feature","feature_type":"anchor","geometry":{"type":"Point","coordinates":[30.374712816148595,60.008767236901605]},"properties":{"unit_id":"9b66d316-93d6-4bb9-bb01-b8a6d98187b2","address_id":"65b63f0b-85bf-4497-bc6e-6eea79a8df2a"}},{"id":"8dabc7a3-5a88-4d87-917d-997e5751d5eb","type":"Feature","feature_type":"anchor","geometry":{"type":"Point","coordinates":[30.375302271193348,60.008816325786093]},"properties":{"unit_id":"390a3346-6eb0-464b-8d24-039c481d61fa","address_id":"d9c68016-efc4-4662-82a6-507979f4c0b2"}},{"id":"8672a90c-e3d1-4cb7-9f65-a7a06da7211c","type":"Feature","feature_type":"anchor","geometry":{"type":"Point","coordinates":[30.375019321828876,60.008864066017544]},"properties":{"unit_id":"7b33b145-3abe-4714-96cb-d59dc7ce13f9","address_id":"56b2e464-8b63-4932-ad9f-7ecb19c03cbe"}},{"id":"3c9986c2-d762-49a5-8ead-c54506fbb884","type":"Feature","feature_type":"anchor","geometry":{"type":"Point","coordinates":[30.374946880036827,60.008876288425782]},"properties":{"unit_id":"e73a2c1b-4374-4883-8998-c2e24d1289df","address_id":"91ab0b45-1d0d-4b54-9631-350ca3b5a45b"}},{"id":"0b601b13-0c8e-4f8c-b8b3-09ca3fd98966","type":"Feature","feature_type":"anchor","geometry":{"type":"Point","coordinates":[30.374898301566578,60.0088844846354]},"properties":{"unit_id":"a03c9508-2cc4-4faf-9fc2-f489016ae186","address_id":"bfd88898-e060-465f-8d35-3632d9f724d4"}},{"id":"d4d92d2d-6754-4938-81a8-455ad3c50613","type":"Feature","feature_type":"anchor","geometry":{"type":"Point","coordinates":[30.374849722535288,60.008892681393931]},"properties":{"unit_id":"c507c5e9-d973-40be-a51a-92cfee10e46a","address_id":"d7ae3cbd-5193-4763-802c-c07e49b40ae6"}},{"id":"29bf2507-fc15-46ce-87d1-674c73bbd581","type":"Feature","feature_type":"anchor","geometry":{"type":"Point","coordinates":[30.374799439378062,60.00890116522838]},"properties":{"unit_id":"f720c573-3396-4221-b00a-cb704f9a188e","address_id":"6f13326c-55de-4995-a85c-15d55cf3edf7"}},{"id":"6f7f2b95-3ce2-4fd4-bc72-35cfebf996d2","type":"Feature","feature_type":"anchor","geometry":{"type":"Point","coordinates":[30.373784215974805,60.008972319986626]},"properties":{"unit_id":"b5d34a88-162b-4461-b3e7-6bc59626f8bd","address_id":"476f68d4-6657-42bc-b1e6-c008a333eeb2"}},{"id":"3872f081-5c56-4876-8861-802a05984377","type":"Feature","feature_type":"anchor","geometry":{"type":"Point","coordinates":[30.37363166092781,60.008998059663696]},"properties":{"unit_id":"174df7ad-5fb7-467d-b14b-f90f31f28811","address_id":"606af656-f882-4e15-b4f6-a14c28c5592e"}},{"id":"12719d0b-b5b1-4679-b904-7858b0bd26c8","type":"Feature","feature_type":"anchor","geometry":{"type":"Point","coordinates":[30.373494446709753,60.009021210168463]},"properties":{"unit_id":"00b60b85-aff2-4bd4-b2d9-3cd8d9b64e85","address_id":"e6def4a9-3758-492d-abb5-c5636d9448d9"}},{"id":"272160bc-7982-4adb-8da5-bd4aa091696b","type":"Feature","feature_type":"anchor","geometry":{"type":"Point","coordinates":[30.373229851920897,60.008937242383077]},"properties":{"unit_id":"0ec33b83-dd1a-49af-82f8-21e396eb641c","address_id":"a501e61b-80d8-4a73-8c07-165f788f1459"}},{"id":"22dfc883-3e80-4c9d-9a63-aa6d62ad7575","type":"Feature","feature_type":"anchor","geometry":{"type":"Point","coordinates":[30.373679003786503,60.009090681992156]},"properties":{"unit_id":"47c0a610-52ce-41dc-bc6f-220d28877d97","address_id":"f71a90ac-c317-48f3-831d-60fbfd488458"}},{"id":"a2c9ba4b-ba67-4e41-b47e-09982e8a758c","type":"Feature","feature_type":"anchor","geometry":{"type":"Point","coordinates":[30.373624458645793,60.009099884888663]},"properties":{"unit_id":"00dbcde6-f3ee-4983-9c14-fb2af88d9a9c","address_id":"1e14cd78-db1a-43a8-a263-ce2199375fe7"}},{"id":"9f923ced-bb59-4512-a415-977cc5e536c5","type":"Feature","feature_type":"anchor","geometry":{"type":"Point","coordinates":[30.373550311938438,60.009112394921722]},"properties":{"unit_id":"1692c4b0-e923-4e49-8a25-b05ea5d3669c","address_id":"1eb666f7-0e0b-459f-a69e-293616da7501"}},{"id":"783813c0-7fd0-4188-9bab-0dc475b55127","type":"Feature","feature_type":"anchor","geometry":{"type":"Point","coordinates":[30.373475312316803,60.00912504931609]},"properties":{"unit_id":"7a80f089-5baf-4c89-b5a5-ccd3484fd939","address_id":"76efb41a-cc38-42ed-b468-5c143bea51bd"}},{"id":"33e84031-5b5a-4a5a-9000-1e5b735a0fe0","type":"Feature","feature_type":"anchor","geometry":{"type":"Point","coordinates":[30.373426733756002,60.009133245525717]},"properties":{"unit_id":"c0080387-2567-46f0-92d2-e7d5c1b5c6a5","address_id":"13bee8d0-f35b-4615-88cf-aa7a963d0de4"}},{"id":"35fb4917-5cc6-4cc4-ac6d-f537b695c21a","type":"Feature","feature_type":"anchor","geometry":{"type":"Point","coordinates":[30.373044172148742,60.008888604147408]},"properties":{"unit_id":"e14fe8ea-9909-4f4e-9133-24a4a10822ac","address_id":"913552db-aebc-4aa5-b40d-350a07c84d18"}},{"id":"3375ca95-2a8d-40cd-88de-c449ad874691","type":"Feature","feature_type":"anchor","geometry":{"type":"Point","coordinates":[30.373042290543104,60.008960345133346]},"properties":{"unit_id":"75e78830-76d8-4dc8-9451-a1d888b78ec3","address_id":"8f35cf33-d457-42e3-bf56-184738a30cb2"}},{"id":"92c949e5-6301-4cf3-bd2f-a5e703b56b16","type":"Feature","feature_type":"anchor","geometry":{"type":"Point","coordinates":[30.373104994575886,60.009053224348094]},"properties":{"unit_id":"acac1732-a71b-46f8-8b29-c8cb396b0f39","address_id":"f62774a9-6e2c-4de0-b312-6177ab95977d"}},{"id":"dc2a434d-7bbd-4be7-ae5b-acdf54c4ac45","type":"Feature","feature_type":"anchor","geometry":{"type":"Point","coordinates":[30.372913618891587,60.008385429221669]},"properties":{"unit_id":"2265ae73-a873-4bb4-a1fb-ca308e5cfc0a","address_id":"47b37217-c0af-4474-bd0a-618135cb3631"}},{"id":"e2dc07e4-449b-4fcf-b02a-93ed678c92b2","type":"Feature","feature_type":"anchor","geometry":{"type":"Point","coordinates":[30.372841784414216,60.008355392737137]},"properties":{"unit_id":"48ef0963-3e73-4d15-a01b-05ee43bc6bb7","address_id":"51ebd285-fcb8-4326-9ed5-70533b345745"}},{"id":"b6bee23c-3cab-44d0-9dff-c22102c9c812","type":"Feature","feature_type":"anchor","geometry":{"type":"Point","coordinates":[30.372892919736092,60.00834676509028]},"properties":{"unit_id":"07de1a47-704d-47f3-bbaa-99aa80d34d80","address_id":"bbdf03fd-391d-4586-a7a2-9baacf18a6b6"}},{"id":"d3e4b6fd-a7d9-4414-8af8-1157f19bdab2","type":"Feature","feature_type":"anchor","geometry":{"type":"Point","coordinates":[30.372944055044627,60.008338137443424]},"properties":{"unit_id":"664b9ca4-0be8-443b-a349-18a33493331a","address_id":"d7dbb558-a3d1-449f-8edb-a3f8ff5b1268"}},{"id":"230bbc5e-e191-481b-bccf-ef33c2d3fe5c","type":"Feature","feature_type":"anchor","geometry":{"type":"Point","coordinates":[30.373396166815521,60.008363225024517]},"properties":{"unit_id":"0bcc6376-e7a0-40dc-8e8a-9dd2c2e02d3c","address_id":"51e0835c-6a38-485a-826d-99ed179a65f9"}},{"id":"5c40a193-c0ce-4c3b-9564-21eb7c8cc80b","type":"Feature","feature_type":"anchor","geometry":{"type":"Point","coordinates":[30.373220466964028,60.00829112011634]},"properties":{"unit_id":"b3d21aad-6762-4e10-936d-29da66e0207f","address_id":"a5b5f4c6-5537-41fa-a3c8-1aa02aadd6b5"}},{"id":"94166cdd-cfb9-4b32-9f0e-637d8e928a7a","type":"Feature","feature_type":"anchor","geometry":{"type":"Point","coordinates":[30.373911302861547,60.0081669660934]},"properties":{"unit_id":"6737e1c3-d326-4208-8401-09a62759c61f","address_id":"62e1a1bb-a9cc-4712-abc0-68b42983bb94"}},{"id":"bb9422a7-4f5d-4292-aa80-7e03e358fee3","type":"Feature","feature_type":"anchor","geometry":{"type":"Point","coordinates":[30.373735664475955,60.009098112483031]},"properties":{"unit_id":"3434b195-9865-40bb-a44d-b9a6b5f058a0","address_id":"6f6c4228-d68b-4d05-8181-d8c4d0e0cfff"}},{"id":"5ee1e08d-9810-4103-adf4-69d2fbe0a691","type":"Feature","feature_type":"anchor","geometry":{"type":"Point","coordinates":[30.375407222517325,60.008815133570224]},"properties":{"unit_id":"e5c537b8-107c-4f82-8345-25e2245a0c95","address_id":"f7b2bef1-fee4-4142-bbf0-3ada794eaeb5"}},{"id":"0dab8c50-54ae-43fd-9db6-8b8bce74b4f0","type":"Feature","feature_type":"anchor","geometry":{"type":"Point","coordinates":[30.374891389199977,60.008001601581142]},"properties":{"unit_id":"d7e991cd-f364-4cef-8164-1750c2e53ff2","address_id":"21857f88-efaf-4483-b8dd-b74635a9d084"}},{"id":"3c5e7d9e-e105-4c07-8078-1fb4618ec19b","type":"Feature","feature_type":"anchor","geometry":{"type":"Point","coordinates":[30.373120856736886,60.008768362700295]},"properties":{"unit_id":"daf806be-4872-40d5-8412-b9d3c561c5e9","address_id":"35fa2a23-cb28-4d0c-a47c-a4b0bf19324b"}},{"id":"eb99621c-acd9-4db3-b8b1-9687d3cb13bc","type":"Feature","feature_type":"anchor","geometry":{"type":"Point","coordinates":[30.374533091488924,60.00853056119395]},"properties":{"unit_id":"a28092f4-7200-464e-86b0-6bb4fde53522","address_id":"d9f8a105-c7f8-4f9e-9392-980216a0f3a2"}},{"id":"be72b161-7c47-4182-abb7-34dcb66c1dd7","type":"Feature","feature_type":"anchor","geometry":{"type":"Point","coordinates":[30.37270693444805,60.008466416467392]},"properties":{"unit_id":"303fb94b-fb43-4222-bc5a-0cd4718e9dea","address_id":"f3540d97-fff4-4d10-9d37-4d585bebf1b4"}},{"id":"03049f2a-68eb-40c4-bd70-cbabf82fc450","type":"Feature","feature_type":"anchor","geometry":{"type":"Point","coordinates":[30.373319671761088,60.008307665679347]},"properties":{"unit_id":"13b050b9-e3b6-4daf-ad4b-0e0b96fae036","address_id":"5947b3e3-d03f-41e0-9f76-00a70308a6d9"}},{"id":"ff07adba-a45d-41d9-b650-5ec812e919a0","type":"Feature","feature_type":"anchor","geometry":{"type":"Point","coordinates":[30.373248543471753,60.008394017347563]},"properties":{"unit_id":"76953297-0802-4203-bdd4-b53762369815","address_id":"b4559478-a61f-4f12-b2c0-42059a8a80db"}},{"id":"8e550ee4-dcc8-4387-a033-17889ff9ddc0","type":"Feature","feature_type":"anchor","geometry":{"type":"Point","coordinates":[30.373190590080522,60.008403795493706]},"properties":{"unit_id":"555b94cd-2d9d-4aa3-8f26-abdefb126850","address_id":"c5b9a6f7-0818-46f0-b81f-d02d3ef2948f"}},{"id":"af5fd93f-bff1-404f-84bf-2abdf6171bad","type":"Feature","feature_type":"anchor","geometry":{"type":"Point","coordinates":[30.372618647689816,60.0092510789383]},"properties":{"unit_id":"47af53b9-156f-486f-8d95-4c20d90f0701","address_id":"e536a7b6-23d0-4d36-95bf-288415df4798"}},{"id":"db5a8e40-d88f-4695-af9b-eacab71ec7d3","type":"Feature","feature_type":"anchor","geometry":{"type":"Point","coordinates":[30.373877006112274,60.008980393242133]},"properties":{"unit_id":"7d736a7f-2c53-4b35-b59e-1837bab3fb39","address_id":"b17f9859-d786-46cd-8f4a-2da049fc40ba"}},{"id":"a6f7aa1d-c6cc-4e65-99d9-bc1e35253fdc","type":"Feature","feature_type":"anchor","geometry":{"type":"Point","coordinates":[30.373907495547069,60.009025554181527]},"properties":{"unit_id":"e83ddc7a-ddc7-4260-a4ae-32b9053cb402","address_id":"f52aab24-8443-407d-bf90-f251009d24d2"}},{"id":"4a6b7686-b1db-4039-ad60-fabcd5ab6cd5","type":"Feature","feature_type":"anchor","geometry":{"type":"Point","coordinates":[30.374419736053998,60.008915247317717]},"properties":{"unit_id":"eacc6bc0-e93b-4982-85a0-0848cdd1ddda","address_id":"e93b0898-d326-40a3-a71b-8360a0cce37f"}},{"id":"2fcde36e-6537-48b1-b243-8a8554f1b4fe","type":"Feature","feature_type":"anchor","geometry":{"type":"Point","coordinates":[30.375142046950891,60.008843359225956]},"properties":{"unit_id":"d8a8c811-71db-4b6c-8927-d938128dc5a6","address_id":"4b8b7430-77e2-4531-bb95-ef7bc8411218"}},{"id":"e42c977f-bd14-4204-8bec-09ac3cdeb71b","type":"Feature","feature_type":"anchor","geometry":{"type":"Point","coordinates":[30.375495882281033,60.008765625324358]},"properties":{"unit_id":"94da2f0e-5e82-48f3-8b89-7ff6eece2e7f","address_id":"531775d9-1437-4aa5-a622-041c864421e3"}},{"id":"2c62cf10-8928-4d50-9ab1-0ac2d402b7fd","type":"Feature","feature_type":"anchor","geometry":{"type":"Point","coordinates":[30.375304804523342,60.008699151605207]},"properties":{"unit_id":"393bf5b6-fc27-41ef-837c-19bd51adccfc","address_id":"eb592799-7a6e-47af-a958-0477a0badb7d"}},{"id":"7fb6b7a9-5e7c-4c1c-9e75-7767441980a4","type":"Feature","feature_type":"anchor","geometry":{"type":"Point","coordinates":[30.374458232807193,60.008387339950687]},"properties":{"unit_id":"df0c1d0d-1ede-4dfb-9c46-7617ad22aed0","address_id":"06f868f8-f51c-4d75-94d4-acd6b2c5ffc1"}},{"id":"7138d70e-5ca5-4032-928a-9ac544e27e8e","type":"Feature","feature_type":"anchor","geometry":{"type":"Point","coordinates":[30.374412785946166,60.008320024215358]},"properties":{"unit_id":"46e0026e-34a9-4b1c-bc2e-413f5d1a5c56","address_id":"e6d3e24e-9bbb-4814-8586-a72628c9a119"}},{"id":"da323ea6-0ece-450a-b1b3-9bd288c61ed0","type":"Feature","feature_type":"anchor","geometry":{"type":"Point","coordinates":[30.374389199258296,60.00828508767971]},"properties":{"unit_id":"915d97ae-67d2-487a-8a7a-0d79bebc7211","address_id":"d79deff0-d9ff-441a-ae17-3f62de791f68"}},{"id":"6c38cec1-328e-4b9e-9746-94ece8e6e531","type":"Feature","feature_type":"anchor","geometry":{"type":"Point","coordinates":[30.373855348119363,60.008291635535628]},"properties":{"unit_id":"0f14538d-f4f7-4cff-a55f-91e0eaf07d2a","address_id":"ad52e50f-850f-4758-80f1-be1187bf2337"}},{"id":"c9dde5a9-ce61-4db0-a664-8ddc675b3426","type":"Feature","feature_type":"anchor","geometry":{"type":"Point","coordinates":[30.375063752962856,60.00803839148552]},"properties":{"unit_id":"a5e7cf68-484b-4575-8a8c-4410f50f41c4","address_id":"19c110d2-820d-45a5-b5e4-8314b9f2e772"}},{"id":"9dcf6d48-0102-4e49-99d6-11f8a9b9d021","type":"Feature","feature_type":"anchor","geometry":{"type":"Point","coordinates":[30.37293198956181,60.008778683161943]},"properties":{"unit_id":"3741c6f2-eee2-418a-92b6-0a81c89e7e1b","address_id":"c79deeea-e9a4-4be9-b03f-2c03ebade656"}},{"id":"19c305ad-c159-471d-8ae9-5c0155abd6ab","type":"Feature","feature_type":"anchor","geometry":{"type":"Point","coordinates":[30.374548977328846,60.008502064380465]},"properties":{"unit_id":"9fa04cdb-591d-43ec-bd18-b60c24d05703","address_id":"e4694647-d860-453a-ad64-17ed3dd3f1e6"}},{"id":"b811de58-ddf0-4148-b7a3-c72cb31aced8","type":"Feature","feature_type":"anchor","geometry":{"type":"Point","coordinates":[30.372977611669334,60.008565022929083]},"properties":{"unit_id":"2d9df87c-2dfb-4fb5-9539-b1e18e1c5e38","address_id":"2ba574b6-6707-4a8d-9178-3bdd8ad93719"}},{"id":"e8d516b3-7205-4779-8f95-8d32003b813c","type":"Feature","feature_type":"anchor","geometry":{"type":"Point","coordinates":[30.373103059965974,60.008718497667907]},"properties":{"unit_id":"1ffaf451-b4bb-4801-a359-3c18aa1b7220","address_id":"40365e6d-9b5e-4e34-bc5a-d1a4e231bb7c"}},{"id":"584ce522-5924-45b8-ae6e-33db912f2edc","type":"Feature","feature_type":"anchor","geometry":{"type":"Point","coordinates":[30.372955427377828,60.008526057450311]},"properties":{"unit_id":"ef4fb8c1-9b68-4420-b313-175e02e81bc7","address_id":"e1e0c911-8a06-4161-98e2-f67aee710fa2"}},{"id":"ef87c08d-6e31-465a-826a-d73a28beec13","type":"Feature","feature_type":"anchor","geometry":{"type":"Point","coordinates":[30.373007200702627,60.00860274624187]},"properties":{"unit_id":"9fc5f4fc-657f-49ca-9965-b62feda74ae5","address_id":"10239d52-601c-4df2-8bdc-f3f30f227ce2"}},{"id":"2eeefc5f-0294-4d85-a29f-3a8e241e4089","type":"Feature","feature_type":"anchor","geometry":{"type":"Point","coordinates":[30.372395564047263,60.0084411203034]},"properties":{"unit_id":"a3d15a3e-9550-416f-a899-cd5cc4b37967","address_id":"476c8795-c67e-45c7-a54d-cff433aef1dd"}},{"id":"8a930243-0adb-4950-9342-b768895c6925","type":"Feature","feature_type":"anchor","geometry":{"type":"Point","coordinates":[30.374666811250822,60.008396283765293]},"properties":{"unit_id":"395e105b-ce3e-4259-9ef8-eb5269707d78","address_id":"b8d1a539-4a6c-4917-bbb5-2eb3fdb73686"}},{"id":"6114b43f-92a7-4667-b03a-09a00565b30f","type":"Feature","feature_type":"anchor","geometry":{"type":"Point","coordinates":[30.374483225574455,60.008458106086081]},"properties":{"unit_id":"978f2591-6347-4e21-8b6a-55915104840b","address_id":"86bdcead-328c-483a-86e4-cea235d252e3"}},{"id":"0abd4093-312a-46ff-842d-f9af0216d16b","type":"Feature","feature_type":"anchor","geometry":{"type":"Point","coordinates":[30.374626024602936,60.008336011544685]},"properties":{"unit_id":"0768240b-c80b-4e9f-905e-40b80b9d6364","address_id":"32bf3259-e75b-4ef5-8727-d28670c894dc"}},{"id":"b94949e4-297a-4e70-a88a-af3a0345d64f","type":"Feature","feature_type":"anchor","geometry":{"type":"Point","coordinates":[30.374550331659602,60.008204843098838]},"properties":{"unit_id":"c278cb10-a802-4769-9562-a56006f5972d","address_id":"955579dc-de81-4a63-917b-2a31aa39e8b2"}},{"id":"621c0d7a-8bf3-403c-8adb-313e22441eb9","type":"Feature","feature_type":"anchor","geometry":{"type":"Point","coordinates":[30.374529564024915,60.008174082063235]},"properties":{"unit_id":"e6c75a25-2fb0-4240-ab84-4d21d8f9e997","address_id":"d8d9ad59-f790-465a-a34e-0073da2a2b14"}},{"id":"b7112dbc-fd12-4945-9145-ccafceb52800","type":"Feature","feature_type":"anchor","geometry":{"type":"Point","coordinates":[30.37486924930662,60.008121514784669]},"properties":{"unit_id":"06763aaf-1369-438a-8b0d-7b31daef753c","address_id":"1a841295-1165-4d5f-a403-702f5829852b"}},{"id":"15ee9fd4-13b9-4234-a048-acc0062eeccc","type":"Feature","feature_type":"anchor","geometry":{"type":"Point","coordinates":[30.374962996661708,60.008105697066156]},"properties":{"unit_id":"c7867d4f-47ea-4d23-861a-257b28275ad7","address_id":"e76c438c-5a88-4146-8b26-038476099ff0"}},{"id":"7cd09a22-9483-48d6-8de3-e90bc7b04fe4","type":"Feature","feature_type":"anchor","geometry":{"type":"Point","coordinates":[30.375061857345532,60.00808901702208]},"properties":{"unit_id":"0cbcff53-0758-4071-8629-ac6ea6cbb3b2","address_id":"991bae3c-1886-4daf-97fc-9ac3d3aca754"}},{"id":"606b3abf-a670-489c-a95d-d12eba8d9785","type":"Feature","feature_type":"anchor","geometry":{"type":"Point","coordinates":[30.374968343082781,60.008003234840032]},"properties":{"unit_id":"33f8c430-e11d-4147-82d7-4d3014909dda","address_id":"dc2fa9a4-1f34-45f3-9702-155fe771245d"}},{"id":"e5774f88-3ed3-4f18-aeb5-46a31b4e80d2","type":"Feature","feature_type":"anchor","geometry":{"type":"Point","coordinates":[30.374794910670463,60.008032497372277]},"properties":{"unit_id":"22f0eb76-19df-4ad6-a66a-5e7cc0d542d5","address_id":"e7b3e3ee-38cc-4521-bd4f-e765dc73d6e8"}},{"id":"136aa426-3bbd-4eac-bd9b-46836d6b9187","type":"Feature","feature_type":"anchor","geometry":{"type":"Point","coordinates":[30.374714373388223,60.008046085998416]},"properties":{"unit_id":"c970186a-5950-49ec-ae15-763dc5161a01","address_id":"4d259d0e-92f1-452b-ae72-98186b8800d6"}},{"id":"8f188663-a11b-4216-b438-9bccbed98296","type":"Feature","feature_type":"anchor","geometry":{"type":"Point","coordinates":[30.374617217323031,60.008062478417671]},"properties":{"unit_id":"da4fffe3-c268-4ea7-9e1a-e227e9f2b900","address_id":"64fc2113-1657-451d-a62c-4088ed20a395"}},{"id":"ed583fad-d9b6-4edb-be60-ec463982e8be","type":"Feature","feature_type":"anchor","geometry":{"type":"Point","coordinates":[30.374490658175706,60.0080838323651]},"properties":{"unit_id":"a90ebb12-a670-4971-ab8d-3b7db21866e4","address_id":"389e6c76-1004-4f44-a5db-a1c2f8781925"}},{"id":"e1f0e111-6755-41b6-a046-d9eca9a341a6","type":"Feature","feature_type":"anchor","geometry":{"type":"Point","coordinates":[30.37441736481858,60.008096198585747]},"properties":{"unit_id":"568d7f6c-5b3f-488c-8928-d500b81b01f6","address_id":"9912a1db-da18-4862-909a-18430c2f6356"}},{"id":"0ba07128-504c-4f97-9953-41ef49ce6da6","type":"Feature","feature_type":"anchor","geometry":{"type":"Point","coordinates":[30.374292084163152,60.008117336814564]},"properties":{"unit_id":"2016e9a8-d9ab-49c8-9395-e22a4b437091","address_id":"68fb2503-7524-42c6-8c91-42862b40ff2e"}},{"id":"3c9ced00-56aa-43fb-8f01-6ec519655152","type":"Feature","feature_type":"anchor","geometry":{"type":"Point","coordinates":[30.374167229451906,60.00813840258828]},"properties":{"unit_id":"a3ed7ceb-bea0-4f2d-ad47-c7c13d78d3ad","address_id":"52ff92ef-351d-4ab0-acfa-210b7ce394a0"}},{"id":"adcedb7f-45cd-4e33-ab53-194c557afdc8","type":"Feature","feature_type":"anchor","geometry":{"type":"Point","coordinates":[30.374056011013817,60.008157167637862]},"properties":{"unit_id":"1eb418b0-d65e-4385-bd55-d5712b501914","address_id":"e532b9a9-7ebf-46d5-a989-8b61ce3d2151"}},{"id":"cf0ef8cc-f9a0-4b91-ba3c-781d78662828","type":"Feature","feature_type":"anchor","geometry":{"type":"Point","coordinates":[30.373963541717458,60.008172769637753]},"properties":{"unit_id":"5b4f89d7-96a3-4e73-a212-e6bcd52559f5","address_id":"c6ba88e7-95bf-469b-a05d-87a6357dcff0"}},{"id":"8a3f3d85-0930-4c80-9c7b-283522a87e9e","type":"Feature","feature_type":"anchor","geometry":{"type":"Point","coordinates":[30.374776528156385,60.008559061300851]},"properties":{"unit_id":"4c99fbf5-74c2-4036-a58d-7cfdc6ebf61f","address_id":"87d6b4b3-517b-40d0-aa45-c2a9f0bada4d"}},{"id":"bda3d064-a69a-4fc0-b345-43b0f6953c21","type":"Feature","feature_type":"anchor","geometry":{"type":"Point","coordinates":[30.374817156144065,60.008618647942441]},"properties":{"unit_id":"71432bf2-de12-443f-92af-459526d12d41","address_id":"a10d4369-6ec8-4874-b085-accdaf241165"}},{"id":"65d1748e-051e-40e7-9656-9375d4003d92","type":"Feature","feature_type":"anchor","geometry":{"type":"Point","coordinates":[30.374913899449705,60.008767163348693]},"properties":{"unit_id":"89bdb369-6e6f-41de-a669-7ce761ce3304","address_id":"78a7c4aa-bf54-47fb-bd4a-ddfe978a675b"}},{"id":"60fd62f0-e421-43ce-9f63-d2cefc6418a4","type":"Feature","feature_type":"anchor","geometry":{"type":"Point","coordinates":[30.374902076333598,60.008800084863879]},"properties":{"unit_id":"f7ad46d3-10d2-4ebc-aa09-1d8c627d038a","address_id":"a2c0932a-5bf2-4a42-b5bf-e90f5b36b7a9"}},{"id":"7ecd61a1-460a-47b9-8dca-4b78dfba40a1","type":"Feature","feature_type":"anchor","geometry":{"type":"Point","coordinates":[30.374447562007393,60.008860873052676]},"properties":{"unit_id":"5dba2e76-87a6-4e9d-826b-964e017ea720","address_id":"234b8896-71aa-40b3-b3df-7eaa3166edca"}},{"id":"227611cf-7ed3-44d3-8949-576eed3a5535","type":"Feature","feature_type":"anchor","geometry":{"type":"Point","coordinates":[30.374367875977192,60.008874317866407]},"properties":{"unit_id":"9357d8b0-c24b-40fa-bf28-f7cebbb4f49b","address_id":"b7e988a3-bc25-4add-8925-13a04bd24eb0"}},{"id":"9ac2224e-0b21-4bf1-a32c-77a1b40657d7","type":"Feature","feature_type":"anchor","geometry":{"type":"Point","coordinates":[30.374241741499528,60.008895599907632]},"properties":{"unit_id":"b960b62b-4d4c-41df-8453-5566bea62de1","address_id":"707c3b49-9589-49e6-9605-f5cfa6bccb06"}},{"id":"982266e1-3132-41cf-a428-fe13489259a9","type":"Feature","feature_type":"anchor","geometry":{"type":"Point","coordinates":[30.374317060357594,60.008982553172807]},"properties":{"unit_id":"f6560034-ed12-43a6-b307-519459e80865","address_id":"b098068b-667b-4502-af6e-880256f4c705"}},{"id":"f390054d-94e8-4de1-91a5-15d60de70190","type":"Feature","feature_type":"anchor","geometry":{"type":"Point","coordinates":[30.375523857736709,60.008778938950428]},"properties":{"unit_id":"6d6a06e5-d426-4ba0-8a74-e38634005776","address_id":"7b4faa51-4c75-424d-bc5c-871e074da6de"}},{"id":"a5ae12aa-d2ad-4ed9-927d-07dafc160edf","type":"Feature","feature_type":"anchor","geometry":{"type":"Point","coordinates":[30.375273548195391,60.008722459644943]},"properties":{"unit_id":"ac6f9119-df02-4da4-bf98-fb4bb37e82df","address_id":"d390726c-fa1e-4df5-8164-fa7250f4252e"}},{"id":"c874160f-44f8-40b9-9d65-17893a43d1ac","type":"Feature","feature_type":"anchor","geometry":{"type":"Point","coordinates":[30.375208949214279,60.0088320715984]},"properties":{"unit_id":"6b669f9c-a1a4-44d0-8ad1-8b4f2659f6b1","address_id":"609ffb21-6853-45d9-8b2a-48f87f236822"}},{"id":"39f0f7c0-2e53-481f-a181-96519cb54497","type":"Feature","feature_type":"anchor","geometry":{"type":"Point","coordinates":[30.375051708189059,60.008858601694826]},"properties":{"unit_id":"50b00a9c-f6bb-4335-ae89-2b623be676a6","address_id":"d7a7c5fe-618b-4602-b4c6-af5e67868604"}},{"id":"14e0c171-1233-4705-95df-d04db20d9ec3","type":"Feature","feature_type":"anchor","geometry":{"type":"Point","coordinates":[30.374949437303748,60.008875856988546]},"properties":{"unit_id":"b2085ff2-2e6d-4c0d-98b0-23a09431fa7c","address_id":"19702ce7-87c9-4d06-8fbf-ef3a62a4c19e"}},{"id":"cc50b944-8463-4c8e-b62d-720981a538c7","type":"Feature","feature_type":"anchor","geometry":{"type":"Point","coordinates":[30.374828842477708,60.008896204249105]},"properties":{"unit_id":"00f1d63f-b0f6-4132-886a-2f1ba4b3669b","address_id":"857209a0-5d6a-45ba-8d5d-d87574ead270"}},{"id":"c69c1690-fe3e-4693-8fc0-988c660e9403","type":"Feature","feature_type":"anchor","geometry":{"type":"Point","coordinates":[30.374654129301366,60.008925681951055]},"properties":{"unit_id":"43ca83f3-56d4-47d4-8858-c8fa2c24a537","address_id":"397086e0-867d-4289-bb8f-5c81d0af45a4"}},{"id":"bfb8bd05-1cb6-4b8a-a8a9-937420961275","type":"Feature","feature_type":"anchor","geometry":{"type":"Point","coordinates":[30.37455057957256,60.0089431535123]},"properties":{"unit_id":"2aa462aa-6eee-4818-82ad-bf46fc356360","address_id":"192bd618-9eae-408b-b2a2-358ef5237e8b"}},{"id":"9ccc5b53-97cb-42fa-b5dd-f0c661332919","type":"Feature","feature_type":"anchor","geometry":{"type":"Point","coordinates":[30.374494756861875,60.008952572127413]},"properties":{"unit_id":"c539a59d-23e3-4a70-bcaa-3c54147ed7d8","address_id":"fd5ad27b-b839-45b1-bb8a-13c68aaee4a3"}},{"id":"b302014d-e680-4983-bb74-98d4a040fdad","type":"Feature","feature_type":"anchor","geometry":{"type":"Point","coordinates":[30.373703225225242,60.008986364201704]},"properties":{"unit_id":"64982583-4d78-41fa-867d-c2fa1475f764","address_id":"771aec16-928a-437c-9adb-47e98d638a17"}},{"id":"ef2dc4c5-775b-430e-a046-ad1b3d11355b","type":"Feature","feature_type":"anchor","geometry":{"type":"Point","coordinates":[30.373624485398118,60.008998890701825]},"properties":{"unit_id":"19bee770-2821-4284-be44-b2f5ab0722a3","address_id":"ad8a21c6-ee88-49df-bc17-df0f0a926717"}},{"id":"4d3661ed-b609-469d-8c06-a056e4bd62c7","type":"Feature","feature_type":"anchor","geometry":{"type":"Point","coordinates":[30.373857450854125,60.009058296754553]},"properties":{"unit_id":"98d71638-7fbe-4cc6-af01-1a010133a396","address_id":"96233e26-3b7d-4c0d-b1d8-40311e674537"}},{"id":"c512f51c-be74-4915-ba67-ab7ba0b9d05a","type":"Feature","feature_type":"anchor","geometry":{"type":"Point","coordinates":[30.373677678801513,60.009088438628325]},"properties":{"unit_id":"41e205c6-be21-4ae9-a3ec-e15d9ac24320","address_id":"48cf7a27-837f-4376-8fa7-dd7b96ce2fde"}},{"id":"6d873f5c-43a7-4de8-8210-9ef9a7e24212","type":"Feature","feature_type":"anchor","geometry":{"type":"Point","coordinates":[30.373575615250441,60.009106915778638]},"properties":{"unit_id":"3b927c8a-b036-4a43-b45a-2e93d024e7ec","address_id":"5172d24a-f5eb-4a7b-8f64-96f1920c733d"}},{"id":"deb4fc19-bf99-4033-9a92-5564c1925896","type":"Feature","feature_type":"anchor","geometry":{"type":"Point","coordinates":[30.373401554828941,60.009136307302924]},"properties":{"unit_id":"673af23e-08f4-4e79-9f66-f8c9a1119870","address_id":"f2c7af97-353a-471c-8447-b53a040d7fda"}},{"id":"da76def8-70d4-4493-9589-d4987f7b8fd2","type":"Feature","feature_type":"anchor","geometry":{"type":"Point","coordinates":[30.373272000888047,60.009156885102463]},"properties":{"unit_id":"ad2c5b77-1581-4280-938c-c5fa3d45daf4","address_id":"5b450222-04f2-44ba-862c-9a23399c37e4"}},{"id":"3f618614-89fb-40b8-a3a0-780b06aaef99","type":"Feature","feature_type":"anchor","geometry":{"type":"Point","coordinates":[30.373226006677861,60.008290185335667]},"properties":{"unit_id":"10bee90e-dc36-4766-92eb-5a466f5ae2ff","address_id":"e3418fd4-17d5-4c90-9121-83abb4309164"}},{"id":"2afae8eb-a99e-4d4d-8b18-2517138ef6fa","type":"Feature","feature_type":"anchor","geometry":{"type":"Point","coordinates":[30.373734339488916,60.0090958680214]},"properties":{"unit_id":"c48a5e24-652d-4c4e-bc34-61eeee46fc3d","address_id":"afd91ce0-55bc-4e9e-ad3d-bab8106e8498"}},{"id":"955c383c-db85-476a-9453-72b1189cc2c9","type":"Feature","feature_type":"anchor","geometry":{"type":"Point","coordinates":[30.374435648197512,60.008979059958364]},"properties":{"unit_id":"4bfa7451-8c72-4968-9351-420c7c212217","address_id":"5c2bf0f5-94c2-4ec5-a51f-5b7bcac4703a"}},{"id":"b6e7a4d6-5830-4eaa-937f-f13174e556cc","type":"Feature","feature_type":"anchor","geometry":{"type":"Point","coordinates":[30.375407222517325,60.008815133570224]},"properties":{"unit_id":"33c19a2c-dd69-4235-91f5-7bb35567ff00","address_id":"e6495972-5dbd-4944-853f-39ff8b327227"}},{"id":"c746073d-5f49-467a-aefb-04824c83dc50","type":"Feature","feature_type":"anchor","geometry":{"type":"Point","coordinates":[30.37489138892548,60.008001601581142]},"properties":{"unit_id":"23911365-a9d7-48f4-b023-5fbe4cdafd08","address_id":"5ccb19d3-9a3e-48e6-8fb4-b33aed9d9f95"}},{"id":"de9b01cd-18da-4ebe-991f-cb50ac14015a","type":"Feature","feature_type":"anchor","geometry":{"type":"Point","coordinates":[30.374395674390247,60.008291303998618]},"properties":{"unit_id":"495261ec-aa74-4f06-8bf8-586ea45dfcef","address_id":"21452435-0b89-408a-96e4-44d1c8c8a1d2"}},{"id":"3aa18e30-06d4-4562-a6be-3fca301e041c","type":"Feature","feature_type":"anchor","geometry":{"type":"Point","coordinates":[30.372305438490542,60.008456327093619]},"properties":{"unit_id":"60fe99f6-2227-4e6e-9077-e35281f7517f","address_id":"9c62e050-85b6-49d1-8e0e-e7ee4c95b95f"}},{"id":"365d1b83-b25e-4cdd-b8d9-3172360fafe3","type":"Feature","feature_type":"anchor","geometry":{"type":"Point","coordinates":[30.372245481777181,60.008455053640212]},"properties":{"unit_id":"75236dd3-ef4e-4cbc-94fa-546a8b0cd739","address_id":"71b05199-2f37-4f8b-943a-8171153b27cf"}},{"id":"778c99db-4c87-41fc-b4f8-2d1bc63af0d8","type":"Feature","feature_type":"anchor","geometry":{"type":"Point","coordinates":[30.372737089908014,60.008510660739887]},"properties":{"unit_id":"92922181-bdc2-487d-b1ae-32c6a935d4f0","address_id":"cdcef2e3-b6ab-49d0-8cca-52a856891720"}},{"id":"d3a26582-44d4-41ba-93df-1d20d6e8c0b1","type":"Feature","feature_type":"anchor","geometry":{"type":"Point","coordinates":[30.372707305841107,60.008466614072233]},"properties":{"unit_id":"b81f2b11-9f6b-4b0f-821b-ee06b8767927","address_id":"527390a9-2f6b-4d1d-add4-716e21e6b13c"}},{"id":"cf26f8ac-ccf7-479c-871c-1bf6c4ce5062","type":"Feature","feature_type":"anchor","geometry":{"type":"Point","coordinates":[30.372753239385364,60.008534512741839]},"properties":{"unit_id":"73686f77-56d8-411a-83c3-9a3c4ea1aacf","address_id":"2eb8f8e7-c4e7-483c-b9b3-5870823eb625"}},{"id":"06d0c491-859f-426a-86fc-248fe4b845ba","type":"Feature","feature_type":"anchor","geometry":{"type":"Point","coordinates":[30.372784207103454,60.008580383411946]},"properties":{"unit_id":"7208a7a8-dd79-4b79-9d8e-f3e23418bc88","address_id":"02fc07d1-63dd-4e75-938f-cd042b792e9a"}},{"id":"444001e7-0780-4e1d-b26e-6bfaf2b2cf13","type":"Feature","feature_type":"anchor","geometry":{"type":"Point","coordinates":[30.372800296497346,60.008604285364008]},"properties":{"unit_id":"3ba7e2de-c4c3-4cdd-8d6c-394a0172fdd4","address_id":"7a0c6637-1274-4f54-a248-6bda6de0c9dc"}},{"id":"fd0e8591-5304-49d6-baac-3293098e85ac","type":"Feature","feature_type":"anchor","geometry":{"type":"Point","coordinates":[30.372823796268129,60.008639164264913]},"properties":{"unit_id":"5cfb2f2b-e150-4f1b-a361-e2fbf78f9e99","address_id":"000d9ade-bcc5-4e02-80c3-9aed234e4ced"}},{"id":"b4dde021-5a7b-4ace-8041-00d2c4c58169","type":"Feature","feature_type":"anchor","geometry":{"type":"Point","coordinates":[30.372847281515767,60.008674022307531]},"properties":{"unit_id":"99a16a4e-f650-4da3-b72d-3e889e598bb4","address_id":"07d39955-40c7-4c50-b506-19df650feb35"}},{"id":"b9b22e26-d7a7-40e0-8105-a42e01f78304","type":"Feature","feature_type":"anchor","geometry":{"type":"Point","coordinates":[30.372863446167415,60.008697966525069]},"properties":{"unit_id":"2b44ff5b-81a1-4705-b603-8fcb6c6164c4","address_id":"e567edb2-0557-45fa-9210-88b5c9b6741b"}},{"id":"50ce014d-7aea-444a-a3cd-299500ede537","type":"Feature","feature_type":"anchor","geometry":{"type":"Point","coordinates":[30.372880544096336,60.008723221521379]},"properties":{"unit_id":"533cf044-1caf-45be-818c-85b92917a198","address_id":"2107737f-b652-469e-88e0-08dcc2c6f13e"}},{"id":"a8c04fd8-d577-42f3-91d1-42ddc2f38eac","type":"Feature","feature_type":"anchor","geometry":{"type":"Point","coordinates":[30.372907547938432,60.008785650379245]},"properties":{"unit_id":"106ed414-8c06-4241-9650-1d53565fb88a","address_id":"fdef5f39-2b86-46ad-88ae-369c63f9f9d2"}},{"id":"6bd51f6f-7d1b-419f-8e32-99baefc1bd21","type":"Feature","feature_type":"anchor","geometry":{"type":"Point","coordinates":[30.373752315593748,60.008978081265504]},"properties":{"unit_id":"99204703-8612-4286-b8c7-53d14e758ee0","address_id":"015e154e-9034-43d1-bed2-cc99192f6588"}},{"id":"9320bdda-fd1e-47fd-840e-f05ca50befeb","type":"Feature","feature_type":"anchor","geometry":{"type":"Point","coordinates":[30.373853138118413,60.008961069684425]},"properties":{"unit_id":"975b78f2-8bd3-4aed-9e9c-b0c71840de5f","address_id":"4d4fe1ce-3b68-4b60-b2c5-e9177f5c56ec"}},{"id":"2fec26a4-66b9-4224-b873-98a48cf890d2","type":"Feature","feature_type":"anchor","geometry":{"type":"Point","coordinates":[30.373794724164977,60.009068879591517]},"properties":{"unit_id":"b9a9a213-4757-4953-aa2b-948a2e3d0b59","address_id":"cec46dfd-1766-4bbd-a11a-b50d978f57a0"}},{"id":"8eeace1e-d971-423b-83c5-6854b041ff22","type":"Feature","feature_type":"anchor","geometry":{"type":"Point","coordinates":[30.373256206442825,60.008977965996017]},"properties":{"unit_id":"030ea704-0c01-4a9d-9886-bcd509e64375","address_id":"1e942980-74c2-4317-8135-1589dad94d80"}},{"id":"291a4d9a-02d6-4ee1-abea-becf5841cb10","type":"Feature","feature_type":"anchor","geometry":{"type":"Point","coordinates":[30.373230874401433,60.008938875916421]},"properties":{"unit_id":"8267ea0f-75bf-4fd5-ad70-f2859676739b","address_id":"6c1be838-ec16-4da1-abd6-84d3079bcc49"}},{"id":"c4c2817f-30cd-4533-a293-8870c156068d","type":"Feature","feature_type":"anchor","geometry":{"type":"Point","coordinates":[30.373203735056084,60.008900075657252]},"properties":{"unit_id":"6465ee96-f75e-4ea3-9e6d-8b4d9073f79d","address_id":"42c10061-9237-4490-aef4-7ed4581253e2"}},{"id":"55884948-1f7a-4f4b-a105-570cec00fd70","type":"Feature","feature_type":"anchor","geometry":{"type":"Point","coordinates":[30.372770405577068,60.008377876325575]},"properties":{"unit_id":"bdad0de7-0773-4809-aa1f-c83a92cb2fff","address_id":"3f4f8406-1413-4124-978f-9e32c5e4cdc2"}},{"id":"ddf0eafd-9a94-40db-afe3-a6769456061e","type":"Feature","feature_type":"anchor","geometry":{"type":"Point","coordinates":[30.372847558778243,60.008364858557862]},"properties":{"unit_id":"85138249-0c9f-40d0-b0b8-b46925bcc005","address_id":"61270512-2299-419a-8f89-d86f58ea07e2"}},{"id":"bd99fd39-a8a3-4676-8dae-12dd5f9ae264","type":"Feature","feature_type":"anchor","geometry":{"type":"Point","coordinates":[30.372922173904303,60.00835226948287]},"properties":{"unit_id":"507db0bb-bcc5-4f92-9d28-d13be27aa211","address_id":"a14599ca-de3d-495f-b5a3-3d8a35f1259a"}},{"id":"c68b14b4-766f-4044-9842-3c541ac544a7","type":"Feature","feature_type":"anchor","geometry":{"type":"Point","coordinates":[30.372988691747242,60.00834104662578]},"properties":{"unit_id":"56029550-4f67-41a4-a237-d127f5af85d7","address_id":"d3fc7781-4470-4021-af99-eed53051facf"}},{"id":"f54e95ac-3865-47d8-8852-466ddedefba7","type":"Feature","feature_type":"anchor","geometry":{"type":"Point","coordinates":[30.373094286258006,60.008323230353881]},"properties":{"unit_id":"48b39e62-e091-4492-9c23-38d170543462","address_id":"01b571b3-9130-4f28-997e-5bfbd85b9129"}},{"id":"354d8ad3-4f24-455d-99b9-fe9c8f686dbc","type":"Feature","feature_type":"anchor","geometry":{"type":"Point","coordinates":[30.37314657223282,60.008314408395591]},"properties":{"unit_id":"477f3dbb-513d-48c1-8ca0-2f7b04dc805f","address_id":"7a4aeaf3-0356-4d7a-af7a-b1b9de2f8a4c"}},{"id":"824e0995-e6dc-4d01-a24f-b53cae5ef846","type":"Feature","feature_type":"anchor","geometry":{"type":"Point","coordinates":[30.373275774331482,60.008292608739467]},"properties":{"unit_id":"695ee493-68c2-4b7e-9fef-47e46bf9460d","address_id":"5ec6e694-b28c-4c30-ae20-05009bfb4e1f"}},{"id":"49d8a23d-7be8-405b-b904-8786eac6840b","type":"Feature","feature_type":"anchor","geometry":{"type":"Point","coordinates":[30.373326568068528,60.008284038727346]},"properties":{"unit_id":"bf24ad6d-ec41-4e8f-b900-95f5f17c4583","address_id":"771124ee-8b9a-4f82-a22f-0bbfcaf30128"}},{"id":"34d99321-fa27-4599-8fa3-3f9be15c06ef","type":"Feature","feature_type":"anchor","geometry":{"type":"Point","coordinates":[30.373377362615908,60.008275468715233]},"properties":{"unit_id":"b6d80efc-3d3b-43e9-ba07-87670f2bbae6","address_id":"7c9061ea-9921-42e1-9d24-eb02bb1f84b8"}},{"id":"3154775a-0a2b-4998-b91a-3dd23d1a3356","type":"Feature","feature_type":"anchor","geometry":{"type":"Point","coordinates":[30.373436056850853,60.008367892341049]},"properties":{"unit_id":"2017386f-7252-4b56-aef0-8dd69f3e5d39","address_id":"87fbcc95-ae7f-40dc-bae4-2c7d08b79f42"}},{"id":"5000a6ee-1de3-47dd-85ef-77e7b2974435","type":"Feature","feature_type":"anchor","geometry":{"type":"Point","coordinates":[30.373348019218938,60.008382746735968]},"properties":{"unit_id":"261bf569-9507-4426-8c51-6566a4f8ddb2","address_id":"155e377f-d03b-4ccc-8732-e2c0f4e7122f"}},{"id":"d4846a60-d269-44d7-bf22-c770c8c6672b","type":"Feature","feature_type":"anchor","geometry":{"type":"Point","coordinates":[30.373297225134358,60.00839131729699]},"properties":{"unit_id":"45198cfc-f691-4229-a8fb-9ecbb42345f1","address_id":"b592da47-407d-400d-9210-268e5b63d555"}},{"id":"8c8a6464-eac4-428c-b159-2b56312fff63","type":"Feature","feature_type":"anchor","geometry":{"type":"Point","coordinates":[30.373250691854931,60.008399168247045]},"properties":{"unit_id":"5e510528-af70-44c1-9534-ba1d22a93810","address_id":"b1217813-a82f-4365-8e1f-53316c3ea88e"}},{"id":"ff1ce127-a184-4197-b38d-068cca64469e","type":"Feature","feature_type":"anchor","geometry":{"type":"Point","coordinates":[30.373199897196145,60.008407738259159]},"properties":{"unit_id":"5ff0843c-4b69-4b69-a089-916ae7b1132d","address_id":"2d67ce02-9f84-42f7-a69a-94c1011133ba"}},{"id":"6539843a-102a-4a37-b2cc-8dd00a5bd44f","type":"Feature","feature_type":"anchor","geometry":{"type":"Point","coordinates":[30.373244320273752,60.008742414440334]},"properties":{"unit_id":"e2cc3733-6d6d-4b62-bd7f-e6853c78bdc7","address_id":"716570f0-4b71-4aaf-9250-5ac0195517ad"}},{"id":"ef44feb5-f19d-4ea0-9511-e5d7c94e75ca","type":"Feature","feature_type":"anchor","geometry":{"type":"Point","coordinates":[30.373109926281469,60.008691909387835]},"properties":{"unit_id":"64e83679-0d8d-4209-a1d9-a3a7604b89b7","address_id":"b4ca4e00-a9ee-4e3e-b78e-eac2d2ecc287"}},{"id":"6f00ed49-7463-451c-b260-f7f9ac107d2b","type":"Feature","feature_type":"anchor","geometry":{"type":"Point","coordinates":[30.373204494115377,60.00870191368174]},"properties":{"unit_id":"cd1ae00a-b7d4-4cf1-a397-a7e3d494a4df","address_id":"74b202e7-860f-4133-884a-d599572c4dcc"}},{"id":"da85291d-4f02-49e4-9f32-cc0364c8fba9","type":"Feature","feature_type":"anchor","geometry":{"type":"Point","coordinates":[30.373302740022563,60.008690367521183]},"properties":{"unit_id":"b1e57766-5db7-4623-8b9c-df4150099591","address_id":"ebb43be4-5826-4142-a671-afbdad155b01"}},{"id":"b4386a36-bdb2-4c41-9052-b1b4d628f9e9","type":"Feature","feature_type":"anchor","geometry":{"type":"Point","coordinates":[30.373372548124234,60.008732881653529]},"properties":{"unit_id":"ea6bb18d-81f5-40f3-801e-049a693d6cad","address_id":"303c17a2-652f-42ac-881e-ca90451a6d24"}},{"id":"39d58b79-4328-44e9-8483-c508a7985721","type":"Feature","feature_type":"anchor","geometry":{"type":"Point","coordinates":[30.373497577518712,60.008719806251072]},"properties":{"unit_id":"74d6faf0-70b8-4ede-8d62-80b1e07c10f9","address_id":"b5506dc4-1edc-44bb-90d2-b439c0673794"}},{"id":"089c2977-6992-4812-ba35-6643b9e4211a","type":"Feature","feature_type":"anchor","geometry":{"type":"Point","coordinates":[30.373437579219221,60.008677441420154]},"properties":{"unit_id":"8ebeade5-c780-480f-bb20-5ce47a476418","address_id":"13da8410-ba9f-4847-8c4b-34b7de626ce8"}},{"id":"2bdba4d7-d100-463e-af1e-732e8bc6fca3","type":"Feature","feature_type":"anchor","geometry":{"type":"Point","coordinates":[30.373607483956267,60.008708946767328]},"properties":{"unit_id":"d17f9fce-5a5d-4c23-843c-e9adb72c9978","address_id":"cadd252c-21bd-4526-92c3-24835164d781"}},{"id":"7eecf0a1-c8c7-44ef-b3e0-ca96d90bef4d","type":"Feature","feature_type":"anchor","geometry":{"type":"Point","coordinates":[30.372962065712162,60.008840951191424]},"properties":{"unit_id":"9257b01e-a172-4509-9a99-953543e6aeb2","address_id":"131ad4cb-6cc1-4e99-a47b-5710666f2d95"}},{"id":"8706e8ab-c2fe-4fab-9439-ca2204994b4a","type":"Feature","feature_type":"anchor","geometry":{"type":"Point","coordinates":[30.372323474869329,60.008552019981728]},"properties":{"unit_id":"80307f29-9141-4bd9-bfd3-5528b4c1165a","address_id":"6b243837-6648-496e-8ad3-b3c1591e9cad"}},{"id":"0f1999ac-3364-465c-8ebf-94a65b217c8b","type":"Feature","feature_type":"anchor","geometry":{"type":"Point","coordinates":[30.372992974703045,60.008886735134965]},"properties":{"unit_id":"807e775e-21f4-423c-8257-37452c2d5d66","address_id":"70062f18-c056-47a9-a4b9-3d1112fb6a23"}},{"id":"db705544-2eb4-443c-9cef-71895dcdb59b","type":"Feature","feature_type":"anchor","geometry":{"type":"Point","coordinates":[30.373040767682376,60.008957527068766]},"properties":{"unit_id":"8bd471bc-b806-428d-b809-3ffe27e62d21","address_id":"28c1674c-24dd-43dd-920f-977c79a0d902"}},{"id":"810538e8-e11e-40d3-bbbc-e0a298ec31a9","type":"Feature","feature_type":"anchor","geometry":{"type":"Point","coordinates":[30.373127914682296,60.009086611332464]},"properties":{"unit_id":"2e2670eb-ab44-4e8d-8b4e-0abf48b0727e","address_id":"abdc67bb-b514-4eca-8913-b3f1bda6979e"}},{"id":"9e2f5f00-5b39-4440-bc3a-393d3c3feeca","type":"Feature","feature_type":"anchor","geometry":{"type":"Point","coordinates":[30.373095700021324,60.009038894154905]},"properties":{"unit_id":"1076da49-8377-47c9-b6a0-15cd147c0964","address_id":"b19d8b48-2024-4035-a85e-31fd3526eeb6"}},{"id":"cf3c72ac-82f1-469a-999a-2d3860bbaf98","type":"Feature","feature_type":"anchor","geometry":{"type":"Point","coordinates":[30.373064232572567,60.008992284113354]},"properties":{"unit_id":"dc71cd12-1164-490e-96fe-72bfefc17d6a","address_id":"99e66b95-67f9-4e92-8ddc-f1bdccf221c9"}},{"id":"34950fd7-b8f2-42a3-af20-691e3caf6201","type":"Feature","feature_type":"anchor","geometry":{"type":"Point","coordinates":[30.373532127898596,60.008647969756126]},"properties":{"unit_id":"0bfd514c-573e-46aa-98a8-2f61f66b77d5","address_id":"181d0768-d8b9-422f-9a0d-336328b784f0"}},{"id":"801560a8-168a-42c5-9a85-00230cc05500","type":"Feature","feature_type":"anchor","geometry":{"type":"Point","coordinates":[30.372093672119089,60.008504395568671]},"properties":{"unit_id":"a9afb9ac-a34f-447f-9279-4a826e0025a4","address_id":"6b845962-b621-429f-8e7e-f75eda9edb9c"}},{"id":"fb7c7b6b-5681-4e96-8a3f-4f3deb1281ff","type":"Feature","feature_type":"anchor","geometry":{"type":"Point","coordinates":[30.373662461140974,60.008628860270328]},"properties":{"unit_id":"2b3ea71a-9f01-4acb-956f-c2f97dcc77d4","address_id":"e4d096a1-63a4-4b59-84c8-304ef8858dfe"}},{"id":"5efaab7c-9d05-4900-80b3-c3b0466755ea","type":"Feature","feature_type":"anchor","geometry":{"type":"Point","coordinates":[30.374296433063734,60.008551317935648]},"properties":{"unit_id":"1a8524f0-1c2a-4766-b725-9e078fd92beb","address_id":"a11ca91c-715e-4729-ac58-3e27af25b4f6"}},{"id":"99eb6d08-81fc-467a-b7c9-47ba32a9721f","type":"Feature","feature_type":"anchor","geometry":{"type":"Point","coordinates":[30.374695399124242,60.0087326642882]},"properties":{"unit_id":"1de78250-de31-464b-827a-27e5fe7b9f4f","address_id":"e8156156-78a1-4d23-a7d7-71375cfe0f8f"}},{"id":"6a61fc88-2dc6-4cb0-94bb-2ae5846d2e33","type":"Feature","feature_type":"anchor","geometry":{"type":"Point","coordinates":[30.374663887283564,60.008694623709864]},"properties":{"unit_id":"c1ea9d2c-f821-4eff-97cc-c906f47a6dd4","address_id":"0ac0659e-c740-42ac-b329-b32ea97ba4c6"}},{"id":"a0efac72-62a8-496e-8acb-6a8875f1b6e1","type":"Feature","feature_type":"anchor","geometry":{"type":"Point","coordinates":[30.374414740365779,60.008322778607258]},"properties":{"unit_id":"55e6385b-837b-40c2-9c64-7ff42a803f4f","address_id":"f17c5a21-3d87-4b69-9d33-024f77f0755f"}},{"id":"f7b18573-6538-4c26-a3da-cb8b6096e62c","type":"Feature","feature_type":"anchor","geometry":{"type":"Point","coordinates":[30.374439765171843,60.008359845432857]},"properties":{"unit_id":"24772118-ab40-4092-a877-bafe1187a295","address_id":"046743f0-311d-49f0-b386-4982a2c48571"}},{"id":"15a6f6e7-7150-4fba-a2f1-6920ce46c0d7","type":"Feature","feature_type":"anchor","geometry":{"type":"Point","coordinates":[30.374712738201861,60.00847633183912]},"properties":{"unit_id":"eeaa80e9-4ce9-4076-b303-2b44ed1a5768","address_id":"2a02a442-108b-4f2c-92da-49d19a775935"}},{"id":"795b7cd8-1ffd-4e8d-8bed-84c4e44706fb","type":"Feature","feature_type":"anchor","geometry":{"type":"Point","coordinates":[30.375355791116352,60.008708583393982]},"properties":{"unit_id":"da5c82f0-1aa4-4ff6-acc2-d36762459728","address_id":"683cf527-42d0-4843-8cbd-761e5e756aa0"}},{"id":"cfd29b61-987e-4b1b-865b-9f0644d369a5","type":"Feature","feature_type":"anchor","geometry":{"type":"Point","coordinates":[30.375455078628633,60.008691831443706]},"properties":{"unit_id":"fb068e45-d445-4470-8695-0d05822712ea","address_id":"5c8a8821-d443-44b7-afe3-df44b27987e9"}},{"id":"39412700-8ee1-40c5-bf05-eb2f65b0ca5c","type":"Feature","feature_type":"anchor","geometry":{"type":"Point","coordinates":[30.37533546673907,60.008810725335593]},"properties":{"unit_id":"48e1ad7c-558f-49f3-aee2-ccf1874d3ab8","address_id":"8216c149-96a7-4a74-a023-425696af06d2"}},{"id":"52e66cdc-47bf-4aaf-988e-b6bdecf5b65a","type":"Feature","feature_type":"anchor","geometry":{"type":"Point","coordinates":[30.374856622789668,60.00867700668951]},"properties":{"unit_id":"49a77a34-4f6a-487e-aa39-36fbf8bc239a","address_id":"4262e189-de92-4b11-aee9-82e73c2df269"}},{"id":"e1010c37-07cd-4d0b-8613-d4905af19b23","type":"Feature","feature_type":"anchor","geometry":{"type":"Point","coordinates":[30.374594586604164,60.008289587032124]},"properties":{"unit_id":"812cdff7-2468-4ec0-9c5d-35e0b9114d31","address_id":"958012e5-8261-4759-bdf1-9199dd162e99"}},{"id":"31ceb9ca-2e78-4989-b5b3-bdb5c3e5238b","type":"Feature","feature_type":"anchor","geometry":{"type":"Point","coordinates":[30.373179146963963,60.009156310950623]},"properties":{"unit_id":"587ab5b0-682a-46e5-a6e2-bfd197fcbee9","address_id":"1c7b13b0-8e35-44bb-b839-d5bc7b6542d0"}},{"id":"ac0c98c8-eea4-494d-bd45-4aee83e1ed75","type":"Feature","feature_type":"anchor","geometry":{"type":"Point","coordinates":[30.372537571810383,60.00840482194107]},"properties":{"unit_id":"5db5e0b8-8d9c-467f-a8ff-18aeff7edf94","address_id":"379f78e2-dd00-4b02-8e9f-d48ea3618dfd"}},{"id":"011dcdb5-17ac-4562-8a80-93ef1a382549","type":"Feature","feature_type":"anchor","geometry":{"type":"Point","coordinates":[30.373059002632544,60.00832918319967]},"properties":{"unit_id":"a35beeb9-7a49-4106-afc7-691123c7fec9","address_id":"bd71d6ac-4265-4020-a225-f338b44f2dcd"}},{"id":"1b9c18f9-21d4-4654-9531-6cc7e07c2bf2","type":"Feature","feature_type":"anchor","geometry":{"type":"Point","coordinates":[30.373023549084117,60.008335165137289]},"properties":{"unit_id":"677e59ac-c47c-4f2f-8030-6837edf07644","address_id":"46bcad5d-914d-43e5-ae22-c19510aed0b6"}},{"id":"2ba85386-4d57-49b2-a7ed-6d7729123473","type":"Feature","feature_type":"anchor","geometry":{"type":"Point","coordinates":[30.373798067708822,60.0089703379003]},"properties":{"unit_id":"7544b114-6749-47d2-93a3-4d4a24d18917","address_id":"a22dcefe-d492-459b-bdfc-cb68696a5170"}},{"id":"434e33a2-eaef-4b25-bdde-40a4cd8e0501","type":"Feature","feature_type":"anchor","geometry":{"type":"Point","coordinates":[30.372647391254162,60.008398537009363]},"properties":{"unit_id":"729126d7-8efa-4552-a015-ed2a1b900744","address_id":"f5f97d12-2b22-4b65-a3cb-cc39ccf7ea5e"}},{"id":"f96bf8f1-81b9-40bb-9993-ffce6d426ba1","type":"Feature","feature_type":"anchor","geometry":{"type":"Point","coordinates":[30.373777729517482,60.008220256276331]},"properties":{"unit_id":"b691a02e-2f21-41a2-9eb6-78a4b9c7d3e9","address_id":"d0e64ddf-2862-410e-9585-353ea6a71f9d"}},{"id":"8673cd76-3d0e-4a15-9f50-3d01bb45b32a","type":"Feature","feature_type":"anchor","geometry":{"type":"Point","coordinates":[30.374010841432572,60.008164788597846]},"properties":{"unit_id":"a42e23b7-3831-4676-9360-9c440fe6e525","address_id":"efc260d8-924b-4545-9aae-6f86a321e8d5"}},{"id":"0e30bf1d-4c5a-403a-bb97-c3a6c40046e2","type":"Feature","feature_type":"anchor","geometry":{"type":"Point","coordinates":[30.375060385608311,60.00798770529525]},"properties":{"unit_id":"64bfa2a8-839d-44d6-8ab2-04e52fbdb05d","address_id":"482a445b-b083-4671-b31d-f7db882f8b73"}},{"id":"6c13320a-3356-4079-becb-1bd08a859419","type":"Feature","feature_type":"anchor","geometry":{"type":"Point","coordinates":[30.375057360976296,60.0080394700786]},"properties":{"unit_id":"f9d37219-e7f0-41d4-ac49-bae0323091aa","address_id":"d463dc89-0376-401e-8abf-885a146b7454"}},{"id":"ac829e7d-caeb-404e-875a-fb65f58434f6","type":"Feature","feature_type":"anchor","geometry":{"type":"Point","coordinates":[30.374917827494613,60.008113318575042]},"properties":{"unit_id":"2d02accd-5e7e-43c0-9c4b-c749295bf8ae","address_id":"dacb4c5b-a6e2-4c0a-a768-5c88fe6ce011"}},{"id":"cc63dbee-a44b-4df1-aac4-323586fe1a8f","type":"Feature","feature_type":"anchor","geometry":{"type":"Point","coordinates":[30.375532080759072,60.008718703506283]},"properties":{"unit_id":"52505883-f60a-453d-96c5-6c266ae6f7a7","address_id":"03bc97e0-4556-42d0-b836-690cc941d532"}},{"id":"8185ae5c-569d-4258-9035-7b78589aa906","type":"Feature","feature_type":"anchor","geometry":{"type":"Point","coordinates":[30.37425731654956,60.008943277015319]},"properties":{"unit_id":"bb1f8bd9-8847-4aa4-912a-6e5745ff2b2e","address_id":"31b9e8e1-2a84-415c-a1f4-0346561d5916"}},{"id":"9dfb6f95-16ad-434a-a4c7-5c3a3c6f2e54","type":"Feature","feature_type":"anchor","geometry":{"type":"Point","coordinates":[30.374640588279739,60.008660114220234]},"properties":{"unit_id":"e0e4c2b0-a201-4014-82fa-138c7ccfd6b7","address_id":"1300c071-aece-4ac3-8064-3a7ef5ff13ac"}},{"id":"57d90e7d-952d-4584-9b56-714531c25aa5","type":"Feature","feature_type":"anchor","geometry":{"type":"Point","coordinates":[30.37293198956181,60.008778683161943]},"properties":{"unit_id":"946237e0-0619-41e2-af71-08c795e1b339","address_id":"33443cc1-73f2-4690-9f72-ae75ec408f75"}},{"id":"887d7b50-9492-424b-b1e5-3ec091ec6686","type":"Feature","feature_type":"anchor","geometry":{"type":"Point","coordinates":[30.374548977328846,60.008502064380465]},"properties":{"unit_id":"13719969-c023-4af9-9160-77153a0ffda0","address_id":"e1d8e29f-4538-4aae-8dc5-06ee2fbd5090"}},{"id":"d7dc6bf7-cea4-4d29-8bb3-ba1f4103870e","type":"Feature","feature_type":"anchor","geometry":{"type":"Point","coordinates":[30.372977611669334,60.008565022929083]},"properties":{"unit_id":"11906cad-ca47-48a6-8b23-b28eac3c517d","address_id":"753787bc-0517-4aa8-8498-fb3416c550bc"}},{"id":"714d193c-7f96-448f-9eb8-6440a4e987f1","type":"Feature","feature_type":"anchor","geometry":{"type":"Point","coordinates":[30.373103059965974,60.008718497667907]},"properties":{"unit_id":"492b8ed5-ba21-4b28-ac36-8e2d125b1741","address_id":"5dce8637-8ee0-4807-a100-b20e1e8f8b0c"}},{"id":"c78421a9-2918-4521-9165-ca9b5a0cb65b","type":"Feature","feature_type":"anchor","geometry":{"type":"Point","coordinates":[30.372955427377828,60.008526057450311]},"properties":{"unit_id":"ba42711b-0e89-4f05-b152-a3e28a2549ad","address_id":"f8bcc663-13e7-4b07-934c-d17de9efcb83"}},{"id":"4d493b5e-e292-4ebe-95fb-56a1e1db6c58","type":"Feature","feature_type":"anchor","geometry":{"type":"Point","coordinates":[30.373003497384136,60.0086033654037]},"properties":{"unit_id":"a70902dc-bdfb-4921-89d0-a879fcc84e28","address_id":"107a9001-05ee-4f96-ba98-da599a995b00"}},{"id":"9cca0e45-f343-4a8d-8457-350a81264d0a","type":"Feature","feature_type":"anchor","geometry":{"type":"Point","coordinates":[30.372525617329366,60.008419035218061]},"properties":{"unit_id":"386093e4-f23e-4f34-a2ac-591c4567a6d7","address_id":"313fb310-c832-4862-a34e-280f65a45594"}},{"id":"3cf7b053-31fd-4509-b659-6919d96cd232","type":"Feature","feature_type":"anchor","geometry":{"type":"Point","coordinates":[30.374666811250822,60.008396283765293]},"properties":{"unit_id":"9129dfce-bf18-4609-ac02-5e80d40de42c","address_id":"f7be459a-c575-4601-9fb6-410ce4d79323"}},{"id":"353ec371-956a-49ae-bb05-10405da2b47f","type":"Feature","feature_type":"anchor","geometry":{"type":"Point","coordinates":[30.374501336144,60.008483525204191]},"properties":{"unit_id":"b89a1368-564c-4c67-9d65-edf5c43707a9","address_id":"9f5fb306-847f-4628-ac0b-bf8098e6504e"}},{"id":"01832ecc-7112-4675-b90a-75e8eeb4a11f","type":"Feature","feature_type":"anchor","geometry":{"type":"Point","coordinates":[30.374610848967574,60.008313519173818]},"properties":{"unit_id":"39ddbd17-6546-47f3-828c-36c677b26088","address_id":"131ee041-7c05-4b7c-aee5-fbe7722b3cb4"}},{"id":"9358fc5e-a006-4c31-ac7c-f4655d25e4d3","type":"Feature","feature_type":"anchor","geometry":{"type":"Point","coordinates":[30.37455696983017,60.008214562512435]},"properties":{"unit_id":"5f2d5088-8f47-45d0-baab-7a2635ba982b","address_id":"6071271b-b44f-4c21-b9c5-367cdf6dbb84"}},{"id":"e3322fab-3d53-4081-bbce-a726ceb05e7a","type":"Feature","feature_type":"anchor","geometry":{"type":"Point","coordinates":[30.374529564024915,60.008174082063235]},"properties":{"unit_id":"09d45cf0-ae13-4034-935d-395466fa41d2","address_id":"b29f9929-4823-411e-b526-29924f0b2b03"}},{"id":"9010bef9-2099-4e6b-bf85-95afa381ab64","type":"Feature","feature_type":"anchor","geometry":{"type":"Point","coordinates":[30.37486924930662,60.008121514784669]},"properties":{"unit_id":"0f561d22-4047-4ef4-afb6-7ba669e204f7","address_id":"d852789a-920e-4d6a-bc76-d1ce9b82c0f8"}},{"id":"b0ca26cd-d612-4500-bd23-f77d866d6d2f","type":"Feature","feature_type":"anchor","geometry":{"type":"Point","coordinates":[30.374970210782081,60.00810445956585]},"properties":{"unit_id":"0a5adbd3-b084-4e0d-a489-5fcf905a4cb7","address_id":"c699a3d1-5365-44f5-bd1f-e923583590b5"}},{"id":"0451bf18-07f0-4082-b28c-c3b11316d744","type":"Feature","feature_type":"anchor","geometry":{"type":"Point","coordinates":[30.375018650871862,60.008096306445054]},"properties":{"unit_id":"fe2a7d6f-0681-4b36-aba1-a64748731f22","address_id":"57594756-ac28-4612-95df-5d74af7758d8"}},{"id":"4063950f-47f9-471b-8286-74ed19e6de35","type":"Feature","feature_type":"anchor","geometry":{"type":"Point","coordinates":[30.374942420764338,60.00800765597387]},"properties":{"unit_id":"4eefd16f-f8b9-4090-94df-1eb4dda2fc82","address_id":"927682f6-f78d-4bcd-a1f4-62e4fbd148ab"}},{"id":"8adf1761-f31a-4dbd-9226-8fb5e163a474","type":"Feature","feature_type":"anchor","geometry":{"type":"Point","coordinates":[30.374695358264006,60.00804960171785]},"properties":{"unit_id":"064d8032-2049-467b-a5e5-96d3e8e9edca","address_id":"df2ceed1-fc78-4d07-bc36-daae1726bc25"}},{"id":"0c2d4ff3-5be1-4870-93be-5b96979a7005","type":"Feature","feature_type":"anchor","geometry":{"type":"Point","coordinates":[30.37458927518729,60.008067730864084]},"properties":{"unit_id":"e8a0603c-82c7-405b-b038-c6f9e5804297","address_id":"7e87938f-cc2b-49a8-9661-e528483773ba"}},{"id":"71e974b8-c4d3-46ea-915e-f80a24e65881","type":"Feature","feature_type":"anchor","geometry":{"type":"Point","coordinates":[30.374516311819832,60.008079336855]},"properties":{"unit_id":"65233156-2c76-480d-8d68-84d283abfbca","address_id":"1eae0adb-a618-4988-ab86-1697edf64438"}},{"id":"9a3f462a-9a42-4a4e-a171-ceb4929b8c4b","type":"Feature","feature_type":"anchor","geometry":{"type":"Point","coordinates":[30.374440164508151,60.008090945315978]},"properties":{"unit_id":"61710346-c6f4-49e8-938f-61982f26fb7d","address_id":"71edbbf2-fc2c-49d7-87cf-95ff4ed94eb7"}},{"id":"295acabb-a83b-4b2d-954d-741ee8ac7abf","type":"Feature","feature_type":"anchor","geometry":{"type":"Point","coordinates":[30.374369042140529,60.00810435198099]},"properties":{"unit_id":"c7197a29-39e6-48ea-816c-99016670dac6","address_id":"3e08d24d-2d95-4c30-9033-3bd24d93550b"}},{"id":"a9ce7dc4-37d1-489b-8d4a-e26425717435","type":"Feature","feature_type":"anchor","geometry":{"type":"Point","coordinates":[30.374766395535676,60.008543237544409]},"properties":{"unit_id":"78a77257-e9ee-4b12-a079-1c342aadb827","address_id":"8f9f4815-5af1-4fef-853a-7e1317c7122d"}},{"id":"cb932fb2-d20b-444c-9962-5b075e259f67","type":"Feature","feature_type":"anchor","geometry":{"type":"Point","coordinates":[30.374887483858636,60.00874055640594]},"properties":{"unit_id":"3db66943-77db-4c45-ac8e-92c09a337417","address_id":"3c7aef8f-0d41-4a50-8f76-137ae82b0738"}},{"id":"5cc67960-f0fd-4e73-988b-78a27c7e6199","type":"Feature","feature_type":"anchor","geometry":{"type":"Point","coordinates":[30.374903305027598,60.008777081464935]},"properties":{"unit_id":"7dcf6dd2-90b4-4a94-b641-ebd0567b92e1","address_id":"47334d67-9400-4de4-85f0-a041d99971af"}},{"id":"0568ac63-2f57-4998-843b-9acf06c171ff","type":"Feature","feature_type":"anchor","geometry":{"type":"Point","coordinates":[30.37546727657983,60.0087884860087]},"properties":{"unit_id":"a0500fcf-a74a-4efd-bad6-b0b01852fd52","address_id":"f407ed49-fbc1-4e1f-a471-6eef911697a9"}},{"id":"311afe6d-e36c-4970-8c44-35daedabd36c","type":"Feature","feature_type":"anchor","geometry":{"type":"Point","coordinates":[30.375299847671183,60.00871963609135]},"properties":{"unit_id":"fbc8e2e5-cdf6-41a6-99ef-cf6c8647c7ae","address_id":"edfd9044-8593-4367-8b09-b97ea18bf898"}},{"id":"8eff0da7-6557-4319-8ccd-16146ce6447b","type":"Feature","feature_type":"anchor","geometry":{"type":"Point","coordinates":[30.374933905392858,60.008878503246692]},"properties":{"unit_id":"49d5676b-778a-49ef-9a04-04f23712df54","address_id":"e0e25ce1-d631-485a-89ce-9b26ea728029"}},{"id":"609e7d70-bd66-4e28-8bf1-fa9c1f70153b","type":"Feature","feature_type":"anchor","geometry":{"type":"Point","coordinates":[30.37471477031773,60.008915498166083]},"properties":{"unit_id":"70191237-1355-41f5-bb82-31f9d1b02242","address_id":"28f23f36-4edb-4e18-b0fa-ab96fa1d3ca6"}},{"id":"4bcd2c64-f097-4cf3-875b-4915c6dd8310","type":"Feature","feature_type":"anchor","geometry":{"type":"Point","coordinates":[30.373712344522563,60.008984825628467]},"properties":{"unit_id":"f67c9b6b-0205-44bc-b1a5-1fbc5fb074dc","address_id":"c85714a0-7be7-49c5-baad-b7f67c9ce682"}},{"id":"c67d6d3b-af04-4a1a-b9dc-eac34c7133a7","type":"Feature","feature_type":"anchor","geometry":{"type":"Point","coordinates":[30.373621609952071,60.009000136710121]},"properties":{"unit_id":"63331235-91ca-408a-8388-5cb9d6c8c017","address_id":"28c57977-9191-4a8b-a3a0-5de627ce7162"}},{"id":"99bfe502-46f7-4e51-bb48-a7135c5be3a4","type":"Feature","feature_type":"anchor","geometry":{"type":"Point","coordinates":[30.373855183711225,60.009059438471404]},"properties":{"unit_id":"a33e23ac-d578-4dac-b082-7519a820f02e","address_id":"ef06b9d0-874f-4ce2-b206-5ac588b22a1f"}},{"id":"0fcb0269-af48-4713-a12d-a8023df7e6e8","type":"Feature","feature_type":"anchor","geometry":{"type":"Point","coordinates":[30.373673191199082,60.009089384935947]},"properties":{"unit_id":"f9af81f5-7d37-459f-89b3-e4efa546fa10","address_id":"1adb421d-a2f9-4b0c-bd77-b21cbeca5422"}},{"id":"9369b5d7-ddc8-4625-bc66-88c80d30d283","type":"Feature","feature_type":"anchor","geometry":{"type":"Point","coordinates":[30.373576581231102,60.009106800509144]},"properties":{"unit_id":"d8bb1651-9858-442c-a5fc-189aba13e8dd","address_id":"9e1bc120-7ca9-49e6-aee8-d62e87a53303"}},{"id":"aff862fa-0b06-4a60-8731-050bce40a566","type":"Feature","feature_type":"anchor","geometry":{"type":"Point","coordinates":[30.373353131619364,60.009144524370839]},"properties":{"unit_id":"c1a5a6fb-0a63-4d82-8f34-905c9c1f1851","address_id":"b31cad3c-1d1d-4b94-a28f-54d01738d2cf"}},{"id":"6e5aa913-c80a-4aea-b649-970cfa0147c3","type":"Feature","feature_type":"anchor","geometry":{"type":"Point","coordinates":[30.373272000888047,60.009156885102463]},"properties":{"unit_id":"b6a460d0-d504-4af1-a1d4-9baf411537d9","address_id":"17701ccb-cfce-4503-aa59-fa4a4cf45f93"}},{"id":"1ab4ef9a-e739-437e-93c2-db48a5d23668","type":"Feature","feature_type":"anchor","geometry":{"type":"Point","coordinates":[30.37322600612886,60.008290185335667]},"properties":{"unit_id":"99f06eb2-3d1e-4e32-9c14-30a0939c9cb4","address_id":"264c9f79-c882-4b02-a594-551de0f8205c"}},{"id":"21f9357f-bfba-4d25-94b0-023b8992ff77","type":"Feature","feature_type":"anchor","geometry":{"type":"Point","coordinates":[30.373734339488916,60.0090958680214]},"properties":{"unit_id":"8dcd6171-261c-4f30-8ae3-aabf3696d78c","address_id":"197e9f03-b636-4e90-8f39-6ea533703412"}},{"id":"1735fcff-41c0-400d-9c0e-f6dd45558e9b","type":"Feature","feature_type":"anchor","geometry":{"type":"Point","coordinates":[30.374435648197512,60.008979059958364]},"properties":{"unit_id":"211ffd0f-b014-4de8-8540-1b9a23519fdf","address_id":"9f321787-bcda-491d-9ecf-86ee82777a32"}},{"id":"f1e01a18-14b3-4257-94da-c7d911a3b551","type":"Feature","feature_type":"anchor","geometry":{"type":"Point","coordinates":[30.375407222242821,60.008815133570224]},"properties":{"unit_id":"5de98001-ddb4-415d-ac3c-2d503bd4b511","address_id":"ab0157d2-f792-4620-a406-1e65518a6f95"}},{"id":"36e3ab60-4b15-445a-84c6-ec409f5ff015","type":"Feature","feature_type":"anchor","geometry":{"type":"Point","coordinates":[30.37489138892548,60.008001601581142]},"properties":{"unit_id":"9cef4fc1-fc7c-4ef1-a4c6-102fcf7b092b","address_id":"fdac4ad7-c166-4028-9fc8-70b808955d2a"}},{"id":"e2839d26-11a9-4732-b9cf-16b90aaa9ab0","type":"Feature","feature_type":"anchor","geometry":{"type":"Point","coordinates":[30.374395674390247,60.008291303998618]},"properties":{"unit_id":"d4112b9a-20f6-4193-9776-3c0cf12274bf","address_id":"bd220a20-0a53-40ca-9eee-d1d995ef7477"}},{"id":"07a365df-a697-4438-aba0-d555871fb29e","type":"Feature","feature_type":"anchor","geometry":{"type":"Point","coordinates":[30.372454467923831,60.008430992506469]},"properties":{"unit_id":"86028027-260f-40e4-a516-af861ba6caf4","address_id":"24ca9ddf-a209-446e-a0cb-24793eafe531"}},{"id":"f878f9ed-c118-4eaa-8c14-1e7886591f01","type":"Feature","feature_type":"anchor","geometry":{"type":"Point","coordinates":[30.37224548122818,60.008455053640212]},"properties":{"unit_id":"9e01476a-5709-48bb-b701-9131621abfea","address_id":"06da4bec-8ad5-4ae7-8f06-b408ca0a60b4"}},{"id":"041ab821-c466-4929-b415-02234ed1c8a2","type":"Feature","feature_type":"anchor","geometry":{"type":"Point","coordinates":[30.372728962615266,60.008498482792746]},"properties":{"unit_id":"7fec7218-2984-462d-b7d8-4a5bd794b78b","address_id":"b84fb78e-964d-49b6-96b8-22eacd2488c1"}},{"id":"dbaccb58-855d-43bc-9bf9-bf5ef511d053","type":"Feature","feature_type":"anchor","geometry":{"type":"Point","coordinates":[30.372707305841107,60.008466614072233]},"properties":{"unit_id":"05805578-8692-46e8-afd9-e1a56428d742","address_id":"62439a25-6449-4f99-ac79-002605ba6ed6"}},{"id":"2344978e-98eb-4d99-84a2-ef9772381498","type":"Feature","feature_type":"anchor","geometry":{"type":"Point","coordinates":[30.372753238836363,60.008534512741839]},"properties":{"unit_id":"ec1ff372-4263-4e46-a8bd-6fafc96462f5","address_id":"385c1b90-0fa6-478c-847f-a9348ff41a95"}},{"id":"1304e7ef-d755-4f80-be2b-112780b15d6c","type":"Feature","feature_type":"anchor","geometry":{"type":"Point","coordinates":[30.372785455195952,60.0085823720851]},"properties":{"unit_id":"e218b4b2-da3a-470c-bc26-06cf178d9095","address_id":"6c88751a-0edc-4f28-9e44-dabe8e7c3376"}},{"id":"b82941ad-3282-4803-b062-d6cf6e9c302e","type":"Feature","feature_type":"anchor","geometry":{"type":"Point","coordinates":[30.372800295948345,60.008604285364008]},"properties":{"unit_id":"35d3abae-f1ba-4452-bf30-31ceca1cf9f3","address_id":"6585ab0e-0460-422d-956a-ff57d41e415c"}},{"id":"98178ee8-e9d5-4418-9e88-9f2bc7b3d008","type":"Feature","feature_type":"anchor","geometry":{"type":"Point","coordinates":[30.372816878337389,60.008628846547772]},"properties":{"unit_id":"c33fc949-3a0f-4623-802a-b8fa8689a82a","address_id":"ab4ffbac-649e-42fd-93c5-85ed3cd267cf"}},{"id":"ba311986-db65-46f9-b6b5-314a6efab3ae","type":"Feature","feature_type":"anchor","geometry":{"type":"Point","coordinates":[30.372847281515767,60.008674022307531]},"properties":{"unit_id":"adac8e6e-d3fe-4a2f-a110-41be2254e272","address_id":"a147c814-e67e-4a26-9616-d5df8770cf6e"}},{"id":"aebc450b-8030-430e-be71-40fb26a2171b","type":"Feature","feature_type":"anchor","geometry":{"type":"Point","coordinates":[30.372863446167415,60.008697966525069]},"properties":{"unit_id":"bf573ef3-f90f-4f59-8381-7b73fc1a3fbe","address_id":"e8d2de92-cc83-420d-a4d3-e4d588605122"}},{"id":"6863e310-603a-47f8-8da0-2ec5c1683d16","type":"Feature","feature_type":"anchor","geometry":{"type":"Point","coordinates":[30.372880544096336,60.008723221521379]},"properties":{"unit_id":"e2b3e94d-c1a6-4199-83d8-77c8139eee8a","address_id":"0e8714db-8ef5-4abe-a98d-3e74d8d1ad17"}},{"id":"216c0ee1-6905-45b0-bb0a-1ad8bf428465","type":"Feature","feature_type":"anchor","geometry":{"type":"Point","coordinates":[30.372907547938432,60.008785650379245]},"properties":{"unit_id":"09e45ec9-14c0-4e51-8e67-2b974739f384","address_id":"7ab7731d-76be-4961-a861-8d4a306e7953"}},{"id":"c0f8c694-82e3-4186-8fd9-58e7a2475239","type":"Feature","feature_type":"anchor","geometry":{"type":"Point","coordinates":[30.373809615537347,60.008968389845926]},"properties":{"unit_id":"4efb325a-14bf-44d4-8b21-861836d08bec","address_id":"1b5fc5f7-9553-4a49-bff5-8a0dcb3f16ce"}},{"id":"46315724-3aaf-46df-bce3-727a9dafce2b","type":"Feature","feature_type":"anchor","geometry":{"type":"Point","coordinates":[30.373256206442825,60.008977965996017]},"properties":{"unit_id":"b85908ec-8d8b-4c8d-bc6e-4ce07d2f0d3e","address_id":"d144561a-a493-42f6-b8c1-882f467042c9"}},{"id":"cfc1e8ea-8807-430b-9b36-cbf87664c96f","type":"Feature","feature_type":"anchor","geometry":{"type":"Point","coordinates":[30.373230874401433,60.008938875916421]},"properties":{"unit_id":"61d50a5a-e5c3-4f87-b28e-b4ad666a91a9","address_id":"a572eed4-b411-4e9c-90f0-99e51247c75d"}},{"id":"8c076362-279d-44fe-95ce-bf8f0bdc5916","type":"Feature","feature_type":"anchor","geometry":{"type":"Point","coordinates":[30.373203735056084,60.008900075657252]},"properties":{"unit_id":"108f05a4-5bbc-4edd-b7a7-73edd9b7df01","address_id":"606058bf-1b4f-4cb6-be37-1d311fc3f027"}},{"id":"a00b110d-af1a-4fd4-b057-69d305f0b5b9","type":"Feature","feature_type":"anchor","geometry":{"type":"Point","coordinates":[30.372895966106249,60.008356691440056]},"properties":{"unit_id":"706330a3-9e02-4909-90c9-36f74a4de697","address_id":"04a121a6-3a6f-4e0b-ba27-7ac91c0ff158"}},{"id":"1aca98bd-d3cf-4466-8674-a45120233065","type":"Feature","feature_type":"anchor","geometry":{"type":"Point","coordinates":[30.37294657575168,60.008348128563675]},"properties":{"unit_id":"29365074-c2c1-4dac-86b7-98a84c9fb315","address_id":"295a4360-a8b4-4698-8341-dd287f9742db"}},{"id":"c01d7c49-4df2-4a07-9fa7-93c1ac97994b","type":"Feature","feature_type":"anchor","geometry":{"type":"Point","coordinates":[30.372998648752475,60.008339342284039]},"properties":{"unit_id":"66967515-65ec-4612-892a-934b499174c0","address_id":"d1db9e2f-cbda-483f-b4c6-e1a399b9deaf"}},{"id":"d88461b9-90a8-4178-a5c8-ef0fd4991960","type":"Feature","feature_type":"anchor","geometry":{"type":"Point","coordinates":[30.373094286258006,60.008323230353881]},"properties":{"unit_id":"457d39ad-d7a1-4c7e-aedb-e0838147ac48","address_id":"f35d9a56-c833-4da2-a842-1aba66c91354"}},{"id":"0c3e5517-aea1-4111-862a-7e2caa13b8a6","type":"Feature","feature_type":"anchor","geometry":{"type":"Point","coordinates":[30.37314657223282,60.008314408395591]},"properties":{"unit_id":"0fc868e0-a8c0-44de-830f-8511008fbc84","address_id":"d9a8f0dc-66e2-4de5-a007-81886c5f5646"}},{"id":"1f147261-7806-4637-b83b-cb5aae0d06d6","type":"Feature","feature_type":"anchor","geometry":{"type":"Point","coordinates":[30.373344755038733,60.008296915976068]},"properties":{"unit_id":"8a59ddb8-e8b4-47cb-9228-ca51e4c4c5ce","address_id":"abff2ec3-b4d2-46bb-b14a-6b2a1f376b7f"}},{"id":"f1df8293-d9a2-4b3a-98f0-883a2d080425","type":"Feature","feature_type":"anchor","geometry":{"type":"Point","coordinates":[30.373378498378152,60.0083719981305]},"properties":{"unit_id":"3d9e26aa-1962-4d7c-9bbd-6a52e89d5237","address_id":"0b1449a9-b950-4aff-a42a-c3f6c62b510a"}},{"id":"1e8ed2a9-7f66-476e-b29c-20feb0016b3b","type":"Feature","feature_type":"anchor","geometry":{"type":"Point","coordinates":[30.373217506369482,60.008399158915708]},"properties":{"unit_id":"c95fc1bc-93c9-4e05-8841-ca698f1f4fdb","address_id":"671a43ce-4123-431d-b9a5-480ad60d33b9"}},{"id":"ef707f40-9ff7-49d1-8177-6f6411d76835","type":"Feature","feature_type":"anchor","geometry":{"type":"Point","coordinates":[30.372962065712162,60.008840951191424]},"properties":{"unit_id":"778fdcfe-541c-4ac6-8256-67aec1f29e85","address_id":"7fb23938-9c56-4547-adc7-aa683a6537d0"}},{"id":"0bbaa3ca-1877-4034-9e8c-c4dc7df00f06","type":"Feature","feature_type":"anchor","geometry":{"type":"Point","coordinates":[30.373026611624,60.008936699518671]},"properties":{"unit_id":"0e22e332-6f70-4330-896a-0ead6b7e046b","address_id":"2f05b3da-150e-483a-b143-7130299aa8a2"}},{"id":"367c1585-9b95-48b9-a7c9-88cfd96550ac","type":"Feature","feature_type":"anchor","geometry":{"type":"Point","coordinates":[30.373057968129331,60.008983004919429]},"properties":{"unit_id":"daba7bfd-5c0a-4da0-b976-6959a4d474d9","address_id":"7d9eb79f-2ef5-4684-a996-d4f770ec9417"}},{"id":"fda07025-4c6c-4a12-87f2-93c060f0264c","type":"Feature","feature_type":"anchor","geometry":{"type":"Point","coordinates":[30.373127914682296,60.009086611332464]},"properties":{"unit_id":"62b2431e-d737-47e5-afbc-aa7200abb7aa","address_id":"009cd55d-42d5-44aa-86e1-a314e94dd417"}},{"id":"92971e90-a16e-46a8-96fb-5f65ece385a4","type":"Feature","feature_type":"anchor","geometry":{"type":"Point","coordinates":[30.373095700021324,60.009038894154905]},"properties":{"unit_id":"8f46f3aa-9350-4654-84d2-245dd3d70a9e","address_id":"977eecf6-f81c-4bc1-9b29-37cbc7f022e6"}},{"id":"f15061af-fa9a-4f40-a083-c68d92256b41","type":"Feature","feature_type":"anchor","geometry":{"type":"Point","coordinates":[30.373072704474609,60.009004973088572]},"properties":{"unit_id":"de30a606-5f7d-4916-8641-59555772963c","address_id":"a08caa15-ce4e-47ed-90f7-f8fbf4c9d33f"}},{"id":"9aa43607-6167-4bf3-9b10-b78eb4b92e0c","type":"Feature","feature_type":"anchor","geometry":{"type":"Point","coordinates":[30.372093672119089,60.008504395568671]},"properties":{"unit_id":"12e45eb3-9155-46ff-82dd-5c1344899a6e","address_id":"1339faff-5887-4635-95d9-26c7122764fb"}},{"id":"42fb50ae-ad9f-4914-b422-3a4e1ff9b5f7","type":"Feature","feature_type":"anchor","geometry":{"type":"Point","coordinates":[30.373662461140974,60.008628860270328]},"properties":{"unit_id":"a0ae4b34-13d3-43ec-b970-a2b50e331a7c","address_id":"ef3fcaf5-5515-4572-9c7a-7d89c5d44775"}},{"id":"3ea8dec5-7775-4d5c-8ee0-158a30368db3","type":"Feature","feature_type":"anchor","geometry":{"type":"Point","coordinates":[30.374695398849738,60.0087326642882]},"properties":{"unit_id":"e108d504-73b2-477f-b4bd-01414160cc69","address_id":"3e6ed940-7095-4c4c-94f5-24df8c38a038"}},{"id":"ca98fc2f-1347-45e6-8fab-20c37a8f9854","type":"Feature","feature_type":"anchor","geometry":{"type":"Point","coordinates":[30.374663887283564,60.008694623709864]},"properties":{"unit_id":"1de336bf-0c55-4921-8e03-bf1cbdbb63ed","address_id":"b0311b2d-8553-443a-949d-4c3328bbd54e"}},{"id":"6ca3ad0f-51fa-437d-a16c-88bbb64b68ea","type":"Feature","feature_type":"anchor","geometry":{"type":"Point","coordinates":[30.374414740365779,60.008322778607258]},"properties":{"unit_id":"817eaa9f-9d2b-484b-a77a-a3e0d3e6afd6","address_id":"ab601820-c4e0-4115-bc6f-2b60f459f17c"}},{"id":"29bc5360-65d0-40d2-9f90-bc5c0c3fea8c","type":"Feature","feature_type":"anchor","geometry":{"type":"Point","coordinates":[30.374439765171843,60.008359845432857]},"properties":{"unit_id":"534332d9-fd21-439c-987c-7f18957f0a38","address_id":"a1b23808-cad1-4875-8283-9a80f2cdda99"}},{"id":"5c7c239c-8b30-4e1b-94b8-7b63ac45a5b3","type":"Feature","feature_type":"anchor","geometry":{"type":"Point","coordinates":[30.374717398510466,60.008448278538722]},"properties":{"unit_id":"ff5661b8-41ee-4f8b-b26e-955dd33907c7","address_id":"ea10c257-5e66-4443-86ff-26b0e740185b"}},{"id":"e3b01168-61fd-48a4-bc58-26f55dd1782b","type":"Feature","feature_type":"anchor","geometry":{"type":"Point","coordinates":[30.375405436119234,60.008700988232412]},"properties":{"unit_id":"f047ace7-a554-4efd-b58d-dc0b026ced68","address_id":"0a665203-8576-4ebb-be54-b6ab97b20747"}},{"id":"608650e8-f3f7-4272-aff3-485bd7cc87fe","type":"Feature","feature_type":"anchor","geometry":{"type":"Point","coordinates":[30.375507078286784,60.008684507988782]},"properties":{"unit_id":"77561467-58bf-47ea-974a-ffcb5623c7a5","address_id":"496b4d3f-860f-49b8-851c-7835fdba75c2"}},{"id":"a3ae4bce-1155-429d-9f6a-2e10a48a286d","type":"Feature","feature_type":"anchor","geometry":{"type":"Point","coordinates":[30.375335466464566,60.008810725335593]},"properties":{"unit_id":"3d3addf0-540d-4ed0-ac5e-8eed34f128b8","address_id":"f7c7648b-d7ec-443a-b02a-c13afa004cbf"}},{"id":"e71c7ecb-402d-4d16-832f-fd8150bdbb85","type":"Feature","feature_type":"anchor","geometry":{"type":"Point","coordinates":[30.374824103483505,60.00862869944195]},"properties":{"unit_id":"be261d6b-6471-4f88-a0e3-3fab2b53afc3","address_id":"de996279-a2a2-4a2e-9a5d-8808a4e0bc34"}},{"id":"c75babd7-4796-41b9-afda-8553675467b1","type":"Feature","feature_type":"anchor","geometry":{"type":"Point","coordinates":[30.374578939128405,60.008266410180042]},"properties":{"unit_id":"33ad8348-8323-4907-bada-8ae330e7ce05","address_id":"0ced5449-7e64-439b-90a9-4656a246e706"}},{"id":"b9be89da-5631-44bb-8560-07f757c3bdad","type":"Feature","feature_type":"anchor","geometry":{"type":"Point","coordinates":[30.372623683315581,60.008402441900557]},"properties":{"unit_id":"f3d7429a-3f99-4525-842c-911e975e056f","address_id":"7b8d1439-6ac7-4fb8-8cd9-2c22e8badcf0"}},{"id":"932d5f33-f5ff-4350-863a-277e12846cd2","type":"Feature","feature_type":"anchor","geometry":{"type":"Point","coordinates":[30.373050423081526,60.008330607052322]},"properties":{"unit_id":"8b67de19-a33d-432a-9051-9703ad587920","address_id":"887e5dbe-8bd5-4c72-b7ab-102d918b8f8b"}},{"id":"b88455af-d23a-4265-b697-599816923b57","type":"Feature","feature_type":"anchor","geometry":{"type":"Point","coordinates":[30.372695827729597,60.008390340799735]},"properties":{"unit_id":"4605125c-2612-487b-bdae-2c5c3f17b72f","address_id":"8bc7f207-ac70-4694-8149-67f9dbb74930"}},{"id":"44b8649c-0ea2-473a-8f8b-f11140b9426c","type":"Feature","feature_type":"anchor","geometry":{"type":"Point","coordinates":[30.37556250934669,60.008723108996406]},"properties":{"unit_id":"0aef9f9b-4452-4672-9dc6-c8b5a50772ad","address_id":"929acc54-9064-40f4-b5ed-fa400773715a"}},{"id":"334388a2-5e1f-49b1-ace7-49885cbf069c","type":"Feature","feature_type":"anchor","geometry":{"type":"Point","coordinates":[30.374480443678561,60.008921781999987]},"properties":{"unit_id":"ff8220cd-264e-4066-8b93-bb7f20df0e3c","address_id":"cf5ee58d-3ea3-4bbb-9d12-95e379e47ca5"}},{"id":"6b0367be-17b0-4f3e-8969-bcc55e961391","type":"Feature","feature_type":"anchor","geometry":{"type":"Point","coordinates":[30.374640588279739,60.008660114220234]},"properties":{"unit_id":"c8910e5f-b5fb-41c2-a791-e0acb313531a","address_id":"e1ec6ac2-bff4-459c-9b45-d91554aacfb7"}},{"id":"cd0a94d1-cb11-4319-9729-d88b251b040f","type":"Feature","feature_type":"anchor","geometry":{"type":"Point","coordinates":[30.372995202190065,60.008890175105883]},"properties":{"unit_id":"092dd8ca-3607-48bb-a1ab-2711eedb8a53","address_id":"dfb1cb27-6ccd-40ca-baa1-cfa10244abab"}},{"id":"cb28ca34-ac4f-47aa-8b47-58ed1735b8f3","type":"Feature","feature_type":"anchor","geometry":{"type":"Point","coordinates":[30.373429096994872,60.009131684447482]},"properties":{"unit_id":"742085bf-123c-4b9e-8c1f-3069f1586f2c","address_id":"dcbb1f4f-d68c-4c5f-bb41-f5db85221a09"}},{"id":"7a2a3aef-39d1-467a-97ac-5b2a7e16935a","type":"Feature","feature_type":"anchor","geometry":{"type":"Point","coordinates":[30.373503825425892,60.0091189103924]},"properties":{"unit_id":"bca400ad-a19e-4084-a0f2-b0154a409451","address_id":"8fd534ce-b6d3-425a-ac2d-ecc91c2563cf"}},{"id":"95d26834-06c1-4170-8472-efe9b69ab7bc","type":"Feature","feature_type":"anchor","geometry":{"type":"Point","coordinates":[30.373622404825998,60.009099092822595]},"properties":{"unit_id":"1a809c89-a78d-497d-a096-23ef2f8dd266","address_id":"84fa695a-ab87-4d0a-bbcd-269b1f6f777f"}},{"id":"fcd59d91-127b-454d-9876-b095a906d38c","type":"Feature","feature_type":"anchor","geometry":{"type":"Point","coordinates":[30.373862017763368,60.00900916615349]},"properties":{"unit_id":"2af6fa9a-df4a-46e7-bb83-328ad47f0a31","address_id":"12b854cb-30bc-4cd5-b428-ac04f63862fa"}},{"id":"11714912-2e6f-437d-a6d2-8017234e85ff","type":"Feature","feature_type":"anchor","geometry":{"type":"Point","coordinates":[30.37297831691064,60.008865023303208]},"properties":{"unit_id":"c0cb18e4-9282-4a68-b065-dfa721cc35e0","address_id":"99a672d0-d6d4-4699-b518-306b5b66a0b6"}},{"id":"39ccdf8e-5e3a-41e5-908b-b0f4bd31bddf","type":"Feature","feature_type":"anchor","geometry":{"type":"Point","coordinates":[30.372770108032547,60.008559429614316]},"properties":{"unit_id":"07c6a6b2-c962-4d8a-bf8c-0067d3ccbfb5","address_id":"6e966fec-11e2-4f65-974a-426dedcfb066"}},{"id":"1df8e9a5-4083-474f-842b-c9db78b08ac9","type":"Feature","feature_type":"anchor","geometry":{"type":"Point","coordinates":[30.372764730872063,60.009209905225447]},"properties":{"unit_id":"32288493-43eb-4ea5-ac46-5c413af18071","address_id":"c40a1332-1462-4a63-9efe-6b4e789ef36c"}},{"id":"3f8d7461-8e47-45dc-96fb-401d6b101e96","type":"Feature","feature_type":"anchor","geometry":{"type":"Point","coordinates":[30.373900363246442,60.0082167416547]},"properties":{"unit_id":"42830999-e144-48da-9fe0-340c5ea2ef4c","address_id":"a8349816-6379-44a9-a597-c08662dc81a9"}},{"id":"8c148e03-a9a2-473a-8780-3915fa048b0f","type":"Feature","feature_type":"anchor","geometry":{"type":"Point","coordinates":[30.374803590337262,60.008031151463754]},"properties":{"unit_id":"822d0c21-a6c9-4ac3-98fc-36be7fa4df74","address_id":"0cda7751-6b1e-4656-9e6a-82c1d1aaf480"}},{"id":"2af72370-2276-4923-80e1-dc28e7861a2f","type":"Feature","feature_type":"anchor","geometry":{"type":"Point","coordinates":[30.374994724085663,60.00799889659045]},"properties":{"unit_id":"e0e73cd9-8676-4817-a93b-6881f4f41893","address_id":"c5e2c054-6bcd-4070-8065-2f14d9f598a7"}},{"id":"7c4d90ce-f2b5-41d9-a986-91ad72de1209","type":"Feature","feature_type":"anchor","geometry":{"type":"Point","coordinates":[30.375061096286057,60.007987632565687]},"properties":{"unit_id":"cd73f5b1-68e6-45d1-8d48-b3b6ffa5c688","address_id":"98e8b8ae-4d9c-4c01-8275-7e7a476a98ab"}},{"id":"3c801e63-3f6c-4186-a33a-1c2f4a2aae59","type":"Feature","feature_type":"anchor","geometry":{"type":"Point","coordinates":[30.374913901345966,60.008090488629236]},"properties":{"unit_id":"b0acc64d-af51-4be8-b2d3-2b716c570ee2","address_id":"5b7e3842-4db1-49fa-a5b8-b6409d838c46"}},{"id":"f1613016-53ce-4142-ad9a-f3bc4db55961","type":"Feature","feature_type":"anchor","geometry":{"type":"Point","coordinates":[30.375102253760641,60.008082201301825]},"properties":{"unit_id":"d3e0a96e-7813-4936-9c4d-8a023f6bcc77","address_id":"d23e0995-64e6-4322-886c-ca8f10deb0a3"}},{"id":"1c2fc32a-42fc-47ca-9fe6-300dea4d86d3","type":"Feature","feature_type":"anchor","geometry":{"type":"Point","coordinates":[30.374749521272282,60.008496014378956]},"properties":{"unit_id":"f5c5d3b8-4714-4ee4-b51c-a10b98b792be","address_id":"020b13b3-2fef-4db3-866e-383438592e01"}},{"id":"cadb9ff7-c3ad-45da-812a-db341c6b7d29","type":"Feature","feature_type":"anchor","geometry":{"type":"Point","coordinates":[30.374839462904852,60.008651457481548]},"properties":{"unit_id":"c044800e-7d9b-4d98-abda-351ea8629bb4","address_id":"5c1dbda0-94e9-4baf-b115-e5811f648b0c"}},{"id":"851e1c2f-dc9a-4091-ac52-3231621f07b7","type":"Feature","feature_type":"anchor","geometry":{"type":"Point","coordinates":[30.37555672933275,60.008773392841263]},"properties":{"unit_id":"a1daae6f-4312-4d32-91c5-784a3937f3d8","address_id":"5d5a3b27-29c4-41bf-815f-4887a2c5261a"}},{"id":"539dbe53-d50d-4817-ad29-cc3c002c8abf","type":"Feature","feature_type":"anchor","geometry":{"type":"Point","coordinates":[30.375241959486804,60.008826508473256]},"properties":{"unit_id":"437a7305-2db5-4b2a-92b0-0d99ff7fe2cf","address_id":"c9fa7173-3c5e-4af9-bf47-87d0ac984fdb"}},{"id":"403b2ca4-a0aa-451d-a3b5-7d528c646d4e","type":"Feature","feature_type":"anchor","geometry":{"type":"Point","coordinates":[30.3750547952445,60.008858087373341]},"properties":{"unit_id":"431845b3-3c62-499e-9b11-dd58852c8938","address_id":"5ec4ddff-d58a-430c-934e-774119f4e630"}},{"id":"37501090-da2f-419e-92c9-ccbd4fee5271","type":"Feature","feature_type":"anchor","geometry":{"type":"Point","coordinates":[30.375148361878551,60.008842281730679]},"properties":{"unit_id":"343cc80f-af4b-4d9e-8622-682311044bc9","address_id":"8be86308-07ed-4506-94d5-c5b46f385dfc"}},{"id":"b2ccd1d9-161b-4e7b-bdc0-7059037482a2","type":"Feature","feature_type":"anchor","geometry":{"type":"Point","coordinates":[30.374983319440297,60.008870165969164]},"properties":{"unit_id":"fd2dd85b-a44f-41d0-8285-f4ab9aaa0379","address_id":"3e01aff2-75a6-4bad-bda7-105872912f97"}},{"id":"01192673-5951-4302-b039-249296a500a4","type":"Feature","feature_type":"anchor","geometry":{"type":"Point","coordinates":[30.374862440524691,60.008890542321545]},"properties":{"unit_id":"f4e6f866-2399-4adb-832d-9ed54d91ea42","address_id":"81a39ca9-9936-4b5a-94ed-a073a869184a"}},{"id":"5eb5b021-5328-4e8d-b28e-95fe0e3a71db","type":"Feature","feature_type":"anchor","geometry":{"type":"Point","coordinates":[30.374863599787261,60.0086871723607]},"properties":{"unit_id":"c2c3ef3d-d60e-46ef-bb81-b2b0b1ee309c","address_id":"ac3fe0aa-89af-4e85-a28c-f3d6f9b4d8e9"}},{"id":"f58c056f-1988-4e63-9d13-8eec4a8237a3","type":"Feature","feature_type":"anchor","geometry":{"type":"Point","coordinates":[30.372814459920175,60.008377353221654]},"properties":{"unit_id":"ca6217bd-977e-4e18-afe9-10a6e6f42f28","address_id":"96d49825-82ce-459c-91ae-0bcdef12ce29"}},{"id":"6d4fb671-dbf1-4f35-8797-3aa1181f45c4","type":"Feature","feature_type":"anchor","geometry":{"type":"Point","coordinates":[30.374796740714309,60.008588254671395]},"properties":{"unit_id":"e40f1ef7-3011-41d1-9759-b95ddc4af603","address_id":"591f27dd-e096-4d34-812d-dd32928538ae"}},{"id":"541db256-04ce-4472-af27-eb0fc2125094","type":"Feature","feature_type":"anchor","geometry":{"type":"Point","coordinates":[30.37293198956181,60.008778683161943]},"properties":{"unit_id":"98bba86f-e005-4970-9cbc-14964e975602","address_id":"dc59e187-9a3e-4c6b-a0e5-dda46e1af85b"}},{"id":"10444feb-1c51-44e1-a1b7-582bac9ea742","type":"Feature","feature_type":"anchor","geometry":{"type":"Point","coordinates":[30.374548977328846,60.008502064380465]},"properties":{"unit_id":"cbe721a3-afd3-49a1-8b69-d7076a23a46e","address_id":"21ea0c6e-5ea8-4120-8a2b-c2115dbc6b56"}},{"id":"dbd62497-72e8-48e7-a4b1-cfbc074c10fb","type":"Feature","feature_type":"anchor","geometry":{"type":"Point","coordinates":[30.3729879928516,60.008580399879015]},"properties":{"unit_id":"6516edbf-58e6-43c2-8cc5-38e49d158db0","address_id":"776badb3-2b92-44aa-aae7-0892a8a96beb"}},{"id":"6903fa1b-9685-42d8-913f-fa29b89f1a10","type":"Feature","feature_type":"anchor","geometry":{"type":"Point","coordinates":[30.373103059965974,60.008718497667907]},"properties":{"unit_id":"1d745a6d-b343-4ebb-964c-d3f46a53a42c","address_id":"cfb078bc-f752-49c6-8bcd-90af642d80b8"}},{"id":"1e80c5bb-d0e7-49a5-ae45-416a9b4c1230","type":"Feature","feature_type":"anchor","geometry":{"type":"Point","coordinates":[30.372955427377828,60.008526057450311]},"properties":{"unit_id":"a35e01f7-ca34-415d-9d86-27357ed6207f","address_id":"f30caa9c-4145-4c75-aad7-91c0f09460a2"}},{"id":"031584e1-6b52-4f7f-b111-f30afdffe0c3","type":"Feature","feature_type":"anchor","geometry":{"type":"Point","coordinates":[30.372474695463993,60.008427698543578]},"properties":{"unit_id":"5264ccb4-d19c-4420-93d7-c3caff57cfbf","address_id":"03de0b2f-6376-4230-a99a-7be26b24e04f"}},{"id":"59d1022d-60af-473d-8e7d-afdca942a719","type":"Feature","feature_type":"anchor","geometry":{"type":"Point","coordinates":[30.37467416397795,60.008407167949635]},"properties":{"unit_id":"1625127e-b355-42dd-9ab2-a47a23639a7c","address_id":"5c7482cb-8adf-4db9-bf5f-5cfc9d172f26"}},{"id":"5b3c2059-c542-4b66-aaff-91410cc9eaa5","type":"Feature","feature_type":"anchor","geometry":{"type":"Point","coordinates":[30.374626365532755,60.008335953909942]},"properties":{"unit_id":"79570da3-c558-4a6c-8823-d9be51a92f92","address_id":"b6b396c5-8c2f-414b-bf20-696ec4ca53f1"}},{"id":"6a8862fc-b287-4c19-9af9-b30cbd341878","type":"Feature","feature_type":"anchor","geometry":{"type":"Point","coordinates":[30.374544776658258,60.008196553575814]},"properties":{"unit_id":"1b34340d-e9b7-4ce4-8da0-3e009dfe2799","address_id":"f51fba2c-8e3d-4070-bf93-546260eba3ae"}},{"id":"36f02c9a-bfd4-4cfd-b271-9ece5568f877","type":"Feature","feature_type":"anchor","geometry":{"type":"Point","coordinates":[30.374509478125763,60.008163767639509]},"properties":{"unit_id":"d43c3379-4574-4a8f-9e4f-b0ef3935aaf7","address_id":"2f7bb75e-a033-444b-a484-b81e28aed6d5"}},{"id":"d5be4f0f-3148-4da4-ae24-f0caf5c32c74","type":"Feature","feature_type":"anchor","geometry":{"type":"Point","coordinates":[30.3748907003511,60.008117895322691]},"properties":{"unit_id":"6fd7d278-aa19-4443-9138-d8b615f400e7","address_id":"1ba88445-fdb4-43a8-9ef7-7c6babb290a6"}},{"id":"7340c646-c3a3-41d9-9963-d6342b3fb12a","type":"Feature","feature_type":"anchor","geometry":{"type":"Point","coordinates":[30.374962996661708,60.008105697066156]},"properties":{"unit_id":"c268f442-78dc-4540-a434-bf62672cedaa","address_id":"b532666d-ac7e-489e-a50c-430a42e72fe3"}},{"id":"3d9247a8-57cf-454f-96e7-ab83cfa93802","type":"Feature","feature_type":"anchor","geometry":{"type":"Point","coordinates":[30.37507464105337,60.00808685983592]},"properties":{"unit_id":"3a37fffc-10a3-412c-9b2c-fb52f96057db","address_id":"e72ac3a3-615c-4bae-98a0-658886b128dd"}},{"id":"a833cb5f-9bc3-470d-b06b-ce229f761bf7","type":"Feature","feature_type":"anchor","geometry":{"type":"Point","coordinates":[30.374828764938449,60.00802677506546]},"properties":{"unit_id":"fca73751-5dbf-4dcb-8e5c-3e80ba698fc0","address_id":"3ea0345d-aa1f-4132-960f-11da3e0cfff4"}},{"id":"7c174224-5b99-4dd2-94fa-5333f0128018","type":"Feature","feature_type":"anchor","geometry":{"type":"Point","coordinates":[30.374590615022719,60.008066970359906]},"properties":{"unit_id":"b699bbb4-3097-472c-9f72-eb0e21a1c050","address_id":"28f19992-3746-42af-ad2e-71b2c7a18bc9"}},{"id":"2df969e7-4526-49b0-88d1-83ab7527ab2a","type":"Feature","feature_type":"anchor","geometry":{"type":"Point","coordinates":[30.374535319161996,60.008093387108005]},"properties":{"unit_id":"62b5fb47-0a17-49cc-8b23-e032c0f1d428","address_id":"77fe9077-c5d4-4f58-a284-98eeba4bc2c2"}},{"id":"3da20028-6431-4824-8c38-5b3a7bb743a2","type":"Feature","feature_type":"anchor","geometry":{"type":"Point","coordinates":[30.374482267810372,60.008086219541347]},"properties":{"unit_id":"a16fbb5e-f26f-4e48-ad5b-792f89492221","address_id":"3ad3d682-6c3e-472a-8ba2-4ef5d7cfc792"}},{"id":"31425f1c-9017-4e98-b9bc-58a7cafe049f","type":"Feature","feature_type":"anchor","geometry":{"type":"Point","coordinates":[30.37434244447353,60.008108789032995]},"properties":{"unit_id":"30694819-3ee3-4476-8655-d7125a6b97bd","address_id":"5a5d2c9d-02de-474b-9295-b6d00082f02b"}},{"id":"f9afc5f8-f01a-4193-9e73-3bd5beb6e4ff","type":"Feature","feature_type":"anchor","geometry":{"type":"Point","coordinates":[30.374215923027187,60.008130376263921]},"properties":{"unit_id":"33755134-3247-450c-9a8e-2644103fcd9a","address_id":"ee939785-d5d0-4a99-961e-915f328063ca"}},{"id":"c6b88903-d906-4fc0-8034-f7bf5ea308a1","type":"Feature","feature_type":"anchor","geometry":{"type":"Point","coordinates":[30.374064166417654,60.008155820082635]},"properties":{"unit_id":"1c7da41a-58b2-450d-9616-59f518a4013c","address_id":"b27fde20-68dc-4eea-9055-57df493f5be5"}},{"id":"ffd78b78-311d-4800-aa8c-800384d1fd20","type":"Feature","feature_type":"anchor","geometry":{"type":"Point","coordinates":[30.373963541717458,60.008172769637753]},"properties":{"unit_id":"2e898df4-221c-4a4d-86ac-a709e5439289","address_id":"ac1058b4-e797-4910-916f-0985e18740af"}},{"id":"5bbb1d2e-0cbd-4111-b448-5283330be169","type":"Feature","feature_type":"anchor","geometry":{"type":"Point","coordinates":[30.374785362674469,60.0085713117031]},"properties":{"unit_id":"2c41abdf-b685-44fe-8b0f-4159d7af9bc7","address_id":"b28fc7eb-aefe-49b0-9ebd-dd1a3d516bff"}},{"id":"85cee808-7329-440d-b104-e3b4f03ec0d5","type":"Feature","feature_type":"anchor","geometry":{"type":"Point","coordinates":[30.374824286301894,60.008628559471852]},"properties":{"unit_id":"ff64d953-fd10-4b02-b30b-357895fab070","address_id":"6e099811-8820-41de-b381-ba4f205467e5"}},{"id":"8cb5fced-ec06-48c6-81f1-4347fe6ef1ab","type":"Feature","feature_type":"anchor","geometry":{"type":"Point","coordinates":[30.374447562007393,60.008860873052676]},"properties":{"unit_id":"21baac61-07be-4261-9e9f-ac10b0b3b1c3","address_id":"fcfbedc1-073f-4a74-8b71-202c83cb7c29"}},{"id":"6bdd856c-1e29-414d-805a-372629368998","type":"Feature","feature_type":"anchor","geometry":{"type":"Point","coordinates":[30.374393248294929,60.008870009531996]},"properties":{"unit_id":"9fca3dd0-4183-49ab-b267-5ed5085b825e","address_id":"b06d4a75-e52b-4bfd-b121-fec2913cdc10"}},{"id":"13f971f2-ffdf-4e2e-b9bd-21eaec0e1255","type":"Feature","feature_type":"anchor","geometry":{"type":"Point","coordinates":[30.37432530054619,60.008881457439045]},"properties":{"unit_id":"e303e518-8d92-4163-bf14-0cf29e6314d4","address_id":"fdfa3941-3e4d-4b89-95bb-ba554df53b6f"}},{"id":"d8c2c58d-6e7f-4852-b1ad-c0a0bc5177c8","type":"Feature","feature_type":"anchor","geometry":{"type":"Point","coordinates":[30.374317060357594,60.008982553172807]},"properties":{"unit_id":"aa5f315a-c3f7-41fc-a70a-d09d8d697fdc","address_id":"467e3a34-f49a-4421-a2c3-91c5b63c1340"}},{"id":"0ff379d9-d324-4cee-8dd8-281461bddb85","type":"Feature","feature_type":"anchor","geometry":{"type":"Point","coordinates":[30.375523857736709,60.008778938950428]},"properties":{"unit_id":"b74cec3e-cbae-426f-96b0-c9fa6421854a","address_id":"896aa312-c510-4833-a78e-df2a4a72b38d"}},{"id":"b1ae6169-591d-4af2-ad80-74ee87a4b023","type":"Feature","feature_type":"anchor","geometry":{"type":"Point","coordinates":[30.375273548195391,60.008722459644943]},"properties":{"unit_id":"06e4eece-8fbf-461a-aff6-113f2af67455","address_id":"346c6c5d-52ea-4b5e-a64a-fc4f369acf34"}},{"id":"e6d01bc6-cec4-4375-85ce-19bcf8cfe9f7","type":"Feature","feature_type":"anchor","geometry":{"type":"Point","coordinates":[30.375122499908223,60.0088466405641]},"properties":{"unit_id":"f4270133-9cf9-4b04-9811-6def532b1405","address_id":"b7e845a5-5f35-40a4-a344-87ca44461c80"}},{"id":"efb179f6-0b4f-4b50-876c-510cc76a1c37","type":"Feature","feature_type":"anchor","geometry":{"type":"Point","coordinates":[30.374949437303748,60.008875856988546]},"properties":{"unit_id":"e93cd051-425d-4fc5-90a1-f4c39bff84ff","address_id":"3ea457b4-e099-4e12-a017-071f6b2c50f0"}},{"id":"638ffdcb-0b97-47d4-9a29-2fe553d8de79","type":"Feature","feature_type":"anchor","geometry":{"type":"Point","coordinates":[30.374849153216385,60.008892816423909]},"properties":{"unit_id":"e58f9a84-ccb9-44f2-abb7-85eec0fbafe5","address_id":"bfae2cdd-ce7d-4dc6-8b52-ead0bdda41c3"}},{"id":"3782f1dd-0fd8-46de-a0a6-d9ba46bb81a9","type":"Feature","feature_type":"anchor","geometry":{"type":"Point","coordinates":[30.374722749296321,60.008914155002074]},"properties":{"unit_id":"1e04bb8d-ba73-48c1-86ce-3af2d6fcf8fc","address_id":"83bb3f69-e324-49d6-ac7e-58ee109dfdf3"}},{"id":"88b7a174-207a-488e-b335-4611ceba8023","type":"Feature","feature_type":"anchor","geometry":{"type":"Point","coordinates":[30.37455057957256,60.0089431535123]},"properties":{"unit_id":"14be3689-fa5f-4e43-b18a-194aed3f9f73","address_id":"3644d791-f2fc-458e-a634-22987478be77"}},{"id":"c6f3b734-9717-4663-9711-e57cd9d70403","type":"Feature","feature_type":"anchor","geometry":{"type":"Point","coordinates":[30.374494756861875,60.008952572127413]},"properties":{"unit_id":"e053e5ea-be0b-41cf-b9ef-ea82b6bf34a3","address_id":"af3147b9-8781-4788-8f3d-d86e6f840594"}},{"id":"097f2fa9-e0b3-4289-8f53-a41f8cea4620","type":"Feature","feature_type":"anchor","geometry":{"type":"Point","coordinates":[30.373639269076175,60.008997135861073]},"properties":{"unit_id":"d956cedd-0ee1-4f87-bdaf-79d7b7922b59","address_id":"6df38935-85c0-4aee-8a28-4fe397da185e"}},{"id":"f2abdf5d-0e72-4a6c-969e-2cab7868c1ff","type":"Feature","feature_type":"anchor","geometry":{"type":"Point","coordinates":[30.3738556693028,60.009059735427563]},"properties":{"unit_id":"38331a39-1d3b-4406-ab85-36fdb617d00f","address_id":"0572d72b-e2b8-4417-aeee-eb9150cd7370"}},{"id":"e8123c54-69f1-4e09-b171-e7dc831f5944","type":"Feature","feature_type":"anchor","geometry":{"type":"Point","coordinates":[30.373654562756311,60.009093571962936]},"properties":{"unit_id":"eff34764-6592-4e40-9716-8b4414244857","address_id":"b38eef33-0cd7-4175-84e3-3f436ecb5e68"}},{"id":"35bee88a-3b76-4405-b515-98906ac14e23","type":"Feature","feature_type":"anchor","geometry":{"type":"Point","coordinates":[30.373524193949208,60.0091154023576]},"properties":{"unit_id":"f2212096-f4e1-462b-9818-ef1916768b75","address_id":"2b17b110-e1b8-444f-ae1b-bb5b2dfcb8c6"}},{"id":"4a91fadf-4813-44a2-b02f-6dd810f6a647","type":"Feature","feature_type":"anchor","geometry":{"type":"Point","coordinates":[30.37337587325376,60.009140593132337]},"properties":{"unit_id":"b9734cfb-c3bb-4403-8506-9a4587850e49","address_id":"dc834c53-516a-4e60-b642-d7348c76cf49"}},{"id":"5ad4732d-3a90-4e5c-9482-ba8917c05e19","type":"Feature","feature_type":"anchor","geometry":{"type":"Point","coordinates":[30.373272000888047,60.009156885102463]},"properties":{"unit_id":"56a5643b-b370-4cf6-a598-773a986558e2","address_id":"bb40f37d-c146-4856-b0a8-05ab58c24d4f"}},{"id":"7a6f5ef5-3cbf-4129-8103-f9f885d0e7c7","type":"Feature","feature_type":"anchor","geometry":{"type":"Point","coordinates":[30.373226006677861,60.008290185335667]},"properties":{"unit_id":"88b6067e-468c-4499-924c-3cef64875ac4","address_id":"92eee800-e5e5-4a8d-8421-b2f61f6cb176"}},{"id":"7e50d871-9c19-43ff-8ee9-39dcd9a0cc7e","type":"Feature","feature_type":"anchor","geometry":{"type":"Point","coordinates":[30.373734339488916,60.0090958680214]},"properties":{"unit_id":"08bdaddf-4c52-4539-98b1-abc98936f807","address_id":"541d8d63-31ae-4e61-9246-ac1ed2446e95"}},{"id":"dbb31603-acd6-44a9-8119-bf498319873f","type":"Feature","feature_type":"anchor","geometry":{"type":"Point","coordinates":[30.374435648197512,60.008979059958364]},"properties":{"unit_id":"5ff6b4d6-729f-4c29-97ee-da959402f2c1","address_id":"b03c7e69-9691-4e3d-ba2e-6933b1c4c649"}},{"id":"0c6709e4-eab5-4bfd-82e0-c18deaa310ab","type":"Feature","feature_type":"anchor","geometry":{"type":"Point","coordinates":[30.375407222517325,60.008815133570224]},"properties":{"unit_id":"b2210edb-5152-468a-896f-372dd71a65b2","address_id":"9db1d975-c7c3-4df9-8818-91fd8177eb3f"}},{"id":"d7666f8d-bbf6-486a-9f72-2ede73c10cdc","type":"Feature","feature_type":"anchor","geometry":{"type":"Point","coordinates":[30.37489138892548,60.008001601581142]},"properties":{"unit_id":"6168ce0b-16d3-4c80-81bd-9dc61a3741c2","address_id":"21adb1b3-348f-4902-886b-2d3742de2d32"}},{"id":"c4c71d66-18bc-4dbe-93cf-00db2b8ec6cd","type":"Feature","feature_type":"anchor","geometry":{"type":"Point","coordinates":[30.374439828035076,60.00835951609146]},"properties":{"unit_id":"57d896b7-eb33-4525-b219-0c6ea8d32e75","address_id":"1a7d6783-96aa-4283-ac20-afcab2e660f2"}},{"id":"d48f9d88-8c4a-4352-8b40-707bf2816dff","type":"Feature","feature_type":"anchor","geometry":{"type":"Point","coordinates":[30.372328163209733,60.008452303090621]},"properties":{"unit_id":"859875b4-19fb-4bd1-9de4-2d8b04c839d5","address_id":"f20463b3-5de0-4bcf-83d9-5702d320b433"}},{"id":"d841eb89-0e27-497f-b418-4c52f7ae8ff2","type":"Feature","feature_type":"anchor","geometry":{"type":"Point","coordinates":[30.372245481777181,60.008455053640212]},"properties":{"unit_id":"04ef7850-0c76-4d19-8028-f2448b96d807","address_id":"ef79839e-807e-4272-b0e3-c4cb51a3c6e9"}},{"id":"1ecaed05-39d9-43f3-9c77-7a517be2222c","type":"Feature","feature_type":"anchor","geometry":{"type":"Point","coordinates":[30.372722881613821,60.008489755794564]},"properties":{"unit_id":"e07cca64-801f-45c0-ba1e-cc07bd9a3df4","address_id":"b6584731-a604-4022-aa5d-9582649026e2"}},{"id":"8abe8c12-8bef-4cdc-a416-c90fb85e6324","type":"Feature","feature_type":"anchor","geometry":{"type":"Point","coordinates":[30.372761394687096,60.00854666214606]},"properties":{"unit_id":"eede293d-7fec-4d69-87cb-81465d8b3348","address_id":"ef1b221f-fbe4-42e0-a6cb-0827824759f3"}},{"id":"052885e1-a93b-4bb5-bc38-ef2d0ca9f10a","type":"Feature","feature_type":"anchor","geometry":{"type":"Point","coordinates":[30.372793033814503,60.0085935274272]},"properties":{"unit_id":"13aee18f-f09a-4b6e-abca-871427b63cba","address_id":"6fca344c-9216-4ccd-913c-89b9865fd1a9"}},{"id":"008854e4-5c4f-4ebd-85ab-b61101fbff2c","type":"Feature","feature_type":"anchor","geometry":{"type":"Point","coordinates":[30.372823796268129,60.008639164264913]},"properties":{"unit_id":"19089c6a-9a3e-403e-8728-e0a945cad9c2","address_id":"43f01144-9679-4c43-9f0f-6833b5b20c6b"}},{"id":"0b3a3fa6-d651-45d2-9284-9fd29ef188f6","type":"Feature","feature_type":"anchor","geometry":{"type":"Point","coordinates":[30.372863446167415,60.008697966525069]},"properties":{"unit_id":"f7e619bf-fa6a-4b23-adbb-911856eb11d7","address_id":"4561d874-58d0-4dc5-9ca2-9aa07c3ac1f7"}},{"id":"dc2b2ee2-10bf-496f-b6c2-a85b1469b03e","type":"Feature","feature_type":"anchor","geometry":{"type":"Point","coordinates":[30.372880544096336,60.008723221521379]},"properties":{"unit_id":"b687228e-039c-4358-8f0a-ffddf3ba3e8f","address_id":"2eb86a7f-6d8e-4c8d-aaa4-bc992411dbc6"}},{"id":"8cdc1b8c-3da2-4e41-9ae1-fdd0a3e7ecef","type":"Feature","feature_type":"anchor","geometry":{"type":"Point","coordinates":[30.372907547938432,60.008785650379245]},"properties":{"unit_id":"7ebe1102-9ece-418c-a71d-40e18c9cde16","address_id":"eea24d89-a6f7-4e21-80de-22fa3675089d"}},{"id":"58211014-367a-4321-bdea-7b647771fadd","type":"Feature","feature_type":"anchor","geometry":{"type":"Point","coordinates":[30.373807286371715,60.008968805913895]},"properties":{"unit_id":"9c58dd7e-d70d-44e3-8bf8-948845efb652","address_id":"58ae3149-c320-41d7-b8b8-07f5c3ed9914"}},{"id":"16017900-cec0-4150-8f0b-994829ac2bc7","type":"Feature","feature_type":"anchor","geometry":{"type":"Point","coordinates":[30.373256206442825,60.008977965996017]},"properties":{"unit_id":"cd474fd7-0d7f-4343-b5ab-8fb321b886cf","address_id":"d9b900d2-a2e4-42cf-a634-076b4515eef9"}},{"id":"960551d2-271c-4acc-bc4f-b25426b98811","type":"Feature","feature_type":"anchor","geometry":{"type":"Point","coordinates":[30.373230874401433,60.008938875916421]},"properties":{"unit_id":"b490da67-4990-42ae-875b-1dd7f3d0c22a","address_id":"fb205ebb-728a-41fb-9992-5a3e8cc3c084"}},{"id":"80f92394-7c91-4df5-b0da-55a977bff77c","type":"Feature","feature_type":"anchor","geometry":{"type":"Point","coordinates":[30.373203735056084,60.008900075657252]},"properties":{"unit_id":"1c9b2f1f-036a-42e1-8fe8-ce8957fd917e","address_id":"1a0c2e07-da11-4cff-971d-486c1ea5d190"}},{"id":"c8f89cdb-b404-4dc6-b309-ba54f6be70d0","type":"Feature","feature_type":"anchor","geometry":{"type":"Point","coordinates":[30.372770405577068,60.008377876325575]},"properties":{"unit_id":"614ae419-df3a-4b53-8161-2f2110bfe2e3","address_id":"77505d34-c424-4739-9038-71792fbedacc"}},{"id":"0986d25e-c667-4e8b-b63a-6c17882b369c","type":"Feature","feature_type":"anchor","geometry":{"type":"Point","coordinates":[30.372847558778243,60.008364858557862]},"properties":{"unit_id":"010c6ee4-824d-4285-8444-4dd4dc1dae83","address_id":"c6de88c0-2f27-4d0f-bf9d-ae98f6d9bd44"}},{"id":"8499da8c-0311-4b36-a1ad-5d430b2cb991","type":"Feature","feature_type":"anchor","geometry":{"type":"Point","coordinates":[30.372922173904303,60.00835226948287]},"properties":{"unit_id":"2ad98d22-9e5b-44db-969c-ad2660605a60","address_id":"998c6aa3-b486-4d59-aa72-77c2f7603f9c"}},{"id":"408a4d95-b2b0-4a42-b521-9adb2237dea4","type":"Feature","feature_type":"anchor","geometry":{"type":"Point","coordinates":[30.373094286258006,60.008323230353881]},"properties":{"unit_id":"443f6a14-c514-4950-9200-5ffe24fdc5f5","address_id":"8a62882e-dd8d-438a-bebf-7aec0c926943"}},{"id":"e45f2b76-ecb7-4995-80af-e94c687bc495","type":"Feature","feature_type":"anchor","geometry":{"type":"Point","coordinates":[30.37314657223282,60.008314408395591]},"properties":{"unit_id":"8465a935-c95b-42ce-b9eb-a8de23fbc861","address_id":"af6314b8-628b-4f33-89d3-b504c6a41842"}},{"id":"c4dade98-36c6-45f3-bffe-4b126ba990a5","type":"Feature","feature_type":"anchor","geometry":{"type":"Point","coordinates":[30.373299696580151,60.008288573758421]},"properties":{"unit_id":"14f3fb66-26ea-4457-9205-a241c9b835a5","address_id":"d815deee-16ec-4818-9500-bb38f78f9000"}},{"id":"dfa84ae8-4dba-4b79-aca8-136da5e737bd","type":"Feature","feature_type":"anchor","geometry":{"type":"Point","coordinates":[30.373388100831285,60.008273656788639]},"properties":{"unit_id":"83f0242b-c8fb-4bbd-baed-b55cd806d71e","address_id":"95af08bc-4e55-4e57-ac93-71b02374ca99"}},{"id":"b286d142-d252-4431-9e43-bb7fb02c186d","type":"Feature","feature_type":"anchor","geometry":{"type":"Point","coordinates":[30.373426467814607,60.008363953966821]},"properties":{"unit_id":"ec4272cb-b743-47f3-aa75-d215df2bb4a4","address_id":"071f75de-e6da-402b-9ac7-2e3ced2a7808"}},{"id":"20abc437-35eb-49cc-8266-14ba5945677d","type":"Feature","feature_type":"anchor","geometry":{"type":"Point","coordinates":[30.373321341079354,60.008381689550077]},"properties":{"unit_id":"72f18e5e-7a9c-4a75-8ab5-4d224d7d6068","address_id":"e8c2fa84-b9fc-4aa3-a047-c22cbabfd45e"}},{"id":"633ae81f-42f0-4964-9674-7798f706fd4a","type":"Feature","feature_type":"anchor","geometry":{"type":"Point","coordinates":[30.373216811878326,60.008399326330917]},"properties":{"unit_id":"8edaacd8-fdb3-4343-abde-0646ffc7eafa","address_id":"32dfc340-6b6b-4454-bfc2-413936befe21"}},{"id":"e1cbed33-efbc-4bae-bfe5-5d9af9e31e0e","type":"Feature","feature_type":"anchor","geometry":{"type":"Point","coordinates":[30.373244320273752,60.008742414440334]},"properties":{"unit_id":"80cb5d1d-5b8a-41a1-bc32-baf1387f22f6","address_id":"cae9a541-e43c-4d7c-b1e2-cc34c5edb178"}},{"id":"b7e1baf2-7ef2-4186-8b81-b901feeffd5c","type":"Feature","feature_type":"anchor","geometry":{"type":"Point","coordinates":[30.373109926281469,60.008691909387835]},"properties":{"unit_id":"5ee28110-966a-45d5-af11-0b118fbb18e7","address_id":"04e75e40-4a4c-456d-a129-1b9d7ae4feac"}},{"id":"bc36bd28-73f7-445f-b8e5-b4f7599ed68d","type":"Feature","feature_type":"anchor","geometry":{"type":"Point","coordinates":[30.373204494115377,60.00870191368174]},"properties":{"unit_id":"7255a969-1e8e-4300-9d0d-a9259d450230","address_id":"ad1e93bd-6cb2-4461-a1d7-0c0e7ade3c82"}},{"id":"0780cd23-2035-41e9-be6a-520a3d1a5476","type":"Feature","feature_type":"anchor","geometry":{"type":"Point","coordinates":[30.373302740022563,60.008690367521183]},"properties":{"unit_id":"8eb2bd35-1aeb-4d14-9c8a-7d4533738797","address_id":"8d753be1-3d5d-4e04-b3f0-f84571e20041"}},{"id":"1a445030-50ef-412e-a79d-cf7dec517ed0","type":"Feature","feature_type":"anchor","geometry":{"type":"Point","coordinates":[30.3733402999387,60.008742304659869]},"properties":{"unit_id":"3261c3ce-5d36-462e-a19f-021fd589ea43","address_id":"9fc7ce8d-b467-4a9f-a71a-3f2266a83329"}},{"id":"2e62a132-73ad-47b6-892d-4c239628881c","type":"Feature","feature_type":"anchor","geometry":{"type":"Point","coordinates":[30.373479817416374,60.008724103058526]},"properties":{"unit_id":"0d06562c-53fd-47d7-a66c-4854c9646e7d","address_id":"ee93a5d0-a170-490d-9746-c308b9022881"}},{"id":"528681a9-2edb-4c9c-a0d6-936e0e63e297","type":"Feature","feature_type":"anchor","geometry":{"type":"Point","coordinates":[30.373418205868642,60.008670356188851]},"properties":{"unit_id":"eacfadab-8d30-4a96-8b8a-e8b840dbd06b","address_id":"5496b703-3546-41be-b501-bdbd1a349715"}},{"id":"1458db1a-a8f9-4a76-91e8-aa0675801928","type":"Feature","feature_type":"anchor","geometry":{"type":"Point","coordinates":[30.373583346364036,60.00871301742702]},"properties":{"unit_id":"6441bd24-ef17-44a4-91e9-a2fb8761845a","address_id":"a3962ad5-99db-4a96-95d9-d09f96e8238d"}},{"id":"b52b3183-49b0-4315-93a5-bff9f02cb701","type":"Feature","feature_type":"anchor","geometry":{"type":"Point","coordinates":[30.372962065712162,60.008840951191424]},"properties":{"unit_id":"2c7eba96-ce47-4296-b57b-dd57f2648765","address_id":"f1184fb4-b99e-46a6-9589-42da9ca66ea0"}},{"id":"e4118a1c-fd6b-4183-b3f1-c8a5e35f9393","type":"Feature","feature_type":"anchor","geometry":{"type":"Point","coordinates":[30.37234759381419,60.00854795096874]},"properties":{"unit_id":"b7b7492b-80e5-45d6-b727-b6f20cd03e1d","address_id":"e6daa26b-3a6e-422a-b6c6-c413f5256c07"}},{"id":"72375815-8006-49ba-ba13-bc55d3e221d6","type":"Feature","feature_type":"anchor","geometry":{"type":"Point","coordinates":[30.372984815752719,60.008874438624922]},"properties":{"unit_id":"b43455ae-2212-4ccd-90b7-6f1e160095df","address_id":"27a3e5cb-e009-40d8-8f98-78d83d9d24f1"}},{"id":"a7b68772-2d9f-4591-b42c-004a57c38a06","type":"Feature","feature_type":"anchor","geometry":{"type":"Point","coordinates":[30.373047580546128,60.008967900773946]},"properties":{"unit_id":"11445680-2f5f-4a3e-9a54-4df9cac17851","address_id":"b09f3b53-31ee-4f71-81c9-3880d28784f5"}},{"id":"76c36d49-504d-43b5-b20b-1bb8e2c2d45c","type":"Feature","feature_type":"anchor","geometry":{"type":"Point","coordinates":[30.373136430523491,60.00909950724386]},"properties":{"unit_id":"569003ce-6ce0-468e-bbe7-12198555b215","address_id":"3849a5d3-97e6-4151-8c1c-04acbc1c00cb"}},{"id":"e89b8e40-f301-4149-82d5-90b5bc5dafd5","type":"Feature","feature_type":"anchor","geometry":{"type":"Point","coordinates":[30.373112802507091,60.009064578392838]},"properties":{"unit_id":"e868a448-53bd-48e4-8ae4-a974c9fed232","address_id":"61df31ae-4dd1-4a3c-83ac-9cddde176877"}},{"id":"317fe2f5-1655-46e5-a5a6-e2cd5926d2f1","type":"Feature","feature_type":"anchor","geometry":{"type":"Point","coordinates":[30.373081548324116,60.00901793212374]},"properties":{"unit_id":"535f0b59-e505-49f9-a455-6f33d66faffe","address_id":"d4256a9f-5c4c-4ffb-945e-947b49dc1b99"}},{"id":"8aafd1d2-c790-4cda-a196-3e05aee904ad","type":"Feature","feature_type":"anchor","geometry":{"type":"Point","coordinates":[30.373532127898596,60.008647969756126]},"properties":{"unit_id":"ef089837-9e66-4f93-ba3d-9d857dd2aa39","address_id":"871ebe5f-c740-4fbe-9843-99261568ef16"}},{"id":"d91f6c46-6315-473c-8f83-d8ab21acb804","type":"Feature","feature_type":"anchor","geometry":{"type":"Point","coordinates":[30.373662461140974,60.008628860270328]},"properties":{"unit_id":"9a998739-e534-402a-9802-c1660767bc1a","address_id":"d7cf449f-1e0a-49f1-b51b-9254de2fb09e"}},{"id":"96562e97-5649-4961-8ee2-52aaa822ba0c","type":"Feature","feature_type":"anchor","geometry":{"type":"Point","coordinates":[30.374296433063734,60.008551317935648]},"properties":{"unit_id":"8656d9bf-0d85-4ea4-a058-26e85d7ca010","address_id":"1be65a81-b9e7-4747-970b-0ac38f68e49c"}},{"id":"fcc1f42a-06be-4ead-a4b4-6c22564007d7","type":"Feature","feature_type":"anchor","geometry":{"type":"Point","coordinates":[30.374695399124242,60.0087326642882]},"properties":{"unit_id":"6a341c51-321b-429f-bc5f-3fae1c5ad005","address_id":"73cce165-6c5e-48ac-a72b-e5a46743f94d"}},{"id":"260e6847-0e75-4524-9bb7-53af59250829","type":"Feature","feature_type":"anchor","geometry":{"type":"Point","coordinates":[30.374663887283564,60.008694623709864]},"properties":{"unit_id":"3b72c6cc-5d39-48f3-918f-18cfcdc5568f","address_id":"fbcd7f81-c5f6-4e87-b9cf-33eddd43f351"}},{"id":"03fb5250-820a-475d-9d0e-95b62ee268ee","type":"Feature","feature_type":"anchor","geometry":{"type":"Point","coordinates":[30.374414740365779,60.008322778607258]},"properties":{"unit_id":"1a239bec-77b2-4b22-83de-2d9a5bd7d5b2","address_id":"e3c4ba98-7aeb-4322-84a2-2078211e4d23"}},{"id":"f9423678-3e1a-4b61-8658-0f15b0333dfc","type":"Feature","feature_type":"anchor","geometry":{"type":"Point","coordinates":[30.374389957694166,60.008286031791719]},"properties":{"unit_id":"06c0fee9-0412-4ee6-add9-3f55b44d5e16","address_id":"a9871ccc-dc8b-4b89-b61f-c99ac98042f6"}},{"id":"81333e6c-dfc0-4594-811f-dc9be3770b90","type":"Feature","feature_type":"anchor","geometry":{"type":"Point","coordinates":[30.375481973754304,60.008689099007889]},"properties":{"unit_id":"da32ea7b-ff8e-4918-888b-c2b42fd24c5e","address_id":"bbafb1ab-26db-44cf-b588-41ca175b7189"}},{"id":"f6796a22-c18c-4a78-b82d-a7fa071d4f78","type":"Feature","feature_type":"anchor","geometry":{"type":"Point","coordinates":[30.375301602506056,60.00881644160448]},"properties":{"unit_id":"9ef9d2c9-2611-40d9-90d0-6aa55a10c191","address_id":"f1d54e6f-9d53-4eae-adf8-924f2e685830"}},{"id":"cb633668-6cdf-4801-af9f-02ddb797a604","type":"Feature","feature_type":"anchor","geometry":{"type":"Point","coordinates":[30.374848800057389,60.00866502030928]},"properties":{"unit_id":"6e7eda5f-fd08-4053-a9d5-604544a9c7b8","address_id":"91c7f2c1-fdc1-4eba-a26c-473621f8dfcc"}},{"id":"04e0f5c6-1706-4cb5-9b1b-6e4d375eb5dc","type":"Feature","feature_type":"anchor","geometry":{"type":"Point","coordinates":[30.374547251281392,60.008238890412713]},"properties":{"unit_id":"27d39ade-41b3-47a1-b43c-5dc22eff53d1","address_id":"66aad119-4531-492e-904e-11f519968d2b"}},{"id":"9efdd738-4022-4f5e-8c7f-986d29c5a1c1","type":"Feature","feature_type":"anchor","geometry":{"type":"Point","coordinates":[30.373179146963963,60.009156310950623]},"properties":{"unit_id":"24ae6185-409c-49bf-8d1e-9ea7540ab823","address_id":"7293027e-a144-401b-b811-daf42ca320c8"}},{"id":"38bca56c-1eb6-480d-a593-e22efe9b9250","type":"Feature","feature_type":"anchor","geometry":{"type":"Point","coordinates":[30.373052227380764,60.008330326563232]},"properties":{"unit_id":"ca09555f-00ca-4b92-80d9-b07a1d6abfb2","address_id":"d085cfd6-324b-4ae5-a600-938ee2b5942a"}},{"id":"5ab9d121-718f-429d-ae57-adf28b8d9a58","type":"Feature","feature_type":"anchor","geometry":{"type":"Point","coordinates":[30.373864021640095,60.009008970744262]},"properties":{"unit_id":"6ce975cd-c628-4c90-be84-d9292457281f","address_id":"b87180f4-baeb-4e51-a52e-ef62dfb45a3a"}},{"id":"5305d7df-9e92-4584-af02-eed5babc24b9","type":"Feature","feature_type":"anchor","geometry":{"type":"Point","coordinates":[30.372647391254162,60.008398537009363]},"properties":{"unit_id":"a6dc047b-c452-4f30-919b-7ec027025f03","address_id":"757afda4-d9d8-4e99-97a4-9c5dc4051674"}},{"id":"60c96a64-834a-4064-b9d3-cded87e8fe46","type":"Feature","feature_type":"anchor","geometry":{"type":"Point","coordinates":[30.373777729517482,60.008220256276331]},"properties":{"unit_id":"2fb23c20-b0d1-4902-bca6-a29309526543","address_id":"585b16ba-ae3d-4e6c-9abf-ac0c8a935841"}},{"id":"aee9a32b-e527-4af1-90b5-b63272f6881a","type":"Feature","feature_type":"anchor","geometry":{"type":"Point","coordinates":[30.375084121619849,60.008034966334968]},"properties":{"unit_id":"8a6947c3-6c8d-4c6b-b239-d495060dec27","address_id":"2d5fc9dd-8174-4b0a-abb0-4c089ff0d233"}},{"id":"a9ba8a70-23f9-4ed8-bc6d-6437b947fb29","type":"Feature","feature_type":"anchor","geometry":{"type":"Point","coordinates":[30.375534056371741,60.0087212262614]},"properties":{"unit_id":"676e30b2-3e0e-4ab0-bb71-33c6f9e52367","address_id":"9960eaf2-b136-4f1f-9812-9c3022e8a1d7"}},{"id":"03d2b53f-ca33-4776-bec5-5f286a8af8e7","type":"Feature","feature_type":"anchor","geometry":{"type":"Point","coordinates":[30.37425731654956,60.008943277015319]},"properties":{"unit_id":"b5036d4e-4e7d-4a06-91a8-ab01514814ad","address_id":"b4c6700f-10ac-441f-bb17-0d924bdbb2e8"}},{"id":"871d9b83-7884-48be-9442-7a16a44250cb","type":"Feature","feature_type":"anchor","geometry":{"type":"Point","coordinates":[30.374640588279739,60.008660114220234]},"properties":{"unit_id":"128a0ca1-1d7f-4a1f-83b0-87139b922006","address_id":"6e2fa567-5bbc-44ce-8411-19813255f69e"}},{"id":"1199fd22-2eae-4fe7-b9b9-8fde3c4604a9","type":"Feature","feature_type":"anchor","geometry":{"type":"Point","coordinates":[30.373017025605886,60.008921516331256]},"properties":{"unit_id":"79f3ec70-616f-4419-8c96-1b11058cbbdc","address_id":"77e49f3a-7cc3-4e39-96e1-430ad5b312af"}},{"id":"6ae0d000-c615-493b-ba85-d1b957322d82","type":"Feature","feature_type":"anchor","geometry":{"type":"Point","coordinates":[30.372141981806674,60.00858892048992]},"properties":{"unit_id":"e5aeaf73-209f-4475-81d3-f27966ff76cf","address_id":"f81e112c-1e1f-419f-b2d9-9c1503f734d1"}},{"id":"c4e88785-a52a-4221-9e85-fa5a03b2731f","type":"Feature","feature_type":"anchor","geometry":{"type":"Point","coordinates":[30.372248497353112,60.008570892341723]},"properties":{"unit_id":"1dd72ed8-a48a-448b-a3e4-2a7b086af794","address_id":"5a92de6f-f0af-43ff-b46c-9984f8b1fd0a"}},{"id":"b9caf16f-2b6e-4c2f-bc24-5f517125efd5","type":"Feature","feature_type":"anchor","geometry":{"type":"Point","coordinates":[30.372108127154696,60.008489807940286]},"properties":{"unit_id":"a7af3034-17c6-4d50-8058-e45dcdb0eee7","address_id":"467eac85-a840-4dc0-919f-e3f4698505bd"}},{"id":"10490904-1ee2-4166-b755-03fda7f25657","type":"Feature","feature_type":"anchor","geometry":{"type":"Point","coordinates":[30.373023300105423,60.00833539732298]},"properties":{"unit_id":"9a319cf9-205f-4021-a00c-59f5edbd6b3b","address_id":"e9d48c10-8451-41b4-849f-1ce368e2055a"}},{"id":"9e31006b-7e34-4380-9237-e2d821a44e84","type":"Feature","feature_type":"anchor","geometry":{"type":"Point","coordinates":[30.372847224147595,60.008673937776571]},"properties":{"unit_id":"5b4255d9-3316-4cc1-b0d8-ca5e2a6df242","address_id":"c0cea9f6-c8e0-49fe-bb79-6c503d1d1132"}},{"id":"07c04e72-dc06-4c79-8448-1ad76c158cb8","type":"Feature","feature_type":"anchor","geometry":{"type":"Point","coordinates":[30.373987155777765,60.008269300150822]},"properties":{"unit_id":"4d59ba79-1aab-4a39-8bef-6f8b2da3da92","address_id":"5d423063-0a42-4d6f-adca-dd595cad8663"}},{"id":"7eaef859-89d6-49fa-ae36-065ab9717914","type":"Feature","feature_type":"anchor","geometry":{"type":"Point","coordinates":[30.374041643362744,60.008260011625559]},"properties":{"unit_id":"ceb94241-51b8-494a-bc90-aebe3b1e2aa5","address_id":"aa7a05b0-c0cd-47ca-82f6-eeb9fec72290"}},{"id":"00353309-476e-4579-9e8d-3e1eaf3e6588","type":"Feature","feature_type":"anchor","geometry":{"type":"Point","coordinates":[30.374690502919442,60.008050113294829]},"properties":{"unit_id":"b7c6e06e-9993-461b-b5e7-ec595c1a9c40","address_id":"02dca555-8071-4151-a86b-47d2bc80db39"}},{"id":"91659cc5-8801-445c-bc4d-0ad4d792d0da","type":"Feature","feature_type":"anchor","geometry":{"type":"Point","coordinates":[30.374768545561736,60.008036934149828]},"properties":{"unit_id":"af243296-f385-448d-947f-a982d55440d5","address_id":"8bd196d4-b46f-4451-817a-d843f0ccffbe"}},{"id":"2c0350be-e8d2-4768-be7f-50d437101dde","type":"Feature","feature_type":"anchor","geometry":{"type":"Point","coordinates":[30.374950483076539,60.00800615719605]},"properties":{"unit_id":"607bb943-aec8-45b6-a3ca-aa6ec9de2f16","address_id":"c3d8981e-1a13-4d7e-9527-d532807aca76"}},{"id":"633ecd45-8410-4907-bd20-4a5e57a5c8f7","type":"Feature","feature_type":"anchor","geometry":{"type":"Point","coordinates":[30.375017299431136,60.007994883839949]},"properties":{"unit_id":"657587fd-0b3f-447d-968b-97cdc208b9e5","address_id":"14ee5777-c1c2-48fe-942e-d0f79261555f"}},{"id":"cf75ca52-ca8d-4f87-8be7-3d14a5c94247","type":"Feature","feature_type":"anchor","geometry":{"type":"Point","coordinates":[30.374578715576604,60.008285016871305]},"properties":{"unit_id":"b03c0700-4369-4517-90e0-df7ed42e8b93","address_id":"1d43b296-c943-4659-981e-047c617688ff"}},{"id":"8ecf15da-1ba6-4917-a979-d1313e381b65","type":"Feature","feature_type":"anchor","geometry":{"type":"Point","coordinates":[30.37464987632757,60.008370849826818]},"properties":{"unit_id":"cfec3b79-00fa-4720-921a-49de82f5c497","address_id":"b20a4b61-8820-4e8f-b646-8667b7499c2c"}},{"id":"7a3eb154-d7fb-47b5-ad7b-41dcc8beb0d5","type":"Feature","feature_type":"anchor","geometry":{"type":"Point","coordinates":[30.374501583469883,60.008483460982617]},"properties":{"unit_id":"65225d27-5167-416c-b5b7-e9ac6015972a","address_id":"6d6e3c56-12be-45c6-80ab-32787b1ba750"}},{"id":"ad997551-ecf9-4e47-b405-8aa5b120a9e8","type":"Feature","feature_type":"anchor","geometry":{"type":"Point","coordinates":[30.3747140529136,60.008443020603281]},"properties":{"unit_id":"1fe0fc3b-4043-4570-8b4e-b08280f14b0d","address_id":"0084cfde-5b14-4036-9417-387bf74ba90b"}},{"id":"bf13a229-7651-4335-8877-218b543727aa","type":"Feature","feature_type":"anchor","geometry":{"type":"Point","coordinates":[30.374746174572827,60.008490640625119]},"properties":{"unit_id":"5093227f-5806-49da-97ca-607d1becc29c","address_id":"d72b300f-56d0-4644-8ae9-dd025d2abd70"}},{"id":"07b9d441-b8c7-474d-9160-957447ad4641","type":"Feature","feature_type":"anchor","geometry":{"type":"Point","coordinates":[30.374762794918372,60.008538003211768]},"properties":{"unit_id":"7783cd2d-9c2e-4f8e-9a8f-1fc602198b96","address_id":"25f2d3de-7c53-43fc-b9f0-053fb6fc161a"}},{"id":"8ff07251-d46e-4461-b6cd-cd4878dd21a3","type":"Feature","feature_type":"anchor","geometry":{"type":"Point","coordinates":[30.37480767818732,60.008604226631462]},"properties":{"unit_id":"4394c596-9a75-4931-9100-fbdb7307d7dd","address_id":"d990323f-5eeb-4275-98e2-d09040bbd192"}},{"id":"799909e0-2a15-4bc3-a5b2-19140950f877","type":"Feature","feature_type":"anchor","geometry":{"type":"Point","coordinates":[30.374878605678234,60.008709167426062]},"properties":{"unit_id":"6a90cc60-9618-4e1b-860b-309f553e042b","address_id":"efd19571-a620-4cc2-9610-0e84696c0e2c"}},{"id":"86f5116f-9c85-4c64-b2ac-a2016610c512","type":"Feature","feature_type":"anchor","geometry":{"type":"Point","coordinates":[30.374919290671667,60.008769284307306]},"properties":{"unit_id":"c5c60f28-098a-4498-8c25-d250eefb9791","address_id":"fba05346-a197-4e64-8bc1-beb2f1209f9f"}},{"id":"916c9d9e-85e2-48d8-9b10-3bf02eee27cf","type":"Feature","feature_type":"anchor","geometry":{"type":"Point","coordinates":[30.374623592752496,60.008930756004219]},"properties":{"unit_id":"d0ca1ea9-f1ff-4917-8e3c-d78acd8fc72f","address_id":"617ada39-8466-49b7-bb11-2c3a1b5bc8d2"}},{"id":"3cd22289-dc9f-49a1-9e60-a1c60029a464","type":"Feature","feature_type":"anchor","geometry":{"type":"Point","coordinates":[30.374998526885172,60.008867574601254]},"properties":{"unit_id":"087a7012-b010-4ce4-8896-30ceeae44350","address_id":"906e5425-24f3-4eb5-81a1-966fce883abd"}},{"id":"8ced4e52-495d-42c9-8252-c7ffdaa11695","type":"Feature","feature_type":"anchor","geometry":{"type":"Point","coordinates":[30.375048298867604,60.008859176944469]},"properties":{"unit_id":"d22c54b0-4f89-48c5-bd38-c5f7412c9aec","address_id":"3c7d950b-d2db-4a3f-be07-3a13c0c2d783"}},{"id":"1fc27912-5c36-4149-8868-6b6f5b7e0e12","type":"Feature","feature_type":"anchor","geometry":{"type":"Point","coordinates":[30.375196250462512,60.0088342139642]},"properties":{"unit_id":"27451935-3af6-4bfe-96cd-a0e38facc43a","address_id":"f0d15a3c-d39e-451d-96e4-5e197f155f00"}},{"id":"a5c85226-db24-4416-beb4-637f75d22bca","type":"Feature","feature_type":"anchor","geometry":{"type":"Point","coordinates":[30.375379483630681,60.0087045862872]},"properties":{"unit_id":"c9a7eb93-637f-4a52-83a3-d2b54a61a629","address_id":"a03e1db8-6896-407c-8d8a-c0c678e0d178"}},{"id":"6d1a8f45-777e-4378-bda4-eb6f84309835","type":"Feature","feature_type":"anchor","geometry":{"type":"Point","coordinates":[30.375326426569767,60.008713518025949]},"properties":{"unit_id":"7b415bb1-7ada-4290-8c8f-ed98bbed6ee8","address_id":"dc576f43-b3fb-4800-858f-b534c86f0849"}},{"id":"856c8010-ef95-4acd-9d50-b108adffbe95","type":"Feature","feature_type":"anchor","geometry":{"type":"Point","coordinates":[30.375420545161802,60.008687478099304]},"properties":{"unit_id":"1aa465d3-dd99-4445-bf70-2b2fa35e45b5","address_id":"9e8393ec-ea92-4c5f-bdf2-fd7962699033"}},{"id":"44e60b4e-c825-41a0-9cb0-9004670b2c09","type":"Feature","feature_type":"anchor","geometry":{"type":"Point","coordinates":[30.377584005510418,60.009196836958722]},"properties":{"unit_id":"05158e81-c23f-4529-9684-30b6d5493c5d","address_id":"8ff925ed-6136-4dd1-9373-e10ab2704158"}},{"id":"1416f8b6-9a6b-4737-8bcc-ebcd90222646","type":"Feature","feature_type":"anchor","geometry":{"type":"Point","coordinates":[30.378097641088175,60.009072988125475]},"properties":{"unit_id":"23372a31-0f82-43e0-a5a6-739eb2f157ee","address_id":"e15f0ff5-de01-4595-a611-038c04e59f7b"}},{"id":"2822b579-ed74-47ca-a76a-35e9d8bf6a51","type":"Feature","feature_type":"anchor","geometry":{"type":"Point","coordinates":[30.377631421016215,60.009084953098515]},"properties":{"unit_id":"91693460-97dc-410a-bba7-ab2f44ebd15a","address_id":"04a8aca2-a6cd-4c61-80e3-dca790975b6e"}},{"id":"2041eb26-bbf6-47a2-a7a7-74066c337596","type":"Feature","feature_type":"anchor","geometry":{"type":"Point","coordinates":[30.377927596480834,60.009125192579596]},"properties":{"unit_id":"ffcfa7a6-e141-4496-b5f3-6beddade7eeb","address_id":"081e83aa-f08a-40c0-9e32-6f95e98ce408"}},{"id":"a2b10a20-caba-4e49-8200-a2b0de5f4a6c","type":"Feature","feature_type":"anchor","geometry":{"type":"Point","coordinates":[30.377643816061191,60.00917584693353]},"properties":{"unit_id":"92a1115c-d92b-441c-99a1-2a26bab5a976","address_id":"343c08ce-1b25-45cc-a58b-c5223538c9be"}},{"id":"1c0e4713-e6b8-43c3-874e-8b432e9bffad","type":"Feature","feature_type":"anchor","geometry":{"type":"Point","coordinates":[30.378097045783363,60.009086551502108]},"properties":{"unit_id":"1d5d27e0-65da-4b34-aa7e-410d33ed6172","address_id":"fec71b73-ab9d-4f5c-bf0e-07db6db5711d"}},{"id":"f726ea90-bfe1-4066-a742-5e3ace6e617c","type":"Feature","feature_type":"anchor","geometry":{"type":"Point","coordinates":[30.377843196923273,60.00904715074379]},"properties":{"unit_id":"5f0bfe69-3189-4210-9c98-758459546fed","address_id":"fe1ea084-a953-4e79-a28d-23c47f4be392"}},{"id":"1e617315-9911-4ccb-ab9a-6e49a453e218","type":"Feature","feature_type":"anchor","geometry":{"type":"Point","coordinates":[30.377749704324213,60.009156946030622]},"properties":{"unit_id":"52d0b51f-408f-41ee-a26c-46afa26bcc7b","address_id":"ee6f00ca-a16d-457e-9ba5-ff8a664cc8fc"}},{"id":"862ff95d-d66f-47a6-b4af-077629708327","type":"Feature","feature_type":"anchor","geometry":{"type":"Point","coordinates":[30.378145376331435,60.009630634471968]},"properties":{"unit_id":"9b7d9525-fa0d-4d65-8fd1-0ff0ca467d20","address_id":"2d22c284-af6c-410d-b7c4-5319295a3311"}},{"id":"1251488e-82d5-4526-9365-8c31f8eadcc3","type":"Feature","feature_type":"anchor","geometry":{"type":"Point","coordinates":[30.378136594489572,60.009725308597353]},"properties":{"unit_id":"d83accf1-82c3-4dd3-8c56-8a99298223c9","address_id":"2cb0065f-2f21-42df-a526-4f1ea593e8ea"}},{"id":"aea02e6b-e72f-4eab-bd0c-555ab32a527f","type":"Feature","feature_type":"anchor","geometry":{"type":"Point","coordinates":[30.377890932057703,60.009769158757976]},"properties":{"unit_id":"e0aa76c5-9722-4a90-ac3f-03f4688ab163","address_id":"aac8eba9-75c4-42df-9392-52cf6c6ac573"}},{"id":"3e3d4ec6-10ab-41b7-9af4-8209cd6b1848","type":"Feature","feature_type":"anchor","geometry":{"type":"Point","coordinates":[30.377830432674877,60.0096844642259]},"properties":{"unit_id":"cac180c7-b2a4-46cd-9fb2-05ed5589407a","address_id":"6342c95e-7ea8-475b-a395-761333f2b334"}},{"id":"f882db21-d752-4b06-96f3-12c928201cae","type":"Feature","feature_type":"anchor","geometry":{"type":"Point","coordinates":[30.378544959177777,60.00969395584503]},"properties":{"unit_id":"07c0b451-74de-4cdc-94df-84357746bb86","address_id":"4aad1ae5-d309-41a9-8e0b-80ac9c746b70"}},{"id":"51e39969-4a4c-41cf-9933-693ebf517b19","type":"Feature","feature_type":"anchor","geometry":{"type":"Point","coordinates":[30.377497780427031,60.009187456766767]},"properties":{"unit_id":"c1110d3b-6dfd-4936-8426-a55cda3633e6","address_id":"098c1559-9597-4c6d-ba5b-c2961406b8d2"}},{"id":"8f55b11a-fb7f-408f-ae9a-8aa308e9724e","type":"Feature","feature_type":"anchor","geometry":{"type":"Point","coordinates":[30.377916659531568,60.009638037517725]},"properties":{"unit_id":"f58e4a49-220f-4396-ac5c-f3dd05ef6a3f","address_id":"627f0ed1-94b3-4cfe-bb0c-dec7fd1a38d4"}},{"id":"d88f60fe-e9b7-41af-930e-8102e8e10396","type":"Feature","feature_type":"anchor","geometry":{"type":"Point","coordinates":[30.377563338059371,60.009223635468388]},"properties":{"unit_id":"d7d01ca2-e145-46c8-a2c1-26b2f9660832","address_id":"c86b6fe9-4584-4afb-bc17-f6bb10d63d04"}},{"id":"e2501fc1-cd8c-4190-a3eb-ce86530ca419","type":"Feature","feature_type":"anchor","geometry":{"type":"Point","coordinates":[30.378097641088175,60.009072988125475]},"properties":{"unit_id":"5e94736c-f9e4-4813-9259-fc387392b9f5","address_id":"b7a955e7-299d-40b5-808f-9abdd519d1a4"}},{"id":"d01aee1a-4a8b-4e93-8dd8-30e3b99114cd","type":"Feature","feature_type":"anchor","geometry":{"type":"Point","coordinates":[30.377555181487676,60.00909856203404]},"properties":{"unit_id":"987248d7-9de1-41fc-9018-84e364f98b32","address_id":"07a93971-d4b9-4934-9998-7d5200cd077f"}},{"id":"37258e20-a9ce-4dba-8198-c93e9863d143","type":"Feature","feature_type":"anchor","geometry":{"type":"Point","coordinates":[30.377893712561274,60.009131240934394]},"properties":{"unit_id":"bdc20561-1a1b-4297-aadd-f5ea1529d95d","address_id":"454300c7-6bab-47ed-b634-ff1466b66ab9"}},{"id":"47096998-10fe-4924-b6b4-a14dd2684c71","type":"Feature","feature_type":"anchor","geometry":{"type":"Point","coordinates":[30.377648051900326,60.009175091095024]},"properties":{"unit_id":"633e90b6-b291-488c-9054-a633afb9578e","address_id":"ff274ba7-31ca-492b-9ca1-53ea1e6c49eb"}},{"id":"30f15b53-946f-443e-b05b-0b2a202ccedf","type":"Feature","feature_type":"anchor","geometry":{"type":"Point","coordinates":[30.377728838023913,60.009067563872627]},"properties":{"unit_id":"c3404130-8522-4236-94b4-9531799a8cd6","address_id":"7e918d16-238a-428a-8b4d-cd5e167ef46f"}},{"id":"d51c32cd-1973-42fa-a082-07929ba8c145","type":"Feature","feature_type":"anchor","geometry":{"type":"Point","coordinates":[30.377738815210225,60.00913501683354]},"properties":{"unit_id":"ab9f1813-f59b-4954-ae8e-0274b84a0f58","address_id":"a005098a-e5a4-4647-b666-6dbbdfa343c8"}},{"id":"cbd5d38c-87eb-449a-8c14-ffa9911029f1","type":"Feature","feature_type":"anchor","geometry":{"type":"Point","coordinates":[30.378009838561912,60.009654827891168]},"properties":{"unit_id":"39a33da4-2590-41f8-85d6-efb6b468a3c1","address_id":"cfc0a7d1-ff24-438a-bf65-40e1fe1d85cd"}},{"id":"db6f5198-c357-4ee7-9063-7c3c1f1029a2","type":"Feature","feature_type":"anchor","geometry":{"type":"Point","coordinates":[30.377996821199957,60.00975025785506]},"properties":{"unit_id":"e6cd6cc4-9379-4885-965c-387733102c27","address_id":"06aeab96-9107-4dcc-85f5-c9cf4942bb0e"}},{"id":"c1f0fdf0-6e28-4bc0-b8cf-58e9a9ef8eb7","type":"Feature","feature_type":"anchor","geometry":{"type":"Point","coordinates":[30.377862194968809,60.009728929157134]},"properties":{"unit_id":"e83e2b01-3ee2-48eb-9472-07380a37b49c","address_id":"191e84a0-43e1-4d9b-bc09-2985aeaf3c79"}},{"id":"04eccc90-6518-4d53-9e23-1656d0294489","type":"Feature","feature_type":"anchor","geometry":{"type":"Point","coordinates":[30.377508279589154,60.009200040352731]},"properties":{"unit_id":"4e7795d3-81ce-499f-afcb-5ca9cf67bdde","address_id":"cefd4ce9-84d0-4f39-8d10-98cbdb6d12a8"}},{"id":"97bcd487-1c60-4ae5-b2dd-a1b29c767be4","type":"Feature","feature_type":"anchor","geometry":{"type":"Point","coordinates":[30.378136594489572,60.009725308597353]},"properties":{"unit_id":"21c2a5cf-1876-4bed-a4e4-9bbeb81a5f9d","address_id":"b7f60dca-30ae-41dd-b81d-d4db703971c6"}},{"id":"a2f91cd2-fcab-408c-bb66-a52e33d2f128","type":"Feature","feature_type":"anchor","geometry":{"type":"Point","coordinates":[30.378149611919433,60.00962987808456]},"properties":{"unit_id":"d32caa66-975c-4136-a1ec-c9f06faafa76","address_id":"c50e5e20-562e-4106-8007-909b5a9d0248"}},{"id":"65620e9b-7873-4f05-ab32-d1075cbcc1c2","type":"Feature","feature_type":"anchor","geometry":{"type":"Point","coordinates":[30.378289385171531,60.009604928826846]},"properties":{"unit_id":"cead290b-5f3f-4e52-a4e4-7706d7cbce0f","address_id":"70ef1518-a436-4a99-9036-8dd7f5b49eab"}},{"id":"7bc0d4ce-1250-4292-9eee-291619ed5bec","type":"Feature","feature_type":"anchor","geometry":{"type":"Point","coordinates":[30.378429158043676,60.009579979569132]},"properties":{"unit_id":"50d75a2a-ff31-4b86-b80b-bf9cccc9708b","address_id":"e03f3dbb-3878-4a60-a1ca-a1b9b7ebafa4"}},{"id":"04863acc-f6ea-4d76-97fe-fb166519eb6f","type":"Feature","feature_type":"anchor","geometry":{"type":"Point","coordinates":[30.378276367948221,60.009700358790738]},"properties":{"unit_id":"81632f0e-68eb-443d-bd18-2fbd17e2e0c4","address_id":"93618a0f-7712-4ff7-b0d0-3adb309bb051"}},{"id":"d30453ea-3bfe-4110-a4d6-58d338dbee3e","type":"Feature","feature_type":"anchor","geometry":{"type":"Point","coordinates":[30.378416141301447,60.009675409533024]},"properties":{"unit_id":"0d158b1d-a20b-4f48-83f7-7fb102a4a1d1","address_id":"b251ca6e-3cf7-4057-a2a2-2cf380a079a8"}},{"id":"186fbbb6-de1a-46c2-ba2e-c46b16129059","type":"Feature","feature_type":"anchor","geometry":{"type":"Point","coordinates":[30.378555914549224,60.00965046027531]},"properties":{"unit_id":"8c860036-ffa3-409a-8514-5eccdb0b07c3","address_id":"fd333722-a29b-4a5a-aeb3-bdc6f2816150"}},{"id":"1db69fb6-7100-42c0-b58f-5b85c947f7a5","type":"Feature","feature_type":"anchor","geometry":{"type":"Point","coordinates":[30.378530811150046,60.00956183450473]},"properties":{"unit_id":"69e24f87-b21f-4e48-8da9-1ffc98e0d47b","address_id":"46e0acc7-82b0-43e0-a51a-6bed7a367d8b"}},{"id":"63f41a7d-78d7-4128-b740-18d4be47f8c7","type":"Feature","feature_type":"anchor","geometry":{"type":"Point","coordinates":[30.378465167042044,60.009489994167474]},"properties":{"unit_id":"73f5ebef-14bd-4ea0-8762-63736267d1b8","address_id":"4dc739d9-c8a1-475d-95c9-fc40b4d2901c"}},{"id":"89f30dbf-e06c-4eb6-a1b4-daa570481003","type":"Feature","feature_type":"anchor","geometry":{"type":"Point","coordinates":[30.378407692168729,60.009409534416896]},"properties":{"unit_id":"7f23d695-5b19-4cb5-8a48-338a7cb854e8","address_id":"d72aa56d-64a4-4790-8638-1dbe682a028b"}},{"id":"43dbc4d9-62c0-47d5-957c-d5238fee18bb","type":"Feature","feature_type":"anchor","geometry":{"type":"Point","coordinates":[30.378357780029408,60.009339660796691]},"properties":{"unit_id":"ee67a61a-997b-46a4-9fa6-0b90710631e7","address_id":"350cd471-cbba-4bd7-aa95-173ffa4b5752"}},{"id":"3eeabd65-dc4a-4cf6-a51a-b35c04d08ab0","type":"Feature","feature_type":"anchor","geometry":{"type":"Point","coordinates":[30.378307867721066,60.009269787725394]},"properties":{"unit_id":"84f1c846-5006-491d-82af-1d943da2f103","address_id":"b918688a-549f-4134-bb36-735ca7d7005a"}},{"id":"3e954fd8-c137-41e0-805b-ceb852ce599d","type":"Feature","feature_type":"anchor","geometry":{"type":"Point","coordinates":[30.378270055677714,60.009216853780075]},"properties":{"unit_id":"2cedf26f-fe8e-4fd6-b2f6-5ebd7b8988af","address_id":"4808fca8-e2e3-4752-a7db-128f29e71430"}},{"id":"0b1905de-020e-4a12-b364-4acfa8758a0e","type":"Feature","feature_type":"anchor","geometry":{"type":"Point","coordinates":[30.378226193486746,60.009155449722861]},"properties":{"unit_id":"ff6d1271-798f-4ecf-b603-01f3f2b7da32","address_id":"5978fbd0-0b42-47a0-b106-6ce4dab74440"}},{"id":"fb8c16af-5099-44b0-8844-c11b2ac578b2","type":"Feature","feature_type":"anchor","geometry":{"type":"Point","coordinates":[30.378599197053603,60.009396836659242]},"properties":{"unit_id":"bab31e71-10f1-452e-8ad3-28b3a0ff5a3f","address_id":"8c8a34f8-6402-441c-b4cf-670dcd11d868"}},{"id":"ef829609-1636-4f84-ba12-f3e46616e831","type":"Feature","feature_type":"anchor","geometry":{"type":"Point","coordinates":[30.378561384429958,60.009343902713915]},"properties":{"unit_id":"26176f5b-177a-442a-ab32-c2737f94190f","address_id":"e7ed774f-9857-43d0-b2a5-7aeabb972e6a"}},{"id":"75dbfc4a-ef5f-4375-ade0-1c1d6b7b57cd","type":"Feature","feature_type":"anchor","geometry":{"type":"Point","coordinates":[30.378511472177802,60.009274029093717]},"properties":{"unit_id":"5d2e2d1e-b177-43fe-ba9c-25a9f4fe7315","address_id":"3efbba0a-43c1-419e-9df4-1fb01251c859"}},{"id":"d1c41f1b-b84d-492e-acbc-0f77c6d80461","type":"Feature","feature_type":"anchor","geometry":{"type":"Point","coordinates":[30.378461560031134,60.00920415602242]},"properties":{"unit_id":"34542eb2-dff1-45b2-b006-9ec9d89aeb82","address_id":"f4521eab-9ed0-4bfb-b288-307ee5f89c76"}},{"id":"a9c10cf7-4f03-4782-af41-13e0b22274ce","type":"Feature","feature_type":"anchor","geometry":{"type":"Point","coordinates":[30.378404085136061,60.009123695722934]},"properties":{"unit_id":"888791d9-f751-4ed7-abf0-ed7e06274ab2","address_id":"8577722e-ce16-41f4-988e-e0880ab4a417"}},{"id":"f8a5204a-d27b-40bb-824b-4d1873ef5611","type":"Feature","feature_type":"anchor","geometry":{"type":"Point","coordinates":[30.378520568736572,60.009019346096146]},"properties":{"unit_id":"1229a8da-9ad7-49f8-bb08-a6d0f5dcc7dd","address_id":"93d7411c-c862-4376-8631-51c11a78de0f"}},{"id":"f1fb9874-7f06-4e89-acc0-f5deca8c0b55","type":"Feature","feature_type":"anchor","geometry":{"type":"Point","coordinates":[30.378664575550896,60.008993639902116]},"properties":{"unit_id":"b8f8143f-d919-495b-9b28-7fdaae0b5b4f","address_id":"92a8f347-72da-4f6c-8ebe-2a4daa4fd49a"}},{"id":"a313389a-fed0-4ecd-9065-dafd2e8c683b","type":"Feature","feature_type":"anchor","geometry":{"type":"Point","coordinates":[30.37880434753875,60.0089686906444]},"properties":{"unit_id":"3a2b6d5f-5587-4a81-b237-96fd5dcb699b","address_id":"4cdc3b3a-4312-4840-bd39-6334c4d6c9f8"}},{"id":"dbebb272-f70d-4e44-aa0f-c841fe038113","type":"Feature","feature_type":"anchor","geometry":{"type":"Point","coordinates":[30.378976792618968,60.008942684200804]},"properties":{"unit_id":"418dd395-8982-4371-9149-bb4430f1ab60","address_id":"ae21d7f7-cf17-4034-8237-13212473e3f4"}},{"id":"0a48d841-8e20-4fb1-994e-39931f391a40","type":"Feature","feature_type":"anchor","geometry":{"type":"Point","coordinates":[30.37846158158176,60.008936768131463]},"properties":{"unit_id":"2f6a2334-930b-404c-8d06-a5a65acc2f71","address_id":"0c40ee77-19b0-44e6-884e-792cd95d086a"}},{"id":"94a17d6e-842d-42e9-99e8-a6b4a7d482c3","type":"Feature","feature_type":"anchor","geometry":{"type":"Point","coordinates":[30.378601352977,60.008911818873749]},"properties":{"unit_id":"470ed6b5-217a-43cd-bdc3-73af694e1c60","address_id":"40d4293c-406d-4a69-9ebc-8167c3ef0c71"}},{"id":"658df424-d52c-4274-8d9f-895ad2bc1c13","type":"Feature","feature_type":"anchor","geometry":{"type":"Point","coordinates":[30.378741124541268,60.008886869067133]},"properties":{"unit_id":"f2326cf8-dbc2-429e-86ab-660e9ba947ab","address_id":"4494cf64-3460-4cbb-89b9-b9d68f387773"}},{"id":"ea86801c-b180-48ce-b3d2-293be06cc92f","type":"Feature","feature_type":"anchor","geometry":{"type":"Point","coordinates":[30.378919015495562,60.008855115616115]},"properties":{"unit_id":"fab7dbcc-63d4-4984-87b6-a92166892de4","address_id":"aaa8bbc3-d61e-4a79-ad10-d724bec18978"}},{"id":"8f0444e2-063a-4023-b3ae-96a5b7bf2923","type":"Feature","feature_type":"anchor","geometry":{"type":"Point","coordinates":[30.379087524246444,60.008870396508144]},"properties":{"unit_id":"f1640dbf-7fd6-482a-b972-ab1a85ec93a7","address_id":"57e29ee5-a599-4a45-b121-4ba05d9356aa"}},{"id":"0fec17f5-50e9-4510-bb81-b788c328d247","type":"Feature","feature_type":"anchor","geometry":{"type":"Point","coordinates":[30.377449293262536,60.009117462936956]},"properties":{"unit_id":"81eac52d-c35d-49f7-aac2-5a54fbf14a75","address_id":"1f29fc38-1ad6-40f9-87b6-4ea34c9f2a37"}},{"id":"7e1ac25c-9a96-44fc-aeec-29154e7da953","type":"Feature","feature_type":"anchor","geometry":{"type":"Point","coordinates":[30.378041955692971,60.009104778901857]},"properties":{"unit_id":"1faf6684-77f3-436d-8fdd-60ac51809ee1","address_id":"9c002f5c-40d8-4a49-ade0-e046ab650fb8"}},{"id":"ece4b437-542c-44eb-a0fe-9954523313f5","type":"Feature","feature_type":"anchor","geometry":{"type":"Point","coordinates":[30.378181727601529,60.009079829644143]},"properties":{"unit_id":"4f87131b-5dd3-43fb-ab39-0237a5b5b3c3","address_id":"4fb9f2d2-d071-45a1-bc9d-a79618ae8c33"}},{"id":"fd021b62-1141-447c-857b-0b6fb2391a22","type":"Feature","feature_type":"anchor","geometry":{"type":"Point","coordinates":[30.377902494122896,60.009036566260114]},"properties":{"unit_id":"c6d6bf54-d29b-41e1-bf6e-9bfd5bdd5dca","address_id":"3de5c109-4513-4632-a88c-6451110cbd31"}},{"id":"57300e4a-89c9-4271-9bce-5a104165d1ea","type":"Feature","feature_type":"anchor","geometry":{"type":"Point","coordinates":[30.378008382089025,60.009017665357206]},"properties":{"unit_id":"d6a15aaf-d6e8-45ce-b7e2-bf0ddd0abc2a","address_id":"d25b41e6-f98b-412f-bb97-0c9919930cb0"}},{"id":"f5123830-a4cd-4047-9241-18e0605098e2","type":"Feature","feature_type":"anchor","geometry":{"type":"Point","coordinates":[30.378076150059115,60.0090055686476]},"properties":{"unit_id":"1a0c5983-1355-404d-a6dd-565bb1ef7b4b","address_id":"dfbacc49-b434-4286-868e-b80d2944da97"}},{"id":"36a00639-a8c2-4a1c-a3cc-a636ff402849","type":"Feature","feature_type":"anchor","geometry":{"type":"Point","coordinates":[30.378160253919638,60.009009654676568]},"properties":{"unit_id":"808e7535-67fb-4771-91c4-6ca57606aeb4","address_id":"e10cce5b-f27d-4690-995f-5bed4aaeb94a"}},{"id":"c6963ca8-0f45-4565-9190-4e994f773d31","type":"Feature","feature_type":"anchor","geometry":{"type":"Point","coordinates":[30.377788015708507,60.00915011384329]},"properties":{"unit_id":"81590d74-22ad-46c5-bbe4-a8e68fb9ea77","address_id":"69e3417b-8686-4374-9ef9-777f8ffb2c83"}},{"id":"284f02f6-54a9-4199-88fd-b52ab1645264","type":"Feature","feature_type":"anchor","geometry":{"type":"Point","coordinates":[30.378674826533217,60.009452570555361]},"properties":{"unit_id":"e49b2137-112a-42fa-8adb-03b558c4bce9","address_id":"2a1518af-f84b-429a-a2fc-21d141e2a716"}},{"id":"454f25e7-dbe9-44f0-9cd0-ba3229fb39c0","type":"Feature","feature_type":"anchor","geometry":{"type":"Point","coordinates":[30.378661773471027,60.009505304151332]},"properties":{"unit_id":"86a890af-3928-486a-a549-e6e6e58c30cf","address_id":"29a1782e-ee47-4d2e-9dc2-c47b0e086e83"}},{"id":"b1df8390-35d7-4384-a7f2-50a023a5272b","type":"Feature","feature_type":"anchor","geometry":{"type":"Point","coordinates":[30.378611293237736,60.009463911426451]},"properties":{"unit_id":"acd84174-941a-4a83-ae74-c8aaf17c8e0f","address_id":"f0d75bd7-b3f8-4616-8db2-2f059c2fd6ee"}},{"id":"a1f95851-3bc2-4e55-a767-f5c750cdc6b6","type":"Feature","feature_type":"anchor","geometry":{"type":"Point","coordinates":[30.377718570880489,60.009162508057955]},"properties":{"unit_id":"64dba306-8daa-4f48-8c77-2131717455d6","address_id":"4a30da11-64e7-40bf-8c02-d932f06cc71e"}},{"id":"88f5170e-cfd5-428c-8fee-132dc3c52793","type":"Feature","feature_type":"anchor","geometry":{"type":"Point","coordinates":[30.377916659531568,60.009638037517725]},"properties":{"unit_id":"325b7df4-1d61-4d81-b052-bbb7bf873897","address_id":"429ddcd9-2ab6-46ba-b7b8-adc871c21634"}},{"id":"f989e60e-5a6f-4cdd-b273-5051d105f4de","type":"Feature","feature_type":"anchor","geometry":{"type":"Point","coordinates":[30.379037297459728,60.008960531760138]},"properties":{"unit_id":"bd26edc9-47c9-46c9-93f5-f576dff0dc0e","address_id":"b2e60688-20fc-4ed2-9616-8e93b7eb4c9d"}},{"id":"b1630ca3-65c1-4058-ba53-a215076044da","type":"Feature","feature_type":"anchor","geometry":{"type":"Point","coordinates":[30.378097641088175,60.009072988125475]},"properties":{"unit_id":"eb61ae8a-7f36-4cbf-bd81-f3eef866fcc2","address_id":"5cfcd40e-bff3-4476-ba5d-84267d652225"}},{"id":"48ef8a52-be7a-4bf7-afef-2cd87e9e0643","type":"Feature","feature_type":"anchor","geometry":{"type":"Point","coordinates":[30.3776610696523,60.009079661131132]},"properties":{"unit_id":"a2683ec8-2c9f-4cf7-8217-67fecd013b14","address_id":"2f0cfe82-e700-41a0-aa2e-f62704fb5cf1"}},{"id":"1fd5cc76-3dc4-43c9-9e52-81febb372d9b","type":"Feature","feature_type":"anchor","geometry":{"type":"Point","coordinates":[30.377893712561274,60.009131240934394]},"properties":{"unit_id":"e3de047d-bdf4-4f6d-9242-0be3c4578ef7","address_id":"e24658c7-8c1f-451e-9fd0-0bc9b3a53ebb"}},{"id":"ee9c16e6-54cd-4d17-ae28-95eb52c19236","type":"Feature","feature_type":"anchor","geometry":{"type":"Point","coordinates":[30.377648051900326,60.009175091095024]},"properties":{"unit_id":"ae47350e-9a3e-44b8-b748-ee3e268ca0c4","address_id":"2742f6ae-156a-40ec-9bb1-0fdabf66f178"}},{"id":"bb64d08b-ba2d-4feb-aee5-8bdab2ddf99f","type":"Feature","feature_type":"anchor","geometry":{"type":"Point","coordinates":[30.377762721925929,60.009061515517828]},"properties":{"unit_id":"c45257db-4556-494f-a496-a83b6b5f7f08","address_id":"b7d938a3-253f-4fc3-b782-7339c0d11992"}},{"id":"e9fd58e2-4d01-4d09-a651-271416388271","type":"Feature","feature_type":"anchor","geometry":{"type":"Point","coordinates":[30.378077608008081,60.009642731181572]},"properties":{"unit_id":"1c8f5505-ddea-4a6e-958a-e010c3aa6028","address_id":"13a26153-bd15-4146-9b94-4a548d3fc36e"}},{"id":"88b594f1-3970-45f0-b2e5-319e041c1bce","type":"Feature","feature_type":"anchor","geometry":{"type":"Point","coordinates":[30.377927255556784,60.009762866690536]},"properties":{"unit_id":"60289994-6cc8-4f04-abba-34d48516351e","address_id":"431327b8-bc49-4dd6-ab50-bd462b27bf08"}},{"id":"6dede9b9-4d46-41cc-b7fa-c18123c8c307","type":"Feature","feature_type":"anchor","geometry":{"type":"Point","coordinates":[30.377830432674877,60.0096844642259]},"properties":{"unit_id":"9c2c60f7-e2c8-4873-b38b-4361a381e0ca","address_id":"51cb1dac-dd2a-4016-9a97-c7daf47607f8"}},{"id":"5f9e9af1-8a14-4645-babc-6e414b956946","type":"Feature","feature_type":"anchor","geometry":{"type":"Point","coordinates":[30.377449293262536,60.009117462936956]},"properties":{"unit_id":"a754f987-8a4f-4a7f-a44f-0ebe3dc42c62","address_id":"e58d6d40-4b50-4ee7-b13a-e060482df704"}},{"id":"46d5a71a-dca3-4d5f-8ba1-653b8422848d","type":"Feature","feature_type":"anchor","geometry":{"type":"Point","coordinates":[30.378204363710264,60.00971321188775]},"properties":{"unit_id":"fc356a84-d1b8-44ca-b392-82bcb3603f2b","address_id":"7c843303-7222-437b-93a8-e592aef06415"}},{"id":"e8bc2194-4255-4ce7-882d-d430a159fd0f","type":"Feature","feature_type":"anchor","geometry":{"type":"Point","coordinates":[30.378183496620078,60.009623830278656]},"properties":{"unit_id":"ad88879d-c5a5-40b0-8dcb-f6b1809bd648","address_id":"31bcf917-2dda-401e-af09-786147120ad0"}},{"id":"7c5ce480-9307-402c-9549-21ff29a223fa","type":"Feature","feature_type":"anchor","geometry":{"type":"Point","coordinates":[30.378285149586731,60.009605685214261]},"properties":{"unit_id":"15fbda94-0003-4ed1-a86f-a2e1cdb34748","address_id":"918b5732-9de3-49ac-a1b1-a21699146825"}},{"id":"ecfc06c8-7a62-40a5-af66-781ec3d5c958","type":"Feature","feature_type":"anchor","geometry":{"type":"Point","coordinates":[30.378458807112313,60.009574687052847]},"properties":{"unit_id":"3b5445a8-81ee-48e6-9950-148f12a62300","address_id":"01c59f13-447e-42a8-8a3b-7a75fb448ef3"}},{"id":"7b091036-627a-42e8-8358-feb283b05b91","type":"Feature","feature_type":"anchor","geometry":{"type":"Point","coordinates":[30.378416141301447,60.009675409533024]},"properties":{"unit_id":"e1660f77-a8e9-49cc-a461-bdc157b1f668","address_id":"58dc720e-613e-48bf-b51c-9324b719d23c"}},{"id":"56b8fe4e-9624-436d-9658-68b657844a86","type":"Feature","feature_type":"anchor","geometry":{"type":"Point","coordinates":[30.378627918925087,60.0096376077272]},"properties":{"unit_id":"db151882-b013-4cf2-a85c-762c3d172dea","address_id":"16aa9c00-e609-423d-aaf9-8dee7ecb6ea7"}},{"id":"072efa75-61a7-4abf-8463-22f66cbc0fb9","type":"Feature","feature_type":"anchor","geometry":{"type":"Point","coordinates":[30.378465167042044,60.009489994167474]},"properties":{"unit_id":"f8bdc363-ef55-448a-83b7-fd0adfcd884e","address_id":"7a24fa25-a7e7-4418-9955-964f72829593"}},{"id":"26775457-23e7-4aaa-9d1c-e45396e1d213","type":"Feature","feature_type":"anchor","geometry":{"type":"Point","coordinates":[30.378383492263907,60.009375656713843]},"properties":{"unit_id":"81eb607d-e4d9-406d-aaac-d5fe556a3b15","address_id":"becd5005-7629-4b75-8af7-03fcffa79a47"}},{"id":"9655b6ed-d5e2-42e3-bea2-ea4281ce0e2c","type":"Feature","feature_type":"anchor","geometry":{"type":"Point","coordinates":[30.378319967631658,60.009286726851371]},"properties":{"unit_id":"1ce0dd93-13fb-4ee8-ae10-ae5b3b4f1284","address_id":"e60a11cf-7148-4856-a424-b64ede732d0d"}},{"id":"02deaf85-52c2-4e3b-acad-e50eb779eada","type":"Feature","feature_type":"anchor","geometry":{"type":"Point","coordinates":[30.378226193486746,60.009155449722861]},"properties":{"unit_id":"4c369b4f-574b-45b5-b6b5-9b155e6f201a","address_id":"6f2eaa1f-f076-41b0-82a6-d75c6b868526"}},{"id":"d01a6191-7d96-46ac-979a-60b8eea525ed","type":"Feature","feature_type":"anchor","geometry":{"type":"Point","coordinates":[30.378561384429958,60.009343902713915]},"properties":{"unit_id":"404bea5d-2d35-4977-8f90-80fee3687ae4","address_id":"dc5416a8-fdbb-4b27-a6ba-1007f6581a33"}},{"id":"108c0dce-14c7-469f-9368-423d807af0a6","type":"Feature","feature_type":"anchor","geometry":{"type":"Point","coordinates":[30.378485759913218,60.009238034274375]},"properties":{"unit_id":"be10da20-8ba8-412d-9f2a-25c13fbe76df","address_id":"7f193194-9781-4afa-94cb-cd44583e15a8"}},{"id":"00d68b44-5a6b-496b-b00d-d60409de221d","type":"Feature","feature_type":"anchor","geometry":{"type":"Point","coordinates":[30.378435847271838,60.00916816065417]},"properties":{"unit_id":"dd4361d9-9d25-4fad-8ea4-d4b3ae4bd4bf","address_id":"f2217129-513a-486d-a635-b20599ec01b1"}},{"id":"8103a037-e2c6-473b-a3d5-916c78c5aa14","type":"Feature","feature_type":"anchor","geometry":{"type":"Point","coordinates":[30.378391985233755,60.009106756596964]},"properties":{"unit_id":"e0d230de-8812-4ef4-b870-4cf7a756625c","address_id":"492e75b8-aee0-4ace-8675-31c831986978"}},{"id":"28f2b696-aa8d-4855-bb3c-6b66aad13b7e","type":"Feature","feature_type":"anchor","geometry":{"type":"Point","coordinates":[30.378592572157729,60.009006492999134]},"properties":{"unit_id":"94075172-f5c7-463d-8e72-a726a689a59c","address_id":"4b58b818-1bde-4f35-bbb5-421a85d037c1"}},{"id":"4126dad3-384a-4291-9a70-e2e7b891b838","type":"Feature","feature_type":"anchor","geometry":{"type":"Point","coordinates":[30.3787323439254,60.00898154374142]},"properties":{"unit_id":"24d09543-4fcd-4c61-8866-c1ca95cc0d37","address_id":"a8a6ef75-8674-4b03-9dbb-8cd972a5b349"}},{"id":"e092f67d-288b-4bae-a5b7-9ba14190038f","type":"Feature","feature_type":"anchor","geometry":{"type":"Point","coordinates":[30.37883823129177,60.0089626422896]},"properties":{"unit_id":"0c831516-1220-4443-9793-d2f281157d51","address_id":"d2509d48-7542-404c-983d-be3d8d0149c9"}},{"id":"86100297-e420-4902-8160-04fb8c53671b","type":"Feature","feature_type":"anchor","geometry":{"type":"Point","coordinates":[30.378978587057574,60.008942896626]},"properties":{"unit_id":"c1175c87-63c5-496b-a49b-f57bb68dbd16","address_id":"3eb90a0c-1c19-489a-943e-da244352e46a"}},{"id":"d91f3025-0acf-4297-b330-3693f1fd770a","type":"Feature","feature_type":"anchor","geometry":{"type":"Point","coordinates":[30.378499701163474,60.008929963938151]},"properties":{"unit_id":"3724fc2e-dd6b-4790-bde0-73993ce35bb0","address_id":"c6f6cbfd-47c9-406b-820d-1beba4ba145b"}},{"id":"cad2cad4-907b-4222-86b8-6a21694bfa68","type":"Feature","feature_type":"anchor","geometry":{"type":"Point","coordinates":[30.378673356539935,60.008898966325638]},"properties":{"unit_id":"cc182fa4-c8ad-4df6-9e96-7b366e997d5e","address_id":"440f8d9c-cc02-44e0-a8a0-28f91f18bdbb"}},{"id":"f70d0734-fc7e-4b3a-84ae-491b00947428","type":"Feature","feature_type":"anchor","geometry":{"type":"Point","coordinates":[30.378813128049881,60.008874016519023]},"properties":{"unit_id":"784facb8-445f-44ea-b155-9a603b7eb440","address_id":"761c5d4c-37ab-4b34-85cc-af56f291a27a"}},{"id":"f8cbb506-74dd-47df-96b5-50f2a7c1290a","type":"Feature","feature_type":"anchor","geometry":{"type":"Point","coordinates":[30.378952899454415,60.008849067261316]},"properties":{"unit_id":"d73c4302-af4e-4b1f-998e-7aa64d076ece","address_id":"7bf440ab-09cd-4599-bc19-7a61d31b7c91"}},{"id":"03414f15-fdb0-4db6-a34d-4db8d9907f58","type":"Feature","feature_type":"anchor","geometry":{"type":"Point","coordinates":[30.379087524246444,60.008870396508144]},"properties":{"unit_id":"8b8d7cca-1ff6-4850-a71f-ea964587966c","address_id":"b354e16e-3af4-45cd-a9f0-ce078cacb34e"}},{"id":"37638248-af91-4fa3-ba1a-e31969550a28","type":"Feature","feature_type":"anchor","geometry":{"type":"Point","coordinates":[30.378071604305095,60.009099486934474]},"properties":{"unit_id":"b827ab71-dd27-4640-b1a3-bca741dc02e2","address_id":"c4947d83-45bb-43a4-8387-3e1927475771"}},{"id":"bf8f2eec-be3a-47d2-bc81-be2111227d4e","type":"Feature","feature_type":"anchor","geometry":{"type":"Point","coordinates":[30.377974497957432,60.009023713712004]},"properties":{"unit_id":"2a9e5dfa-a7bc-4b16-b7bc-163b717cbb82","address_id":"fa71a75c-9140-423d-aa75-bbcf0c9b55a3"}},{"id":"7237d03e-f9c4-4c29-8cf7-081b9833fd87","type":"Feature","feature_type":"anchor","geometry":{"type":"Point","coordinates":[30.377868609971937,60.009042614614913]},"properties":{"unit_id":"45184a1b-499b-4e16-b05d-40ad2052ee15","address_id":"2ed9b829-9a88-4ff7-9897-c4baf14ca3e5"}},{"id":"a3f703a4-c03f-447a-ab65-1cfdb940d614","type":"Feature","feature_type":"anchor","geometry":{"type":"Point","coordinates":[30.378076150059115,60.0090055686476]},"properties":{"unit_id":"3c165edc-1ebd-4210-bd1d-1da6ca856ac6","address_id":"1d215554-4c0d-4feb-8cc7-8f7a4b13eb75"}},{"id":"9005dc1a-e784-48ef-91d8-1fc20096347d","type":"Feature","feature_type":"anchor","geometry":{"type":"Point","coordinates":[30.378682388919007,60.009463157783543]},"properties":{"unit_id":"2605c8de-0d7e-4e46-81aa-057e8d8efdf8","address_id":"0abf70af-62cc-42ae-a43c-9a6386882e4f"}},{"id":"f5ad98dd-4b8c-4ecf-9bed-36077c0cfe73","type":"Feature","feature_type":"anchor","geometry":{"type":"Point","coordinates":[30.378706443908865,60.009508742475539]},"properties":{"unit_id":"cc031488-442e-401f-afdb-93c81d934a02","address_id":"97a814a9-561d-4b9c-bc42-a3e918afc5b3"}},{"id":"824d90bb-9983-40fb-82b3-81fc373e5276","type":"Feature","feature_type":"anchor","geometry":{"type":"Point","coordinates":[30.3786188558891,60.00947449755683]},"properties":{"unit_id":"e4057c49-9477-46da-aad5-713d57d779e6","address_id":"205e1a4e-ce22-4488-b4d1-c56dde851abf"}},{"id":"ba91ddb8-2dcc-4f9f-9c6c-b78db45de675","type":"Feature","feature_type":"anchor","geometry":{"type":"Point","coordinates":[30.378522030143525,60.009656508630115]},"properties":{"unit_id":"108f413e-368f-40c1-aa5b-bb42e47646a1","address_id":"462fb0fe-9cbd-4a63-beb2-81c4eea23135"}},{"id":"524710c9-2797-436b-960f-708067a269c7","type":"Feature","feature_type":"anchor","geometry":{"type":"Point","coordinates":[30.3780645904718,60.009738161694365]},"properties":{"unit_id":"01cad88f-ea41-4c79-9b03-0840e63efcc1","address_id":"9a9b458c-f0a9-4635-93bc-5966b7bf63f7"}},{"id":"683051ef-f10c-47da-912d-1b2ba4f65219","type":"Feature","feature_type":"anchor","geometry":{"type":"Point","coordinates":[30.378282155568908,60.009233792357151]},"properties":{"unit_id":"79f72857-d45b-4225-bc6a-0d3d192eadb7","address_id":"c068ec9f-b6fb-479d-826b-ecdb355cb9b8"}},{"id":"87840274-bcee-4352-a976-61bca2c8ea77","type":"Feature","feature_type":"anchor","geometry":{"type":"Point","coordinates":[30.377970780487793,60.009660806535372]},"properties":{"unit_id":"017231bb-f994-46f2-acf9-ae467dc5801b","address_id":"f3b59104-d599-4047-a789-1ad4d8227bf3"}},{"id":"ee0ad305-fd23-4443-b809-e2710c55c43f","type":"Feature","feature_type":"anchor","geometry":{"type":"Point","coordinates":[30.378310252398848,60.00969431043594]},"properties":{"unit_id":"afa97063-fc4c-474b-be1f-1b5a54c86e4b","address_id":"09af2782-be2f-4b95-b199-b3b21a66a3b9"}},{"id":"e9dceadf-4afe-46e9-bebe-6bb44c87c7c7","type":"Feature","feature_type":"anchor","geometry":{"type":"Point","coordinates":[30.378393813478148,60.008948864841059]},"properties":{"unit_id":"4f78a74b-2ad2-400c-a880-d29808e83a7a","address_id":"7945271a-3b5b-4e60-b5b0-4e96c16233dd"}},{"id":"081abd40-6383-4566-b673-337c1a851054","type":"Feature","feature_type":"anchor","geometry":{"type":"Point","coordinates":[30.378567469228358,60.008917867228554]},"properties":{"unit_id":"7614c102-60a4-41f7-aa80-8d595a3d834e","address_id":"616128c3-07a4-459b-8820-0e983607896d"}},{"id":"1dff7d26-28ae-4b3a-b3e3-f602248cfe39","type":"Feature","feature_type":"anchor","geometry":{"type":"Point","coordinates":[30.378490919921788,60.009024638063529]},"properties":{"unit_id":"af1d6fb4-6bff-4584-9f66-256d8a29a7a5","address_id":"42815bb4-8b1c-4c93-a2c0-166d96045109"}},{"id":"40bb9256-5bd1-418b-a431-19c8778ed66f","type":"Feature","feature_type":"anchor","geometry":{"type":"Point","coordinates":[30.378429503732992,60.009052312621321]},"properties":{"unit_id":"63f2ce67-1848-4d5a-8f62-b3c423410a4a","address_id":"3dae0d5c-82a3-48e1-8d6d-987757a3478c"}},{"id":"0144738a-b505-49a2-8d77-aec673e2244f","type":"Feature","feature_type":"anchor","geometry":{"type":"Point","coordinates":[30.378408328919509,60.009022669699768]},"properties":{"unit_id":"3309c8d3-2f47-4efd-a351-b03c2490ac1a","address_id":"5a157d48-feaa-4cfe-a076-d2f3e62ffed9"}},{"id":"883b43c2-3ed8-44a8-932f-b63a59d1042d","type":"Feature","feature_type":"anchor","geometry":{"type":"Point","coordinates":[30.378217394855877,60.0090948574922]},"properties":{"unit_id":"36e5308f-2651-4d7b-89e0-5bd0f733c35f","address_id":"f9f3b46d-ce59-46e7-8f52-872ba31109b0"}},{"id":"1881bcfe-926c-4dd1-b5c8-e9a366d788ce","type":"Feature","feature_type":"anchor","geometry":{"type":"Point","coordinates":[30.377734499449566,60.009134708899332]},"properties":{"unit_id":"3daaafc6-d647-496b-9959-06ea481da4f3","address_id":"bc5e52e2-fdcd-4c8b-9b1c-54d1114238f9"}},{"id":"af37505d-78b9-4d31-afd6-6c5c1669cce5","type":"Feature","feature_type":"anchor","geometry":{"type":"Point","coordinates":[30.377521297547702,60.009104610388839]},"properties":{"unit_id":"fd1a7c3f-fa60-40e1-b138-04d94eb89fc8","address_id":"32e8b38b-b076-4b39-a97e-fca86fd9e052"}},{"id":"813a6c27-d643-4c09-8e9e-ff3783d8bb65","type":"Feature","feature_type":"anchor","geometry":{"type":"Point","coordinates":[30.377584226214154,60.009079052947342]},"properties":{"unit_id":"192c5ce9-57eb-4f5b-95ad-3242b907dbbb","address_id":"6ad30505-3d32-4940-993e-8389878a286a"}},{"id":"e85a311c-3800-4dcc-8b52-b8ea98aa42fc","type":"Feature","feature_type":"anchor","geometry":{"type":"Point","coordinates":[30.378905999602758,60.008950546128908]},"properties":{"unit_id":"914afb16-b592-4657-b018-6ec57f8b04a0","address_id":"ac3555b8-c80b-47fc-bead-110853958173"}},{"id":"f81fa3d9-31e1-4389-93f6-a12412d88a6d","type":"Feature","feature_type":"anchor","geometry":{"type":"Point","coordinates":[30.373314618615613,60.009127483697931]},"properties":{"unit_id":"bdc31140-8a7a-4470-adb9-a32fd230d328","address_id":"5b89aafa-7b96-43d3-8d95-f83bbf571771"}},{"id":"f9e38d44-d82c-4918-b950-f073f243f22c","type":"Feature","feature_type":"anchor","geometry":{"type":"Point","coordinates":[30.373280996354346,60.009157834154593]},"properties":{"unit_id":"b7f826fb-a708-4659-8ebd-50f3269cb639","address_id":"1b7e542d-c0cf-47ea-9950-9987392467e2"}},{"id":"5cf4e3a4-734a-4b17-b605-344a660cff33","type":"Feature","feature_type":"anchor","geometry":{"type":"Point","coordinates":[30.373332164250929,60.009153472576664]},"properties":{"unit_id":"6c488798-e502-4cf6-87d0-b1a92758e2a1","address_id":"5fb7e638-cb63-461a-b746-45c23eab8615"}},{"id":"ede2234b-1218-4323-9b62-7cb1281b4489","type":"Feature","feature_type":"anchor","geometry":{"type":"Point","coordinates":[30.373378154634157,60.009141441735345]},"properties":{"unit_id":"be683d3b-af01-44ab-8b64-dc5a7efb898b","address_id":"08bd27f6-5586-4bec-8761-0f6cec7ba9c8"}},{"id":"d74743d0-c321-43a2-8bfc-7d176fe70b03","type":"Feature","feature_type":"anchor","geometry":{"type":"Point","coordinates":[30.3738387925628,60.0090433155632]},"properties":{"unit_id":"647e1816-87bf-4f5f-afa4-081acaf74ef2","address_id":"e703b48d-4fbe-4a2c-8e5e-7d21b040d81f"}},{"id":"9df8699d-bc6b-4e64-9407-e53b477fb937","type":"Feature","feature_type":"anchor","geometry":{"type":"Point","coordinates":[30.37379576394693,60.009070981887447]},"properties":{"unit_id":"45691f63-6c16-4aa1-80ba-5c948d3cfbf9","address_id":"f20c10e7-8ab5-4abd-8da3-8d172114c813"}},{"id":"7e3cf32c-8e26-4520-adad-118908e20d95","type":"Feature","feature_type":"anchor","geometry":{"type":"Point","coordinates":[30.373854601665116,60.009065325997817]},"properties":{"unit_id":"bce57d0c-bf87-4916-99ad-373596ec1bca","address_id":"8c2bd391-ae99-4d21-9857-38679b8aaf70"}},{"id":"0d85e509-8015-45dc-92e6-2c6d067f515a","type":"Feature","feature_type":"anchor","geometry":{"type":"Point","coordinates":[30.373911545430797,60.009051433828688]},"properties":{"unit_id":"6dd68980-fa7d-43e3-ae77-113a2f9d748e","address_id":"d5fe1dd3-e133-42ad-a5ac-5ff1de02a055"}},{"id":"72e3f4c4-23fd-4617-b911-e920da0fc2f3","type":"Feature","feature_type":"anchor","geometry":{"type":"Point","coordinates":[30.373329959823888,60.009048962670391]},"properties":{"unit_id":"89d2843f-69e3-4518-8938-8ffaa48e7515","address_id":"1c2b5c08-678f-41e4-8f1d-0c89c321c3a9"}},{"id":"56793ff6-5955-4c64-9990-0aa3dd84adbd","type":"Feature","feature_type":"anchor","geometry":{"type":"Point","coordinates":[30.373302591899105,60.009002800533139]},"properties":{"unit_id":"f9d524cb-a1c5-4953-8da2-5f8648160e17","address_id":"9d3cd441-a677-42bf-8257-a3b66c46b379"}},{"id":"459600b9-0107-4b0a-b5c9-0bf96357be8d","type":"Feature","feature_type":"anchor","geometry":{"type":"Point","coordinates":[30.373247194716743,60.009012147242053]},"properties":{"unit_id":"53a43ce4-861c-4e2b-85a5-22c7cb8e2f87","address_id":"fe43e35c-26ab-4be5-89b2-e0abeda3e828"}},{"id":"055ab3be-e362-429b-b553-dac9760487c6","type":"Feature","feature_type":"anchor","geometry":{"type":"Point","coordinates":[30.371390913567073,60.007793169094093]},"properties":{"unit_id":"d59ada79-1301-4165-aad4-baf0f6fe80f5","address_id":"fe5c63c1-2af3-419f-9af8-51055a34aca1"}},{"id":"a789aca3-c391-4406-b2d2-0d4eda69104a","type":"Feature","feature_type":"anchor","geometry":{"type":"Point","coordinates":[30.374511593009174,60.007082731392174]},"properties":{"unit_id":"98a8143f-c61b-4e0a-b629-e16cf64ccbe1","address_id":"ff9ff110-460c-425f-852c-4035c9aae2b2"}},{"id":"fc922d78-bcbb-43bc-875b-73992d6d7d08","type":"Feature","feature_type":"anchor","geometry":{"type":"Point","coordinates":[30.373045473694546,60.007484342644908]},"properties":{"unit_id":"df5de287-0829-4932-8faa-f4490bf770c3","address_id":"be073bdd-f29c-41ed-8fe5-3034d3077fad"}},{"id":"c042398e-7c84-40be-b6e3-5040c6b6389c","type":"Feature","feature_type":"anchor","geometry":{"type":"Point","coordinates":[30.374411931616084,60.006689034762168]},"properties":{"unit_id":"5f280f1d-bcce-403a-abf8-bfea082bb50b","address_id":"51594f6b-c321-49f4-9d10-7ac1d053bb7a"}},{"id":"c759ff12-59c9-4738-a992-311acd28fce7","type":"Feature","feature_type":"anchor","geometry":{"type":"Point","coordinates":[30.370983853093108,60.007259622030048]},"properties":{"unit_id":"fe6051d8-4569-4f3a-a1ff-cc3c8c71db43","address_id":"43b6271c-29af-415a-9b3c-1a80fe10efbe"}},{"id":"dc471d59-7c72-41dc-b221-a88136da35e4","type":"Feature","feature_type":"anchor","geometry":{"type":"Point","coordinates":[30.371514502835709,60.008155537397933]},"properties":{"unit_id":"f3535eb4-f48a-4b6f-8c45-dd9b231f43a8","address_id":"5f240a4f-4f37-4ac1-b359-92c88b38a1a6"}},{"id":"3040d851-563b-4aed-bc53-833428f8f07f","type":"Feature","feature_type":"anchor","geometry":{"type":"Point","coordinates":[30.375096539562684,60.007557550572329]},"properties":{"unit_id":"a29d5b0d-4ff4-4091-b679-cd48c04bef97","address_id":"1a5970c4-11ee-4206-86cb-749e3da99255"}},{"id":"d35b8603-679d-4190-95ce-c0f059d8f717","type":"Feature","feature_type":"anchor","geometry":{"type":"Point","coordinates":[30.374864106575682,60.007570507411884]},"properties":{"unit_id":"aad8b86f-6d7e-473b-bc3d-a4b7b433593a","address_id":"7e71e31f-78fb-42b3-aa4a-90b2ab22fd5b"}},{"id":"29f5d69e-e02e-45ed-92d7-33783a81c855","type":"Feature","feature_type":"anchor","geometry":{"type":"Point","coordinates":[30.374916041136522,60.00762907254623]},"properties":{"unit_id":"9e1bfd93-4220-4dca-a975-24e4c1cceead","address_id":"cf40f039-23f6-4ebe-b485-2cfaef2936a7"}},{"id":"5b0051f2-407f-4316-a1e3-5ff255b078f4","type":"Feature","feature_type":"anchor","geometry":{"type":"Point","coordinates":[30.37171052193451,60.008122464385707]},"properties":{"unit_id":"e492787e-41e6-40cb-90a7-ab4608daba68","address_id":"a49a5827-f498-4ca2-9aed-3de4f368294b"}},{"id":"fd93560d-65b9-45ae-b07b-c159689bfd7f","type":"Feature","feature_type":"anchor","geometry":{"type":"Point","coordinates":[30.373201649499805,60.007258668861148]},"properties":{"unit_id":"4d97de61-37e0-4e69-9ada-d081474e8c4e","address_id":"7858b5ce-3790-44f2-8984-3966224c8cd7"}},{"id":"58deaab0-0b5f-4e85-afb7-87c34ab3fa4a","type":"Feature","feature_type":"anchor","geometry":{"type":"Point","coordinates":[30.373201649499805,60.007258668861148]},"properties":{"unit_id":"4d97de61-37e0-4e69-9ada-d081474e8c4e","address_id":"92845de8-b8a2-466a-aa52-3227f8db1e11"}},{"id":"7c796d1f-7ce4-4d5c-a8f5-38e810b1772f","type":"Feature","feature_type":"anchor","geometry":{"type":"Point","coordinates":[30.372647692259918,60.007352135675852]},"properties":{"unit_id":"bfc76e77-c1ec-4f1e-96ea-6d664d6b932d","address_id":"4b57c552-7c2b-456f-9392-7896ffb0207e"}},{"id":"abdf5024-58e0-41a1-b205-c70f1064832c","type":"Feature","feature_type":"anchor","geometry":{"type":"Point","coordinates":[30.372880328842527,60.007239719654834]},"properties":{"unit_id":"83995ed7-3ce3-4536-b5f4-f4e3d06c9174","address_id":"1a950357-a7fc-462c-8d74-163cb376218b"}},{"id":"32446303-58bc-4b11-9d7b-2f7a94c18ac5","type":"Feature","feature_type":"anchor","geometry":{"type":"Point","coordinates":[30.371707754771009,60.008037507478313]},"properties":{"unit_id":"432f45fe-c1c3-4063-94b2-1906a2c5cae4","address_id":"a17b4a9a-d6b2-47f7-ba03-e51ebcbbe6d3"}},{"id":"2b0e4f15-8178-4677-b323-b8f867779cb5","type":"Feature","feature_type":"anchor","geometry":{"type":"Point","coordinates":[30.371977501677886,60.007688265350396]},"properties":{"unit_id":"23dd09b2-c892-42dd-a730-0ad065273cc1","address_id":"937fdceb-e61b-4bd1-ad3f-2958fa7ed324"}},{"id":"c6d19605-e30c-496b-b709-375305cc6dc1","type":"Feature","feature_type":"anchor","geometry":{"type":"Point","coordinates":[30.374142202487281,60.007323025189557]},"properties":{"unit_id":"b9c9d891-8a52-4c63-a5af-0576956aa33d","address_id":"faf09e4d-b20a-4b80-b897-1230d988ab18"}},{"id":"fd3a426e-45d2-4316-a28e-310338776491","type":"Feature","feature_type":"anchor","geometry":{"type":"Point","coordinates":[30.374179595567472,60.007568243464213]},"properties":{"unit_id":"16af718c-f38d-458b-a92a-2710aa0c2324","address_id":"b9771b17-715b-4e6f-bb90-07ed066e607a"}},{"id":"dc139599-1b48-4698-a96b-8c47864174a7","type":"Feature","feature_type":"anchor","geometry":{"type":"Point","coordinates":[30.373999132818255,60.007589200555259]},"properties":{"unit_id":"d723717d-8f20-4dce-9e9f-4d98a153bf7c","address_id":"0c06b2c9-3ac0-4195-8d41-86cbe84e9b61"}},{"id":"e7ba2a2d-d87c-49f6-b959-21c92e7c2d1d","type":"Feature","feature_type":"anchor","geometry":{"type":"Point","coordinates":[30.374353945508975,60.007538233052543]},"properties":{"unit_id":"77e507fb-77f2-4d74-bb93-f88a09c551af","address_id":"c9b51eef-ecf0-4896-8bbd-ba9689f06cfd"}},{"id":"7e22dc40-918f-48d6-a36a-daeb3f2c8cbd","type":"Feature","feature_type":"anchor","geometry":{"type":"Point","coordinates":[30.374332239446158,60.007502149311023]},"properties":{"unit_id":"a6925505-9fbe-43a0-b531-b8d9131ec62d","address_id":"1841e8dc-f0fe-48e8-89ed-d403d2339694"}},{"id":"684d3870-03a4-472b-8b3d-88534213bc2e","type":"Feature","feature_type":"anchor","geometry":{"type":"Point","coordinates":[30.374583611216938,60.0074882110341]},"properties":{"unit_id":"8c6710d9-24ca-4a72-9142-2819111f29d5","address_id":"18b439ee-b656-4e6d-a52a-4ff75bf21558"}},{"id":"29dccd12-e9ef-4ad5-8884-469a96b6b3f8","type":"Feature","feature_type":"anchor","geometry":{"type":"Point","coordinates":[30.374093305477572,60.007440428811613]},"properties":{"unit_id":"536ecd58-5d89-4e21-b0ee-b4ccb0f62c08","address_id":"9e67f6f3-0921-4070-9522-b7424ad2df02"}},{"id":"897154b8-4bff-43de-94bb-f044d5837d9f","type":"Feature","feature_type":"anchor","geometry":{"type":"Point","coordinates":[30.374139257846672,60.007508495445336]},"properties":{"unit_id":"fe621698-4abe-4fe6-b684-fb76ecae9e70","address_id":"ba3602ae-e4ae-4202-8b8c-32c1cff46762"}},{"id":"336bc4c8-38f6-485a-bc9a-f9e03a746511","type":"Feature","feature_type":"anchor","geometry":{"type":"Point","coordinates":[30.372187111040635,60.00780891655311]},"properties":{"unit_id":"b3db7083-f542-4967-bd90-407b9bad2e91","address_id":"120a7458-86f2-42fb-bec5-aab4f6558bd3"}},{"id":"a5896dd9-9313-4561-b9aa-dbb98822f42e","type":"Feature","feature_type":"anchor","geometry":{"type":"Point","coordinates":[30.371185442068427,60.007798176181169]},"properties":{"unit_id":"b49b35c1-24e2-4d0a-8575-8ef31cb65eff","address_id":"87b24b8f-ab13-4b30-be04-13749153dc17"}},{"id":"dbc88828-c7cd-420e-8d36-e3899342c134","type":"Feature","feature_type":"anchor","geometry":{"type":"Point","coordinates":[30.371093405315644,60.007661840643216]},"properties":{"unit_id":"56973e88-dac8-4044-88a8-18d3781d41d4","address_id":"7d85c5e0-7824-4d9d-9b8f-75f968458d88"}},{"id":"6f1dd630-b78c-4046-b7eb-a2c873a54da9","type":"Feature","feature_type":"anchor","geometry":{"type":"Point","coordinates":[30.371033426076227,60.007724163837388]},"properties":{"unit_id":"681c6d99-00a1-4b18-9e60-83bd6aac54db","address_id":"95886178-ff78-4a58-a37a-da08c3e01b63"}},{"id":"8cbb34d8-2cb9-42e4-bc4f-a46f0b4aeb3b","type":"Feature","feature_type":"anchor","geometry":{"type":"Point","coordinates":[30.371292110209861,60.007703059914959]},"properties":{"unit_id":"314c353a-7b50-49b4-8633-e803414950ac","address_id":"388b695f-2923-46da-a585-d1892ceb2fd5"}},{"id":"abeeea1f-c022-41f1-9aa3-9d79b2499b7a","type":"Feature","feature_type":"anchor","geometry":{"type":"Point","coordinates":[30.371322760332419,60.007808227680684]},"properties":{"unit_id":"33f0de84-31cf-4578-ab38-1b230c4af6ee","address_id":"99e6a024-4185-42b0-9d82-be3264243372"}},{"id":"df2260e4-339a-4299-a40f-1a65e9389b18","type":"Feature","feature_type":"anchor","geometry":{"type":"Point","coordinates":[30.371306941197293,60.007784795040116]},"properties":{"unit_id":"c3bedb8a-e5f8-4548-b1bb-70683b0471b3","address_id":"c9531ef9-79bb-4050-aae8-bf2e8d1a6c3d"}},{"id":"5c80ed10-fc86-4652-9c76-08f628f32016","type":"Feature","feature_type":"anchor","geometry":{"type":"Point","coordinates":[30.371199085428508,60.007625026587142]},"properties":{"unit_id":"8a9c95ad-9e89-44c0-86c9-a59675da0d19","address_id":"bfca7445-3a7a-4478-932a-b808b8059c6b"}},{"id":"ff47a699-e915-40dd-9183-796aba75dbc0","type":"Feature","feature_type":"anchor","geometry":{"type":"Point","coordinates":[30.371260820068326,60.007607491627681]},"properties":{"unit_id":"0016a7fe-e76d-4df5-8dae-279b9a2cf505","address_id":"a0927912-1c9d-4221-bdc0-3d99eb693222"}},{"id":"4e8bd060-2183-494c-8312-0f3f3bebe662","type":"Feature","feature_type":"anchor","geometry":{"type":"Point","coordinates":[30.371163545842997,60.007579412803324]},"properties":{"unit_id":"95ec5e33-d343-4e04-bbc0-74cdf4a8a33b","address_id":"63339136-de39-44cb-a58d-83270b9b03ea"}},{"id":"ece305a3-1629-4139-a0cc-e27c3d37e299","type":"Feature","feature_type":"anchor","geometry":{"type":"Point","coordinates":[30.371141255827542,60.007546394132426]},"properties":{"unit_id":"27894f95-8308-449f-b423-5df31616d933","address_id":"1770533c-a0ce-4e6a-974c-2c58ac72fc73"}},{"id":"1c67926b-095e-48ef-8a66-74f258d62d53","type":"Feature","feature_type":"anchor","geometry":{"type":"Point","coordinates":[30.371118965834356,60.007513375187074]},"properties":{"unit_id":"c17ade86-afb4-4686-ac80-8ac35c68c6b0","address_id":"112657a7-fcc6-44c2-9f6a-675042d3ed6f"}},{"id":"9dfcf0fc-2184-4f75-bf65-7fe3e00bbf18","type":"Feature","feature_type":"anchor","geometry":{"type":"Point","coordinates":[30.371096675588909,60.007480356516176]},"properties":{"unit_id":"94927d6b-16c6-457d-806e-dbe4f4018692","address_id":"b768ffc8-d4db-4fe6-848a-86194f51bd03"}},{"id":"93a35cf9-7cc4-4721-9e5b-e9a1236493fd","type":"Feature","feature_type":"anchor","geometry":{"type":"Point","coordinates":[30.371074385640231,60.007447337570824]},"properties":{"unit_id":"f8496048-a53a-40bd-83be-1ce1a5e4e070","address_id":"9a9d3419-e94c-439b-b540-b6cc292d71f6"}},{"id":"812e3f16-8321-466f-b2a1-24c6695c9995","type":"Feature","feature_type":"anchor","geometry":{"type":"Point","coordinates":[30.371052095439289,60.007414318899926]},"properties":{"unit_id":"9fece7ad-973c-4fbb-9989-8cb528895040","address_id":"15b46425-00e2-451f-8836-a5ba89d1a49f"}},{"id":"0bd8aee9-e14c-4eb8-a445-4794a43f000e","type":"Feature","feature_type":"anchor","geometry":{"type":"Point","coordinates":[30.371030165093792,60.007381832664286]},"properties":{"unit_id":"6d0659bc-9a01-4557-983e-7479857c9e20","address_id":"797e0b1d-9a6c-4dbb-a258-de5f3214738c"}},{"id":"412d3ba8-8c64-46a0-bcf1-a50e97cb8c34","type":"Feature","feature_type":"anchor","geometry":{"type":"Point","coordinates":[30.371341148738317,60.007842498123352]},"properties":{"unit_id":"52baec95-477f-4916-bf22-b59b03eac5fe","address_id":"742e2737-5963-4e0c-b71b-a558fc989cfe"}},{"id":"2d762eba-ff60-4978-a74a-c44124f39c85","type":"Feature","feature_type":"anchor","geometry":{"type":"Point","coordinates":[30.371363438953342,60.00787551679425]},"properties":{"unit_id":"62749613-4c7f-4170-bfce-7ac616fad5d1","address_id":"81c1ad39-3136-4764-96b7-d56b88212bf5"}},{"id":"a6540e6c-265e-457d-9850-4c8d42ff633c","type":"Feature","feature_type":"anchor","geometry":{"type":"Point","coordinates":[30.371385729190603,60.0079085357396]},"properties":{"unit_id":"004848c2-26ba-4bb9-97d8-c4c57c4ae5d1","address_id":"54d5fc10-b391-4ddf-8b7e-9fcb42f01165"}},{"id":"84865ec0-86e2-4f63-bead-50cd595c96bf","type":"Feature","feature_type":"anchor","geometry":{"type":"Point","coordinates":[30.371474171779553,60.008039545552677]},"properties":{"unit_id":"485743f0-40ec-43d4-9478-7cafbae823e9","address_id":"5330978e-c62f-4cd5-a131-35a64d993bba"}},{"id":"9d66791f-c2e5-4f4e-8d0d-0aca6126fbd3","type":"Feature","feature_type":"anchor","geometry":{"type":"Point","coordinates":[30.3714299504413,60.007974040371685]},"properties":{"unit_id":"d5d32ec6-a389-4854-a26d-a3b95203d66c","address_id":"0c196375-6086-479f-96c5-22cec8711552"}},{"id":"24cafd72-7051-4917-9b42-c5ebe850029d","type":"Feature","feature_type":"anchor","geometry":{"type":"Point","coordinates":[30.371218806242318,60.00731322426396]},"properties":{"unit_id":"966a17c6-6391-42e2-ba23-d432602c301e","address_id":"4fe5cefb-ef34-4e4c-8fd5-ee917abb1069"}},{"id":"2fb0a7f4-c99f-4353-9378-78839e7b7108","type":"Feature","feature_type":"anchor","geometry":{"type":"Point","coordinates":[30.372207609256726,60.00764944039063]},"properties":{"unit_id":"8df2ffed-f613-48d2-9cd0-9320a8540fa1","address_id":"4ba6689d-2da1-4892-829e-1b7d762d021c"}},{"id":"ebf1677f-e8b6-44c2-b1f1-440fa6f7884c","type":"Feature","feature_type":"anchor","geometry":{"type":"Point","coordinates":[30.371961741143735,60.007482110533573]},"properties":{"unit_id":"57c6c9a8-55fa-4a41-89c6-bbf691f41989","address_id":"ba3ea5db-e7b0-4b73-bf13-dbf1e1fbfe5a"}},{"id":"536a4854-21c8-4cee-8c4d-7c1f99e493e3","type":"Feature","feature_type":"anchor","geometry":{"type":"Point","coordinates":[30.372012021568583,60.007549559377722]},"properties":{"unit_id":"fdc49d32-9d9b-401c-8637-6992ae0e359a","address_id":"f8328747-c7d3-49ba-887c-89da489ecb67"}},{"id":"057411b2-2b74-442f-839b-08ed776f51a5","type":"Feature","feature_type":"anchor","geometry":{"type":"Point","coordinates":[30.371884184492409,60.007571128494874]},"properties":{"unit_id":"f1de1845-2c56-42b8-9722-f56d808df720","address_id":"af80ab79-0c9f-4149-bb48-f3cecc1a1f83"}},{"id":"fccdaa2d-901d-46ec-a700-95322836ef36","type":"Feature","feature_type":"anchor","geometry":{"type":"Point","coordinates":[30.372135597238149,60.007528709048181]},"properties":{"unit_id":"ab115978-8444-4af7-b981-33ce4716ec2f","address_id":"b07cc868-d22d-4097-bbf1-80e72a0e9564"}},{"id":"d79bc29f-c944-4ce0-be8d-d85ab6c1cc53","type":"Feature","feature_type":"anchor","geometry":{"type":"Point","coordinates":[30.371794060451212,60.00754836853411]},"properties":{"unit_id":"03fde7d9-6446-4889-902a-3242cf57a194","address_id":"46c63624-455f-4ec2-a02e-899fbbdbbb18"}},{"id":"611a6aef-1596-4915-8e33-869975eb7888","type":"Feature","feature_type":"anchor","geometry":{"type":"Point","coordinates":[30.371728011498806,60.007559512623715]},"properties":{"unit_id":"070cb719-5e52-4d63-ba8c-279de50b1f71","address_id":"8a6475bd-98bc-480d-a560-97676bf49b00"}},{"id":"896e4227-a696-4ee6-89a4-7f963ac8c53c","type":"Feature","feature_type":"anchor","geometry":{"type":"Point","coordinates":[30.371661961975153,60.00757065671332]},"properties":{"unit_id":"abf8af45-37fc-4703-941e-9e5eb62416ca","address_id":"4a615285-3809-43e1-b3f8-1f2138b985e3"}},{"id":"e699c77f-150d-4513-b3bc-d6e1671ff6fe","type":"Feature","feature_type":"anchor","geometry":{"type":"Point","coordinates":[30.37151281862225,60.007595820866293]},"properties":{"unit_id":"40b8279f-4f3c-40de-8d32-d49e12f86912","address_id":"5820a3e4-194b-47c6-83d4-0f17a50531dd"}},{"id":"22ad10e1-feb3-4d2e-8c47-4209a538ba21","type":"Feature","feature_type":"anchor","geometry":{"type":"Point","coordinates":[30.371429724231039,60.007609840929668]},"properties":{"unit_id":"7f2fea9c-293a-4462-9399-ddffd92fb43b","address_id":"254808c7-3adc-4c73-92e6-dc4a6013c442"}},{"id":"cec3d23f-8597-4395-92ec-82be4ee38534","type":"Feature","feature_type":"anchor","geometry":{"type":"Point","coordinates":[30.372183963365657,60.00748258204068]},"properties":{"unit_id":"9fb5932d-28dc-4318-ba9f-0f54df5ccdcf","address_id":"5924706f-de11-4a9e-a4e4-f706e1c0b95a"}},{"id":"99acaa6c-5430-427c-aa73-e0be50de1609","type":"Feature","feature_type":"anchor","geometry":{"type":"Point","coordinates":[30.372250012164422,60.007471437951075]},"properties":{"unit_id":"60679c26-769f-433d-9e3e-501da850bc65","address_id":"2b1dabcb-f608-4008-a483-a0423e823871"}},{"id":"0bc59000-87f1-4136-ac5e-afb3eb4bd37b","type":"Feature","feature_type":"anchor","geometry":{"type":"Point","coordinates":[30.372382110244175,60.007449149771872]},"properties":{"unit_id":"36ec1a2e-a595-4fa6-9850-705cfa788a30","address_id":"0457ac6f-7e42-4ee5-8b22-5700720726d4"}},{"id":"ef6fdd51-4af4-4a5e-9ec5-1e1ffb41fd09","type":"Feature","feature_type":"anchor","geometry":{"type":"Point","coordinates":[30.372316061489922,60.007460293861477]},"properties":{"unit_id":"ffdf5e3b-a80f-4f90-9871-81d34bf91f86","address_id":"20a275ea-c23f-4d2f-b290-2298281a5e52"}},{"id":"186c4824-2228-4811-98aa-f00ba6a3cde3","type":"Feature","feature_type":"anchor","geometry":{"type":"Point","coordinates":[30.372448159525174,60.00743800540782]},"properties":{"unit_id":"7a7bfb81-5304-46ca-8125-b406495267e8","address_id":"416b0f8b-abd6-43aa-acdc-fe2be7c7b7ef"}},{"id":"5808ecdc-0d7c-4b25-9bc5-523b701e5e93","type":"Feature","feature_type":"anchor","geometry":{"type":"Point","coordinates":[30.372514208234914,60.007426861318216]},"properties":{"unit_id":"07775b7b-d0f8-4646-9360-5e2e76bb7118","address_id":"e5edde7b-39bc-4948-bc33-55ecce1438a7"}},{"id":"f5260cb3-8356-487c-99b6-af6a173f1943","type":"Feature","feature_type":"anchor","geometry":{"type":"Point","coordinates":[30.372581322524692,60.0074155374631]},"properties":{"unit_id":"86a6eb70-7438-4596-8104-af36841be536","address_id":"87e5b8e5-c919-43d9-9f2c-6b62991f6fcb"}},{"id":"4471d4fc-d159-4b36-ac3c-9ce8898502be","type":"Feature","feature_type":"anchor","geometry":{"type":"Point","coordinates":[30.372698026431355,60.007426694177454]},"properties":{"unit_id":"69801f35-a0cd-42b8-a633-f796cd6e6bfa","address_id":"b805fc79-b247-4ad7-ba82-0af42ef45df3"}},{"id":"a3a151b9-5991-4010-8511-bda5a43cdfbc","type":"Feature","feature_type":"anchor","geometry":{"type":"Point","coordinates":[30.373251984224535,60.007333227362757]},"properties":{"unit_id":"95cad370-776e-485b-8afb-ba3d0242725b","address_id":"ef05bd1f-feb1-4ca5-bf12-b027b2698e0c"}},{"id":"772f7094-d538-4943-8f2a-c1897169e877","type":"Feature","feature_type":"anchor","geometry":{"type":"Point","coordinates":[30.373451675142775,60.007268686603169]},"properties":{"unit_id":"9895e276-f790-4068-8d7a-4060ae652924","address_id":"4212b30f-1dff-40f9-a626-37c44047afc7"}},{"id":"13f7c608-9052-478c-920a-eabfc5983e25","type":"Feature","feature_type":"anchor","geometry":{"type":"Point","coordinates":[30.373517723788872,60.00725754223911]},"properties":{"unit_id":"95257c81-0c9f-4207-918a-4bb2ac96d36a","address_id":"77c50669-f800-42b8-ae5c-c5f03d6f0efa"}},{"id":"2f660619-33b5-49da-af40-728e49beb420","type":"Feature","feature_type":"anchor","geometry":{"type":"Point","coordinates":[30.373357928612574,60.007284504047227]},"properties":{"unit_id":"c5f2074e-fea3-4bbd-b81a-fad46c260265","address_id":"ef7b92d8-f51f-4920-9074-5a56a0e7ffdc"}},{"id":"627c0b9b-cc0f-4465-bf93-5df47f015799","type":"Feature","feature_type":"anchor","geometry":{"type":"Point","coordinates":[30.37365621267158,60.007234175741274]},"properties":{"unit_id":"be7675f0-5869-4233-839e-18e0cbb37afc","address_id":"9353311d-ab86-4f34-b28c-eb5a457ca454"}},{"id":"5b05da23-726a-4658-8ddd-0a0e59f2fa18","type":"Feature","feature_type":"anchor","geometry":{"type":"Point","coordinates":[30.373896331105339,60.007155695058053]},"properties":{"unit_id":"52e1ae38-dc62-4cac-9997-bc44e4ae6e03","address_id":"f948d125-3d2b-45d9-bb5a-8684dd3d3725"}},{"id":"4d95e4bd-8082-41e2-b4a9-fabcf5f03c10","type":"Feature","feature_type":"anchor","geometry":{"type":"Point","coordinates":[30.373946613254784,60.0072231439022]},"properties":{"unit_id":"a0713931-1463-4245-b551-850516d298cc","address_id":"6354eb2d-a118-452b-bb71-f8cb0300ae90"}},{"id":"d67bdb96-5669-4c0f-98e4-f491b8cc0af4","type":"Feature","feature_type":"anchor","geometry":{"type":"Point","coordinates":[30.373847540299963,60.007239860173833]},"properties":{"unit_id":"8e239e43-dd4c-4b5e-be86-ad6776e4999d","address_id":"59557760-0113-411c-9a72-c848581bcfab"}},{"id":"cb99e8c9-d722-4909-b198-ceca944f1f4d","type":"Feature","feature_type":"anchor","geometry":{"type":"Point","coordinates":[30.374045685885037,60.007206427630571]},"properties":{"unit_id":"e05e213b-1f71-44e0-8f9d-5188a48398e1","address_id":"6ece3ed1-96e9-4552-a25a-4b038d87ad5b"}},{"id":"5f5427af-d98c-4857-9099-a8dc78920d2f","type":"Feature","feature_type":"anchor","geometry":{"type":"Point","coordinates":[30.37159591297824,60.007581800802917]},"properties":{"unit_id":"3571fc30-8a8c-493a-ac07-d58b67804640","address_id":"4fa077ae-3079-498f-a69a-38e364a9351e"}},{"id":"c429a79f-def3-4302-bc5f-023d250bc7a4","type":"Feature","feature_type":"anchor","geometry":{"type":"Point","coordinates":[30.374118552244418,60.00715616656516]},"properties":{"unit_id":"86517bd5-445f-4a7d-b02a-a7dda8056bc5","address_id":"b6cc90dc-cfae-450f-8041-aa4294b0d7cf"}},{"id":"fa1269c8-9b28-49ac-8b1f-0e629473846a","type":"Feature","feature_type":"anchor","geometry":{"type":"Point","coordinates":[30.374180339389447,60.007145741537613]},"properties":{"unit_id":"72a81a25-3f32-4993-90d6-b379a737e6b7","address_id":"fb0a4db1-781a-44b5-9401-b479862f5cdf"}},{"id":"74052633-6ce6-49a0-b1f9-92393617d476","type":"Feature","feature_type":"anchor","geometry":{"type":"Point","coordinates":[30.374242126515,60.007135316235612]},"properties":{"unit_id":"d035cdfc-4444-4d9c-8b2d-64d5aed4b325","address_id":"d9db0aab-f651-4e29-926f-f128e0acc69e"}},{"id":"47b58dcf-1411-4166-82ce-bbe91d6e7791","type":"Feature","feature_type":"anchor","geometry":{"type":"Point","coordinates":[30.374303913621077,60.007124891208065]},"properties":{"unit_id":"286e3c63-6a50-452d-9a15-0b95c3bf3ac0","address_id":"e06c773c-a52c-4da7-aacc-5b9a38228c5d"}},{"id":"6999f0f4-458a-46f6-b40a-fc582af8e786","type":"Feature","feature_type":"anchor","geometry":{"type":"Point","coordinates":[30.374365700982175,60.007114465906064]},"properties":{"unit_id":"50efe979-640f-4253-a40b-d6235432c172","address_id":"41e4a32b-7b90-4718-bcc8-b50c38c81af8"}},{"id":"379ea9b3-5f99-4b89-804a-a322e6966a8d","type":"Feature","feature_type":"anchor","geometry":{"type":"Point","coordinates":[30.374427488049296,60.007104040878517]},"properties":{"unit_id":"7de0e1f5-ac80-4f72-9159-5b83b6f0b3db","address_id":"dc95f110-d648-4f53-8d1f-5500dc8046fc"}},{"id":"86ba29de-7d1e-4196-bd2e-cf400036d882","type":"Feature","feature_type":"anchor","geometry":{"type":"Point","coordinates":[30.37448607914466,60.007094154873066]},"properties":{"unit_id":"ec85e72a-0e5f-4054-b494-425e6e0eb80f","address_id":"023e2e78-e351-4c6d-88fa-d09a47caa216"}},{"id":"327f75a3-3310-4ee7-bf31-7f30fb37ec7a","type":"Feature","feature_type":"anchor","geometry":{"type":"Point","coordinates":[30.373912097728535,60.007361849874876]},"properties":{"unit_id":"a607e432-1ef9-4098-ab66-7863b74fb43f","address_id":"785da1b5-b06c-4418-a92c-7188247e9fc7"}},{"id":"feee9279-0db8-4a97-8c4f-1a1ae9617d44","type":"Feature","feature_type":"anchor","geometry":{"type":"Point","coordinates":[30.3744594730313,60.007054745332312]},"properties":{"unit_id":"82739836-a218-472b-a9f7-3362dcf1de91","address_id":"ff798aef-3b67-4533-9a6f-68a4f857204b"}},{"id":"f702a045-06c4-4146-b226-2c3fcc468ffc","type":"Feature","feature_type":"anchor","geometry":{"type":"Point","coordinates":[30.374301115254291,60.006799089405348]},"properties":{"unit_id":"3010ec00-e181-4193-848e-bb2dc370b8cc","address_id":"e5e71206-fd04-4deb-b160-28091e020609"}},{"id":"c0a00f1f-ef18-4275-84bf-fab7fca60532","type":"Feature","feature_type":"anchor","geometry":{"type":"Point","coordinates":[30.374524706889943,60.006792804199193]},"properties":{"unit_id":"b5ac505e-c1eb-4da3-a127-0e42d7d92273","address_id":"0358555a-5ea5-4845-be62-43403b304db4"}},{"id":"843cdcb0-e314-4239-b1df-695bd05890ce","type":"Feature","feature_type":"anchor","geometry":{"type":"Point","coordinates":[30.374546998340413,60.006825823144545]},"properties":{"unit_id":"37d87cc5-5732-4832-b390-a7fde2ff81ba","address_id":"20cc1459-963a-4bf1-998c-f12399dd0d2c"}},{"id":"4e548778-608b-4583-8a5c-1b564b508797","type":"Feature","feature_type":"anchor","geometry":{"type":"Point","coordinates":[30.374569289950387,60.006858841815443]},"properties":{"unit_id":"798e3241-0648-4fe4-9de4-0df398734ea3","address_id":"10a16bb9-49bd-40d0-af1e-a1bb1d2348a5"}},{"id":"1bc36125-3a02-49dc-b3f8-42fd17180922","type":"Feature","feature_type":"anchor","geometry":{"type":"Point","coordinates":[30.374591581582614,60.006891860760796]},"properties":{"unit_id":"08403602-574f-47da-afcb-0cd4c934acbd","address_id":"d8092f92-5377-4109-88ee-ba8b753bcc65"}},{"id":"f551d1a6-ec7b-4edb-8669-deea9b17e103","type":"Feature","feature_type":"anchor","geometry":{"type":"Point","coordinates":[30.374613873237095,60.006924879431693]},"properties":{"unit_id":"6d2f3eca-ff45-40c6-8f3e-b7a7465e54a1","address_id":"e65d3a4d-d8bd-4bd0-9a85-c9e6a15bab08"}},{"id":"acfe26c5-2312-4347-8094-9fcc7e61a6ff","type":"Feature","feature_type":"anchor","geometry":{"type":"Point","coordinates":[30.374707713878941,60.007063877969316]},"properties":{"unit_id":"429d9654-da48-46f1-ad36-03bc8138cc60","address_id":"e9dfb612-e865-4aba-ad13-c8a557ca3dd6"}},{"id":"d2f9a730-91d2-41a4-8ca6-3e4603eb5b70","type":"Feature","feature_type":"anchor","geometry":{"type":"Point","coordinates":[30.374752297442047,60.007129915585566]},"properties":{"unit_id":"da4248e0-275b-4445-bd0c-1cf882aba19b","address_id":"dc2e0130-6715-4da0-8c7b-a26de4854b1b"}},{"id":"e480adf8-1634-4292-8a82-a8357db9d3b8","type":"Feature","feature_type":"anchor","geometry":{"type":"Point","coordinates":[30.374651265584795,60.006980265872635]},"properties":{"unit_id":"0841883b-0fd9-45fa-96ca-ef9eae482e1b","address_id":"bcd4f938-6742-4454-b74d-1ce1f30da7ac"}},{"id":"a915bb58-3b02-46e9-b596-54762e12fe82","type":"Feature","feature_type":"anchor","geometry":{"type":"Point","coordinates":[30.374796880956929,60.007195953201816]},"properties":{"unit_id":"c9d663af-5d4b-4fdd-acf8-bdbe4eeee082","address_id":"db3f51bb-5460-4fe5-b10d-cae5ace60922"}},{"id":"f023e506-c776-4f92-8e80-b6459a1daedd","type":"Feature","feature_type":"anchor","geometry":{"type":"Point","coordinates":[30.374838228674342,60.007257197528446]},"properties":{"unit_id":"86541214-1044-47ff-a688-b2100023263c","address_id":"98d1f831-8635-4257-8c95-da5add29c625"}},{"id":"cdb1ba9e-d93a-45be-8cfd-66017bdc1b70","type":"Feature","feature_type":"anchor","geometry":{"type":"Point","coordinates":[30.374882812498054,60.007323235144696]},"properties":{"unit_id":"a7ad5112-da5d-41c2-998c-b81188e25222","address_id":"462b1df1-cd1c-46bb-a6b2-4211263a2dd9"}},{"id":"e3cc6b68-3837-4b04-a304-b2a2c2e9e0e5","type":"Feature","feature_type":"anchor","geometry":{"type":"Point","coordinates":[30.374905104306045,60.007356254090048]},"properties":{"unit_id":"be1603cc-5393-4b6a-aeea-aa24c64610ef","address_id":"7c94145b-c74d-4535-a86a-8dd4fac37cd5"}},{"id":"0a2863a8-979e-403b-8ae8-f8a036698d50","type":"Feature","feature_type":"anchor","geometry":{"type":"Point","coordinates":[30.374860520575073,60.0072902164738]},"properties":{"unit_id":"b08b782e-b13c-4377-a31e-cd185f2ded33","address_id":"f1369389-2f6c-45ed-a547-7996013a8def"}},{"id":"4ac3d3d1-be87-488a-ae04-0205dfe0eb83","type":"Feature","feature_type":"anchor","geometry":{"type":"Point","coordinates":[30.37496838477913,60.007449984926772]},"properties":{"unit_id":"7914f295-b317-483a-b15c-f362a31d0c90","address_id":"08b75408-2ae4-4742-8a41-56f41d971597"}},{"id":"14faea7d-b689-4e5a-911b-64801f3d0c40","type":"Feature","feature_type":"anchor","geometry":{"type":"Point","coordinates":[30.374936744657418,60.007403119371183]},"properties":{"unit_id":"17895583-d5c6-45bb-a849-38f2607932fa","address_id":"17ef7a39-e3f3-4997-acdb-9cb96e6b3dda"}},{"id":"d3a293f0-1cc2-42bf-868f-32feb240c521","type":"Feature","feature_type":"anchor","geometry":{"type":"Point","coordinates":[30.373025746592678,60.007572304518121]},"properties":{"unit_id":"dd4c03b6-da81-497f-9de9-d7cd49521477","address_id":"e36d5026-6dbb-4abf-b1f6-3dc4579758a0"}},{"id":"61504868-28b1-4479-a33d-03d191f75e8b","type":"Feature","feature_type":"anchor","geometry":{"type":"Point","coordinates":[30.372993990972073,60.007636589214769]},"properties":{"unit_id":"b795d4ad-b115-4a73-b7f6-cae2777d1223","address_id":"471f1855-da6a-48ff-9502-7e8ae87591f3"}},{"id":"430e134d-e383-4a63-9935-43eb2f36f10b","type":"Feature","feature_type":"anchor","geometry":{"type":"Point","coordinates":[30.373271085057976,60.007590025281019]},"properties":{"unit_id":"4b55a781-715b-4815-a7db-ce6bbe9ac281","address_id":"b1bd2ce8-bf22-4e89-83d5-f533f4f45958"}},{"id":"1867881c-68ac-4145-93d0-33de7133d184","type":"Feature","feature_type":"anchor","geometry":{"type":"Point","coordinates":[30.373201511326631,60.007715474164563]},"properties":{"unit_id":"2475eeb4-fa83-46d1-ba83-b9cdee6ac06f","address_id":"d5339ff1-21be-4afd-a810-0d0ba2415e8b"}},{"id":"df420b1d-ce3a-45bb-aa15-102f40f81dff","type":"Feature","feature_type":"anchor","geometry":{"type":"Point","coordinates":[30.373277789010341,60.007550739243285]},"properties":{"unit_id":"8eaaefdb-d1ee-409a-99e8-c7829f046122","address_id":"1e2b8e08-0e51-41a5-9093-18f5d27c41de"}},{"id":"6e3fd651-340a-4be4-b60a-4d6c9ea658f6","type":"Feature","feature_type":"anchor","geometry":{"type":"Point","coordinates":[30.373143181458214,60.007442753138541]},"properties":{"unit_id":"dc041240-cd57-4ae5-a1e9-406a31cf6455","address_id":"6ef6fa9d-5164-4643-98c0-e55513bb2553"}},{"id":"c84d1066-5e1f-41a6-bacd-66d016912fdc","type":"Feature","feature_type":"anchor","geometry":{"type":"Point","coordinates":[30.373240266424038,60.007474066095448]},"properties":{"unit_id":"105c26db-6ea8-4875-95f8-6e4a96d16749","address_id":"3063bcc6-cf6c-4220-bb9d-c5b64cc2c929"}},{"id":"99d9c5e7-cee6-446f-a8ab-561709ced32f","type":"Feature","feature_type":"anchor","geometry":{"type":"Point","coordinates":[30.372917336733835,60.007480858761809]},"properties":{"unit_id":"669de416-f07b-4717-9a9e-9bffda3e0788","address_id":"08416839-31b9-4b52-b59a-2bf354645b35"}},{"id":"d35f958c-5c20-4223-9379-d15047bd71b9","type":"Feature","feature_type":"anchor","geometry":{"type":"Point","coordinates":[30.372172819143753,60.007942430184173]},"properties":{"unit_id":"a981fbeb-e749-4151-952f-2c1f80f0ada7","address_id":"6b87c276-4ecf-4127-8127-eef81cbc942b"}},{"id":"7e1762ec-cd0e-4804-833d-764356a44d6e","type":"Feature","feature_type":"anchor","geometry":{"type":"Point","coordinates":[30.372360314042083,60.007910795296048]},"properties":{"unit_id":"633e537b-74ea-494d-93d3-7d073b259d64","address_id":"36f116bb-d129-44c5-8738-d6dedfb216f3"}},{"id":"a5b65495-182e-4aa1-a426-5f97b5207f31","type":"Feature","feature_type":"anchor","geometry":{"type":"Point","coordinates":[30.372266566615338,60.007926612740114]},"properties":{"unit_id":"98a21c1d-c7c7-4a42-a878-e69bd88b52f6","address_id":"a05e7e3c-c986-4b0d-b0d0-eb7dafad4f2b"}},{"id":"b21604d5-3520-4745-bacd-747fcc52ae43","type":"Feature","feature_type":"anchor","geometry":{"type":"Point","coordinates":[30.374996575326826,60.007463618288448]},"properties":{"unit_id":"4916303a-6ee3-4055-839f-f4d6bb582eb0","address_id":"301944a3-3e44-4de7-aed0-5beb19cc2e6f"}},{"id":"ecb529eb-f9bc-43f6-9a48-22c1a328cfe9","type":"Feature","feature_type":"anchor","geometry":{"type":"Point","coordinates":[30.371327649700717,60.008082657439658]},"properties":{"unit_id":"84d508b5-1249-4041-bff3-23ed5d771b3f","address_id":"fe1fd0aa-eb2e-4c8a-9733-1216374d5533"}},{"id":"b5a28c85-5e0c-4e5a-b22f-00af65155110","type":"Feature","feature_type":"anchor","geometry":{"type":"Point","coordinates":[30.370838704725919,60.007358374225305]},"properties":{"unit_id":"b00edf9d-2d23-4411-bc04-21f41a17f88e","address_id":"ac3ce38a-4f10-4c7c-8d03-88f42a99793f"}},{"id":"8b32da77-6f73-4a85-b384-55dbb40de2aa","type":"Feature","feature_type":"anchor","geometry":{"type":"Point","coordinates":[30.374507594890964,60.0067393350741]},"properties":{"unit_id":"7977b9bd-291a-4f2e-b3d9-0c8980354013","address_id":"feb3a6cc-5fc7-48df-82ce-226f89873e93"}},{"id":"465d4713-84ce-4935-bfa3-4073e1f6bf7f","type":"Feature","feature_type":"anchor","geometry":{"type":"Point","coordinates":[30.374790094008198,60.0075233726197]},"properties":{"unit_id":"30738ec6-d209-4efc-bf17-c09bb8abe2dc","address_id":"ad453168-318d-4404-a545-f6a6d9f143ec"}},{"id":"b07fa4e6-4926-4b37-9710-543fbc3a6c73","type":"Feature","feature_type":"anchor","geometry":{"type":"Point","coordinates":[30.37209399350181,60.007670983160466]},"properties":{"unit_id":"acc16099-dd47-453f-b369-ee77c54d4c61","address_id":"cb361745-6d0d-4d81-8299-6525f96595c8"}},{"id":"93394323-1081-44da-801c-2c72ee2dc791","type":"Feature","feature_type":"anchor","geometry":{"type":"Point","coordinates":[30.37209399350181,60.007670983160466]},"properties":{"unit_id":"0fa9181b-68fc-4ea1-8fa2-42431c0907ba","address_id":"9ff61e81-ef9d-4c4d-8f94-4229175b3bf5"}},{"id":"17267c1d-514c-49a4-bfbf-ef8c58abb484","type":"Feature","feature_type":"anchor","geometry":{"type":"Point","coordinates":[30.374028588197625,60.007344567684946]},"properties":{"unit_id":"fdc31285-bb32-4328-a2f5-9d950390c420","address_id":"fa93637a-0caa-4a27-bd90-bf5ca1704c22"}},{"id":"dc889c40-7f7b-4716-bb67-1489c8cc8d65","type":"Feature","feature_type":"anchor","geometry":{"type":"Point","coordinates":[30.374028588197625,60.007344567684946]},"properties":{"unit_id":"162c8e79-aad8-4902-bcf2-cf5ba3a7637f","address_id":"c3918c40-ef3f-4fda-a27a-452f280c80e2"}},{"id":"1bb03a54-46c1-45ff-9ab4-1d5be04666aa","type":"Feature","feature_type":"anchor","geometry":{"type":"Point","coordinates":[30.3744594730313,60.007054745332312]},"properties":{"unit_id":"65cfa8fa-2f16-4371-852b-61b1d5d4ef02","address_id":"15218961-b42a-48da-9722-9c454e61d0ac"}},{"id":"4e327ed6-f65c-4aab-96b8-9efaaceff0ea","type":"Feature","feature_type":"anchor","geometry":{"type":"Point","coordinates":[30.374511593009174,60.007082731392174]},"properties":{"unit_id":"72a1339f-af06-42fb-aa4c-8c2735c628ad","address_id":"9fe411fd-d2aa-4bae-8975-6044386514f7"}},{"id":"9f2a30aa-c341-4d79-a8a1-83f097f68d67","type":"Feature","feature_type":"anchor","geometry":{"type":"Point","coordinates":[30.373045473694546,60.007484342644908]},"properties":{"unit_id":"ba4efc0b-4b91-4ecc-bc11-930250808f26","address_id":"70c48169-9f39-4b56-b5ce-6546fdb730ae"}},{"id":"158a9d2c-a45f-45ec-b274-57843c0af0fe","type":"Feature","feature_type":"anchor","geometry":{"type":"Point","coordinates":[30.374996575326826,60.007463618288448]},"properties":{"unit_id":"322b5e24-d3f8-4b3e-a438-da3b45b6cda7","address_id":"5dd53c4a-0220-4cc9-b8cd-edcfc4bfe090"}},{"id":"83d4b5f3-c44b-4054-9d20-bb5e478b85d9","type":"Feature","feature_type":"anchor","geometry":{"type":"Point","coordinates":[30.371327649700717,60.008082657439658]},"properties":{"unit_id":"73148e79-5be4-46a6-871d-3e12fc443362","address_id":"56b5a1e0-b5c2-4618-a606-b152ce8917ef"}},{"id":"0b4b916f-89b1-4c59-bf2a-8142e3d17451","type":"Feature","feature_type":"anchor","geometry":{"type":"Point","coordinates":[30.370838704725919,60.007358374225305]},"properties":{"unit_id":"0f2ddb2c-60ad-4788-a4b8-1b9a028a78e2","address_id":"51f69333-9463-4ec1-bb6a-e7879758096e"}},{"id":"82659ed2-e973-4fdc-9694-29ccb2e1c048","type":"Feature","feature_type":"anchor","geometry":{"type":"Point","coordinates":[30.374507594890964,60.0067393350741]},"properties":{"unit_id":"d2011ab9-6f0d-4c93-8b01-175b4fe8a4c6","address_id":"89382e42-a31d-4af5-bbb4-9e3e9ad92f4e"}},{"id":"3c11ef53-b5b1-46b5-85c5-50c7b0911d98","type":"Feature","feature_type":"anchor","geometry":{"type":"Point","coordinates":[30.371514502835709,60.008155537397933]},"properties":{"unit_id":"6d3c60c2-f047-446e-9dbb-2621478fc453","address_id":"edc48e1f-fa00-43a4-a51b-d1371b00e6e8"}},{"id":"0abcbee0-e0fb-48c5-8e92-857e9cf6f685","type":"Feature","feature_type":"anchor","geometry":{"type":"Point","coordinates":[30.375070509265345,60.007555551470034]},"properties":{"unit_id":"1f82d0b9-fa47-40d6-8092-68ec1755dd4f","address_id":"4a713b3e-bf8e-462a-95d5-580b4574a1f6"}},{"id":"04bcb3ba-3258-4598-8153-d6e66bb99469","type":"Feature","feature_type":"anchor","geometry":{"type":"Point","coordinates":[30.374874493801116,60.007588624482267]},"properties":{"unit_id":"d9db81c5-f83e-4653-8f70-e3a16e3b345d","address_id":"58e6c2e6-76ff-40b2-8839-e3ad82f1e24b"}},{"id":"3e6761bb-1e3c-41a7-bea4-30e0507cc8de","type":"Feature","feature_type":"anchor","geometry":{"type":"Point","coordinates":[30.37171052193451,60.008122464385707]},"properties":{"unit_id":"eed76ea1-ba5f-4bf4-bd36-e784854ef737","address_id":"bc185709-c5c6-42b2-8bb8-d07112a4d46b"}},{"id":"9b6bd468-642f-4c03-a294-b4c3e2627191","type":"Feature","feature_type":"anchor","geometry":{"type":"Point","coordinates":[30.371707754771009,60.008037507478313]},"properties":{"unit_id":"71335841-bedf-4204-92db-929218ce6b39","address_id":"206a1f71-c0a2-4f69-9070-a09c2c4474e3"}},{"id":"c579ef71-1186-4923-ab79-123c5f2033e2","type":"Feature","feature_type":"anchor","geometry":{"type":"Point","coordinates":[30.374493989054109,60.007105871193346]},"properties":{"unit_id":"733bf6b5-1c52-4cfd-8444-a66ba375ab4a","address_id":"4fa93509-689f-4544-9238-c19e4653dee1"}},{"id":"9487f0ee-c6a7-4e23-af7f-ddd2400325b9","type":"Feature","feature_type":"anchor","geometry":{"type":"Point","coordinates":[30.371427061033135,60.007610290480677]},"properties":{"unit_id":"44f12423-7a58-4383-83af-9507eaf90580","address_id":"12cef260-a30c-494c-8243-dba71687c194"}},{"id":"a2ede2e4-ee3f-4493-9849-ef19349bb47a","type":"Feature","feature_type":"anchor","geometry":{"type":"Point","coordinates":[30.374179595567472,60.007568243464213]},"properties":{"unit_id":"4c640e97-8aec-423c-8e76-77942373325d","address_id":"8e2eac64-c113-47e3-acb7-6a29638831cc"}},{"id":"c481e58f-9c43-4768-a903-a052cbdba10f","type":"Feature","feature_type":"anchor","geometry":{"type":"Point","coordinates":[30.373999132818255,60.007589200555259]},"properties":{"unit_id":"802666e1-68ea-4f96-82c0-f0793664260b","address_id":"14ba01ca-6b89-41c6-b300-f6f61a1a385f"}},{"id":"536b6242-8895-4ab0-9983-88437561ed41","type":"Feature","feature_type":"anchor","geometry":{"type":"Point","coordinates":[30.3743485522642,60.007530244602449]},"properties":{"unit_id":"ed6558d1-2a2d-4e23-ae28-e9c5f126a5d9","address_id":"1abe0866-c5dd-4a9a-8dc3-ce54a30899a4"}},{"id":"8cb93a27-23d6-4595-bf67-a311681409a0","type":"Feature","feature_type":"anchor","geometry":{"type":"Point","coordinates":[30.374583611216938,60.0074882110341]},"properties":{"unit_id":"23d85377-8820-45ba-91c9-2b3a01548ada","address_id":"afb541ef-b4ba-46a9-9c9f-3728f938e447"}},{"id":"a93c43d0-a0fc-43b4-bf4f-8f0e6f8b3844","type":"Feature","feature_type":"anchor","geometry":{"type":"Point","coordinates":[30.371218806242318,60.00731322426396]},"properties":{"unit_id":"d5e0df5b-1c3e-4c6e-bb5c-e15e7e98c906","address_id":"2c926edf-3c13-4ad0-996e-007fc0ea2449"}},{"id":"f421d345-814d-4781-88dd-111debc645a8","type":"Feature","feature_type":"anchor","geometry":{"type":"Point","coordinates":[30.372086802950044,60.007660331985157]},"properties":{"unit_id":"0aa9636f-c3ea-4ea5-8d8f-5a2c33da803d","address_id":"22945245-f3d8-4ad6-82b7-73d908a958f7"}},{"id":"0c9f41d5-84f6-4310-9b51-4b5a5b4361fa","type":"Feature","feature_type":"anchor","geometry":{"type":"Point","coordinates":[30.37402139736982,60.007333916509637]},"properties":{"unit_id":"d1d9e9b5-d7a8-43d2-8ee9-7bf8a7f0ca85","address_id":"0aacd42b-8fb5-4397-9220-f06204ba0ed7"}},{"id":"3df45df6-e212-470d-858a-9a9deecb7dcc","type":"Feature","feature_type":"anchor","geometry":{"type":"Point","coordinates":[30.37298102123426,60.007613862188151]},"properties":{"unit_id":"4b287f11-5324-406a-b8f1-eea67b37d26a","address_id":"37bce4b1-0dd9-40e9-8bff-46d6578680e4"}},{"id":"f2e183e6-2a32-4b89-8432-173b5b96edc8","type":"Feature","feature_type":"anchor","geometry":{"type":"Point","coordinates":[30.372316855347343,60.007795923760447]},"properties":{"unit_id":"c2695e81-d5d9-4526-875d-dad026ea96bd","address_id":"fa3d5f62-5932-440e-a611-4470a2053682"}},{"id":"863e6454-c1eb-4266-9464-f6c954972d14","type":"Feature","feature_type":"anchor","geometry":{"type":"Point","coordinates":[30.372068927857036,60.007837755332744]},"properties":{"unit_id":"b70645f0-375c-446e-bcc7-1d838434a1a5","address_id":"9018c212-193f-4933-bd11-b22bf657934a"}},{"id":"35dab587-936b-4690-b97d-460eb70f35a7","type":"Feature","feature_type":"anchor","geometry":{"type":"Point","coordinates":[30.372278851355578,60.007694369418786]},"properties":{"unit_id":"a21baf6f-6d09-4c3b-a973-2d584b44e125","address_id":"83a8c5c0-f3ac-4204-ab7e-c26870904eb4"}},{"id":"f16c518b-7c43-4427-95d6-fc7ce334f5a6","type":"Feature","feature_type":"anchor","geometry":{"type":"Point","coordinates":[30.37197528800759,60.007745588044315]},"properties":{"unit_id":"cf5ed5ee-596f-4df4-a168-166af041c6af","address_id":"01ae436d-d5a3-4acb-adf5-47b697d3f89e"}},{"id":"a40c8de8-e712-4d2f-bc07-ea45dbbffea5","type":"Feature","feature_type":"anchor","geometry":{"type":"Point","coordinates":[30.372141875563237,60.0077981591652]},"properties":{"unit_id":"3bba2ea8-f1c6-49ef-b5ba-f4285dc8bd52","address_id":"d4e75515-9d46-432a-8428-5f53d92b35d9"}},{"id":"7cc0828b-c112-4a0a-903d-6d52f213999d","type":"Feature","feature_type":"anchor","geometry":{"type":"Point","coordinates":[30.372028315859204,60.007731895401186]},"properties":{"unit_id":"a56d0650-d796-445d-8a52-c55d7e1b8658","address_id":"234bf386-544f-487a-b751-341f85870d53"}},{"id":"a2ea28de-c8c8-43db-be4b-d0d8ae487dab","type":"Feature","feature_type":"anchor","geometry":{"type":"Point","coordinates":[30.372220071563291,60.007699541451011]},"properties":{"unit_id":"27d9494e-f9f9-484d-9045-8300332bdd57","address_id":"b85dcc37-9e6f-4207-8497-c32b8a2cc6c8"}},{"id":"fc25e08c-c2da-4ce5-b008-536672598bdf","type":"Feature","feature_type":"anchor","geometry":{"type":"Point","coordinates":[30.371794060451212,60.00754836853411]},"properties":{"unit_id":"df492c74-e70e-42ad-98a9-cce6f4f2d4b1","address_id":"c3c6493c-2b38-4e85-a7f9-8f014ae3b4f4"}},{"id":"24206b02-6a3d-4377-a2da-5b4c0f714871","type":"Feature","feature_type":"anchor","geometry":{"type":"Point","coordinates":[30.371983259755527,60.007506954402039]},"properties":{"unit_id":"1cbe883c-61c6-4668-808a-3907668bf4e6","address_id":"063733f7-7f79-4102-a108-3d3bd7c344b6"}},{"id":"fd4aa10d-467e-4595-a244-1e1c11425273","type":"Feature","feature_type":"anchor","geometry":{"type":"Point","coordinates":[30.373662604603169,60.007233097148195]},"properties":{"unit_id":"8e525377-204a-4e7f-bff7-68614b542645","address_id":"e22669db-9582-4c58-87f4-f0c7a9cc8649"}},{"id":"01f19688-b3b9-4d41-b7e4-d32f33f49bc5","type":"Feature","feature_type":"anchor","geometry":{"type":"Point","coordinates":[30.373728653178187,60.00722195305859]},"properties":{"unit_id":"e018fcf4-890d-4057-a978-d975dda9eb1c","address_id":"3a75ea12-0c13-4346-a656-aa607638ed46"}},{"id":"8f75cf51-9c4d-4ccd-ac3b-848d5c02613b","type":"Feature","feature_type":"anchor","geometry":{"type":"Point","coordinates":[30.37346232809859,60.007266888948031]},"properties":{"unit_id":"148c77a9-61d5-43e4-a56e-e67d32bfe045","address_id":"63df80f7-1697-44aa-be2b-d33c40b62551"}},{"id":"7d6e133a-6247-4f6a-a551-7e441f0b485a","type":"Feature","feature_type":"anchor","geometry":{"type":"Point","coordinates":[30.373330231021306,60.007289177401681]},"properties":{"unit_id":"451a11b8-4099-492d-8b86-21f99aa94aeb","address_id":"819f1bf1-46bb-41f4-bb5d-c43c13321049"}},{"id":"a1862bd7-543e-4be5-aa21-c15f8c08426f","type":"Feature","feature_type":"anchor","geometry":{"type":"Point","coordinates":[30.372642659082342,60.007344679661017]},"properties":{"unit_id":"7cbacd7f-84b8-4aae-86e6-d73086315410","address_id":"020e98ed-d207-432b-be11-57dcec867b93"}},{"id":"d6242d78-19e5-4092-b5a4-6b1de90afcd1","type":"Feature","feature_type":"anchor","geometry":{"type":"Point","coordinates":[30.37173227227948,60.007558793561657]},"properties":{"unit_id":"fe3f6b2e-ccfc-4b39-9676-3b9d72eb35a3","address_id":"e78f9efe-e475-43d1-ae0e-4b538ec8652e"}},{"id":"eab451d1-0d63-41ba-9f13-5d3d4c338ab1","type":"Feature","feature_type":"anchor","geometry":{"type":"Point","coordinates":[30.371670484637256,60.007569218863658]},"properties":{"unit_id":"5d6ec619-9439-4835-92af-b62e3aae0783","address_id":"c5f8c767-dc52-4979-9984-42ad5bd9b7e9"}},{"id":"a3ce9208-e437-4fe9-bd05-94bb84e0a5b4","type":"Feature","feature_type":"anchor","geometry":{"type":"Point","coordinates":[30.371608696426577,60.007579643891205]},"properties":{"unit_id":"67e3d787-eb3a-4b58-8b27-e30b02eb50a3","address_id":"45886d34-c58f-4c0f-b770-1aae6828051e"}},{"id":"b0500f31-84be-40c7-b1c5-0bf1ea64fc81","type":"Feature","feature_type":"anchor","geometry":{"type":"Point","coordinates":[30.371546908745398,60.007590069193206]},"properties":{"unit_id":"6d40cbb1-5b21-4063-b4b0-441443f01127","address_id":"50e15178-81e0-4928-8b4e-bbf786b53a7f"}},{"id":"687eb2fa-7802-42ed-b589-58240ec8bc37","type":"Feature","feature_type":"anchor","geometry":{"type":"Point","coordinates":[30.371485120495763,60.007600494220753]},"properties":{"unit_id":"80466f10-2eeb-4fec-9bcb-5f0bf677413e","address_id":"263aca89-f0f9-423c-9b4e-679cdae77d26"}},{"id":"bdaae184-19fa-4a35-8283-eaf22fea5673","type":"Feature","feature_type":"anchor","geometry":{"type":"Point","coordinates":[30.3712214914761,60.007708943324609]},"properties":{"unit_id":"38e64533-e4c1-4f09-a132-edc544b7b5bd","address_id":"1726716a-5064-489d-ab4d-fb99f60dff78"}},{"id":"2d18d352-08b9-43ce-9578-8f33cd31e925","type":"Feature","feature_type":"anchor","geometry":{"type":"Point","coordinates":[30.371308863483776,60.007661080687939]},"properties":{"unit_id":"26aa8a1b-9292-48f0-874b-237d8f1fd9fc","address_id":"3e06c3e9-7065-4077-8150-158904b3e34f"}},{"id":"0d1687bf-0ef8-43b8-be9e-d1eb3bbf1d17","type":"Feature","feature_type":"anchor","geometry":{"type":"Point","coordinates":[30.371273683639611,60.007615999339386]},"properties":{"unit_id":"1fa6354a-2f41-466d-a5ad-2f728560d4db","address_id":"0f5172e8-e89e-4851-a253-a57499a64462"}},{"id":"4e86ecdc-f52a-4101-8fab-56f84f092cc7","type":"Feature","feature_type":"anchor","geometry":{"type":"Point","coordinates":[30.371144968546545,60.007615174339179]},"properties":{"unit_id":"121cb846-9f41-4a59-8fca-387315258a35","address_id":"33235788-648e-40e5-9dd5-fca683271f0b"}},{"id":"938b677f-e617-4861-a3ae-abaaf2973929","type":"Feature","feature_type":"anchor","geometry":{"type":"Point","coordinates":[30.371283023880011,60.007819677783331]},"properties":{"unit_id":"f0d78bff-0066-4c21-a47e-1556017c03ec","address_id":"2e9ca421-f2c6-4b71-8770-0ce91c47aaa6"}},{"id":"a8389b2b-07d7-41df-85d5-0f97f5b6120f","type":"Feature","feature_type":"anchor","geometry":{"type":"Point","coordinates":[30.371382977554042,60.007777897807856]},"properties":{"unit_id":"560eed01-2cb8-4bf9-a5d4-8cf16418e1ff","address_id":"0447af22-f629-4790-b186-137d86c01469"}},{"id":"64fa9cd9-34e0-49be-b603-72a307ca6128","type":"Feature","feature_type":"anchor","geometry":{"type":"Point","coordinates":[30.371357758539926,60.007733509174045]},"properties":{"unit_id":"d42d6045-99f6-47a7-9c16-2a70650e839f","address_id":"c3f14c56-989a-4081-a7ee-b2d0a592dda5"}},{"id":"7ea81b90-f223-431f-a059-efc1122f43fa","type":"Feature","feature_type":"anchor","geometry":{"type":"Point","coordinates":[30.371163545842997,60.007579412803324]},"properties":{"unit_id":"f1b22b6e-7bd8-49e7-893e-2d3578fc48b0","address_id":"792274ba-9420-404f-ac41-99fd3b910a06"}},{"id":"20b19d15-e311-4e50-89f3-b8592301ca53","type":"Feature","feature_type":"anchor","geometry":{"type":"Point","coordinates":[30.371141255827542,60.007546394132426]},"properties":{"unit_id":"df062306-385e-4884-a589-28a664c78f97","address_id":"a162a691-c184-4cb6-97a2-3b74949cb291"}},{"id":"ad46dbd6-074c-4530-9806-d492f43d372b","type":"Feature","feature_type":"anchor","geometry":{"type":"Point","coordinates":[30.371118965834356,60.007513375187074]},"properties":{"unit_id":"cf310519-e7b8-403d-aeaf-032d766a499a","address_id":"90bd2ec9-9edc-4fc5-8003-68c186d8a978"}},{"id":"8049dd32-f72b-4566-92b4-16d2b82e2f11","type":"Feature","feature_type":"anchor","geometry":{"type":"Point","coordinates":[30.371096675588909,60.007480356516176]},"properties":{"unit_id":"d300288b-9b95-40dc-9593-4b51eccc0912","address_id":"7ecfb336-42e9-4027-8d93-3e231d35d6fc"}},{"id":"74fb0db9-a788-4944-9aeb-d81d24b9348a","type":"Feature","feature_type":"anchor","geometry":{"type":"Point","coordinates":[30.371074385640231,60.007447337570824]},"properties":{"unit_id":"3407dbc7-8145-464e-af47-e9c155e1b517","address_id":"0210f422-0b56-4af7-8455-a78d987f4820"}},{"id":"908f399c-cbd0-48a5-a2db-3e29f6f12b90","type":"Feature","feature_type":"anchor","geometry":{"type":"Point","coordinates":[30.371052095439289,60.007414318899926]},"properties":{"unit_id":"133e4311-b6ae-4ab1-b170-91ae4bb5cbeb","address_id":"88297876-2685-469a-b805-f8f2ce54f30f"}},{"id":"69044ca6-c6b1-4bbf-a722-34c11c18cf0a","type":"Feature","feature_type":"anchor","geometry":{"type":"Point","coordinates":[30.37102980553512,60.007381299954574]},"properties":{"unit_id":"c9af1cda-0d44-4973-8aab-ed536fc2d88e","address_id":"bd3f7e78-a515-48ff-a5b6-3b76fb4d5c26"}},{"id":"9bd6aaf2-a925-4b35-8b0d-b6b46d57c9c8","type":"Feature","feature_type":"anchor","geometry":{"type":"Point","coordinates":[30.371474890911248,60.0080406104232]},"properties":{"unit_id":"e53899a0-da95-4d4e-ab7a-f35602a5e364","address_id":"31c97d9a-b4a5-4d5d-a490-322d6316991f"}},{"id":"ee4c9172-98b0-4067-ac88-50652c73c493","type":"Feature","feature_type":"anchor","geometry":{"type":"Point","coordinates":[30.371452600310455,60.008007591752296]},"properties":{"unit_id":"c5133b94-52b3-4153-abd1-4ef51d9398eb","address_id":"7bd2a4a7-9d64-4134-ba55-678860e01d2e"}},{"id":"29616506-5947-4e8d-8491-27443e186106","type":"Feature","feature_type":"anchor","geometry":{"type":"Point","coordinates":[30.371430310006417,60.0079745730814]},"properties":{"unit_id":"70b71129-4cc4-42f1-ae64-ab208b9bd562","address_id":"325976ae-fcab-40e6-94b7-763196764df2"}},{"id":"548d120d-d4fd-4598-981d-c46bd7cc5586","type":"Feature","feature_type":"anchor","geometry":{"type":"Point","coordinates":[30.37140801972463,60.0079415544105]},"properties":{"unit_id":"f5be9106-e66e-4a93-b394-d60add968f18","address_id":"3cc3d013-28b0-49ef-a702-ee80dc1acc24"}},{"id":"9ca0406e-c088-4e60-885c-0872626b9a10","type":"Feature","feature_type":"anchor","geometry":{"type":"Point","coordinates":[30.371385729190603,60.0079085357396]},"properties":{"unit_id":"74847e6c-d7c5-42c7-88f0-6a497194a331","address_id":"251432e6-65e1-424f-9f84-930ff6372296"}},{"id":"c25f344a-9625-4bb0-a83c-2cccaa9ca1f8","type":"Feature","feature_type":"anchor","geometry":{"type":"Point","coordinates":[30.371363438953342,60.00787551679425]},"properties":{"unit_id":"2d13370e-d42c-47fe-92a2-4b65f17146f4","address_id":"9df32620-0689-4b46-81d0-b1572e3744b0"}},{"id":"6728ee39-6366-4fbc-931b-e1431bdf2436","type":"Feature","feature_type":"anchor","geometry":{"type":"Point","coordinates":[30.371341148738317,60.007842498123352]},"properties":{"unit_id":"4b5d2b40-8921-4d71-96a6-b65fcd080fe7","address_id":"73c1aef5-bf01-4c60-9594-bd123cef3355"}},{"id":"b258fde1-29a7-4542-b29f-1d0c23ee8e53","type":"Feature","feature_type":"anchor","geometry":{"type":"Point","coordinates":[30.3739430180772,60.007407650285487]},"properties":{"unit_id":"bcae4425-ce6e-4dc7-a2fc-c41de8fed8e7","address_id":"3f0d2830-e26b-472f-98a5-4a6b80b2e756"}},{"id":"cc622b05-343f-4f59-9880-54044a3fa578","type":"Feature","feature_type":"anchor","geometry":{"type":"Point","coordinates":[30.374252454727632,60.007398448761236]},"properties":{"unit_id":"4d022934-a3a4-4f41-8526-cc1811b68d3a","address_id":"bd9364e3-9d05-4357-86b5-f7e8c932e557"}},{"id":"ede35285-97d8-4af4-81c7-f113b5c6431c","type":"Feature","feature_type":"anchor","geometry":{"type":"Point","coordinates":[30.374103681490748,60.007458610378023]},"properties":{"unit_id":"ce1601e1-bf4e-43f5-830e-a64e178d7db7","address_id":"d69c7266-dc6c-4601-9bc0-6ebfa663595b"}},{"id":"b2d86bd3-3b7f-4839-b71b-4eea42392dd3","type":"Feature","feature_type":"anchor","geometry":{"type":"Point","coordinates":[30.37319661612965,60.00725121284632]},"properties":{"unit_id":"ddc1f0a3-18d8-44cf-be96-da86f71c0da4","address_id":"add2a7fc-a71f-44c0-8010-9bb3e2ebdd78"}},{"id":"39e73122-cdb9-48aa-b4d2-355ce6a8463b","type":"Feature","feature_type":"anchor","geometry":{"type":"Point","coordinates":[30.373917850200318,60.007180538926519]},"properties":{"unit_id":"d1cf13a1-dc6e-4353-bb7c-653fe35daeda","address_id":"f638c119-e46d-4f02-9538-d04cd03a86a6"}},{"id":"484dadaf-1c66-492f-831d-80adf871bdb4","type":"Feature","feature_type":"anchor","geometry":{"type":"Point","coordinates":[30.374118552244418,60.00715616656516]},"properties":{"unit_id":"782fff30-da05-4030-9aef-217451072361","address_id":"61ee7199-25d2-41f9-9d54-6f43551f2f17"}},{"id":"fc6bd46e-449c-4a60-ba41-6867faa045e8","type":"Feature","feature_type":"anchor","geometry":{"type":"Point","coordinates":[30.373596556005896,60.007244241237792]},"properties":{"unit_id":"1d1e86a1-06b7-4561-b4a6-e1138b73ba75","address_id":"4c767bda-d4c3-43ce-8385-7646e5cdd6ba"}},{"id":"a8262b29-3241-46a7-ac1a-43557b451caf","type":"Feature","feature_type":"anchor","geometry":{"type":"Point","coordinates":[30.3741846006658,60.007145022475555]},"properties":{"unit_id":"eea9f957-853f-4dbc-8e44-6ce135d1a9e6","address_id":"3ccf69f9-00c5-49e2-a4a6-a48e62bf5dc1"}},{"id":"f9221e59-029e-4c2b-872f-cd68ca00ac2f","type":"Feature","feature_type":"anchor","geometry":{"type":"Point","coordinates":[30.374250649064926,60.00713387838595]},"properties":{"unit_id":"44b29194-25e7-44d8-bdec-d51b2111e07e","address_id":"dbbcab69-c96f-4873-92b8-57e70b1e51ca"}},{"id":"458c9289-a6d9-4281-88be-4bd1314cd3ed","type":"Feature","feature_type":"anchor","geometry":{"type":"Point","coordinates":[30.374316697441795,60.007122734296352]},"properties":{"unit_id":"5d9948f9-0f58-419a-b658-a2715b2dc803","address_id":"2ef179bd-9af3-492a-9659-7ffd6b919a9a"}},{"id":"1f37faaa-65db-41a1-ae3c-b446f363882c","type":"Feature","feature_type":"anchor","geometry":{"type":"Point","coordinates":[30.374402986288363,60.007108174936434]},"properties":{"unit_id":"34e78a1a-f3e5-4da9-a715-69d4017054ee","address_id":"5ec9faac-205c-49bd-9ee1-b6d590cee307"}},{"id":"b097e09d-04a0-400a-a0ec-0979950ca119","type":"Feature","feature_type":"anchor","geometry":{"type":"Point","coordinates":[30.374790094008198,60.0075233726197]},"properties":{"unit_id":"34660f02-fa91-4ce3-a888-3b1671d9c1c4","address_id":"1c3e1f3c-e9ae-43d8-9792-3b36388c05a6"}},{"id":"b3054c7f-3b57-4990-a82a-a106d9a7b708","type":"Feature","feature_type":"anchor","geometry":{"type":"Point","coordinates":[30.372183963365657,60.00748258204068]},"properties":{"unit_id":"67b09dba-f412-416c-aa41-1487fba5b1b8","address_id":"1dd8f401-e0be-4586-b68d-eba58bed5314"}},{"id":"6b374a7d-e570-4f16-a2fe-89aa3b2b4d6a","type":"Feature","feature_type":"anchor","geometry":{"type":"Point","coordinates":[30.372250012164422,60.007471437951075]},"properties":{"unit_id":"8fb9fc5c-418d-425d-82a2-e1b7e400bd0b","address_id":"3229992a-f80b-417e-b0bd-be647658e752"}},{"id":"f8a615d2-0a5f-4cfa-8261-bbba6bb5fab8","type":"Feature","feature_type":"anchor","geometry":{"type":"Point","coordinates":[30.372316061489922,60.007460293861477]},"properties":{"unit_id":"d7929e76-e51a-4d0d-b9c4-6d1a14baa4eb","address_id":"e5f117dd-b152-42a9-a036-28b88addfdc2"}},{"id":"e2fb9957-9f71-4904-80b5-b8925d25621c","type":"Feature","feature_type":"anchor","geometry":{"type":"Point","coordinates":[30.372382110244175,60.007449149771872]},"properties":{"unit_id":"ade7418b-d3b2-47f4-9262-54557e007d4a","address_id":"98e046f3-1026-4344-853c-06211108dd5c"}},{"id":"16f60b9e-ed97-4e4e-a915-8eb9c5f3c229","type":"Feature","feature_type":"anchor","geometry":{"type":"Point","coordinates":[30.372481183882822,60.007432433500242]},"properties":{"unit_id":"dd3a5627-4dd7-44ad-b912-f1df923660d7","address_id":"279f89e7-181b-4fcc-8296-23c2b626832e"}},{"id":"373c1247-1743-4caa-a663-ed48824881a9","type":"Feature","feature_type":"anchor","geometry":{"type":"Point","coordinates":[30.372582388126975,60.007415357697589]},"properties":{"unit_id":"ec184441-9857-4129-bc3b-d8bb3438faca","address_id":"a9cdb8bd-8d4d-4a8a-bdd8-912f827ce1c4"}},{"id":"c311274c-6b87-4730-a588-fd97e6f23a59","type":"Feature","feature_type":"anchor","geometry":{"type":"Point","coordinates":[30.372925390085364,60.007306467276251]},"properties":{"unit_id":"b6d22fea-db21-4f82-bc71-1562c88faf02","address_id":"f4ec8511-ae8a-42b3-ae7a-8fd09051174a"}},{"id":"037fbf42-b69b-4a52-b204-fb1d663b0071","type":"Feature","feature_type":"anchor","geometry":{"type":"Point","coordinates":[30.374477979521593,60.006677890672563]},"properties":{"unit_id":"1021b298-77e8-4a62-b9c4-cb43bd6044eb","address_id":"0a1a5b72-8033-4181-8c9c-50b774062d3d"}},{"id":"b63e9f26-ee17-4b49-b5ec-26df96af360b","type":"Feature","feature_type":"anchor","geometry":{"type":"Point","coordinates":[30.374281966361952,60.006710963684796]},"properties":{"unit_id":"adb77982-5c5b-42eb-8d12-0e657372398f","address_id":"a801973f-5aad-4eb4-b7ac-bd4a2421ac25"}},{"id":"8634e814-c3f9-400e-b9f7-ebc6ce6a192d","type":"Feature","feature_type":"anchor","geometry":{"type":"Point","coordinates":[30.374743668309669,60.007117134120307]},"properties":{"unit_id":"a78ea147-8b6b-4478-b70e-d6540cf77050","address_id":"01b5cbd3-5094-4481-9c14-63772020da38"}},{"id":"fe86ef0a-7513-45c3-9dbc-3e63901f4303","type":"Feature","feature_type":"anchor","geometry":{"type":"Point","coordinates":[30.374691174961811,60.00703938018377]},"properties":{"unit_id":"ec362d52-d39e-4eb9-838c-f04639ae6afe","address_id":"1161d1c0-b854-48c2-be75-e24097e26c31"}},{"id":"15c8816d-1680-4d91-94b8-c79d06d48506","type":"Feature","feature_type":"anchor","geometry":{"type":"Point","coordinates":[30.374630412096966,60.006949377217239]},"properties":{"unit_id":"eeeff794-ab13-4900-8870-da0f9684539d","address_id":"a00864d9-c0d8-4d7a-8e6d-d6a45780fd6d"}},{"id":"a51030e1-45b8-43fb-9d66-9fbc5f4bc4c3","type":"Feature","feature_type":"anchor","geometry":{"type":"Point","coordinates":[30.37460812056322,60.006916358546341]},"properties":{"unit_id":"a11582ee-e2b2-4f19-99e3-b2b6c432cc6f","address_id":"dd09fafc-892a-4c52-beec-4344afcd1c5f"}},{"id":"1e0aeb61-8373-4927-8767-695dccf145be","type":"Feature","feature_type":"anchor","geometry":{"type":"Point","coordinates":[30.374655939649816,60.006987189177757]},"properties":{"unit_id":"ee56e146-9058-45c4-9754-7491b1f617b8","address_id":"978989f0-ffdd-49df-91e0-ca72c507927a"}},{"id":"6b8427f4-9682-4a4b-a239-0651fa33c53c","type":"Feature","feature_type":"anchor","geometry":{"type":"Point","coordinates":[30.3745344144145,60.006807183519143]},"properties":{"unit_id":"260b96dd-b78e-4305-bef7-be9414c73ccf","address_id":"bcb42758-8758-4431-8891-82da4bef43b5"}},{"id":"876ea075-35bf-4825-8430-7ebd58f03536","type":"Feature","feature_type":"anchor","geometry":{"type":"Point","coordinates":[30.374576121230319,60.006868960555487]},"properties":{"unit_id":"df0ba666-3095-4b0e-90aa-c7dc6b622cd4","address_id":"6f7b9afb-8754-4f09-9b2b-fd2d24b79ef8"}},{"id":"039f718e-87a5-47c7-8cff-87e18220c505","type":"Feature","feature_type":"anchor","geometry":{"type":"Point","coordinates":[30.374781061011983,60.007172520286794]},"properties":{"unit_id":"26c50c1f-aaaa-4123-929c-4684e467cb8e","address_id":"69732ba5-9434-4186-bb42-b629b513a9a0"}},{"id":"c1ab5520-ce85-44fd-8bbf-6aefe6f8b691","type":"Feature","feature_type":"anchor","geometry":{"type":"Point","coordinates":[30.374806588737069,60.007210332247311]},"properties":{"unit_id":"cea9a73c-c724-4827-983b-4ccc7e7487b8","address_id":"6c574ce4-a039-4572-8a55-cc2b8d6f2ca5"}},{"id":"eb614b73-6fe9-4b5a-9bcd-c585f1c5e229","type":"Feature","feature_type":"anchor","geometry":{"type":"Point","coordinates":[30.374863037423893,60.007293944343992]},"properties":{"unit_id":"e15c5247-1e88-40d7-b496-d335b8c3200d","address_id":"55aef6a3-4511-49cd-8116-7d6b578191a6"}},{"id":"963fa48f-2047-4181-a9e0-eab517cd94dd","type":"Feature","feature_type":"anchor","geometry":{"type":"Point","coordinates":[30.374828880606209,60.007243350918209]},"properties":{"unit_id":"256a22a9-d842-4125-a27b-4f46c2970250","address_id":"41b4c5fb-9710-44ff-9ad8-8cb6a647c777"}},{"id":"21afc9e3-3bff-4781-b91d-431064d6356b","type":"Feature","feature_type":"anchor","geometry":{"type":"Point","coordinates":[30.374897194293833,60.007344537769768]},"properties":{"unit_id":"1597e374-1bba-4d95-9991-774334a22c31","address_id":"4137f6fd-fb84-4097-bd76-9f221cdab562"}},{"id":"1585f2c5-3d1a-4b12-8df7-c5d8c4fd2df6","type":"Feature","feature_type":"anchor","geometry":{"type":"Point","coordinates":[30.374930991763108,60.007394598485831]},"properties":{"unit_id":"60445775-2f59-478b-baf9-2a1465485853","address_id":"bd3e570c-95c9-4812-b540-a67a66620df8"}},{"id":"5b7028b0-8239-4b35-b7d9-6de37860bb40","type":"Feature","feature_type":"anchor","geometry":{"type":"Point","coordinates":[30.37496838477913,60.007449984926772]},"properties":{"unit_id":"28ae39ef-9d69-4f7e-b632-d93884045218","address_id":"f7943517-67d7-4206-95be-4b1a61d936e7"}},{"id":"1ed3e6f4-042b-4ff4-a23f-bc0028bfd824","type":"Feature","feature_type":"anchor","geometry":{"type":"Point","coordinates":[30.374291128243524,60.006794842273557]},"properties":{"unit_id":"d6f26193-87a6-44b4-9c8e-9c18b2ba08f6","address_id":"d9b7b4b4-fd34-4b21-bdd5-2fa349d19438"}},{"id":"5cbb537a-5e29-4569-89c5-895065cfd763","type":"Feature","feature_type":"anchor","geometry":{"type":"Point","coordinates":[30.373025550125593,60.007672790146941]},"properties":{"unit_id":"44ab22d9-ac8f-4b0a-b237-8dacae29fec3","address_id":"55018a12-ac2c-4863-ae01-a95be20e3937"}},{"id":"b23a6c62-7e17-45a1-a685-bcff9670e8e2","type":"Feature","feature_type":"anchor","geometry":{"type":"Point","coordinates":[30.373253525827455,60.007634324992651]},"properties":{"unit_id":"49252497-657e-49c6-8b1a-c4d617528d98","address_id":"8c01351e-3a72-49d3-b8c3-7881c03be19b"}},{"id":"e1353970-39d4-457d-9939-7eca3f1f87b9","type":"Feature","feature_type":"anchor","geometry":{"type":"Point","coordinates":[30.373343011562465,60.007619226336196]},"properties":{"unit_id":"05c7de8d-ae38-4b61-8fc1-56dfec211c96","address_id":"eac1a221-9851-41d5-91b9-6ffcf84c5c8a"}},{"id":"41235086-fc4a-47a1-9f38-fdb56e897862","type":"Feature","feature_type":"anchor","geometry":{"type":"Point","coordinates":[30.373224599755805,60.007950054986466]},"properties":{"unit_id":"c7ecb4d9-f802-4737-b11a-b051a6ddee6b","address_id":"0022ea55-ee49-48c4-9a80-bbea12c4d19f"}},{"id":"b8e99e2e-c2da-4184-ab5d-9754b241b327","type":"Feature","feature_type":"anchor","geometry":{"type":"Point","coordinates":[30.373467490690246,60.007909073389435]},"properties":{"unit_id":"95a201ad-6127-4a42-a15f-2288c8680ed4","address_id":"c5f369e5-601f-4ad4-bdad-59efcc50a339"}},{"id":"f03ff6ac-e749-4d71-8f58-08b3bd07ec38","type":"Feature","feature_type":"anchor","geometry":{"type":"Point","coordinates":[30.373160681038829,60.007960839270595]},"properties":{"unit_id":"06ad585e-e64a-4144-b59e-1d1f70916049","address_id":"412b8a65-b1ad-4aac-b77b-91ce2facf26e"}},{"id":"83691cdc-5c37-4ca8-85bb-2dd647516fc5","type":"Feature","feature_type":"anchor","geometry":{"type":"Point","coordinates":[30.37324791779503,60.007784213752544]},"properties":{"unit_id":"35f2a92f-1c59-4b8a-b287-ecce42061882","address_id":"872905c1-d2ad-4cdd-83a0-eafdf4d34592"}},{"id":"3d836ee6-8269-4ee0-9096-b354ec102c58","type":"Feature","feature_type":"anchor","geometry":{"type":"Point","coordinates":[30.373273314223148,60.00761793531791]},"properties":{"unit_id":"bbeefeb6-2d44-4141-b856-00168a45ce69","address_id":"3c586b69-a365-4583-9868-b600057a11ab"}},{"id":"5e2c2584-92c1-400b-89fd-0f5da00c4b2b","type":"Feature","feature_type":"anchor","geometry":{"type":"Point","coordinates":[30.371015308124854,60.007296542847634]},"properties":{"unit_id":"4298f876-971b-43f7-ad45-4ac5c7304db9","address_id":"f865f937-658d-4d26-b3f2-57c828224723"}},{"id":"0efb5546-d5f0-4433-8378-250691a9edbe","type":"Feature","feature_type":"anchor","geometry":{"type":"Point","coordinates":[30.370898203194294,60.007326979207505]},"properties":{"unit_id":"646ec7e0-6ec1-47a0-8468-3f660af21d7a","address_id":"1449b5e9-9bc4-49e6-8f11-97f2698a4e10"}},{"id":"d3d369a3-dcd9-47ca-a179-7e61e44245ef","type":"Feature","feature_type":"anchor","geometry":{"type":"Point","coordinates":[30.370843557136009,60.007246029836047]},"properties":{"unit_id":"15378871-c23c-4cc2-81c1-eafe5be8710e","address_id":"90eb0b47-e7e4-458e-a41b-720062007932"}},{"id":"a7acc7e5-c3f4-46d3-b587-eee91f4bf450","type":"Feature","feature_type":"anchor","geometry":{"type":"Point","coordinates":[30.371090708548724,60.007204329176957]},"properties":{"unit_id":"ae04f0b6-c658-42b1-815c-7333551707d7","address_id":"f9d02ce6-cd01-4637-82a2-9a585dc6780f"}},{"id":"510d0eb5-946c-484a-ab69-408b6e0cccc4","type":"Feature","feature_type":"anchor","geometry":{"type":"Point","coordinates":[30.371145354875029,60.007285278548416]},"properties":{"unit_id":"37188f72-36a2-4f0a-90a7-9824c661569e","address_id":"ba5c1fb8-4236-4280-819a-ae84650a988d"}},{"id":"faaffe6c-497f-4666-aa04-49e17ab0eab1","type":"Feature","feature_type":"anchor","geometry":{"type":"Point","coordinates":[30.370988439187887,60.007221584470678]},"properties":{"unit_id":"3cb3c988-a9c8-494d-a105-0e11ee6df194","address_id":"0776ddc0-44cd-40e0-974f-c5fb8e33b670"}},{"id":"edf00b9b-6ce4-4a5c-80af-f9376fe06989","type":"Feature","feature_type":"anchor","geometry":{"type":"Point","coordinates":[30.371119469929788,60.00724693415264]},"properties":{"unit_id":"04a29e47-1938-4c0d-a3ec-ba3c9ad26467","address_id":"7aa144cc-1937-46be-b3a1-805961fe2e57"}},{"id":"fbf4ec98-43ef-48a1-9e3f-1e6e7f6a02de","type":"Feature","feature_type":"anchor","geometry":{"type":"Point","coordinates":[30.370872318376009,60.007288634811729]},"properties":{"unit_id":"4c21b2e0-e4be-4f05-a554-994cfaa29e5f","address_id":"da0971f9-2794-4634-a35c-a6505c0c2228"}},{"id":"da31de52-a239-4b5b-bb6a-7663961f7cc0","type":"Feature","feature_type":"anchor","geometry":{"type":"Point","coordinates":[30.370917754129675,60.00727859566252]},"properties":{"unit_id":"29a0d297-ab53-4659-88d2-d7e777911af1","address_id":"d64ab6c9-31fa-4cbb-ab1d-e3f182490bb5"}},{"id":"e3c2b890-e19e-4cc4-a74d-ebd8228aa52e","type":"Feature","feature_type":"anchor","geometry":{"type":"Point","coordinates":[30.373132982875912,60.007965512625049]},"properties":{"unit_id":"67eb8cb1-50cc-497f-aece-f5c8767f5eb9","address_id":"56ff1984-5314-4dd2-8393-c7bfa1c1f453"}},{"id":"b4d6a579-12bd-49d0-86e6-ccd00234d310","type":"Feature","feature_type":"anchor","geometry":{"type":"Point","coordinates":[30.373503711196655,60.007902961910865]},"properties":{"unit_id":"88696502-92c8-4a6a-bc7c-3e37dde4fe20","address_id":"8e9c1413-83ae-4196-b4f1-e7a3713c0743"}},{"id":"3a07d280-5a9d-4876-82f5-befb52a93412","type":"Feature","feature_type":"anchor","geometry":{"type":"Point","coordinates":[30.373531409307184,60.007898288556412]},"properties":{"unit_id":"03c6f8b1-f288-4419-9c57-2f51abbb9742","address_id":"8c6ddfdc-ef9b-48ef-a98c-f81ff8d5c889"}},{"id":"592635aa-d6ca-4171-b25b-73f4332900de","type":"Feature","feature_type":"anchor","geometry":{"type":"Point","coordinates":[30.374028588197625,60.007344567684946]},"properties":{"unit_id":"c9ff9aa4-26c9-4259-96b1-cda83745cc36","address_id":"19477de4-744e-4ffc-a07e-3a086af2fde5"}},{"id":"ab6f0577-4c65-4656-8d1e-0e8d643b4305","type":"Feature","feature_type":"anchor","geometry":{"type":"Point","coordinates":[30.374028588197625,60.007344567684946]},"properties":{"unit_id":"cb963e10-c3fd-46d3-a996-51209487d2ab","address_id":"bf5ffbbc-73e2-4707-9e50-79d9747c7b60"}},{"id":"aeecf554-5764-4769-9774-71896698bbb5","type":"Feature","feature_type":"anchor","geometry":{"type":"Point","coordinates":[30.37209399350181,60.007670983160466]},"properties":{"unit_id":"98dbd444-0ac1-4c90-ae2e-e7e3f8af3268","address_id":"fd9d3ab5-d529-44af-8167-db8122ab1467"}},{"id":"bc2c10c8-8bda-4013-808c-ce3895c5015e","type":"Feature","feature_type":"anchor","geometry":{"type":"Point","coordinates":[30.37209399350181,60.007670983160466]},"properties":{"unit_id":"4abaa8a7-566c-4b51-af06-65e9a6a2808f","address_id":"d3fc0e3a-fc2e-4f37-a61c-3a4b315c312a"}},{"id":"b1f2b6ac-d9b3-4fdc-8c50-af140c71c152","type":"Feature","feature_type":"anchor","geometry":{"type":"Point","coordinates":[30.373273314223148,60.00761793531791]},"properties":{"unit_id":"a623e642-608b-439a-9aba-326fefaf2c1f","address_id":"05416fbd-571d-4810-bde7-b80f18f8545d"}},{"id":"87b125c3-fde9-4b13-9129-5111b2a2a69a","type":"Feature","feature_type":"anchor","geometry":{"type":"Point","coordinates":[30.371586945021633,60.0081433149897]},"properties":{"unit_id":"f7874f79-6936-4248-bbb2-24d535373078","address_id":"54d408de-7a9b-411f-8a99-1dc8279e8f8f"}},{"id":"95bf25fb-5dff-4ade-b237-021ecdc881d8","type":"Feature","feature_type":"anchor","geometry":{"type":"Point","coordinates":[30.375004460583291,60.007566695834086]},"properties":{"unit_id":"9956062f-18e9-4598-b5c9-d0f3643ca202","address_id":"68df2cd4-81db-49e4-9300-6b561ba77206"}},{"id":"395e56c5-0854-4943-9e63-8fd348ea470e","type":"Feature","feature_type":"anchor","geometry":{"type":"Point","coordinates":[30.372086802950044,60.007660331985157]},"properties":{"unit_id":"986b9b23-f84c-4e7f-89d4-ce365df05bfb","address_id":"73315089-d7cc-4d44-a7e1-30f6c895ac96"}},{"id":"39c04465-01fd-4655-a364-a230f43db826","type":"Feature","feature_type":"anchor","geometry":{"type":"Point","coordinates":[30.37402139736982,60.007333916509637]},"properties":{"unit_id":"e72aa341-2bb1-4595-a678-b89fbda8a29f","address_id":"1a987d3f-0461-41e5-8313-cc1efccbdb92"}},{"id":"0dc94772-207f-4585-afee-ad54d3b25013","type":"Feature","feature_type":"anchor","geometry":{"type":"Point","coordinates":[30.3721853134636,60.007806253827894]},"properties":{"unit_id":"b00f52d1-bb02-40e4-8aeb-3f3bf6147ea7","address_id":"28f5cb76-b9f0-4f3c-a94a-455397937768"}},{"id":"252849d7-21c8-41ad-b93a-7eac6b301a5f","type":"Feature","feature_type":"anchor","geometry":{"type":"Point","coordinates":[30.374101215358859,60.0074521451319]},"properties":{"unit_id":"f8520dfe-af41-4251-beb7-0a0bb383699b","address_id":"963dbad1-31b0-412a-9d01-e0dd76f070b0"}},{"id":"0dd6c4d7-25e0-4786-ad14-70030fc592c4","type":"Feature","feature_type":"anchor","geometry":{"type":"Point","coordinates":[30.371705106641507,60.007587106218416]},"properties":{"unit_id":"31768c2a-26fb-4c5b-a4f9-795bebf598a1","address_id":"6bfed3fe-8b4d-4ada-8a85-48c3b8910bc1"}},{"id":"6bb5bc0b-3739-4100-aca4-fb4e0944bba4","type":"Feature","feature_type":"anchor","geometry":{"type":"Point","coordinates":[30.372301679001023,60.00748644960651]},"properties":{"unit_id":"239e3c5e-5a19-4449-a41c-4bc98e1d0919","address_id":"7bde2b40-806e-45e2-b95f-59f67ef21e46"}},{"id":"4b905953-12ab-45de-b87a-6ab3b765e8a3","type":"Feature","feature_type":"anchor","geometry":{"type":"Point","coordinates":[30.373639700665954,60.007260690742889]},"properties":{"unit_id":"8e360937-9f96-48d5-890a-990c2cc9e77c","address_id":"fe7cd517-34e6-46f5-8770-981e10d7dc61"}},{"id":"dcd1845c-63ce-420b-ab35-4b4f24487c6e","type":"Feature","feature_type":"anchor","geometry":{"type":"Point","coordinates":[30.374236267686488,60.00716003413099]},"properties":{"unit_id":"8b10c681-ffa9-454e-94e7-311c2afdd251","address_id":"d46e343a-568b-43df-b206-3102f7fbf6af"}},{"id":"196741c5-ec63-4905-850d-0ea7ceeb1609","type":"Feature","feature_type":"anchor","geometry":{"type":"Point","coordinates":[30.374411931616084,60.006689034762168]},"properties":{"unit_id":"7531845f-6cce-403b-89b3-adfb16e5f26d","address_id":"69cbbd32-512a-4192-b40e-9384ff11977a"}},{"id":"20fb1ce3-cae9-43fd-bf0b-5e90aa8a0672","type":"Feature","feature_type":"anchor","geometry":{"type":"Point","coordinates":[30.370994456235245,60.007265654192231]},"properties":{"unit_id":"95456ada-59a6-4b27-af35-7080aca7e525","address_id":"61935a3c-aaac-4979-960b-f0368857531e"}},{"id":"1288e47d-c478-49bd-aa0b-a7310f9e4729","type":"Feature","feature_type":"anchor","geometry":{"type":"Point","coordinates":[30.371077091408949,60.007381033462487]},"properties":{"unit_id":"d806851f-26a0-46b9-a482-c6b008f41aa8","address_id":"a4d4322e-c09e-4762-bb06-a35c7656831b"}},{"id":"9bee09d0-858a-4061-9272-4183ed847bf3","type":"Feature","feature_type":"anchor","geometry":{"type":"Point","coordinates":[30.374486050077429,60.006805852156539]},"properties":{"unit_id":"00014004-b208-481a-93b2-dfd2f6ca9f96","address_id":"a95fdafa-6ae0-4bad-99f8-5ada86085aa6"}},{"id":"0ed9e555-ab4d-4c22-867f-becae58a8b42","type":"Feature","feature_type":"anchor","geometry":{"type":"Point","coordinates":[30.370969365098162,60.0073339554817]},"properties":{"unit_id":"19b18056-e59d-41bb-9c52-419482216474","address_id":"4a663b94-8bf6-4610-b793-381a82bc5953"}},{"id":"4f2bbce8-a3a4-4522-8de8-32bd2b698f70","type":"Feature","feature_type":"anchor","geometry":{"type":"Point","coordinates":[30.371512829632721,60.008026497595331]},"properties":{"unit_id":"cbf237dd-885d-4e1a-99d6-59c3d24e8e26","address_id":"8d2b4920-4e10-4fe3-a5c8-8a1f587cbd21"}},{"id":"90c89815-82d9-4413-9348-ce4ccbbc096d","type":"Feature","feature_type":"anchor","geometry":{"type":"Point","coordinates":[30.374898381241426,60.007455270581779]},"properties":{"unit_id":"0f0ab950-9c53-43f7-b982-8401d6009821","address_id":"e1d3a350-dddd-4482-87f4-1836de81fad3"}},{"id":"17e5c134-9fee-4c72-8e32-7ec5f10640c8","type":"Feature","feature_type":"anchor","geometry":{"type":"Point","coordinates":[30.371543695608402,60.008065188074035]},"properties":{"unit_id":"0541cf58-e9ab-43fe-8d0d-2ede9599662a","address_id":"646c5249-c346-4d48-8079-65fee3321c53"}},{"id":"21d04a7d-9019-4ae3-821d-20d2beef5d2f","type":"Feature","feature_type":"anchor","geometry":{"type":"Point","coordinates":[30.374944162898743,60.007491444892189]},"properties":{"unit_id":"01c8256e-aab1-4f8b-8c50-e2183f8e563e","address_id":"00f99ccb-caff-4f54-8c70-efbd6527c9b8"}},{"id":"96f4fd7a-a605-4474-a411-70ed67053fe0","type":"Feature","feature_type":"anchor","geometry":{"type":"Point","coordinates":[30.374455182831078,60.006767161677836]},"properties":{"unit_id":"8933cdff-72bb-4918-8467-60e024437b7c","address_id":"624746e8-88b3-4989-9751-26593a551c5f"}},{"id":"19c3db3c-de91-4d92-b264-9dfb8353b83a","type":"Feature","feature_type":"anchor","geometry":{"type":"Point","coordinates":[30.371382977554042,60.007777897807856]},"properties":{"unit_id":"99b7296b-732b-4792-9618-0a7578cbd3cc","address_id":"0b504687-9ad3-4c9e-b694-ab8f86952cdd"}},{"id":"61b4ab86-da2a-48b1-af45-2b01b98d14c5","type":"Feature","feature_type":"anchor","geometry":{"type":"Point","coordinates":[30.371451876584008,60.007767459606654]},"properties":{"unit_id":"a70c273f-4562-4a38-9f4a-ee172aef84f3","address_id":"89ec0c95-bb6f-495d-8ebd-d17462489101"}},{"id":"829ad4f8-826f-406f-8257-2a655cf7a9dd","type":"Feature","feature_type":"anchor","geometry":{"type":"Point","coordinates":[30.374329478689578,60.006788371538406]},"properties":{"unit_id":"dd8a3447-02d6-46b2-9f47-128c393e4eeb","address_id":"34355676-a9cd-4c18-8c89-8a08ccd932a5"}},{"id":"8f281448-4d3b-459e-8c02-8bbc27b37841","type":"Feature","feature_type":"anchor","geometry":{"type":"Point","coordinates":[30.374818457537582,60.007512654752759]},"properties":{"unit_id":"f45c03ce-6208-48ef-988d-1f93a352baa5","address_id":"8c424bb2-259a-4e50-8f28-ae1f181a57f6"}},{"id":"ff4ecb03-dba7-4e3c-99f8-a060ce4c6998","type":"Feature","feature_type":"anchor","geometry":{"type":"Point","coordinates":[30.371669403069713,60.008043978487912]},"properties":{"unit_id":"b27c58fe-f998-45f8-8a2a-f19d8b3d7193","address_id":"efb84cb8-e19c-4eac-b3b4-fb4915150a80"}},{"id":"4208936b-65c3-4732-8607-1905dd7b6b63","type":"Feature","feature_type":"anchor","geometry":{"type":"Point","coordinates":[30.371180454913137,60.007319695273559]},"properties":{"unit_id":"60b60f57-a066-4bae-b03a-ad09f20c06ca","address_id":"e930d446-9ef1-4821-ba39-c864d457059c"}},{"id":"b4d1ee6c-d7b7-46e2-aa46-ded351d49362","type":"Feature","feature_type":"anchor","geometry":{"type":"Point","coordinates":[30.374996575326826,60.007463618288448]},"properties":{"unit_id":"f3a3ad07-c259-4c81-9006-55b760d59f14","address_id":"0bacf443-425b-4786-b997-de69153d6f9d"}},{"id":"e8230e29-4aca-4cb3-8ec0-39b0cdcf2306","type":"Feature","feature_type":"anchor","geometry":{"type":"Point","coordinates":[30.371327649700717,60.008082657439658]},"properties":{"unit_id":"6fccff77-882d-4538-b041-f6df39acbbec","address_id":"a1e04c69-fe01-4790-b372-3042a8a108ad"}},{"id":"8d7b2fab-2804-468b-8c1a-bfa8e36d7035","type":"Feature","feature_type":"anchor","geometry":{"type":"Point","coordinates":[30.370838704725919,60.007358374225305]},"properties":{"unit_id":"b0e1bae5-bb40-478a-901f-c1913d39b92d","address_id":"a0910412-acd5-4039-b72f-fe1d25623cc7"}},{"id":"d154d9bd-aab6-4794-be33-5667d2d9bc13","type":"Feature","feature_type":"anchor","geometry":{"type":"Point","coordinates":[30.374507594890964,60.0067393350741]},"properties":{"unit_id":"12b8c5c0-8485-4d28-aa87-3b471ffaf12d","address_id":"af44cef0-df70-4d65-8551-4f639698370d"}},{"id":"9cd70207-c239-424f-b372-ae5103bd44a2","type":"Feature","feature_type":"anchor","geometry":{"type":"Point","coordinates":[30.374028588197625,60.007344567684946]},"properties":{"unit_id":"55dac98e-cf6e-462b-8904-3c08d74be210","address_id":"4a6b3f4e-780d-4c7d-8fd2-0346a5f8bcba"}},{"id":"e004fb4a-8723-4f37-a4c7-081da24407be","type":"Feature","feature_type":"anchor","geometry":{"type":"Point","coordinates":[30.37209399350181,60.007670983160466]},"properties":{"unit_id":"e14dc8d9-ad3a-4860-a698-44427455e78f","address_id":"0054dc50-77cb-4f80-981d-ea949fec8360"}},{"id":"d4dc6f36-8901-422a-97cf-6101123d4ead","type":"Feature","feature_type":"anchor","geometry":{"type":"Point","coordinates":[30.373166995984725,60.007664348303521]},"properties":{"unit_id":"a6c3a189-5a15-40dd-9ff9-0d01d486accc","address_id":"765a936d-b1fa-47d2-90c3-424685e6049c"}}]}