{"type":"FeatureCollection","name":"navPathAssocieted","features":[{"id":"4ab432d2-f37b-4153-8648-dfcd7f63a54c","type":"Feature","feature_type":"navPathAssocieted","geometry":null,"properties":{"pathNode_id":"7e0b1053-2a0e-4569-a870-74587ed80877","associeted_id":"8d1fa013-e168-4668-ae5c-f87344544403"}},{"id":"6e792054-06d1-42f9-98e7-6545344d9ed4","type":"Feature","feature_type":"navPathAssocieted","geometry":null,"properties":{"pathNode_id":"f476e79b-93bf-45c2-b8a4-ec695c728f9f","associeted_id":"eaffe2cd-5543-4a79-8c9f-9fdf7c718aca"}},{"id":"60e300ce-f02f-4f39-93c6-7744ac9a505d","type":"Feature","feature_type":"navPathAssocieted","geometry":null,"properties":{"pathNode_id":"b58431d2-14ac-49a3-9f83-c085915fc0ee","associeted_id":"33a9c8b5-7dfd-470f-8fd1-8364b2ec7dd7"}},{"id":"f8b96368-bdbf-4989-927d-5bac5cfe363f","type":"Feature","feature_type":"navPathAssocieted","geometry":null,"properties":{"pathNode_id":"8ddbecd8-d097-4e8f-849d-f2c4361472b0","associeted_id":"f335c351-1ec3-4160-b40a-1dc10123fb8a"}},{"id":"5c19f37f-a188-46ac-b6ac-ef7c466a5762","type":"Feature","feature_type":"navPathAssocieted","geometry":null,"properties":{"pathNode_id":"dd32cbb0-928f-44bb-9190-ff39ba2de5c0","associeted_id":"bb8d7feb-6632-4e8a-8522-e28f111506b1"}},{"id":"df6fdd66-f454-4e39-9f55-d158f40dfdfb","type":"Feature","feature_type":"navPathAssocieted","geometry":null,"properties":{"pathNode_id":"d0494e5d-5df1-4276-b473-f9dd611f87e0","associeted_id":"2b588cea-4fb1-49bd-8d14-11b7e87c50fd"}},{"id":"e8c16383-1b5a-43b0-8245-74bb4f1d509b","type":"Feature","feature_type":"navPathAssocieted","geometry":null,"properties":{"pathNode_id":"a92d76bc-0f2d-44b2-8027-a8daf5b5ed9e","associeted_id":"221e28eb-5672-45c1-98e4-24c4da060e77"}},{"id":"a0474346-cf63-4d16-a8b4-17dce5f1f9a4","type":"Feature","feature_type":"navPathAssocieted","geometry":null,"properties":{"pathNode_id":"0331871b-07f2-45f2-80df-9a933ba4aac7","associeted_id":"3efd2380-29de-42d8-87b4-8e64133089a5"}},{"id":"95a321db-69b8-4a70-9731-e5a5b1e029d9","type":"Feature","feature_type":"navPathAssocieted","geometry":null,"properties":{"pathNode_id":"5471ed94-23d2-49cf-affe-517ca5eefdc4","associeted_id":"48a20502-ae94-476a-a585-f513a60ab237"}},{"id":"6ae7a49b-a438-4312-acad-20f683bf17fc","type":"Feature","feature_type":"navPathAssocieted","geometry":null,"properties":{"pathNode_id":"44355306-9a6a-41f1-b57b-3fdde6693e5d","associeted_id":"a56485ed-4188-4990-a437-8b2ff078458e"}},{"id":"de437bdb-4a17-4fc3-bf20-1feaf905ab1b","type":"Feature","feature_type":"navPathAssocieted","geometry":null,"properties":{"pathNode_id":"d80a177d-274e-4b25-ba26-5e19f6082d9c","associeted_id":"a56485ed-4188-4990-a437-8b2ff078458e"}},{"id":"659536ef-e5ce-4362-9474-bd1ab96978ca","type":"Feature","feature_type":"navPathAssocieted","geometry":null,"properties":{"pathNode_id":"293e496e-e723-4b57-91a5-4dea4590badb","associeted_id":"b06540b7-7b79-4d73-99e6-94e9997688e1"}},{"id":"b0bf869d-47b5-461d-874e-06a22d44a6b4","type":"Feature","feature_type":"navPathAssocieted","geometry":null,"properties":{"pathNode_id":"9a1e4d74-68cd-47bc-95f2-8c8558c76151","associeted_id":"b06540b7-7b79-4d73-99e6-94e9997688e1"}},{"id":"15882406-3992-4808-b3fe-1a675f1a3b42","type":"Feature","feature_type":"navPathAssocieted","geometry":null,"properties":{"pathNode_id":"401e1159-d336-488f-81eb-8a7f0762e920","associeted_id":"a3ad6ee5-892e-4942-9029-e0a5f9c3b39c"}},{"id":"4525aa0a-1d8c-4e89-9343-6dfaef2dbb6c","type":"Feature","feature_type":"navPathAssocieted","geometry":null,"properties":{"pathNode_id":"770717fd-da0c-4c63-992f-9fbda682b3df","associeted_id":"a3ad6ee5-892e-4942-9029-e0a5f9c3b39c"}},{"id":"3b82b585-87c6-4d38-9c6a-779d090e26f1","type":"Feature","feature_type":"navPathAssocieted","geometry":null,"properties":{"pathNode_id":"9340e77d-595f-46d9-95a0-8793a36ce118","associeted_id":"33259cbb-d560-4007-b93e-fa0f9c7aa921"}},{"id":"b1018f9d-a006-487c-81c6-216eb4b036f7","type":"Feature","feature_type":"navPathAssocieted","geometry":null,"properties":{"pathNode_id":"a83ba3f3-a612-4b60-9814-edba0e0c167a","associeted_id":"ecf0f194-b382-4f1f-8b3a-be37426f975c"}},{"id":"7238a4d3-3d44-4ec5-80bb-36c065770c03","type":"Feature","feature_type":"navPathAssocieted","geometry":null,"properties":{"pathNode_id":"4fd82fe8-60d9-4deb-ad11-392ce784fa98","associeted_id":"ecf0f194-b382-4f1f-8b3a-be37426f975c"}},{"id":"fa5800e6-67dd-49c4-96d5-ba9935e0f861","type":"Feature","feature_type":"navPathAssocieted","geometry":null,"properties":{"pathNode_id":"2273802e-1486-40b8-ae77-eccc09f1887c","associeted_id":"5a40db11-709b-493a-a694-1cbba8ddd486"}},{"id":"3fc9a021-d922-428a-87f0-52ccca905036","type":"Feature","feature_type":"navPathAssocieted","geometry":null,"properties":{"pathNode_id":"dafe21e6-80ee-44ec-9fee-b257abe53df8","associeted_id":"f8cc8700-54bf-4c7f-8f87-fdb8a9e4c27c"}},{"id":"d65598f1-aff1-48c4-804d-d862ea992565","type":"Feature","feature_type":"navPathAssocieted","geometry":null,"properties":{"pathNode_id":"8d46fc91-b7b4-4596-89f9-350f69c0ee88","associeted_id":"34eadce9-6590-4a5b-9958-fa24bd2783c6"}},{"id":"cf205708-8a70-48d7-8796-f23b06401cda","type":"Feature","feature_type":"navPathAssocieted","geometry":null,"properties":{"pathNode_id":"d73d57e0-fdef-47eb-977d-cd57df23b19a","associeted_id":"5ad646de-937d-42e6-aa16-45a66619d9ba"}},{"id":"586109ab-16e4-49fb-9601-f63bd6da1665","type":"Feature","feature_type":"navPathAssocieted","geometry":null,"properties":{"pathNode_id":"8000c8f2-8d72-4b05-b492-21a6cf95e1e4","associeted_id":"549fd414-d4a8-4be3-931d-931b6325ae92"}},{"id":"5214d24d-9fa6-4344-bbda-640f41f0ccab","type":"Feature","feature_type":"navPathAssocieted","geometry":null,"properties":{"pathNode_id":"520c5233-fb76-4e23-b659-78dc56e07329","associeted_id":"1ac01199-0a84-434b-aca5-7b9fe11f304f"}},{"id":"12c23f05-c6fe-4ea7-b281-81652ed76658","type":"Feature","feature_type":"navPathAssocieted","geometry":null,"properties":{"pathNode_id":"abf045f8-282f-4633-aadc-7d38b47c1b37","associeted_id":"b2e2ba4b-b2ca-4078-89d8-7def390d4944"}},{"id":"5ff22e6b-5078-41c4-8d54-a73faeae55e1","type":"Feature","feature_type":"navPathAssocieted","geometry":null,"properties":{"pathNode_id":"3032bb8c-b4e9-4774-884c-3f2ed4cf84bd","associeted_id":"3bd4f6d1-24a4-4421-864b-fabaa27b8e00"}},{"id":"b3ce431a-bdb4-427c-bd14-3c36ad8e7482","type":"Feature","feature_type":"navPathAssocieted","geometry":null,"properties":{"pathNode_id":"eae8e681-d67d-4944-b02b-fb2ee6bd65ba","associeted_id":"47649127-ae68-4bec-ab15-4c09e5b8e464"}},{"id":"061e326e-7ee3-4fee-afc1-83d320242c35","type":"Feature","feature_type":"navPathAssocieted","geometry":null,"properties":{"pathNode_id":"d4837f68-dda4-4853-a59a-d7b8838cec4a","associeted_id":"d629bf4b-7cd5-4e03-8604-fed001566dca"}},{"id":"b32a57f9-b342-4337-8f2d-856390becdf8","type":"Feature","feature_type":"navPathAssocieted","geometry":null,"properties":{"pathNode_id":"4628728d-9c3d-4b0a-a10f-0a545191477a","associeted_id":"8f4cbfbd-8887-45da-a74b-23a377d77688"}},{"id":"acf35f64-b493-45b2-83ed-7587ae4a2f2a","type":"Feature","feature_type":"navPathAssocieted","geometry":null,"properties":{"pathNode_id":"d55ab582-dd90-4759-bbc1-d0300138002d","associeted_id":"5bc7bf5e-5aa6-4cc9-bf0f-67e1cde2ea91"}},{"id":"90f2942f-eb9e-46de-a416-be9cce6dcc84","type":"Feature","feature_type":"navPathAssocieted","geometry":null,"properties":{"pathNode_id":"cd0cdb0d-2d4c-4c5e-8304-dfaa51c7d447","associeted_id":"93f4473f-f51f-4418-952b-59f1c073cb4a"}},{"id":"fa651786-8f9e-4484-9c54-97abe084ea61","type":"Feature","feature_type":"navPathAssocieted","geometry":null,"properties":{"pathNode_id":"f4bff84e-d05e-4348-b53f-48f2e0f4f3d0","associeted_id":"7ca3848c-f82a-4948-87fa-6d0fa8eb3d77"}},{"id":"4cbc1272-4dbb-45dd-8081-d3096b606a58","type":"Feature","feature_type":"navPathAssocieted","geometry":null,"properties":{"pathNode_id":"c082af32-0eeb-43cc-ac56-72fecc028a1d","associeted_id":"8e5c4bb5-f0fe-47f0-85cd-e85f6865a3b6"}},{"id":"a2722414-0602-403e-aa9c-37ee020e29f4","type":"Feature","feature_type":"navPathAssocieted","geometry":null,"properties":{"pathNode_id":"b21927f7-a827-497a-8089-36c92de8a9a6","associeted_id":"11ba9233-19fe-45e8-8a8c-a3332efe8021"}},{"id":"4efeb21b-dc18-4f75-bfba-baf3cbefa895","type":"Feature","feature_type":"navPathAssocieted","geometry":null,"properties":{"pathNode_id":"f328544d-ca90-44df-b6dc-694de1371305","associeted_id":"f123b0f3-d347-411d-81c7-ac8db4598d27"}},{"id":"00b4e607-d0fc-4e45-848d-471590d99232","type":"Feature","feature_type":"navPathAssocieted","geometry":null,"properties":{"pathNode_id":"c647ff14-daf4-43a5-804a-a4a405e02d00","associeted_id":"182bdd40-d005-4751-8d8a-89a9a802400e"}},{"id":"6dfcee43-2b01-4158-bdc4-6b9a44e7f67f","type":"Feature","feature_type":"navPathAssocieted","geometry":null,"properties":{"pathNode_id":"3c748921-207c-4714-ad77-fe94ab4894f1","associeted_id":"182bdd40-d005-4751-8d8a-89a9a802400e"}},{"id":"b7d4bea6-cdbe-48dc-a1f0-e5834b41a1cc","type":"Feature","feature_type":"navPathAssocieted","geometry":null,"properties":{"pathNode_id":"22a660d2-27f4-4202-8e45-267c5beda06a","associeted_id":"b4941e03-d19b-4fb6-b85b-1924bee4459d"}},{"id":"0fc4f566-18ab-43c4-8d4a-990ae7c942bc","type":"Feature","feature_type":"navPathAssocieted","geometry":null,"properties":{"pathNode_id":"e2294e5e-6883-49ef-8b01-85d7e35dce36","associeted_id":"cea82e34-578f-4ece-85e0-8d2a21e2c48a"}},{"id":"629401b8-e5a5-44cf-b1a0-02997dac9fd6","type":"Feature","feature_type":"navPathAssocieted","geometry":null,"properties":{"pathNode_id":"a1137433-54c4-4939-ab6d-fc525a4ca651","associeted_id":"e8b666a0-70af-4177-9a07-a18f40c45479"}},{"id":"47328f5a-3233-46d1-9798-6ed8d0487e6e","type":"Feature","feature_type":"navPathAssocieted","geometry":null,"properties":{"pathNode_id":"6dcecdb8-d257-4662-8a4d-471232eabcba","associeted_id":"c9b5864b-88a5-46aa-a972-6217fa05208d"}},{"id":"de9f11c5-fd74-4811-ac31-b83c367ab7a6","type":"Feature","feature_type":"navPathAssocieted","geometry":null,"properties":{"pathNode_id":"199ea4f0-89d0-46c8-a5e9-af6387d99a51","associeted_id":"c9b5864b-88a5-46aa-a972-6217fa05208d"}},{"id":"d95d5e5f-0fc6-41d8-9f6f-2b82d9f3d562","type":"Feature","feature_type":"navPathAssocieted","geometry":null,"properties":{"pathNode_id":"61435b60-86a2-48be-a1fd-e43922a1873c","associeted_id":"db318068-7270-4b41-bec5-cf6294d9f07f"}},{"id":"02bca02c-9aa7-40b7-b6b8-3158ff9d1f56","type":"Feature","feature_type":"navPathAssocieted","geometry":null,"properties":{"pathNode_id":"80bf26b6-50dd-4032-bc00-a16298e2bb98","associeted_id":"3524fff8-bf56-47f1-a382-03145e1a4c80"}},{"id":"fb1d80e4-97fd-4ca3-86de-213df42f67d6","type":"Feature","feature_type":"navPathAssocieted","geometry":null,"properties":{"pathNode_id":"00ccdebb-a9f9-44ec-96b7-ed956f9ee512","associeted_id":"dff514a3-1c0e-40bb-8524-e48af54a97ee"}},{"id":"b18397be-a066-4530-b66b-a2d5fc6b1c81","type":"Feature","feature_type":"navPathAssocieted","geometry":null,"properties":{"pathNode_id":"ab0d1638-b9ca-42c5-ad11-da3a20b50bb2","associeted_id":"b658f925-5e10-42b3-ba63-d411c37e22f7"}},{"id":"19ae3124-ae27-4777-9671-efd754f9ffa3","type":"Feature","feature_type":"navPathAssocieted","geometry":null,"properties":{"pathNode_id":"d2ae144b-f2f9-4814-966d-039965d4f5b8","associeted_id":"fc0f5164-4d25-4eb8-a8b9-f613f90dc403"}},{"id":"5ce4c47b-a87b-431c-94bf-fc4a8d64e8e6","type":"Feature","feature_type":"navPathAssocieted","geometry":null,"properties":{"pathNode_id":"93a0f449-e7f8-4f1c-93d8-18bd69e8547d","associeted_id":"3279546c-e053-40ed-8654-490aba3ef113"}},{"id":"fc332e73-c9ab-4aa5-9a46-255161e9b5f3","type":"Feature","feature_type":"navPathAssocieted","geometry":null,"properties":{"pathNode_id":"3967ac88-fc31-430b-8302-c18365c7da69","associeted_id":"5b20b734-ddca-4fd3-ae76-a8d80f878ecc"}},{"id":"d6adb931-8f1a-4e6a-8633-c2c87fc28939","type":"Feature","feature_type":"navPathAssocieted","geometry":null,"properties":{"pathNode_id":"966f0e11-6389-4d63-81ea-b01a70d73e9a","associeted_id":"e6f3ebca-ad83-4469-b0de-0f2b01d9872f"}},{"id":"352ee985-53c0-4f33-8a59-4715024a1042","type":"Feature","feature_type":"navPathAssocieted","geometry":null,"properties":{"pathNode_id":"64b4c55e-8a4c-47cc-9c11-dccb5cf33bc4","associeted_id":"21f3cb57-d6e2-4547-9312-00671a12a622"}},{"id":"f108e814-973f-44ca-a66c-29118775181b","type":"Feature","feature_type":"navPathAssocieted","geometry":null,"properties":{"pathNode_id":"edb27fcd-d142-4895-9718-32a998cd53d5","associeted_id":"61eb6c7e-7a16-4904-9c68-5eb8521fa6bb"}},{"id":"4266a571-25d0-471f-af9e-0409a148dde6","type":"Feature","feature_type":"navPathAssocieted","geometry":null,"properties":{"pathNode_id":"e80b608c-d471-4a46-b040-b7f9a7808a26","associeted_id":"3fb11799-2d8a-45c6-b11a-489be0178a8c"}},{"id":"5c7ec3b6-aa75-46b6-a43d-ac57a6e4462a","type":"Feature","feature_type":"navPathAssocieted","geometry":null,"properties":{"pathNode_id":"585e9ce8-bfa6-4db4-92d5-abbcf83709a8","associeted_id":"6a6adde3-f5bc-42bd-9f9c-ca0b45c311ca"}},{"id":"b3fcb5a7-b984-48ac-8c97-120d015ddc8f","type":"Feature","feature_type":"navPathAssocieted","geometry":null,"properties":{"pathNode_id":"d452fe56-3b03-4459-ac16-b366df3fdc7a","associeted_id":"4ad7fe67-df09-462b-9e42-9a85057e0678"}},{"id":"e6cffa24-ae91-4570-9d82-4aec3a1a0905","type":"Feature","feature_type":"navPathAssocieted","geometry":null,"properties":{"pathNode_id":"cc7c85fc-9bae-47ae-96ae-b1be26cca3a4","associeted_id":"ac6290de-a183-4577-9b1b-1fc1c1439cc0"}},{"id":"482e66ef-fb23-4889-9124-6136ada81c26","type":"Feature","feature_type":"navPathAssocieted","geometry":null,"properties":{"pathNode_id":"36348136-33fc-4846-875d-99b3a47199a6","associeted_id":"b60f5503-5dab-421e-8c4c-a5fa7e20e83b"}},{"id":"6a877895-5dd7-48e3-968d-0ebbe9be8575","type":"Feature","feature_type":"navPathAssocieted","geometry":null,"properties":{"pathNode_id":"a6c88300-f228-40cd-99a2-cb9c5098bc14","associeted_id":"051f39c4-2766-4c4b-a221-64681b80c63c"}},{"id":"6c2bb75f-f7e9-4393-a711-8e4c247a1a54","type":"Feature","feature_type":"navPathAssocieted","geometry":null,"properties":{"pathNode_id":"2d27027b-d543-48b1-92af-e8ce19443aed","associeted_id":"fcf9110d-01ff-48ee-a1fa-ab3cb1ef79c6"}},{"id":"ec83dec1-a884-4ff5-8ae0-a805fe49e73f","type":"Feature","feature_type":"navPathAssocieted","geometry":null,"properties":{"pathNode_id":"ccedcfb7-e600-40b7-8d5b-52b6a9382565","associeted_id":"b1585821-16cc-40bc-92fb-e5b5ff6de65a"}},{"id":"d278b43f-ea8a-4e3b-88e6-7759ccead92d","type":"Feature","feature_type":"navPathAssocieted","geometry":null,"properties":{"pathNode_id":"6f656a53-6410-40f2-a4fe-177ff08fc7f2","associeted_id":"9cd56bc8-a850-4dfb-9f3d-2a72522eaa91"}},{"id":"b9fd27f2-2108-485f-ba36-87e64ec7e4e3","type":"Feature","feature_type":"navPathAssocieted","geometry":null,"properties":{"pathNode_id":"4cdc66a0-3995-406b-a205-029fb07fda5d","associeted_id":"aec74fa4-44b5-4451-9a88-5a68b8eab645"}},{"id":"aec86b28-ae56-4e7a-a845-a0e4ad3beeca","type":"Feature","feature_type":"navPathAssocieted","geometry":null,"properties":{"pathNode_id":"8cb8fcfb-e4d5-418a-81bd-4e6e97a7e839","associeted_id":"3c98aebc-19f2-4ba0-911f-b5b7ba46c750"}},{"id":"c5b1d1e4-d329-4c33-83d6-1c1cfc71a3b6","type":"Feature","feature_type":"navPathAssocieted","geometry":null,"properties":{"pathNode_id":"b102447a-5883-4f13-9842-7ccd9506a876","associeted_id":"0efede9b-9e1c-47c0-a001-25040a4ef787"}},{"id":"9c0e100a-5b1f-429e-9c86-734fc765af60","type":"Feature","feature_type":"navPathAssocieted","geometry":null,"properties":{"pathNode_id":"2bce1118-7a5d-461c-bf9e-9e1b78a367d2","associeted_id":"7fe1e5b5-f47b-4855-835d-eb78db2b8a64"}},{"id":"341f2237-af16-443a-8ad1-8de77bfd2584","type":"Feature","feature_type":"navPathAssocieted","geometry":null,"properties":{"pathNode_id":"bf8f23b4-b915-4fb5-9587-72dfefcafdfb","associeted_id":"407c06db-a08d-4374-8748-e811158de4e7"}},{"id":"923042d1-e643-463f-9254-9769615a23ac","type":"Feature","feature_type":"navPathAssocieted","geometry":null,"properties":{"pathNode_id":"a99d40e2-4e4f-4e63-a299-a544cc157b1b","associeted_id":"bc5c7316-4a8d-4a2f-a567-1a38516e3a05"}},{"id":"7183bdb5-4ec5-475f-b37e-d8121dc8e914","type":"Feature","feature_type":"navPathAssocieted","geometry":null,"properties":{"pathNode_id":"c152b106-8436-4d4b-bfe6-2330a81a5321","associeted_id":"5a72af32-9d8d-4226-8503-1de085e8e2f3"}},{"id":"504774e5-9ee9-4c80-a72f-0a6895f15330","type":"Feature","feature_type":"navPathAssocieted","geometry":null,"properties":{"pathNode_id":"4eceac4b-0506-4e15-ae85-0d20a9dba9ce","associeted_id":"0eec4f70-8377-412a-9404-36c16280d9d1"}},{"id":"b3db1ad0-941c-462a-a017-f348dc037ae8","type":"Feature","feature_type":"navPathAssocieted","geometry":null,"properties":{"pathNode_id":"2b9e5a67-6c90-4391-a5ce-818c06cf386d","associeted_id":"0ec93f37-1413-4b7f-a058-24c108f4a221"}},{"id":"6fe08465-8cd9-47a5-81e4-6ccd7b043eb7","type":"Feature","feature_type":"navPathAssocieted","geometry":null,"properties":{"pathNode_id":"22a45db6-be56-4800-adc3-7431b0ab22d8","associeted_id":"9c890dd6-d7be-4de3-aeec-e45e5e6dec79"}},{"id":"3c8919e0-7cb2-4d96-9f78-fc261359dae2","type":"Feature","feature_type":"navPathAssocieted","geometry":null,"properties":{"pathNode_id":"65ce55c7-05cf-46f5-a5b6-4bc8a22e3cc8","associeted_id":"9c890dd6-d7be-4de3-aeec-e45e5e6dec79"}},{"id":"d966aab3-b3a3-4aec-8739-4f453eca109c","type":"Feature","feature_type":"navPathAssocieted","geometry":null,"properties":{"pathNode_id":"ddf1ded9-aef1-4c6b-8a57-e2c30da22d10","associeted_id":"95bf4791-379e-46fe-98e0-c11129e54157"}},{"id":"41595478-8c75-4c52-82a0-a1b621fd7d4c","type":"Feature","feature_type":"navPathAssocieted","geometry":null,"properties":{"pathNode_id":"3884aed8-c9c1-4e08-a4b1-5b2f033fd4a4","associeted_id":"5b2267aa-396d-4f0b-9468-0055418a8cc1"}},{"id":"c0329e50-036a-4026-b264-6d6854637643","type":"Feature","feature_type":"navPathAssocieted","geometry":null,"properties":{"pathNode_id":"8a39fa1c-ed37-4ea2-8945-32497175fbe2","associeted_id":"50fc127e-4b30-43db-bc5e-5e624fe6283f"}},{"id":"ac24b431-6a09-4860-89b9-c007a4c58ef5","type":"Feature","feature_type":"navPathAssocieted","geometry":null,"properties":{"pathNode_id":"9313749b-c094-4a8e-8157-9e7989b4c78c","associeted_id":"7d4a1173-82ad-429b-9140-7889d4ed7f61"}},{"id":"f9caef9d-4c11-4f2c-bce7-766ddf91b4a6","type":"Feature","feature_type":"navPathAssocieted","geometry":null,"properties":{"pathNode_id":"67f3833f-976e-4299-9a84-9997740edfe1","associeted_id":"12b22af1-487f-4b77-9f6a-fd7b535ea2d7"}},{"id":"5c0d11c2-df74-4c27-8887-585a2c2fe9ab","type":"Feature","feature_type":"navPathAssocieted","geometry":null,"properties":{"pathNode_id":"99930eb0-487a-4ea9-8b9b-76f0e6230434","associeted_id":"263124c8-8e91-4dfe-b17e-0f81a0fd830b"}},{"id":"4da911ec-8d3d-4be0-b952-ef56fee276bf","type":"Feature","feature_type":"navPathAssocieted","geometry":null,"properties":{"pathNode_id":"3fcc0cff-beee-49d5-8f01-d6c9b364e409","associeted_id":"745762b7-9c83-4172-890b-e9a4489eb821"}},{"id":"8164ab45-9b7e-4a3a-b93e-0571bd6679ab","type":"Feature","feature_type":"navPathAssocieted","geometry":null,"properties":{"pathNode_id":"9ff210ca-9bf4-4ca2-848a-05202f87fc43","associeted_id":"1ee2fcb6-10ad-4f97-9028-2be691051407"}},{"id":"bec0f31c-7942-48e5-b0e0-081f78bd9a90","type":"Feature","feature_type":"navPathAssocieted","geometry":null,"properties":{"pathNode_id":"8762a250-3805-4602-b06e-46bb21c03061","associeted_id":"057dedcd-e514-4364-95f5-a4cd189d0758"}},{"id":"68fa93d1-c2b9-416a-bda7-ecda5bcb6538","type":"Feature","feature_type":"navPathAssocieted","geometry":null,"properties":{"pathNode_id":"0a2d0700-eec1-42f3-b107-9160a66c5e51","associeted_id":"6bb71615-049a-4b4f-bdbc-2cf3c8b9e1f9"}},{"id":"a72a2421-ae2a-42e3-a949-f51d94bc036e","type":"Feature","feature_type":"navPathAssocieted","geometry":null,"properties":{"pathNode_id":"4f181d59-9a48-4f88-bbdb-ca014285c22d","associeted_id":"4aa36237-aba9-46f7-b6f6-9ea0f9f633bc"}},{"id":"f451d29a-e2a6-4c6f-9af7-32f72c2b799b","type":"Feature","feature_type":"navPathAssocieted","geometry":null,"properties":{"pathNode_id":"6be482f8-17b9-42d5-9d9c-6e40899934a1","associeted_id":"63eb1735-44d5-4b30-a2e3-aae1189cb71c"}},{"id":"805aa1db-0e2f-4672-87ff-17776507f628","type":"Feature","feature_type":"navPathAssocieted","geometry":null,"properties":{"pathNode_id":"f22a036a-8764-44eb-9f4e-a5886473b15a","associeted_id":"fcd5e978-9a61-47f8-910c-e5946496f257"}},{"id":"14c471cf-412b-40df-a7c4-e7a39f1a608f","type":"Feature","feature_type":"navPathAssocieted","geometry":null,"properties":{"pathNode_id":"160308db-dd6c-49d5-8476-d4772795c627","associeted_id":"d63e8043-2e66-4ee7-970c-8b035e5ba105"}},{"id":"473ff0d7-7dff-48d0-9a9d-1c13394dadd3","type":"Feature","feature_type":"navPathAssocieted","geometry":null,"properties":{"pathNode_id":"0960e5d9-cce7-4943-96e4-6296908347d3","associeted_id":"4230b245-20b8-4893-aa12-167b98b0562c"}},{"id":"f285e2b9-d90e-4637-99df-7893a62b8d7c","type":"Feature","feature_type":"navPathAssocieted","geometry":null,"properties":{"pathNode_id":"dc11aa48-792b-4ea4-9461-a2b06baedbe2","associeted_id":"3b770282-c2fe-4b0e-b8c7-a6a7651db0a6"}},{"id":"c50784cd-1a14-44bf-ac6d-333a13445c01","type":"Feature","feature_type":"navPathAssocieted","geometry":null,"properties":{"pathNode_id":"eaf6c19e-f517-425a-94fb-2800fec7e0d6","associeted_id":"86712209-024e-40b7-b0a6-b652129b29a8"}},{"id":"544011d5-5ef5-4230-8f03-092034aac782","type":"Feature","feature_type":"navPathAssocieted","geometry":null,"properties":{"pathNode_id":"4842f75d-b304-4c82-a103-7bbd0c0ce23a","associeted_id":"85ce26e3-df72-411c-9991-d21b17920603"}},{"id":"67ff4230-ba1b-465e-a3ef-1e20d0d60b83","type":"Feature","feature_type":"navPathAssocieted","geometry":null,"properties":{"pathNode_id":"7c403f88-8c79-4b0a-b4c3-d55a783e1d40","associeted_id":"951fc42f-4e07-4ae1-92f2-92929ffe4677"}},{"id":"c560cfd6-3af2-43f3-ab2e-d532ae4b2894","type":"Feature","feature_type":"navPathAssocieted","geometry":null,"properties":{"pathNode_id":"ece7b911-d3b6-4c4c-b0c8-b74859459210","associeted_id":"0252aa73-af53-44da-ab0f-80b26f6e53e1"}},{"id":"06c7351d-767c-4e43-b35b-b9e2eb6f749f","type":"Feature","feature_type":"navPathAssocieted","geometry":null,"properties":{"pathNode_id":"4d8994d4-2286-47cc-9cb5-5c47d818ae92","associeted_id":"729e7d33-9d8d-459b-a792-5f3ecb79ceda"}},{"id":"2361befb-447d-4865-a719-0444e22ccd30","type":"Feature","feature_type":"navPathAssocieted","geometry":null,"properties":{"pathNode_id":"d041f293-9778-42bf-a740-d553b176d086","associeted_id":"b0612dcf-b742-4da0-83d4-04275bd73b6f"}},{"id":"f2b1016e-fcf1-471f-8006-d1a1666d5468","type":"Feature","feature_type":"navPathAssocieted","geometry":null,"properties":{"pathNode_id":"5b6773b7-a58f-4852-b8f4-f8216c18b0e1","associeted_id":"7f49078f-5bc6-4575-a3d5-ae4811fd11b6"}},{"id":"3550f4ed-6910-4cbf-acef-f1299a73b958","type":"Feature","feature_type":"navPathAssocieted","geometry":null,"properties":{"pathNode_id":"d680c173-346c-49a2-b304-1cb7fc247172","associeted_id":"4761a82a-5e10-4a7f-addc-2e4ea2c81174"}},{"id":"cdfdf475-feb4-408e-be88-2786d13c5efa","type":"Feature","feature_type":"navPathAssocieted","geometry":null,"properties":{"pathNode_id":"86e47e45-8ab4-4fd3-910b-21668e3204cc","associeted_id":"81ed4059-eaa9-4c88-8cfe-44cf304ba4f9"}},{"id":"f3ee1ce9-b67d-4678-b784-d182376373c6","type":"Feature","feature_type":"navPathAssocieted","geometry":null,"properties":{"pathNode_id":"e8036f33-fb00-488f-96b7-fee5c0c74c17","associeted_id":"7905d563-6abc-41db-ab77-93062661f6df"}},{"id":"afc16404-d6d0-4954-b1e5-31e99c45ce86","type":"Feature","feature_type":"navPathAssocieted","geometry":null,"properties":{"pathNode_id":"cf61c672-6b47-43b2-a020-ecd4dcf9ea68","associeted_id":"0375c679-d4ea-4e61-86bc-82a86ed0296f"}},{"id":"d7163540-2b36-490f-9ea6-e03963a1bceb","type":"Feature","feature_type":"navPathAssocieted","geometry":null,"properties":{"pathNode_id":"21cbf5de-7c14-4f4e-ac6f-07fbab15b282","associeted_id":"0375c679-d4ea-4e61-86bc-82a86ed0296f"}},{"id":"8e59929a-7a9f-4803-9098-85b3ace6e4ce","type":"Feature","feature_type":"navPathAssocieted","geometry":null,"properties":{"pathNode_id":"5dfedefa-b358-4f3b-9a6e-dd2e565f31b1","associeted_id":"16232504-a5ee-491b-8575-c957d23efd36"}},{"id":"f8fb3466-ced6-4954-b16b-f4e1e5322f01","type":"Feature","feature_type":"navPathAssocieted","geometry":null,"properties":{"pathNode_id":"a147f75d-9311-45aa-a801-c9abe3baa731","associeted_id":"2e06069a-e69a-4f4c-8bdd-9f0fd9f861e0"}},{"id":"b68162cf-e5bf-4de5-8dc2-8ddea30e6c52","type":"Feature","feature_type":"navPathAssocieted","geometry":null,"properties":{"pathNode_id":"318d522d-b82e-4e1e-93af-7009380e7ff6","associeted_id":"3adc03c1-4a1e-4eb4-97ab-f72719a36764"}},{"id":"debdbf0d-1b03-4f97-a553-166223ca0d76","type":"Feature","feature_type":"navPathAssocieted","geometry":null,"properties":{"pathNode_id":"35845f88-28c3-4596-b4dd-430a4ee760ba","associeted_id":"902f2985-6003-45eb-8f9f-9335f2f926a9"}},{"id":"8e838912-8d9a-426a-b6be-8732492a4c1d","type":"Feature","feature_type":"navPathAssocieted","geometry":null,"properties":{"pathNode_id":"f0d12ce8-6f67-4918-a8ba-fbe7aa1fc1d9","associeted_id":"23604b18-ff60-4e91-a6bb-ee376b8c3e89"}},{"id":"053c74c2-1d7c-43fb-aed2-595f1e4e68ac","type":"Feature","feature_type":"navPathAssocieted","geometry":null,"properties":{"pathNode_id":"6737324b-fd01-41a7-8b0c-99ea2fb7c69f","associeted_id":"3f435ba5-e4c4-4c5c-afd9-1894441da3fb"}},{"id":"81f32f91-997a-4678-bcd5-d16e7ac7701b","type":"Feature","feature_type":"navPathAssocieted","geometry":null,"properties":{"pathNode_id":"7842d806-22e5-4db0-acbb-afde4a303e7c","associeted_id":"3f435ba5-e4c4-4c5c-afd9-1894441da3fb"}},{"id":"b1f2fa5b-f2c5-4c84-a63f-b2b3e2500579","type":"Feature","feature_type":"navPathAssocieted","geometry":null,"properties":{"pathNode_id":"852a4187-ad5e-404b-9319-4e032d418175","associeted_id":"947842d1-6a4d-4532-a75d-b0a9e4b713d5"}},{"id":"177b3885-ca9e-473b-a444-6a432c0ea66c","type":"Feature","feature_type":"navPathAssocieted","geometry":null,"properties":{"pathNode_id":"4e79b37c-c67c-4c0a-b106-a96e5693331b","associeted_id":"a3f76d79-9bb4-40bd-9e61-3a0797edc1bb"}},{"id":"57714bb9-a6c7-4e71-855d-75d402be3dbe","type":"Feature","feature_type":"navPathAssocieted","geometry":null,"properties":{"pathNode_id":"eaae5600-7b6c-4ef7-8a06-cafa6846629e","associeted_id":"6fa4d2a5-6108-45bb-ba86-d05a6185165c"}},{"id":"91af357f-f9e8-48ab-bf3b-58c4f1d93b28","type":"Feature","feature_type":"navPathAssocieted","geometry":null,"properties":{"pathNode_id":"5d57f4ba-74ef-433b-9a50-e32a97a7df2d","associeted_id":"0dbe83ed-da1f-4fd9-bad5-9fc56459c5ca"}},{"id":"f15cb3bb-2f3d-490c-8fed-1c9ad63966ac","type":"Feature","feature_type":"navPathAssocieted","geometry":null,"properties":{"pathNode_id":"1374d60f-9a47-4f4b-b2a2-814126a7137d","associeted_id":"24841c76-6682-4d1c-ac17-b1ee124f9d30"}},{"id":"8346ac4e-9cb8-4aea-a7a5-0d3c2d849ab3","type":"Feature","feature_type":"navPathAssocieted","geometry":null,"properties":{"pathNode_id":"35abddc5-9999-4efa-8f0c-7bf11bba59b3","associeted_id":"9cdb9dbe-e8e5-42c2-b2ae-0652d7918377"}},{"id":"6347330c-7377-4875-ac5c-1de0183315aa","type":"Feature","feature_type":"navPathAssocieted","geometry":null,"properties":{"pathNode_id":"1da5a12d-f740-4b7f-9b9a-e4ccfa151ffc","associeted_id":"c81cc643-a03c-4e86-a445-a5f52af5dd96"}},{"id":"c2cac79b-cf59-49b0-b1f7-9d525d711cc1","type":"Feature","feature_type":"navPathAssocieted","geometry":null,"properties":{"pathNode_id":"8f437f98-b131-4ddb-99b9-b85cbd912c55","associeted_id":"d282af15-62c6-4425-a77c-00781e3a7e0b"}},{"id":"a9078b73-091b-45fe-b5c6-037e21aa4978","type":"Feature","feature_type":"navPathAssocieted","geometry":null,"properties":{"pathNode_id":"8612fc9a-6cc2-48da-a44d-16772ef06d6f","associeted_id":"5c880e3c-4c1e-4977-91b8-c4b660a91d6c"}},{"id":"a6ceb14e-978b-4e80-8b6b-c2105d31893f","type":"Feature","feature_type":"navPathAssocieted","geometry":null,"properties":{"pathNode_id":"f515503b-f407-4e73-87aa-27bbb40e75f4","associeted_id":"54707719-ff64-498a-b568-436c032ee239"}},{"id":"5db1d5bd-b6cb-4bab-be98-ebb7c66dfb96","type":"Feature","feature_type":"navPathAssocieted","geometry":null,"properties":{"pathNode_id":"ee78244f-c9dc-45cf-bc1d-e5cd8ef6ccd6","associeted_id":"54707719-ff64-498a-b568-436c032ee239"}},{"id":"36e89427-a012-4104-ba89-ec0a92506304","type":"Feature","feature_type":"navPathAssocieted","geometry":null,"properties":{"pathNode_id":"cf4553bc-d667-48ac-bcbd-2d84daeb38bf","associeted_id":"29d84dcf-d65d-4c87-a1d4-75a3cac8ab94"}},{"id":"9f5d3e47-0cf9-4e50-9f8f-7694ebd74445","type":"Feature","feature_type":"navPathAssocieted","geometry":null,"properties":{"pathNode_id":"ec5804a0-8aec-4f29-90de-b4dc0738e1b1","associeted_id":"29d84dcf-d65d-4c87-a1d4-75a3cac8ab94"}},{"id":"6cf01604-e5c2-4bea-a200-19f5149da7f5","type":"Feature","feature_type":"navPathAssocieted","geometry":null,"properties":{"pathNode_id":"fad491db-9680-40c3-9561-bec9b9805fce","associeted_id":"331f7182-ac21-4176-9ce9-80e7340b79b5"}},{"id":"dc80c67d-97f2-4b25-9311-25dd52acac29","type":"Feature","feature_type":"navPathAssocieted","geometry":null,"properties":{"pathNode_id":"0d4c2daa-65a4-4a16-a4b6-87b744e2aeb1","associeted_id":"3f2f5a10-9078-4577-ae12-cdce7cdfd2fb"}},{"id":"0ea6c3c5-ec73-4e9f-86fa-e6830d75ef7c","type":"Feature","feature_type":"navPathAssocieted","geometry":null,"properties":{"pathNode_id":"e70265fb-1233-41c3-b442-46165fcbff96","associeted_id":"2d630c3b-8598-4411-bcac-98020c6034a5"}},{"id":"cd94315c-fd8d-4e94-901d-b5a570300870","type":"Feature","feature_type":"navPathAssocieted","geometry":null,"properties":{"pathNode_id":"dbb508ee-21a9-42ce-91c9-cfb70876a39d","associeted_id":"7bdbcba7-b314-48c9-acb2-55bb9a670719"}},{"id":"e309b87a-1318-4c5f-ae9b-c6eacac82331","type":"Feature","feature_type":"navPathAssocieted","geometry":null,"properties":{"pathNode_id":"3ad9551c-6622-4f25-9e62-93f26dce75bd","associeted_id":"130030c8-1fe7-4ca9-b134-dedf7903458c"}},{"id":"9f05d64b-de0c-4319-9fb5-e185e57db2d2","type":"Feature","feature_type":"navPathAssocieted","geometry":null,"properties":{"pathNode_id":"773642d4-f6c2-4de1-9ab5-4d8d1c75780d","associeted_id":"8bd8e36b-b976-4b66-b4e8-37e52aea6df7"}},{"id":"339f8607-650f-4d11-a43b-45c0bc4ec78f","type":"Feature","feature_type":"navPathAssocieted","geometry":null,"properties":{"pathNode_id":"1838fcc9-5014-4ef4-b517-788b2b4756d4","associeted_id":"035c2128-9842-421e-9147-b1641e045766"}},{"id":"281bc366-f7be-4773-8408-40a69da03de6","type":"Feature","feature_type":"navPathAssocieted","geometry":null,"properties":{"pathNode_id":"1797bde5-1934-465c-aef3-bc69dbb99d1a","associeted_id":"643db641-976e-4edc-8647-fbb3413cbd63"}},{"id":"a4a4bc87-95a8-47be-bf7d-934aed261bcd","type":"Feature","feature_type":"navPathAssocieted","geometry":null,"properties":{"pathNode_id":"24a02fc6-08b5-4dcc-8c70-c8df5552b3dd","associeted_id":"7b480869-955a-4c8c-b322-791d09bcdc38"}},{"id":"f19e6052-060d-41b7-92e9-4c29858ab678","type":"Feature","feature_type":"navPathAssocieted","geometry":null,"properties":{"pathNode_id":"36585335-fb77-436e-ad17-2529f105b96f","associeted_id":"18189b21-6f45-44c9-b082-04d608feefd6"}},{"id":"8db33b44-0c9d-4428-957c-7020bc4e3211","type":"Feature","feature_type":"navPathAssocieted","geometry":null,"properties":{"pathNode_id":"d0f4c11e-989f-4cd6-93af-30c20ab615b4","associeted_id":"be3b60d4-c16a-430e-8b2d-d993b9b639ad"}},{"id":"de67578e-db67-473f-862f-b35628e3458b","type":"Feature","feature_type":"navPathAssocieted","geometry":null,"properties":{"pathNode_id":"da8dc575-6d57-4ea2-8d42-a578533ae8da","associeted_id":"d60179f2-f571-4484-9038-10b5f974acf1"}},{"id":"d36662bf-566d-4497-b42a-f17d2af83d2a","type":"Feature","feature_type":"navPathAssocieted","geometry":null,"properties":{"pathNode_id":"7b412261-2dc3-4d29-922b-e339d7d2e1ab","associeted_id":"49001359-0afc-4ce9-b8b3-484fed1d4ca9"}},{"id":"77f697a8-b958-4cc4-b708-d349135a3f03","type":"Feature","feature_type":"navPathAssocieted","geometry":null,"properties":{"pathNode_id":"1b449dbb-317f-4845-8768-57fe16a06361","associeted_id":"94e28af2-e3d2-4f16-a197-5315b4df29f3"}},{"id":"b62563d6-1861-451e-afe8-53d0ef657481","type":"Feature","feature_type":"navPathAssocieted","geometry":null,"properties":{"pathNode_id":"4e27a3c7-7865-49bc-9926-4465777173f3","associeted_id":"4e63cdb7-b388-43c8-8de1-39110497794d"}},{"id":"cfb453f4-e34e-40a3-8459-5b5565edebc0","type":"Feature","feature_type":"navPathAssocieted","geometry":null,"properties":{"pathNode_id":"c28550b9-63cd-45eb-b534-5e6421db4fa0","associeted_id":"82235d69-938e-4a17-8b67-e9b07b0fe393"}},{"id":"542d01e8-f446-4c55-b0e3-964b30c3429e","type":"Feature","feature_type":"navPathAssocieted","geometry":null,"properties":{"pathNode_id":"45920a05-f8fb-4bc7-9d11-d550c25d6475","associeted_id":"98fdbd24-67d4-4900-bf25-c06c12ddf758"}},{"id":"3dd2ac21-a38f-4f08-b7da-2e03944a0970","type":"Feature","feature_type":"navPathAssocieted","geometry":null,"properties":{"pathNode_id":"79dd2a9b-cc11-4a32-808b-6c8acbc8b145","associeted_id":"aca739e0-66ef-4bc2-b56d-6d6f780cb06b"}},{"id":"de4b81de-8f7a-4308-b78e-2b79081d8823","type":"Feature","feature_type":"navPathAssocieted","geometry":null,"properties":{"pathNode_id":"04e49ba5-ca80-4806-b5a8-7501c35e8bcf","associeted_id":"daedac7c-4db6-4c1b-965f-0d2bb08e020a"}},{"id":"2c2ef2bb-fc45-4e0a-819b-bfeeda5276af","type":"Feature","feature_type":"navPathAssocieted","geometry":null,"properties":{"pathNode_id":"9633b573-3c90-4a2b-b411-5ca5f5d3fe70","associeted_id":"9fd44242-4632-441c-95f2-34307d238936"}},{"id":"bab61eee-6faa-47e9-ad77-2ffd3feb7354","type":"Feature","feature_type":"navPathAssocieted","geometry":null,"properties":{"pathNode_id":"b4145f1b-65ac-4312-9baf-588a5226f9cd","associeted_id":"9fd44242-4632-441c-95f2-34307d238936"}},{"id":"21eacf6d-b098-4217-9b07-9ba7d841570d","type":"Feature","feature_type":"navPathAssocieted","geometry":null,"properties":{"pathNode_id":"c3b21797-ebfd-43e6-bde8-a7fba73c5e53","associeted_id":"2bac7606-d61f-4070-9e88-1b26777e61d8"}},{"id":"469062b4-d0d6-48f1-9e1b-2b6dc81b9202","type":"Feature","feature_type":"navPathAssocieted","geometry":null,"properties":{"pathNode_id":"e1cc0db6-068b-4598-9405-e8758218dcbe","associeted_id":"ba8a9592-0c42-4b77-9480-9b2ad7305334"}},{"id":"42b486e1-e7c8-474d-bbda-8a80f95376b2","type":"Feature","feature_type":"navPathAssocieted","geometry":null,"properties":{"pathNode_id":"aa5f54e2-ec30-441c-b112-ce2c7a40f55c","associeted_id":"e76c8641-8afe-4c0d-a71f-31b6b782b82c"}},{"id":"3723e09c-6d10-4f8c-8d45-8e9a32bb50f3","type":"Feature","feature_type":"navPathAssocieted","geometry":null,"properties":{"pathNode_id":"ddafad3e-0ba4-45e7-b24e-fe06288edb31","associeted_id":"4acd9024-02d4-45fb-8d50-f7805055126c"}},{"id":"369c9115-2905-4548-8e5d-ca7ae33d6e61","type":"Feature","feature_type":"navPathAssocieted","geometry":null,"properties":{"pathNode_id":"c4177abf-e4b8-4f6f-a528-cd01c901b751","associeted_id":"7f98f353-e1fa-4a59-bd04-1bb15c4ccd7e"}},{"id":"acd00013-48ec-49cf-82b5-415cc398cd50","type":"Feature","feature_type":"navPathAssocieted","geometry":null,"properties":{"pathNode_id":"319c1e94-c59b-4db9-9f96-3f5c383a9988","associeted_id":"45a79786-0dfb-4a5b-befc-6c4d84d3116c"}},{"id":"fd987f48-253f-4f44-84e1-dfc01772f8b1","type":"Feature","feature_type":"navPathAssocieted","geometry":null,"properties":{"pathNode_id":"7513354c-9187-49d4-8dd2-68d29f9860bd","associeted_id":"9ec55d67-27dd-4fd8-8851-e2235defa79a"}},{"id":"13453fe5-399c-47f4-9232-6430ff6af148","type":"Feature","feature_type":"navPathAssocieted","geometry":null,"properties":{"pathNode_id":"2c4340ee-7e85-49e6-8b44-d210c6f7ffda","associeted_id":"93c7b991-3cba-4f93-a556-fdd0e955db90"}},{"id":"09d7bdfb-d41b-4d7d-9a34-34d7b8afc92e","type":"Feature","feature_type":"navPathAssocieted","geometry":null,"properties":{"pathNode_id":"abda3cc9-87b2-4f50-ac19-94d3e6502c82","associeted_id":"c43c9fb0-125d-470a-9397-ad077055f9ee"}},{"id":"ae52c399-4f95-40b3-a088-ba9f3942570b","type":"Feature","feature_type":"navPathAssocieted","geometry":null,"properties":{"pathNode_id":"be899c1c-9b9b-4532-8407-3301aa632599","associeted_id":"cbbfedbe-f810-4317-baea-e81e7599fb16"}},{"id":"eb4e5717-e336-4f55-8411-0ef7e8e5a561","type":"Feature","feature_type":"navPathAssocieted","geometry":null,"properties":{"pathNode_id":"754495c2-8c32-4a03-868a-21dc7b5fad47","associeted_id":"f96f5ccc-e323-4729-886c-41c5cedf0b34"}},{"id":"4338b01e-3dc8-4cb7-9ba8-960401c4c524","type":"Feature","feature_type":"navPathAssocieted","geometry":null,"properties":{"pathNode_id":"1a395eb9-21bc-421e-ae64-9a4d32f14980","associeted_id":"b0bd8d3b-bbad-43b7-b933-6cb0d9e10a2b"}},{"id":"3186a50e-82c0-4d8c-aca9-646211727049","type":"Feature","feature_type":"navPathAssocieted","geometry":null,"properties":{"pathNode_id":"4de60d36-b3c3-4109-85d2-2d81d8efdbc6","associeted_id":"6de9fc9b-fca4-4467-99b4-bc1aa0d6149b"}},{"id":"a802d342-f5a6-4ab7-bb7a-84aa0c85fec7","type":"Feature","feature_type":"navPathAssocieted","geometry":null,"properties":{"pathNode_id":"a20a558c-ae81-482f-8e4e-631829cda093","associeted_id":"8fb22426-025a-433c-b10e-2bb82e8ec014"}},{"id":"9515e0d7-b4af-469b-8653-ab85d0196d67","type":"Feature","feature_type":"navPathAssocieted","geometry":null,"properties":{"pathNode_id":"a00d78c5-5bae-4ac7-a4ac-ea1d28aa7fa1","associeted_id":"eabdc67f-a001-4cdb-a544-71ea6b12a7de"}},{"id":"a3545470-b2e3-4483-98a8-d99f46254db1","type":"Feature","feature_type":"navPathAssocieted","geometry":null,"properties":{"pathNode_id":"6acd6737-5807-4e87-b9f2-645cc67e8152","associeted_id":"1e985354-68c4-48b9-94dd-5ba614956522"}},{"id":"91445749-4e17-4e43-9794-10eca6c7c469","type":"Feature","feature_type":"navPathAssocieted","geometry":null,"properties":{"pathNode_id":"0465049a-2212-48d0-a5b5-00c85fa4fdba","associeted_id":"fbb79639-a032-423f-9905-e0eda9671406"}},{"id":"667ead7a-6028-4b0f-b697-cb426253ffda","type":"Feature","feature_type":"navPathAssocieted","geometry":null,"properties":{"pathNode_id":"1cd7ce92-d8d8-4659-9edd-02814def461f","associeted_id":"ab5f818f-33ac-405c-8fdf-e8d5c0eee6c2"}},{"id":"6a319cd2-45c2-40a3-a016-7b95dd21d2a3","type":"Feature","feature_type":"navPathAssocieted","geometry":null,"properties":{"pathNode_id":"732e3df6-9a42-49d5-be28-e1e7ae7e9152","associeted_id":"6990e8b2-7c4a-4b6d-99a8-5df2da3f51b0"}},{"id":"ad1f15f7-d470-4b24-824c-c681185ba1a1","type":"Feature","feature_type":"navPathAssocieted","geometry":null,"properties":{"pathNode_id":"4c2f8066-6c8c-4d6b-b534-e0acb4da41d2","associeted_id":"f87b11cd-689b-4a0f-bc8e-9f67436e52bf"}},{"id":"e560355d-317d-4ce0-a7f8-1081a77fb112","type":"Feature","feature_type":"navPathAssocieted","geometry":null,"properties":{"pathNode_id":"a5ebff16-51f0-491d-9b32-c8455f7c645a","associeted_id":"9fd0f278-54bf-426a-9c23-b3e20e8f29c8"}},{"id":"94e43c62-b8f7-46ea-9641-9347f29d68a3","type":"Feature","feature_type":"navPathAssocieted","geometry":null,"properties":{"pathNode_id":"88e106cc-5467-4f13-bf6b-9f8631cbffaa","associeted_id":"794235f9-c4d5-49fb-b4df-483f410cafec"}},{"id":"4288e850-69fb-43ff-9683-defa8eb1a600","type":"Feature","feature_type":"navPathAssocieted","geometry":null,"properties":{"pathNode_id":"cbd2363f-1247-4468-a645-3883e06c62c4","associeted_id":"491bf1a5-110e-40d4-be7e-7d2966432922"}},{"id":"efc90f82-404b-4952-b64a-23dc9706e426","type":"Feature","feature_type":"navPathAssocieted","geometry":null,"properties":{"pathNode_id":"6522a311-6545-49a5-bba3-82213526ead6","associeted_id":"318aea36-db3d-4299-b1d1-7a7540292b6f"}},{"id":"39d3e302-722e-4bda-a8ae-6da2337c45e5","type":"Feature","feature_type":"navPathAssocieted","geometry":null,"properties":{"pathNode_id":"b25031b3-51db-43f0-a55a-dad9eb9e6c4e","associeted_id":"661da870-06b3-4eda-8885-8a934750490f"}},{"id":"72b3d8f7-cdd4-4a83-8ec5-ff05290bf679","type":"Feature","feature_type":"navPathAssocieted","geometry":null,"properties":{"pathNode_id":"25490b0c-204a-4caf-bb0f-e742cf2d0447","associeted_id":"661da870-06b3-4eda-8885-8a934750490f"}},{"id":"a215e7b7-470d-441e-bc2b-7c68dc744fe0","type":"Feature","feature_type":"navPathAssocieted","geometry":null,"properties":{"pathNode_id":"25490b0c-204a-4caf-bb0f-e742cf2d0447","associeted_id":"111117be-4784-4da2-b3b3-29540e90a2e8"}},{"id":"890aedef-649c-4ba2-9a7f-566f6d9939f2","type":"Feature","feature_type":"navPathAssocieted","geometry":null,"properties":{"pathNode_id":"36900424-8650-4405-b1e0-330aeab5c473","associeted_id":"5a94157f-0e6e-4ca4-b45b-c8ebf2c621c2"}},{"id":"de840b85-fdd8-4937-8eed-d47b811e78b5","type":"Feature","feature_type":"navPathAssocieted","geometry":null,"properties":{"pathNode_id":"28b7b83d-1e80-45ef-bde3-21b27fe72bbb","associeted_id":"5a94157f-0e6e-4ca4-b45b-c8ebf2c621c2"}},{"id":"3363843d-a5e3-4170-b4c6-55fdea9ea647","type":"Feature","feature_type":"navPathAssocieted","geometry":null,"properties":{"pathNode_id":"28b7b83d-1e80-45ef-bde3-21b27fe72bbb","associeted_id":"5a94157f-0e6e-4ca4-b45b-c8ebf2c621c2"}},{"id":"e11e9688-8522-40f3-8614-b0b36379707c","type":"Feature","feature_type":"navPathAssocieted","geometry":null,"properties":{"pathNode_id":"28b7b83d-1e80-45ef-bde3-21b27fe72bbb","associeted_id":"0488a12e-8b04-475e-acb5-2b769fe9b47f"}},{"id":"d9418804-277d-436e-9bdd-902d2a811113","type":"Feature","feature_type":"navPathAssocieted","geometry":null,"properties":{"pathNode_id":"4021c83a-f848-4305-b10b-34e9c6eeaf2e","associeted_id":"5a94157f-0e6e-4ca4-b45b-c8ebf2c621c2"}},{"id":"f796ddb2-7a19-41a6-9861-3709ece4eaa1","type":"Feature","feature_type":"navPathAssocieted","geometry":null,"properties":{"pathNode_id":"4021c83a-f848-4305-b10b-34e9c6eeaf2e","associeted_id":"661da870-06b3-4eda-8885-8a934750490f"}},{"id":"d187de35-f887-4301-9234-a6517af7dffc","type":"Feature","feature_type":"navPathAssocieted","geometry":null,"properties":{"pathNode_id":"9e2067c1-823f-4c31-aad8-cd85b292471e","associeted_id":"111117be-4784-4da2-b3b3-29540e90a2e8"}},{"id":"79c87ed5-1c70-4141-829f-d07c01d5c7a7","type":"Feature","feature_type":"navPathAssocieted","geometry":null,"properties":{"pathNode_id":"5954bd88-6838-4839-80a0-2573d8bb84d6","associeted_id":"0488a12e-8b04-475e-acb5-2b769fe9b47f"}},{"id":"82ff1929-e46a-4b76-a782-5f1a1231446d","type":"Feature","feature_type":"navPathAssocieted","geometry":null,"properties":{"pathNode_id":"c625d6b2-cc06-4caf-8e96-57b0c2274491","associeted_id":"474da25d-69b6-4535-a2a8-a208e0333703"}},{"id":"accc87bb-17c6-4e1f-a5fb-c1e0cc4d73ac","type":"Feature","feature_type":"navPathAssocieted","geometry":null,"properties":{"pathNode_id":"46c2af26-09d6-4f27-80d0-c65687038488","associeted_id":"38e8ebc1-8897-41f7-a5a9-11bd7a9cf480"}},{"id":"04cc0003-3901-4162-af33-a094857e6b58","type":"Feature","feature_type":"navPathAssocieted","geometry":null,"properties":{"pathNode_id":"c92d7089-730b-448a-82fb-300c6c617252","associeted_id":"336f9fec-195b-4ae7-920a-722c506b7c3c"}},{"id":"cd6e72da-0c97-48bd-9ba4-f2eb68ed1cdf","type":"Feature","feature_type":"navPathAssocieted","geometry":null,"properties":{"pathNode_id":"67493699-6718-4962-be1d-c70a36f997ad","associeted_id":"6400dfa1-49fd-44fa-97e4-8922c8319da1"}},{"id":"d016c564-5244-497e-b489-751cee66a4ee","type":"Feature","feature_type":"navPathAssocieted","geometry":null,"properties":{"pathNode_id":"6adcd38a-7c27-4c00-adf8-3e24e845b9a9","associeted_id":"1dff7f52-5dd5-4d9e-83d8-8060e8001729"}},{"id":"d14f7a43-bbf1-475a-bb70-e5ffbc730d89","type":"Feature","feature_type":"navPathAssocieted","geometry":null,"properties":{"pathNode_id":"b57bdd08-58c6-4f5c-a49a-0f945c73bec0","associeted_id":"ce2b014c-4260-4ab0-829f-51b346606d4f"}},{"id":"bdfd0dbb-f418-4a08-b27c-64e3afa40117","type":"Feature","feature_type":"navPathAssocieted","geometry":null,"properties":{"pathNode_id":"f53c5400-b628-4511-a1ce-20fbe2f975fc","associeted_id":"a986936d-d2f8-4e9f-924b-6b159f395ba5"}},{"id":"ffbc7e50-7550-444d-a1dd-509945779373","type":"Feature","feature_type":"navPathAssocieted","geometry":null,"properties":{"pathNode_id":"359960f7-b59d-4450-a01d-e4f93ddf3c54","associeted_id":"f485413f-6a4f-4cdf-ae8e-f66224798ed1"}},{"id":"ae7ea890-4e20-42c2-844c-bc9922c7a2e4","type":"Feature","feature_type":"navPathAssocieted","geometry":null,"properties":{"pathNode_id":"9edac1c4-f8a4-4149-bead-277d39a76590","associeted_id":"fbd62246-e738-470c-a05b-09bd6d7dc299"}},{"id":"b6b9717f-8790-49ba-9a02-704d1294bcbc","type":"Feature","feature_type":"navPathAssocieted","geometry":null,"properties":{"pathNode_id":"6fae7755-941c-4e74-b17a-75c1c9d26cce","associeted_id":"63a59336-d139-4f87-a90c-a77c7a5841db"}},{"id":"f2fdef2c-fc6f-490b-a3a8-342b29285ae9","type":"Feature","feature_type":"navPathAssocieted","geometry":null,"properties":{"pathNode_id":"efc9ce35-a933-4130-9693-8190b4fa7135","associeted_id":"1498b217-8d77-4f47-b92b-4f4be4bb7a86"}},{"id":"a5c97291-6cca-4cb0-bd31-0ba0182a505e","type":"Feature","feature_type":"navPathAssocieted","geometry":null,"properties":{"pathNode_id":"94396e8b-1ae3-4c6e-b776-2182e973a0e5","associeted_id":"88891e6a-3807-4576-9768-4e1a1e6bc9b6"}},{"id":"8a28f190-39aa-4af1-8b5d-189aa04d5fb5","type":"Feature","feature_type":"navPathAssocieted","geometry":null,"properties":{"pathNode_id":"940a99bf-dd89-4a10-a9d7-993325993f07","associeted_id":"23b82206-2a7d-485e-bb8a-acbdb4f84dd2"}},{"id":"108ebec9-e54c-4d2e-9236-e0f1c5cf2548","type":"Feature","feature_type":"navPathAssocieted","geometry":null,"properties":{"pathNode_id":"711e0b2e-1205-43c0-9b4e-348b3d56230a","associeted_id":"ee3563b5-23a6-41b7-9dd8-79da51d14f17"}},{"id":"1211e1f8-9cc4-4338-924b-b28f54c2af87","type":"Feature","feature_type":"navPathAssocieted","geometry":null,"properties":{"pathNode_id":"faf973b2-af1b-4b80-8a25-4dd9c223acea","associeted_id":"157d76b0-701c-4b13-8294-9b59c5d0c563"}},{"id":"c8ddff4e-3d02-4a5f-b274-8220ed1a6859","type":"Feature","feature_type":"navPathAssocieted","geometry":null,"properties":{"pathNode_id":"02652b77-b65e-4326-94e2-593e89a62db2","associeted_id":"da016920-fbf4-48ae-ba7c-01a7e07fba2e"}},{"id":"3b2d0631-d66d-4c1c-84e5-e2780674d15d","type":"Feature","feature_type":"navPathAssocieted","geometry":null,"properties":{"pathNode_id":"f99611a4-0a48-4028-aefc-594b41552604","associeted_id":"6850a736-6b0d-465b-ae2a-11dac6f90b9b"}},{"id":"3ebd542c-ab08-4bc4-ac5e-405730242b66","type":"Feature","feature_type":"navPathAssocieted","geometry":null,"properties":{"pathNode_id":"1e751db4-3866-482a-87c1-f57f44cecf16","associeted_id":"87270e36-88d9-44cf-8b54-12a6d59c3518"}},{"id":"f7d43403-3a55-4d3e-bec9-bd1488c5a687","type":"Feature","feature_type":"navPathAssocieted","geometry":null,"properties":{"pathNode_id":"ddb9a463-34e1-46af-af8f-141793613d44","associeted_id":"1988eb02-80fd-4200-b862-973ac38e6959"}},{"id":"bf692813-9629-4595-bbd3-63dc8cbfe907","type":"Feature","feature_type":"navPathAssocieted","geometry":null,"properties":{"pathNode_id":"915faa1d-fbf1-4782-b3fa-7d5b741fe9dd","associeted_id":"133cfcc7-7c1c-4ce7-b5e8-0956a5b518ad"}},{"id":"93ca0eb4-25f7-4793-9a2f-008e0b2cc427","type":"Feature","feature_type":"navPathAssocieted","geometry":null,"properties":{"pathNode_id":"c36dfb92-8f44-4ba4-b47a-80e5567a151f","associeted_id":"98a1aa7b-fc17-4598-abca-b13f7cfac57c"}},{"id":"2c4a0d2b-88d2-4f8e-81e5-9b7047bf7540","type":"Feature","feature_type":"navPathAssocieted","geometry":null,"properties":{"pathNode_id":"02d66bc8-6abd-4ed5-889a-ce3850825fb7","associeted_id":"998805ac-853e-4056-a437-34b60b2c5473"}},{"id":"374990a7-6f91-4ed8-bebd-d9b600e97c65","type":"Feature","feature_type":"navPathAssocieted","geometry":null,"properties":{"pathNode_id":"b33a1031-3882-47fb-99a1-8b0b2c07de2a","associeted_id":"7788d89d-0ec6-417f-b2f8-1b41907902da"}},{"id":"4472946c-0419-4d86-a17e-dd4d0bf19f94","type":"Feature","feature_type":"navPathAssocieted","geometry":null,"properties":{"pathNode_id":"78671bf9-3157-4303-bc53-6518794ba7ca","associeted_id":"72999c93-bd5f-4132-90be-3c4b11a02e47"}},{"id":"dd5cc2ea-aac5-4410-8e61-2ea20a3207bc","type":"Feature","feature_type":"navPathAssocieted","geometry":null,"properties":{"pathNode_id":"396f8da8-d98b-45a1-a40e-a98dbf4a0ba5","associeted_id":"c8e96c2d-d83a-4758-bfa3-f35d53cc0faa"}},{"id":"5f3613af-6e6d-44f5-ae76-1de9308e74b9","type":"Feature","feature_type":"navPathAssocieted","geometry":null,"properties":{"pathNode_id":"5044615b-9ef3-496b-9582-e9b02d52f481","associeted_id":"c8e96c2d-d83a-4758-bfa3-f35d53cc0faa"}},{"id":"838a8e2c-912b-4d07-93c2-3309a6cc69a3","type":"Feature","feature_type":"navPathAssocieted","geometry":null,"properties":{"pathNode_id":"be93fc91-602f-448d-b92d-11cef3cd46a0","associeted_id":"0e4266aa-9c5b-4611-9f1c-7f2cba9120ff"}},{"id":"87d0bceb-c879-4893-b821-9860441b21e5","type":"Feature","feature_type":"navPathAssocieted","geometry":null,"properties":{"pathNode_id":"818096a6-65e9-49be-be57-32ba00ea1de3","associeted_id":"3d14752a-9121-49b4-9cd4-1b3d19e9d9b2"}},{"id":"a6cb7eb0-ab2d-44d3-b350-73b630049c67","type":"Feature","feature_type":"navPathAssocieted","geometry":null,"properties":{"pathNode_id":"dcdd4a5c-300c-4851-8d6b-6d51e5e60f07","associeted_id":"3d14752a-9121-49b4-9cd4-1b3d19e9d9b2"}},{"id":"2d7c1e81-8f67-4fd3-a445-a0d4fa824548","type":"Feature","feature_type":"navPathAssocieted","geometry":null,"properties":{"pathNode_id":"68afe053-97fb-4ffb-8b57-a3fed146ba9a","associeted_id":"924ae144-c44c-4b86-8f5c-a56770e24d1f"}},{"id":"99a15831-dbcc-450b-94a6-2680748e8b5e","type":"Feature","feature_type":"navPathAssocieted","geometry":null,"properties":{"pathNode_id":"1f7d0ec5-44ca-4f2a-9e2c-0c496ac37627","associeted_id":"90f32047-baae-40ce-a87a-dc911172fe72"}},{"id":"02385c36-2434-42c3-a6ad-c939574c365b","type":"Feature","feature_type":"navPathAssocieted","geometry":null,"properties":{"pathNode_id":"51ab7356-b52e-4471-b241-185a519f53da","associeted_id":"90f32047-baae-40ce-a87a-dc911172fe72"}},{"id":"0b2f4302-21ab-465c-8fd2-371278ca0e23","type":"Feature","feature_type":"navPathAssocieted","geometry":null,"properties":{"pathNode_id":"2bd0f953-22d7-4683-a789-c07b2b5652e9","associeted_id":"e6cc55bb-eca1-4273-8ed3-dc90b313d9c9"}},{"id":"9cb546f9-aafd-4c54-a27e-cec814dced7c","type":"Feature","feature_type":"navPathAssocieted","geometry":null,"properties":{"pathNode_id":"35800623-5369-4f4a-a376-da28064a4ec4","associeted_id":"74e1f1ef-e243-4eee-9777-70cef0f49c67"}},{"id":"ecc16093-7b45-403c-b10c-6c0605c6d104","type":"Feature","feature_type":"navPathAssocieted","geometry":null,"properties":{"pathNode_id":"7a599416-c52c-462c-80a5-5524a66850b3","associeted_id":"0f4d1271-5100-4946-b48d-8a5aa16be0c1"}},{"id":"810234bb-783d-4914-bcd4-fd49484acc0e","type":"Feature","feature_type":"navPathAssocieted","geometry":null,"properties":{"pathNode_id":"9a48556d-a45f-4e5e-bb7e-c8c8756d3ec7","associeted_id":"e44186c9-537e-41a1-bc2e-24326cd7a1c6"}},{"id":"1092260f-b976-4a09-a29a-53943943d559","type":"Feature","feature_type":"navPathAssocieted","geometry":null,"properties":{"pathNode_id":"c367e5b8-33b0-4bd6-80e3-ff511c3263f2","associeted_id":"247ccd29-671d-429e-b87a-a9695a62ace4"}},{"id":"d2e46d69-d2c3-4797-a863-90ec3384167c","type":"Feature","feature_type":"navPathAssocieted","geometry":null,"properties":{"pathNode_id":"c0ca6ab1-d904-4dfa-9470-1410bb43267b","associeted_id":"b196b165-b506-46cb-b1a3-c1b720951cb7"}},{"id":"14ce5bc0-8b06-4d9a-b8ef-5faf0dca2f7a","type":"Feature","feature_type":"navPathAssocieted","geometry":null,"properties":{"pathNode_id":"1d47c43b-8197-496d-b0be-57c5778b11d0","associeted_id":"b21b2501-aa00-4f41-90c6-b131689e8abe"}},{"id":"3478d7bc-c956-4f2c-9edc-801ed9ed4904","type":"Feature","feature_type":"navPathAssocieted","geometry":null,"properties":{"pathNode_id":"4c8fa177-4d17-46d4-bbb0-da1212e546f2","associeted_id":"f6113a30-501d-4357-ad99-9cb25ac62df4"}},{"id":"9e298a98-ccf8-4455-a4ff-256ffd5da425","type":"Feature","feature_type":"navPathAssocieted","geometry":null,"properties":{"pathNode_id":"4fe0c748-dc8a-4921-9ae9-1e2c7d47a3d6","associeted_id":"3d860aff-9439-4933-b84b-5c501a8848f5"}},{"id":"7e5d6cd6-f6a4-48da-9cfe-f00fee7e80ae","type":"Feature","feature_type":"navPathAssocieted","geometry":null,"properties":{"pathNode_id":"45bbe90c-e711-4912-b3ab-27da2406f80d","associeted_id":"7b9638d0-e9ec-4676-8163-c22d35b3f52e"}},{"id":"7e002522-3cde-482f-be73-6833997fec84","type":"Feature","feature_type":"navPathAssocieted","geometry":null,"properties":{"pathNode_id":"cb593505-8b5c-462a-b368-da3f3d5ae774","associeted_id":"8cd52af5-7595-4508-9184-8d8026da8411"}},{"id":"00da6aab-d2c2-4ff8-b758-a1be87acb45b","type":"Feature","feature_type":"navPathAssocieted","geometry":null,"properties":{"pathNode_id":"f016c353-6225-4252-9b5a-1c338cf7657b","associeted_id":"253327ca-e582-4402-b42d-d113e7d31688"}},{"id":"dd90b99d-f7dc-4341-b228-626cf8144b36","type":"Feature","feature_type":"navPathAssocieted","geometry":null,"properties":{"pathNode_id":"5b01cdc4-542b-4107-8736-8a64b34a546f","associeted_id":"cd966e54-d660-483c-aaf4-64a7eecd6bd0"}},{"id":"5a5efe41-c5ee-45ec-bcf4-c1c043e3280d","type":"Feature","feature_type":"navPathAssocieted","geometry":null,"properties":{"pathNode_id":"6dd3879c-61db-419e-8b47-14d74c40e4ed","associeted_id":"7823e0ec-4873-4e97-8b14-6ffaa23a99bf"}},{"id":"b4ef0c6d-8e6d-4090-858b-907b17438609","type":"Feature","feature_type":"navPathAssocieted","geometry":null,"properties":{"pathNode_id":"24b7e4eb-9757-498b-9a55-3dcb6d0da3b0","associeted_id":"16575458-4b21-4eaa-9268-90a1621b87ea"}},{"id":"df3f4a9d-15d5-4b3d-9bf2-6f3e88dd169a","type":"Feature","feature_type":"navPathAssocieted","geometry":null,"properties":{"pathNode_id":"e663b437-8c1d-4265-9e13-3415aae7525d","associeted_id":"f8d0af4f-eabf-470c-ac5a-4d742c74aeef"}},{"id":"e8a8e353-ccac-4478-8736-51ce9a19a109","type":"Feature","feature_type":"navPathAssocieted","geometry":null,"properties":{"pathNode_id":"525d5adf-ebf2-4757-ae3f-2b9d8eab6245","associeted_id":"7197286f-7662-4289-862b-a428d7831c2b"}},{"id":"b60c4ef0-d645-4e8e-9bc2-1140866cc4af","type":"Feature","feature_type":"navPathAssocieted","geometry":null,"properties":{"pathNode_id":"7abae418-7fe5-4354-939e-7a5749c3d89d","associeted_id":"c10a7ba5-fce4-4288-a1b7-f05aeb7f748e"}},{"id":"30a942c0-abaa-40c6-8a1b-e6af7eab4f1a","type":"Feature","feature_type":"navPathAssocieted","geometry":null,"properties":{"pathNode_id":"bee41525-520b-4166-87e8-4fe471436e13","associeted_id":"d3f02d70-73f1-4ba6-98ec-489de4032285"}},{"id":"0475dfd8-875c-4579-8965-e1adf53c626e","type":"Feature","feature_type":"navPathAssocieted","geometry":null,"properties":{"pathNode_id":"99cf2e8a-9715-4ab4-bc66-61240d5c0b3c","associeted_id":"c916bc04-241f-4644-9476-2d8d8fa786d8"}},{"id":"fdf8692e-4ed3-4021-8ad8-1e2b03de6f5e","type":"Feature","feature_type":"navPathAssocieted","geometry":null,"properties":{"pathNode_id":"201134f7-c65e-4c6c-b46b-86ed3dcf64cd","associeted_id":"bb3ff9f6-5fb0-4d00-81e5-0e2fe7cc733b"}},{"id":"ebfcee12-dc2b-4a4a-a16f-a11e066d0fa3","type":"Feature","feature_type":"navPathAssocieted","geometry":null,"properties":{"pathNode_id":"54104c69-7667-49bd-90ed-9ab2a2fe9462","associeted_id":"f1c0682f-fe95-4921-9f03-2e9565937638"}},{"id":"5dcae990-5312-4cd0-b841-b389c213cfba","type":"Feature","feature_type":"navPathAssocieted","geometry":null,"properties":{"pathNode_id":"9f6b3034-8ecd-4fb1-aa01-48c3b7c8b78f","associeted_id":"f1c0682f-fe95-4921-9f03-2e9565937638"}},{"id":"dad0f81a-26f6-490b-9278-590d8f1767cc","type":"Feature","feature_type":"navPathAssocieted","geometry":null,"properties":{"pathNode_id":"b2b9ffa0-0378-4563-bea3-d4c31f11f09d","associeted_id":"f1c0682f-fe95-4921-9f03-2e9565937638"}},{"id":"ec23f859-f5a7-470d-8de1-74a296fa59f3","type":"Feature","feature_type":"navPathAssocieted","geometry":null,"properties":{"pathNode_id":"96117800-0edc-4154-a5cf-37aace3d1f53","associeted_id":"f1c0682f-fe95-4921-9f03-2e9565937638"}},{"id":"3875bf53-c51f-4b6e-ba2b-7a5572b4e90a","type":"Feature","feature_type":"navPathAssocieted","geometry":null,"properties":{"pathNode_id":"138dec2c-f671-4e81-bcfe-c8e41d8124d8","associeted_id":"bed27d4e-d7f5-4507-b6bb-530dfda93026"}},{"id":"679d6623-f7a9-4dc8-9932-b4f339f67386","type":"Feature","feature_type":"navPathAssocieted","geometry":null,"properties":{"pathNode_id":"8343718f-1e15-463f-b943-0d0d6a3345c5","associeted_id":"f2288cf7-3d8c-4b42-aee5-045b2d1c4a36"}},{"id":"a29f26f0-6cda-47e7-aa25-b2a9422a4139","type":"Feature","feature_type":"navPathAssocieted","geometry":null,"properties":{"pathNode_id":"a9293323-88af-4e74-96b1-4fe50e239b41","associeted_id":"f0bfbbef-0a69-4f92-a613-8bd0710579eb"}},{"id":"9b4c4089-b99c-4a01-a752-16394fbc7fbd","type":"Feature","feature_type":"navPathAssocieted","geometry":null,"properties":{"pathNode_id":"cffee12b-75d7-4765-a593-80b8e60b5e5a","associeted_id":"c28f1920-7cca-4545-a208-926af5d4aa28"}},{"id":"8d9c7f0a-361b-477c-ab28-8b2abcd3cac1","type":"Feature","feature_type":"navPathAssocieted","geometry":null,"properties":{"pathNode_id":"d33ea19a-10d9-46af-be09-86ff5262cf45","associeted_id":"c28f1920-7cca-4545-a208-926af5d4aa28"}},{"id":"1fab9433-7de9-4004-8b8e-e84696ece657","type":"Feature","feature_type":"navPathAssocieted","geometry":null,"properties":{"pathNode_id":"82dd3742-ba18-473a-abab-ca7e71bf2065","associeted_id":"51a467ac-a844-48f6-aac9-e869f891480c"}},{"id":"cd3c91fe-43a7-425a-95cd-6b723a29b340","type":"Feature","feature_type":"navPathAssocieted","geometry":null,"properties":{"pathNode_id":"2f0f6591-af07-45a6-b7c0-a9bab87f38ed","associeted_id":"65cfa2c5-6f51-4f49-8836-878367a72630"}},{"id":"f3fef150-57ee-4f2c-9d0d-253c309bbb57","type":"Feature","feature_type":"navPathAssocieted","geometry":null,"properties":{"pathNode_id":"628051ad-1d4f-45bf-a326-08f99da65b9c","associeted_id":"52248261-a531-4575-ab3e-0ad04647bce8"}},{"id":"bcbcccc7-fcbc-41f4-912e-5c8887e54cf3","type":"Feature","feature_type":"navPathAssocieted","geometry":null,"properties":{"pathNode_id":"ff5ddb93-17a2-49c0-82be-b91565972796","associeted_id":"5ba55039-473f-4f5f-87e3-51606f12dda0"}},{"id":"d7f168f0-42d6-4e87-8a80-46a6e2746efd","type":"Feature","feature_type":"navPathAssocieted","geometry":null,"properties":{"pathNode_id":"4b96d7e8-7091-4b48-b414-566d7b1895ee","associeted_id":"d818d20b-e0cf-4cb5-bc02-20325913116b"}},{"id":"d37519c2-ef63-4e8f-b347-527a42c6d5f8","type":"Feature","feature_type":"navPathAssocieted","geometry":null,"properties":{"pathNode_id":"1616058a-8ce5-4a5b-ba02-d7182ef81362","associeted_id":"855975d6-49d4-41fe-94c7-54937bb8bf69"}},{"id":"a2e28395-5b36-44c7-b578-8cbcdfdad388","type":"Feature","feature_type":"navPathAssocieted","geometry":null,"properties":{"pathNode_id":"8f4e01bf-1935-4843-95fe-27058319189d","associeted_id":"9bb637f9-0c00-48f3-be67-e367bb86d951"}},{"id":"864acfd1-45e8-42ea-a44b-c9d29de85dd1","type":"Feature","feature_type":"navPathAssocieted","geometry":null,"properties":{"pathNode_id":"17273083-94e7-42ca-ad02-7af091593ac0","associeted_id":"96fc9f07-18ce-4ec7-86d7-b12429ca0446"}},{"id":"1509c381-9eaa-42d2-bab6-9781de218844","type":"Feature","feature_type":"navPathAssocieted","geometry":null,"properties":{"pathNode_id":"1bfce8de-af9a-4f3c-8ecf-103eef270646","associeted_id":"4f68b9fe-f58d-444c-87ee-2f0596c9bc8e"}},{"id":"32c46609-2662-4ed5-ad60-8e161ed45a3e","type":"Feature","feature_type":"navPathAssocieted","geometry":null,"properties":{"pathNode_id":"54f90d0c-16d6-47e5-a1e6-8359703a4d9f","associeted_id":"b4ca649f-73a4-438c-8426-d2c2cd128b21"}},{"id":"4d7d0575-5700-4414-9c17-d7e6cea962a2","type":"Feature","feature_type":"navPathAssocieted","geometry":null,"properties":{"pathNode_id":"00f3b2cb-5839-440a-ae7f-abd272b5f392","associeted_id":"55fcb5c6-f22d-4bfd-a110-e0e43d134c54"}},{"id":"8eec75c2-a45a-4c8e-93de-d25a6744fb25","type":"Feature","feature_type":"navPathAssocieted","geometry":null,"properties":{"pathNode_id":"2b59956c-32f7-478b-b23b-6cd5f3287a2b","associeted_id":"55fcb5c6-f22d-4bfd-a110-e0e43d134c54"}},{"id":"975d76d8-46b5-4a3a-84b2-5ac29e2358f6","type":"Feature","feature_type":"navPathAssocieted","geometry":null,"properties":{"pathNode_id":"fe9043c5-b3ab-4fc7-8669-3caf4d42a409","associeted_id":"76b0b9ce-3415-4663-b39f-9218966f125b"}},{"id":"90b0f5e4-48f1-4251-8e06-0767d7b8492c","type":"Feature","feature_type":"navPathAssocieted","geometry":null,"properties":{"pathNode_id":"5f1722f6-ef97-4337-95eb-bcf3f8d1d70a","associeted_id":"fe523864-3b33-4c1f-9078-a989d4cb0963"}},{"id":"257e9262-2997-4e91-b99b-7465efdf4e71","type":"Feature","feature_type":"navPathAssocieted","geometry":null,"properties":{"pathNode_id":"077ab69f-ac09-4b6d-ae92-f370c03afe2e","associeted_id":"0ae4a8f7-ea2f-43e1-97ed-a8679f243561"}},{"id":"1aa874ec-258a-4696-a842-e29ebd40c295","type":"Feature","feature_type":"navPathAssocieted","geometry":null,"properties":{"pathNode_id":"fb377a53-40c9-4e7f-8e3a-4f3606a7db6f","associeted_id":"04996457-d501-4087-b894-86b0637d0701"}},{"id":"92efc290-e6ec-4c14-aa3e-26a9daab106a","type":"Feature","feature_type":"navPathAssocieted","geometry":null,"properties":{"pathNode_id":"fe8becc7-a2b1-424b-89b6-0e69e3a0fd29","associeted_id":"d6d33586-62b7-4973-81a3-f20c832dd222"}},{"id":"a929139c-773e-43f7-a15b-44d36f2f6f18","type":"Feature","feature_type":"navPathAssocieted","geometry":null,"properties":{"pathNode_id":"42584a12-fa45-46d8-b5b1-bb2bb1de0219","associeted_id":"583d7c53-8533-4f2f-b223-65e6ddba8d02"}},{"id":"74bfb282-b175-496a-b21b-ecdb50c4ff92","type":"Feature","feature_type":"navPathAssocieted","geometry":null,"properties":{"pathNode_id":"3fec4a4f-ea92-4a5f-b78a-2bbcb57d62b7","associeted_id":"f958a5b8-9f7b-4ba7-b288-704b8e72bbee"}},{"id":"e3f38372-22c1-4ff9-b908-78a2a4ee6d65","type":"Feature","feature_type":"navPathAssocieted","geometry":null,"properties":{"pathNode_id":"c2a5e6d1-e0b6-4d5a-8932-be61bf15b701","associeted_id":"d7180aad-2056-4377-8eaa-99dd8dd91880"}},{"id":"ee29ad58-1784-44ac-ade4-4f8d642ee647","type":"Feature","feature_type":"navPathAssocieted","geometry":null,"properties":{"pathNode_id":"c0846030-10cf-41ce-b6b2-f07a0a22f80d","associeted_id":"61a47c56-425a-4449-b052-2d3344746dc8"}},{"id":"de835c44-f690-4a0e-927a-9fcfb68b2c07","type":"Feature","feature_type":"navPathAssocieted","geometry":null,"properties":{"pathNode_id":"7d886489-0c1b-4d48-9fa0-21caa44dc15e","associeted_id":"cc62e3a0-3f75-4f29-8668-3eba515827b4"}},{"id":"5c66c27a-887e-4da9-aaa7-c9f0a129b65b","type":"Feature","feature_type":"navPathAssocieted","geometry":null,"properties":{"pathNode_id":"3376d2df-8838-482a-819e-00f2f5c4df15","associeted_id":"f295c2e1-7f06-4a71-a322-02fca10361a1"}},{"id":"c42d4908-32d2-4dfc-9919-97d8ddb25fbb","type":"Feature","feature_type":"navPathAssocieted","geometry":null,"properties":{"pathNode_id":"de527823-f57d-48e5-bf9c-7cd3f2f1f301","associeted_id":"bd319653-737d-4580-aee9-8a4f231e455b"}},{"id":"3a4bb3c5-8af6-4267-9826-ddaed23fc015","type":"Feature","feature_type":"navPathAssocieted","geometry":null,"properties":{"pathNode_id":"ddb210e9-2b04-40af-810f-b893008977f0","associeted_id":"383cd6b2-d26f-47ea-8859-871f5889b56a"}},{"id":"640ff107-4979-4422-938f-d9ac70f0098d","type":"Feature","feature_type":"navPathAssocieted","geometry":null,"properties":{"pathNode_id":"5e5edfb3-7dff-4052-874e-86b32132cbd8","associeted_id":"8896acff-a13f-4899-85c5-f65d242840d4"}},{"id":"18b9ee60-2dad-4a58-a744-d50a68cd8b68","type":"Feature","feature_type":"navPathAssocieted","geometry":null,"properties":{"pathNode_id":"64093e8b-02b3-4929-9a2b-30fef6830d0f","associeted_id":"b3c93444-52e9-4c0c-b8cf-0575dc3d782b"}},{"id":"1e6b79bb-49e3-4266-8f9d-4c2161c4425d","type":"Feature","feature_type":"navPathAssocieted","geometry":null,"properties":{"pathNode_id":"653ff9c1-ebc8-46be-b30d-864959bbb07f","associeted_id":"629855e2-9714-45cf-8de9-6fc3c595cc75"}},{"id":"37c800f9-adeb-4ee7-bba3-f00ad6a08e19","type":"Feature","feature_type":"navPathAssocieted","geometry":null,"properties":{"pathNode_id":"d6a686bd-4fe4-4d0f-9f86-84db5d5d71d9","associeted_id":"1021a99c-8f09-43e5-a4c3-503dbb2b2dc4"}},{"id":"3e394039-4472-46e2-bebc-3560b0ad998f","type":"Feature","feature_type":"navPathAssocieted","geometry":null,"properties":{"pathNode_id":"d0eb0a4f-6af3-4c04-97fc-3a62179fb90d","associeted_id":"8cc538d8-44d5-4332-b1ac-dc9060394909"}},{"id":"786706b4-1aad-4548-b3d9-ac2e324ce239","type":"Feature","feature_type":"navPathAssocieted","geometry":null,"properties":{"pathNode_id":"5789156a-c116-43ba-bb09-5214a3ad75ae","associeted_id":"ae0c8ca2-caa4-4748-a807-5a8ce19fc8f6"}},{"id":"426b04fb-5942-455f-9123-aab9df7725d0","type":"Feature","feature_type":"navPathAssocieted","geometry":null,"properties":{"pathNode_id":"ce2c1d73-399d-4b1d-bdc9-c7dd0c286422","associeted_id":"86443c2f-a320-4829-bfd1-14ebbc1ea73e"}},{"id":"970e295b-a9cc-455b-a6b2-260bf59a0db6","type":"Feature","feature_type":"navPathAssocieted","geometry":null,"properties":{"pathNode_id":"730fd7f3-9103-4bd4-a14e-9fdd38f0cfc4","associeted_id":"bb473dc7-56c1-4fcb-a535-23d369414a72"}},{"id":"1eff0441-053c-4d45-946b-93bdf4ae180f","type":"Feature","feature_type":"navPathAssocieted","geometry":null,"properties":{"pathNode_id":"3d9ac724-dbc2-4c1b-b7a1-e658323ffaaa","associeted_id":"9e381214-a464-4847-8b30-5e154beaa944"}},{"id":"d2367be2-d555-4770-99b8-2817db6f37ff","type":"Feature","feature_type":"navPathAssocieted","geometry":null,"properties":{"pathNode_id":"af2f5a6c-9216-4d66-b0c6-52f68db0258f","associeted_id":"4782844b-61ac-4591-9b80-7221bb305909"}},{"id":"a4adf426-5c6b-4198-8036-1800cb1b8826","type":"Feature","feature_type":"navPathAssocieted","geometry":null,"properties":{"pathNode_id":"7d618567-428d-406a-83c8-9eea0a13f614","associeted_id":"5c19c0c2-8ad9-446b-ab3b-5722e82bbfc5"}},{"id":"34ccb0e8-ff11-4875-b0fd-28df7de253e8","type":"Feature","feature_type":"navPathAssocieted","geometry":null,"properties":{"pathNode_id":"048e8c75-e3ba-406b-ad9e-faa6582f0400","associeted_id":"7813de5f-51d2-4195-a4ce-0a3081bd2d5c"}},{"id":"827fee25-fdc7-4442-bd28-62b8e5014d93","type":"Feature","feature_type":"navPathAssocieted","geometry":null,"properties":{"pathNode_id":"b932623c-b550-4693-aae2-b53e97082193","associeted_id":"f7f26418-f736-4026-9666-252ac72ab9b3"}},{"id":"8db2cdab-91d6-4829-a8dd-e827523d4556","type":"Feature","feature_type":"navPathAssocieted","geometry":null,"properties":{"pathNode_id":"01adc20d-7d0f-4b0a-9a34-861b5781780f","associeted_id":"b231287c-0987-4e8a-a7ea-127828c5ca80"}},{"id":"f94cd7d0-96bf-4fa5-864a-4f5838cd0890","type":"Feature","feature_type":"navPathAssocieted","geometry":null,"properties":{"pathNode_id":"c6a89861-c793-4300-b4f0-154b30291b46","associeted_id":"f3e59de6-0e2e-438b-8ec2-2ac821f0f4d1"}},{"id":"4880ebbf-4e49-487b-96f3-ec0276913e65","type":"Feature","feature_type":"navPathAssocieted","geometry":null,"properties":{"pathNode_id":"f09a9c6d-14f0-4642-917d-88b5d8a4f4b7","associeted_id":"cf250714-d63b-47e4-ba5e-d96887574cde"}},{"id":"f342c410-04b0-44fc-967e-b940858a0496","type":"Feature","feature_type":"navPathAssocieted","geometry":null,"properties":{"pathNode_id":"e000dd39-0654-4b3b-94c2-439fbb9193d1","associeted_id":"2a53dc18-f1e4-4f4a-b775-3756dfe5c057"}},{"id":"08b072bc-3c6c-4d20-8163-2ee01088f63a","type":"Feature","feature_type":"navPathAssocieted","geometry":null,"properties":{"pathNode_id":"c552a97f-0027-4a9b-b87c-0dd7cadd3554","associeted_id":"74c0b20b-ab92-44d1-a73f-1ca8f7d9cc2c"}},{"id":"ad291b3a-45ec-440b-9170-0601160ba13a","type":"Feature","feature_type":"navPathAssocieted","geometry":null,"properties":{"pathNode_id":"572290eb-e32b-43de-8040-efcee3a143e7","associeted_id":"6ccf1a99-c8a2-4a63-8d70-03776080f4a2"}},{"id":"806252a7-a9fa-43c9-a9bc-779347340f1b","type":"Feature","feature_type":"navPathAssocieted","geometry":null,"properties":{"pathNode_id":"a9a367ee-63b7-4cf6-9c6b-21b3c65d069f","associeted_id":"8de7f92b-b059-41f2-b967-5ed11a36375c"}},{"id":"e00e3241-b504-464c-94f2-e55915cc52be","type":"Feature","feature_type":"navPathAssocieted","geometry":null,"properties":{"pathNode_id":"8d267bdc-2ff2-4c3f-9ea0-01646de376ec","associeted_id":"f6f51693-8cd3-4b5d-856d-4257aed56406"}},{"id":"7daf16a6-367c-442e-9bd5-d653bca45b11","type":"Feature","feature_type":"navPathAssocieted","geometry":null,"properties":{"pathNode_id":"f24363c3-a40d-496a-a04f-b2431aec791b","associeted_id":"d31d3772-d641-4fe1-a60f-55a5c8607997"}},{"id":"f30f9f72-6855-493c-a405-73f94f645c06","type":"Feature","feature_type":"navPathAssocieted","geometry":null,"properties":{"pathNode_id":"78b77485-3e7c-4635-bdbc-9ce66ff70fc4","associeted_id":"d31d3772-d641-4fe1-a60f-55a5c8607997"}},{"id":"5da1b352-b09c-497c-8e96-84e405f06a4a","type":"Feature","feature_type":"navPathAssocieted","geometry":null,"properties":{"pathNode_id":"e817466a-343e-483b-8ffd-b2ff533c49f8","associeted_id":"d31d3772-d641-4fe1-a60f-55a5c8607997"}},{"id":"7941b18d-89e3-4b38-bae0-1abe6e2c7886","type":"Feature","feature_type":"navPathAssocieted","geometry":null,"properties":{"pathNode_id":"8a46cf14-40d8-4bfd-acfa-de70776d5d8d","associeted_id":"d31d3772-d641-4fe1-a60f-55a5c8607997"}},{"id":"0001a9bc-c187-4509-9c03-b22f2b37dfa1","type":"Feature","feature_type":"navPathAssocieted","geometry":null,"properties":{"pathNode_id":"aaf491a1-383c-4b8a-814f-55bcf409b7f7","associeted_id":"cf6dfd57-babf-4dfb-83c1-427bacc43d9a"}},{"id":"29a8a59f-9c31-47ee-a419-b3fbf8003ddd","type":"Feature","feature_type":"navPathAssocieted","geometry":null,"properties":{"pathNode_id":"243c7fff-9548-4660-91fa-bd88310f18cd","associeted_id":"98fed168-0f93-4627-bf3a-30974b86caa4"}},{"id":"ebfd9211-6a88-41ff-978a-a3adbe0c77cc","type":"Feature","feature_type":"navPathAssocieted","geometry":null,"properties":{"pathNode_id":"c9fc73b2-4913-456c-8d03-633274e4530c","associeted_id":"7197286f-7662-4289-862b-a428d7831c2b"}},{"id":"21f15d52-eecf-4fce-bd0b-a02874ad7af3","type":"Feature","feature_type":"navPathAssocieted","geometry":null,"properties":{"pathNode_id":"0f6874e5-2194-44c3-ba8c-259800a99380","associeted_id":"d3f02d70-73f1-4ba6-98ec-489de4032285"}},{"id":"b3c81d90-3325-4a02-9d51-d6dbb05eeb09","type":"Feature","feature_type":"navPathAssocieted","geometry":null,"properties":{"pathNode_id":"01c4f8bf-4bb2-4053-9383-0d18b2337f1a","associeted_id":"025d48b2-0510-4fb0-9942-0ebf81690d00"}},{"id":"eda7f60e-e842-4d9d-af9f-82f927e4ab4a","type":"Feature","feature_type":"navPathAssocieted","geometry":null,"properties":{"pathNode_id":"24f1db84-37b7-4dcf-8ba4-639de0ae37ee","associeted_id":"e773d33c-9849-40b9-8469-4dc759328fa4"}},{"id":"7d3e6ba1-b2f5-4472-aad8-3f5d51843319","type":"Feature","feature_type":"navPathAssocieted","geometry":null,"properties":{"pathNode_id":"87c72ae8-5fe4-46ee-8758-b51acba79e2b","associeted_id":"e4193b1f-5312-4b38-bd8d-63bb86c910f3"}},{"id":"70561877-41cc-466c-9134-4f26bebd322c","type":"Feature","feature_type":"navPathAssocieted","geometry":null,"properties":{"pathNode_id":"28e3e8cf-647d-4f36-864f-90df1957d37e","associeted_id":"e4193b1f-5312-4b38-bd8d-63bb86c910f3"}},{"id":"4ff1ea46-b596-4123-8e31-af0c255b55cb","type":"Feature","feature_type":"navPathAssocieted","geometry":null,"properties":{"pathNode_id":"13f500f0-376d-424e-90e0-21aaee56d38f","associeted_id":"768208e2-c9ca-48e2-9318-7d2e872e3032"}},{"id":"27a36624-655b-4f38-8938-8b4501f8f618","type":"Feature","feature_type":"navPathAssocieted","geometry":null,"properties":{"pathNode_id":"51243c44-eda3-4e4d-be11-c8a2d3a88f14","associeted_id":"fb0fdfe2-e0b4-4c10-8751-d290c0c56dca"}},{"id":"135cfad7-3c4b-43b3-914e-d2094fc1c5b1","type":"Feature","feature_type":"navPathAssocieted","geometry":null,"properties":{"pathNode_id":"684f671f-35b2-4f23-a74b-32e86486a474","associeted_id":"25396e5f-35db-41ca-9926-46da01725d78"}},{"id":"698c137c-cf89-460c-99f7-288a6d59678e","type":"Feature","feature_type":"navPathAssocieted","geometry":null,"properties":{"pathNode_id":"3f07c68c-ca04-4700-8e3d-65de07b7c105","associeted_id":"0c84e364-6b7c-4d2d-9555-6b3607aef317"}},{"id":"c8c82357-9711-4f73-8396-56f44112a750","type":"Feature","feature_type":"navPathAssocieted","geometry":null,"properties":{"pathNode_id":"35ff8e29-95ee-4c04-a529-efa7c7724670","associeted_id":"0c84e364-6b7c-4d2d-9555-6b3607aef317"}},{"id":"3150966e-de2e-403e-8895-75cafc0595b5","type":"Feature","feature_type":"navPathAssocieted","geometry":null,"properties":{"pathNode_id":"39976624-7fed-4d4a-9890-57493d403cad","associeted_id":"cae1726b-cb69-40ed-b96c-d509cb63d982"}},{"id":"734dc664-2b8c-4bb0-86f5-1c7eacce78db","type":"Feature","feature_type":"navPathAssocieted","geometry":null,"properties":{"pathNode_id":"f526c9e2-aeb4-474b-a38a-08e57d67c8c1","associeted_id":"daa8331b-7d0f-472c-b8c3-ae3a41840967"}},{"id":"7b70a5a8-a672-4e0b-ae5a-572925fd44d5","type":"Feature","feature_type":"navPathAssocieted","geometry":null,"properties":{"pathNode_id":"96a16cf8-ff45-481d-888e-22b2ab583e80","associeted_id":"b3352560-cbf0-40a1-b869-f57143c7a9b2"}},{"id":"8cd499da-3460-4438-92ac-7bd7d845a2b1","type":"Feature","feature_type":"navPathAssocieted","geometry":null,"properties":{"pathNode_id":"ef27db06-9e13-450d-ac75-668967a79979","associeted_id":"e6c9f0ee-f801-42cf-836c-ae9fe603d123"}},{"id":"9958911f-1492-4d19-b237-12f830504406","type":"Feature","feature_type":"navPathAssocieted","geometry":null,"properties":{"pathNode_id":"069fb722-2b1d-4f0c-9f4d-1d324a5c9439","associeted_id":"e544d628-b391-4439-8d44-7c3c8bd871c4"}},{"id":"3aa011bc-2a3a-4304-8792-bcb350fe5d0d","type":"Feature","feature_type":"navPathAssocieted","geometry":null,"properties":{"pathNode_id":"426239ac-f23b-4eac-b72c-a8a528959e25","associeted_id":"2444db30-6587-4ad2-accc-b64bad99e84d"}},{"id":"01f75374-4f8c-4b16-9c1c-e1d4118bd75d","type":"Feature","feature_type":"navPathAssocieted","geometry":null,"properties":{"pathNode_id":"1af1b8a3-181d-466c-8e16-8c98402adf6b","associeted_id":"35730dc9-4c76-41a9-800f-33afb0c64e45"}},{"id":"2774e1e6-5a06-46c7-8e82-e02d5919adbb","type":"Feature","feature_type":"navPathAssocieted","geometry":null,"properties":{"pathNode_id":"15e07f1b-3193-4064-86b8-20edff23ebee","associeted_id":"c0f6d03d-4e39-4008-981a-5cbeac199880"}},{"id":"67b9da6b-7de1-485a-974c-5e278050591c","type":"Feature","feature_type":"navPathAssocieted","geometry":null,"properties":{"pathNode_id":"1b76a149-4301-4c28-b34e-06040c85e71c","associeted_id":"9dcdedcb-00df-434c-91ee-61130cc9e5c2"}},{"id":"69cbb85b-b3f1-4d02-a18f-3f7101b272a1","type":"Feature","feature_type":"navPathAssocieted","geometry":null,"properties":{"pathNode_id":"5888747c-6e96-4c7c-a9f6-2a882e421f82","associeted_id":"fb94d6ad-7744-4eac-9c13-7f4941d2871a"}},{"id":"c5c50207-a611-4bdb-812f-5c16ee322f0f","type":"Feature","feature_type":"navPathAssocieted","geometry":null,"properties":{"pathNode_id":"d2c59e4d-5c67-4b64-bceb-049525c0ebc5","associeted_id":"5737e406-7276-4c90-9e4d-9e313e3c7277"}},{"id":"2cc9e629-bb36-4340-bcaf-4e4b97b712e4","type":"Feature","feature_type":"navPathAssocieted","geometry":null,"properties":{"pathNode_id":"b2fb96ed-8e58-4b5c-87aa-08432214c374","associeted_id":"df787b99-6eea-4b18-be52-8a6b3fa1e387"}},{"id":"c705e69f-bc51-4906-ba20-ae7df7a9a5a0","type":"Feature","feature_type":"navPathAssocieted","geometry":null,"properties":{"pathNode_id":"78e60cde-da89-4fc3-bcdc-f964e5740831","associeted_id":"40c4d87b-c44a-49e8-a01e-1f70bf123cc2"}},{"id":"077a21a8-da61-4745-8b48-e2313b007607","type":"Feature","feature_type":"navPathAssocieted","geometry":null,"properties":{"pathNode_id":"6273fe36-2200-49b1-956d-839225ba177c","associeted_id":"e8602d64-ed06-425e-8eb5-e11c8eb01779"}},{"id":"a2a524c3-7f7b-4ba0-adbb-741808f2e595","type":"Feature","feature_type":"navPathAssocieted","geometry":null,"properties":{"pathNode_id":"d3921d00-6f17-40bb-984e-b708a346aa9a","associeted_id":"7a02f064-0d99-4f1e-bdbe-5f0de16874ea"}},{"id":"17f0454a-27fb-473d-aaae-8698b2f3e543","type":"Feature","feature_type":"navPathAssocieted","geometry":null,"properties":{"pathNode_id":"72f7d592-7d5a-4f92-8055-c63211c56e18","associeted_id":"95b13cd1-7472-4111-a4a5-3516e44e51e4"}},{"id":"dd6ac527-1f30-43fb-b00e-b2ce34b0ad48","type":"Feature","feature_type":"navPathAssocieted","geometry":null,"properties":{"pathNode_id":"ef44cb86-9259-4c26-896a-665bb4109ce2","associeted_id":"1fd44681-f7e6-476c-9dc4-74efef6f2d74"}},{"id":"eab8db10-8de2-40b5-8bb5-db864f67551c","type":"Feature","feature_type":"navPathAssocieted","geometry":null,"properties":{"pathNode_id":"f978bfcd-95a9-473a-8169-52bd822a238c","associeted_id":"37f96d84-6b39-4845-85ce-da2cd9586b41"}},{"id":"dc0a10c6-dd61-4f9d-ae9a-204c6af9be06","type":"Feature","feature_type":"navPathAssocieted","geometry":null,"properties":{"pathNode_id":"b2671ea4-e2a6-4381-8bad-541abb1f47c0","associeted_id":"49dd5e9a-9185-4cfc-80e4-4caf828a36ac"}},{"id":"7811d01e-1c15-41db-b1a4-a19e15c63033","type":"Feature","feature_type":"navPathAssocieted","geometry":null,"properties":{"pathNode_id":"0e70c274-e2fa-4b33-a279-84e59803ed62","associeted_id":"49dd5e9a-9185-4cfc-80e4-4caf828a36ac"}},{"id":"9ddc4e8f-0509-480f-9630-90f8089c2e02","type":"Feature","feature_type":"navPathAssocieted","geometry":null,"properties":{"pathNode_id":"bf7a8e08-521d-450c-83e7-d23cb30ed9fc","associeted_id":"55634378-3fe2-454c-8227-9d461d9d69d0"}},{"id":"49c98ed4-a267-427d-93de-e8dab5761f6a","type":"Feature","feature_type":"navPathAssocieted","geometry":null,"properties":{"pathNode_id":"a236fa64-54f5-42a7-98a2-35309831a163","associeted_id":"55634378-3fe2-454c-8227-9d461d9d69d0"}},{"id":"26f70d9b-38e9-40d7-b331-c7e023d910ce","type":"Feature","feature_type":"navPathAssocieted","geometry":null,"properties":{"pathNode_id":"68c9d05d-9bb3-45e2-ab26-112da2e43690","associeted_id":"41dd5902-73f0-4a83-acef-a1995997d740"}},{"id":"d6a65e98-b20f-435b-a80a-dc8b24c8e40e","type":"Feature","feature_type":"navPathAssocieted","geometry":null,"properties":{"pathNode_id":"68e5ed14-f9d8-4403-b10e-52a330eac664","associeted_id":"dad85ba2-2b31-402a-af54-1981902e385c"}},{"id":"7937142f-d84b-4beb-aeb7-c9ff34c652ca","type":"Feature","feature_type":"navPathAssocieted","geometry":null,"properties":{"pathNode_id":"16d1a6bd-5bcf-40d8-a7d4-340af6525941","associeted_id":"22a81ade-1582-4a8b-99f2-7033cf9fb78e"}},{"id":"3ca8c5cd-de37-4a7d-be46-ef9273eefdcb","type":"Feature","feature_type":"navPathAssocieted","geometry":null,"properties":{"pathNode_id":"c240d2e5-8a70-4e94-88d4-3268f9e2fee6","associeted_id":"a84808d1-aec6-4a71-906b-2fb0f50ea2b7"}},{"id":"fe78407d-53d2-43a0-9a38-21c743176c97","type":"Feature","feature_type":"navPathAssocieted","geometry":null,"properties":{"pathNode_id":"ca84d90f-165d-48ab-8d1a-a7eea419eccf","associeted_id":"c204a8a5-cbff-4822-8957-afea42d2dafe"}},{"id":"deecf2ac-ce00-499c-bbb3-b7b8876e2717","type":"Feature","feature_type":"navPathAssocieted","geometry":null,"properties":{"pathNode_id":"c97a2f79-45f7-45b6-95de-a2bbb38d64f0","associeted_id":"65e5fef2-3c47-4d24-822a-79700127e55a"}},{"id":"e23b4955-297e-4426-830e-08fecc1ca717","type":"Feature","feature_type":"navPathAssocieted","geometry":null,"properties":{"pathNode_id":"7f725ae0-52a5-4f3d-b446-ddac5b9b05ab","associeted_id":"a6b344a7-76da-4e89-95f6-42ffe90453ab"}},{"id":"58104413-821f-4409-a773-a5ee6f22fc49","type":"Feature","feature_type":"navPathAssocieted","geometry":null,"properties":{"pathNode_id":"d5c95555-170f-4c5a-b9c0-bbd4a9b2790c","associeted_id":"fbfd50a0-9e7b-4c9f-aa6c-46031f121a36"}},{"id":"49fcd310-12e8-4486-bd91-135979c37fc6","type":"Feature","feature_type":"navPathAssocieted","geometry":null,"properties":{"pathNode_id":"7d0ba6d2-7c7c-422f-b7d8-0be016efb78e","associeted_id":"f99232a3-92c9-4abe-bcc0-c733ddd1f601"}},{"id":"16da8e9a-28c8-4fce-bbb7-27e7449b1e55","type":"Feature","feature_type":"navPathAssocieted","geometry":null,"properties":{"pathNode_id":"abf33da1-e1dc-4d59-ad8d-369668a8f54e","associeted_id":"5b10b071-4830-4094-a13e-4e67dfdfcf97"}},{"id":"732b1ab0-bce5-4037-9e31-ecad1032f86f","type":"Feature","feature_type":"navPathAssocieted","geometry":null,"properties":{"pathNode_id":"5d17d27d-1338-4a34-9653-599b7a5e9a23","associeted_id":"9b46c970-c92b-46a6-b54a-239a51c1a14f"}},{"id":"69bf868b-3522-4441-827d-bb36aee7e0e4","type":"Feature","feature_type":"navPathAssocieted","geometry":null,"properties":{"pathNode_id":"94e6b2d1-221c-43ca-9b58-5ba9646a1ec2","associeted_id":"569c688e-1ce3-4b2e-8d56-21c145dae7de"}},{"id":"69dc76dc-4439-43db-9212-5cfe96d5b647","type":"Feature","feature_type":"navPathAssocieted","geometry":null,"properties":{"pathNode_id":"0ae903c2-5681-4ead-979e-619916f066e4","associeted_id":"5dcc2531-743a-4c1c-aa8d-c02b06000300"}},{"id":"bdae39dc-2dce-483f-a65f-90c1d5a78952","type":"Feature","feature_type":"navPathAssocieted","geometry":null,"properties":{"pathNode_id":"c979e1e8-61cc-4d66-93de-3c68a1e5d8da","associeted_id":"709bc693-74d0-4d9f-9990-30bf59fea878"}},{"id":"65b0b3d8-8a2a-4b68-8086-6e2a9e9c4d7f","type":"Feature","feature_type":"navPathAssocieted","geometry":null,"properties":{"pathNode_id":"835b0b5c-01ba-446c-a2cd-b03a7b0219b5","associeted_id":"f2433715-cfb2-4800-8345-f015495460a0"}},{"id":"9d04907f-c8db-4020-93d0-fc9145db928c","type":"Feature","feature_type":"navPathAssocieted","geometry":null,"properties":{"pathNode_id":"fcf4557a-283f-441c-8543-852fc183cebc","associeted_id":"eee7bf05-cff9-463f-bee6-9edae09340a5"}},{"id":"10ae4d18-bc4f-47bc-9c5e-3ff6e526019d","type":"Feature","feature_type":"navPathAssocieted","geometry":null,"properties":{"pathNode_id":"71ae1a8f-cbb8-4344-a2f5-ab1bd10563f7","associeted_id":"e6a92976-d295-4857-86c4-9fbbd01e8997"}},{"id":"46189763-3d42-4d9c-ad0a-efb7f80fc436","type":"Feature","feature_type":"navPathAssocieted","geometry":null,"properties":{"pathNode_id":"599a6f6f-9fa7-4dc0-9a71-4a2054e6b441","associeted_id":"e4f458b8-60ef-42c1-881c-58b81859bf35"}},{"id":"1fa34f10-d324-4c40-bd35-fb4f0be4fe3a","type":"Feature","feature_type":"navPathAssocieted","geometry":null,"properties":{"pathNode_id":"aa1e535f-3858-4936-8689-45b5317f3295","associeted_id":"b5fe9a3d-cf92-4ed0-8a58-217248245e75"}},{"id":"d69af47f-290f-40f7-966b-9dc45477f201","type":"Feature","feature_type":"navPathAssocieted","geometry":null,"properties":{"pathNode_id":"6c62fb98-732b-451c-abda-6d92f660265f","associeted_id":"b5fe9a3d-cf92-4ed0-8a58-217248245e75"}},{"id":"5a902378-92c1-46ce-9812-2b4ce9dd3364","type":"Feature","feature_type":"navPathAssocieted","geometry":null,"properties":{"pathNode_id":"78dfdf9c-4eee-487e-bcd1-c2195a15a8bf","associeted_id":"c5af50c9-0497-4d8a-986a-29a1450d3edc"}},{"id":"f396f82b-80c9-4263-954c-7429b15af27b","type":"Feature","feature_type":"navPathAssocieted","geometry":null,"properties":{"pathNode_id":"96648b5e-9cdf-468c-922d-d9518ed74060","associeted_id":"7c608ea7-9752-4e2d-8fff-99c04c037cf3"}},{"id":"47c151e4-e05f-4531-83c4-8fc50729e3e0","type":"Feature","feature_type":"navPathAssocieted","geometry":null,"properties":{"pathNode_id":"ca2ee5d5-d00b-4e1f-bcdf-2369435ba62d","associeted_id":"598fcf33-9215-455b-9bc8-d7c72506f473"}},{"id":"15be0410-9a4d-49c7-9dcd-2c057d46ce60","type":"Feature","feature_type":"navPathAssocieted","geometry":null,"properties":{"pathNode_id":"4f0c281e-87f3-4dcb-afb2-8e4a5066d63c","associeted_id":"baa04c26-1a54-4b6e-90c2-abc2e8c8421a"}},{"id":"ec0c2609-dd7b-4291-9e8f-4fa738c7a032","type":"Feature","feature_type":"navPathAssocieted","geometry":null,"properties":{"pathNode_id":"4f0c281e-87f3-4dcb-afb2-8e4a5066d63c","associeted_id":"598fcf33-9215-455b-9bc8-d7c72506f473"}},{"id":"c2b8d8cd-97f9-45d1-bb8b-ccdb1e391ba3","type":"Feature","feature_type":"navPathAssocieted","geometry":null,"properties":{"pathNode_id":"a93c6cc9-9466-4da1-95f5-17c7c0e9fdbc","associeted_id":"baa04c26-1a54-4b6e-90c2-abc2e8c8421a"}},{"id":"a9b03969-581f-49db-9647-bb168c0edf28","type":"Feature","feature_type":"navPathAssocieted","geometry":null,"properties":{"pathNode_id":"510a74d7-7f56-4798-b0a1-57cce5fae339","associeted_id":"baa04c26-1a54-4b6e-90c2-abc2e8c8421a"}},{"id":"ffec4909-08f4-4d14-98de-9565bab28d05","type":"Feature","feature_type":"navPathAssocieted","geometry":null,"properties":{"pathNode_id":"d331179b-1925-425c-aa3c-4693a58dcc2c","associeted_id":"70a51de4-5d67-4f1f-ae3d-b05b052a24d9"}},{"id":"354c8869-e561-496e-b1e4-cf9d729e168e","type":"Feature","feature_type":"navPathAssocieted","geometry":null,"properties":{"pathNode_id":"9600a401-5fe1-4811-a435-bc3215ef48c8","associeted_id":"fecee0b6-233f-4f79-a6f4-78f58ab39d03"}},{"id":"d5350965-6c0a-4c1e-b955-4e927b5840e1","type":"Feature","feature_type":"navPathAssocieted","geometry":null,"properties":{"pathNode_id":"1128a3d1-5cc4-46d9-93c4-4ae808d1f99c","associeted_id":"30ca6231-07c2-4cbd-921c-25739769066c"}},{"id":"8c8b22f3-bcbf-4af4-bfef-edcf94f363f4","type":"Feature","feature_type":"navPathAssocieted","geometry":null,"properties":{"pathNode_id":"a7706334-ec96-464f-960d-d71a780e8cf3","associeted_id":"99538c7a-3584-4167-81a0-379786a8e6dc"}},{"id":"85550ea1-290c-4dd3-ade8-0e86d37b1d1f","type":"Feature","feature_type":"navPathAssocieted","geometry":null,"properties":{"pathNode_id":"e3e3110f-6b1c-453a-afb4-b8a3183b7e06","associeted_id":"e0c80b61-90e6-4761-97c2-285474f1b3ae"}},{"id":"caa411c0-1ba5-4c77-a252-d399e11e9ee4","type":"Feature","feature_type":"navPathAssocieted","geometry":null,"properties":{"pathNode_id":"d9625f27-fb3d-4f2e-b08b-8312a21d1f31","associeted_id":"fdaba09a-c6be-4c9d-ad3c-d34ad69a3486"}},{"id":"1cb7edad-eaf1-45a3-8641-6106f549f35e","type":"Feature","feature_type":"navPathAssocieted","geometry":null,"properties":{"pathNode_id":"d7a16635-3c46-4eba-a248-2be90a4c516d","associeted_id":"65ec1fb4-93a7-4276-9f9d-6de15b6cb2fd"}},{"id":"a998b10e-8dbf-4cc1-a732-63af975817d3","type":"Feature","feature_type":"navPathAssocieted","geometry":null,"properties":{"pathNode_id":"e7b05c3e-6008-45df-a2d9-8c5bd0c028a0","associeted_id":"047e01d8-5d79-450d-93e4-b198c833a768"}},{"id":"c3ffd9e2-10b3-49dc-9476-9096622d1cdc","type":"Feature","feature_type":"navPathAssocieted","geometry":null,"properties":{"pathNode_id":"1e1160c2-84b9-4715-9ca4-89c5851dfd13","associeted_id":"0b0090b0-5ef2-4113-a06c-d71f7809564b"}},{"id":"8f1907e4-b35f-45e3-9f18-37d57db4c55a","type":"Feature","feature_type":"navPathAssocieted","geometry":null,"properties":{"pathNode_id":"b3e5b93d-faec-4560-a8d4-069507d21169","associeted_id":"3f0678be-8dcb-4512-b1cc-dd550a51193a"}},{"id":"d82261c6-8535-4452-ab70-ddd1341cfd8a","type":"Feature","feature_type":"navPathAssocieted","geometry":null,"properties":{"pathNode_id":"af654efe-a23d-4472-bdea-4306c85c11f5","associeted_id":"d2fbd3f7-4cb1-40d5-847f-d25a192c9f4e"}},{"id":"20c11cef-3b7f-423d-8beb-cb709d1bc62f","type":"Feature","feature_type":"navPathAssocieted","geometry":null,"properties":{"pathNode_id":"470692a1-a4f6-45e5-a8d1-1bb0d4a46ff5","associeted_id":"d2fbd3f7-4cb1-40d5-847f-d25a192c9f4e"}},{"id":"4fc0e1d3-b72f-49cf-a5d8-1960bcc8b9b7","type":"Feature","feature_type":"navPathAssocieted","geometry":null,"properties":{"pathNode_id":"a3d4b9f0-2c17-4143-bea6-5a4a11306dcd","associeted_id":"3e2eb58a-8ae0-4cf3-be11-03b918778db5"}},{"id":"b801e08d-7764-4a9a-b86a-b74837c2d856","type":"Feature","feature_type":"navPathAssocieted","geometry":null,"properties":{"pathNode_id":"eeea7903-7739-454a-ac69-3eda7f75927e","associeted_id":"75d3a74f-1196-4f86-b82d-468b80275d11"}},{"id":"da1b60e8-8199-4887-a225-0726b5cc7db3","type":"Feature","feature_type":"navPathAssocieted","geometry":null,"properties":{"pathNode_id":"1a9cfb67-b38e-4ed5-b315-489c97ead3e9","associeted_id":"34f9837c-0cc8-40b2-8195-5ec16bcb9434"}},{"id":"22cbe2c8-d27e-4529-8b65-a74c92338b33","type":"Feature","feature_type":"navPathAssocieted","geometry":null,"properties":{"pathNode_id":"e5a6210e-9793-47a5-8155-3196a90203bf","associeted_id":"a385130a-7d68-4120-ade5-ce2c016dca43"}},{"id":"fe356beb-1b12-4450-953c-45bed3bdc20b","type":"Feature","feature_type":"navPathAssocieted","geometry":null,"properties":{"pathNode_id":"1fe3f446-fc46-4e87-ad52-fa7f96874a16","associeted_id":"fead3414-9f09-47da-b574-62700175e49f"}},{"id":"be5c1d9b-84d9-4972-b670-56b9ae795419","type":"Feature","feature_type":"navPathAssocieted","geometry":null,"properties":{"pathNode_id":"282b6dee-31ea-4ff8-b488-5e03c11c573d","associeted_id":"223a74fa-e7f4-48e7-9dab-8f81268b95f0"}},{"id":"ebb8c556-9b75-4b53-950c-375f422b1327","type":"Feature","feature_type":"navPathAssocieted","geometry":null,"properties":{"pathNode_id":"fbae3c58-adad-4bc4-948d-7ab66d77b0f3","associeted_id":"00c27dd8-a898-45a4-b531-6962eb1b4bd1"}},{"id":"3622d17e-046d-4938-873f-bf0ca5c764bb","type":"Feature","feature_type":"navPathAssocieted","geometry":null,"properties":{"pathNode_id":"2b26740d-3d53-4cc1-8a5d-44098f01ce63","associeted_id":"140ef4fa-141d-41dc-bff3-4f4de35fdbb4"}},{"id":"f4f0c70e-362a-42ce-a8d8-e32d4c3a3ecb","type":"Feature","feature_type":"navPathAssocieted","geometry":null,"properties":{"pathNode_id":"5bf2a1a8-460f-466b-b291-902fabf7e73e","associeted_id":"2cf3214e-0ff8-46a6-8a28-d639ecd278e4"}},{"id":"2a83b447-0296-4017-b4a2-fe2b1d3e7fc8","type":"Feature","feature_type":"navPathAssocieted","geometry":null,"properties":{"pathNode_id":"0a3125af-4b7f-45ab-bbec-2a79edfe6b1d","associeted_id":"49c6a66b-9d0c-4e8a-87ec-226cc7940bdb"}},{"id":"12de2ae1-4b09-4b9f-8e72-102704624eb8","type":"Feature","feature_type":"navPathAssocieted","geometry":null,"properties":{"pathNode_id":"d91d8f52-2df3-42e4-975f-27212f5c6b5b","associeted_id":"1aac1cc7-bf7a-4e8e-9f02-e1b7aff5c409"}},{"id":"0bb59204-05a1-4820-bce1-8e4c72d4a300","type":"Feature","feature_type":"navPathAssocieted","geometry":null,"properties":{"pathNode_id":"88adc4d7-9004-441e-ab29-bd465f4d625b","associeted_id":"33cb1ec9-5633-4def-ad70-fc893a0f2c73"}},{"id":"4c01ab6f-a368-4d27-bfd8-9d5d9b37cb1f","type":"Feature","feature_type":"navPathAssocieted","geometry":null,"properties":{"pathNode_id":"c2294dd8-60c7-493c-b3ef-503bba49790a","associeted_id":"69641f30-91b4-4a9c-9c53-dbeddb1e0402"}},{"id":"e4e16d92-c1d5-40a8-8f04-37397d98b26e","type":"Feature","feature_type":"navPathAssocieted","geometry":null,"properties":{"pathNode_id":"5dd827d2-9ed2-4587-918b-324bf8b85a0c","associeted_id":"2dc5abd7-684d-433f-ab86-0fae01c19970"}},{"id":"b0a861e1-af2f-4b88-a3d3-c16b3c2014f0","type":"Feature","feature_type":"navPathAssocieted","geometry":null,"properties":{"pathNode_id":"1d5b1528-5408-4367-8225-de6d221f875f","associeted_id":"e5bc4d57-431a-45b9-94f3-106e108520a4"}},{"id":"73784be5-6c1f-4bb7-93bb-c118fe77f3d8","type":"Feature","feature_type":"navPathAssocieted","geometry":null,"properties":{"pathNode_id":"28ddaa6f-c275-46d7-af7e-05dcbffaa517","associeted_id":"4d25f0f9-34d9-4122-807a-db0d9e8a3be5"}},{"id":"d007b1b7-a46c-4933-bd39-08129fec83a5","type":"Feature","feature_type":"navPathAssocieted","geometry":null,"properties":{"pathNode_id":"c5e6b585-7140-45ac-86e9-8c53562ba8ca","associeted_id":"9ef4dbae-c2ce-409c-be37-984ac34ac028"}},{"id":"9fca1b8b-9b08-4e58-983d-42ef938e20d3","type":"Feature","feature_type":"navPathAssocieted","geometry":null,"properties":{"pathNode_id":"41e2c855-f112-4afe-a374-04d6dfda23d0","associeted_id":"d03c64af-1735-4e63-ba44-ced4fe91a9d2"}},{"id":"c1483d3e-94a7-4a48-a06f-a8d4dd946a5b","type":"Feature","feature_type":"navPathAssocieted","geometry":null,"properties":{"pathNode_id":"86858fe3-a6f4-4735-9cb1-dbcf2c75fd5d","associeted_id":"6ca4e22a-026a-40ef-84f4-0449036ce127"}},{"id":"81937dcd-0d11-40e9-ba4b-2bd25a1f6368","type":"Feature","feature_type":"navPathAssocieted","geometry":null,"properties":{"pathNode_id":"b4a4de07-2c6b-43ea-a9f7-6e86a4c71393","associeted_id":"54a2b215-5bf3-45ad-bea0-8da28fec7aea"}},{"id":"08373909-61b4-4772-810f-c17ad859caa1","type":"Feature","feature_type":"navPathAssocieted","geometry":null,"properties":{"pathNode_id":"a5bc8342-8b93-463d-9c34-4b6505171104","associeted_id":"989bebe5-ab2f-4b39-a01a-c6a70dab431b"}},{"id":"f7a1bade-f785-4abe-9b0b-c3bb60b388cd","type":"Feature","feature_type":"navPathAssocieted","geometry":null,"properties":{"pathNode_id":"8af7273f-e4da-489d-a440-9a4c35eaa7fd","associeted_id":"d3a5d417-e948-40ad-9adf-e3ce559523c8"}},{"id":"0127c4b4-bdae-444c-a6c7-ff03299f000f","type":"Feature","feature_type":"navPathAssocieted","geometry":null,"properties":{"pathNode_id":"134b067e-888b-4913-b687-1ee2b315ce77","associeted_id":"f4ef1732-47cc-445c-a397-fcbf3dedd974"}},{"id":"739089b7-a04f-440a-a933-63ec3edc388c","type":"Feature","feature_type":"navPathAssocieted","geometry":null,"properties":{"pathNode_id":"6ed9d259-468e-4b26-bee2-98a18d2c97de","associeted_id":"6a66dd1b-0546-47ad-bf1a-cc6625521557"}},{"id":"ba97d0d5-69d1-47b6-a29d-8a8f2c9ce00f","type":"Feature","feature_type":"navPathAssocieted","geometry":null,"properties":{"pathNode_id":"644fccf9-f7b7-45a7-8d51-7e4820aa124d","associeted_id":"096ba03f-8e94-41fd-bfaa-03935905abb7"}},{"id":"da910040-9b7e-41a7-b73f-499b0366c4ae","type":"Feature","feature_type":"navPathAssocieted","geometry":null,"properties":{"pathNode_id":"88151527-9b99-425b-a7cc-8ecf89ebba5e","associeted_id":"7af72e42-6a48-4813-8d5a-1961039771b8"}},{"id":"1de32856-4b1b-434b-86f8-9fa7b447913c","type":"Feature","feature_type":"navPathAssocieted","geometry":null,"properties":{"pathNode_id":"aa7a470f-b334-4c7d-b45f-aebf0f3cf0ef","associeted_id":"17c14bf3-3e43-48ea-af23-07cf7017ed48"}},{"id":"74171242-d3df-4d93-8618-44276cb21a22","type":"Feature","feature_type":"navPathAssocieted","geometry":null,"properties":{"pathNode_id":"5a320eb3-590e-4bec-982c-e397cfd90373","associeted_id":"12f5e0e8-dada-4871-bede-5fcd9df4f146"}},{"id":"e7658388-d913-46d8-8e26-c4e03524b841","type":"Feature","feature_type":"navPathAssocieted","geometry":null,"properties":{"pathNode_id":"85ef6bb7-8030-4465-b355-db7a8ddfa895","associeted_id":"22fa74cc-797e-4a10-a8cf-e4eede82aebf"}},{"id":"ceabac51-1e4a-4a2b-b57c-772d0652797e","type":"Feature","feature_type":"navPathAssocieted","geometry":null,"properties":{"pathNode_id":"b38b167e-c5ef-4234-8bc3-318bf93a7b1f","associeted_id":"7cce3e26-62e0-4ca5-a247-e1095038af3f"}},{"id":"4659163d-a568-4d3e-be5d-91a5b55bfa44","type":"Feature","feature_type":"navPathAssocieted","geometry":null,"properties":{"pathNode_id":"0972d424-0ebd-4560-a830-b26ec35283c4","associeted_id":"4ef06db7-8308-4ebe-bc5a-ff82e9585e82"}},{"id":"6a7d8934-d4a3-465a-851f-18e279e22cfd","type":"Feature","feature_type":"navPathAssocieted","geometry":null,"properties":{"pathNode_id":"d456c61c-654e-44f3-9fab-fc738cf8008a","associeted_id":"03228382-17d4-4385-b3f8-6a4e4c080755"}},{"id":"e58ee5fe-5c0a-4d17-8100-2fa2fa4ada86","type":"Feature","feature_type":"navPathAssocieted","geometry":null,"properties":{"pathNode_id":"44ea54b0-9d89-46ba-ad0d-1cf826dc7dac","associeted_id":"c01ecb3e-7c7f-4e6c-9f34-94ab779820f2"}},{"id":"a3be597b-5fac-41d2-9bf8-dc9a6c832ba2","type":"Feature","feature_type":"navPathAssocieted","geometry":null,"properties":{"pathNode_id":"72b8714e-f039-40d6-910d-fafdc8130477","associeted_id":"618cdc32-a0b0-4dea-a0d2-abe74d55efea"}},{"id":"c6517a75-0007-4e80-a0ab-58ada439b376","type":"Feature","feature_type":"navPathAssocieted","geometry":null,"properties":{"pathNode_id":"d9a8b49c-0db9-40e9-ae52-820f04a76231","associeted_id":"637169e1-0a78-4c92-a2fe-6b33dbcbfdde"}},{"id":"7cfed0ed-41dc-47c3-b596-526edd6cb91f","type":"Feature","feature_type":"navPathAssocieted","geometry":null,"properties":{"pathNode_id":"1f80b640-b7ef-4d10-a06a-e3f26910374f","associeted_id":"3d8f6d37-4b48-4ecf-9a90-dfe0cf9f7349"}},{"id":"b791bc6b-a8a5-4d17-82fc-8db5080fe162","type":"Feature","feature_type":"navPathAssocieted","geometry":null,"properties":{"pathNode_id":"ac05c4ab-4e14-481a-aded-f487f1c30bbe","associeted_id":"7b3a4665-e9ee-4602-a634-2dab6d98b70d"}},{"id":"b34fa851-3fe0-41f8-aecf-5e4b8277741f","type":"Feature","feature_type":"navPathAssocieted","geometry":null,"properties":{"pathNode_id":"7009acb0-76ec-4c9b-a773-4ce48bd1b451","associeted_id":"abc8c0ba-6d56-425d-ba5e-e1a6ed6ce9e1"}},{"id":"4a75fc92-e643-40b6-a653-387596f20946","type":"Feature","feature_type":"navPathAssocieted","geometry":null,"properties":{"pathNode_id":"43cba778-3585-4646-9fd3-8364e792c77e","associeted_id":"07720e3e-f851-4478-bfbb-72c48e9e116f"}},{"id":"1039f74b-dded-481f-a5ba-1ca0b5e28d5c","type":"Feature","feature_type":"navPathAssocieted","geometry":null,"properties":{"pathNode_id":"e136e7c8-5339-48c8-9056-391a062439ba","associeted_id":"15537f90-1c5f-4f05-ad78-943c9771f695"}},{"id":"69328bbc-5952-454c-b0e9-2312b0557743","type":"Feature","feature_type":"navPathAssocieted","geometry":null,"properties":{"pathNode_id":"14434b69-4dbb-4eed-8f00-c1a1bfcc037a","associeted_id":"d27157fd-5c91-4c81-93a5-860ac2057f38"}},{"id":"50690b80-0ea7-4b20-972c-dda580df0d24","type":"Feature","feature_type":"navPathAssocieted","geometry":null,"properties":{"pathNode_id":"b3343b53-4579-4566-927e-66ab82698e27","associeted_id":"d05aeb87-094a-4920-98a8-5b926a996c5e"}},{"id":"38086524-b2ff-418e-aec9-7f03ccc9ae78","type":"Feature","feature_type":"navPathAssocieted","geometry":null,"properties":{"pathNode_id":"0d59b793-17f7-4a96-b26c-a3aec960511a","associeted_id":"90575c69-4209-4405-ac71-fde8288f63c0"}},{"id":"c6221a0f-35fc-4eb9-b111-c0d9b6aef08f","type":"Feature","feature_type":"navPathAssocieted","geometry":null,"properties":{"pathNode_id":"bd7ca90a-19e7-4922-b99c-e7d6250b2890","associeted_id":"bb50b23e-da7a-4c01-915b-df7e343f871e"}},{"id":"ecf05066-e695-48a2-a599-d22197986d89","type":"Feature","feature_type":"navPathAssocieted","geometry":null,"properties":{"pathNode_id":"fcc4a6b0-62e9-485e-86b1-cb09793dc991","associeted_id":"bb50b23e-da7a-4c01-915b-df7e343f871e"}},{"id":"b0b74fc9-0f33-418f-9606-83ff566acca8","type":"Feature","feature_type":"navPathAssocieted","geometry":null,"properties":{"pathNode_id":"67381ca3-bb4b-4c2b-969c-b3578ebd94fe","associeted_id":"f9ba28c7-4192-4d14-8b8c-55f46e6477cc"}},{"id":"cf289cfe-8937-4193-b595-313b19ac9dc1","type":"Feature","feature_type":"navPathAssocieted","geometry":null,"properties":{"pathNode_id":"22e9647b-7985-44ff-b15d-7f42efa5fc21","associeted_id":"a59952f6-bdd7-4e34-b173-932db2f6fdf4"}},{"id":"129a3e75-4881-4f6d-853f-d7e1c285af6c","type":"Feature","feature_type":"navPathAssocieted","geometry":null,"properties":{"pathNode_id":"89bf0d11-5c61-4d7a-bab6-f92e182dd230","associeted_id":"515a5a9c-5e90-4449-8f38-3cf360befe54"}},{"id":"cd1081b9-8b29-431e-bd9f-78c31fd3201d","type":"Feature","feature_type":"navPathAssocieted","geometry":null,"properties":{"pathNode_id":"4f6fb4f0-c0a5-404c-8a1d-8f5518f4fd5f","associeted_id":"db59965d-286d-48ec-a470-3303e8de578d"}},{"id":"b9ecd55f-4211-433e-88cf-d45d4e246e03","type":"Feature","feature_type":"navPathAssocieted","geometry":null,"properties":{"pathNode_id":"175d32c3-24b7-4255-8716-ace1f30da3d1","associeted_id":"db59965d-286d-48ec-a470-3303e8de578d"}},{"id":"26a02d7c-d698-46a1-af96-a276dc8bb1b9","type":"Feature","feature_type":"navPathAssocieted","geometry":null,"properties":{"pathNode_id":"855fc1b8-b306-49a7-85e8-d52cbbb14e2e","associeted_id":"cae1726b-cb69-40ed-b96c-d509cb63d982"}},{"id":"c1e3a528-e98e-42e1-8a67-2e437624e670","type":"Feature","feature_type":"navPathAssocieted","geometry":null,"properties":{"pathNode_id":"371595bc-200c-4dea-8076-2efa2048c36a","associeted_id":"743381f1-53bb-4663-a92d-add2922b1ada"}},{"id":"2c69b66b-64bf-431e-95d3-0e56886707e7","type":"Feature","feature_type":"navPathAssocieted","geometry":null,"properties":{"pathNode_id":"c4c46048-21dc-4d59-bbf1-cda27e17f883","associeted_id":"b3352560-cbf0-40a1-b869-f57143c7a9b2"}},{"id":"60e499e8-4aee-4d49-9aac-dbde2c584522","type":"Feature","feature_type":"navPathAssocieted","geometry":null,"properties":{"pathNode_id":"36e97bde-6bd0-45d4-a211-6ae30fd3ecf9","associeted_id":"93781563-4ada-4c60-9727-94a9d5f7d130"}},{"id":"15826dc9-a785-4825-aea8-408c07d8c953","type":"Feature","feature_type":"navPathAssocieted","geometry":null,"properties":{"pathNode_id":"042ff496-e941-4477-96bf-92ac27b276e0","associeted_id":"b45c549d-258b-4320-a302-ea37eae06099"}},{"id":"757bc16a-b072-48ff-9176-7a29e336fd92","type":"Feature","feature_type":"navPathAssocieted","geometry":null,"properties":{"pathNode_id":"7931712d-aee5-4a7d-bd1b-c1fecdaf98e9","associeted_id":"030395c6-ca34-42e3-8d25-400e7ab11bdd"}},{"id":"3d01de81-819c-4883-8dfc-eaa39a62dcfd","type":"Feature","feature_type":"navPathAssocieted","geometry":null,"properties":{"pathNode_id":"e90fec35-cd62-44ed-a31e-92b11b612d23","associeted_id":"07feb825-555e-4a90-8b02-f848415c4fb9"}},{"id":"f4dd1a79-9ab5-4fc2-8eba-f2514cc1f619","type":"Feature","feature_type":"navPathAssocieted","geometry":null,"properties":{"pathNode_id":"be113697-750e-48b3-8f0f-949bf94c75e2","associeted_id":"40107291-2f22-4b29-9dc0-1c0cece2f0d6"}},{"id":"6745506c-c93d-4769-9e71-8d86afcb26d4","type":"Feature","feature_type":"navPathAssocieted","geometry":null,"properties":{"pathNode_id":"d1a64b40-8bb2-4ad7-916f-f30d802dbf89","associeted_id":"11643019-960d-4b34-88cf-1cea3dd8e025"}},{"id":"2391ff77-9963-433d-b36a-239f19a82e27","type":"Feature","feature_type":"navPathAssocieted","geometry":null,"properties":{"pathNode_id":"52f1c780-73a4-45ac-b657-a17a030f5cc3","associeted_id":"9bb9d564-465c-47fd-94fb-0eb2c57e67d9"}},{"id":"fb0c8868-eeef-42b5-9bd7-8baadf156aef","type":"Feature","feature_type":"navPathAssocieted","geometry":null,"properties":{"pathNode_id":"a8302305-8577-41ff-8586-f24d3b05abe9","associeted_id":"9b4c01d0-7b88-4bac-a3d8-1972a5b64e0f"}},{"id":"26830818-07be-4b4d-ad66-026c0142b93e","type":"Feature","feature_type":"navPathAssocieted","geometry":null,"properties":{"pathNode_id":"28be8b63-ce8c-428b-bd4b-9c9d08504ecf","associeted_id":"04d868c9-4db7-4c89-9494-d597624ef599"}},{"id":"17ab929c-b9a7-479d-b624-eaa5b133d9bf","type":"Feature","feature_type":"navPathAssocieted","geometry":null,"properties":{"pathNode_id":"5e3c7e44-bfc4-42b9-9b14-cca6ab2c0223","associeted_id":"3bb87052-f0ef-4dc7-ac02-d206e5862b24"}},{"id":"bc5da297-3338-4681-9177-503a697ba476","type":"Feature","feature_type":"navPathAssocieted","geometry":null,"properties":{"pathNode_id":"d79a045c-6b6b-42e8-9d72-ae0eadc21f4d","associeted_id":"c4ff1a29-93cd-4e8c-8265-9721c68f0bbb"}},{"id":"22abb169-5bf9-44d8-a474-f0c7caf937d0","type":"Feature","feature_type":"navPathAssocieted","geometry":null,"properties":{"pathNode_id":"2f302366-dd5f-485e-bff4-abbea575186e","associeted_id":"c1fae16b-6bdf-4bae-80ba-03b9fce6503e"}},{"id":"632ab0fb-9221-4332-a179-f820135d0443","type":"Feature","feature_type":"navPathAssocieted","geometry":null,"properties":{"pathNode_id":"fb0c9a8b-3410-4f8e-b630-8a900b4d30ab","associeted_id":"ba43f977-d68d-4845-a187-61ccd5837934"}},{"id":"08b6124c-84ca-4af6-a167-ed7901929ca4","type":"Feature","feature_type":"navPathAssocieted","geometry":null,"properties":{"pathNode_id":"61cc0ce5-8fd9-4f06-a652-52c640dff028","associeted_id":"e21accdb-1a87-4f77-8ec5-340983674486"}},{"id":"60685d99-8612-4516-a64e-cce17f7b6acf","type":"Feature","feature_type":"navPathAssocieted","geometry":null,"properties":{"pathNode_id":"a1d659a2-5aad-4ba9-9c66-34e45c5d5385","associeted_id":"bbb35d91-1055-4edf-b64e-0b603b14caa7"}},{"id":"8a1bf11c-ed15-4dac-ac93-83ce050bef2f","type":"Feature","feature_type":"navPathAssocieted","geometry":null,"properties":{"pathNode_id":"c45198da-72f5-4b55-b3a8-17a8e5875a96","associeted_id":"65cf3d1a-76fa-4326-ab0b-90ca8aa380a0"}},{"id":"d34dbd55-097a-4475-ba12-fc2dd87af3d0","type":"Feature","feature_type":"navPathAssocieted","geometry":null,"properties":{"pathNode_id":"d97881b3-47fa-42d0-bdd1-7510e5a4d560","associeted_id":"9de184bb-70ce-4572-8839-ea8871a6528e"}},{"id":"5ec1ccda-efb8-48c4-bb63-b58afe7ecc2b","type":"Feature","feature_type":"navPathAssocieted","geometry":null,"properties":{"pathNode_id":"a71a94c9-13ee-42af-9a8d-6b5ad64880e0","associeted_id":"cb0a94f2-4bec-44e1-a767-ae28b8f6b4ea"}},{"id":"09d0e49f-8db7-479b-96bd-4c5757d53669","type":"Feature","feature_type":"navPathAssocieted","geometry":null,"properties":{"pathNode_id":"63138469-271f-4980-8209-a4e6ac5c8410","associeted_id":"b68e2fdc-95fb-4321-86b6-d55cde7557de"}},{"id":"2b85bc2b-affd-48dc-a936-200250884045","type":"Feature","feature_type":"navPathAssocieted","geometry":null,"properties":{"pathNode_id":"bd9c7dba-c789-4230-a8ab-8584cc5d54ea","associeted_id":"5aa6e76e-0ceb-4960-ad41-5ca3b2ae7abb"}},{"id":"9a86bf42-dfd2-410d-8e4f-f81fae28b34b","type":"Feature","feature_type":"navPathAssocieted","geometry":null,"properties":{"pathNode_id":"0bcc947c-d21d-4e4a-8e70-ecbc19b2aa07","associeted_id":"5aa6e76e-0ceb-4960-ad41-5ca3b2ae7abb"}},{"id":"634f3e2f-fb4c-40e7-a8f9-5bc841618bd8","type":"Feature","feature_type":"navPathAssocieted","geometry":null,"properties":{"pathNode_id":"0bcc947c-d21d-4e4a-8e70-ecbc19b2aa07","associeted_id":"f1b71f6c-ec0f-49a1-9c23-1a1e636ac611"}},{"id":"a37fc8ef-fb48-4588-a8e1-78163fbb5a0f","type":"Feature","feature_type":"navPathAssocieted","geometry":null,"properties":{"pathNode_id":"99a4b191-b15a-4c47-a878-fa3390ff989a","associeted_id":"5c3ffb15-d6b5-4654-875c-dd549bca23cd"}},{"id":"93c91f51-c8a2-4436-a10b-918b6fb67189","type":"Feature","feature_type":"navPathAssocieted","geometry":null,"properties":{"pathNode_id":"10147602-03fe-4882-a79a-4ceb6d656322","associeted_id":"93fb034c-e8f4-40bd-a754-7822e720611c"}},{"id":"cdf4d00d-954d-4308-9ff4-c0eb4c8696e8","type":"Feature","feature_type":"navPathAssocieted","geometry":null,"properties":{"pathNode_id":"8602ee31-5c40-4371-b301-feaffdcda2b6","associeted_id":"d6e25e40-5b19-43ae-ae10-3ff5f6c8aeb2"}},{"id":"24728328-07dc-4e2d-a79b-3d919fb2b846","type":"Feature","feature_type":"navPathAssocieted","geometry":null,"properties":{"pathNode_id":"9084955b-ff62-4d7c-bccb-11586d4ba0f1","associeted_id":"bf307659-ca9d-4bcc-8a64-05191cc2879e"}},{"id":"33860fe8-9fba-4601-9e92-112f83e5722b","type":"Feature","feature_type":"navPathAssocieted","geometry":null,"properties":{"pathNode_id":"6d7a651d-b60a-41b5-89e3-20404edf3e38","associeted_id":"19c379eb-4a7b-49ab-9a3a-c50eed4d46d5"}},{"id":"dca875e2-bef3-43c5-9b05-729ec9a5cb66","type":"Feature","feature_type":"navPathAssocieted","geometry":null,"properties":{"pathNode_id":"860ecdac-1fd2-4ed7-bc3c-89da4bf44286","associeted_id":"19c379eb-4a7b-49ab-9a3a-c50eed4d46d5"}},{"id":"a0393b6d-ce87-4538-9783-6515faedd54b","type":"Feature","feature_type":"navPathAssocieted","geometry":null,"properties":{"pathNode_id":"c1eae197-73b2-4f36-8769-d78a9eded584","associeted_id":"190bab26-470b-4e00-b1b0-81f0ec1e0ca2"}},{"id":"ec8ddd79-8054-4237-8736-4200be96bc3e","type":"Feature","feature_type":"navPathAssocieted","geometry":null,"properties":{"pathNode_id":"0201ed0f-2b39-4f02-80bd-0e4d37d271a3","associeted_id":"2fd81711-6589-4215-a7bb-3fffa91bff77"}},{"id":"c691afce-7804-4193-acfb-f954616f761d","type":"Feature","feature_type":"navPathAssocieted","geometry":null,"properties":{"pathNode_id":"075bf631-07c7-4c1a-b013-b069d6e11207","associeted_id":"aa1f6963-cab4-42f3-9c98-ec85fbb3b510"}},{"id":"040fc679-d684-4569-87b3-c1d2adce6b26","type":"Feature","feature_type":"navPathAssocieted","geometry":null,"properties":{"pathNode_id":"888798c9-419b-483b-82a5-fa76536abbc7","associeted_id":"f5344633-bfca-4e72-a588-2a94c0411837"}},{"id":"62c3bcb4-65ff-4927-90c6-bd3f16d71213","type":"Feature","feature_type":"navPathAssocieted","geometry":null,"properties":{"pathNode_id":"5c16294f-da3e-4072-8b62-c831d8bb1e29","associeted_id":"2a3f3fc8-00bf-4f55-8542-d658b325ccb8"}},{"id":"b513a96a-d93b-4ba3-9286-27ea41ea8a8b","type":"Feature","feature_type":"navPathAssocieted","geometry":null,"properties":{"pathNode_id":"f9e0859e-c9ad-4598-ae65-88001008f6a0","associeted_id":"c197d17a-c2ae-4c5e-a332-a1e35c6092e1"}},{"id":"ae0bef5a-531f-4f4d-b84e-edd156d73e32","type":"Feature","feature_type":"navPathAssocieted","geometry":null,"properties":{"pathNode_id":"2f4fad94-b269-4ec8-aac4-4a8651819507","associeted_id":"2c8b4f83-7708-40e9-9bbf-6e44699e63f8"}},{"id":"4057f4c4-c964-4f05-8842-326eeeb1e191","type":"Feature","feature_type":"navPathAssocieted","geometry":null,"properties":{"pathNode_id":"1f09024a-3ca2-48dc-be17-8992c5156ecf","associeted_id":"b133503a-6be0-4469-bad1-194ff2da2ae7"}},{"id":"9515edbc-75ad-40c8-ab87-6cb23cc76c13","type":"Feature","feature_type":"navPathAssocieted","geometry":null,"properties":{"pathNode_id":"0d860898-7139-4e57-b12e-d19501d98b2b","associeted_id":"807e9287-3252-4ef9-9ee8-0236afa010d8"}},{"id":"df7875e7-3088-4efc-9db7-be5c1b63ac4a","type":"Feature","feature_type":"navPathAssocieted","geometry":null,"properties":{"pathNode_id":"8103bd51-b85d-4a0e-94c6-38682ed74e75","associeted_id":"b888897d-418b-4d3c-81fa-a3a87801e46f"}},{"id":"1e66b6e3-3605-4a15-a28e-5feec6ca439e","type":"Feature","feature_type":"navPathAssocieted","geometry":null,"properties":{"pathNode_id":"90185b43-a688-4208-8f25-4d023b0346f8","associeted_id":"b51786f9-24f9-4ff2-8387-220219f793b1"}},{"id":"19ec3c33-1fc7-4279-82bd-eab2fc190517","type":"Feature","feature_type":"navPathAssocieted","geometry":null,"properties":{"pathNode_id":"26f69468-d341-4fa5-a803-b0abb40abdb2","associeted_id":"84e76b4f-4d0d-49d2-b98b-f379581a0b2d"}},{"id":"1f49d7a3-abd2-46ed-8c91-13e26d03f3a0","type":"Feature","feature_type":"navPathAssocieted","geometry":null,"properties":{"pathNode_id":"4f47b6b9-82af-4c84-9e04-f41dde897a4f","associeted_id":"2c39c55c-361d-4b2f-88c0-16f4fc5dbc34"}},{"id":"6ecd6112-e172-401c-a06d-04cf944550b9","type":"Feature","feature_type":"navPathAssocieted","geometry":null,"properties":{"pathNode_id":"0211430d-3f87-42bb-a239-43a5c3d7b022","associeted_id":"4ea89d79-051e-4c07-b6e5-dab175c54d58"}},{"id":"d4cc3d34-4e57-4306-a835-aa7536669220","type":"Feature","feature_type":"navPathAssocieted","geometry":null,"properties":{"pathNode_id":"716bf598-2ec8-4348-853a-feb4616fc8b5","associeted_id":"aa527247-0426-4e34-9482-f7639791b486"}},{"id":"0f896506-9ce0-4746-9087-dc5fd287caca","type":"Feature","feature_type":"navPathAssocieted","geometry":null,"properties":{"pathNode_id":"716bf598-2ec8-4348-853a-feb4616fc8b5","associeted_id":"d984b3bf-5b65-4736-b458-9fd626715e2b"}},{"id":"fc159677-3d01-4a8b-a33f-aa1d0a8485b6","type":"Feature","feature_type":"navPathAssocieted","geometry":null,"properties":{"pathNode_id":"c7655ce2-9453-4bcd-953e-745b3451228a","associeted_id":"aa527247-0426-4e34-9482-f7639791b486"}},{"id":"b121cfa4-1e8d-4c79-923b-274d601a874a","type":"Feature","feature_type":"navPathAssocieted","geometry":null,"properties":{"pathNode_id":"a18b2962-983f-42bc-971c-057b276a1dba","associeted_id":"d984b3bf-5b65-4736-b458-9fd626715e2b"}},{"id":"829fdd1b-c9f7-4653-a654-06bcb4bfd572","type":"Feature","feature_type":"navPathAssocieted","geometry":null,"properties":{"pathNode_id":"d45c5792-5f71-4cc9-8f68-f9b52dfccece","associeted_id":"9f1ea784-6f3d-44bf-978c-8ed0fcaefa95"}},{"id":"5a54c437-117c-4646-a823-78a07f90a81c","type":"Feature","feature_type":"navPathAssocieted","geometry":null,"properties":{"pathNode_id":"ec7b06b3-5ed1-4ac8-9f6d-6ed74e35ba91","associeted_id":"ee67b920-a90b-4fe3-9c61-5d936b9aa56f"}},{"id":"0d354e07-43b3-4d65-8e79-0b767faa7130","type":"Feature","feature_type":"navPathAssocieted","geometry":null,"properties":{"pathNode_id":"6199840e-00e3-4054-8a45-f9c06254557d","associeted_id":"69b214b6-a29f-4592-aabc-602a2320260c"}},{"id":"227d4039-6edf-42c3-a828-a1a51e90ff0a","type":"Feature","feature_type":"navPathAssocieted","geometry":null,"properties":{"pathNode_id":"357ab4f8-9235-465c-8c41-aec85e33541f","associeted_id":"3d057464-d4b0-46b9-b706-120cb1f4d9e0"}},{"id":"3d752009-2920-4d16-bf42-e9fb2d44300d","type":"Feature","feature_type":"navPathAssocieted","geometry":null,"properties":{"pathNode_id":"4b4523b3-e78c-4089-9308-a374047eecd8","associeted_id":"33d159d6-60d3-4144-8374-6ee8682c1bdd"}},{"id":"66c89c25-5284-4344-9533-8c5f05766397","type":"Feature","feature_type":"navPathAssocieted","geometry":null,"properties":{"pathNode_id":"41729706-9203-40d1-a232-52a4df60c4ea","associeted_id":"182ea768-9f40-488f-937f-451cfe9eeda8"}},{"id":"865f104a-3c41-4e4a-9320-9abf763d7ab8","type":"Feature","feature_type":"navPathAssocieted","geometry":null,"properties":{"pathNode_id":"2da2fc5b-aa22-4dd7-86fe-a1d8a47cffc3","associeted_id":"f9510b95-65c4-44c3-838f-dc692e2756a9"}},{"id":"bb55f99f-ccb6-4996-b9ec-8c0b112bbf8c","type":"Feature","feature_type":"navPathAssocieted","geometry":null,"properties":{"pathNode_id":"f68393bb-3f81-4284-aebb-fb4c50507dc7","associeted_id":"43aaaf32-d7e5-459b-a9cb-8407b60745c8"}},{"id":"ca9cd174-1e44-45a5-ae35-bfec7ffd5c62","type":"Feature","feature_type":"navPathAssocieted","geometry":null,"properties":{"pathNode_id":"78213472-553d-4c58-b2bd-465dfd9c0319","associeted_id":"e6c232b6-cbd3-4476-bbb5-5a4b9852446a"}},{"id":"206733b9-b010-4bc3-8e84-3b039d09c21c","type":"Feature","feature_type":"navPathAssocieted","geometry":null,"properties":{"pathNode_id":"12894a9f-3601-41de-b429-bb47afc7cb05","associeted_id":"46c5707f-1f62-48e1-8eab-3cba976ed8ee"}},{"id":"6373ef00-6631-4c04-aa3a-e0450a90ed66","type":"Feature","feature_type":"navPathAssocieted","geometry":null,"properties":{"pathNode_id":"cd29efa7-2597-4bf1-b04c-56d78310b582","associeted_id":"7ef19bfb-acb8-4bf4-ac4b-a1d26f606777"}},{"id":"15ea7b03-8b57-4042-8792-05b5173d1cc5","type":"Feature","feature_type":"navPathAssocieted","geometry":null,"properties":{"pathNode_id":"1fe1161c-cae2-4f09-9ac5-7fb08c3ce2a7","associeted_id":"5f877740-c2e9-4e7e-8130-2b94b4fdbcc5"}},{"id":"f87347c5-7f5c-42de-bb14-0b5c0ad28ad6","type":"Feature","feature_type":"navPathAssocieted","geometry":null,"properties":{"pathNode_id":"f9bc78ad-16b3-4de9-ad5b-7a8340b35f23","associeted_id":"cdcb93db-73c1-4323-8773-83437142af5e"}},{"id":"e4a61944-849c-4192-ba9b-ee9cde4d4c76","type":"Feature","feature_type":"navPathAssocieted","geometry":null,"properties":{"pathNode_id":"0d84c7c0-ce18-4c11-ba33-f594b5897f32","associeted_id":"1e9a6126-7c6e-470e-b0dc-c98b09a466e4"}},{"id":"45cb25fc-4736-42d0-8479-5785b864056f","type":"Feature","feature_type":"navPathAssocieted","geometry":null,"properties":{"pathNode_id":"b67fb557-5404-49a4-a5b2-e7c35bebca83","associeted_id":"55664865-70fe-4ace-bbf6-afedf901adf7"}},{"id":"4ebf7553-8930-4c3e-8a41-a213c53fa735","type":"Feature","feature_type":"navPathAssocieted","geometry":null,"properties":{"pathNode_id":"bee8450f-950b-4258-b42f-f5fdb86a7697","associeted_id":"ad5be311-3eb8-43f3-85db-3a7688c4b978"}},{"id":"7baafc42-cdaa-4666-84cc-f482160ac2be","type":"Feature","feature_type":"navPathAssocieted","geometry":null,"properties":{"pathNode_id":"832277d0-84ec-4462-bb54-c003c5330093","associeted_id":"3c02559b-bafd-4c25-8946-8576f6fc56e1"}},{"id":"9861d69d-b3d0-4d26-832a-a0e61df89fe6","type":"Feature","feature_type":"navPathAssocieted","geometry":null,"properties":{"pathNode_id":"db737410-707e-49aa-b925-da4a3ad1619b","associeted_id":"a003431e-3e17-4b71-a365-a61d6e702086"}},{"id":"751e57d1-e808-47e2-99af-8ccc5903c67d","type":"Feature","feature_type":"navPathAssocieted","geometry":null,"properties":{"pathNode_id":"af2fabc4-3b08-4241-b1aa-310f6348e9ba","associeted_id":"68fa2977-cf39-42f1-adad-a7ba8540edfb"}},{"id":"4f1d4db5-a0c3-41f9-b114-47a8e31e2101","type":"Feature","feature_type":"navPathAssocieted","geometry":null,"properties":{"pathNode_id":"6c3d9d4f-c90f-49a5-a65e-a695d6337d08","associeted_id":"e3019701-563e-44ff-8161-1dbb3fd77631"}},{"id":"7ced7fd9-bf39-49e2-b3fb-67b7a84a5aeb","type":"Feature","feature_type":"navPathAssocieted","geometry":null,"properties":{"pathNode_id":"7df8acaa-8beb-4267-a5e1-ac90660b5c03","associeted_id":"8273fcca-d94e-45b0-9ea6-b57dcaaa1150"}},{"id":"3c69142a-efac-4606-a628-7b97e90da3d7","type":"Feature","feature_type":"navPathAssocieted","geometry":null,"properties":{"pathNode_id":"ece912f1-6589-4c1d-ac73-bba55bb85b57","associeted_id":"5ff9f6e8-012a-461c-a093-5cae5a68eae9"}},{"id":"3167d7fb-71a9-4425-8fd3-47a1a90a1ecb","type":"Feature","feature_type":"navPathAssocieted","geometry":null,"properties":{"pathNode_id":"1d4f47ee-c589-44a6-8959-48aa81f170a8","associeted_id":"c13c2b8f-951c-422d-b84e-f8656db692e9"}},{"id":"e11166c6-faf7-48a4-92c2-b7b9be4500fb","type":"Feature","feature_type":"navPathAssocieted","geometry":null,"properties":{"pathNode_id":"b4ac855a-a3b6-47ab-bd68-0d48bd49055a","associeted_id":"3f4ca12c-ecf4-436a-85f8-587e4b7170ae"}},{"id":"6f2dff5c-dc2c-4056-9299-f26053fcf1ba","type":"Feature","feature_type":"navPathAssocieted","geometry":null,"properties":{"pathNode_id":"f8996a9b-d6b7-415d-b71c-19cf8805ef7f","associeted_id":"4440f7df-4c1b-4959-9d8a-0e26d5c0a2ed"}},{"id":"7db1c878-4878-41bf-9adf-728250a49d3e","type":"Feature","feature_type":"navPathAssocieted","geometry":null,"properties":{"pathNode_id":"3176e14c-7f63-46a4-a21f-fa6d9a371ace","associeted_id":"bfe56f26-87a3-48c6-8cf2-de0f5e25b880"}},{"id":"f3199e49-c737-4dd6-9672-d14b0b7a854d","type":"Feature","feature_type":"navPathAssocieted","geometry":null,"properties":{"pathNode_id":"45da19c9-b71f-4cb6-8c06-b63c85a5e03d","associeted_id":"ba0d22e9-694e-44ee-81f2-ac3fd244febb"}},{"id":"586bad5d-b9ae-411b-b17c-1fa792d20ada","type":"Feature","feature_type":"navPathAssocieted","geometry":null,"properties":{"pathNode_id":"1a14f90a-c58e-46a5-a339-fb6b766836d4","associeted_id":"373e107f-2bba-4f55-ae80-d0d656b33845"}},{"id":"2caafe28-e447-4e8b-9a87-80d01e8ec978","type":"Feature","feature_type":"navPathAssocieted","geometry":null,"properties":{"pathNode_id":"852664c8-c3ae-41d5-914a-f1676133a32c","associeted_id":"05503766-8f71-4be9-97bb-dc3d180b3e1f"}},{"id":"52f6f4e5-1c52-455d-86fc-3b3e0b6823c8","type":"Feature","feature_type":"navPathAssocieted","geometry":null,"properties":{"pathNode_id":"3e2653d4-9e77-49e2-88c1-a323a5b2f1eb","associeted_id":"f88a1085-38df-44d2-838f-2d43c47c2453"}},{"id":"b39019c3-7e22-49d1-adaf-6eb4c161039c","type":"Feature","feature_type":"navPathAssocieted","geometry":null,"properties":{"pathNode_id":"77f8460c-1ff4-45bb-8dde-688a347d6d2a","associeted_id":"ef33ca9e-7592-4612-9cc0-a95313f89f29"}},{"id":"f2358dd1-4994-40ef-a5c9-b1cd1bf91263","type":"Feature","feature_type":"navPathAssocieted","geometry":null,"properties":{"pathNode_id":"8ee75a3f-a426-47cc-adea-301ae9f54598","associeted_id":"02088957-8e82-4d54-b29d-7b3af2abc541"}},{"id":"ae788761-e98c-428b-9469-28b7508596bd","type":"Feature","feature_type":"navPathAssocieted","geometry":null,"properties":{"pathNode_id":"3b0119a7-f380-48db-b467-2a38e116b7aa","associeted_id":"bd787da1-47e3-4e95-bc3b-efd0c93002c1"}},{"id":"b8ed3e64-d7ee-4b7d-ac3f-d4af24292c83","type":"Feature","feature_type":"navPathAssocieted","geometry":null,"properties":{"pathNode_id":"7097bf4d-3a21-42ea-b70f-aa99d7b43936","associeted_id":"b0b7885c-bd50-451e-bbdf-b48b348bc464"}},{"id":"1f43d1a4-8612-4667-8fb6-b7652da82084","type":"Feature","feature_type":"navPathAssocieted","geometry":null,"properties":{"pathNode_id":"d7c39333-ef38-4852-8593-65db83f9b5f1","associeted_id":"dc28d7b6-11a6-45f5-a141-7df112ee7be4"}},{"id":"27eb9ceb-317c-4eab-910d-9d7b52778dc7","type":"Feature","feature_type":"navPathAssocieted","geometry":null,"properties":{"pathNode_id":"17458147-4987-48aa-985f-b67256cbf6c8","associeted_id":"0b17bd40-a1c5-4ee7-ad12-51609d5c9de9"}},{"id":"9eec8a5b-4663-4e04-9bcd-d8ada4ac129a","type":"Feature","feature_type":"navPathAssocieted","geometry":null,"properties":{"pathNode_id":"a3081383-7b73-477d-b3f6-e46606949ec1","associeted_id":"c2189f0a-cc68-4341-ab33-4619d662bcca"}},{"id":"f4a0561e-c71a-4af0-a79a-492f6d32d506","type":"Feature","feature_type":"navPathAssocieted","geometry":null,"properties":{"pathNode_id":"174b13ac-ec91-4151-af93-069a48d1c8cf","associeted_id":"4cf6d8c5-d2b0-45cc-96ed-0e09b6a1be0a"}},{"id":"e4275386-517e-428f-ac6e-58318f3742e0","type":"Feature","feature_type":"navPathAssocieted","geometry":null,"properties":{"pathNode_id":"7c3d1891-d7e1-43fc-b369-af2c9faa70e2","associeted_id":"924ccc27-d36c-4a7c-a35d-349b731c09dc"}},{"id":"2d9144d6-218f-48e4-82c5-a1052d874ac9","type":"Feature","feature_type":"navPathAssocieted","geometry":null,"properties":{"pathNode_id":"4ced009a-8fc9-4ec7-81f2-27ba26b96b14","associeted_id":"40d60744-4b0b-41be-8ac3-31eec4a21445"}},{"id":"77574645-9898-45c9-9759-e64c1ffd1211","type":"Feature","feature_type":"navPathAssocieted","geometry":null,"properties":{"pathNode_id":"1d56e83f-7e86-48ab-9713-3dbf43c7dc70","associeted_id":"69ee5c58-7f60-48fe-949f-129c16df37df"}},{"id":"1dbc99af-4e23-41d1-82bc-64df4fceb4ae","type":"Feature","feature_type":"navPathAssocieted","geometry":null,"properties":{"pathNode_id":"90432375-9d40-4733-bba2-617fea71a2d4","associeted_id":"9a8cac08-eea8-42a5-9d17-7f793cfe020d"}},{"id":"a0002568-6186-4f30-a733-6e414e484246","type":"Feature","feature_type":"navPathAssocieted","geometry":null,"properties":{"pathNode_id":"61dcb196-d051-4a19-8820-dae7d40d1177","associeted_id":"7d60ca40-562b-44d6-bbfe-129d433632ea"}},{"id":"c5b61195-2506-4688-86a3-c123febe4b97","type":"Feature","feature_type":"navPathAssocieted","geometry":null,"properties":{"pathNode_id":"2ac0e778-e51c-4904-924e-c68c3307f3ae","associeted_id":"a77cfc82-2f50-41bd-bdaa-1de779e3d936"}},{"id":"88d33592-0d74-4149-8224-cd51cd60a4e7","type":"Feature","feature_type":"navPathAssocieted","geometry":null,"properties":{"pathNode_id":"ecc3d766-289b-4a72-8d6b-3f6e85058c41","associeted_id":"58de53b2-0183-4e6f-9d33-0f8969447b61"}},{"id":"a67eb70d-dec5-40ce-ad3d-5f4567d58fcb","type":"Feature","feature_type":"navPathAssocieted","geometry":null,"properties":{"pathNode_id":"cbda652d-b9c3-436f-acc3-5cce6c0870bf","associeted_id":"4342e7f4-92ba-42b7-ba14-e21c1e6f7108"}},{"id":"ae05366e-38ce-49b8-88fe-aab36b8e2e66","type":"Feature","feature_type":"navPathAssocieted","geometry":null,"properties":{"pathNode_id":"5afc1d5c-a04d-456f-b39a-aee3b68bbe08","associeted_id":"1afc7410-c4e3-4317-a941-8b02a69c0e94"}},{"id":"69a78172-4a66-446f-96b2-d3d5202938e1","type":"Feature","feature_type":"navPathAssocieted","geometry":null,"properties":{"pathNode_id":"e892b4b8-5e99-48d0-be77-290787d87fff","associeted_id":"be559345-5de8-4881-8cb9-f9b8ae74cce5"}},{"id":"c848b2e6-ffc2-4f0f-8d78-08f2be17d5aa","type":"Feature","feature_type":"navPathAssocieted","geometry":null,"properties":{"pathNode_id":"0bcd0e8c-696c-4d52-8457-6e94769d6ede","associeted_id":"e6432158-9a47-4423-b137-01321f3e91d1"}},{"id":"52fca973-3b95-4d16-8a3f-220bef46af9b","type":"Feature","feature_type":"navPathAssocieted","geometry":null,"properties":{"pathNode_id":"f46462f1-b9fd-447d-b149-37a883c03609","associeted_id":"6bd0c2c7-a3be-429f-9e78-8d6ab03ff283"}},{"id":"51bcdd56-381a-4c6f-9f4c-664d74252029","type":"Feature","feature_type":"navPathAssocieted","geometry":null,"properties":{"pathNode_id":"b3ca0037-33c0-4691-be09-6a076ee57623","associeted_id":"80f8e331-54b4-4815-b9ee-6da5684ef25b"}},{"id":"27376472-a47f-411f-8825-c97cb12f0c4e","type":"Feature","feature_type":"navPathAssocieted","geometry":null,"properties":{"pathNode_id":"347de8eb-ff68-412d-98d0-16b28737097a","associeted_id":"31386479-be2b-4e15-b823-7efbd09f8c6b"}},{"id":"764008ad-abfc-4680-a9d0-87ac5a4c3cf5","type":"Feature","feature_type":"navPathAssocieted","geometry":null,"properties":{"pathNode_id":"95022f13-e5e4-4ea2-8cb9-1da4853cd586","associeted_id":"23f63c96-03c4-4d35-9792-9478f5964d3a"}},{"id":"2defa531-8a66-49cc-90f0-fffe804be96c","type":"Feature","feature_type":"navPathAssocieted","geometry":null,"properties":{"pathNode_id":"4eb7b31d-53eb-44c8-936c-186417d67671","associeted_id":"3a506b80-e623-403e-b756-d55efed4491f"}},{"id":"3f3bc489-5186-4090-8dc7-4811d9ccefcd","type":"Feature","feature_type":"navPathAssocieted","geometry":null,"properties":{"pathNode_id":"5fd80d42-25e1-435c-9641-25fe0d0f207b","associeted_id":"bd06511e-8745-408f-b3c9-5d0ae5ea4ae1"}},{"id":"7ae00729-50d4-4881-b447-32e4efa1a1bc","type":"Feature","feature_type":"navPathAssocieted","geometry":null,"properties":{"pathNode_id":"a554d732-708b-4574-83e7-c60c75188ffa","associeted_id":"906e7e10-da2f-418c-9089-16d96a49726e"}},{"id":"dd2e2ebb-15e5-4217-8cb1-2c19f0a63eb9","type":"Feature","feature_type":"navPathAssocieted","geometry":null,"properties":{"pathNode_id":"8c95ebdd-8bf8-48ce-a20c-0464b6fa3e57","associeted_id":"bd08c6e8-9bec-43b8-8118-1bf3e598620e"}},{"id":"642c741e-0f1d-44f0-9c3e-2c3dec77cc94","type":"Feature","feature_type":"navPathAssocieted","geometry":null,"properties":{"pathNode_id":"14b1e128-5a83-4205-b1df-7450546056a8","associeted_id":"19b7fa9c-39e1-44a1-b637-b6a107a0635c"}},{"id":"f280e533-1c50-46f5-acc7-d766544bc902","type":"Feature","feature_type":"navPathAssocieted","geometry":null,"properties":{"pathNode_id":"97b75469-7894-4237-ba96-5543715b0a94","associeted_id":"e75ac467-7519-4502-bc60-464c7469e0b0"}},{"id":"fb12fdf0-ed0f-40ae-a4e1-05ede5e6401c","type":"Feature","feature_type":"navPathAssocieted","geometry":null,"properties":{"pathNode_id":"d2a665e0-cad3-413f-8b37-fcef878cfe4b","associeted_id":"511890e5-fae5-4bbe-96b0-2c7889781438"}},{"id":"e4d8d4dc-f2c1-4e6c-8fa6-b7d1a499efba","type":"Feature","feature_type":"navPathAssocieted","geometry":null,"properties":{"pathNode_id":"d8695864-f6a8-4cb1-ac6b-2ba84dcc443f","associeted_id":"5df92c33-7e32-4fec-a06d-1cc346ed80c3"}},{"id":"149b632d-c753-4564-be3d-6b1e6d677859","type":"Feature","feature_type":"navPathAssocieted","geometry":null,"properties":{"pathNode_id":"d89e446c-600c-4bfa-a5d8-305dce20a4a0","associeted_id":"099e948b-e02e-439d-a025-68e97caf398d"}},{"id":"60e81581-602d-4f79-bbe4-2b39276f9d99","type":"Feature","feature_type":"navPathAssocieted","geometry":null,"properties":{"pathNode_id":"772ee697-997b-4c42-bf3d-f68d33d6a373","associeted_id":"1d975f38-d5a3-4b42-99eb-6df956c41b9f"}},{"id":"6e7f50f3-3009-4aac-80a8-e0dec61b888b","type":"Feature","feature_type":"navPathAssocieted","geometry":null,"properties":{"pathNode_id":"1a9e3208-f5d9-4af8-a662-5c97963239d0","associeted_id":"9281dde9-4f4e-482d-93b2-120ed066b172"}},{"id":"ca7d0e72-a63c-4620-9bcb-998c51291c6e","type":"Feature","feature_type":"navPathAssocieted","geometry":null,"properties":{"pathNode_id":"0e6d4950-db59-4dd5-be89-c60ef079e080","associeted_id":"564ba033-dca1-4070-a2ef-c656f483d481"}},{"id":"f773890b-2f48-4a3c-ad8f-13bf4e5d6d8a","type":"Feature","feature_type":"navPathAssocieted","geometry":null,"properties":{"pathNode_id":"c670f612-0d82-404c-b0d4-8a1ed60e7bbc","associeted_id":"564ba033-dca1-4070-a2ef-c656f483d481"}},{"id":"e4fe79e5-0c3b-4110-b00a-5c9a88158df8","type":"Feature","feature_type":"navPathAssocieted","geometry":null,"properties":{"pathNode_id":"6ab62f00-c06d-4c43-8b07-030f87fadcbb","associeted_id":"4bed4e57-e157-4f39-b617-248264b35115"}},{"id":"f18c0ba5-d899-4ef6-8e70-c0e2479736fd","type":"Feature","feature_type":"navPathAssocieted","geometry":null,"properties":{"pathNode_id":"5441c9a2-5b46-4399-8400-f358a4c1ac3d","associeted_id":"5b7298f4-6453-4b6b-a9bd-18642ecf97cc"}},{"id":"9099b0b5-39d2-495f-b69a-e387a571eb9a","type":"Feature","feature_type":"navPathAssocieted","geometry":null,"properties":{"pathNode_id":"bfd4de4d-f930-486b-8ddd-7aa19681e936","associeted_id":"56c1812f-9747-42f7-8026-1483527289fa"}},{"id":"99b88476-f125-40e5-90ff-0ff98fb3e93f","type":"Feature","feature_type":"navPathAssocieted","geometry":null,"properties":{"pathNode_id":"0e80356b-d595-4152-89f4-72ee85f91be9","associeted_id":"d96b6c31-c0c5-4e7d-96f3-8f1550bdd2ba"}},{"id":"cd39afdb-11d6-4545-9a67-045d3b8f8d26","type":"Feature","feature_type":"navPathAssocieted","geometry":null,"properties":{"pathNode_id":"bb625918-6858-498a-8d9b-47fba8c9c172","associeted_id":"617360a2-f30a-4a11-b63f-a9e33b32cc00"}},{"id":"b75bd99a-bb73-4128-9044-08ea2ae758f1","type":"Feature","feature_type":"navPathAssocieted","geometry":null,"properties":{"pathNode_id":"2cde7a93-260e-4d1d-91b0-a43063c7551a","associeted_id":"c7391f64-59e1-42f5-821f-e341b4d2c9c1"}},{"id":"f7b3e41d-be7e-4f64-a021-fccde3fc50da","type":"Feature","feature_type":"navPathAssocieted","geometry":null,"properties":{"pathNode_id":"eac6a320-a575-4bfc-aeab-798fb6c6b799","associeted_id":"c56a5626-1530-47f2-8bda-99cd175defeb"}},{"id":"e9ff1559-ae26-43d7-99b6-2f0da5a7081c","type":"Feature","feature_type":"navPathAssocieted","geometry":null,"properties":{"pathNode_id":"599430c1-a043-4c37-a76e-b73d75bbb144","associeted_id":"a200c9bc-ae81-4edd-8b2b-feb6c7cd70a0"}},{"id":"ae57c298-8613-4192-bb60-d0ca1ad4338e","type":"Feature","feature_type":"navPathAssocieted","geometry":null,"properties":{"pathNode_id":"d007eabc-2328-4927-9fa1-6bba2ee08346","associeted_id":"d4c970cc-492b-4c78-84b7-d9a941aa6d6d"}},{"id":"ffcfd9a0-cb5b-4a77-a618-62dff7e960be","type":"Feature","feature_type":"navPathAssocieted","geometry":null,"properties":{"pathNode_id":"e2b89344-03db-43dd-940f-f6dc3f520c67","associeted_id":"cfbd2979-b9dd-43da-a419-9aa91492b0c6"}},{"id":"3a22d235-aa5f-4db9-9904-1637e04a23db","type":"Feature","feature_type":"navPathAssocieted","geometry":null,"properties":{"pathNode_id":"32702a87-4118-4636-abe8-a404801147db","associeted_id":"1b9f1361-68aa-4074-b8de-f7411de1b6be"}},{"id":"a2e69dfb-703b-46dd-a697-cb451343890a","type":"Feature","feature_type":"navPathAssocieted","geometry":null,"properties":{"pathNode_id":"ea5ab415-47e2-4005-a8b0-027f91cca213","associeted_id":"eaec83c2-7ede-4479-b795-34cc31a20e9b"}},{"id":"45f59d3d-190a-421d-b292-c1ba85a34279","type":"Feature","feature_type":"navPathAssocieted","geometry":null,"properties":{"pathNode_id":"7e9b2f2c-96cb-4a88-9be8-c4cf45595b20","associeted_id":"3717a5d1-ab79-401c-b979-dbea8bf3f30b"}},{"id":"19fad66f-454f-4ece-8a1d-557a552cea0f","type":"Feature","feature_type":"navPathAssocieted","geometry":null,"properties":{"pathNode_id":"5f027d18-f100-40e3-a339-119094c8bf25","associeted_id":"bcc124ea-072e-4e39-9e26-385863e4144e"}},{"id":"c780801a-71ee-4ef2-b0f9-2f61c7464489","type":"Feature","feature_type":"navPathAssocieted","geometry":null,"properties":{"pathNode_id":"41da359c-c1b2-4723-ad80-cb21ae94674c","associeted_id":"7fd06a31-378a-4786-be4b-70e03a363239"}},{"id":"7d2385b1-05bf-4c77-ac75-017852c7d26e","type":"Feature","feature_type":"navPathAssocieted","geometry":null,"properties":{"pathNode_id":"35cd417c-1b1b-45c6-85f1-41f63c19cd08","associeted_id":"abafa4e3-8c64-47e4-8e4f-dd9366715e5a"}},{"id":"1fe5316e-73f7-49a4-91d9-ab6f08f00357","type":"Feature","feature_type":"navPathAssocieted","geometry":null,"properties":{"pathNode_id":"90a5b0b1-6ad5-459c-90ad-c53dee1cebec","associeted_id":"dbbe8976-cd05-499e-ac26-012f0887a63f"}},{"id":"48401f96-784f-4e3f-9a4d-2d26c9b44625","type":"Feature","feature_type":"navPathAssocieted","geometry":null,"properties":{"pathNode_id":"d2d2b5d4-bcb8-4641-b233-1a2a9e3884fc","associeted_id":"8b799f6b-c45f-48c4-98f4-3293e3f83a03"}},{"id":"eaeb0b95-df8b-4fc9-b463-fe75b30557bb","type":"Feature","feature_type":"navPathAssocieted","geometry":null,"properties":{"pathNode_id":"aa63480b-8792-498a-80c0-fa98162b0c23","associeted_id":"95cb89f7-b44c-449a-996e-9965c6a50d9b"}},{"id":"a1353599-d5e0-4287-870f-295ebcea6fde","type":"Feature","feature_type":"navPathAssocieted","geometry":null,"properties":{"pathNode_id":"5dd90e4e-7d10-452a-aed6-d904a16a5029","associeted_id":"cc0f454b-61b5-494e-88e1-3bf774d62c9c"}},{"id":"f837f4d0-2f92-40e9-8f1a-43d10e23c1ce","type":"Feature","feature_type":"navPathAssocieted","geometry":null,"properties":{"pathNode_id":"015224ec-ea01-442e-8979-8bcbf4871f7b","associeted_id":"355402a8-29d4-4b9a-bb16-fe5461d96031"}},{"id":"74d53943-faa6-45ff-9a23-1aa0b0ae55a4","type":"Feature","feature_type":"navPathAssocieted","geometry":null,"properties":{"pathNode_id":"3f0997e1-1bfe-4917-a7ef-6af43d0f6613","associeted_id":"8d9c2d0b-bc5c-447f-a2a8-b2fdf35c87eb"}},{"id":"5328de71-4016-4b37-a3a0-d6a5188546cb","type":"Feature","feature_type":"navPathAssocieted","geometry":null,"properties":{"pathNode_id":"ffa3d087-e04c-4077-8aac-f1f5f30e1210","associeted_id":"094ef567-2548-48c4-8f7d-5202608ca7eb"}},{"id":"6652bbac-7ac6-4495-97ca-592043a82373","type":"Feature","feature_type":"navPathAssocieted","geometry":null,"properties":{"pathNode_id":"d1effac5-f9bd-472a-ae4a-7cc3e4f4affe","associeted_id":"ef14c5bd-4c47-4935-89d9-ecd66faf4c74"}},{"id":"31f831c4-7f08-43ff-8854-41d9543560a5","type":"Feature","feature_type":"navPathAssocieted","geometry":null,"properties":{"pathNode_id":"4d91d596-d212-4d71-b769-429bb93a52c1","associeted_id":"282869bb-124f-4893-82ad-b745bec26d61"}},{"id":"5e07b512-de5a-45fe-a55c-9cfc15dbd544","type":"Feature","feature_type":"navPathAssocieted","geometry":null,"properties":{"pathNode_id":"7aa5c591-c282-4dd3-a116-6edab72384dc","associeted_id":"24bea05a-4f3a-4d2f-96ef-9db2e39ce1d3"}},{"id":"6c2ac0a7-a19a-444f-ab40-2efd4c4d3e82","type":"Feature","feature_type":"navPathAssocieted","geometry":null,"properties":{"pathNode_id":"df802dc3-511b-4cee-b6a1-9c807d35533c","associeted_id":"8c9e9b2a-8d04-418c-9d84-0575aea2d6e5"}},{"id":"87cf3c17-675b-4880-b421-8e7d21723683","type":"Feature","feature_type":"navPathAssocieted","geometry":null,"properties":{"pathNode_id":"ba785712-e9ec-4aa5-aeed-4e6225eb24b4","associeted_id":"5f4a52d7-15d4-4a83-98e5-cde2f9a2ea0c"}},{"id":"93775ac3-f841-4cda-9d41-56248c881aaa","type":"Feature","feature_type":"navPathAssocieted","geometry":null,"properties":{"pathNode_id":"87fbbc06-339c-424a-942a-ee4fb2e7d195","associeted_id":"0f6ccaff-bfe3-4dbe-8bd1-9b9cb3b81dc6"}},{"id":"d621e296-7338-417e-875d-487a4f239bd6","type":"Feature","feature_type":"navPathAssocieted","geometry":null,"properties":{"pathNode_id":"c3f1a692-c219-4afc-92e9-85a72ec62a56","associeted_id":"d5126150-d44d-45ce-86f5-100758c62a77"}},{"id":"fd8b6ad8-401e-42a0-a1fa-e669219786a8","type":"Feature","feature_type":"navPathAssocieted","geometry":null,"properties":{"pathNode_id":"528bc457-d3b9-4569-bc25-87ef1ca56350","associeted_id":"dc0247e2-09eb-45fb-8234-890a454c1fa7"}},{"id":"34b56f4f-72bd-4549-9a92-05fdc3fc3191","type":"Feature","feature_type":"navPathAssocieted","geometry":null,"properties":{"pathNode_id":"d77452e0-1252-40ba-9d05-9cea4cbf3fc2","associeted_id":"4b5ddf20-adbb-41b0-9125-c50dc06d23d7"}},{"id":"f6884b54-e515-4d7d-beef-736e5554465a","type":"Feature","feature_type":"navPathAssocieted","geometry":null,"properties":{"pathNode_id":"d30b338a-f6a3-4c6d-be71-e92f2aa994b3","associeted_id":"489a850f-ba09-4263-8682-13879bf58e54"}},{"id":"030ec613-8c97-41fc-8803-e0983b1f7b7b","type":"Feature","feature_type":"navPathAssocieted","geometry":null,"properties":{"pathNode_id":"51f6551a-6683-45e5-b817-d0efc07e4c0f","associeted_id":"39bf55c1-fecc-4e65-a171-32887172230b"}},{"id":"5a9f22b7-b2fc-42ee-896c-770d0125097a","type":"Feature","feature_type":"navPathAssocieted","geometry":null,"properties":{"pathNode_id":"fff3a913-7efe-4f25-b759-103b869812eb","associeted_id":"de5cac7f-2ae1-4002-95b8-f4d1b3533af2"}},{"id":"bf8eee2d-05cb-4c3c-b550-31715fe69e46","type":"Feature","feature_type":"navPathAssocieted","geometry":null,"properties":{"pathNode_id":"ea4ee328-fac5-48c3-8fee-65ade68aeb19","associeted_id":"d6b0fe86-0fe9-4f58-8874-67d71a9a5258"}},{"id":"6f7e633e-0361-4ba8-8bec-a6d442ed0491","type":"Feature","feature_type":"navPathAssocieted","geometry":null,"properties":{"pathNode_id":"b9332720-da7e-46fc-ade5-4e89afb78293","associeted_id":"aa58fb1a-169a-4c48-9528-bb7bc4c3d038"}},{"id":"078209f1-93fc-481d-9a33-9b7159ba5839","type":"Feature","feature_type":"navPathAssocieted","geometry":null,"properties":{"pathNode_id":"a14246ff-ddf3-4391-a112-10449b178939","associeted_id":"d7a748f3-9100-43d3-9c04-b19a36d9bc9d"}},{"id":"c1c2cd0f-aa14-41a7-a808-822ee0de0e22","type":"Feature","feature_type":"navPathAssocieted","geometry":null,"properties":{"pathNode_id":"26c3b33a-10b9-446b-b5d4-d586897d6f6b","associeted_id":"5b84a8e7-ac42-430b-8180-756718c92428"}},{"id":"8b6b062a-f443-49e7-96b2-ca74d8c78910","type":"Feature","feature_type":"navPathAssocieted","geometry":null,"properties":{"pathNode_id":"2306178e-6b5b-4b67-ae0f-d71520974550","associeted_id":"1a97fd52-9e54-46b8-8ddd-8ba6a3a7eba6"}},{"id":"10858851-1410-450f-9340-a7b582e6f4d3","type":"Feature","feature_type":"navPathAssocieted","geometry":null,"properties":{"pathNode_id":"101743c4-cfa0-4a65-8614-ff00b34415e1","associeted_id":"11ddfa86-1c57-464d-bd29-90a0d2632c16"}},{"id":"88a800fe-1ae9-4ffd-b450-1329d2d42deb","type":"Feature","feature_type":"navPathAssocieted","geometry":null,"properties":{"pathNode_id":"32abc424-46d1-4010-828d-5c2a14819aef","associeted_id":"6ef7c485-be76-4b1b-9ed1-ef18bd473438"}},{"id":"0262b039-c8bd-4eff-9349-2aa436b1bbad","type":"Feature","feature_type":"navPathAssocieted","geometry":null,"properties":{"pathNode_id":"e3001063-6775-43ab-99c0-0f285adfa64f","associeted_id":"b1374bd9-cc89-4126-a965-8ac67f32e65b"}},{"id":"a6e433a8-3262-4aa4-878a-e36219e04a79","type":"Feature","feature_type":"navPathAssocieted","geometry":null,"properties":{"pathNode_id":"d305d8f4-c232-4673-97e5-9caa22856724","associeted_id":"5c8163a3-d2be-46c9-bc7b-10c87383cf7c"}},{"id":"9c45ccdc-2c56-469a-bb26-d6024aecc73a","type":"Feature","feature_type":"navPathAssocieted","geometry":null,"properties":{"pathNode_id":"0b73eb35-7184-4dfb-be73-e059c42ac279","associeted_id":"d6130f0d-958d-4b6f-89d1-d3ee1b1b7a31"}},{"id":"f623696d-47ae-450e-9c49-7f899f87ce29","type":"Feature","feature_type":"navPathAssocieted","geometry":null,"properties":{"pathNode_id":"9ea9df71-76df-427d-a061-c8fa14838276","associeted_id":"ad590754-0a70-4414-ae36-2c7a128f9678"}},{"id":"740227fe-e543-4086-bd63-c61d6189b9ea","type":"Feature","feature_type":"navPathAssocieted","geometry":null,"properties":{"pathNode_id":"4a8d2646-c161-4d89-ab76-c2b890e1180e","associeted_id":"0ff8c40b-ad21-44a2-a33b-fc5eb7227ec4"}},{"id":"c638dadd-e406-4fde-a7bf-5ec671419400","type":"Feature","feature_type":"navPathAssocieted","geometry":null,"properties":{"pathNode_id":"ce87b68a-f767-484e-a319-975af087c9ed","associeted_id":"a34df1d2-5c4a-40ae-9913-ca3cf6c5004d"}},{"id":"8e57b906-c582-4b29-8638-145deadb4410","type":"Feature","feature_type":"navPathAssocieted","geometry":null,"properties":{"pathNode_id":"46196c3c-c6c3-40b6-823b-af935e712659","associeted_id":"be4953d5-062a-4e4f-b785-3e2366ad03aa"}},{"id":"9a067ada-86bd-4d2e-a88c-7560b3226b70","type":"Feature","feature_type":"navPathAssocieted","geometry":null,"properties":{"pathNode_id":"594603dc-be56-4587-b90e-9ab5ce1e3ed4","associeted_id":"eb745e37-2b8c-48aa-a11b-6c30a28e3f29"}},{"id":"2f4c3fc3-43e9-476b-9168-196085c9e0d0","type":"Feature","feature_type":"navPathAssocieted","geometry":null,"properties":{"pathNode_id":"9beb591c-b747-45de-b77a-13c58a3f06ee","associeted_id":"36b5f043-b155-410b-8671-cebd95d94bbf"}},{"id":"721eedda-1f68-42fe-922d-d115b6fee261","type":"Feature","feature_type":"navPathAssocieted","geometry":null,"properties":{"pathNode_id":"cea8f9d5-2adf-4a69-ac12-20d941108788","associeted_id":"2c8d1ca9-a738-4217-b6ef-822bd5600c91"}},{"id":"bba58bdd-48f0-4441-bda6-d3e09f4950d0","type":"Feature","feature_type":"navPathAssocieted","geometry":null,"properties":{"pathNode_id":"c53df4c5-9025-47c5-9a03-8968bc0540f6","associeted_id":"e9b547c5-1642-4281-99fe-0ee4fd4c25d4"}},{"id":"c8f4e7f0-2f22-4247-9dd3-4e12332a9988","type":"Feature","feature_type":"navPathAssocieted","geometry":null,"properties":{"pathNode_id":"5c5fc62d-566d-409e-93f8-1d257fa10b50","associeted_id":"b1d53fa2-e4df-42b7-8a71-4e341490da4d"}},{"id":"fc79e1d7-eec2-4a5b-bfe5-a777058e1a2a","type":"Feature","feature_type":"navPathAssocieted","geometry":null,"properties":{"pathNode_id":"ef9a7a26-f165-4a29-856a-ce2018523d07","associeted_id":"0674f049-3000-4fbc-a0d6-bd5eb0807ea6"}},{"id":"732f2ec3-704b-434a-a828-f7a8c031157e","type":"Feature","feature_type":"navPathAssocieted","geometry":null,"properties":{"pathNode_id":"1762129a-7d6e-4b19-a88f-db675950b84e","associeted_id":"22750d52-ca47-442b-9763-fac2ae0ea6d6"}},{"id":"dde57e22-13af-4c29-8f34-f23d9185ba00","type":"Feature","feature_type":"navPathAssocieted","geometry":null,"properties":{"pathNode_id":"63096cfa-0490-4c71-83ac-6f544ee3929d","associeted_id":"2cbe6b9f-429b-4d79-8b2e-0878de45fd02"}},{"id":"32268057-36e9-4b81-98b6-24817b254797","type":"Feature","feature_type":"navPathAssocieted","geometry":null,"properties":{"pathNode_id":"b9dad41e-351f-484f-96e7-3629b832c842","associeted_id":"6ed836d6-4a34-4246-9391-dcef3f4a1a7d"}},{"id":"ac28bb15-36df-4cd2-b8c9-9fa9867d3353","type":"Feature","feature_type":"navPathAssocieted","geometry":null,"properties":{"pathNode_id":"86a4ec8f-4871-4b5d-b8a5-eb8c5f277136","associeted_id":"99a4e874-6778-45f4-8498-c044ad7ccf0f"}},{"id":"9f80db7b-5683-4dbd-b86c-38a4abf1a055","type":"Feature","feature_type":"navPathAssocieted","geometry":null,"properties":{"pathNode_id":"7700a2d0-51b4-4793-b4fa-6f5678bfa2df","associeted_id":"cdce73cd-4483-4f27-bda9-b420d46d6373"}},{"id":"b73c9c28-ca20-4813-9553-df733fbbbc83","type":"Feature","feature_type":"navPathAssocieted","geometry":null,"properties":{"pathNode_id":"e1e1885f-e4c0-43d9-914c-95a21aa3496a","associeted_id":"a6704068-9356-4247-b18a-5660b613b0de"}},{"id":"43e571c5-ac55-49cf-a4cb-d5f0784e8d41","type":"Feature","feature_type":"navPathAssocieted","geometry":null,"properties":{"pathNode_id":"f36980eb-82f0-4264-86ab-dfbd4d31f746","associeted_id":"baaf6582-8c67-431f-aa94-1862a11a3cd5"}},{"id":"e5b4ea4a-6be5-4f72-9b94-661df6cb5949","type":"Feature","feature_type":"navPathAssocieted","geometry":null,"properties":{"pathNode_id":"56259bc7-f04b-44fa-a6a6-0749bd64474f","associeted_id":"44ae534c-b2b6-4de9-bbce-bdf78f61868d"}},{"id":"0e6c9736-bc9f-414e-9c21-150bd80a0a44","type":"Feature","feature_type":"navPathAssocieted","geometry":null,"properties":{"pathNode_id":"9d0bbecd-2f3c-43aa-8879-7c8ed833acc5","associeted_id":"d96a5cfd-13af-45b7-92a2-0e8867ceb638"}},{"id":"b0c40346-d0a5-4cd4-87bc-bb8450032529","type":"Feature","feature_type":"navPathAssocieted","geometry":null,"properties":{"pathNode_id":"b0b2a4ca-3b42-4dd0-aa0c-646561aa4e81","associeted_id":"82e8cb0f-df41-4aec-a402-2209afba4e89"}},{"id":"fadf5f9b-d50a-46f0-9bca-ab47b1024fde","type":"Feature","feature_type":"navPathAssocieted","geometry":null,"properties":{"pathNode_id":"2e9a57a2-0f10-4ed7-b939-810855232aa7","associeted_id":"cd55ffef-20cc-4178-b027-6b0ebd984fba"}},{"id":"1ad55c70-90f3-463b-acaf-c03efedbf06d","type":"Feature","feature_type":"navPathAssocieted","geometry":null,"properties":{"pathNode_id":"b45974a6-c48b-40a3-8351-7ba14f04e26b","associeted_id":"d5c7f812-8133-40bb-acd6-5441c70e6941"}},{"id":"e3f461ab-f81a-48fc-932b-f5e8c0a13b6c","type":"Feature","feature_type":"navPathAssocieted","geometry":null,"properties":{"pathNode_id":"22ff659a-2861-4a2a-a27d-35dbc5278fa0","associeted_id":"b1378c20-5b08-43f0-b179-6fedc49311f7"}},{"id":"07128239-56aa-439e-aa3d-fd10efeecb67","type":"Feature","feature_type":"navPathAssocieted","geometry":null,"properties":{"pathNode_id":"6ddfb09b-a92c-40f2-8f49-50920d36ce7c","associeted_id":"276ad16e-c1d3-40d2-93d2-dd1857a4e1a2"}},{"id":"3180b524-048d-4f07-9419-a63ebf6af79e","type":"Feature","feature_type":"navPathAssocieted","geometry":null,"properties":{"pathNode_id":"ac9b4e16-4d32-488f-b0ad-98978ddfe439","associeted_id":"868f6d0b-6157-46d7-a4ba-9c4ac343f7c2"}},{"id":"ff7e91b7-22da-471b-b9f1-08a3a1263987","type":"Feature","feature_type":"navPathAssocieted","geometry":null,"properties":{"pathNode_id":"2bf78d72-375f-4409-a93f-2e5c1d01a215","associeted_id":"09c09ee7-8f29-4039-9767-4525c708aace"}},{"id":"02e924ec-108e-46ae-86e3-04dd31a62890","type":"Feature","feature_type":"navPathAssocieted","geometry":null,"properties":{"pathNode_id":"f19fca79-f157-4053-8c53-ef1ddae85950","associeted_id":"5bbbe335-3f6f-42cf-864f-cc99d3d15ad6"}},{"id":"c728650b-472e-4de5-83e5-9d7d7464ed80","type":"Feature","feature_type":"navPathAssocieted","geometry":null,"properties":{"pathNode_id":"0742d8ff-c822-4fe6-afd7-99a30204595a","associeted_id":"839793ce-6f20-475a-94ca-b7bc806dbbe0"}},{"id":"4d8954c3-4319-456b-929d-1d5132bf045d","type":"Feature","feature_type":"navPathAssocieted","geometry":null,"properties":{"pathNode_id":"cca4f88c-fd39-4496-a1e7-761c10a30386","associeted_id":"33570275-9ff1-445f-8032-22146273e096"}},{"id":"c9969b24-a4f6-4021-be50-6b93712c34d5","type":"Feature","feature_type":"navPathAssocieted","geometry":null,"properties":{"pathNode_id":"987950e8-666c-4d7f-9d7b-5c68f9c36d1b","associeted_id":"6dfb635c-4ca9-4ba4-aae7-1671ea949d87"}},{"id":"9680a87f-c95a-405b-bb86-039bab9c0e9b","type":"Feature","feature_type":"navPathAssocieted","geometry":null,"properties":{"pathNode_id":"b38eb4e1-f17f-41b2-b9b3-647899d375a6","associeted_id":"7b1e0cac-24c7-42ae-921d-f03b6ab77513"}},{"id":"2790d9ca-7013-48c9-a335-12c73f3b4a45","type":"Feature","feature_type":"navPathAssocieted","geometry":null,"properties":{"pathNode_id":"d3f82863-a9af-41a5-aa38-d49aa2a2d28e","associeted_id":"a9e9be4a-e013-460e-b59f-a5141a9776bc"}},{"id":"b3994d70-97c5-455a-923d-c90a0541760c","type":"Feature","feature_type":"navPathAssocieted","geometry":null,"properties":{"pathNode_id":"195cae37-a97a-4d2c-9dd4-17f0fc50832c","associeted_id":"40a0be76-97a0-468a-b06d-e556b73b4bf9"}},{"id":"5dbe60c9-293e-46a7-bba7-887bb062b023","type":"Feature","feature_type":"navPathAssocieted","geometry":null,"properties":{"pathNode_id":"698d51ec-9ae6-44da-8041-6631d5eec661","associeted_id":"eb9bf9ca-764d-4795-8327-226f9fdf2819"}},{"id":"ad04cff4-62f7-453b-952b-abfa9ace2a3c","type":"Feature","feature_type":"navPathAssocieted","geometry":null,"properties":{"pathNode_id":"85007026-87fc-4568-91df-a91e16765f8c","associeted_id":"45f26e40-084b-4d03-9578-93273e7fde42"}},{"id":"94061a82-14b4-4912-930a-3fd5ed421ab0","type":"Feature","feature_type":"navPathAssocieted","geometry":null,"properties":{"pathNode_id":"e680308a-f411-48b8-bdb3-0621a85a081d","associeted_id":"92582d9a-2708-4a6d-ba7b-3ec50f3a0317"}},{"id":"f103b022-c156-4874-bcc8-f9f72efa67a1","type":"Feature","feature_type":"navPathAssocieted","geometry":null,"properties":{"pathNode_id":"da84d904-da23-44d2-9772-231d5923fd34","associeted_id":"168895ff-be63-4bc8-af1d-22dd77622460"}},{"id":"f7074bf8-d7ab-4106-8501-4753412921a9","type":"Feature","feature_type":"navPathAssocieted","geometry":null,"properties":{"pathNode_id":"6f629e74-7806-46cc-8387-078e3890d5cb","associeted_id":"1d9abecc-14d3-4964-83cb-aa9410657301"}},{"id":"de693a0e-5ab2-484e-9ff2-80960b0e55f4","type":"Feature","feature_type":"navPathAssocieted","geometry":null,"properties":{"pathNode_id":"16b65df8-10f7-4d2e-bed8-0bb07b18bc59","associeted_id":"21e58fd3-2c8c-4743-9149-64f4d9ca04d4"}},{"id":"c7af360e-d42e-47d8-9f5c-a56e3f208d46","type":"Feature","feature_type":"navPathAssocieted","geometry":null,"properties":{"pathNode_id":"d289c579-7391-4b98-aa4b-b53edd0165ab","associeted_id":"272f244b-4586-4fe7-9c37-3e32fe31e086"}},{"id":"7149cc3e-448f-4a5d-acdb-61db99e89352","type":"Feature","feature_type":"navPathAssocieted","geometry":null,"properties":{"pathNode_id":"236ec2bf-9326-4938-9f04-ae307fadd867","associeted_id":"9f8ebb9e-8ae9-4b95-8e89-38a5d0c837cf"}},{"id":"4d2a6b48-0427-4411-ba4f-e35ecfd413ea","type":"Feature","feature_type":"navPathAssocieted","geometry":null,"properties":{"pathNode_id":"23722a3b-025a-4a49-8921-daed8af12785","associeted_id":"e6bad132-cf5b-4178-ade4-86e54ad48265"}},{"id":"62a75a30-0440-4406-82a4-71c2daf9a7e2","type":"Feature","feature_type":"navPathAssocieted","geometry":null,"properties":{"pathNode_id":"0c5ea9cc-bbf9-4645-806d-0f903a50d46b","associeted_id":"8691d95b-5110-4b3b-9822-9fdd184789d9"}},{"id":"df65fb54-06c7-4794-b73f-f7a0d35f43fb","type":"Feature","feature_type":"navPathAssocieted","geometry":null,"properties":{"pathNode_id":"86fd1523-a4b9-4ccc-ad8f-ac7f131e2621","associeted_id":"0fbee1ac-3212-45b8-89dd-f87fa9e74697"}},{"id":"09640689-ff4b-4d9a-9884-09a3dabb4377","type":"Feature","feature_type":"navPathAssocieted","geometry":null,"properties":{"pathNode_id":"e743cef9-7c7b-450c-a320-757c3d0304a2","associeted_id":"70b8ed72-311c-4baa-833c-9d6d69e052d3"}},{"id":"1c72f819-060c-452c-b28d-b142fb93c01a","type":"Feature","feature_type":"navPathAssocieted","geometry":null,"properties":{"pathNode_id":"de65dfe4-354e-4d87-a5c0-72224fbf6367","associeted_id":"4eefbb41-4917-4b66-b368-74277d101526"}},{"id":"2d21de5e-84c4-4e0e-b8eb-b2f67ede7237","type":"Feature","feature_type":"navPathAssocieted","geometry":null,"properties":{"pathNode_id":"f5571e0b-cf62-4cf4-b742-d7378872303f","associeted_id":"27f5df34-a6df-464e-af5c-61cf65a8d896"}},{"id":"cb61033c-5c18-4738-8b9b-3447daf348b7","type":"Feature","feature_type":"navPathAssocieted","geometry":null,"properties":{"pathNode_id":"8c23c912-303f-40b9-b9dc-1b7bc31b2ea7","associeted_id":"a691122f-2117-4f73-b7ff-be7a210cee95"}},{"id":"1f11be4e-54b1-43ea-8bbe-2604e6607994","type":"Feature","feature_type":"navPathAssocieted","geometry":null,"properties":{"pathNode_id":"623ca5fd-907a-4a5f-baf0-910a1bd625c6","associeted_id":"ec4a9ae2-45f0-4905-a0b9-f15396df0803"}},{"id":"7b3d6aeb-6378-491a-8dd0-1f0f7f49d0b4","type":"Feature","feature_type":"navPathAssocieted","geometry":null,"properties":{"pathNode_id":"561a841d-557f-4758-a337-7b9b4221bd7f","associeted_id":"e584787e-e9d2-4dda-b1f6-c194268b43f0"}},{"id":"c787831b-0b66-4f2c-ae1f-e8bc72f98289","type":"Feature","feature_type":"navPathAssocieted","geometry":null,"properties":{"pathNode_id":"346b9d29-c791-4e33-a1de-c4d4fc3387a1","associeted_id":"2c3c53da-215b-484f-8893-5e301510d3ee"}},{"id":"b6b7c840-bab6-4e76-a032-df60686decd2","type":"Feature","feature_type":"navPathAssocieted","geometry":null,"properties":{"pathNode_id":"c6462bd4-689b-4bd7-9394-4a204a41ae0a","associeted_id":"5d955c93-c0c3-43f2-a006-89f7e60b288a"}},{"id":"78a18759-f04f-4d20-bed0-8cfd22fdee6f","type":"Feature","feature_type":"navPathAssocieted","geometry":null,"properties":{"pathNode_id":"c31bc847-7cf6-480d-8cf7-f6a6256118a5","associeted_id":"fbc8dd4f-3069-4f66-9fc0-cd712b7cf19b"}},{"id":"1819be3c-8937-412a-b469-bfd54651491a","type":"Feature","feature_type":"navPathAssocieted","geometry":null,"properties":{"pathNode_id":"56d62d31-5b7c-43da-8bb8-0f2daff16586","associeted_id":"ad90dcac-bb8d-4ef3-81fd-76197b41e1b7"}},{"id":"a2ac76d4-79b6-48d5-9d41-7e0ceb9ce9b8","type":"Feature","feature_type":"navPathAssocieted","geometry":null,"properties":{"pathNode_id":"07822dfb-0ecb-4fac-9055-bcc4e607c3a5","associeted_id":"045ae6f8-977d-42a9-8f78-eaea96f90de5"}},{"id":"6de0277b-9223-4168-b524-8fc4b4644480","type":"Feature","feature_type":"navPathAssocieted","geometry":null,"properties":{"pathNode_id":"2ad788a6-75ea-45c7-99e8-bd9e503a3aa6","associeted_id":"18a9f646-338a-40e8-96ee-cf478abdc6a2"}},{"id":"52e5b696-c811-4f54-af58-a412c10d7d5c","type":"Feature","feature_type":"navPathAssocieted","geometry":null,"properties":{"pathNode_id":"cbe94fc6-f0f9-4890-a677-22bf8d32b5fc","associeted_id":"6c12f343-3469-4dce-8da3-ed17a964193d"}},{"id":"464662b8-b227-4f9d-8e49-c0aada263b1e","type":"Feature","feature_type":"navPathAssocieted","geometry":null,"properties":{"pathNode_id":"3a44f2db-8fb4-46df-b93b-70fbae5916e7","associeted_id":"b8c8267a-96dc-45d6-bde6-5ba75c2f4daf"}},{"id":"54642f4f-32d3-4248-9f30-fd356100397a","type":"Feature","feature_type":"navPathAssocieted","geometry":null,"properties":{"pathNode_id":"e757d717-cbf1-4845-8916-436841fefa51","associeted_id":"359ea1d0-df90-4f36-a40b-5f0e41812b9f"}},{"id":"b32e131b-1ab5-448c-9a30-1f6b6a873a05","type":"Feature","feature_type":"navPathAssocieted","geometry":null,"properties":{"pathNode_id":"cc5ee31e-a0a1-4c4f-b67b-7de49d20dc9c","associeted_id":"5295a603-63b7-458b-9f9d-4d6a08198eae"}},{"id":"5b77ebcf-ed10-4477-b670-c835c888ddc4","type":"Feature","feature_type":"navPathAssocieted","geometry":null,"properties":{"pathNode_id":"15ff1af8-f0d6-4c82-b2b3-81f841978a78","associeted_id":"9ad805e5-2571-467b-976a-7041db5b5020"}},{"id":"ec00f054-ca28-42b9-93f4-85ba3724717a","type":"Feature","feature_type":"navPathAssocieted","geometry":null,"properties":{"pathNode_id":"57bb546c-ed82-463e-b64a-ed74fb65728d","associeted_id":"6a3622d9-629c-4f94-9e4a-ba259356e451"}},{"id":"3562e849-8ece-4e55-a72a-37eec07dd8d9","type":"Feature","feature_type":"navPathAssocieted","geometry":null,"properties":{"pathNode_id":"38b77471-b65e-4b66-a063-f710557bfc58","associeted_id":"20b8fa09-b242-42e6-9243-6767e1a36156"}},{"id":"c36b8bf5-0a4d-407a-a555-40f91fa77aa5","type":"Feature","feature_type":"navPathAssocieted","geometry":null,"properties":{"pathNode_id":"2c7c99a1-9192-411b-869b-d4e55e51f245","associeted_id":"0bf9edf9-09cd-4a8d-8681-2de17b924a4a"}},{"id":"1bc9c4b4-4697-4858-a0f6-33d1b0182441","type":"Feature","feature_type":"navPathAssocieted","geometry":null,"properties":{"pathNode_id":"7333e75e-783a-4a2c-99c0-23ac5d204661","associeted_id":"eb76dbf7-9274-4207-8d9e-b5728b3695db"}},{"id":"2887e9de-7169-47ee-95f7-bf707eda8d0d","type":"Feature","feature_type":"navPathAssocieted","geometry":null,"properties":{"pathNode_id":"143593e9-cc09-435f-8b5e-5a7758b4cf3e","associeted_id":"b7e5964e-4c53-44fe-afe9-501a5a379345"}},{"id":"eebdf5b7-e86a-4fe3-be91-fff1dd6c7a1c","type":"Feature","feature_type":"navPathAssocieted","geometry":null,"properties":{"pathNode_id":"1d44210c-f891-4072-a03e-997dea994725","associeted_id":"46fad214-8767-4519-91d5-5734a9576a86"}},{"id":"db90ed84-7c1a-4f64-ac2d-a6c8c2b1ee9e","type":"Feature","feature_type":"navPathAssocieted","geometry":null,"properties":{"pathNode_id":"fe0f5f3e-72e9-4a82-891d-2f98c21271b8","associeted_id":"fff088c3-50ae-4d88-9176-b198435762ad"}},{"id":"9963b09e-b1e3-4533-9151-9b75c87ba801","type":"Feature","feature_type":"navPathAssocieted","geometry":null,"properties":{"pathNode_id":"7d0df8fd-65ed-44d9-8946-f031913729a7","associeted_id":"8ee4abac-f5fa-4583-af8a-ce2e4483de9a"}},{"id":"05f524f4-92d3-40cc-8171-2de932a18298","type":"Feature","feature_type":"navPathAssocieted","geometry":null,"properties":{"pathNode_id":"a1c098ad-3f82-4704-8929-7f66b21dc5a2","associeted_id":"b1b160c8-7e1f-4c2f-bc30-ce330080ad10"}},{"id":"fae976bf-2c43-4aad-bfa7-c442f73ceaf4","type":"Feature","feature_type":"navPathAssocieted","geometry":null,"properties":{"pathNode_id":"9311ded1-fe80-48ef-b213-3c18fcb31558","associeted_id":"69477cfe-0801-4eb4-8075-f2a8abad7c61"}},{"id":"3d8083a6-88f9-4859-b62e-24c3aea1aaec","type":"Feature","feature_type":"navPathAssocieted","geometry":null,"properties":{"pathNode_id":"3f0451fa-2423-4b68-96b4-613f76681547","associeted_id":"fa52b367-28fc-4df7-a920-b604f65eb414"}},{"id":"8e1e3221-4790-40b0-930b-a6655700a66b","type":"Feature","feature_type":"navPathAssocieted","geometry":null,"properties":{"pathNode_id":"26629ead-115a-4489-8023-12eff073b084","associeted_id":"b9c56049-db3e-425b-857b-40f4eb2c5796"}},{"id":"c009b527-0820-4969-b4c1-498155905e67","type":"Feature","feature_type":"navPathAssocieted","geometry":null,"properties":{"pathNode_id":"0d8f28ae-1f10-4e63-a5ef-28c0e5718a93","associeted_id":"8585174f-2c5e-4bf8-809b-676de627bd79"}},{"id":"f07d5217-2be3-4266-acf1-ae0a3d2f0816","type":"Feature","feature_type":"navPathAssocieted","geometry":null,"properties":{"pathNode_id":"1e666ce1-9fa4-4b32-80ef-45f06b0006f2","associeted_id":"960757a4-7e42-4f94-99c5-2095d5cfed89"}},{"id":"c6b20e8c-36cb-4c97-8ed8-93d0b7471ee3","type":"Feature","feature_type":"navPathAssocieted","geometry":null,"properties":{"pathNode_id":"56830d4b-e30c-4428-b723-a3b40ab2d16d","associeted_id":"cf389605-ecba-435e-85c0-48b24d0ce860"}},{"id":"0f5745aa-face-4d52-874a-548a45e80e32","type":"Feature","feature_type":"navPathAssocieted","geometry":null,"properties":{"pathNode_id":"49b02cff-3f49-48a2-868c-ceaff93e65ba","associeted_id":"e9f4cf83-73e9-4f99-9d25-a9cf1907066d"}},{"id":"aa505155-8e0a-44c8-9a0d-423affe0cce2","type":"Feature","feature_type":"navPathAssocieted","geometry":null,"properties":{"pathNode_id":"7dd9f8ed-66fe-43c6-b9e7-1c575517ecc7","associeted_id":"42294837-f4d2-4db6-bfa7-0dfdf67e6c64"}},{"id":"4d8cc53f-29f1-4ff4-963b-8c43ea70552d","type":"Feature","feature_type":"navPathAssocieted","geometry":null,"properties":{"pathNode_id":"8a3511c9-c6cc-449d-be79-628780a9fdd2","associeted_id":"f66f6e94-3aca-424d-a535-9383f37cb7c0"}},{"id":"aa8760f0-6b75-495c-9f74-380371e1b1ee","type":"Feature","feature_type":"navPathAssocieted","geometry":null,"properties":{"pathNode_id":"dbb1ecde-93a4-4fc2-b6e9-2b277e9edb1f","associeted_id":"6a183d8f-61fb-4b33-a9dc-910fd3dc7ae6"}},{"id":"7bead97f-3fb5-4cd6-8993-9348576d5563","type":"Feature","feature_type":"navPathAssocieted","geometry":null,"properties":{"pathNode_id":"3b2ecdcd-e1ff-4767-9c25-c016ef2a78b2","associeted_id":"347eadff-c600-486e-965f-405a3c4d9358"}},{"id":"56fbd78f-a2da-4eda-9618-49d41a22ecaf","type":"Feature","feature_type":"navPathAssocieted","geometry":null,"properties":{"pathNode_id":"5842420e-49e6-4643-b000-d4b890326135","associeted_id":"dca03a07-207e-413f-b5e9-5b6319cf1a89"}},{"id":"f956e9ec-dfdb-4e6a-9cd4-1c28a2358fd1","type":"Feature","feature_type":"navPathAssocieted","geometry":null,"properties":{"pathNode_id":"8b184c89-77a6-438d-8eff-b1f21c9c6653","associeted_id":"056ee642-5cfb-49a7-9a8f-ba9d098b2048"}},{"id":"7556b5ac-ac1e-416c-8427-61f21d763714","type":"Feature","feature_type":"navPathAssocieted","geometry":null,"properties":{"pathNode_id":"4d763b5e-afb1-4cb7-bbb3-5c5c1d3440c7","associeted_id":"3e175d9f-f693-4d57-903b-73a4974b1c31"}},{"id":"bc99bfa8-ac67-4156-bfc2-409586f03b6f","type":"Feature","feature_type":"navPathAssocieted","geometry":null,"properties":{"pathNode_id":"52d3ca3f-2df7-4e6c-b0f4-c1004a0b2903","associeted_id":"c7cdd703-c5ba-4387-a435-ab5d063ccb56"}},{"id":"e18956e4-ef94-48ee-9aa1-4029389e9db0","type":"Feature","feature_type":"navPathAssocieted","geometry":null,"properties":{"pathNode_id":"47a7a9ac-f3cc-4c68-9035-68a10bc80ad3","associeted_id":"46d4df30-24ae-40d9-85bd-c6f56ed82e96"}},{"id":"08b69ec0-5ce9-49d3-a7c9-8d5505819410","type":"Feature","feature_type":"navPathAssocieted","geometry":null,"properties":{"pathNode_id":"295104b5-07c3-499d-903c-5992faa2adf5","associeted_id":"fa52b367-28fc-4df7-a920-b604f65eb414"}},{"id":"0f374cd5-edf1-41e7-891c-d0a43163c935","type":"Feature","feature_type":"navPathAssocieted","geometry":null,"properties":{"pathNode_id":"0689ea23-bf95-4e0e-858c-6941da601ccc","associeted_id":"c5c5aaae-121c-453b-a013-7f2551ce8f6c"}},{"id":"8ee15b7a-9dbf-4beb-896f-9f4952e411a6","type":"Feature","feature_type":"navPathAssocieted","geometry":null,"properties":{"pathNode_id":"9237bee4-9439-4f99-aa43-eef59da34334","associeted_id":"687d0ace-4802-4f37-8b34-85cc21b2a658"}},{"id":"a815dc9a-91c5-4679-9ce1-4718a24fc49e","type":"Feature","feature_type":"navPathAssocieted","geometry":null,"properties":{"pathNode_id":"ffaa6cef-effe-47a2-94c9-abf821b8e7ea","associeted_id":"b1374bd9-cc89-4126-a965-8ac67f32e65b"}},{"id":"4fcf1c71-c47f-4784-884d-b49401b28baf","type":"Feature","feature_type":"navPathAssocieted","geometry":null,"properties":{"pathNode_id":"d8c62af5-0813-476b-986e-9b2e8359412b","associeted_id":"b1374bd9-cc89-4126-a965-8ac67f32e65b"}},{"id":"24b90803-3db4-4c2c-9b24-0d9e81098205","type":"Feature","feature_type":"navPathAssocieted","geometry":null,"properties":{"pathNode_id":"94b1baac-cfde-4db7-bc21-1b4fe642964b","associeted_id":"05cf84b6-d404-4229-9568-9985cc945b55"}},{"id":"a9bf52f2-886e-428b-9767-eb58ef07cf4c","type":"Feature","feature_type":"navPathAssocieted","geometry":null,"properties":{"pathNode_id":"165f2162-6b68-4f70-9426-dc8cc8336bbd","associeted_id":"00002303-756f-4d8d-b09e-802580bba38a"}},{"id":"6ae680a4-50cd-46e0-ad92-064462d10c4c","type":"Feature","feature_type":"navPathAssocieted","geometry":null,"properties":{"pathNode_id":"257b7aa8-eec4-4d21-bb9a-80752e3505d6","associeted_id":"9770f286-65ae-451c-85c4-e057725df4b1"}},{"id":"04928ee4-f0ab-4752-9396-3b92bf1b7de4","type":"Feature","feature_type":"navPathAssocieted","geometry":null,"properties":{"pathNode_id":"658ea468-345e-4cf0-8249-32b6ef39fe6f","associeted_id":"2f826dd2-9f47-4a4e-8d45-0b4dda57c56f"}},{"id":"1333b024-98ae-472a-8849-fee901400566","type":"Feature","feature_type":"navPathAssocieted","geometry":null,"properties":{"pathNode_id":"36aadc1c-5d08-4fe0-8fd8-10957fefa844","associeted_id":"ec640487-29bc-4aff-a1b8-acd4f1f93737"}},{"id":"a8668612-884a-4e1b-9147-921adf2efcaa","type":"Feature","feature_type":"navPathAssocieted","geometry":null,"properties":{"pathNode_id":"8f2344ed-6739-4148-94b7-45528559e99a","associeted_id":"ca51cff5-0978-47b3-9411-d96962eb7405"}},{"id":"c3becdaa-812f-47ca-bd91-c64eec3fc584","type":"Feature","feature_type":"navPathAssocieted","geometry":null,"properties":{"pathNode_id":"8bbc9f01-2424-4b29-81c4-e06915479e6c","associeted_id":"97d32e6b-5927-4a2b-bcf4-f1121968b9cd"}},{"id":"2737d19c-ea8e-4aa8-b94d-b7bc372809f9","type":"Feature","feature_type":"navPathAssocieted","geometry":null,"properties":{"pathNode_id":"23829f97-4395-4156-9328-49750131eadd","associeted_id":"27b3085b-e1bf-4586-a0cf-264fdce8a86d"}},{"id":"b0aa8264-0097-45aa-9757-04d08a267122","type":"Feature","feature_type":"navPathAssocieted","geometry":null,"properties":{"pathNode_id":"728218b5-113f-4c95-a652-622680f009a1","associeted_id":"a35bead3-6151-4bc5-8b10-75ef9ff76dcd"}},{"id":"82e44d8e-4581-4bd2-b4f1-632bdb7dd71d","type":"Feature","feature_type":"navPathAssocieted","geometry":null,"properties":{"pathNode_id":"731da7b4-56e1-48c7-a001-c477e347e527","associeted_id":"5cd5cb9f-784e-4265-8f0d-b4b72888132c"}},{"id":"b96bf360-6581-4ca6-8ffe-233b0e673b71","type":"Feature","feature_type":"navPathAssocieted","geometry":null,"properties":{"pathNode_id":"780b20bf-e976-48bb-ab88-1a043813e605","associeted_id":"78eb9297-b5c9-4822-b7f0-65504c198549"}},{"id":"5d98dc65-8250-4428-8f49-fdb0daffcb2d","type":"Feature","feature_type":"navPathAssocieted","geometry":null,"properties":{"pathNode_id":"277d7841-5375-4b81-a360-dea9de450c41","associeted_id":"7049203c-8d49-4674-90fd-623418ed99dc"}},{"id":"f588a905-ed90-4067-99af-5f1e32a1e403","type":"Feature","feature_type":"navPathAssocieted","geometry":null,"properties":{"pathNode_id":"428a7bce-dd8c-486c-92da-78e21a97c3d8","associeted_id":"2d7f4038-ec85-45c8-8f90-ca29d8d140b7"}},{"id":"d0529cfa-3f2c-4509-924c-e5599bd7639a","type":"Feature","feature_type":"navPathAssocieted","geometry":null,"properties":{"pathNode_id":"ec7a1894-6145-42ae-895b-3a140fb71612","associeted_id":"1267aa30-9420-4799-b19c-c5dfae39a020"}},{"id":"a25b7bbe-d636-4fcf-8d10-21fa3ba28cd8","type":"Feature","feature_type":"navPathAssocieted","geometry":null,"properties":{"pathNode_id":"0fae60ea-89ce-4735-b4c0-7436183f15c4","associeted_id":"7a0c9f07-d2d4-4790-b7f7-f116fa257d2f"}},{"id":"809a984a-2546-4adb-bac3-61bbf6712d1b","type":"Feature","feature_type":"navPathAssocieted","geometry":null,"properties":{"pathNode_id":"e1fd9f85-96ea-44c2-9ce4-aea42a23f4c0","associeted_id":"9915bdb2-c980-4145-951c-7366e8beb73f"}},{"id":"5e4927e9-399d-4f65-bc1e-f8c0c6221517","type":"Feature","feature_type":"navPathAssocieted","geometry":null,"properties":{"pathNode_id":"474d38c8-6051-4433-95fe-eb399bee82a2","associeted_id":"bb33e53f-9851-432d-ab88-277cb7b04487"}},{"id":"8e857e12-1a86-433c-bca3-68f332d18a81","type":"Feature","feature_type":"navPathAssocieted","geometry":null,"properties":{"pathNode_id":"3e579a17-b565-444b-8970-dbe441a00a0c","associeted_id":"de694d52-749a-47ec-b9cf-d2d7be7d0128"}},{"id":"99e097cb-2897-4243-9cc6-ad184952b329","type":"Feature","feature_type":"navPathAssocieted","geometry":null,"properties":{"pathNode_id":"32cf29b4-7214-4250-896f-ecfca8259d8b","associeted_id":"91a963f2-2f08-4f52-8cc0-e921d0bb67d5"}},{"id":"4ff5b0b3-b14e-475f-9001-5ba9acdf7c92","type":"Feature","feature_type":"navPathAssocieted","geometry":null,"properties":{"pathNode_id":"a2fb2978-ed63-48e4-94cc-1b8fccfcc58a","associeted_id":"2b6d7065-99cb-4c23-ba2b-a80122405c10"}},{"id":"ae38c026-060d-476f-b654-e4f24fcbc7d0","type":"Feature","feature_type":"navPathAssocieted","geometry":null,"properties":{"pathNode_id":"a479a659-8416-4224-b892-6bcd89aa3314","associeted_id":"e2b597b0-f5f3-4f82-98ec-bb3393f17ac3"}},{"id":"2beaa0c0-3ca6-4cfe-9402-6289b33ef7ec","type":"Feature","feature_type":"navPathAssocieted","geometry":null,"properties":{"pathNode_id":"8753077f-e727-4a5c-b94b-7cacc3ec9c8d","associeted_id":"3a0ba68f-10ef-424d-bcfa-d50f5ef89edd"}},{"id":"37058291-ee04-4b6b-a287-bc62941b342f","type":"Feature","feature_type":"navPathAssocieted","geometry":null,"properties":{"pathNode_id":"27ebe287-ab03-47d3-8f2c-4d698fed34f8","associeted_id":"f5ed8321-ab7a-4f47-885e-bdbdc109d1d2"}},{"id":"495ecb31-45ce-4033-aa7f-ee60c90293d0","type":"Feature","feature_type":"navPathAssocieted","geometry":null,"properties":{"pathNode_id":"008412b7-0dfb-4ed1-862e-d2fd713dbd35","associeted_id":"f64d6e5e-c3e7-44b5-b20a-31b05aa3f1ef"}},{"id":"45848f67-8aaf-4848-9e43-d7467220dce3","type":"Feature","feature_type":"navPathAssocieted","geometry":null,"properties":{"pathNode_id":"0c1df93a-c446-4f59-964c-bf609c3eff94","associeted_id":"e874eb85-26f5-424d-9711-f3c0d10ae0c7"}},{"id":"607866f5-88ad-4679-acf5-7824b04a1354","type":"Feature","feature_type":"navPathAssocieted","geometry":null,"properties":{"pathNode_id":"0f68778f-4a9b-4b83-9f2c-2e111714c427","associeted_id":"cf5edc81-f7de-4b06-9d42-6dfc78044233"}},{"id":"aed1866f-128e-4033-82f9-84d32d7d41ea","type":"Feature","feature_type":"navPathAssocieted","geometry":null,"properties":{"pathNode_id":"a26bb413-2659-48e5-b12e-05b0823cfb50","associeted_id":"7d73b184-bb7a-4415-8b57-6cbcf8a1cc4b"}},{"id":"8d764df6-4a75-4bb4-af62-626ccc67ed13","type":"Feature","feature_type":"navPathAssocieted","geometry":null,"properties":{"pathNode_id":"0bfe6498-454c-4665-8cc7-d3e0f8c3d001","associeted_id":"dd559934-a81b-475c-9494-1e28930540e5"}},{"id":"77f5d682-3cae-43e8-9514-9e2d8b834885","type":"Feature","feature_type":"navPathAssocieted","geometry":null,"properties":{"pathNode_id":"c088b6cf-43da-4673-ab9a-13178a96dbb3","associeted_id":"6db88a61-154b-46a7-ba48-b4497c295f94"}},{"id":"2f1e03a8-42bb-47e0-9ef2-aaf04e0fb0b3","type":"Feature","feature_type":"navPathAssocieted","geometry":null,"properties":{"pathNode_id":"0526b506-bfa2-41c0-b460-1f9c57ad9619","associeted_id":"0b480d1d-4b06-4c5c-a3a5-02d725e5b8c2"}},{"id":"a1f388fa-43ea-4eb1-8542-d0eb48c1a397","type":"Feature","feature_type":"navPathAssocieted","geometry":null,"properties":{"pathNode_id":"2a3beebd-d558-46d3-893f-c607a7e99101","associeted_id":"0256cc3d-c4dd-499a-a919-e9cd3dedf2c6"}},{"id":"0a0cac70-b2fc-4468-863f-4c48ace7025f","type":"Feature","feature_type":"navPathAssocieted","geometry":null,"properties":{"pathNode_id":"2d84b0aa-a95d-465a-8f8e-65672ed45daa","associeted_id":"004db34b-8175-4a09-851d-8285bcc0fecb"}},{"id":"d205af5b-68dd-4df8-92af-c11555c9910d","type":"Feature","feature_type":"navPathAssocieted","geometry":null,"properties":{"pathNode_id":"2762c885-08ac-4dbe-8701-df62238750d6","associeted_id":"6e8621a4-592b-4eb1-a475-280c54479e53"}},{"id":"d94cbcaf-2333-4432-bb43-96cb437170b7","type":"Feature","feature_type":"navPathAssocieted","geometry":null,"properties":{"pathNode_id":"cd2b308b-cbb9-4233-b5a5-938e4a687d19","associeted_id":"8b509153-5461-4655-90fc-612f1d93311a"}},{"id":"d27500c2-723d-4614-bfe2-a125c2e46a72","type":"Feature","feature_type":"navPathAssocieted","geometry":null,"properties":{"pathNode_id":"2c1e66da-fa26-4b65-a797-457da1cab49f","associeted_id":"f9eab441-bf52-4e92-a9f2-5529881566fc"}},{"id":"d783a1e0-d98a-42a7-9426-7a4eaeba920c","type":"Feature","feature_type":"navPathAssocieted","geometry":null,"properties":{"pathNode_id":"0bfbaac4-68f0-4401-b32e-d90f6256069e","associeted_id":"ff27db95-65be-442d-8524-980b45fcb484"}},{"id":"cac98c8c-b6f2-41e0-b94d-a85ffb4000f7","type":"Feature","feature_type":"navPathAssocieted","geometry":null,"properties":{"pathNode_id":"0360140a-a336-4b69-9a66-af9c5fa459ea","associeted_id":"c6dfd895-5f05-4d1d-ae30-855e8630e321"}},{"id":"25d7937a-7f75-46f7-bbb5-4c0f43d609bd","type":"Feature","feature_type":"navPathAssocieted","geometry":null,"properties":{"pathNode_id":"a4cfd7b3-65bd-4990-b0cd-d2356d7aa75e","associeted_id":"49ae20da-b9fb-4166-b246-b15cd2514950"}},{"id":"bbc11c66-df60-45e4-a045-2f41849a436a","type":"Feature","feature_type":"navPathAssocieted","geometry":null,"properties":{"pathNode_id":"6dde5dd2-bd0b-431d-bf09-97b5395ca315","associeted_id":"e302bf54-c3f0-49b6-9f87-f7481e52c1d6"}},{"id":"a321491f-6ac3-40e4-a346-0b7d8d277c82","type":"Feature","feature_type":"navPathAssocieted","geometry":null,"properties":{"pathNode_id":"c4cef7e1-79fc-46cc-af74-e7172e2afe81","associeted_id":"2106e919-2fd8-4ab7-9d72-119ad6053723"}},{"id":"81bf8673-8839-47c7-8500-4bd6d275f85a","type":"Feature","feature_type":"navPathAssocieted","geometry":null,"properties":{"pathNode_id":"5411fdad-3dd7-4fb3-a4c5-fe5e55d61d92","associeted_id":"08d6cf1d-a625-404d-868d-e177c076641b"}},{"id":"363e6f78-0d00-4ab1-b9e0-e26df8326af8","type":"Feature","feature_type":"navPathAssocieted","geometry":null,"properties":{"pathNode_id":"28701d87-52e0-4fca-9caa-9f767e6f4f5b","associeted_id":"f39928d9-6ea2-46f6-a297-da3b459e8c05"}},{"id":"6b200f66-117e-4812-8729-f22661f49cbd","type":"Feature","feature_type":"navPathAssocieted","geometry":null,"properties":{"pathNode_id":"80f2c0c3-4140-459b-9e8a-0ef148bb1039","associeted_id":"5e5b4f1b-532d-4c1f-a982-97bb501f8d22"}},{"id":"06b7a013-c28b-42bd-acaf-430523111a17","type":"Feature","feature_type":"navPathAssocieted","geometry":null,"properties":{"pathNode_id":"4ba8fcd9-8d53-4bd9-b6a3-8f52dde2c145","associeted_id":"7fdc844b-afb1-4e61-a176-7a755d886d8b"}},{"id":"0e68b6b7-0221-4ea7-8a2b-741d86c1ab23","type":"Feature","feature_type":"navPathAssocieted","geometry":null,"properties":{"pathNode_id":"8e3f8689-983a-4432-b0f4-5288b740ef6b","associeted_id":"c9bb2d3e-3f06-4532-8288-1fc9abe8c857"}},{"id":"575c105e-f43b-471d-bfb3-1787507b3d0a","type":"Feature","feature_type":"navPathAssocieted","geometry":null,"properties":{"pathNode_id":"e62c71ae-d6b2-44bc-88e3-7d421d6b5f44","associeted_id":"d534a520-9abd-4bf6-9263-8cc88de7ade8"}},{"id":"b39ffa42-4a5b-498b-aed5-1458021f0654","type":"Feature","feature_type":"navPathAssocieted","geometry":null,"properties":{"pathNode_id":"54db53dc-3944-42ae-8301-5f3d094d15ed","associeted_id":"0fe937e9-32c1-45b5-a8fc-0875ad7eb6b3"}},{"id":"c1a0b574-f897-413e-8427-f1579bc3d71b","type":"Feature","feature_type":"navPathAssocieted","geometry":null,"properties":{"pathNode_id":"be50620c-65c0-426e-a384-ebc4dcb9fd27","associeted_id":"47bee119-6d4b-4b5b-a135-1d4b7288a0cd"}},{"id":"cdb2fffb-95c4-4d6f-b03e-501a5d7fca76","type":"Feature","feature_type":"navPathAssocieted","geometry":null,"properties":{"pathNode_id":"80c4158a-f645-451e-9ef2-0739fda15771","associeted_id":"408846fd-30b7-4acf-8738-82108f4ce02d"}},{"id":"2c6a48cb-ebf9-4d1b-8a3b-08c4e58c4f0e","type":"Feature","feature_type":"navPathAssocieted","geometry":null,"properties":{"pathNode_id":"69ebe938-e2e7-4b6d-b54e-47ec6286487a","associeted_id":"bc889654-92c9-494f-9bd3-8e61179cd454"}},{"id":"70224af2-3a03-47fc-9d26-2fcfa5b013c6","type":"Feature","feature_type":"navPathAssocieted","geometry":null,"properties":{"pathNode_id":"66d909bc-dcb1-4dc4-9f06-c05b7c45335b","associeted_id":"da49161b-fe10-4a1e-8680-26206ff70408"}},{"id":"ccabc88e-93c6-4ee5-b0a6-d630701600cd","type":"Feature","feature_type":"navPathAssocieted","geometry":null,"properties":{"pathNode_id":"62b36981-3f29-4a18-9979-ba14e38bdf93","associeted_id":"61deaaf3-b871-40ef-86db-a3e121902f3b"}},{"id":"dff71726-6710-4d63-93ef-741af50b2e2d","type":"Feature","feature_type":"navPathAssocieted","geometry":null,"properties":{"pathNode_id":"6daaab32-5efc-42af-8ea8-10641ed399bc","associeted_id":"20866534-b95c-41ac-bc41-5ac0a0ae12b2"}},{"id":"ea14211a-2ddb-453b-97df-34ad16b9ff7f","type":"Feature","feature_type":"navPathAssocieted","geometry":null,"properties":{"pathNode_id":"f869c554-52a3-40b8-947f-4152f2b9600a","associeted_id":"f0c006b0-01b1-4ea1-bd3b-90e5d996dab6"}},{"id":"ca71f4e1-f056-4ad4-b016-a5f254ec70e0","type":"Feature","feature_type":"navPathAssocieted","geometry":null,"properties":{"pathNode_id":"2892dfef-058d-4c24-a2c4-242334d1e3ae","associeted_id":"20cdab75-1de6-42ca-abd7-42f68e17dcbc"}},{"id":"40ef08bf-55ea-4f28-9a17-66c694d14495","type":"Feature","feature_type":"navPathAssocieted","geometry":null,"properties":{"pathNode_id":"6fcf0a70-b0cf-4dd3-8538-ec26ce801488","associeted_id":"25e5d9da-cfb6-44a8-9187-f237e56e88a2"}},{"id":"9272c9a5-e059-4b08-bc1d-8aa68d5fc91d","type":"Feature","feature_type":"navPathAssocieted","geometry":null,"properties":{"pathNode_id":"d2039bda-925d-4bb4-9765-03ffb618b368","associeted_id":"502c19b7-5bc6-4950-8a61-47104297d675"}},{"id":"e2efd402-552d-406a-81af-c22bc0b311f9","type":"Feature","feature_type":"navPathAssocieted","geometry":null,"properties":{"pathNode_id":"2755be4e-e0a1-4b27-8f17-0d12242aa6fc","associeted_id":"be6d3766-ffe0-4029-9834-b719cf72e9aa"}},{"id":"e03a87e5-b76e-45ae-92e7-32d9a0fa4554","type":"Feature","feature_type":"navPathAssocieted","geometry":null,"properties":{"pathNode_id":"475a6263-f51e-4004-ab00-45221a5ccf5a","associeted_id":"1355d2dc-d6ad-4ff2-9a58-7d11e1ae1046"}},{"id":"a98a79b2-f4ee-4cf6-893d-2b5bfc7a5629","type":"Feature","feature_type":"navPathAssocieted","geometry":null,"properties":{"pathNode_id":"e7b953e3-658b-49e0-b7a4-cc32d0cf9fa1","associeted_id":"30641122-f0ad-44f3-a06a-de35479e31e7"}},{"id":"c31cd148-8f5a-44d0-87af-be4a74e3a088","type":"Feature","feature_type":"navPathAssocieted","geometry":null,"properties":{"pathNode_id":"c7d53dda-047c-414c-bc8e-936c8a8d9ca2","associeted_id":"470f0083-456e-459e-a761-0d1f51a9b3fd"}},{"id":"7a46f810-b2ff-4272-9b4c-78c43a29a219","type":"Feature","feature_type":"navPathAssocieted","geometry":null,"properties":{"pathNode_id":"14a8f997-34e6-4bcf-8554-1a37d5dbcce8","associeted_id":"f19cca3c-069a-4f34-8416-d4a8429b7e4c"}},{"id":"894a8a84-41bc-4081-bad8-c62eacb80aac","type":"Feature","feature_type":"navPathAssocieted","geometry":null,"properties":{"pathNode_id":"3a2156dd-aaa3-4665-850c-77e4b77e8c29","associeted_id":"58ad5c41-4782-4cfe-a86c-8578ba43de7e"}},{"id":"d32799c7-3a17-4233-8f87-f4cfb953eb0e","type":"Feature","feature_type":"navPathAssocieted","geometry":null,"properties":{"pathNode_id":"5c8c056f-3ded-4006-973e-52869dace931","associeted_id":"63c31ef7-ad57-40dd-8045-74f9add48d61"}},{"id":"bd475b4c-50fd-4b4d-9bd4-e5945a848399","type":"Feature","feature_type":"navPathAssocieted","geometry":null,"properties":{"pathNode_id":"63d8b67b-1d5c-4aa8-9e9e-9320a719986c","associeted_id":"a5c39edd-66e7-43a0-83b5-a99ccbd70100"}},{"id":"2463e42e-41e0-4e60-8f59-2dc6fb4b797c","type":"Feature","feature_type":"navPathAssocieted","geometry":null,"properties":{"pathNode_id":"63cb0795-180d-4ba0-ad4d-336282c6b64f","associeted_id":"690a01c0-7986-401c-b94e-4da6bbe3279a"}},{"id":"6ebb4258-ec1c-4adc-b399-a44b41c82994","type":"Feature","feature_type":"navPathAssocieted","geometry":null,"properties":{"pathNode_id":"5ce0d914-2bbc-40ec-bcb1-511f44999b6b","associeted_id":"2ee1d11b-0cb2-4261-9e73-4e350c5d5749"}},{"id":"8265e0e2-f68d-46b9-9dc8-6cdcba0fb02d","type":"Feature","feature_type":"navPathAssocieted","geometry":null,"properties":{"pathNode_id":"317f2b6b-1a8f-468c-b938-b385aa5106cb","associeted_id":"a4186bdd-e20c-40d2-949a-2819be8d3ee3"}},{"id":"addc07b8-c9fd-4af8-82c2-46ac35048d92","type":"Feature","feature_type":"navPathAssocieted","geometry":null,"properties":{"pathNode_id":"e1bd7362-95f5-48fc-bd19-4560e45ece8a","associeted_id":"7b4e0e93-15bc-4fc8-99ac-c313542e9153"}},{"id":"9326eb23-aa37-4dbf-adf0-cb36ec498075","type":"Feature","feature_type":"navPathAssocieted","geometry":null,"properties":{"pathNode_id":"d979a3f6-c82a-4453-8a0e-0f6fc017ac4b","associeted_id":"f6a32031-8412-4f28-bedf-833a46a0a0d4"}},{"id":"8a713ed0-011d-4154-ab37-1a56e6592d66","type":"Feature","feature_type":"navPathAssocieted","geometry":null,"properties":{"pathNode_id":"ab905452-9548-4fb8-b765-5ad9fe443be8","associeted_id":"b84892f4-d833-4d09-a4e4-7c19db087e49"}},{"id":"866aa9b9-dccc-453e-a167-0507488ea48d","type":"Feature","feature_type":"navPathAssocieted","geometry":null,"properties":{"pathNode_id":"6c9ac2a9-f6d8-4c31-a786-4f76ecaf1dd6","associeted_id":"29597b9b-1f3a-4743-89d2-c4764dd2c0f6"}},{"id":"fb6245f7-d816-4c65-92e9-2c22a6ffedc3","type":"Feature","feature_type":"navPathAssocieted","geometry":null,"properties":{"pathNode_id":"75024b09-794c-4049-9762-89fc29a1caaf","associeted_id":"529d6143-981c-47f6-a65b-d6940a6c9454"}},{"id":"8abed139-3567-4146-a757-6bd1d070ad61","type":"Feature","feature_type":"navPathAssocieted","geometry":null,"properties":{"pathNode_id":"99923cd9-bad0-4086-aee1-66d092b4a3e9","associeted_id":"397d57ba-0bd4-4004-ab21-eb741184c15a"}},{"id":"0514bc6b-4fa9-4453-8083-4f3c34f0c589","type":"Feature","feature_type":"navPathAssocieted","geometry":null,"properties":{"pathNode_id":"93e355a5-c1ec-4c68-9f34-43d0b8cdab0a","associeted_id":"b6600fd5-0a4f-4bd5-af03-60d57369a6b2"}},{"id":"d8698ab8-cdd6-4c54-b875-d5a96ef71654","type":"Feature","feature_type":"navPathAssocieted","geometry":null,"properties":{"pathNode_id":"cef9338c-3a7a-47cc-b90f-87c71ea1f1bd","associeted_id":"59bc7170-ad68-44e4-b38d-4a0656d329d8"}},{"id":"3d78874b-af7c-4705-9a36-4d20e1496fd4","type":"Feature","feature_type":"navPathAssocieted","geometry":null,"properties":{"pathNode_id":"2fb1ba1f-4f34-4244-911c-27b12ad2a03f","associeted_id":"58743c1f-cefe-48e1-9168-0ef468c531b8"}},{"id":"12bd39ee-72ef-4fbd-ab7b-03deab68ad84","type":"Feature","feature_type":"navPathAssocieted","geometry":null,"properties":{"pathNode_id":"240b43ee-45ef-4450-8136-140b22608506","associeted_id":"0caa4031-1558-453d-a2d5-da582dd78d28"}},{"id":"67348f38-7cb5-49de-9f97-aa750df2c8e5","type":"Feature","feature_type":"navPathAssocieted","geometry":null,"properties":{"pathNode_id":"39133da9-4d8e-451c-98e8-175cbad62784","associeted_id":"0caa4031-1558-453d-a2d5-da582dd78d28"}},{"id":"1d32793b-4d88-4ef2-8b23-d83b16988e78","type":"Feature","feature_type":"navPathAssocieted","geometry":null,"properties":{"pathNode_id":"f70cfa73-1079-499c-8e2a-451308fdddf0","associeted_id":"d71ce582-056a-4036-bc55-d97a49569362"}},{"id":"bd8b92c8-7479-46ca-a8dd-16f085130a7a","type":"Feature","feature_type":"navPathAssocieted","geometry":null,"properties":{"pathNode_id":"d78ba1a2-07e9-45a8-8775-4c3be59641d1","associeted_id":"d5ebc13c-83da-4a20-af5f-583e9de39ae1"}},{"id":"b84b9e2e-45dc-4e2a-8502-4ab2d1e21be7","type":"Feature","feature_type":"navPathAssocieted","geometry":null,"properties":{"pathNode_id":"ee52e84b-5b90-4620-bac2-f60102d94004","associeted_id":"51528330-36ba-49e0-8e40-59834a43d1ad"}},{"id":"ed0bc21f-5458-42ba-bb55-7e5edea7b878","type":"Feature","feature_type":"navPathAssocieted","geometry":null,"properties":{"pathNode_id":"bc083847-ef2f-416d-a67c-bdc7a04a0f08","associeted_id":"14196670-24ff-4b16-a5ba-49c7c4d1bbd8"}},{"id":"dfa1a56f-04a7-478f-b02b-f2ffff953543","type":"Feature","feature_type":"navPathAssocieted","geometry":null,"properties":{"pathNode_id":"701c1dc3-befb-41e2-97eb-edc5f5168ab5","associeted_id":"733918b1-afe1-4ecd-ab6c-75c8dd383796"}},{"id":"86d9277c-8de8-4b54-a7f8-28bd105bb7a4","type":"Feature","feature_type":"navPathAssocieted","geometry":null,"properties":{"pathNode_id":"35496e4c-59ab-49c3-ad54-0a9a9ef1caa8","associeted_id":"cc956dc5-3d58-45af-996b-94ddfe4ad5f9"}},{"id":"663c8fe6-133b-4db5-87c1-ddc8d897b3b9","type":"Feature","feature_type":"navPathAssocieted","geometry":null,"properties":{"pathNode_id":"925acd4e-f1e3-47ab-b1fb-bdbb1aebbce1","associeted_id":"f92b18b7-8504-4efc-abe2-7071567c2f9a"}},{"id":"90f03997-4f65-4f5d-b1a1-6973c07bd01e","type":"Feature","feature_type":"navPathAssocieted","geometry":null,"properties":{"pathNode_id":"ca2f4a5f-4033-451d-9c73-5053f4da24a3","associeted_id":"07f7f7d4-ca82-453b-8336-632d2ad5e411"}},{"id":"00f3700f-7103-4868-867f-7b8409be6f9e","type":"Feature","feature_type":"navPathAssocieted","geometry":null,"properties":{"pathNode_id":"0a31a381-e9c9-4850-8409-3a64940ea365","associeted_id":"2fc22372-418b-4736-bfd3-bc0eaec2a2ec"}},{"id":"9cbd1267-b1d4-42cd-bd28-a4980ae32c32","type":"Feature","feature_type":"navPathAssocieted","geometry":null,"properties":{"pathNode_id":"55083b7c-ec14-41c0-a6de-0b555a85862e","associeted_id":"9c827002-ce6f-4fff-8bc9-96404e6f1af0"}},{"id":"fa464761-5a01-4662-b1e6-7f8192a9f67c","type":"Feature","feature_type":"navPathAssocieted","geometry":null,"properties":{"pathNode_id":"37ca5b16-a8a3-4868-b8ad-1bae16fcad2b","associeted_id":"6c9809cf-f1f7-4418-a51e-8a79522c668f"}},{"id":"c3762cee-cd0f-419b-9468-2ee39b0160ed","type":"Feature","feature_type":"navPathAssocieted","geometry":null,"properties":{"pathNode_id":"7298544c-22d4-44a7-8ab8-c9448bda4d2d","associeted_id":"34b01815-35b5-4402-aff1-07bbb11946eb"}},{"id":"8c5635e0-8fdd-4c70-899b-91799284af1e","type":"Feature","feature_type":"navPathAssocieted","geometry":null,"properties":{"pathNode_id":"e86010ef-85a0-4c06-91e5-1ded7ae73277","associeted_id":"8c66cb27-edc6-4f91-b6c5-ca5ad0a121ae"}},{"id":"9a9ca782-f5b0-4d00-b885-325e5c16183a","type":"Feature","feature_type":"navPathAssocieted","geometry":null,"properties":{"pathNode_id":"e12eb811-c7ae-4d1d-8e3b-ddd21508377d","associeted_id":"22b7ff99-4535-4313-b59f-6908004080a6"}},{"id":"00bd0acf-f6e2-4d78-8b58-a69d975d5bfb","type":"Feature","feature_type":"navPathAssocieted","geometry":null,"properties":{"pathNode_id":"7dd129aa-a00f-4171-8079-1f04e43ef44f","associeted_id":"bda77b57-f307-42ea-bdea-aff9d02881f0"}},{"id":"1691098c-c93a-4041-8f53-9902abe763e6","type":"Feature","feature_type":"navPathAssocieted","geometry":null,"properties":{"pathNode_id":"64c32d65-17a1-4e6b-9b92-c66aaacc3801","associeted_id":"e9d71dfb-9961-4c4f-9f12-1bf6106c1612"}},{"id":"30f19f2b-b8a9-455d-92cc-a2c544ca6a10","type":"Feature","feature_type":"navPathAssocieted","geometry":null,"properties":{"pathNode_id":"bce24679-ba17-462a-a3ca-c9b66ee77363","associeted_id":"8cc25e4e-fe23-44ae-b8ae-a83ec6c352db"}},{"id":"6ab27c51-5301-469d-b489-cb360a7b7576","type":"Feature","feature_type":"navPathAssocieted","geometry":null,"properties":{"pathNode_id":"a30a88b2-ad2a-49cc-ba31-2b5b70916545","associeted_id":"516cb08c-ec3b-4548-8c26-b843f7b03e05"}},{"id":"70933cbd-a8de-47c4-a8f3-bb8d2e2034eb","type":"Feature","feature_type":"navPathAssocieted","geometry":null,"properties":{"pathNode_id":"1af19993-cbe3-4bba-8932-f09e59899679","associeted_id":"bc6ecda3-dbea-4018-86e5-1e345713c690"}},{"id":"aecadcfd-87ed-46fa-9c20-4c7d817e06d7","type":"Feature","feature_type":"navPathAssocieted","geometry":null,"properties":{"pathNode_id":"34a5921f-1bfa-446a-9b22-c6a498dc10fb","associeted_id":"c9a4f48a-7e17-47fe-8a64-587bfe2b92d5"}},{"id":"0edeef8d-ce3f-448d-a9dc-8657ab5807bc","type":"Feature","feature_type":"navPathAssocieted","geometry":null,"properties":{"pathNode_id":"6dd419db-8667-4d23-8837-1d5cf6489d3d","associeted_id":"d3794ce5-bdc9-46a8-a114-6d005e2b40b7"}},{"id":"0f2180ab-9c01-49c9-915d-fbc16c435b50","type":"Feature","feature_type":"navPathAssocieted","geometry":null,"properties":{"pathNode_id":"6650baba-bc10-4d8e-8c96-a7c96d119563","associeted_id":"d8205169-40ab-4b09-8d83-ed07050519d9"}},{"id":"7f8b7400-5ff9-4989-a0d1-5721f1e68af7","type":"Feature","feature_type":"navPathAssocieted","geometry":null,"properties":{"pathNode_id":"8c280709-acfe-48d8-b2f9-bfac16983406","associeted_id":"adebf544-dabd-4210-a356-00efb5d67286"}},{"id":"209e39c3-1814-4f55-8099-9e2f568e2f42","type":"Feature","feature_type":"navPathAssocieted","geometry":null,"properties":{"pathNode_id":"92898b21-9213-4ac6-996c-951402558958","associeted_id":"23bb01f7-fa6c-45da-a6b7-7f7d61c347d0"}},{"id":"d0970391-005e-4e80-b5bf-0f13c76e733a","type":"Feature","feature_type":"navPathAssocieted","geometry":null,"properties":{"pathNode_id":"eafaf4e6-65ce-46b2-82cf-77ed1a63f246","associeted_id":"6e45597f-d36c-4653-a2d5-dc9c7dda931f"}},{"id":"77cfaedf-23d6-44cb-bfc0-2a5014eae8f2","type":"Feature","feature_type":"navPathAssocieted","geometry":null,"properties":{"pathNode_id":"7b63b7e9-7e59-4592-bd58-03c92e1bcd6f","associeted_id":"41ad0867-0114-4f9e-8049-ddd815ea417a"}},{"id":"850949a3-9b92-404b-9c0c-c4df1e738d53","type":"Feature","feature_type":"navPathAssocieted","geometry":null,"properties":{"pathNode_id":"6981b536-fb3f-447c-a601-0703aacec3a0","associeted_id":"e12d5d00-9967-4858-9816-6e1cc1c89f48"}},{"id":"4a45735e-cb79-4d49-965b-d4e6c5fa9462","type":"Feature","feature_type":"navPathAssocieted","geometry":null,"properties":{"pathNode_id":"ca1f64d9-a060-43c5-b3e3-052f0b108e26","associeted_id":"12e77b10-9e24-41ff-a9f0-81ff596151d6"}},{"id":"f288291d-3d58-4832-b596-6e180b89b394","type":"Feature","feature_type":"navPathAssocieted","geometry":null,"properties":{"pathNode_id":"530568e3-f847-41e4-b254-48b9b9ba00ba","associeted_id":"713a7420-f4ba-48f4-aa4d-dd521ff33266"}},{"id":"59bc305a-68b4-4856-b669-47969c9fa5de","type":"Feature","feature_type":"navPathAssocieted","geometry":null,"properties":{"pathNode_id":"f99bbc86-1e32-498c-96a8-45e381bdb746","associeted_id":"4713259a-55f8-4d77-a9a9-455d9c7e8454"}},{"id":"8f51e1f0-9d04-495b-ad1d-6c0346870991","type":"Feature","feature_type":"navPathAssocieted","geometry":null,"properties":{"pathNode_id":"6e966f2b-0108-4a13-ae88-033824f472b7","associeted_id":"e36ab537-c719-4657-bef6-013b351428c9"}},{"id":"91d3a3b4-c738-470a-9773-e65c3fb4fcaa","type":"Feature","feature_type":"navPathAssocieted","geometry":null,"properties":{"pathNode_id":"bf843d54-bab7-46a5-9a34-c44a5aebd1c2","associeted_id":"56e3dbb2-0ec9-46c8-ad12-68709dd54290"}},{"id":"cda6450b-8765-48ef-aba9-276fd5e6e703","type":"Feature","feature_type":"navPathAssocieted","geometry":null,"properties":{"pathNode_id":"30c969cc-38ce-4fea-8950-ca79146a1647","associeted_id":"7a0a670a-ec4e-41a6-8857-59dd56a289b9"}},{"id":"52339d98-696a-40d6-af95-0ac098d870c4","type":"Feature","feature_type":"navPathAssocieted","geometry":null,"properties":{"pathNode_id":"747ad4af-b598-451e-966d-e0a33e28dd42","associeted_id":"b3a48d96-16d3-4e70-8f7a-8cf76153a1db"}},{"id":"09ca55ba-ae0d-4a8b-894b-bdb78624240c","type":"Feature","feature_type":"navPathAssocieted","geometry":null,"properties":{"pathNode_id":"f3b52372-47e6-4ab4-99f1-92f94e536ae6","associeted_id":"6ca024a6-0ca7-4efd-b035-736911f19826"}},{"id":"0b37d4a4-233b-4f59-a6ed-3e4c3b6ccd0a","type":"Feature","feature_type":"navPathAssocieted","geometry":null,"properties":{"pathNode_id":"5e7d887e-cfe1-4616-91a4-214f4106ab26","associeted_id":"6be440db-d775-47c7-b417-2453b64c66ae"}},{"id":"e668eb13-6cb7-4439-b9df-9e50329529dd","type":"Feature","feature_type":"navPathAssocieted","geometry":null,"properties":{"pathNode_id":"46eac105-4a93-4fc4-9577-eee04740cee1","associeted_id":"c8cb7aea-8d5e-43de-b4bb-cea69bc17205"}},{"id":"cf613808-9805-4599-afcb-1baf9656172f","type":"Feature","feature_type":"navPathAssocieted","geometry":null,"properties":{"pathNode_id":"3cf998bb-d1c1-4c2f-9d6c-ae27f2b3e88e","associeted_id":"942e16f2-9528-435d-96fe-e708a33be23d"}},{"id":"34684568-2620-440e-93f8-4ad2d2b6410a","type":"Feature","feature_type":"navPathAssocieted","geometry":null,"properties":{"pathNode_id":"91b216d0-d963-47cd-8a24-f0efb617a439","associeted_id":"41680de8-06f7-4a90-b2b5-0d233fa7d892"}},{"id":"a8df2e40-53e4-4acf-bde9-b7c965d702d6","type":"Feature","feature_type":"navPathAssocieted","geometry":null,"properties":{"pathNode_id":"300dd9e6-66b7-4952-a7de-62e6f1693474","associeted_id":"538b2f92-6c82-45ab-93c6-f98cfd762476"}},{"id":"ccf6b2a9-8ba9-4fc7-9d26-85544eff0250","type":"Feature","feature_type":"navPathAssocieted","geometry":null,"properties":{"pathNode_id":"89d88e75-8107-4651-af8a-b6d206fd9b5d","associeted_id":"829ab677-39ea-4663-90c0-3711b881101a"}},{"id":"7aeef011-b4f6-4c2f-88d9-074768bac728","type":"Feature","feature_type":"navPathAssocieted","geometry":null,"properties":{"pathNode_id":"0554103b-bd8a-449a-9ed3-910a2d775932","associeted_id":"c585a64c-76f8-4ca7-86e5-79a54ccf9255"}},{"id":"e3bab6f2-ef85-4bd2-aa52-d82314279229","type":"Feature","feature_type":"navPathAssocieted","geometry":null,"properties":{"pathNode_id":"d39bafec-5ec2-4699-b841-fbdf1c5f3458","associeted_id":"b6799072-1f19-412b-bc3e-d613bce8c871"}},{"id":"3040a2e5-608b-4834-bd75-1bf2b8b0b178","type":"Feature","feature_type":"navPathAssocieted","geometry":null,"properties":{"pathNode_id":"8c0417d5-05d2-4e11-8413-7d256adb63c5","associeted_id":"18b67ad5-685e-417b-91bd-e337e6e3a913"}},{"id":"be5dec44-e830-4b67-a3c8-12ecf1df8ec5","type":"Feature","feature_type":"navPathAssocieted","geometry":null,"properties":{"pathNode_id":"85db8705-89f9-420d-9c11-10d8fd9b69f5","associeted_id":"ad7803a7-496c-407f-9076-3882a461b57f"}},{"id":"d533520d-7293-41d0-8535-f4efbe7eeff0","type":"Feature","feature_type":"navPathAssocieted","geometry":null,"properties":{"pathNode_id":"c3095704-f638-4329-a227-3767e038ca7d","associeted_id":"665a6bc4-1b16-461e-a4a9-0e38d10ed853"}},{"id":"08aba5b6-10f7-49d7-a55d-be9bcc7393e3","type":"Feature","feature_type":"navPathAssocieted","geometry":null,"properties":{"pathNode_id":"4e887310-b8c1-413b-ba63-e7e9fb2283f4","associeted_id":"17211af9-2071-4678-981e-ab61a810c08d"}},{"id":"7a83873d-5ff0-4460-84c4-222991fc9b3a","type":"Feature","feature_type":"navPathAssocieted","geometry":null,"properties":{"pathNode_id":"2b05face-6baf-4f18-8ea4-689db35a61bb","associeted_id":"a3a39b5e-9d21-43f7-8ab3-1981231a5503"}},{"id":"4ad106bc-cc24-4c58-8ce2-a271620d6bd7","type":"Feature","feature_type":"navPathAssocieted","geometry":null,"properties":{"pathNode_id":"c29751d4-523a-4220-b157-e46bcfd15a31","associeted_id":"6fbf86c1-1570-4d36-a69f-55c026ab8e3e"}},{"id":"05fd14ea-e178-4eb9-9d56-26d509de481a","type":"Feature","feature_type":"navPathAssocieted","geometry":null,"properties":{"pathNode_id":"be66fee3-9aa0-4236-9f83-ca36fd7370a0","associeted_id":"b8f98217-888c-4bfd-9b46-118aa2d7c7e0"}},{"id":"afb4f1d9-c7b8-4cd8-9d7d-04b978586388","type":"Feature","feature_type":"navPathAssocieted","geometry":null,"properties":{"pathNode_id":"3d299ce5-1d46-48a5-bfe7-b811e6c3604e","associeted_id":"940d757e-da7e-4c77-a4f7-2d5d70b02514"}},{"id":"d5ea8ae5-4cac-403b-a059-f0cae5d37c54","type":"Feature","feature_type":"navPathAssocieted","geometry":null,"properties":{"pathNode_id":"e529f990-5d0c-4b64-8f30-4802077e075f","associeted_id":"13d8ecfd-2bf9-4b93-9c2c-c54685e30f94"}},{"id":"b3b7de8c-1796-4659-a25e-39e316332176","type":"Feature","feature_type":"navPathAssocieted","geometry":null,"properties":{"pathNode_id":"871617f1-5b8a-40d7-8102-63d206758d5a","associeted_id":"2dc8b261-245c-45ce-b4c0-6a4cd98b1a61"}},{"id":"69d4e027-81a0-484d-8b7d-14c526966f8a","type":"Feature","feature_type":"navPathAssocieted","geometry":null,"properties":{"pathNode_id":"0b112c6b-4281-4f91-af58-a41a21a10085","associeted_id":"241f8887-bf59-41a9-9e75-ebad9bbfe553"}},{"id":"41a5830f-96f1-4bcb-a40b-6cf8ac97799a","type":"Feature","feature_type":"navPathAssocieted","geometry":null,"properties":{"pathNode_id":"b658dab3-f697-4cf8-b5ce-5535f799c163","associeted_id":"71bb8f2d-f869-44d0-90cf-d42772e67c22"}},{"id":"c7613651-cf95-49f4-b673-1f187b3e090f","type":"Feature","feature_type":"navPathAssocieted","geometry":null,"properties":{"pathNode_id":"d37542d1-9519-44c3-9ac5-76cac7b02e14","associeted_id":"ac784632-7424-467a-9b27-ffc5972ea0d5"}},{"id":"b971be5d-b4fe-4184-ac5d-30a8543bf965","type":"Feature","feature_type":"navPathAssocieted","geometry":null,"properties":{"pathNode_id":"9163e8f0-6b77-4cfb-aca3-b374a2e9fdac","associeted_id":"4df5e95b-3a84-420f-9c95-82126ba6627b"}},{"id":"c824d813-20ae-4e99-8dd3-b5ccfbd4e117","type":"Feature","feature_type":"navPathAssocieted","geometry":null,"properties":{"pathNode_id":"93cf6638-b1a4-46ff-a7cc-4eb7fa99f8d3","associeted_id":"1c9c0943-56d3-4e77-8bcc-e45a1479c18a"}},{"id":"d5e01a86-f681-4d2d-af5e-8064ae5dd1a6","type":"Feature","feature_type":"navPathAssocieted","geometry":null,"properties":{"pathNode_id":"6cd20742-4bb8-4199-a404-02195151cb5e","associeted_id":"11719428-12f0-4746-942c-7e0cdd0218cc"}},{"id":"7ce90b8d-d538-45a2-b048-a85ce4e83889","type":"Feature","feature_type":"navPathAssocieted","geometry":null,"properties":{"pathNode_id":"62103c7a-5ea9-42f1-900a-109bdd00de19","associeted_id":"b16cc54d-3264-42bc-9e72-8f50c5a78767"}},{"id":"67573629-fe1c-4a56-8f8b-153530b43211","type":"Feature","feature_type":"navPathAssocieted","geometry":null,"properties":{"pathNode_id":"f2bd4079-718c-4caf-9211-0baae1fbbf6c","associeted_id":"53fb150f-a320-4c6c-b605-d3d3d7a55aea"}},{"id":"bd3710ed-2da9-4acc-ac48-7b92a60cf0ed","type":"Feature","feature_type":"navPathAssocieted","geometry":null,"properties":{"pathNode_id":"58ceed95-fe20-4046-8942-b8ed6f3a4408","associeted_id":"0a3a6ef2-dd8e-4e67-940f-e6c49fcb49be"}},{"id":"e0b0ea76-56ca-4078-bb2a-8396d7834e43","type":"Feature","feature_type":"navPathAssocieted","geometry":null,"properties":{"pathNode_id":"a8760cc0-82ef-493b-8c6b-d7e67b34c12a","associeted_id":"c87b5933-0b12-4de2-aa67-0ef033ebb3e4"}},{"id":"b32205b8-de01-44de-bfb2-197c7c9d3688","type":"Feature","feature_type":"navPathAssocieted","geometry":null,"properties":{"pathNode_id":"d7cc0359-b710-4f5f-964e-263000ed5b2b","associeted_id":"37179e2f-b08d-4529-bbc6-f242eb5ad0da"}},{"id":"a5c4a6c3-5ed3-4f5c-8411-b6d5b7b062b3","type":"Feature","feature_type":"navPathAssocieted","geometry":null,"properties":{"pathNode_id":"3e33719a-1e07-468d-8c50-693b46e46739","associeted_id":"e84f5dda-1755-44e4-8ff5-58c4c6ad77f4"}},{"id":"348cb780-ec32-4b7a-99d7-119bcdaf1679","type":"Feature","feature_type":"navPathAssocieted","geometry":null,"properties":{"pathNode_id":"bc20a933-9d22-4473-a9a2-198562519983","associeted_id":"d34976f9-99fa-4a9a-8cda-d12c977ec780"}},{"id":"e0c5b1cc-ea81-44b6-b4f8-4a5a931562ed","type":"Feature","feature_type":"navPathAssocieted","geometry":null,"properties":{"pathNode_id":"974ad11a-e1e3-4f0c-ae8d-f069ab83f56a","associeted_id":"f4dea062-c7d8-447e-a1c9-1f653df67968"}},{"id":"e133f047-2e31-4689-b26e-c366e290050a","type":"Feature","feature_type":"navPathAssocieted","geometry":null,"properties":{"pathNode_id":"48e4001f-d2fd-44b8-8f8a-68cf3c631307","associeted_id":"dcf9f358-376f-4548-a4bd-06966d367727"}},{"id":"e39b5f79-ad25-4bd8-95af-167a91cb6024","type":"Feature","feature_type":"navPathAssocieted","geometry":null,"properties":{"pathNode_id":"7b6160ba-5641-417b-8f22-8c0ed909517f","associeted_id":"2479c302-745b-42b3-9974-54731cfe4c59"}},{"id":"3ad6b92c-120a-4ee4-b3be-6f52845d0be3","type":"Feature","feature_type":"navPathAssocieted","geometry":null,"properties":{"pathNode_id":"1fc10f3a-839c-4da2-a0cc-2ed79a0b50dc","associeted_id":"34236cf4-840f-41d2-b2fb-af3f5e9b7496"}},{"id":"57cb5600-e61e-4eec-a6df-79aef84dc473","type":"Feature","feature_type":"navPathAssocieted","geometry":null,"properties":{"pathNode_id":"e9bbde4f-a0c5-47dd-a7aa-861fb7217c43","associeted_id":"aa353215-76ec-4875-bdb2-b195b9fdfbae"}},{"id":"7ea1f41d-795d-41db-aabf-164e29833165","type":"Feature","feature_type":"navPathAssocieted","geometry":null,"properties":{"pathNode_id":"e1c8bb1d-df75-478a-ba47-9c2dc4e37ed7","associeted_id":"9f245958-c49d-47e8-a355-c5c79351bad5"}},{"id":"b2d76330-c244-4bd7-b9b3-e1e3abd545cb","type":"Feature","feature_type":"navPathAssocieted","geometry":null,"properties":{"pathNode_id":"2f1f7f44-50f5-4585-9c94-201a2d671648","associeted_id":"bdf21aba-f66e-4ae5-b504-d66f2d803fc9"}},{"id":"4189f1d8-b9f5-431a-b4c0-6ac8c6ef3928","type":"Feature","feature_type":"navPathAssocieted","geometry":null,"properties":{"pathNode_id":"c3923561-65b9-4639-8149-b1c694144694","associeted_id":"231d4565-863f-43b7-bc9d-4863d8e37c19"}},{"id":"274e9c15-a93c-4d00-9c9e-d49106efca3a","type":"Feature","feature_type":"navPathAssocieted","geometry":null,"properties":{"pathNode_id":"0efedf1b-1945-4a6c-ae2a-fe7ed7bd0c82","associeted_id":"b7fcac69-ff81-4f54-9ea0-b9f409c747f3"}},{"id":"d6d975e2-ea49-4c21-8be0-a87aff688725","type":"Feature","feature_type":"navPathAssocieted","geometry":null,"properties":{"pathNode_id":"fdb4a7d4-66ab-4b4e-980e-0c6afd7a0cdf","associeted_id":"4725e589-03dd-40ce-8870-7f3c17e5fda5"}},{"id":"9498b7ef-204f-45a4-a61e-8138ab6793e2","type":"Feature","feature_type":"navPathAssocieted","geometry":null,"properties":{"pathNode_id":"468631f3-2102-423a-a962-1f980065fa46","associeted_id":"276c0fe4-24ab-4947-b3a4-245eee678bf6"}},{"id":"96e63637-8d3c-450b-aa4b-ba3e1cd505f5","type":"Feature","feature_type":"navPathAssocieted","geometry":null,"properties":{"pathNode_id":"2e8ce407-275f-4f07-90be-d53824631499","associeted_id":"d30cf7f8-790a-4d3a-b72f-1b92f751845b"}},{"id":"c31cd0e9-9ac5-4e14-ad51-642e2d65900f","type":"Feature","feature_type":"navPathAssocieted","geometry":null,"properties":{"pathNode_id":"42381a49-fc1a-4b21-bada-5d172549d4ab","associeted_id":"5c379ca7-78b1-488a-884b-04aa3979c18b"}},{"id":"8998061c-5050-4f29-a22f-3d16c864c87b","type":"Feature","feature_type":"navPathAssocieted","geometry":null,"properties":{"pathNode_id":"e1a447c9-b433-4494-b04a-3d4b173d9b86","associeted_id":"46ae1344-2a7e-43c0-afdb-271737aae389"}},{"id":"990d3d98-d045-4a5e-b361-99afc30c7efb","type":"Feature","feature_type":"navPathAssocieted","geometry":null,"properties":{"pathNode_id":"43c4e395-f51c-4137-829b-26cf469c12fd","associeted_id":"f303bbe4-9df7-4619-a939-352d6e2f0036"}},{"id":"dda325d8-cc8a-4a3e-88b0-bf333599e222","type":"Feature","feature_type":"navPathAssocieted","geometry":null,"properties":{"pathNode_id":"23fc50d9-12c2-4954-b210-858c0f617881","associeted_id":"917f70eb-2514-4525-bfd4-1e383a73418b"}},{"id":"d3449589-6efa-41a4-9326-c8876ca75a32","type":"Feature","feature_type":"navPathAssocieted","geometry":null,"properties":{"pathNode_id":"eac3872e-9e7b-48f9-bcbd-e6461caebeb3","associeted_id":"75763a72-437f-401b-83cf-4daac0f75b02"}},{"id":"2d93eb59-402d-4a9a-9d54-6737fdca78df","type":"Feature","feature_type":"navPathAssocieted","geometry":null,"properties":{"pathNode_id":"a1e0dca2-36c0-45c8-bf03-aebf5752a53a","associeted_id":"c592f0d6-ea09-4db2-9d5a-40d0952b661a"}},{"id":"d6d332c9-a95b-4a1d-a22c-467055bbae65","type":"Feature","feature_type":"navPathAssocieted","geometry":null,"properties":{"pathNode_id":"f04fe78e-e56b-4622-a7fc-02e54257c3c8","associeted_id":"2c45364c-a08e-49cc-b371-573780fbdefd"}},{"id":"addef1da-598a-4e0b-80ee-aae7ee4769a5","type":"Feature","feature_type":"navPathAssocieted","geometry":null,"properties":{"pathNode_id":"4feb3b63-0b2c-49ea-8eaf-d27cab8bf3cc","associeted_id":"1ecc8295-fbcd-4d7f-a541-7e6fe354ec7a"}},{"id":"490f1f8e-9ea3-4eec-a60b-7d3a60435626","type":"Feature","feature_type":"navPathAssocieted","geometry":null,"properties":{"pathNode_id":"ca7cccab-7b59-43af-b427-14649cabc54c","associeted_id":"f84a67b6-4806-4953-bc83-73743180c126"}},{"id":"43d4c26c-21bd-4ffb-8145-a652c36e2a33","type":"Feature","feature_type":"navPathAssocieted","geometry":null,"properties":{"pathNode_id":"473bc753-761d-4a21-adcc-1c15ba2779ee","associeted_id":"7b9c9e81-4b1d-417f-b538-c743590e43fd"}},{"id":"7325953e-f250-4490-90ee-21fb7a668d50","type":"Feature","feature_type":"navPathAssocieted","geometry":null,"properties":{"pathNode_id":"cf5623cd-3666-4854-aad4-075119fb0541","associeted_id":"8283e7cc-bb3c-47c7-aa32-b44330874b8b"}},{"id":"77073c01-5b03-44a1-8572-c922beba169a","type":"Feature","feature_type":"navPathAssocieted","geometry":null,"properties":{"pathNode_id":"d5c8bf65-1c59-4042-95ac-8df2a568abff","associeted_id":"8922d307-f469-4d1f-9e12-1c019312c35b"}},{"id":"075a46ef-d130-4f7a-a9d6-8054690cb573","type":"Feature","feature_type":"navPathAssocieted","geometry":null,"properties":{"pathNode_id":"57ad45bb-3d9d-4e26-82d9-22c194ef1a73","associeted_id":"9fcbdcd6-04b4-4f5f-b735-c107348d631d"}},{"id":"ec0cbe82-8dff-4a6c-9faf-0916e78d3137","type":"Feature","feature_type":"navPathAssocieted","geometry":null,"properties":{"pathNode_id":"754eee98-2f2d-4711-824e-197c2a2c76e9","associeted_id":"c7a610ed-18cf-412d-bfd1-55fbe1f1cb41"}},{"id":"b917eab7-b9d1-4204-8bbf-ce0e665865b3","type":"Feature","feature_type":"navPathAssocieted","geometry":null,"properties":{"pathNode_id":"c043678d-dc56-4f75-aac4-1d112bb75e8c","associeted_id":"5aed17ca-ea0a-425f-b7b5-3975b6e4e755"}},{"id":"eb9519c6-edf8-404d-9a39-7ca072231458","type":"Feature","feature_type":"navPathAssocieted","geometry":null,"properties":{"pathNode_id":"2203989f-f3cd-43ed-a620-aea804e9f6f2","associeted_id":"88d79349-8065-427c-8fc5-fa834de61bf3"}},{"id":"caaca66c-065b-4ae1-9465-beac683d9049","type":"Feature","feature_type":"navPathAssocieted","geometry":null,"properties":{"pathNode_id":"65a3fe9b-bc26-4e93-9e02-fa1a0f0dae59","associeted_id":"c4a1d765-34a2-4e2b-8522-7e6b4b833b9d"}},{"id":"a0c66c9b-66cd-4d92-8f80-9078b25ef6b0","type":"Feature","feature_type":"navPathAssocieted","geometry":null,"properties":{"pathNode_id":"9f244294-6906-464c-a1f5-8668aafd3c88","associeted_id":"a3a6d82a-f145-4048-a241-86a5a33b0610"}},{"id":"42f9fdb0-0141-4f8d-abaf-7d2006b81e52","type":"Feature","feature_type":"navPathAssocieted","geometry":null,"properties":{"pathNode_id":"5f19d8b9-4c9b-458a-acec-69d070d0e441","associeted_id":"06850e8c-eb59-4d54-90ca-d54c001c9ce0"}},{"id":"7e440ced-7933-4212-abf2-76ce21ae3277","type":"Feature","feature_type":"navPathAssocieted","geometry":null,"properties":{"pathNode_id":"efbebbd8-34c5-4694-afc6-8d75b0719263","associeted_id":"cddf523a-ca1d-4020-8747-84cff106cbd7"}},{"id":"4e61caaa-803d-4608-ad11-fedb2046a422","type":"Feature","feature_type":"navPathAssocieted","geometry":null,"properties":{"pathNode_id":"2b22d8fe-a5cc-4e63-b781-23a3e00b8443","associeted_id":"44974e8e-20a2-4aba-b4ac-717675704c61"}},{"id":"f8b22663-a807-4984-a77a-29d3d803878e","type":"Feature","feature_type":"navPathAssocieted","geometry":null,"properties":{"pathNode_id":"6a87ac02-bb05-4198-909c-e0041dbd40f4","associeted_id":"1c60bd69-bb07-4e62-8f09-ee2680d9b960"}},{"id":"65c4ded1-0bfa-413c-bcf0-bb5ce95b6aa9","type":"Feature","feature_type":"navPathAssocieted","geometry":null,"properties":{"pathNode_id":"9ad8b145-eeca-40c5-a719-27df6cdf92f9","associeted_id":"61041b1f-b290-4e4a-ae0f-f5eeb0610bf2"}},{"id":"666104f6-aa7f-445a-b057-bdcb6510a6e4","type":"Feature","feature_type":"navPathAssocieted","geometry":null,"properties":{"pathNode_id":"b36c10d1-1585-4f2d-bddd-e81a0074df68","associeted_id":"dc64ce05-558e-43fe-9f40-6fcabe0e727c"}},{"id":"55bb08c8-11fa-4548-8ac2-ff581d519948","type":"Feature","feature_type":"navPathAssocieted","geometry":null,"properties":{"pathNode_id":"e76c0eb8-f21c-4753-99bf-131eb3535077","associeted_id":"f706360b-e643-48e9-91fa-6b331def7e24"}},{"id":"ddd75e0d-719f-4c9e-80be-9cb9755a1c0b","type":"Feature","feature_type":"navPathAssocieted","geometry":null,"properties":{"pathNode_id":"02a80082-ec2c-43fe-a9c5-f38942501094","associeted_id":"c997e972-19ce-4d0e-b309-5fc26cfa5786"}},{"id":"b98ed145-3175-4edf-8b3a-f1b561303734","type":"Feature","feature_type":"navPathAssocieted","geometry":null,"properties":{"pathNode_id":"36280c4b-5faa-4ed7-941e-27e3b5ffa40b","associeted_id":"07eca8d1-beda-4611-9858-5a4f70ca90c9"}},{"id":"31ae1ae1-b136-4390-b8d4-f3c9f3a5b0f8","type":"Feature","feature_type":"navPathAssocieted","geometry":null,"properties":{"pathNode_id":"1563d0a6-4373-44cc-a54d-fca0adf55cc8","associeted_id":"b36778c9-f8b8-40e5-be65-36d43d6ee48b"}},{"id":"52d1f55b-4c71-428c-8a10-adaf08b1ff8c","type":"Feature","feature_type":"navPathAssocieted","geometry":null,"properties":{"pathNode_id":"9f7f7444-d006-4e15-9429-da56504fba91","associeted_id":"d981393c-351d-4c60-b28f-394d1bb250a3"}},{"id":"227ddb94-9604-4e09-8039-e6982bf99a95","type":"Feature","feature_type":"navPathAssocieted","geometry":null,"properties":{"pathNode_id":"628a5e17-7fc3-46d6-90f2-5b2ac702e324","associeted_id":"2e6d19c2-7485-43aa-bba0-802a16d65b79"}},{"id":"f5cf87cd-eab4-473a-aff9-af1d3239760a","type":"Feature","feature_type":"navPathAssocieted","geometry":null,"properties":{"pathNode_id":"47e32fe6-a076-4147-aeb0-660e610bb75b","associeted_id":"7b2c7e50-41d3-41b9-97ce-69f7fdcb9907"}},{"id":"3e662c04-20c1-4c9d-acb7-0282c1caf0e9","type":"Feature","feature_type":"navPathAssocieted","geometry":null,"properties":{"pathNode_id":"a910574c-494d-49ae-981f-097d14fbecf7","associeted_id":"62cfd873-3eaa-458e-93a7-b9167129580a"}},{"id":"9bdcf36b-ff63-4435-b9e4-fcef1676bb32","type":"Feature","feature_type":"navPathAssocieted","geometry":null,"properties":{"pathNode_id":"2ac25329-0903-418d-b65c-acb56e68a72f","associeted_id":"d6b19071-e103-40ff-ab01-f838a619973e"}},{"id":"6bcc4046-833b-4a9e-a585-9066078bf55f","type":"Feature","feature_type":"navPathAssocieted","geometry":null,"properties":{"pathNode_id":"8304e552-d8d7-4138-b4ba-682135c31862","associeted_id":"84c692b0-68be-4660-abb8-3d9e6f04efb0"}},{"id":"75ccb194-876a-4f38-bf8e-17a875c887cf","type":"Feature","feature_type":"navPathAssocieted","geometry":null,"properties":{"pathNode_id":"93d279b3-8840-491d-80ea-4f676d5cf2e6","associeted_id":"cb4c1d87-eda9-46af-b984-56b61d1320bc"}},{"id":"614c2b04-0cba-4598-bb25-a90d48afa886","type":"Feature","feature_type":"navPathAssocieted","geometry":null,"properties":{"pathNode_id":"60195fc7-0f7d-4ef0-b5bc-d765f5d4c1aa","associeted_id":"95fbc199-0ecd-47d5-99c1-68732bea0a15"}},{"id":"304ef44e-8c3e-43ad-b764-ef97416a263e","type":"Feature","feature_type":"navPathAssocieted","geometry":null,"properties":{"pathNode_id":"abb55b3e-a7ed-4cb4-835e-7fa24789090f","associeted_id":"845e5036-e64c-4094-9105-f4576f23cfba"}},{"id":"05e71fd6-2a86-4dbb-b488-497b319df315","type":"Feature","feature_type":"navPathAssocieted","geometry":null,"properties":{"pathNode_id":"10196a47-fdec-479f-a5b5-871d98e8ad90","associeted_id":"78acdfed-c268-4325-b3f3-93dc9872dd30"}},{"id":"84e5b88f-6b38-403b-9a6d-5df68d026dcb","type":"Feature","feature_type":"navPathAssocieted","geometry":null,"properties":{"pathNode_id":"3d34041a-45cb-4353-b7ef-88a3ce0b641e","associeted_id":"1a35d06c-8c8f-460b-8134-76bb894994b0"}},{"id":"75f2ef05-8986-446b-a5bd-5c3666962a1d","type":"Feature","feature_type":"navPathAssocieted","geometry":null,"properties":{"pathNode_id":"08cb40b0-928c-426a-bfc2-5a1159b17070","associeted_id":"54dc2434-56cb-4637-be0f-dd9c169a67b8"}},{"id":"16e07f16-62fa-41a5-aa75-258115da0782","type":"Feature","feature_type":"navPathAssocieted","geometry":null,"properties":{"pathNode_id":"6c0e2df1-644c-4769-97aa-d5d064e8e9ba","associeted_id":"220f48c4-5452-4671-823b-d2b2330a47e8"}},{"id":"b2b9d8d2-a5f9-43cb-ba5d-f083841cee8c","type":"Feature","feature_type":"navPathAssocieted","geometry":null,"properties":{"pathNode_id":"8342b367-834d-4559-afe6-2d6232ff51fc","associeted_id":"4ff004a0-fd15-4ccb-b5e4-710c21fd0732"}},{"id":"180697ee-ce16-48af-be75-10d5e35855a5","type":"Feature","feature_type":"navPathAssocieted","geometry":null,"properties":{"pathNode_id":"5b611e01-5478-45a7-b20c-7248f30724a5","associeted_id":"a91aec77-3e86-49eb-99c6-9524fcf316f0"}},{"id":"e68e0baf-91a6-4dd5-8917-c22e5c97b0af","type":"Feature","feature_type":"navPathAssocieted","geometry":null,"properties":{"pathNode_id":"326ff81e-c78a-4a4d-9598-dd31e56c1096","associeted_id":"3dd75da6-e804-4e73-952a-edcf3e111e3e"}},{"id":"eff9de0d-0dc6-443b-a3ca-b53194334904","type":"Feature","feature_type":"navPathAssocieted","geometry":null,"properties":{"pathNode_id":"acb47be7-d4d2-4f67-b753-02b28208b633","associeted_id":"4c8e1834-b081-45b4-b2d7-e0db07fbdeb5"}},{"id":"a687e577-2d5a-48b0-b888-a4814f291118","type":"Feature","feature_type":"navPathAssocieted","geometry":null,"properties":{"pathNode_id":"415318d9-c0fa-4faf-b240-c017d3faec30","associeted_id":"0bb59808-5308-40f7-a419-12717d6f322b"}},{"id":"d18f9564-85f3-411e-b18d-787fcce09965","type":"Feature","feature_type":"navPathAssocieted","geometry":null,"properties":{"pathNode_id":"1a3caf46-e467-411a-9728-cd0077989381","associeted_id":"3ccd8bff-c132-46a1-ae69-7dae334a1930"}},{"id":"2754dde9-8342-4eef-afa7-541506bf41c6","type":"Feature","feature_type":"navPathAssocieted","geometry":null,"properties":{"pathNode_id":"14a9bd0e-11c4-40bb-b485-59864db2048f","associeted_id":"e08e3d7f-19fb-44e5-b8ad-e8d85cadc66f"}},{"id":"5ebdcc5b-3353-45e4-b6a7-4e5744031928","type":"Feature","feature_type":"navPathAssocieted","geometry":null,"properties":{"pathNode_id":"d59c9233-5078-44dd-b667-3d20066ac6c6","associeted_id":"dbc278eb-3085-4779-8d3f-8bc7480c3798"}},{"id":"4c871b1d-544f-4e3c-8c6f-61135cc4247c","type":"Feature","feature_type":"navPathAssocieted","geometry":null,"properties":{"pathNode_id":"55298b22-3c88-4095-936c-1af2278a83f0","associeted_id":"e3494fce-73bc-41d1-b4cb-b4c5f4b61f28"}},{"id":"1cfeda0c-1d60-421e-897c-e2c4fddef435","type":"Feature","feature_type":"navPathAssocieted","geometry":null,"properties":{"pathNode_id":"212bf341-20eb-42b1-aac8-853194e51f6f","associeted_id":"90dcb800-7df1-4128-854d-2c0aa23aaab1"}},{"id":"0ba6ac92-2231-4a04-a333-56ffdcac8ff4","type":"Feature","feature_type":"navPathAssocieted","geometry":null,"properties":{"pathNode_id":"fb1e2f51-f079-480f-9357-dd99440b4b3a","associeted_id":"5b3c5c53-ce2f-44f7-ac99-28589aa08845"}},{"id":"473ada76-50e2-4ef6-85d2-75219281be8b","type":"Feature","feature_type":"navPathAssocieted","geometry":null,"properties":{"pathNode_id":"c89e088d-e324-4c08-af92-2c36212c1819","associeted_id":"57621753-4b60-4ddd-b978-5945864aa2e2"}},{"id":"06a2c2fa-c8d5-4785-a270-639e39ae5091","type":"Feature","feature_type":"navPathAssocieted","geometry":null,"properties":{"pathNode_id":"8295f03e-23d9-47b4-b48d-1dd66eefa866","associeted_id":"bde69807-ff46-4a94-876e-0155d5515a4e"}},{"id":"f0a1f898-ae16-4227-b374-c14db7cadee3","type":"Feature","feature_type":"navPathAssocieted","geometry":null,"properties":{"pathNode_id":"6de479a9-08d4-4163-8134-885e6d64041c","associeted_id":"fad3277d-4b39-4fca-8c63-3b5c07eb5b47"}},{"id":"9649c8b4-dc76-4b48-bc6a-81d6c0c7f377","type":"Feature","feature_type":"navPathAssocieted","geometry":null,"properties":{"pathNode_id":"d47c3bfb-ac42-4749-8029-a851f380b4da","associeted_id":"58a1d2cc-ec21-408a-af14-019c4e8a256a"}},{"id":"3b45835f-dfa4-4454-b278-e37a25ec011e","type":"Feature","feature_type":"navPathAssocieted","geometry":null,"properties":{"pathNode_id":"d1b55302-8316-43bb-ad57-ac0eb73cf044","associeted_id":"eaf9fe02-aa5a-4267-8751-f6a623dbf21a"}},{"id":"1449d8d4-be39-4a0c-a79d-195adf1e874f","type":"Feature","feature_type":"navPathAssocieted","geometry":null,"properties":{"pathNode_id":"fe05775f-5735-4c94-b1cd-bc3ba1936de1","associeted_id":"c01532be-5166-4a20-86cf-d021c6ea268f"}},{"id":"4b24b442-eccc-4949-a709-a61b497c8443","type":"Feature","feature_type":"navPathAssocieted","geometry":null,"properties":{"pathNode_id":"180d5a4c-1087-4b75-8be1-aa7a57aaadb2","associeted_id":"13c0e6c9-8434-41cb-93fb-27165c6b1527"}},{"id":"2902b0d2-dc54-4cc9-b6f2-725a971cf3d3","type":"Feature","feature_type":"navPathAssocieted","geometry":null,"properties":{"pathNode_id":"c81c48a6-41de-4d5b-b125-08dbb2bdf9fd","associeted_id":"fb111e61-b901-485a-a71d-5313c68416cd"}},{"id":"7d8b176a-418c-421f-9284-e861bb4c9297","type":"Feature","feature_type":"navPathAssocieted","geometry":null,"properties":{"pathNode_id":"8f8f78ff-71b9-439e-a0f1-c35804cfc0b4","associeted_id":"6209cb52-50b4-4dd4-a160-e6a3369af141"}},{"id":"208aa45c-6064-4878-9c59-8ba7f7dd09de","type":"Feature","feature_type":"navPathAssocieted","geometry":null,"properties":{"pathNode_id":"3f67d8f5-962a-4ee5-95f7-859293287e64","associeted_id":"af2c16a4-ffe7-4718-9e5a-673a5ebc730d"}},{"id":"2e78a1ca-2b57-4d7a-9134-63bfaae6ad50","type":"Feature","feature_type":"navPathAssocieted","geometry":null,"properties":{"pathNode_id":"99e9e54b-d539-47c8-a7d6-4a3dda907f5b","associeted_id":"82e937bd-0863-4b10-9ea9-08665e13c696"}},{"id":"8b3622d1-bb59-4d9a-a7a6-9d37b82a7f6b","type":"Feature","feature_type":"navPathAssocieted","geometry":null,"properties":{"pathNode_id":"e04727e5-14ea-4c11-8085-ab9211ed16d2","associeted_id":"cc6ebc68-cadc-4eda-b3e2-04d8c29eefbf"}},{"id":"a131d44a-77b5-4553-8a55-0ef2681549c7","type":"Feature","feature_type":"navPathAssocieted","geometry":null,"properties":{"pathNode_id":"79819740-29f8-41f8-a0e7-f27561f48d8c","associeted_id":"c5026f04-aec4-4674-9886-4cb5ac84c86b"}},{"id":"495cd4a1-14f9-465a-9817-e2897a675c1d","type":"Feature","feature_type":"navPathAssocieted","geometry":null,"properties":{"pathNode_id":"8e115d53-85c7-4416-9b6c-4f4d1789f5f9","associeted_id":"1c97f8ab-c0e2-4fe4-9802-33f74643e8ff"}},{"id":"806fd92e-ad6f-409b-8813-4331e612934c","type":"Feature","feature_type":"navPathAssocieted","geometry":null,"properties":{"pathNode_id":"16f99964-2af4-4529-88ac-25db9d0af8cc","associeted_id":"1156a2e6-7f8a-4e89-81fb-a7b00dacfad4"}},{"id":"0ff11f2a-9db0-46a5-82a2-97f892ba741f","type":"Feature","feature_type":"navPathAssocieted","geometry":null,"properties":{"pathNode_id":"b0879672-2c24-4bfa-973a-5dd7ac22daf2","associeted_id":"1bfb51df-a6d5-42d3-a05d-96ae71173fb4"}},{"id":"b4ea521f-c2d9-42b1-8b44-d4fdf9ac8cef","type":"Feature","feature_type":"navPathAssocieted","geometry":null,"properties":{"pathNode_id":"570f2ef9-cd5a-4be1-86b2-95ec23e2c1b1","associeted_id":"817f202c-5e81-43b1-8b3d-d07ff8e3b946"}},{"id":"f9153285-8e4f-4953-ac0b-58022779672c","type":"Feature","feature_type":"navPathAssocieted","geometry":null,"properties":{"pathNode_id":"a19e438b-529e-440f-ad62-2e349095ae00","associeted_id":"835480eb-14ed-443a-8beb-4f63c2b15611"}},{"id":"b7871946-4c02-4430-a585-1fd11eff3357","type":"Feature","feature_type":"navPathAssocieted","geometry":null,"properties":{"pathNode_id":"13c7f303-ed90-41a5-a32d-4f9f628ecea3","associeted_id":"3c770a38-2653-4149-b940-fe972f696660"}},{"id":"710505cc-c33e-40e7-bd76-8febd27125d1","type":"Feature","feature_type":"navPathAssocieted","geometry":null,"properties":{"pathNode_id":"9c394732-6047-4b26-a34e-93f93c4c394b","associeted_id":"bef1f70b-9acf-4ffd-84ea-f5146c974716"}},{"id":"be3d4e43-e755-4f7e-a18e-a2833c2a4850","type":"Feature","feature_type":"navPathAssocieted","geometry":null,"properties":{"pathNode_id":"1c26741b-f08e-416f-864b-661a316505bb","associeted_id":"5baeb6b6-c9aa-461b-b157-80ec84042984"}},{"id":"f64e11af-1b7a-4f47-a18b-6f5fedda2eef","type":"Feature","feature_type":"navPathAssocieted","geometry":null,"properties":{"pathNode_id":"8d84c880-d986-4476-ab6e-47c77867da90","associeted_id":"ee1c2a84-c15a-43b8-bde5-c668de93edb1"}},{"id":"77663202-2e10-435b-b058-265989ee37e8","type":"Feature","feature_type":"navPathAssocieted","geometry":null,"properties":{"pathNode_id":"50207d5b-869c-4161-8157-b756b14b09fe","associeted_id":"9257a17e-ecae-44bc-8aa9-58428938aa11"}},{"id":"5966dffc-957b-4b8a-9f42-bb9d661b1cd2","type":"Feature","feature_type":"navPathAssocieted","geometry":null,"properties":{"pathNode_id":"2c53b225-8c5d-4141-9d45-288f1aea1b4d","associeted_id":"66a3979c-187f-48ed-8db7-10fc23e454ca"}},{"id":"e6987d24-b171-432a-a950-8ec49ab371aa","type":"Feature","feature_type":"navPathAssocieted","geometry":null,"properties":{"pathNode_id":"b2c15e5e-b05e-46e1-b65a-0b5d838a4a27","associeted_id":"504ad84a-8664-499a-8412-2c307b9e8eec"}},{"id":"b7619ec2-0da6-4047-a6f8-1afae207e928","type":"Feature","feature_type":"navPathAssocieted","geometry":null,"properties":{"pathNode_id":"17808a3c-7893-4b88-97ae-4a2fb4b15332","associeted_id":"9ddd2d7c-6925-4ee1-b4ad-ba576bf802b6"}},{"id":"50d1675f-a1bf-4987-bc3d-ad702ac63d52","type":"Feature","feature_type":"navPathAssocieted","geometry":null,"properties":{"pathNode_id":"3009c25d-c52f-4dc9-a2af-a02691e97791","associeted_id":"a04be99d-15bf-4dbe-a09c-044558abfadd"}},{"id":"63beca06-2e85-421f-a40f-69ccf3e14eff","type":"Feature","feature_type":"navPathAssocieted","geometry":null,"properties":{"pathNode_id":"d50eda5a-bb10-4bd0-9b3a-16b1a653ec05","associeted_id":"9a20449c-6dab-483e-8460-4505b89765f9"}},{"id":"c769521b-bee0-4a2d-b7ca-a17a949d0d70","type":"Feature","feature_type":"navPathAssocieted","geometry":null,"properties":{"pathNode_id":"4ac039ac-74b6-46de-b8fe-17b9a348ec7f","associeted_id":"5d3f9511-eda9-4251-8955-568088ff1296"}},{"id":"77a46526-6751-4ad0-8793-f904bd381042","type":"Feature","feature_type":"navPathAssocieted","geometry":null,"properties":{"pathNode_id":"ea0bdd42-d199-492f-b844-07cfe25b1020","associeted_id":"80da560a-e825-4492-99c4-77046db6a5f1"}},{"id":"699400ce-7ac1-4e60-a1b7-89e0e7388441","type":"Feature","feature_type":"navPathAssocieted","geometry":null,"properties":{"pathNode_id":"1099a189-6ffe-4e92-a896-59f3dacc39b4","associeted_id":"a34bee1d-1001-4f15-8cd3-87246aada2ec"}},{"id":"f06ab3af-7333-4337-94d1-b88013334f32","type":"Feature","feature_type":"navPathAssocieted","geometry":null,"properties":{"pathNode_id":"07c20f7f-62d1-42d0-be2c-ea319a8fb61b","associeted_id":"bd9e5b63-5b0c-4127-90d9-1b741351649c"}},{"id":"e9fd4e42-e2b1-4a4e-ab14-50e1d502d9a4","type":"Feature","feature_type":"navPathAssocieted","geometry":null,"properties":{"pathNode_id":"353ec9ed-4a76-483d-9de6-e23f0d09ce4a","associeted_id":"c3f909f0-f794-4c1c-b675-518af65e1617"}},{"id":"26a63e60-fd06-4977-a193-e03ea0ab164c","type":"Feature","feature_type":"navPathAssocieted","geometry":null,"properties":{"pathNode_id":"670108c9-3fb2-4cf9-9c4a-210d8b15f2f6","associeted_id":"f3727390-8788-4d0c-995c-e070b81a9f57"}},{"id":"aff3c36b-498b-48ab-91b1-94c7759a9a29","type":"Feature","feature_type":"navPathAssocieted","geometry":null,"properties":{"pathNode_id":"10e7a532-8cbd-47d5-8cf4-74556d59ab40","associeted_id":"f8cc8700-54bf-4c7f-8f87-fdb8a9e4c27c"}},{"id":"4443b425-499f-4541-ad3a-cf0bd888117b","type":"Feature","feature_type":"navPathAssocieted","geometry":null,"properties":{"pathNode_id":"75e7be61-0b4d-4b3b-abb8-4b9f46befcbd","associeted_id":"15cf3c3c-183c-4188-928f-fc1ff26d8c8f"}},{"id":"f1d99564-6806-46c2-b7f4-1de4ce9284e6","type":"Feature","feature_type":"navPathAssocieted","geometry":null,"properties":{"pathNode_id":"974ce956-ffc2-4fbe-bf2d-a104cbfd4d82","associeted_id":"419c5603-2693-47db-a3df-546fcc9d0632"}},{"id":"c73754ba-97e1-4e8e-ae7e-5d881cec7741","type":"Feature","feature_type":"navPathAssocieted","geometry":null,"properties":{"pathNode_id":"2ac17251-d397-4c9e-a9bc-7f176b182acb","associeted_id":"151e6792-2e01-4b57-9229-97e4982aef89"}},{"id":"cd22e730-a022-48cd-8b7a-9707ca1452a9","type":"Feature","feature_type":"navPathAssocieted","geometry":null,"properties":{"pathNode_id":"c2ff6684-4d96-4149-96f9-c6e7614e0390","associeted_id":"27f340c4-bef3-4dad-b583-0b0a953e73e8"}},{"id":"9e5e79f2-db58-4d6a-905b-be2c2996029b","type":"Feature","feature_type":"navPathAssocieted","geometry":null,"properties":{"pathNode_id":"0a46ec97-dd89-47fa-bda4-4becf3a655ec","associeted_id":"1d437745-435c-43c4-99dd-cd1e5d2e6ac9"}},{"id":"62bb39a8-8f55-45c0-a713-ba3fde60614c","type":"Feature","feature_type":"navPathAssocieted","geometry":null,"properties":{"pathNode_id":"5daa9b44-daae-4b61-917e-92064ec4524e","associeted_id":"7e502b37-befd-4618-92fb-cbc81255f3ef"}},{"id":"68fb6013-893e-4d91-9772-b7772e11d748","type":"Feature","feature_type":"navPathAssocieted","geometry":null,"properties":{"pathNode_id":"d2bce005-865d-4b72-9dd0-f40f135fb819","associeted_id":"1a52d497-4835-4873-8245-8d65cf56c763"}},{"id":"169978de-01ab-4814-a573-9de0678cfdb4","type":"Feature","feature_type":"navPathAssocieted","geometry":null,"properties":{"pathNode_id":"557e2f34-3734-438b-9ded-11f0f89d909b","associeted_id":"140cabae-ffb2-40f5-a946-3953a9228cb1"}},{"id":"9bccbd1a-9729-46d7-84e6-8311b5a5165f","type":"Feature","feature_type":"navPathAssocieted","geometry":null,"properties":{"pathNode_id":"8f79276d-7f3e-4f42-806d-f732c57ded5e","associeted_id":"582563f8-4683-4b71-9545-7e5647c1315d"}},{"id":"6d2fa751-fa63-4c01-99ad-4fc43e634c7a","type":"Feature","feature_type":"navPathAssocieted","geometry":null,"properties":{"pathNode_id":"a6968fdd-62e1-4959-be50-7e9a09d1797e","associeted_id":"92a970de-1c57-4389-9ef4-129d116e5836"}},{"id":"5760a87a-7419-4da6-ac07-e3ad0889d2c6","type":"Feature","feature_type":"navPathAssocieted","geometry":null,"properties":{"pathNode_id":"27b4f474-400d-4972-ae3c-9c9ff00567e5","associeted_id":"bd34e2b7-8e0a-485b-9fce-2f04cbe11cda"}},{"id":"51828a91-1349-4c90-9220-d0d682a7025d","type":"Feature","feature_type":"navPathAssocieted","geometry":null,"properties":{"pathNode_id":"1c0a9abb-f153-4d85-9a27-36373e0352f3","associeted_id":"6e24f3c9-366b-4234-961a-7934bfa26c8f"}},{"id":"d0767ccb-261b-4456-8395-e4e5cf2e05af","type":"Feature","feature_type":"navPathAssocieted","geometry":null,"properties":{"pathNode_id":"5c06b24a-2629-436a-ab26-6d8a21f1baa9","associeted_id":"620bf8c1-ed44-4db9-8ec8-dff98c9334cd"}},{"id":"39e7e20a-cb3b-45f6-beef-9aebb862a023","type":"Feature","feature_type":"navPathAssocieted","geometry":null,"properties":{"pathNode_id":"74882a36-01e4-427f-96be-6102127f4bfa","associeted_id":"a9e88ae1-979c-4b6e-9718-5acd7e41f4f3"}},{"id":"6b9d9767-67cb-4d8f-8b4f-9d6bf3d99a08","type":"Feature","feature_type":"navPathAssocieted","geometry":null,"properties":{"pathNode_id":"81b73916-90eb-4511-8719-b615f1a5bff7","associeted_id":"fe556810-b0ef-4adc-8952-2cbea5cc50b3"}},{"id":"49d4ba7b-8173-41b8-9b12-5df70a37cf2b","type":"Feature","feature_type":"navPathAssocieted","geometry":null,"properties":{"pathNode_id":"e6597bb5-ca55-427b-91b0-bffe6af610fa","associeted_id":"4b73c6c9-06bf-4df4-9d55-90195b865032"}},{"id":"23221e13-21e3-4243-a12a-9ce72af234f1","type":"Feature","feature_type":"navPathAssocieted","geometry":null,"properties":{"pathNode_id":"25d4287b-73b6-434b-852c-10f05a43faea","associeted_id":"ec1d7f1c-271a-4aba-bd60-40e0fb0e1bbe"}},{"id":"ca20bca5-fb46-4b47-8bc8-e4e2f0620198","type":"Feature","feature_type":"navPathAssocieted","geometry":null,"properties":{"pathNode_id":"02f8f358-63e2-403d-8ab4-3d73a4a05766","associeted_id":"c989b42e-d3f3-4f31-bdda-e9beff17a56f"}},{"id":"f4b58f8c-c7ba-411d-a38a-089a76ac7052","type":"Feature","feature_type":"navPathAssocieted","geometry":null,"properties":{"pathNode_id":"edaa0bdb-feef-4a5b-97d8-9df864da9a96","associeted_id":"5322ec98-168e-4c60-98c7-482884fcb3b1"}},{"id":"42268970-ef3a-461c-a9f5-26c52a8fa575","type":"Feature","feature_type":"navPathAssocieted","geometry":null,"properties":{"pathNode_id":"886248d1-40dc-449a-98be-7f4474d367f3","associeted_id":"11492693-ab49-44d8-a623-2a148c43429d"}},{"id":"410282d1-00f9-4c90-bcad-19aef6358b26","type":"Feature","feature_type":"navPathAssocieted","geometry":null,"properties":{"pathNode_id":"751904b0-9235-40b5-990c-4d3d0a54d640","associeted_id":"08d4644a-db4d-4b6d-b1ac-73fa671223c8"}},{"id":"6b3014ce-c903-42e2-876d-34d6a6ddd202","type":"Feature","feature_type":"navPathAssocieted","geometry":null,"properties":{"pathNode_id":"140848bc-17ef-4b84-b659-543f5d2cd4fb","associeted_id":"8ea5d062-59d8-4e92-91b1-2d49e430993b"}},{"id":"006574e0-9066-401b-9e2c-5e027ab917e4","type":"Feature","feature_type":"navPathAssocieted","geometry":null,"properties":{"pathNode_id":"abf80d2f-4ffb-4cec-a027-fa89d3b32bbc","associeted_id":"d5811755-a5d0-4e14-bbfa-5223005c7aaf"}},{"id":"c1aa6427-11aa-4cd4-8409-3a74d7e03c21","type":"Feature","feature_type":"navPathAssocieted","geometry":null,"properties":{"pathNode_id":"e1f8357a-7234-46f1-9ce5-52455600354a","associeted_id":"a565aea5-3ccd-4d25-9d1d-9e82f9200f8b"}},{"id":"c1944f8a-1be4-4624-a513-b2baf8e6af22","type":"Feature","feature_type":"navPathAssocieted","geometry":null,"properties":{"pathNode_id":"392621bd-932f-41bc-8cf0-7feb50d54cd2","associeted_id":"6fb4f103-2c7d-4c07-bd6d-d1b93d350e90"}},{"id":"71751b3b-972a-4559-8f65-d2fbc383c0e0","type":"Feature","feature_type":"navPathAssocieted","geometry":null,"properties":{"pathNode_id":"0f6b98c4-3b21-4321-a807-5737287f1342","associeted_id":"c5536fe4-df3e-4f14-b4d0-951c5781cdea"}},{"id":"888d444c-5bef-4c69-a226-b0d02121f74a","type":"Feature","feature_type":"navPathAssocieted","geometry":null,"properties":{"pathNode_id":"9a947009-20fa-4470-a65b-9a6a56c54a15","associeted_id":"9fc7ffc0-1e4d-4822-a9e4-7b0af20815e3"}},{"id":"9ae59873-55e2-4e10-aa10-7d880c445f72","type":"Feature","feature_type":"navPathAssocieted","geometry":null,"properties":{"pathNode_id":"941bef12-ef59-468f-8cb4-36e1f84a6641","associeted_id":"7d929748-c051-45e2-97bd-33ced0588419"}},{"id":"744d29e9-05db-41ac-b106-013a6418c530","type":"Feature","feature_type":"navPathAssocieted","geometry":null,"properties":{"pathNode_id":"fa47a329-96d1-4023-919f-2c8ae08b9287","associeted_id":"5516e954-7bad-46df-bd6b-076591f37761"}},{"id":"d7a39d4f-516f-4a28-8f68-09ba2c0b3e90","type":"Feature","feature_type":"navPathAssocieted","geometry":null,"properties":{"pathNode_id":"2439221d-5599-4bbf-afe3-ba736502c359","associeted_id":"eb6750fa-8d50-4925-9ee3-a951386e0c62"}},{"id":"d72e26d3-61cd-476e-b2c1-206108a9b3c9","type":"Feature","feature_type":"navPathAssocieted","geometry":null,"properties":{"pathNode_id":"013b932b-ad20-48a4-9737-4ba00e7becdd","associeted_id":"b038fb67-8250-4856-b25b-070d575cd992"}},{"id":"8b5e19e4-d898-44a0-a8df-d1d7d613e086","type":"Feature","feature_type":"navPathAssocieted","geometry":null,"properties":{"pathNode_id":"3ea8c6f9-24a6-42af-8146-cef0313d146f","associeted_id":"4299ba47-8e11-499a-a7b1-a77d25759f4b"}},{"id":"d086853c-1d35-419b-a58d-b8824295a656","type":"Feature","feature_type":"navPathAssocieted","geometry":null,"properties":{"pathNode_id":"9169c8a7-da2b-461c-bce9-833cefcb6010","associeted_id":"7b684bfd-a2b1-4735-8bfa-1dcc567554b5"}},{"id":"6863fd4c-e176-4162-8d9a-9a748e83749e","type":"Feature","feature_type":"navPathAssocieted","geometry":null,"properties":{"pathNode_id":"5295360c-09a5-4f67-a281-360ec535a571","associeted_id":"3f56e1dd-a8cc-400d-9e93-b120373079a8"}},{"id":"98189cb6-8b12-4f43-8e4f-add0b48a6442","type":"Feature","feature_type":"navPathAssocieted","geometry":null,"properties":{"pathNode_id":"0fb00fc8-b626-4975-8b4a-fb0f543c8425","associeted_id":"1e17cb74-a956-4f7c-a766-c82af89a94a1"}},{"id":"101eab8b-a3d1-4fc3-896f-01328ae99ee0","type":"Feature","feature_type":"navPathAssocieted","geometry":null,"properties":{"pathNode_id":"fc05b9cb-ee37-4861-a942-f8296ce39327","associeted_id":"170a7eb6-f24d-44b1-84c4-552683c3b95c"}},{"id":"5cddf1e2-e44a-4870-b8ba-a805cb169712","type":"Feature","feature_type":"navPathAssocieted","geometry":null,"properties":{"pathNode_id":"1706d8c7-fdf9-43a3-bc97-91e5c389de47","associeted_id":"131884f5-0c75-49c4-a5ef-7b988f0e337e"}},{"id":"20a30223-5f95-4a1f-af18-cf54416b3b9e","type":"Feature","feature_type":"navPathAssocieted","geometry":null,"properties":{"pathNode_id":"0545555f-40ec-41db-9f82-d2d5b3118116","associeted_id":"3bdc8fc9-0c47-4c2b-857f-695497497ee1"}},{"id":"4b7de565-22d5-463a-ab55-d1a4c01d3644","type":"Feature","feature_type":"navPathAssocieted","geometry":null,"properties":{"pathNode_id":"306f0600-6f46-44e6-820a-182feb7dc224","associeted_id":"c67dda44-414c-4fb8-ab37-a98540dd7e62"}},{"id":"f0713615-a372-4428-a7f5-4c70f48d7eac","type":"Feature","feature_type":"navPathAssocieted","geometry":null,"properties":{"pathNode_id":"f787d736-5928-40dc-8481-e343a8a27b16","associeted_id":"6fc60d95-deb0-42f8-91a1-a963b081f2e3"}},{"id":"84a99787-8199-453d-8cd5-68e2f007209f","type":"Feature","feature_type":"navPathAssocieted","geometry":null,"properties":{"pathNode_id":"8a5235bf-bf15-4ca6-a425-8becd212b377","associeted_id":"be14e494-a85e-4f5e-a3ad-5ea045175434"}},{"id":"251196d8-4a4d-4e2c-815e-52f9e5711f9f","type":"Feature","feature_type":"navPathAssocieted","geometry":null,"properties":{"pathNode_id":"621e38fc-06a1-4cc6-b563-99ae3a99e39b","associeted_id":"a6a47bd3-d296-442e-9ce3-bb155b1a289a"}},{"id":"bb3f8058-9158-461c-8ff7-00b5cc2edb20","type":"Feature","feature_type":"navPathAssocieted","geometry":null,"properties":{"pathNode_id":"486680dd-e4b1-449a-8086-9cb3e3193040","associeted_id":"4b46542c-945f-4a67-87a7-86175d611bc3"}},{"id":"7c7eb2c9-89e4-4a6d-867f-50024b8daa6f","type":"Feature","feature_type":"navPathAssocieted","geometry":null,"properties":{"pathNode_id":"f96bd784-967c-480c-ae3f-9db08c95668e","associeted_id":"f4cc6c7e-4d80-45bb-9028-f91c096e117f"}},{"id":"feeab18c-ebc1-4811-a026-a2dd2ebc6a8d","type":"Feature","feature_type":"navPathAssocieted","geometry":null,"properties":{"pathNode_id":"635db296-50f3-4bca-8ef3-57627ed2132f","associeted_id":"f3d71195-c8c0-400a-913b-28775f7ea9de"}},{"id":"dacb178a-2294-4b37-818c-39dc29e9dd35","type":"Feature","feature_type":"navPathAssocieted","geometry":null,"properties":{"pathNode_id":"7d090f22-7aec-408d-abe6-4aeb8ea156c0","associeted_id":"2b5b0182-3dbd-4103-b7b0-7b1d4d29c4f5"}},{"id":"3c5642bf-aa3b-4ed8-9b28-2ee349a77013","type":"Feature","feature_type":"navPathAssocieted","geometry":null,"properties":{"pathNode_id":"a1423cfd-169d-4911-90a4-a331849bffef","associeted_id":"677e5bcb-c053-4763-9397-4d6c9fa80555"}},{"id":"a052ece0-03cf-435b-b196-46e4d8bdf628","type":"Feature","feature_type":"navPathAssocieted","geometry":null,"properties":{"pathNode_id":"31e6595e-68b1-4abb-94c7-254d101f6af7","associeted_id":"4bb07f9f-53b5-4d72-a967-6100400e91f3"}},{"id":"8cbeaf25-4153-4dbc-b222-a6ae055c8d74","type":"Feature","feature_type":"navPathAssocieted","geometry":null,"properties":{"pathNode_id":"d10693d1-5d92-44a0-b8da-fecdbdb6b3ce","associeted_id":"c4bc3b6a-685c-4dae-bb1b-99e60a11d6a2"}},{"id":"7c50e991-8ea2-4c3d-bad5-b8f0324e193c","type":"Feature","feature_type":"navPathAssocieted","geometry":null,"properties":{"pathNode_id":"8cf4c8d5-4684-414b-9720-9940d0745e9d","associeted_id":"dbe23809-4071-4beb-b52b-8b6faa6052a5"}},{"id":"40db3aaf-f10e-4268-92ab-35ead69b7500","type":"Feature","feature_type":"navPathAssocieted","geometry":null,"properties":{"pathNode_id":"aed3ee32-60f5-400b-8a59-1aca79876805","associeted_id":"927e9705-797b-44d7-9b1f-5a8c6be6a5b0"}},{"id":"c7fd6b79-f838-4c99-aea6-bf22dad1b4fc","type":"Feature","feature_type":"navPathAssocieted","geometry":null,"properties":{"pathNode_id":"2b5bc6ce-b842-4ba1-9f5c-fca246c47933","associeted_id":"6006070c-a08e-41ad-94ee-89f8ec102089"}},{"id":"e28c227b-2496-43e9-a2b1-16430a27a702","type":"Feature","feature_type":"navPathAssocieted","geometry":null,"properties":{"pathNode_id":"8746bfe0-cab5-4096-a800-f0429dc5f8b7","associeted_id":"49f9ca35-648c-4ae4-a3a6-af4d63a6cdf1"}},{"id":"d7ff6919-80d2-486f-8c9c-1e55510d648e","type":"Feature","feature_type":"navPathAssocieted","geometry":null,"properties":{"pathNode_id":"c148a12c-d2db-4d07-9c70-ee272bc31833","associeted_id":"e42bda64-858c-4209-8ddf-429fef45133c"}},{"id":"32999c11-9a81-4376-92f2-036223bedf72","type":"Feature","feature_type":"navPathAssocieted","geometry":null,"properties":{"pathNode_id":"0f4915d0-b300-4815-8e98-e77746aae831","associeted_id":"b9e1b0f1-f328-4c0c-8c0f-b8ad3f2b3f55"}},{"id":"9098cf1c-1fe7-4318-9a22-52b05f506b5e","type":"Feature","feature_type":"navPathAssocieted","geometry":null,"properties":{"pathNode_id":"67b35cfd-c1eb-4333-941f-5d8dce27ece5","associeted_id":"d84a85a3-1d77-4649-96d1-efef38d1e91f"}},{"id":"9fac6249-798d-40eb-a766-283fc4ca30b3","type":"Feature","feature_type":"navPathAssocieted","geometry":null,"properties":{"pathNode_id":"c2f34ce8-246e-43eb-b8ac-505979778628","associeted_id":"b8baaf79-d0d1-4016-a1f9-16118f0e5fcd"}},{"id":"ae35f700-530f-45cb-ac90-8227f7d3499c","type":"Feature","feature_type":"navPathAssocieted","geometry":null,"properties":{"pathNode_id":"6a1fa92c-b8a4-40e5-b190-8d2bd338e605","associeted_id":"0d6a11bb-622f-41ae-b810-416a3a54cbd6"}},{"id":"805fc0ce-b04d-43d9-89f3-4c412d4686ce","type":"Feature","feature_type":"navPathAssocieted","geometry":null,"properties":{"pathNode_id":"ad32f809-82e6-4a23-ac3a-18280adaa66c","associeted_id":"5f836a8b-00a3-434c-a061-939927cc4df5"}},{"id":"3b34f991-3108-47dc-b6e3-355172aca2c4","type":"Feature","feature_type":"navPathAssocieted","geometry":null,"properties":{"pathNode_id":"7add8001-dea3-4332-915b-87c524a8583d","associeted_id":"1b6b9ab6-3d5e-4759-ab50-8e41525c0d38"}},{"id":"33cc3cfe-7af7-46d2-b6a6-bcfe4f03acdd","type":"Feature","feature_type":"navPathAssocieted","geometry":null,"properties":{"pathNode_id":"516c4046-8cd2-4b16-b26c-8e052c2b1c3a","associeted_id":"78dbb504-6c51-4ed3-8125-702b05efb38e"}},{"id":"77f4d28d-988e-4d9d-aa62-8a915eb7b279","type":"Feature","feature_type":"navPathAssocieted","geometry":null,"properties":{"pathNode_id":"23eed9fc-f7cc-4bf6-9fb8-140dd693c78f","associeted_id":"2acd6dc0-b826-4f81-9f84-fa8a9760bb79"}},{"id":"724a11f0-8d75-4392-a460-260a5ef811db","type":"Feature","feature_type":"navPathAssocieted","geometry":null,"properties":{"pathNode_id":"211dce0e-763b-4bbf-aad6-9a728fc8a52b","associeted_id":"4e70e53a-a678-41e2-883c-5302d2d59cba"}},{"id":"ede2f0e7-48af-476b-be20-5bc82710ac3a","type":"Feature","feature_type":"navPathAssocieted","geometry":null,"properties":{"pathNode_id":"bdfefcd9-2f6b-4b85-a3f7-b05d3361169e","associeted_id":"100adbb1-3e91-4207-aaca-6eb5f4a3ca76"}},{"id":"2187bab1-168e-4670-af2c-67683ed4a1e1","type":"Feature","feature_type":"navPathAssocieted","geometry":null,"properties":{"pathNode_id":"e88ebb11-ffbc-451f-bff4-4d150250e63e","associeted_id":"a47d524e-83e0-465d-bc59-bc64d0926622"}},{"id":"4cf2bdb9-b912-45f6-bd42-1cd7cfa49c06","type":"Feature","feature_type":"navPathAssocieted","geometry":null,"properties":{"pathNode_id":"4e55f40d-81d0-4ebe-a918-21dae65ab719","associeted_id":"a4916bc5-43bd-4f77-a392-1d2764076877"}},{"id":"5e5dc632-74c2-46d6-9c88-9c6dde90e2d4","type":"Feature","feature_type":"navPathAssocieted","geometry":null,"properties":{"pathNode_id":"a44236f7-f61b-45bf-846f-a2b28cf1d2e3","associeted_id":"c2ae373b-a602-432e-96cb-8aeb5c84e445"}},{"id":"ded31e73-5346-4e0f-8233-65f4b97baa25","type":"Feature","feature_type":"navPathAssocieted","geometry":null,"properties":{"pathNode_id":"0791b87d-ef06-4e5b-83a8-2f94241f2616","associeted_id":"4c8bbaad-db31-47f1-9eb3-5ead6b64eb6a"}},{"id":"340a2e56-8d3a-431c-8e9e-8aa2d65271cd","type":"Feature","feature_type":"navPathAssocieted","geometry":null,"properties":{"pathNode_id":"c17b9c3a-94b6-4e16-9853-06e2b9979f9f","associeted_id":"a2927a8f-ea44-4afa-8439-1ed88e8aa080"}},{"id":"de04e862-c262-4078-b907-52a7a432b9af","type":"Feature","feature_type":"navPathAssocieted","geometry":null,"properties":{"pathNode_id":"90b8ff33-b754-49c4-82db-204d1a88bad9","associeted_id":"9913a071-30f1-4bed-aa61-ff7c43f71e0d"}},{"id":"b15beac1-24e4-4431-9833-ad9ef8b4b5b7","type":"Feature","feature_type":"navPathAssocieted","geometry":null,"properties":{"pathNode_id":"4f8f73a7-79e4-4668-999e-17edf8e5005e","associeted_id":"33bf3c99-c11c-4339-bab2-4509e9d03276"}},{"id":"ae5d681c-84e8-4848-a999-440dcce6aa94","type":"Feature","feature_type":"navPathAssocieted","geometry":null,"properties":{"pathNode_id":"60141f25-077d-416b-bef0-7058d4950d61","associeted_id":"59845899-e00a-405c-a857-885bd49afa17"}},{"id":"1e925124-6d13-491c-a63f-58f19f901d42","type":"Feature","feature_type":"navPathAssocieted","geometry":null,"properties":{"pathNode_id":"4af62feb-1964-482d-96d6-7e7723a7bc03","associeted_id":"02b9ca21-e4ae-41a7-8f05-b521f5cd56cd"}},{"id":"700e3c58-d56d-4e6a-a240-44b04ebe6ef4","type":"Feature","feature_type":"navPathAssocieted","geometry":null,"properties":{"pathNode_id":"d9af10dc-d086-4c0e-944c-ca96dd8da3ab","associeted_id":"b9ed01ee-37b0-45b7-90cf-d6f01dab2425"}},{"id":"d5d9f11f-e969-46d0-b06e-55ca5014cf3c","type":"Feature","feature_type":"navPathAssocieted","geometry":null,"properties":{"pathNode_id":"aa3b010b-f377-483d-ac5d-645d072db669","associeted_id":"20ace7de-d590-48f9-8e42-f433e1b53713"}},{"id":"fd3ddc69-68ee-4780-a351-62c9e65dae08","type":"Feature","feature_type":"navPathAssocieted","geometry":null,"properties":{"pathNode_id":"6e54223b-8c11-4bf1-88c4-d3bf503644d4","associeted_id":"cb09d93c-8de8-4a69-9418-97ea1c7a392e"}},{"id":"ac7e0211-f778-4566-b9fc-d66f7b760a60","type":"Feature","feature_type":"navPathAssocieted","geometry":null,"properties":{"pathNode_id":"4da35e69-ab6b-4f3b-82bf-8e958a9457c9","associeted_id":"2546ceae-182e-432d-9a7a-c10536e13ff9"}},{"id":"4f85b4f0-d405-4d98-98c7-2c5894e38a76","type":"Feature","feature_type":"navPathAssocieted","geometry":null,"properties":{"pathNode_id":"3084dc46-c189-4c11-8579-206e4f590465","associeted_id":"e1f1f82f-f346-4888-9656-b2061ef58cba"}},{"id":"9077c399-b075-4f44-8d24-a1dd16538ae2","type":"Feature","feature_type":"navPathAssocieted","geometry":null,"properties":{"pathNode_id":"44c12c2a-33ff-4f35-a543-53783232caf3","associeted_id":"44bb25fc-e0c1-435f-b7f6-04231a19cc5a"}},{"id":"11e01cfd-8966-47cf-80db-db1de0e7054d","type":"Feature","feature_type":"navPathAssocieted","geometry":null,"properties":{"pathNode_id":"d8b7daf7-2456-452c-bfdb-ec6c3e16c4cf","associeted_id":"1c5a61b3-53d3-41a8-983a-e5e670b12669"}},{"id":"60a08610-e2a5-42fb-b2e1-04e7067eee22","type":"Feature","feature_type":"navPathAssocieted","geometry":null,"properties":{"pathNode_id":"4c0f04e7-88d4-4920-bea7-0711de3923dc","associeted_id":"cc10e8f6-03c0-4869-a583-a780074532cb"}},{"id":"a5f4603a-e9b1-4115-ad1b-481ad3f36973","type":"Feature","feature_type":"navPathAssocieted","geometry":null,"properties":{"pathNode_id":"26b5be8a-c6d9-4c2e-9e5f-51eaa1b16761","associeted_id":"b7094816-bd89-4dc8-8c8c-8a4812fa390e"}},{"id":"3e6decc1-8cf0-473b-948c-f30f6dd3ed1f","type":"Feature","feature_type":"navPathAssocieted","geometry":null,"properties":{"pathNode_id":"7f251086-9271-465d-aac6-b035cf89c4f6","associeted_id":"f37cde23-c95a-42a7-a491-a6bcb7975998"}},{"id":"e2675eb7-66e4-4a22-a260-01711ac2cae6","type":"Feature","feature_type":"navPathAssocieted","geometry":null,"properties":{"pathNode_id":"7608a16a-d9f3-488a-bc56-34767d1b8c54","associeted_id":"71a9c147-18e3-4719-a712-c8267f4e5a5a"}},{"id":"f286ef12-7038-4533-80ec-ad6b5acea880","type":"Feature","feature_type":"navPathAssocieted","geometry":null,"properties":{"pathNode_id":"e1c22c1a-cfbf-4240-ac02-a9505cde5f36","associeted_id":"94072c7c-9377-410f-80bc-e2447c69bcfd"}},{"id":"eeb10c81-b152-4cac-8596-85a7cce535ce","type":"Feature","feature_type":"navPathAssocieted","geometry":null,"properties":{"pathNode_id":"8d8f4a2a-7f9f-48e5-8cd0-d583b73173fa","associeted_id":"8c19d7c1-e8dc-40fe-b699-f718bfd0d456"}},{"id":"679c4654-10e2-4f8e-a773-f402e69542bb","type":"Feature","feature_type":"navPathAssocieted","geometry":null,"properties":{"pathNode_id":"051c8600-6681-4c0c-9b20-230d2343fb69","associeted_id":"1a9aef13-1fad-4c6a-8fcb-350cf28311be"}},{"id":"6c6e52c9-98a9-4705-ac78-3575a23187eb","type":"Feature","feature_type":"navPathAssocieted","geometry":null,"properties":{"pathNode_id":"8a2e019a-3721-4b81-a9c3-d17af2cfc5e4","associeted_id":"19b17cb7-68af-4b07-bf9c-fdac856b3946"}},{"id":"5b791cc9-86a5-44af-80fc-8c2dac2c2de5","type":"Feature","feature_type":"navPathAssocieted","geometry":null,"properties":{"pathNode_id":"a6c6d2c7-35ea-411f-a005-fc735403d044","associeted_id":"96f00030-d4fc-4d37-abd0-54d7fd59400a"}},{"id":"3d76e56b-a518-496f-aac6-de9ae8c56ab5","type":"Feature","feature_type":"navPathAssocieted","geometry":null,"properties":{"pathNode_id":"5d81ff8c-a642-4888-a6ba-add103619f0d","associeted_id":"42bbc4f2-683a-4b55-aa6d-6e3673291bc2"}},{"id":"c65825ee-07b4-4e98-afc6-bb87158112f4","type":"Feature","feature_type":"navPathAssocieted","geometry":null,"properties":{"pathNode_id":"e68abe2e-8f93-4b52-9c0a-33c504bf3688","associeted_id":"dcbd1396-09af-485e-951d-d24016fc3ddc"}},{"id":"25af5ea2-54b4-47c5-a3db-e80aec06a2fb","type":"Feature","feature_type":"navPathAssocieted","geometry":null,"properties":{"pathNode_id":"965ebf4a-3436-482f-b153-cecb4448b7c2","associeted_id":"87a165e8-93d8-4a6f-b28c-5f0e9c447028"}},{"id":"c78f1b97-1c6b-4cc6-88e7-fe42be678ce7","type":"Feature","feature_type":"navPathAssocieted","geometry":null,"properties":{"pathNode_id":"1c4e49f5-3627-41a0-9727-d3dc50a873db","associeted_id":"f87d8d08-ca8e-4065-b532-1ad5b771783d"}},{"id":"58e7a4c4-eb93-4d8e-881f-6486a91b1181","type":"Feature","feature_type":"navPathAssocieted","geometry":null,"properties":{"pathNode_id":"145ebdef-7271-4a59-bd03-ce4c0e2bd78f","associeted_id":"b92efa26-61e3-42dd-8856-196d20ea21f6"}},{"id":"f15c77ec-38cb-4a20-884e-a7da10792421","type":"Feature","feature_type":"navPathAssocieted","geometry":null,"properties":{"pathNode_id":"38cdf3c3-1d9e-4ee4-8323-f5c23407fd51","associeted_id":"79467c39-7b17-43dd-ab93-98d36b3fe8fb"}},{"id":"28e0fe03-5f18-4d2e-b71e-57475cc64146","type":"Feature","feature_type":"navPathAssocieted","geometry":null,"properties":{"pathNode_id":"87ba1440-3d55-45b6-8597-54044c2747fd","associeted_id":"25267963-4b4c-4669-a276-4d7c67a89519"}},{"id":"e35b9a0f-907f-4a71-a577-80b67b2622a6","type":"Feature","feature_type":"navPathAssocieted","geometry":null,"properties":{"pathNode_id":"6142dcd8-dc73-4f3b-83ed-542a79566447","associeted_id":"e7f9afa5-6809-4f9e-969f-56b83746f8a9"}},{"id":"a235de10-373d-415c-89b1-fe4ffd86db6a","type":"Feature","feature_type":"navPathAssocieted","geometry":null,"properties":{"pathNode_id":"e7f6e05b-dc23-4445-9962-cc1287e7e742","associeted_id":"a113bb29-5cb3-45aa-a84e-83de6bc16de1"}},{"id":"2c4325d9-a9b0-464e-a5f2-b98046d9c170","type":"Feature","feature_type":"navPathAssocieted","geometry":null,"properties":{"pathNode_id":"062c1ef9-59bb-4eba-93e0-dc49031f2741","associeted_id":"7186e6f7-172b-4c6b-a8be-e4de674ce295"}},{"id":"472889a2-3f85-446f-819f-b809a8564cea","type":"Feature","feature_type":"navPathAssocieted","geometry":null,"properties":{"pathNode_id":"d4a72fb8-25b8-4f79-aaae-f5b9701c613c","associeted_id":"35740ebf-1bb8-42f0-b6c2-f6811876e081"}},{"id":"4951ae2b-be0a-4871-8c3e-fa44d80812c2","type":"Feature","feature_type":"navPathAssocieted","geometry":null,"properties":{"pathNode_id":"2fd1acaa-a848-49ba-a13e-33aa0b344571","associeted_id":"e06d1836-a255-476a-8c05-5e67b7dabdce"}},{"id":"85464c78-2c06-47c7-9e4f-18e0e07f65aa","type":"Feature","feature_type":"navPathAssocieted","geometry":null,"properties":{"pathNode_id":"62e6ffbf-aceb-4d0e-bf7e-93fd68cc457f","associeted_id":"9935ba9d-f918-498b-9e8d-6f2d14325748"}},{"id":"9c5310ae-7766-4dc9-8c87-290d86f593da","type":"Feature","feature_type":"navPathAssocieted","geometry":null,"properties":{"pathNode_id":"0f842dac-b1d7-4ec9-8cba-1b64df35fbf7","associeted_id":"90d3a2eb-9a06-4a46-8000-fa598e35d506"}},{"id":"92555344-e9e9-4b1b-ab6c-b4f64f9c84ce","type":"Feature","feature_type":"navPathAssocieted","geometry":null,"properties":{"pathNode_id":"9cd28574-186f-45c4-b4fe-d4971e06af68","associeted_id":"c14916e2-5438-486a-9b9f-e50731dbbd1d"}},{"id":"819a3ae0-2058-459d-9c90-d93860ddf61b","type":"Feature","feature_type":"navPathAssocieted","geometry":null,"properties":{"pathNode_id":"bdd8b9f7-ab65-4873-a047-fa33656e45e5","associeted_id":"4a713dbf-c433-4689-be27-600b7554aa1a"}},{"id":"7d9286ef-1bcc-4aa9-aaf8-e848256c838d","type":"Feature","feature_type":"navPathAssocieted","geometry":null,"properties":{"pathNode_id":"a6feebc7-a5fe-4b83-9da6-20c7812f3ca9","associeted_id":"be653b6e-f5e0-440d-8931-2ac2160282bb"}},{"id":"da4003bc-e0b2-43c6-9b28-dd487ba9fb55","type":"Feature","feature_type":"navPathAssocieted","geometry":null,"properties":{"pathNode_id":"e8108112-0f8f-41fc-81d1-2fdc60a15a01","associeted_id":"be653b6e-f5e0-440d-8931-2ac2160282bb"}},{"id":"ce32b2f1-375f-44c7-9f9d-54c644cc5645","type":"Feature","feature_type":"navPathAssocieted","geometry":null,"properties":{"pathNode_id":"d785311f-e865-420c-9471-4ec630cb6359","associeted_id":"be653b6e-f5e0-440d-8931-2ac2160282bb"}},{"id":"51a3b5aa-443e-4ddf-a605-268e8bd73cac","type":"Feature","feature_type":"navPathAssocieted","geometry":null,"properties":{"pathNode_id":"a3326a33-5cb8-4483-b93c-f508006adf71","associeted_id":"0a19cbcc-4f0b-456d-bf3f-baa0d5ec600e"}},{"id":"e40f9528-a739-467f-9efa-1de87561b462","type":"Feature","feature_type":"navPathAssocieted","geometry":null,"properties":{"pathNode_id":"5df92c5c-4e3b-438b-a46f-85681f56131c","associeted_id":"84831fe0-622f-4405-bb26-1e655bac0764"}},{"id":"4d76cbeb-8532-424a-9a43-19bcefe5fa4d","type":"Feature","feature_type":"navPathAssocieted","geometry":null,"properties":{"pathNode_id":"ffba5bc6-0797-4ce8-b58d-f4a618cd9a23","associeted_id":"cba04704-c05c-44c2-a4d4-0da343a5d239"}},{"id":"d2cb7109-4e80-47e6-8134-b42adbedf3cb","type":"Feature","feature_type":"navPathAssocieted","geometry":null,"properties":{"pathNode_id":"dc2004bf-9f53-49d6-a124-f24fdc376a65","associeted_id":"13a6739d-048a-4bd4-a60f-fad9b47f2672"}},{"id":"8faa5c37-075a-4336-9b50-ce1c11bb23b3","type":"Feature","feature_type":"navPathAssocieted","geometry":null,"properties":{"pathNode_id":"bada3980-d87a-48f0-8f66-d74345d2d748","associeted_id":"69ab92d3-1439-4423-bd7e-798862c30263"}},{"id":"e43941ea-e78a-474d-8dae-61f88f0d0108","type":"Feature","feature_type":"navPathAssocieted","geometry":null,"properties":{"pathNode_id":"832f25a0-574b-4a0d-bb82-9c5a22fb043e","associeted_id":"61987010-b973-4504-adb2-471ac64f129b"}},{"id":"3f4acddd-8746-4cee-b92a-c64c274e0cb0","type":"Feature","feature_type":"navPathAssocieted","geometry":null,"properties":{"pathNode_id":"0419a713-d59e-4366-a171-ef0746feea01","associeted_id":"35ee1b02-8203-413c-bd46-141d9dfbb0bb"}},{"id":"f399b337-7d5f-4fe1-9b64-3492e4d03c9d","type":"Feature","feature_type":"navPathAssocieted","geometry":null,"properties":{"pathNode_id":"416506e6-fd0b-4fed-85ee-c934ed9f94ed","associeted_id":"82cc5800-cffb-4057-b2bb-af812d5d2f92"}},{"id":"d9836abf-080b-4546-8c59-5e8d73f2c527","type":"Feature","feature_type":"navPathAssocieted","geometry":null,"properties":{"pathNode_id":"b1345f6a-9d27-4e0b-b2c4-ea0195f3157e","associeted_id":"166236c3-9696-4a56-86fa-3fd8dc070591"}},{"id":"e9a58f15-7c33-429a-be09-495ff876843b","type":"Feature","feature_type":"navPathAssocieted","geometry":null,"properties":{"pathNode_id":"431ffeaa-f5cd-4fcd-81e4-0cc9a2c1431e","associeted_id":"0810bad1-c27f-4b4f-ae19-c0121d4b32d2"}},{"id":"a1917dee-c225-4443-a1a2-b6e1e6d87501","type":"Feature","feature_type":"navPathAssocieted","geometry":null,"properties":{"pathNode_id":"7919ae96-f469-48b6-9bd1-fd5424941d72","associeted_id":"c576d36f-f9f8-4c8e-a91e-14020b8e55ec"}},{"id":"6b329534-1ff0-4889-86f8-13d951445e64","type":"Feature","feature_type":"navPathAssocieted","geometry":null,"properties":{"pathNode_id":"0756a0d6-43a1-47a3-9210-acdffb6ef3a3","associeted_id":"81809abe-3196-4f63-819c-7c68f92333e8"}},{"id":"d03641ad-5bc3-49f1-8653-1a4cfdb16b2d","type":"Feature","feature_type":"navPathAssocieted","geometry":null,"properties":{"pathNode_id":"c709828a-cb7c-4ffb-b5ae-a249bd254a0d","associeted_id":"3e91f628-d6bf-4f7f-896c-058b032a9453"}},{"id":"c676942d-f42a-4f89-b45c-7d79084a9612","type":"Feature","feature_type":"navPathAssocieted","geometry":null,"properties":{"pathNode_id":"64eff607-fdc1-4541-87a1-7c7b32b89c7d","associeted_id":"d326036c-b9dc-48d9-a5f6-dfbfadac21a5"}},{"id":"0a069f21-d661-4121-8d4e-5f304ce487e9","type":"Feature","feature_type":"navPathAssocieted","geometry":null,"properties":{"pathNode_id":"da965937-ad7f-4053-96f5-6db263bdeeeb","associeted_id":"63ccbb59-d07d-4a8d-9338-1dcc5ffc4894"}},{"id":"712d9174-b34f-42c2-9683-237d8cf7b6d0","type":"Feature","feature_type":"navPathAssocieted","geometry":null,"properties":{"pathNode_id":"9f3c2bc6-04ba-4399-865d-2379f4512795","associeted_id":"38d0fa81-bc1e-42d4-bc60-490472fd0786"}},{"id":"021dbb4d-178f-44fd-be91-2e0a9737cac7","type":"Feature","feature_type":"navPathAssocieted","geometry":null,"properties":{"pathNode_id":"d5f4206c-023e-41c1-b637-cfdec1c1bcb2","associeted_id":"f5c628d1-22eb-4aeb-a366-5ad7bc21c990"}},{"id":"82c62245-1230-4921-8c45-08ef3da95271","type":"Feature","feature_type":"navPathAssocieted","geometry":null,"properties":{"pathNode_id":"352c3db5-9c73-4b27-bdb2-cc6849927c2f","associeted_id":"9a737430-1e79-4dda-a29e-93d90e64ca90"}},{"id":"f72c1618-c7a2-4d38-8e44-0bcece066e4e","type":"Feature","feature_type":"navPathAssocieted","geometry":null,"properties":{"pathNode_id":"426dbff4-cf37-4925-a021-16befbe07bf6","associeted_id":"a3fb4a8c-7ad4-4e43-b4d7-47e658a80d5d"}},{"id":"2d4e2c2d-b3bf-40c3-87e9-0525f986e72a","type":"Feature","feature_type":"navPathAssocieted","geometry":null,"properties":{"pathNode_id":"4b01f6dc-14fd-47f1-82ff-56fb43e191e0","associeted_id":"3b0d1193-e85f-4249-9ca7-f86367b78f68"}},{"id":"903592a2-33db-4d8a-8997-dcf6c3769134","type":"Feature","feature_type":"navPathAssocieted","geometry":null,"properties":{"pathNode_id":"44ecdf0b-cd7c-436f-8c4b-488857b82776","associeted_id":"c3765fd1-4ec9-4e6b-8591-e286180f3406"}},{"id":"f5052394-659a-4526-9f20-9309f9fae0a7","type":"Feature","feature_type":"navPathAssocieted","geometry":null,"properties":{"pathNode_id":"5d2833dc-61bd-4e15-b657-280bdc70a307","associeted_id":"28c3e666-ce7a-461c-8b03-4ad60d5771f6"}},{"id":"ec147d9d-7f69-4f64-9860-30b1dc0de06a","type":"Feature","feature_type":"navPathAssocieted","geometry":null,"properties":{"pathNode_id":"c8c99c32-82d3-46ce-b3be-2b2c8a7b3b78","associeted_id":"4d89798e-0337-4adf-a754-ceb3521e6e6f"}},{"id":"a8ee0fa0-0cd3-44b6-acb1-5d620630bfe5","type":"Feature","feature_type":"navPathAssocieted","geometry":null,"properties":{"pathNode_id":"ccb2de82-da22-434c-a542-708b821e9b22","associeted_id":"11af8680-ecfa-4775-8b7c-4b79256f4a3d"}},{"id":"31c616b1-1412-4868-a493-e25ffa7b7242","type":"Feature","feature_type":"navPathAssocieted","geometry":null,"properties":{"pathNode_id":"7d5755e5-8015-41a3-9b08-2e7b8e3389ed","associeted_id":"2b63e18b-7795-47e1-bdb6-42cd9f5e988e"}},{"id":"43058040-1baa-498b-b1d3-c6a8d7686f7a","type":"Feature","feature_type":"navPathAssocieted","geometry":null,"properties":{"pathNode_id":"e20c029b-dc8e-42c1-b4b7-2d2dad8b1618","associeted_id":"8d0ce8f1-2735-418b-b533-bbb0d1033ffd"}},{"id":"d072b94d-79c9-4c34-bf7e-8979a593b026","type":"Feature","feature_type":"navPathAssocieted","geometry":null,"properties":{"pathNode_id":"a7638ab3-ab8e-44d3-ab5b-05e50c3bcbe3","associeted_id":"6a193670-49f2-486f-a3cd-a175f0b08436"}},{"id":"99f593fa-abbb-4ba2-a34b-05b4ec2cfc5a","type":"Feature","feature_type":"navPathAssocieted","geometry":null,"properties":{"pathNode_id":"bc174d43-ebad-4690-85fd-f193160f0b44","associeted_id":"7d6352f3-c19f-4aa4-bb87-31f64adc9d3f"}},{"id":"af3bb899-8f3f-4923-8543-45dd715cc160","type":"Feature","feature_type":"navPathAssocieted","geometry":null,"properties":{"pathNode_id":"824b73ff-fb54-402d-9c05-db10645650ee","associeted_id":"c509d739-2d9f-425c-a025-5fb56ae1eeb8"}},{"id":"1252e9fe-795d-41e1-a8f5-99c2211ef22a","type":"Feature","feature_type":"navPathAssocieted","geometry":null,"properties":{"pathNode_id":"10c74e76-5d7a-40e4-aecd-41e56a5e9150","associeted_id":"e682a634-6a2b-4db1-a0ca-d8feb04e41d7"}},{"id":"1c3aeb02-533f-4c74-ab11-f479556172ab","type":"Feature","feature_type":"navPathAssocieted","geometry":null,"properties":{"pathNode_id":"1889d3bf-950e-459b-b03f-77cca9c97192","associeted_id":"d867b529-3d45-42d5-9448-02b942ed0d63"}},{"id":"b88da565-6733-4b6e-88aa-d20beae181fb","type":"Feature","feature_type":"navPathAssocieted","geometry":null,"properties":{"pathNode_id":"31ae61c2-572b-40a2-8e5d-5c4027436537","associeted_id":"a52c0340-b2a0-4ab4-8ded-994e23010c1c"}},{"id":"415bceaa-c7a0-4473-b6fe-3a01840c0423","type":"Feature","feature_type":"navPathAssocieted","geometry":null,"properties":{"pathNode_id":"a705ce7d-02c9-47e1-8c99-6e7c2d22565a","associeted_id":"2863585c-4ecb-4f1f-b4ee-8f2f95272c57"}},{"id":"f25ed152-c965-4e4f-a09e-b027d0270d17","type":"Feature","feature_type":"navPathAssocieted","geometry":null,"properties":{"pathNode_id":"07c56763-f2bf-46a7-931a-f3ee21b94a24","associeted_id":"41a11ee7-587f-46cd-a0f0-010b896541b9"}},{"id":"f9be43ce-335a-46f3-92c8-9a1f55bd2786","type":"Feature","feature_type":"navPathAssocieted","geometry":null,"properties":{"pathNode_id":"d8a5ccc0-c30e-44f9-8886-827b1717d30e","associeted_id":"8af348da-c34b-49f5-b681-c663352721f0"}},{"id":"645d29bd-51e5-41b4-ac0e-51abd6f6dbf0","type":"Feature","feature_type":"navPathAssocieted","geometry":null,"properties":{"pathNode_id":"30d8a7ae-813b-4593-b23f-157ea2196a84","associeted_id":"af44b5f7-d6b0-414a-aa3d-ea075f5459f6"}},{"id":"59ea432d-ea05-41ab-84c0-f392baf8cf1c","type":"Feature","feature_type":"navPathAssocieted","geometry":null,"properties":{"pathNode_id":"ae6d9fe7-1aa3-49d6-9e9c-78d005d1607c","associeted_id":"eb0efc87-f582-49fe-b3f9-af56d6fd5baf"}},{"id":"12bd5b2d-1cd0-4cad-9dce-2ce57e043a85","type":"Feature","feature_type":"navPathAssocieted","geometry":null,"properties":{"pathNode_id":"88b6f73b-d079-4431-b260-4c5cae4deb7b","associeted_id":"f81e13b2-af94-4230-8ada-f2b46155a19e"}},{"id":"bf9c14dd-108e-4232-bca0-26bd6ab8ab07","type":"Feature","feature_type":"navPathAssocieted","geometry":null,"properties":{"pathNode_id":"6f9bb948-dd6f-4f9f-b2bd-f0c54c03002f","associeted_id":"b5584351-d53b-4a87-948e-0dd4918915a0"}},{"id":"6ea4e3f1-b00a-43ea-b00c-1890af39e230","type":"Feature","feature_type":"navPathAssocieted","geometry":null,"properties":{"pathNode_id":"591eb798-f91d-4e3d-a4b3-b8d34540db6c","associeted_id":"375fcca6-4486-4f6e-bf3c-9fe8ea049333"}},{"id":"28d03620-3057-440a-b05b-79a9fcdea040","type":"Feature","feature_type":"navPathAssocieted","geometry":null,"properties":{"pathNode_id":"bfb67a39-9ea1-4284-af13-467fc6730226","associeted_id":"08a2bb3b-009b-427f-8db1-840c1ca9cf88"}},{"id":"48897faa-4bac-4924-864b-07e2898e2a66","type":"Feature","feature_type":"navPathAssocieted","geometry":null,"properties":{"pathNode_id":"f0c643a7-2327-4ebe-afb7-638712da78f2","associeted_id":"39650731-6f88-4e02-9fa8-03ecc52e223e"}},{"id":"5950fffa-147d-4555-987d-9e2a9047d152","type":"Feature","feature_type":"navPathAssocieted","geometry":null,"properties":{"pathNode_id":"a8678d93-c3ed-4721-9d54-881497f6fd63","associeted_id":"4db11c0e-276c-4c99-b402-8efb21f09c46"}},{"id":"1b8cd7c7-d664-4dd3-8d0e-0fc3fafea345","type":"Feature","feature_type":"navPathAssocieted","geometry":null,"properties":{"pathNode_id":"f7555387-ec94-42ea-b3e2-7df4e342d33b","associeted_id":"178548e7-80f5-4696-bb89-0bcda7083d78"}},{"id":"fc1201fa-309f-4716-b975-40511d6ce6bf","type":"Feature","feature_type":"navPathAssocieted","geometry":null,"properties":{"pathNode_id":"405533ee-2c5f-4fa4-9799-4a052f0c781f","associeted_id":"3039bd57-1b24-4b01-b8ab-450cf8f7f4c5"}},{"id":"06dbed27-b8ea-4ec8-a3f3-579ec982a035","type":"Feature","feature_type":"navPathAssocieted","geometry":null,"properties":{"pathNode_id":"b7132c64-2483-4035-a603-5ba1d2193ed1","associeted_id":"e2889c52-ba6b-4a66-b3cb-d9ea64247b54"}},{"id":"24f6f83f-5ee0-4af1-9089-2989836cff60","type":"Feature","feature_type":"navPathAssocieted","geometry":null,"properties":{"pathNode_id":"ecd52456-c6c6-4d55-95a5-aa28a883ded8","associeted_id":"d4256439-02a3-4587-8994-7eae26603d9c"}},{"id":"abe2b5ad-32ae-43db-90f6-c750cdcef9f3","type":"Feature","feature_type":"navPathAssocieted","geometry":null,"properties":{"pathNode_id":"e4af7684-80d3-4d92-b1c5-f001d5e091b6","associeted_id":"dc8798f3-a23c-4379-9166-98f0b4a4e02d"}},{"id":"532e33a9-04ea-4a32-9ea8-9f51f2634de3","type":"Feature","feature_type":"navPathAssocieted","geometry":null,"properties":{"pathNode_id":"bf85ab19-ae5c-4f78-a552-92f017f07935","associeted_id":"aec8284e-3556-4baa-a9ca-c44e6b7a90ec"}},{"id":"98d56be8-25f3-4fd7-bae0-0e236e2b1a9d","type":"Feature","feature_type":"navPathAssocieted","geometry":null,"properties":{"pathNode_id":"2a0cd34b-76f4-495f-b3fa-c829c1770851","associeted_id":"2aa39d34-bcbe-4e3e-847f-dbbb4531b0b5"}},{"id":"4741a27c-81e8-4ded-b2f7-8c054232f155","type":"Feature","feature_type":"navPathAssocieted","geometry":null,"properties":{"pathNode_id":"aea2c58e-ee99-449c-be77-45f47ce7aa6d","associeted_id":"90a6d614-08a9-4911-9935-5bbe740ba57c"}},{"id":"8daf3c23-fa3d-4d1c-948d-a5b48135addd","type":"Feature","feature_type":"navPathAssocieted","geometry":null,"properties":{"pathNode_id":"79850d52-62e9-4309-a8cb-a26317688e9c","associeted_id":"6652662c-b0db-4d20-ab38-3c134ea15332"}},{"id":"cb247126-5fdf-4ae8-a90d-593adb032f34","type":"Feature","feature_type":"navPathAssocieted","geometry":null,"properties":{"pathNode_id":"1d3a9cac-182f-4bb3-b852-452ffe62a19e","associeted_id":"c8fa8dcc-d272-49b6-81a6-ee3f728bd3ec"}},{"id":"cc242ead-3864-4889-8794-97a7bc55e563","type":"Feature","feature_type":"navPathAssocieted","geometry":null,"properties":{"pathNode_id":"e1b0e9d3-9288-4d3d-a5d6-dadc701beab5","associeted_id":"2e1ad902-da48-4025-b21c-958a86558dbf"}},{"id":"16d30cbc-09d7-4cba-b1da-7d7a6c893771","type":"Feature","feature_type":"navPathAssocieted","geometry":null,"properties":{"pathNode_id":"ed809e17-410f-4a6c-80a1-3ea88fa223d1","associeted_id":"a2c5cf7c-3b6b-4cbc-a275-5d63bd8916e0"}},{"id":"dddef057-2e82-4cb4-a0d8-a08376e54ef7","type":"Feature","feature_type":"navPathAssocieted","geometry":null,"properties":{"pathNode_id":"5ad35680-3ac7-426d-9744-4b79c8b0f389","associeted_id":"a45f1f29-99fe-4fae-9801-c975866e9c8a"}},{"id":"a2726eea-e781-4024-ae29-de76c3087e1c","type":"Feature","feature_type":"navPathAssocieted","geometry":null,"properties":{"pathNode_id":"65783025-80d7-4d64-82c8-869cf53a913a","associeted_id":"2124ae0c-6172-4a0b-9296-4dff6f02ee53"}},{"id":"7f4bcf4b-89d4-47d9-984c-dd6d648b7be2","type":"Feature","feature_type":"navPathAssocieted","geometry":null,"properties":{"pathNode_id":"c684f962-c50c-49e8-99ef-c20d8a28fcab","associeted_id":"e6ce7dc5-c5fa-4b48-90ca-85240aaec13a"}},{"id":"81cb85eb-c60b-4758-9aa6-6977e8ce8969","type":"Feature","feature_type":"navPathAssocieted","geometry":null,"properties":{"pathNode_id":"7c6aef93-ec7c-4980-8d1f-694f530c976c","associeted_id":"a033df6c-2561-4b49-a0f6-5ecdc6482f65"}},{"id":"513d8a0d-114b-498d-9115-d4e1b9d419af","type":"Feature","feature_type":"navPathAssocieted","geometry":null,"properties":{"pathNode_id":"177c584c-a1c7-49cf-845c-799a901186bf","associeted_id":"db7003df-ea13-43b9-b810-4388278ccee0"}},{"id":"e355aaf4-aa0d-43bd-910e-d857a3599ad2","type":"Feature","feature_type":"navPathAssocieted","geometry":null,"properties":{"pathNode_id":"39874324-12d1-45d3-98cc-346d7eb01925","associeted_id":"ae91671f-8f69-45cc-b7ee-efb6471d999e"}},{"id":"312ff8e6-d181-4f16-902d-09dcd34dee1a","type":"Feature","feature_type":"navPathAssocieted","geometry":null,"properties":{"pathNode_id":"a387af3f-c63f-4c1c-af3d-aa2631f72164","associeted_id":"5fcf7e30-f2f3-4eef-acc0-ff95b124b23c"}},{"id":"a9349b2c-9f18-46ed-9a3e-6cca06af9f29","type":"Feature","feature_type":"navPathAssocieted","geometry":null,"properties":{"pathNode_id":"d1503c05-0a53-4f88-b262-45454bf63e03","associeted_id":"775cb49c-3bc2-483f-a180-8e740465b358"}},{"id":"11a19fa5-d90a-4a11-a9ed-4b91455c7b34","type":"Feature","feature_type":"navPathAssocieted","geometry":null,"properties":{"pathNode_id":"21ca8247-b5fc-4ae4-be53-a26ee934105a","associeted_id":"0e3247f4-3c4f-4ebf-b695-af3482354cf8"}},{"id":"506e1a7f-56b7-42f3-810a-27ed0b5ca0b2","type":"Feature","feature_type":"navPathAssocieted","geometry":null,"properties":{"pathNode_id":"d3d92052-e465-453a-977a-a811805792a5","associeted_id":"381afc39-62b4-48e0-bc6c-ad46abda59d0"}},{"id":"4d91993d-903a-4ecc-ab9d-5f8776eb725e","type":"Feature","feature_type":"navPathAssocieted","geometry":null,"properties":{"pathNode_id":"e5469b7d-32e4-4c5c-8423-93502d880978","associeted_id":"a6a89ff3-535d-4187-98ab-65e4b5ab6b24"}},{"id":"0b606b37-46b6-44d3-9cc8-b5c15358380c","type":"Feature","feature_type":"navPathAssocieted","geometry":null,"properties":{"pathNode_id":"33063e2e-2b6a-4f57-a3f5-96b89a90ab16","associeted_id":"1deef4c8-3c62-45ea-9bca-65369b1f762f"}},{"id":"18661d5f-ed33-46a2-8dcd-afb32c47cd2d","type":"Feature","feature_type":"navPathAssocieted","geometry":null,"properties":{"pathNode_id":"22b33a01-7570-40b6-a2c3-1b7a78726851","associeted_id":"68095da9-2237-4c7d-84f5-44f095850cfc"}},{"id":"7f52d578-be89-49e5-b285-94405f6e0f13","type":"Feature","feature_type":"navPathAssocieted","geometry":null,"properties":{"pathNode_id":"01ce35dd-493b-4568-bda2-c99b8139b9ab","associeted_id":"ba990e19-cbd7-4b12-8b72-dbd098a1614d"}},{"id":"77b866d8-fb4d-46f0-a348-2cd8d58d8dac","type":"Feature","feature_type":"navPathAssocieted","geometry":null,"properties":{"pathNode_id":"a962b0e6-976e-4f37-bd92-a5bfc207980a","associeted_id":"fbee1346-7ab0-43aa-9873-e5671f14db49"}},{"id":"ce1fb8e2-fd51-4ae0-9e7b-6238548b5720","type":"Feature","feature_type":"navPathAssocieted","geometry":null,"properties":{"pathNode_id":"6b3f7b03-ecc6-482e-a220-b518a0f0e00d","associeted_id":"5300a215-48cb-43e2-a0c4-71e45fa73564"}},{"id":"ff766314-14fc-481d-931c-020f46308971","type":"Feature","feature_type":"navPathAssocieted","geometry":null,"properties":{"pathNode_id":"96d214b0-8001-4686-aab0-a68cc7f295c0","associeted_id":"f6a13601-2fbf-4851-82e4-fba81dca50c1"}},{"id":"12a34c7c-a567-475b-be21-4fd0f87798b2","type":"Feature","feature_type":"navPathAssocieted","geometry":null,"properties":{"pathNode_id":"0db0fd94-9fa4-4f6b-aac6-e31103a172b5","associeted_id":"a7340e0c-1912-4ba8-89ab-4669c30e7575"}},{"id":"0a2627fd-2f3b-4477-b05c-f16eb0909fc4","type":"Feature","feature_type":"navPathAssocieted","geometry":null,"properties":{"pathNode_id":"eca308d0-0de6-4343-89d2-b50aee56ec65","associeted_id":"a7340e0c-1912-4ba8-89ab-4669c30e7575"}},{"id":"f89c1553-4d51-491f-8433-f65a7512aa3c","type":"Feature","feature_type":"navPathAssocieted","geometry":null,"properties":{"pathNode_id":"58f00ca1-a7b6-42bc-a890-9022ffee8ad6","associeted_id":"53624ae1-a9cd-41ec-b062-73cb7c38d641"}},{"id":"0aca42ca-edd7-431d-a843-570cafabe51d","type":"Feature","feature_type":"navPathAssocieted","geometry":null,"properties":{"pathNode_id":"68fb556b-d437-4654-a131-7ff9941472e4","associeted_id":"9c73bdbd-6c12-41be-bd98-1b2e65f66d21"}},{"id":"61676ac1-0f66-48ea-aee8-a79d9b14b38d","type":"Feature","feature_type":"navPathAssocieted","geometry":null,"properties":{"pathNode_id":"f986f2b1-7c60-4dcc-a031-cedcf932de69","associeted_id":"95cd4957-7f55-4149-8e56-6394572ad853"}},{"id":"6dafcba4-baed-43b6-8f60-3622564dcff5","type":"Feature","feature_type":"navPathAssocieted","geometry":null,"properties":{"pathNode_id":"29501d8d-ffb3-4212-bc4b-306adcdd2050","associeted_id":"d0e6ff9b-45d4-4f1d-bd1a-f7fa39ca30db"}},{"id":"1c008edc-2400-4dd4-83ed-db331b87a212","type":"Feature","feature_type":"navPathAssocieted","geometry":null,"properties":{"pathNode_id":"c73fc236-c3a5-4358-8a66-fa5ca1980b49","associeted_id":"753107c0-a419-4bc4-bd72-02b31d672728"}},{"id":"53ec0202-72b3-4490-b6d0-dae9dbec15aa","type":"Feature","feature_type":"navPathAssocieted","geometry":null,"properties":{"pathNode_id":"2ddf3708-f2f8-476a-8095-f6693ae06c9e","associeted_id":"d7c16a38-457b-49bc-8fe9-568dae199221"}},{"id":"749957c1-a02f-4fa5-b363-fba4e915e0f7","type":"Feature","feature_type":"navPathAssocieted","geometry":null,"properties":{"pathNode_id":"d78d928d-62b2-43f3-a5ad-543ee160bdee","associeted_id":"252e249c-35e4-4184-9933-4f65fd39028f"}},{"id":"797ebae5-5ac2-4326-bc58-7bc67d822e5c","type":"Feature","feature_type":"navPathAssocieted","geometry":null,"properties":{"pathNode_id":"4706091c-ef53-4395-bcfd-dafdcf66a024","associeted_id":"e97aa682-7710-487a-83c2-a4b643a4048a"}},{"id":"d35538c0-cd69-4d5c-8b04-79bfec590c64","type":"Feature","feature_type":"navPathAssocieted","geometry":null,"properties":{"pathNode_id":"36944b51-361b-4a7a-abc7-b24250646e26","associeted_id":"f4b431bb-27a5-4b84-bb26-ac0753471a68"}},{"id":"ad4f5e8e-af33-4c3d-a6c8-dcfa9aa5d7cc","type":"Feature","feature_type":"navPathAssocieted","geometry":null,"properties":{"pathNode_id":"e439c275-d723-437f-ac5c-9f140ae69c00","associeted_id":"f5619edd-dd61-40f4-ac99-dfb6736a46d0"}},{"id":"55164339-3bed-498c-92a6-e0f5b42b581f","type":"Feature","feature_type":"navPathAssocieted","geometry":null,"properties":{"pathNode_id":"29ba627f-7d1d-41fc-adba-9f71443e4ecb","associeted_id":"9b1014a2-2da0-461b-b05d-f363e24674f5"}},{"id":"28fd7293-df5c-4ec8-92b9-1db072c76383","type":"Feature","feature_type":"navPathAssocieted","geometry":null,"properties":{"pathNode_id":"e2ad5cea-d0f1-49db-b06a-9ed6518dfe5e","associeted_id":"704e8b37-42de-4738-97b7-f6294b14da10"}},{"id":"0d024307-36e3-4797-ac4f-32f81560c995","type":"Feature","feature_type":"navPathAssocieted","geometry":null,"properties":{"pathNode_id":"633761e9-a15b-4768-afb5-1bcbe954af5c","associeted_id":"d38e3337-8935-4a42-99bf-5ae64c66c4d0"}},{"id":"23857c78-6912-465c-a3e2-a9c3261f53fb","type":"Feature","feature_type":"navPathAssocieted","geometry":null,"properties":{"pathNode_id":"044e18d6-c8c5-4b33-bd40-ead543274a0e","associeted_id":"bb43360d-b91a-4ef0-8b72-a0a96bb55992"}},{"id":"9a81bce3-9846-45cf-8399-d779ca9f08de","type":"Feature","feature_type":"navPathAssocieted","geometry":null,"properties":{"pathNode_id":"90f5da7b-758b-41bb-97da-656b92bd0852","associeted_id":"fdc0b664-7727-45ec-ab86-32b3b87b90ed"}},{"id":"2d3b47c5-76c6-4c60-940b-3a0ee2cbd8fe","type":"Feature","feature_type":"navPathAssocieted","geometry":null,"properties":{"pathNode_id":"e3b38cfa-25d5-4263-b9d5-e63b4e31feb5","associeted_id":"4db6556d-23cb-43e7-86af-b1d8c7e03c5e"}},{"id":"7429763f-ca02-4d1c-85ec-cbd9c09a6564","type":"Feature","feature_type":"navPathAssocieted","geometry":null,"properties":{"pathNode_id":"67b7451b-880d-4628-a088-9c1b8e712226","associeted_id":"f2ffb178-c376-42c8-b8e1-4266aabb8a4e"}},{"id":"33112741-ec8b-4c36-9900-152a4c2e1b0d","type":"Feature","feature_type":"navPathAssocieted","geometry":null,"properties":{"pathNode_id":"206bafa3-a285-44eb-824b-5ff7e58ec732","associeted_id":"c2518e70-e45b-4a4e-8ef4-387e6ee0f3f9"}},{"id":"2489282f-8d5e-4927-8445-8b0a972a6ace","type":"Feature","feature_type":"navPathAssocieted","geometry":null,"properties":{"pathNode_id":"756d05a9-ddf2-4bbb-a592-2c701c18c306","associeted_id":"9b414aca-b0fe-4c8b-bfd4-8cb030f75aad"}},{"id":"6788f93f-87dd-415e-9936-32a1e18c328f","type":"Feature","feature_type":"navPathAssocieted","geometry":null,"properties":{"pathNode_id":"50496ec0-b2f9-43b1-8633-4978faf9d52f","associeted_id":"507c0977-3dc1-4143-a582-971751632a09"}},{"id":"ec16a205-5320-4507-9c12-8ec4da310050","type":"Feature","feature_type":"navPathAssocieted","geometry":null,"properties":{"pathNode_id":"31b0ed2f-bc38-4607-b669-8c60eaf9c799","associeted_id":"fb86b6b0-daef-406a-96f2-d9fc43932fb6"}},{"id":"e25112c4-88cd-4bc3-a82f-7d1303a9c7a1","type":"Feature","feature_type":"navPathAssocieted","geometry":null,"properties":{"pathNode_id":"9d5e24f0-5c85-485e-ad62-f12d6a54582a","associeted_id":"137bac07-dca2-4e0d-a5e1-55fa4597e578"}},{"id":"45ec103a-26a0-440e-ba21-4eba138271c3","type":"Feature","feature_type":"navPathAssocieted","geometry":null,"properties":{"pathNode_id":"193a4e30-ceb2-4278-9852-196b3c2dc884","associeted_id":"b2866662-39ee-463f-914d-411d56a1897c"}},{"id":"f7be2e56-12e7-4117-bb1b-413c31342924","type":"Feature","feature_type":"navPathAssocieted","geometry":null,"properties":{"pathNode_id":"bf99969f-95f3-457a-a1b4-64633af984af","associeted_id":"6aa3efaf-2d1a-4929-b660-b190f20ceef5"}},{"id":"fb689cf3-d84c-417a-b045-e0ccade3529b","type":"Feature","feature_type":"navPathAssocieted","geometry":null,"properties":{"pathNode_id":"2cf057e7-1474-4fcb-b876-c3cd11c91be8","associeted_id":"9a25dbd3-a720-4cc6-9c00-3f07dd77229a"}},{"id":"c77b8db8-6534-4331-9d9e-22ccca3d70c8","type":"Feature","feature_type":"navPathAssocieted","geometry":null,"properties":{"pathNode_id":"5171f144-3699-4873-81fa-a422ee6404c7","associeted_id":"02fb137a-d129-4f62-9cfd-a946cb2a7b1b"}},{"id":"228fc522-0fe0-4d82-9f8b-5e46413f00ef","type":"Feature","feature_type":"navPathAssocieted","geometry":null,"properties":{"pathNode_id":"15dcb37b-47d6-436b-ae38-051d64eaf4ee","associeted_id":"4ca92cc9-2520-4932-afa9-745f8d711446"}},{"id":"ca10cc23-a0f2-4a6c-b4fa-932ba7e3b5be","type":"Feature","feature_type":"navPathAssocieted","geometry":null,"properties":{"pathNode_id":"892aa675-b076-4bf5-af6d-ccf4ec98d27e","associeted_id":"972c6a6c-02d7-43f8-8839-808e85bfbaa2"}},{"id":"ace37efa-8f2f-4c17-b895-ff981b1cecba","type":"Feature","feature_type":"navPathAssocieted","geometry":null,"properties":{"pathNode_id":"d385242e-58cb-4810-b2f9-658eefda834b","associeted_id":"f732108b-58a6-4528-937c-eaf27987fd75"}},{"id":"77a30c74-ee96-46db-b5fb-412d57d45313","type":"Feature","feature_type":"navPathAssocieted","geometry":null,"properties":{"pathNode_id":"fa7b34d9-c136-490d-b7a8-e4ff846f84b9","associeted_id":"73a7c105-cc34-41b1-85a7-f6cf5b15a945"}},{"id":"f22bc427-4a3b-4bb2-a70a-ecc00f3c3760","type":"Feature","feature_type":"navPathAssocieted","geometry":null,"properties":{"pathNode_id":"ebf4adef-8732-40c7-8527-f5f87fd88a40","associeted_id":"65e9de91-64ee-4f34-9dfc-df525e1ad429"}},{"id":"91e5f232-b3f0-4512-a9c6-825ce96affb2","type":"Feature","feature_type":"navPathAssocieted","geometry":null,"properties":{"pathNode_id":"3c552580-07ee-4802-be71-dfeb6a451a0a","associeted_id":"1dd30fbf-9283-4cc6-8051-34e41b7a0868"}},{"id":"2c113d01-c310-4f19-ae83-595e48203133","type":"Feature","feature_type":"navPathAssocieted","geometry":null,"properties":{"pathNode_id":"1303bdb2-2b49-4584-9f9a-668ab114c2a8","associeted_id":"9ea55d9b-03bc-4f3a-914a-3205c30d8d23"}},{"id":"c9637ab9-e317-4ef2-9ae8-96d2f4dbc9be","type":"Feature","feature_type":"navPathAssocieted","geometry":null,"properties":{"pathNode_id":"509c6021-ff4d-4b24-a46c-43570598ed79","associeted_id":"fe0d3eba-35de-4cc8-baf9-7b63aea82d56"}},{"id":"6fbe8c0c-59f0-4d37-a4b0-f689dd21480f","type":"Feature","feature_type":"navPathAssocieted","geometry":null,"properties":{"pathNode_id":"bc33c9d4-c08a-4d99-b631-94b88191699e","associeted_id":"c7fff9b1-2110-413b-bab3-a0b0d691e299"}},{"id":"30ae921a-a993-4927-9a51-29a05b1dbae3","type":"Feature","feature_type":"navPathAssocieted","geometry":null,"properties":{"pathNode_id":"2984cf76-44ee-4594-bbb7-a25798fe2f86","associeted_id":"83db13c8-9029-4780-9257-efe73653aa39"}},{"id":"ce81b8b2-5890-4751-be35-18fe239ef844","type":"Feature","feature_type":"navPathAssocieted","geometry":null,"properties":{"pathNode_id":"e7fb93cd-1784-48f5-8952-49cad8e05d75","associeted_id":"802ce5d9-10e5-40c2-86f0-6c42b984140d"}},{"id":"27fffb35-58cc-4168-8cfd-25eb8b11d024","type":"Feature","feature_type":"navPathAssocieted","geometry":null,"properties":{"pathNode_id":"1d7298e0-295e-415b-831e-fd21e9087ef2","associeted_id":"26438a30-d439-439b-9e7b-ce5325de89b8"}},{"id":"7cfc5ce8-6f16-412c-8e34-3063abb3a5a6","type":"Feature","feature_type":"navPathAssocieted","geometry":null,"properties":{"pathNode_id":"bf37c809-cd17-487b-b87d-25a8ee7ee530","associeted_id":"1df4280b-73e1-4644-a872-2980dbe9743a"}},{"id":"18f4bd38-4e53-4426-bbf1-f8177a6938b8","type":"Feature","feature_type":"navPathAssocieted","geometry":null,"properties":{"pathNode_id":"41ebd32f-9ba7-4ba7-a01d-594a8aa475a5","associeted_id":"1df4280b-73e1-4644-a872-2980dbe9743a"}},{"id":"3471dd33-7413-4a85-b72a-a78647b95a85","type":"Feature","feature_type":"navPathAssocieted","geometry":null,"properties":{"pathNode_id":"1fef5b7c-92b9-4c87-815d-e9a2a62861f9","associeted_id":"de453b99-d056-4427-81cb-4d3a6dbd8dc8"}},{"id":"02eb8706-a1ec-4ca9-b624-f746fbe5f52e","type":"Feature","feature_type":"navPathAssocieted","geometry":null,"properties":{"pathNode_id":"0019d3dc-9882-40cf-b3b2-feea393a66ac","associeted_id":"e5dff2f4-1633-4ee2-9c2f-d241d6c68d25"}},{"id":"82279488-b312-44ef-8854-dea4623d5b44","type":"Feature","feature_type":"navPathAssocieted","geometry":null,"properties":{"pathNode_id":"fe0308fe-4843-4451-b0da-b20b81008036","associeted_id":"29c41601-af71-4374-8e55-9960c11b3468"}},{"id":"a2ea2104-f778-4900-89ff-b31bdd59a601","type":"Feature","feature_type":"navPathAssocieted","geometry":null,"properties":{"pathNode_id":"0468661c-d70d-4d34-a0c7-1ac400cff1a3","associeted_id":"c46f68fd-ed75-4d93-9852-cd290298e49f"}},{"id":"38b3c38f-09bf-4510-bea3-42464d9938e5","type":"Feature","feature_type":"navPathAssocieted","geometry":null,"properties":{"pathNode_id":"af86b69a-3a9e-4187-b20f-3ef3b4c53c23","associeted_id":"c6fb7ae0-c2b3-48a5-bf1b-e2ece6947271"}},{"id":"3f9eaa75-c314-4325-9dc6-99ba09daaf83","type":"Feature","feature_type":"navPathAssocieted","geometry":null,"properties":{"pathNode_id":"5b9605c0-8bd5-4a10-bc0e-5225e0294855","associeted_id":"e88a6abc-51db-4f4c-803a-651e90ea5bb4"}},{"id":"187f0465-fe3c-4c8f-8765-2fbf013748b4","type":"Feature","feature_type":"navPathAssocieted","geometry":null,"properties":{"pathNode_id":"f4473099-bad7-4587-b70c-853e645dd7c0","associeted_id":"163ffa0a-d30a-466d-a864-dfeb33dba041"}},{"id":"85fd8c99-f5e9-465b-a6cc-9a83a4415fc7","type":"Feature","feature_type":"navPathAssocieted","geometry":null,"properties":{"pathNode_id":"902caa33-8f2d-4cbc-86c6-334084af6dac","associeted_id":"21d1818e-5aed-4e65-af25-c67523986a67"}},{"id":"faee1a3d-930a-42dd-948b-0282ee3c272e","type":"Feature","feature_type":"navPathAssocieted","geometry":null,"properties":{"pathNode_id":"629c89d2-7e88-4144-bb9b-18f8bbacef5a","associeted_id":"da0ce017-7255-42d5-846f-7c18c9644b3f"}},{"id":"281e51ef-e16d-4e7f-a34f-6a381d147d47","type":"Feature","feature_type":"navPathAssocieted","geometry":null,"properties":{"pathNode_id":"cdd88fb8-26f1-4abd-b344-6cc717b55dab","associeted_id":"badf3d17-4c82-4b31-ad96-0bee213a91ff"}},{"id":"6ffd77a6-5014-4fe2-97e9-fdd071aca83b","type":"Feature","feature_type":"navPathAssocieted","geometry":null,"properties":{"pathNode_id":"285549d9-b0d4-480d-b4bf-6736d4590a73","associeted_id":"68af7f3f-edd6-425a-a7fe-f5c4c82eb5a3"}},{"id":"4dfd8090-c260-498c-ad5f-372a918d6aea","type":"Feature","feature_type":"navPathAssocieted","geometry":null,"properties":{"pathNode_id":"08190cef-a4f6-4897-b0cd-d8138e7aae3a","associeted_id":"c4c43734-f2f4-4227-adb6-741c0bb3a893"}},{"id":"c6521f24-ab73-4449-b6be-f108577aa76d","type":"Feature","feature_type":"navPathAssocieted","geometry":null,"properties":{"pathNode_id":"ab270a6a-7ce0-4a51-bd97-a066e1dafb77","associeted_id":"4a18314d-baf9-4794-93c2-f1606d7cc45c"}},{"id":"845e18e0-903c-4b5b-9237-765469910dad","type":"Feature","feature_type":"navPathAssocieted","geometry":null,"properties":{"pathNode_id":"74a9baeb-adb0-4bca-b8d5-dee8a64781f7","associeted_id":"c00fddc2-62b7-4237-997c-a8c33c407943"}},{"id":"e41fde22-29ba-4c6d-b052-6185e79e2705","type":"Feature","feature_type":"navPathAssocieted","geometry":null,"properties":{"pathNode_id":"57f3ce9a-8f97-4691-86c1-be4a5ff7e2f9","associeted_id":"fb67d0a8-5f38-4205-b0c4-aa3a37bbf1e0"}},{"id":"66498827-f114-456d-8b8f-f015e7156657","type":"Feature","feature_type":"navPathAssocieted","geometry":null,"properties":{"pathNode_id":"80069f0c-dfaf-4bd0-88aa-5300c2cb72ed","associeted_id":"5a0bde4a-94d3-438c-b5a8-8e6490592dcc"}},{"id":"0292a47e-cd1d-4758-8553-a08e0665a2ce","type":"Feature","feature_type":"navPathAssocieted","geometry":null,"properties":{"pathNode_id":"efecc2d5-1ab3-46a4-9f0a-98468e4e83ac","associeted_id":"16df5b80-2b6b-4d14-b91c-87fecaac849a"}},{"id":"afb5ef55-23c8-4bd9-a0e9-71c404f50c0d","type":"Feature","feature_type":"navPathAssocieted","geometry":null,"properties":{"pathNode_id":"75ac2981-e559-49ac-8e90-f6a4940cb750","associeted_id":"d3e04bfa-9d2c-4d88-a050-20a277367448"}},{"id":"9d2dcef1-105c-4082-9e41-991871c865a3","type":"Feature","feature_type":"navPathAssocieted","geometry":null,"properties":{"pathNode_id":"98718b82-5735-48a0-b489-2c1ed46f217b","associeted_id":"98a95958-218a-4b5d-adda-73494d95cb2b"}},{"id":"61b5facc-744c-407b-9646-cee72c44da7d","type":"Feature","feature_type":"navPathAssocieted","geometry":null,"properties":{"pathNode_id":"d4aed4f3-8670-4ed4-9a6a-8fc280263601","associeted_id":"d494a3ba-a87c-4906-a189-5d72c200a6ea"}},{"id":"3580dac5-09db-4229-8764-bc71e4cc8379","type":"Feature","feature_type":"navPathAssocieted","geometry":null,"properties":{"pathNode_id":"7e0a1c62-f6ba-4eb2-a26e-c3e3590d3422","associeted_id":"1a6b9b37-e479-438f-8b12-910434796e2e"}},{"id":"a1715946-92f7-409c-8971-22e0bd06266a","type":"Feature","feature_type":"navPathAssocieted","geometry":null,"properties":{"pathNode_id":"7e0a1c62-f6ba-4eb2-a26e-c3e3590d3422","associeted_id":"ac4e697f-75b8-439f-aae5-e6634c422ab2"}},{"id":"93961e7c-0c88-41c7-aa39-04b9d338e5e5","type":"Feature","feature_type":"navPathAssocieted","geometry":null,"properties":{"pathNode_id":"b2dca938-81ba-41fd-a19a-5e735135c5f8","associeted_id":"3d051db9-7dd5-4459-901f-bf0f490c4bba"}},{"id":"bedfbee6-99e7-4150-8863-52cd7331aeef","type":"Feature","feature_type":"navPathAssocieted","geometry":null,"properties":{"pathNode_id":"cfd1ddea-691b-42e0-b0f7-ed1e16c9ca6d","associeted_id":"3b9f2e92-8afd-40d1-adaa-7dab00dca9f1"}},{"id":"eba94b2f-b62a-4fe8-8426-edae810f4250","type":"Feature","feature_type":"navPathAssocieted","geometry":null,"properties":{"pathNode_id":"8d69faf9-4ac8-4b5f-bc5c-bc2207dfef35","associeted_id":"5cc50e23-e58e-4738-8eeb-f7cc57d22785"}},{"id":"0f2cf345-0a7e-44a0-932a-a5264a5ad473","type":"Feature","feature_type":"navPathAssocieted","geometry":null,"properties":{"pathNode_id":"0eba7b88-1370-46e3-bf42-f49ea1be3f89","associeted_id":"8659b6bf-a1ed-4103-b07f-67e573927998"}},{"id":"3b901bf1-ee4f-4c85-853c-623728361b4a","type":"Feature","feature_type":"navPathAssocieted","geometry":null,"properties":{"pathNode_id":"526368ad-a1a2-4960-868b-e8d6c8197ec5","associeted_id":"6c1968f4-c63c-412b-8531-2f09a3012a01"}},{"id":"508418dd-3437-48df-8bad-0c9e96228275","type":"Feature","feature_type":"navPathAssocieted","geometry":null,"properties":{"pathNode_id":"cb97789d-7721-421d-8890-467de0699574","associeted_id":"a08fcf52-a46f-4047-92f5-db4c45fe265d"}},{"id":"14793226-0ac8-4bfc-a8a8-f9794fe4133b","type":"Feature","feature_type":"navPathAssocieted","geometry":null,"properties":{"pathNode_id":"8f8fe80d-b2f9-454c-8407-5f145e787c2b","associeted_id":"584df975-68d1-4d91-9270-04a156ffb111"}},{"id":"1ebc3775-4e13-4775-a24e-770f8c7ff6f0","type":"Feature","feature_type":"navPathAssocieted","geometry":null,"properties":{"pathNode_id":"92e41b7d-d970-4c94-9d6d-9e5a065a23b1","associeted_id":"393933cd-7a18-4e21-ae3a-89f89044af1e"}},{"id":"68852cf8-d1a0-4edc-a008-5df47ad695d9","type":"Feature","feature_type":"navPathAssocieted","geometry":null,"properties":{"pathNode_id":"43820040-63e2-4a40-8402-0e4499e72133","associeted_id":"2755b500-d46e-4ab8-847d-0f77ab29f641"}},{"id":"b4fc05c1-3796-4b4a-af76-581d7e0f8433","type":"Feature","feature_type":"navPathAssocieted","geometry":null,"properties":{"pathNode_id":"67b1fe0f-7838-4ae4-8ace-9d84d2082491","associeted_id":"803972d2-81dd-4d49-a3d4-68008bf1be83"}},{"id":"dbf3d276-47ef-414e-a9c5-e2ff3aa5ff0f","type":"Feature","feature_type":"navPathAssocieted","geometry":null,"properties":{"pathNode_id":"9cf67d03-4740-4b6f-afdd-77b392ec377b","associeted_id":"3e95516a-5679-4cfb-a44c-43eb443a607c"}},{"id":"ea6f308c-1f3a-4bee-891d-44c62a61f920","type":"Feature","feature_type":"navPathAssocieted","geometry":null,"properties":{"pathNode_id":"262bace6-ab4c-4e08-8724-4fcf82fa4e65","associeted_id":"ab2fd2d3-8da0-4f6a-9698-5eac5169c06e"}},{"id":"118db6bb-305f-47f5-88a4-bc3982daa1fc","type":"Feature","feature_type":"navPathAssocieted","geometry":null,"properties":{"pathNode_id":"25d54e2a-6286-4ca1-a8b3-c1552fca1042","associeted_id":"b0b5f41a-49ed-4c97-bd96-ad0401876e63"}},{"id":"e5389015-d55c-4d07-9d20-904dc6a8cb31","type":"Feature","feature_type":"navPathAssocieted","geometry":null,"properties":{"pathNode_id":"6b4d2eb6-3227-49df-9e61-baf777f36820","associeted_id":"d7da513d-ded8-4b0c-a39e-00b02ae7553a"}},{"id":"0bab8246-b610-49a0-943a-ad47414556d0","type":"Feature","feature_type":"navPathAssocieted","geometry":null,"properties":{"pathNode_id":"8f401161-3b9d-4849-9ffd-1963627ed6ba","associeted_id":"8c06a7f5-0c9c-4957-802b-0a742dc59b07"}},{"id":"42fea520-40ed-4c81-bbac-2c547173967c","type":"Feature","feature_type":"navPathAssocieted","geometry":null,"properties":{"pathNode_id":"aba5a19a-2b00-413b-9d26-e119f469df62","associeted_id":"a7dcaeae-70e4-4a60-ad30-667403cefee1"}},{"id":"a85cecd4-e668-4efa-a5cf-a9b6ee01d965","type":"Feature","feature_type":"navPathAssocieted","geometry":null,"properties":{"pathNode_id":"8fc238e9-1b76-46c8-8a00-72776caa5668","associeted_id":"ac4e697f-75b8-439f-aae5-e6634c422ab2"}},{"id":"0690eecc-ba5e-4403-8ff8-6e16fda0af95","type":"Feature","feature_type":"navPathAssocieted","geometry":null,"properties":{"pathNode_id":"e05648ad-28b8-41e1-872c-e7119edd3556","associeted_id":"745e019f-0a70-442f-9c11-08c5d98ebc62"}},{"id":"59508416-07c0-49d7-8bce-cdf07704b178","type":"Feature","feature_type":"navPathAssocieted","geometry":null,"properties":{"pathNode_id":"502927b9-124f-48ca-a7d8-00fe1f285f65","associeted_id":"7ce68475-2696-4e91-9065-b59f9ed4f7de"}},{"id":"a5647b41-7928-42cb-9c5b-aee3ffa398f0","type":"Feature","feature_type":"navPathAssocieted","geometry":null,"properties":{"pathNode_id":"f4bebded-07bd-4f47-9f52-1d9a80f78a92","associeted_id":"9006b974-d221-4c55-9bb7-79bd2f5904b9"}},{"id":"e1a114b5-f10c-4800-9ace-d8f3db1084a5","type":"Feature","feature_type":"navPathAssocieted","geometry":null,"properties":{"pathNode_id":"84f7614e-4180-4d5f-851c-6eef3f36ea2a","associeted_id":"063aa934-0036-41f3-8fab-9242de9e8e08"}},{"id":"29ddd97f-153f-43ed-baac-b3e6740374e1","type":"Feature","feature_type":"navPathAssocieted","geometry":null,"properties":{"pathNode_id":"84f7614e-4180-4d5f-851c-6eef3f36ea2a","associeted_id":"f5d8ab49-8ae3-4332-b9b0-9f074f660fb4"}},{"id":"5026559c-b8f7-4cad-8daf-861ee028ad2b","type":"Feature","feature_type":"navPathAssocieted","geometry":null,"properties":{"pathNode_id":"84f7614e-4180-4d5f-851c-6eef3f36ea2a","associeted_id":"e5ab4f2d-0187-4339-b95c-db28c79f177d"}},{"id":"ee860a41-9e2a-42c0-baa0-74dafb90eceb","type":"Feature","feature_type":"navPathAssocieted","geometry":null,"properties":{"pathNode_id":"eaf98af1-ea01-46c0-8421-fb89d4b7e28c","associeted_id":"9cb9139e-9868-409f-997f-7dd0a3eb79bf"}},{"id":"b1a491b8-89f9-4cb9-b17a-01a8c2afe967","type":"Feature","feature_type":"navPathAssocieted","geometry":null,"properties":{"pathNode_id":"d5dfc7b3-9bf3-4668-bd22-fcb6f6ea505f","associeted_id":"51b66420-0716-4867-94b7-52542dcbee5e"}},{"id":"2d13cf5f-bcda-4946-804c-4028638904d4","type":"Feature","feature_type":"navPathAssocieted","geometry":null,"properties":{"pathNode_id":"1695c5af-92e6-46b9-97a1-4a0be0ff14b3","associeted_id":"a7ab44f3-eb1f-4af2-8af5-a8b5208c58d9"}},{"id":"3a858372-08c9-4f15-a65b-47181f536285","type":"Feature","feature_type":"navPathAssocieted","geometry":null,"properties":{"pathNode_id":"c8081167-d705-4e1f-a1c9-367bf9f4d315","associeted_id":"d0efb9be-bc37-4dbc-bbe3-5da8c495c478"}},{"id":"af3b183d-9cb0-4d00-8621-fb9c539ed361","type":"Feature","feature_type":"navPathAssocieted","geometry":null,"properties":{"pathNode_id":"553d8114-171e-43ad-ba0e-4287380b1157","associeted_id":"dfd005d1-c976-47ff-9b01-c7b6b991264d"}},{"id":"7f8a3f15-b650-4668-9df9-05153247daac","type":"Feature","feature_type":"navPathAssocieted","geometry":null,"properties":{"pathNode_id":"655870a9-3470-442c-97c9-c0b7b295a0de","associeted_id":"74d0e87a-9cf2-40cc-b364-4641d359e37b"}},{"id":"492c5130-ede4-4e62-ab73-b8beceb99273","type":"Feature","feature_type":"navPathAssocieted","geometry":null,"properties":{"pathNode_id":"90a286ac-8114-4846-a0e3-e148e5b354c8","associeted_id":"e65357f7-e17b-439b-8825-55dbd0666d23"}},{"id":"59796325-0f9c-47a9-ad76-6c9140ca7535","type":"Feature","feature_type":"navPathAssocieted","geometry":null,"properties":{"pathNode_id":"fb0c2f8a-2e58-41ab-be24-198be2a9d23c","associeted_id":"d0efb9be-bc37-4dbc-bbe3-5da8c495c478"}},{"id":"f3b74e25-8591-47fe-8e77-d2554c02f17e","type":"Feature","feature_type":"navPathAssocieted","geometry":null,"properties":{"pathNode_id":"9372a0ad-01ee-444e-a88d-f06f327af84a","associeted_id":"698470c0-cb18-4ac6-a722-b99cd42b3ea1"}},{"id":"c90fa7b0-015b-42c6-9624-75c57f5eb144","type":"Feature","feature_type":"navPathAssocieted","geometry":null,"properties":{"pathNode_id":"0592ce1a-8c19-491e-951f-d1f51cff523d","associeted_id":"160d18a2-554f-4bc9-be74-b7fdd54cb07b"}},{"id":"ad96778a-2c56-4525-ad11-4a445016b35a","type":"Feature","feature_type":"navPathAssocieted","geometry":null,"properties":{"pathNode_id":"b1d02624-3948-447a-bbc7-0762d47c6c89","associeted_id":"d98032cb-ee57-4aec-8d71-2d78c8843efe"}},{"id":"64c5f818-63a1-4d61-b09d-d5f52817367a","type":"Feature","feature_type":"navPathAssocieted","geometry":null,"properties":{"pathNode_id":"e375b51f-609d-44f3-99e4-2a6a2f5cd5d4","associeted_id":"81790f6f-7890-4398-90c0-1ba635a75f34"}},{"id":"3d3feb86-0f5e-4c3b-a323-e1fa848094a1","type":"Feature","feature_type":"navPathAssocieted","geometry":null,"properties":{"pathNode_id":"77b0ea9e-2859-42ff-a260-02edb6707d54","associeted_id":"87fc207a-d0d3-415a-87e4-680e8ba1037d"}},{"id":"bd2f7d9a-d6cf-4211-bc62-f6e242b7dd0c","type":"Feature","feature_type":"navPathAssocieted","geometry":null,"properties":{"pathNode_id":"77b0ea9e-2859-42ff-a260-02edb6707d54","associeted_id":"87fc207a-d0d3-415a-87e4-680e8ba1037d"}},{"id":"828e6c39-c5fe-41b8-a4e6-6c0f2485d635","type":"Feature","feature_type":"navPathAssocieted","geometry":null,"properties":{"pathNode_id":"ed3be80b-921a-464f-8440-26e116f4f139","associeted_id":"e457d0d7-bae1-4f13-982a-86160b5ce2bc"}},{"id":"6c805257-8e0a-4e6e-974e-27cbc3c376b4","type":"Feature","feature_type":"navPathAssocieted","geometry":null,"properties":{"pathNode_id":"26301443-ac0e-4b1e-b4ec-3885077ba2a7","associeted_id":"e789a832-13cf-4966-85fc-11058a312913"}},{"id":"fa0b46cd-b5f6-48c1-9285-c9c769a25f19","type":"Feature","feature_type":"navPathAssocieted","geometry":null,"properties":{"pathNode_id":"b24dde2d-dbbb-4e6c-b6af-68a464a8f166","associeted_id":"e558145e-4398-48eb-9e95-1c2fe34af8a2"}},{"id":"7ace22d2-3c6e-4748-bcbf-c63e4d23c0ea","type":"Feature","feature_type":"navPathAssocieted","geometry":null,"properties":{"pathNode_id":"656221d0-71cd-484d-b7d3-b0c1f8f2bc72","associeted_id":"da860584-6ec3-40af-a6ae-523d7aae17c8"}},{"id":"f5eb8afb-f4d3-4acd-83cd-fe286bb23af0","type":"Feature","feature_type":"navPathAssocieted","geometry":null,"properties":{"pathNode_id":"cc730312-1f71-40f5-881e-18f5152da5d9","associeted_id":"1f2ce0db-df8e-4216-94db-b4c95e8ce37d"}},{"id":"63fbf853-0cc9-40ba-897e-4d35d96e1edd","type":"Feature","feature_type":"navPathAssocieted","geometry":null,"properties":{"pathNode_id":"2502a855-cdc0-4441-96f7-9901d1cfd06f","associeted_id":"239758ea-62ae-463e-8c5f-deb4157c92a9"}},{"id":"c503cb8b-80ce-43e9-8b10-125b7ff9bba1","type":"Feature","feature_type":"navPathAssocieted","geometry":null,"properties":{"pathNode_id":"40bd1766-955c-4d01-b824-061982cde701","associeted_id":"de9e273b-b3a5-4182-9876-a80d8961e34f"}},{"id":"11dfe7c3-daa1-4f9e-8369-4da875139896","type":"Feature","feature_type":"navPathAssocieted","geometry":null,"properties":{"pathNode_id":"0770c7c0-4e99-4ab7-a09e-410a5551af6d","associeted_id":"2fff70f4-b610-43ce-8023-85fd26cddade"}},{"id":"1caba3cf-5ab3-45d9-86ae-187764c5f25b","type":"Feature","feature_type":"navPathAssocieted","geometry":null,"properties":{"pathNode_id":"a4282dc9-c739-426c-a5ed-29703f7587ca","associeted_id":"1ab55698-078c-4160-beaf-a3ff272e5499"}},{"id":"ebcb4377-df17-46d5-8513-81d9a5e4bd54","type":"Feature","feature_type":"navPathAssocieted","geometry":null,"properties":{"pathNode_id":"3111c643-ef9c-4081-9494-ace8ef2c6b99","associeted_id":"8776e86b-8830-4cc0-984c-f88d085934bc"}},{"id":"ef8e4de8-a3b2-4fc3-85c1-4476aa85c610","type":"Feature","feature_type":"navPathAssocieted","geometry":null,"properties":{"pathNode_id":"2bbf0d58-0bca-4d09-ae21-0e46fd2dcbfb","associeted_id":"5c27265b-f742-4ffd-b86c-1edc80d260af"}},{"id":"bd08eb25-bc10-4445-93f7-4facdb4a0bf3","type":"Feature","feature_type":"navPathAssocieted","geometry":null,"properties":{"pathNode_id":"dec57944-f3d2-4262-9f85-d37ce4ab951a","associeted_id":"e84af098-0443-4f2a-a52a-d58c72458469"}},{"id":"2849f0c1-9c96-4aa9-988e-15704be872b6","type":"Feature","feature_type":"navPathAssocieted","geometry":null,"properties":{"pathNode_id":"94fcddc3-f9d1-40df-96eb-cc4c14335182","associeted_id":"d25344c4-894c-4d30-8fba-7e62067b3629"}},{"id":"75d83029-603b-428d-87fe-f8d5a197e57b","type":"Feature","feature_type":"navPathAssocieted","geometry":null,"properties":{"pathNode_id":"96c4d6e7-da50-48a2-96db-0f862bfae29d","associeted_id":"e5b5a21b-b684-46ea-b86e-47511e0825c3"}},{"id":"f9283091-1086-4fbd-8353-74f2082968ed","type":"Feature","feature_type":"navPathAssocieted","geometry":null,"properties":{"pathNode_id":"b66d4f29-6af5-4fd5-a38b-ac24852556ad","associeted_id":"9cb9139e-9868-409f-997f-7dd0a3eb79bf"}}]}