{"type":"FeatureCollection","name":"occupant","features":[{"id":"549fd414-d4a8-4be3-931d-931b6325ae92","type":"Feature","feature_type":"occupant","geometry":null,"properties":{"name":{"ru":"Туалет мужской","en":"Restroom male"},"shortName":{"ru":"Туалет М.","en":"Restroom M."},"category":"restroom.male","anchor_id":"9e917610-f784-4f43-930f-5b294ed5fe65","hours":null,"phone":null,"email":null,"website":null,"description":null,"iconUrl":null,"correlation_id":null}},{"id":"1ac01199-0a84-434b-aca5-7b9fe11f304f","type":"Feature","feature_type":"occupant","geometry":null,"properties":{"name":{"ru":"Туалет женский","en":"Restroom female"},"shortName":{"ru":"Туалет Ж.","en":"Restroom F."},"category":"restroom.female","anchor_id":"64965639-9d9b-46a3-9e4c-b526d3266a3d","hours":null,"phone":null,"email":null,"website":null,"description":null,"iconUrl":null,"correlation_id":null}},{"id":"b2e2ba4b-b2ca-4078-89d8-7def390d4944","type":"Feature","feature_type":"occupant","geometry":null,"properties":{"name":{"ru":"Кабинет 301","en":"Classroom 301"},"shortName":{"ru":"301","en":"301"},"category":"classroom","anchor_id":"0aaa2bae-8350-4a6c-95bd-eb85606ea102","hours":null,"phone":null,"email":null,"website":null,"description":null,"iconUrl":null,"correlation_id":null}},{"id":"3bd4f6d1-24a4-4421-864b-fabaa27b8e00","type":"Feature","feature_type":"occupant","geometry":null,"properties":{"name":{"ru":"Кабинет 302","en":"Classroom 302"},"shortName":{"ru":"302","en":"302"},"category":"classroom","anchor_id":"1824b4ee-c6ca-4548-9a2c-5a3d3dbfe520","hours":null,"phone":null,"email":null,"website":null,"description":null,"iconUrl":null,"correlation_id":null}},{"id":"d818d20b-e0cf-4cb5-bc02-20325913116b","type":"Feature","feature_type":"occupant","geometry":null,"properties":{"name":{"ru":"Кафе \"Зимний сад\"","en":"Cafe \"Winter Garden\""},"shortName":{"ru":"Кафе \"Зимний сад\"","en":"Кафе \"Зимний сад\""},"category":"foodservice.coffee","anchor_id":"0a6c2aa9-9d39-4fab-ae60-f589e099a265","hours":null,"phone":null,"email":null,"website":null,"description":null,"iconUrl":null,"correlation_id":null}},{"id":"8e5c4bb5-f0fe-47f0-85cd-e85f6865a3b6","type":"Feature","feature_type":"occupant","geometry":null,"properties":{"name":{"ru":"Кабинет 104","en":"Classroom 104"},"shortName":{"ru":"104","en":"104"},"category":"classroom","anchor_id":"42c9da78-5f19-450b-a934-9f25e2e8f5e6","hours":null,"phone":null,"email":null,"website":null,"description":null,"iconUrl":null,"correlation_id":null}},{"id":"11ba9233-19fe-45e8-8a8c-a3332efe8021","type":"Feature","feature_type":"occupant","geometry":null,"properties":{"name":{"ru":"Кафетерий «Лето»","en":"Coffee “Leto”"},"shortName":{"ru":"Лето","en":"Leto"},"category":"foodservice","anchor_id":"bd8c2e7c-ed72-424c-937a-4c3c8b366202","hours":null,"phone":"+7 (812) 555-42-81","email":"dtms@spbstu.ru","website":"https://umto.spbstu.ru/Kafe_bufet/","description":null,"iconUrl":null,"correlation_id":null}},{"id":"f123b0f3-d347-411d-81c7-ac8db4598d27","type":"Feature","feature_type":"occupant","geometry":null,"properties":{"name":{"ru":"Кабинет 102","en":"Classroom 102"},"shortName":{"ru":"102","en":"102"},"category":"classroom","anchor_id":"0cf682ab-4f59-4b67-8341-4f07616f7a7c","hours":null,"phone":null,"email":null,"website":null,"description":null,"iconUrl":null,"correlation_id":null}},{"id":"182bdd40-d005-4751-8d8a-89a9a802400e","type":"Feature","feature_type":"occupant","geometry":null,"properties":{"name":{"ru":"Кабинет 101","en":"Classroom 101"},"shortName":{"ru":"101","en":"101"},"category":"classroom","anchor_id":"94c70f44-ef23-4521-8175-2ad51fbb1da0","hours":null,"phone":null,"email":null,"website":null,"description":null,"iconUrl":null,"correlation_id":null}},{"id":"b4941e03-d19b-4fb6-b85b-1924bee4459d","type":"Feature","feature_type":"occupant","geometry":null,"properties":{"name":{"ru":"Кабинет 101а","en":"Classroom 101а"},"shortName":{"ru":"101а","en":"101а"},"category":"classroom","anchor_id":"daec78f9-800c-4c5f-9208-be34a70f4043","hours":null,"phone":null,"email":null,"website":null,"description":null,"iconUrl":null,"correlation_id":null}},{"id":"cea82e34-578f-4ece-85e0-8d2a21e2c48a","type":"Feature","feature_type":"occupant","geometry":null,"properties":{"name":{"ru":"Кабинет 103","en":"Classroom 103"},"shortName":{"ru":"103","en":"103"},"category":"classroom","anchor_id":"f7619830-584f-4235-8844-f38ee17b1803","hours":null,"phone":null,"email":null,"website":null,"description":null,"iconUrl":null,"correlation_id":null}},{"id":"e8b666a0-70af-4177-9a07-a18f40c45479","type":"Feature","feature_type":"occupant","geometry":null,"properties":{"name":{"ru":"Кабинет 105","en":"Classroom 105"},"shortName":{"ru":"105","en":"105"},"category":"classroom","anchor_id":"b99fca40-4527-4514-9f58-b6130182c690","hours":null,"phone":null,"email":null,"website":null,"description":null,"iconUrl":null,"correlation_id":null}},{"id":"c9b5864b-88a5-46aa-a972-6217fa05208d","type":"Feature","feature_type":"occupant","geometry":null,"properties":{"name":{"ru":"Кабинет 107","en":"Classroom 107"},"shortName":{"ru":"107","en":"107"},"category":"classroom","anchor_id":"436a53b7-06da-4ef6-9893-629f9ea375aa","hours":null,"phone":null,"email":null,"website":null,"description":null,"iconUrl":null,"correlation_id":null}},{"id":"db318068-7270-4b41-bec5-cf6294d9f07f","type":"Feature","feature_type":"occupant","geometry":null,"properties":{"name":{"ru":"Кабинет 111","en":"Classroom 111"},"shortName":{"ru":"111","en":"111"},"category":"classroom","anchor_id":"e4934067-3444-4735-af12-274374bb8150","hours":null,"phone":null,"email":null,"website":null,"description":null,"iconUrl":null,"correlation_id":null}},{"id":"3524fff8-bf56-47f1-a382-03145e1a4c80","type":"Feature","feature_type":"occupant","geometry":null,"properties":{"name":{"ru":"Кабинет 106","en":"Classroom 106"},"shortName":{"ru":"106","en":"106"},"category":"classroom","anchor_id":"6625d05f-3a13-4fda-b72e-8d01dccd1600","hours":null,"phone":null,"email":null,"website":null,"description":null,"iconUrl":null,"correlation_id":null}},{"id":"dff514a3-1c0e-40bb-8524-e48af54a97ee","type":"Feature","feature_type":"occupant","geometry":null,"properties":{"name":{"ru":"Кабинет 108","en":"Classroom 108"},"shortName":{"ru":"108","en":"108"},"category":"classroom","anchor_id":"c9755e0b-baeb-4575-8b8d-f3dd13adfa44","hours":null,"phone":null,"email":null,"website":null,"description":null,"iconUrl":null,"correlation_id":null}},{"id":"b658f925-5e10-42b3-ba63-d411c37e22f7","type":"Feature","feature_type":"occupant","geometry":null,"properties":{"name":{"ru":"Кабинет 110","en":"Classroom 110"},"shortName":{"ru":"110","en":"110"},"category":"classroom","anchor_id":"906911d2-4740-4cfd-bbcc-394da2f6decf","hours":null,"phone":null,"email":null,"website":null,"description":null,"iconUrl":null,"correlation_id":null}},{"id":"fc0f5164-4d25-4eb8-a8b9-f613f90dc403","type":"Feature","feature_type":"occupant","geometry":null,"properties":{"name":{"ru":"Туалет женский","en":"Restroom female"},"shortName":{"ru":"Туалет Ж.","en":"Restroom F."},"category":"restroom.female","anchor_id":"35709400-2491-4218-adf1-347535ddb3d9","hours":null,"phone":null,"email":null,"website":null,"description":null,"iconUrl":null,"correlation_id":null}},{"id":"3279546c-e053-40ed-8654-490aba3ef113","type":"Feature","feature_type":"occupant","geometry":null,"properties":{"name":{"ru":"Туалет мужской","en":"Restroom male"},"shortName":{"ru":"Туалет М.","en":"Restroom M."},"category":"restroom.male","anchor_id":"b20101c2-e314-4a79-9103-742efc0fafcb","hours":null,"phone":null,"email":null,"website":null,"description":null,"iconUrl":null,"correlation_id":null}},{"id":"5b20b734-ddca-4fd3-ae76-a8d80f878ecc","type":"Feature","feature_type":"occupant","geometry":null,"properties":{"name":{"ru":"Кабинет 100.1","en":"Classroom 100.1"},"shortName":{"ru":"100.1","en":"100.1"},"category":"classroom","anchor_id":"8ceb093a-fb5f-4a49-8e93-2d0693f2c7b9","hours":null,"phone":null,"email":null,"website":null,"description":null,"iconUrl":null,"correlation_id":null}},{"id":"e6f3ebca-ad83-4469-b0de-0f2b01d9872f","type":"Feature","feature_type":"occupant","geometry":null,"properties":{"name":{"ru":"Кабинет 100а","en":"Classroom 100а"},"shortName":{"ru":"100а","en":"100а"},"category":"classroom","anchor_id":"87a3d1a6-5074-4e37-909c-28af75b58e97","hours":null,"phone":null,"email":null,"website":null,"description":null,"iconUrl":null,"correlation_id":null}},{"id":"3fb11799-2d8a-45c6-b11a-489be0178a8c","type":"Feature","feature_type":"occupant","geometry":null,"properties":{"name":{"ru":"Кабинет 109","en":"Classroom 109"},"shortName":{"ru":"109","en":"109"},"category":"classroom","anchor_id":"cfa9f9fc-0793-4a64-a161-3b96f2cf5867","hours":null,"phone":null,"email":null,"website":null,"description":null,"iconUrl":null,"correlation_id":null}},{"id":"6a6adde3-f5bc-42bd-9f9c-ca0b45c311ca","type":"Feature","feature_type":"occupant","geometry":null,"properties":{"name":{"ru":"Кабинет 206","en":"Classroom 206"},"shortName":{"ru":"206","en":"206"},"category":"classroom","anchor_id":"838d0e51-38ce-4101-97d6-acda34a61536","hours":null,"phone":null,"email":null,"website":null,"description":null,"iconUrl":null,"correlation_id":null}},{"id":"4ad7fe67-df09-462b-9e42-9a85057e0678","type":"Feature","feature_type":"occupant","geometry":null,"properties":{"name":{"ru":"Кабинет 205","en":"Classroom 205"},"shortName":{"ru":"205","en":"205"},"category":"classroom","anchor_id":"897c981b-4f7f-4e08-9745-72c4097d80dc","hours":null,"phone":null,"email":null,"website":null,"description":null,"iconUrl":null,"correlation_id":null}},{"id":"ac6290de-a183-4577-9b1b-1fc1c1439cc0","type":"Feature","feature_type":"occupant","geometry":null,"properties":{"name":{"ru":"Кабинет 207","en":"Classroom 207"},"shortName":{"ru":"207","en":"207"},"category":"classroom","anchor_id":"211e3b67-9108-4707-9f56-32ecc4d2df86","hours":null,"phone":null,"email":null,"website":null,"description":null,"iconUrl":null,"correlation_id":null}},{"id":"b60f5503-5dab-421e-8c4c-a5fa7e20e83b","type":"Feature","feature_type":"occupant","geometry":null,"properties":{"name":{"ru":"Кабинет 204","en":"Classroom 204"},"shortName":{"ru":"204","en":"204"},"category":"classroom","anchor_id":"4fc9ba9f-922d-4a97-8c24-18be47457e24","hours":null,"phone":null,"email":null,"website":null,"description":null,"iconUrl":null,"correlation_id":null}},{"id":"051f39c4-2766-4c4b-a221-64681b80c63c","type":"Feature","feature_type":"occupant","geometry":null,"properties":{"name":{"ru":"Кабинет 203","en":"Classroom 203"},"shortName":{"ru":"203","en":"203"},"category":"classroom","anchor_id":"8112a673-5ced-4f23-ae74-73b865aeff60","hours":null,"phone":null,"email":null,"website":null,"description":null,"iconUrl":null,"correlation_id":null}},{"id":"fcf9110d-01ff-48ee-a1fa-ab3cb1ef79c6","type":"Feature","feature_type":"occupant","geometry":null,"properties":{"name":{"ru":"Кабинет 202","en":"Classroom 202"},"shortName":{"ru":"202","en":"202"},"category":"classroom","anchor_id":"584ee4cb-50f3-48ce-86db-0299f7a9feb2","hours":null,"phone":null,"email":null,"website":null,"description":null,"iconUrl":null,"correlation_id":null}},{"id":"b1585821-16cc-40bc-92fb-e5b5ff6de65a","type":"Feature","feature_type":"occupant","geometry":null,"properties":{"name":{"ru":"Кабинет 209","en":"Classroom 209"},"shortName":{"ru":"209","en":"209"},"category":"classroom","anchor_id":"09dc6fac-418b-4bab-935f-41b04d380a3c","hours":null,"phone":null,"email":null,"website":null,"description":null,"iconUrl":null,"correlation_id":null}},{"id":"9cd56bc8-a850-4dfb-9f3d-2a72522eaa91","type":"Feature","feature_type":"occupant","geometry":null,"properties":{"name":{"ru":"Кабинет 211","en":"Classroom 211"},"shortName":{"ru":"211","en":"211"},"category":"classroom","anchor_id":"52d7de0e-f6fc-4831-8639-dd6639c7aa45","hours":null,"phone":null,"email":null,"website":null,"description":null,"iconUrl":null,"correlation_id":null}},{"id":"aec74fa4-44b5-4451-9a88-5a68b8eab645","type":"Feature","feature_type":"occupant","geometry":null,"properties":{"name":{"ru":"Кабинет 217","en":"Classroom 217"},"shortName":{"ru":"217","en":"217"},"category":"classroom","anchor_id":"e29da72e-318d-4d51-92ad-8675e9f4c008","hours":null,"phone":null,"email":null,"website":null,"description":null,"iconUrl":null,"correlation_id":null}},{"id":"3c98aebc-19f2-4ba0-911f-b5b7ba46c750","type":"Feature","feature_type":"occupant","geometry":null,"properties":{"name":{"ru":"Кабинет 213","en":"Classroom 213"},"shortName":{"ru":"213","en":"213"},"category":"classroom","anchor_id":"e2bfe8e5-134f-4d6a-9ad6-7d9a76e70852","hours":null,"phone":null,"email":null,"website":null,"description":null,"iconUrl":null,"correlation_id":null}},{"id":"0efede9b-9e1c-47c0-a001-25040a4ef787","type":"Feature","feature_type":"occupant","geometry":null,"properties":{"name":{"ru":"Кабинет 212","en":"Classroom 212"},"shortName":{"ru":"212","en":"212"},"category":"classroom","anchor_id":"bd350436-e632-4ecb-8d48-c502934cc76a","hours":null,"phone":null,"email":null,"website":null,"description":null,"iconUrl":null,"correlation_id":null}},{"id":"7fe1e5b5-f47b-4855-835d-eb78db2b8a64","type":"Feature","feature_type":"occupant","geometry":null,"properties":{"name":{"ru":"Кабинет 214","en":"Classroom 214"},"shortName":{"ru":"214","en":"214"},"category":"classroom","anchor_id":"51dba63c-828c-416e-a631-3bd6f21eaf04","hours":null,"phone":null,"email":null,"website":null,"description":null,"iconUrl":null,"correlation_id":null}},{"id":"407c06db-a08d-4374-8748-e811158de4e7","type":"Feature","feature_type":"occupant","geometry":null,"properties":{"name":{"ru":"Кабинет 216","en":"Classroom 216"},"shortName":{"ru":"216","en":"216"},"category":"classroom","anchor_id":"80c37942-17b4-4b2c-b3f3-7d0d6c053401","hours":null,"phone":null,"email":null,"website":null,"description":null,"iconUrl":null,"correlation_id":null}},{"id":"bc5c7316-4a8d-4a2f-a567-1a38516e3a05","type":"Feature","feature_type":"occupant","geometry":null,"properties":{"name":{"ru":"Лекторий 215","en":"Auditorium 215"},"shortName":{"ru":"215","en":"215"},"category":"auditorium","anchor_id":"369c2b56-020f-4738-b155-67fd3c5ffc03","hours":null,"phone":null,"email":null,"website":null,"description":null,"iconUrl":null,"correlation_id":null}},{"id":"5a72af32-9d8d-4226-8503-1de085e8e2f3","type":"Feature","feature_type":"occupant","geometry":null,"properties":{"name":{"ru":"Туалет женский","en":"Restroom female"},"shortName":{"ru":"Туалет Ж.","en":"Restroom F."},"category":"restroom.female","anchor_id":"1a69eb76-4e57-4c85-a9df-eafad044c53f","hours":null,"phone":null,"email":null,"website":null,"description":null,"iconUrl":null,"correlation_id":null}},{"id":"0eec4f70-8377-412a-9404-36c16280d9d1","type":"Feature","feature_type":"occupant","geometry":null,"properties":{"name":{"ru":"Туалет мужской","en":"Restroom male"},"shortName":{"ru":"Туалет М.","en":"Restroom M."},"category":"restroom.male","anchor_id":"1fe5eecc-d353-4cc2-9770-9182196e2879","hours":null,"phone":null,"email":null,"website":null,"description":null,"iconUrl":null,"correlation_id":null}},{"id":"0ec93f37-1413-4b7f-a058-24c108f4a221","type":"Feature","feature_type":"occupant","geometry":null,"properties":{"name":{"ru":"Лекторий 201","en":"Auditorium 201"},"shortName":{"ru":"201","en":"201"},"category":"auditorium","anchor_id":"26e69789-8887-430b-90fe-9261c3037170","hours":null,"phone":null,"email":null,"website":null,"description":null,"iconUrl":null,"correlation_id":null}},{"id":"9c890dd6-d7be-4de3-aeec-e45e5e6dec79","type":"Feature","feature_type":"occupant","geometry":null,"properties":{"name":{"ru":"Кабинет 208","en":"Classroom 208"},"shortName":{"ru":"208","en":"208"},"category":"classroom","anchor_id":"705ba0bd-8065-4716-b35a-162eb4765aca","hours":null,"phone":null,"email":null,"website":null,"description":null,"iconUrl":null,"correlation_id":null}},{"id":"95bf4791-379e-46fe-98e0-c11129e54157","type":"Feature","feature_type":"occupant","geometry":null,"properties":{"name":{"ru":"Кабинет 210","en":"Classroom 210"},"shortName":{"ru":"210","en":"210"},"category":"classroom","anchor_id":"8684e327-a11f-4fa6-ae65-b662659b1ba6","hours":null,"phone":null,"email":null,"website":null,"description":null,"iconUrl":null,"correlation_id":null}},{"id":"5b2267aa-396d-4f0b-9468-0055418a8cc1","type":"Feature","feature_type":"occupant","geometry":null,"properties":{"name":{"ru":"Кабинет 215б","en":"Classroom 215b"},"shortName":{"ru":"215б","en":"215b"},"category":"classroom","anchor_id":"b5bae370-c1f1-42e8-9234-6957bd79bd4e","hours":null,"phone":null,"email":null,"website":null,"description":null,"iconUrl":null,"correlation_id":null}},{"id":"50fc127e-4b30-43db-bc5e-5e624fe6283f","type":"Feature","feature_type":"occupant","geometry":null,"properties":{"name":{"ru":"Админинстрация","en":"Admininstration"},"shortName":{"ru":"Админинстрация","en":"Admininstration"},"category":"administration","anchor_id":"83477817-a177-42e2-a988-61cd83e44df1","hours":null,"phone":null,"email":null,"website":null,"description":null,"iconUrl":null,"correlation_id":null}},{"id":"7d4a1173-82ad-429b-9140-7889d4ed7f61","type":"Feature","feature_type":"occupant","geometry":null,"properties":{"name":{"ru":"Кабинет 201б","en":"Classroom 201b"},"shortName":{"ru":"201б","en":"201b"},"category":"classroom","anchor_id":"79220632-4c11-4deb-a8c3-b309413ea3e2","hours":null,"phone":null,"email":null,"website":null,"description":null,"iconUrl":null,"correlation_id":null}},{"id":"12b22af1-487f-4b77-9f6a-fd7b535ea2d7","type":"Feature","feature_type":"occupant","geometry":null,"properties":{"name":{"ru":"Кабинет 201a","en":"Classroom 201a"},"shortName":{"ru":"201a","en":"201a"},"category":"classroom","anchor_id":"f8bd5093-87bc-42f8-94f0-0d1d14fa9cd0","hours":null,"phone":null,"email":null,"website":null,"description":null,"iconUrl":null,"correlation_id":null}},{"id":"1ee2fcb6-10ad-4f97-9028-2be691051407","type":"Feature","feature_type":"occupant","geometry":null,"properties":{"name":{"ru":"Кабинет 302","en":"Classroom 302"},"shortName":{"ru":"302","en":"302"},"category":"classroom","anchor_id":"4c781444-532b-46ee-a44f-c8e0f990192c","hours":null,"phone":null,"email":null,"website":null,"description":null,"iconUrl":null,"correlation_id":null}},{"id":"057dedcd-e514-4364-95f5-a4cd189d0758","type":"Feature","feature_type":"occupant","geometry":null,"properties":{"name":{"ru":"Кабинет 301","en":"Classroom 301"},"shortName":{"ru":"301","en":"301"},"category":"classroom","anchor_id":"62bd30ab-c7c1-4844-8150-57151ea44269","hours":null,"phone":null,"email":null,"website":null,"description":null,"iconUrl":null,"correlation_id":null}},{"id":"6bb71615-049a-4b4f-bdbc-2cf3c8b9e1f9","type":"Feature","feature_type":"occupant","geometry":null,"properties":{"name":{"ru":"Кабинет 300A","en":"Classroom 300A"},"shortName":{"ru":"300A","en":"300A"},"category":"classroom","anchor_id":"e7db0a2e-4815-45d0-b57b-2435afa47d82","hours":null,"phone":null,"email":null,"website":null,"description":null,"iconUrl":null,"correlation_id":null}},{"id":"4aa36237-aba9-46f7-b6f6-9ea0f9f633bc","type":"Feature","feature_type":"occupant","geometry":null,"properties":{"name":{"ru":"Кабинет 303","en":"Classroom 303"},"shortName":{"ru":"303","en":"303"},"category":"classroom","anchor_id":"b23ccfe5-d539-48b4-9a96-517ec2311f85","hours":null,"phone":null,"email":null,"website":null,"description":null,"iconUrl":null,"correlation_id":null}},{"id":"63eb1735-44d5-4b30-a2e3-aae1189cb71c","type":"Feature","feature_type":"occupant","geometry":null,"properties":{"name":{"ru":"Кабинет 305","en":"Classroom 305"},"shortName":{"ru":"305","en":"305"},"category":"classroom","anchor_id":"bad6a041-27b3-487c-b2e2-65e0c90070c3","hours":null,"phone":null,"email":null,"website":null,"description":null,"iconUrl":null,"correlation_id":null}},{"id":"fcd5e978-9a61-47f8-910c-e5946496f257","type":"Feature","feature_type":"occupant","geometry":null,"properties":{"name":{"ru":"Кабинет 307","en":"Classroom 307"},"shortName":{"ru":"307","en":"307"},"category":"classroom","anchor_id":"a9fa4391-f60c-4e4d-8ec1-a882ba4694dd","hours":null,"phone":null,"email":null,"website":null,"description":null,"iconUrl":null,"correlation_id":null}},{"id":"d63e8043-2e66-4ee7-970c-8b035e5ba105","type":"Feature","feature_type":"occupant","geometry":null,"properties":{"name":{"ru":"Кабинет 309","en":"Classroom 309"},"shortName":{"ru":"309","en":"309"},"category":"classroom","anchor_id":"2de1048e-fe63-4d63-afb4-06a3b885aa79","hours":null,"phone":null,"email":null,"website":null,"description":null,"iconUrl":null,"correlation_id":null}},{"id":"4230b245-20b8-4893-aa12-167b98b0562c","type":"Feature","feature_type":"occupant","geometry":null,"properties":{"name":{"ru":"Кабинет 306, Деканат ИКНТ","en":"Cabinet 306, Admininstrauin ICST"},"shortName":{"ru":"306","en":"306"},"category":"administration","anchor_id":"e07c060d-0db8-418f-8ac6-43dba13acd60","hours":null,"phone":null,"email":null,"website":null,"description":null,"iconUrl":null,"correlation_id":null}},{"id":"3b770282-c2fe-4b0e-b8c7-a6a7651db0a6","type":"Feature","feature_type":"occupant","geometry":null,"properties":{"name":{"ru":"Кабинет 308","en":"Classroom 308"},"shortName":{"ru":"308","en":"308"},"category":"classroom","anchor_id":"50332c73-6c62-4a73-8456-0b941d64e346","hours":null,"phone":null,"email":null,"website":null,"description":null,"iconUrl":null,"correlation_id":null}},{"id":"86712209-024e-40b7-b0a6-b652129b29a8","type":"Feature","feature_type":"occupant","geometry":null,"properties":{"name":{"ru":"Туалет женский","en":"Restroom female"},"shortName":{"ru":"Туалет Ж.","en":"Restroom F."},"category":"restroom.female","anchor_id":"4c2b623c-146c-4fb3-9f66-26827efa35e8","hours":null,"phone":null,"email":null,"website":null,"description":null,"iconUrl":null,"correlation_id":null}},{"id":"85ce26e3-df72-411c-9991-d21b17920603","type":"Feature","feature_type":"occupant","geometry":null,"properties":{"name":{"ru":"Туалет мужской","en":"Restroom male"},"shortName":{"ru":"Туалет М.","en":"Restroom M."},"category":"restroom.male","anchor_id":"5c522ae6-464c-4130-b600-a418a9ca2d84","hours":null,"phone":null,"email":null,"website":null,"description":null,"iconUrl":null,"correlation_id":null}},{"id":"951fc42f-4e07-4ae1-92f2-92929ffe4677","type":"Feature","feature_type":"occupant","geometry":null,"properties":{"name":{"ru":"Кабинет 313","en":"Classroom 313"},"shortName":{"ru":"313","en":"313"},"category":"classroom","anchor_id":"fe947808-e3a6-408e-bbfa-daa4c6e1463b","hours":null,"phone":null,"email":null,"website":null,"description":null,"iconUrl":null,"correlation_id":null}},{"id":"0252aa73-af53-44da-ab0f-80b26f6e53e1","type":"Feature","feature_type":"occupant","geometry":null,"properties":{"name":{"ru":"Кабинет 312","en":"Classroom 312"},"shortName":{"ru":"312","en":"312"},"category":"classroom","anchor_id":"0b76bcdd-3e47-4bc7-aaf1-3e7dd72ac791","hours":null,"phone":null,"email":null,"website":null,"description":null,"iconUrl":null,"correlation_id":null}},{"id":"729e7d33-9d8d-459b-a792-5f3ecb79ceda","type":"Feature","feature_type":"occupant","geometry":null,"properties":{"name":{"ru":"Кабинет 304","en":"Classroom 304"},"shortName":{"ru":"304","en":"304"},"category":"classroom","anchor_id":"add56b54-1602-4a12-9eef-74a8e301a22b","hours":null,"phone":null,"email":null,"website":null,"description":null,"iconUrl":null,"correlation_id":null}},{"id":"b0612dcf-b742-4da0-83d4-04275bd73b6f","type":"Feature","feature_type":"occupant","geometry":null,"properties":{"name":{"ru":"Кабинет 310","en":"Classroom 310"},"shortName":{"ru":"310","en":"310"},"category":"classroom","anchor_id":"78ae7aad-ad42-4d97-bec6-eba34aeee6a1","hours":null,"phone":null,"email":null,"website":null,"description":null,"iconUrl":null,"correlation_id":null}},{"id":"7f49078f-5bc6-4575-a3d5-ae4811fd11b6","type":"Feature","feature_type":"occupant","geometry":null,"properties":{"name":{"ru":"Кабинет 300","en":"Classroom 300"},"shortName":{"ru":"300","en":"300"},"category":"classroom","anchor_id":"7734ae28-ad05-4d9b-85a3-ab02d4e0c128","hours":null,"phone":null,"email":null,"website":null,"description":null,"iconUrl":null,"correlation_id":null}},{"id":"7905d563-6abc-41db-ab77-93062661f6df","type":"Feature","feature_type":"occupant","geometry":null,"properties":{"name":{"ru":"Кабинет 404a","en":"Classroom 404a"},"shortName":{"ru":"404a","en":"404a"},"category":"classroom","anchor_id":"69c0c715-10ea-40db-b9f2-2d8b9028d3b0","hours":null,"phone":null,"email":null,"website":null,"description":null,"iconUrl":null,"correlation_id":null}},{"id":"0375c679-d4ea-4e61-86bc-82a86ed0296f","type":"Feature","feature_type":"occupant","geometry":null,"properties":{"name":{"ru":"Кабинет 401","en":"Classroom 401"},"shortName":{"ru":"401","en":"401"},"category":"classroom","anchor_id":"1ede98ff-d8f4-4cdb-be23-76d1837899a7","hours":null,"phone":null,"email":null,"website":null,"description":null,"iconUrl":null,"correlation_id":null}},{"id":"16232504-a5ee-491b-8575-c957d23efd36","type":"Feature","feature_type":"occupant","geometry":null,"properties":{"name":{"ru":"Кабинет 400","en":"Classroom 400"},"shortName":{"ru":"400","en":"400"},"category":"classroom","anchor_id":"2bba91f8-82b3-4486-9e98-028770f26c2b","hours":null,"phone":null,"email":null,"website":null,"description":null,"iconUrl":null,"correlation_id":null}},{"id":"2e06069a-e69a-4f4c-8bdd-9f0fd9f861e0","type":"Feature","feature_type":"occupant","geometry":null,"properties":{"name":{"ru":"Кабинет 403a","en":"Classroom 403a"},"shortName":{"ru":"403a","en":"403a"},"category":"classroom","anchor_id":"c160613c-a4b6-4c24-9176-28cc22e697a1","hours":null,"phone":null,"email":null,"website":null,"description":null,"iconUrl":null,"correlation_id":null}},{"id":"3adc03c1-4a1e-4eb4-97ab-f72719a36764","type":"Feature","feature_type":"occupant","geometry":null,"properties":{"name":{"ru":"Кабинет 405","en":"Classroom 405"},"shortName":{"ru":"405","en":"405"},"category":"classroom","anchor_id":"16fdcb98-0e5b-4252-bd84-de48baa95a77","hours":null,"phone":null,"email":null,"website":null,"description":null,"iconUrl":null,"correlation_id":null}},{"id":"902f2985-6003-45eb-8f9f-9335f2f926a9","type":"Feature","feature_type":"occupant","geometry":null,"properties":{"name":{"ru":"Кабинет 407","en":"Classroom 407"},"shortName":{"ru":"407","en":"407"},"category":"classroom","anchor_id":"07a8e13c-2b53-4746-88cb-a51b6ef3da2d","hours":null,"phone":null,"email":null,"website":null,"description":null,"iconUrl":null,"correlation_id":null}},{"id":"23604b18-ff60-4e91-a6bb-ee376b8c3e89","type":"Feature","feature_type":"occupant","geometry":null,"properties":{"name":{"ru":"Кабинет 409","en":"Classroom 409"},"shortName":{"ru":"409","en":"409"},"category":"classroom","anchor_id":"4387667f-a37e-42c0-93c8-6613643a946e","hours":null,"phone":null,"email":null,"website":null,"description":null,"iconUrl":null,"correlation_id":null}},{"id":"3f435ba5-e4c4-4c5c-afd9-1894441da3fb","type":"Feature","feature_type":"occupant","geometry":null,"properties":{"name":{"ru":"Кабинет 408","en":"Classroom 408"},"shortName":{"ru":"408","en":"408"},"category":"classroom","anchor_id":"0ad1c804-71f8-4260-bf7c-24373c4139ae","hours":null,"phone":null,"email":null,"website":null,"description":null,"iconUrl":null,"correlation_id":null}},{"id":"947842d1-6a4d-4532-a75d-b0a9e4b713d5","type":"Feature","feature_type":"occupant","geometry":null,"properties":{"name":{"ru":"Кабинет 410","en":"Classroom 410"},"shortName":{"ru":"410","en":"410"},"category":"classroom","anchor_id":"70768f68-03b6-46ee-924e-160fd34d3fa2","hours":null,"phone":null,"email":null,"website":null,"description":null,"iconUrl":null,"correlation_id":null}},{"id":"a3f76d79-9bb4-40bd-9e61-3a0797edc1bb","type":"Feature","feature_type":"occupant","geometry":null,"properties":{"name":{"ru":"Туалет женский","en":"Restroom female"},"shortName":{"ru":"Туалет Ж.","en":"Restroom F."},"category":"restroom.female","anchor_id":"293d1fbf-35b9-4c1b-bc1b-a1f742cd632e","hours":null,"phone":null,"email":null,"website":null,"description":null,"iconUrl":null,"correlation_id":null}},{"id":"6fa4d2a5-6108-45bb-ba86-d05a6185165c","type":"Feature","feature_type":"occupant","geometry":null,"properties":{"name":{"ru":"Туалет мужской","en":"Restroom male"},"shortName":{"ru":"Туалет М.","en":"Restroom M."},"category":"restroom.male","anchor_id":"3e673363-6217-427f-ab44-b9cd45e2c5dd","hours":null,"phone":null,"email":null,"website":null,"description":null,"iconUrl":null,"correlation_id":null}},{"id":"0dbe83ed-da1f-4fd9-bad5-9fc56459c5ca","type":"Feature","feature_type":"occupant","geometry":null,"properties":{"name":{"ru":"Кабинет 404","en":"Classroom 404"},"shortName":{"ru":"404","en":"404"},"category":"classroom","anchor_id":"31a93713-9964-430d-bb5c-c4754a3703e6","hours":null,"phone":null,"email":null,"website":null,"description":null,"iconUrl":null,"correlation_id":null}},{"id":"24841c76-6682-4d1c-ac17-b1ee124f9d30","type":"Feature","feature_type":"occupant","geometry":null,"properties":{"name":{"ru":"Кабинет 406","en":"Classroom 406"},"shortName":{"ru":"406","en":"406"},"category":"classroom","anchor_id":"d159c8dd-a754-4092-b7cb-db7910b4fb33","hours":null,"phone":null,"email":null,"website":null,"description":null,"iconUrl":null,"correlation_id":null}},{"id":"9cdb9dbe-e8e5-42c2-b2ae-0652d7918377","type":"Feature","feature_type":"occupant","geometry":null,"properties":{"name":{"ru":"Кабинет 402","en":"Classroom 402"},"shortName":{"ru":"402","en":"402"},"category":"classroom","anchor_id":"d82ba630-4c55-4476-9e35-664268dbc674","hours":null,"phone":null,"email":null,"website":null,"description":null,"iconUrl":null,"correlation_id":null}},{"id":"5c880e3c-4c1e-4977-91b8-c4b660a91d6c","type":"Feature","feature_type":"occupant","geometry":null,"properties":{"name":{"ru":"Кабинет 504","en":"Classroom 504"},"shortName":{"ru":"504","en":"504"},"category":"classroom","anchor_id":"a943eef3-e2d7-4185-b17b-455bfc07b6c6","hours":null,"phone":null,"email":null,"website":null,"description":null,"iconUrl":null,"correlation_id":null}},{"id":"54707719-ff64-498a-b568-436c032ee239","type":"Feature","feature_type":"occupant","geometry":null,"properties":{"name":{"ru":"Кабинет 503","en":"Classroom 503"},"shortName":{"ru":"503","en":"503"},"category":"classroom","anchor_id":"db34e6fa-9b97-444f-9d93-a7a9ca6691c1","hours":null,"phone":null,"email":null,"website":null,"description":null,"iconUrl":null,"correlation_id":null}},{"id":"29d84dcf-d65d-4c87-a1d4-75a3cac8ab94","type":"Feature","feature_type":"occupant","geometry":null,"properties":{"name":{"ru":"Кабинет 501","en":"Classroom 501"},"shortName":{"ru":"501","en":"501"},"category":"classroom","anchor_id":"acb9e154-7735-40d2-9084-e2648740f787","hours":null,"phone":null,"email":null,"website":null,"description":null,"iconUrl":null,"correlation_id":null}},{"id":"331f7182-ac21-4176-9ce9-80e7340b79b5","type":"Feature","feature_type":"occupant","geometry":null,"properties":{"name":{"ru":"Кабинет 500","en":"Classroom 500"},"shortName":{"ru":"500","en":"500"},"category":"classroom","anchor_id":"03a2adef-aa18-40a6-8d31-c1898dcfa40b","hours":null,"phone":null,"email":null,"website":null,"description":null,"iconUrl":null,"correlation_id":null}},{"id":"3f2f5a10-9078-4577-ae12-cdce7cdfd2fb","type":"Feature","feature_type":"occupant","geometry":null,"properties":{"name":{"ru":"Кабинет 505","en":"Classroom 505"},"shortName":{"ru":"505","en":"505"},"category":"classroom","anchor_id":"7da4f9fd-18c1-4549-8bee-c23b686ff6cb","hours":null,"phone":null,"email":null,"website":null,"description":null,"iconUrl":null,"correlation_id":null}},{"id":"2d630c3b-8598-4411-bcac-98020c6034a5","type":"Feature","feature_type":"occupant","geometry":null,"properties":{"name":{"ru":"Кабинет 507","en":"Classroom 507"},"shortName":{"ru":"507","en":"507"},"category":"classroom","anchor_id":"433b33c0-0e1e-4f0a-b934-71827c323654","hours":null,"phone":null,"email":null,"website":null,"description":null,"iconUrl":null,"correlation_id":null}},{"id":"7bdbcba7-b314-48c9-acb2-55bb9a670719","type":"Feature","feature_type":"occupant","geometry":null,"properties":{"name":{"ru":"Кабинет 509a","en":"Classroom 509a"},"shortName":{"ru":"509a","en":"509a"},"category":"classroom","anchor_id":"1afe07ff-a52c-4d59-82ec-229b273bb0f9","hours":null,"phone":null,"email":null,"website":null,"description":null,"iconUrl":null,"correlation_id":null}},{"id":"130030c8-1fe7-4ca9-b134-dedf7903458c","type":"Feature","feature_type":"occupant","geometry":null,"properties":{"name":{"ru":"Кабинет 508","en":"Classroom 508"},"shortName":{"ru":"508","en":"508"},"category":"classroom","anchor_id":"40c0677e-8385-4b13-8c79-e0bada74f6ef","hours":null,"phone":null,"email":null,"website":null,"description":null,"iconUrl":null,"correlation_id":null}},{"id":"8bd8e36b-b976-4b66-b4e8-37e52aea6df7","type":"Feature","feature_type":"occupant","geometry":null,"properties":{"name":{"ru":"Кабинет 510","en":"Classroom 510"},"shortName":{"ru":"510","en":"510"},"category":"classroom","anchor_id":"3258f6f2-9925-4219-a2c1-1022758dedd2","hours":null,"phone":null,"email":null,"website":null,"description":null,"iconUrl":null,"correlation_id":null}},{"id":"035c2128-9842-421e-9147-b1641e045766","type":"Feature","feature_type":"occupant","geometry":null,"properties":{"name":{"ru":"Туалет женский","en":"Restroom female"},"shortName":{"ru":"Туалет Ж.","en":"Restroom F."},"category":"restroom.female","anchor_id":"b417ae28-75cb-40b5-a26f-8469069345c2","hours":null,"phone":null,"email":null,"website":null,"description":null,"iconUrl":null,"correlation_id":null}},{"id":"643db641-976e-4edc-8647-fbb3413cbd63","type":"Feature","feature_type":"occupant","geometry":null,"properties":{"name":{"ru":"Туалет мужской","en":"Restroom male"},"shortName":{"ru":"Туалет М.","en":"Restroom M."},"category":"restroom.male","anchor_id":"4d6d7c0c-5cbc-4aa0-b3ca-cf7d63ccc16c","hours":null,"phone":null,"email":null,"website":null,"description":null,"iconUrl":null,"correlation_id":null}},{"id":"7b480869-955a-4c8c-b322-791d09bcdc38","type":"Feature","feature_type":"occupant","geometry":null,"properties":{"name":{"ru":"Кабинет 511","en":"Classroom 511"},"shortName":{"ru":"511","en":"511"},"category":"classroom","anchor_id":"d5a03756-cff3-402e-b082-570067ae08cf","hours":null,"phone":null,"email":null,"website":null,"description":null,"iconUrl":null,"correlation_id":null}},{"id":"18189b21-6f45-44c9-b082-04d608feefd6","type":"Feature","feature_type":"occupant","geometry":null,"properties":{"name":{"ru":"Кабинет 506","en":"Classroom 506"},"shortName":{"ru":"506","en":"506"},"category":"classroom","anchor_id":"14fb7170-b508-4fac-8a90-ceec28c690f7","hours":null,"phone":null,"email":null,"website":null,"description":null,"iconUrl":null,"correlation_id":null}},{"id":"be3b60d4-c16a-430e-8b2d-d993b9b639ad","type":"Feature","feature_type":"occupant","geometry":null,"properties":{"name":{"ru":"Кабинет 502","en":"Classroom 502"},"shortName":{"ru":"502","en":"502"},"category":"classroom","anchor_id":"0e7cd3a5-fb25-4c9f-b25a-e38b713bc630","hours":null,"phone":null,"email":null,"website":null,"description":null,"iconUrl":null,"correlation_id":null}},{"id":"d60179f2-f571-4484-9038-10b5f974acf1","type":"Feature","feature_type":"occupant","geometry":null,"properties":{"name":{"ru":"Кабинет 509в","en":"Classroom 509в"},"shortName":{"ru":"509в","en":"509в"},"category":"classroom","anchor_id":"562d1a8e-d36a-429e-86a7-11824eb9b652","hours":null,"phone":null,"email":null,"website":null,"description":null,"iconUrl":null,"correlation_id":null}},{"id":"49001359-0afc-4ce9-b8b3-484fed1d4ca9","type":"Feature","feature_type":"occupant","geometry":null,"properties":{"name":{"ru":"Кабинет 509б","en":"Classroom 509б"},"shortName":{"ru":"509б","en":"509б"},"category":"classroom","anchor_id":"1f8b78e4-96ba-4981-805e-633ba98d7dcd","hours":null,"phone":null,"email":null,"website":null,"description":null,"iconUrl":null,"correlation_id":null}},{"id":"94e28af2-e3d2-4f16-a197-5315b4df29f3","type":"Feature","feature_type":"occupant","geometry":null,"properties":{"name":{"ru":"Кабинет 509","en":"Classroom 509"},"shortName":{"ru":"509","en":"509"},"category":"classroom","anchor_id":"90093015-e398-4fb4-833f-2fa704dd4f55","hours":null,"phone":null,"email":null,"website":null,"description":null,"iconUrl":null,"correlation_id":null}},{"id":"4e63cdb7-b388-43c8-8de1-39110497794d","type":"Feature","feature_type":"occupant","geometry":null,"properties":{"name":{"ru":"Кабинет 510в","en":"Classroom 510в"},"shortName":{"ru":"510в","en":"510в"},"category":"classroom","anchor_id":"1da2aa3a-66f8-4791-a531-69bf1c497315","hours":null,"phone":null,"email":null,"website":null,"description":null,"iconUrl":null,"correlation_id":null}},{"id":"82235d69-938e-4a17-8b67-e9b07b0fe393","type":"Feature","feature_type":"occupant","geometry":null,"properties":{"name":{"ru":"Кабинет 510а","en":"Classroom 510а"},"shortName":{"ru":"510а","en":"510а"},"category":"classroom","anchor_id":"288831b4-865b-48cc-9130-a029c23a09a2","hours":null,"phone":null,"email":null,"website":null,"description":null,"iconUrl":null,"correlation_id":null}},{"id":"98fdbd24-67d4-4900-bf25-c06c12ddf758","type":"Feature","feature_type":"occupant","geometry":null,"properties":{"name":{"ru":"Кабинет 510б","en":"Classroom 510б"},"shortName":{"ru":"510б","en":"510б"},"category":"classroom","anchor_id":"e2463c73-9e4d-4f84-9ac5-f72e528ee7d4","hours":null,"phone":null,"email":null,"website":null,"description":null,"iconUrl":null,"correlation_id":null}},{"id":"2bac7606-d61f-4070-9e88-1b26777e61d8","type":"Feature","feature_type":"occupant","geometry":null,"properties":{"name":{"ru":"Пост охраны","en":"Security"},"shortName":{"ru":"Пост охраны","en":"Пост охраны"},"category":"security","anchor_id":"daac8715-0c32-41a7-b1aa-c6e1eb492bc3","hours":null,"phone":null,"email":null,"website":null,"description":null,"iconUrl":null,"correlation_id":null}},{"id":"ba8a9592-0c42-4b77-9480-9b2ad7305334","type":"Feature","feature_type":"occupant","geometry":null,"properties":{"name":{"ru":"Г.1.29","en":"Г.1.29"},"shortName":{"ru":"Г.1.29","en":"Г.1.29"},"category":"classroom","anchor_id":"bf08055a-c421-4dc5-afa5-283223eb29c4","hours":null,"phone":null,"email":null,"website":null,"description":null,"iconUrl":null,"correlation_id":null}},{"id":"e76c8641-8afe-4c0d-a71f-31b6b782b82c","type":"Feature","feature_type":"occupant","geometry":null,"properties":{"name":{"ru":"Г.1.04 Лаборатория \"Полимерные композиционные материалы\"","en":"Г.1.04 Polymer Composite Materials Laboratory"},"shortName":{"ru":"Г.1.04","en":"Г.1.04"},"category":"laboratory","anchor_id":"e1c5e455-4fa4-4a19-b1cd-fe6e6c92f2de","hours":null,"phone":null,"email":null,"website":null,"description":null,"iconUrl":null,"correlation_id":null}},{"id":"4acd9024-02d4-45fb-8d50-f7805055126c","type":"Feature","feature_type":"occupant","geometry":null,"properties":{"name":{"ru":"Г.1.05 Научно-технологический комплекс \"Новые технологии и материалы\"","en":"Г.1.05 Research and Technological Complex \"New materials and technologies\""},"shortName":{"ru":"Г.1.05","en":"Г.1.05"},"category":"classroom","anchor_id":"c18b34a2-5466-40fd-a356-d1de97cdc11e","hours":null,"phone":null,"email":null,"website":null,"description":null,"iconUrl":null,"correlation_id":null}},{"id":"7f98f353-e1fa-4a59-bd04-1bb15c4ccd7e","type":"Feature","feature_type":"occupant","geometry":null,"properties":{"name":{"ru":"Г.1.03","en":"Г.1.03"},"shortName":{"ru":"Г.1.03","en":"Г.1.03"},"category":"unspecified","anchor_id":"ec0d76a8-9ae1-4ec7-ad32-0657e852b212","hours":null,"phone":null,"email":null,"website":null,"description":null,"iconUrl":null,"correlation_id":null}},{"id":"45a79786-0dfb-4a5b-befc-6c4d84d3116c","type":"Feature","feature_type":"occupant","geometry":null,"properties":{"name":{"ru":"Г.1.01","en":"Г.1.01"},"shortName":{"ru":"Г.1.01","en":"Г.1.01"},"category":"auditorium","anchor_id":"21f4b2b5-11e1-485f-a70a-0e04c78f7a4c","hours":null,"phone":null,"email":null,"website":null,"description":null,"iconUrl":null,"correlation_id":null}},{"id":"9ec55d67-27dd-4fd8-8851-e2235defa79a","type":"Feature","feature_type":"occupant","geometry":null,"properties":{"name":{"ru":"Г.1.06","en":"Г.1.06"},"shortName":{"ru":"Г.1.06","en":"Г.1.06"},"category":"unspecified","anchor_id":"13685d7c-4ff2-4ba1-b20a-3fb451b69cf6","hours":null,"phone":null,"email":null,"website":null,"description":null,"iconUrl":null,"correlation_id":null}},{"id":"93c7b991-3cba-4f93-a556-fdd0e955db90","type":"Feature","feature_type":"occupant","geometry":null,"properties":{"name":{"ru":"Г.1.54 Научно-технологический комплекс \"Новые технологии и материалы\"","en":"Г.1.54 Research and Technological Complex \"New materials and technologies\""},"shortName":{"ru":"Г.1.54","en":"Г.1.54"},"category":"classroom","anchor_id":"daf7b7ca-7d6d-4318-811f-12c22a49a79d","hours":null,"phone":null,"email":null,"website":null,"description":null,"iconUrl":null,"correlation_id":null}},{"id":"c43c9fb0-125d-470a-9397-ad077055f9ee","type":"Feature","feature_type":"occupant","geometry":null,"properties":{"name":{"ru":"Туалет женский","en":"Restroom female"},"shortName":{"ru":"Туалет Ж.","en":"Restroom F."},"category":"restroom.female","anchor_id":"11e74465-9438-4dfb-af66-35a34b656d32","hours":null,"phone":null,"email":null,"website":null,"description":null,"iconUrl":null,"correlation_id":null}},{"id":"cbbfedbe-f810-4317-baea-e81e7599fb16","type":"Feature","feature_type":"occupant","geometry":null,"properties":{"name":{"ru":"Туалет мужской","en":"Restroom male"},"shortName":{"ru":"Туалет М.","en":"Restroom M."},"category":"restroom.male","anchor_id":"a98b240d-eadd-421a-9501-2d34a634d280","hours":null,"phone":null,"email":null,"website":null,"description":null,"iconUrl":null,"correlation_id":null}},{"id":"f96f5ccc-e323-4729-886c-41c5cedf0b34","type":"Feature","feature_type":"occupant","geometry":null,"properties":{"name":{"ru":"Г.1.55","en":"Г.1.55"},"shortName":{"ru":"Г.1.55","en":"Г.1.55"},"category":"classroom","anchor_id":"270c69ac-194a-4c2d-8ded-dc8158b6bb01","hours":null,"phone":null,"email":null,"website":null,"description":null,"iconUrl":null,"correlation_id":null}},{"id":"b0bd8d3b-bbad-43b7-b933-6cb0d9e10a2b","type":"Feature","feature_type":"occupant","geometry":null,"properties":{"name":{"ru":"Г.1.53 Научно-технологический комплекс \"Новые технологии и материалы\"","en":"Г.1.53 Research and Technological Complex \"New materials and technologies\""},"shortName":{"ru":"Г.1.53","en":"Г.1.53"},"category":"classroom","anchor_id":"ef86fbe3-c81c-4eb7-b2e9-0a84539841b3","hours":null,"phone":null,"email":null,"website":null,"description":null,"iconUrl":null,"correlation_id":null}},{"id":"6de9fc9b-fca4-4467-99b4-bc1aa0d6149b","type":"Feature","feature_type":"occupant","geometry":null,"properties":{"name":{"ru":"Г.1.60","en":"Г.1.60"},"shortName":{"ru":"Г.1.60","en":"Г.1.60"},"category":"unspecified","anchor_id":"1ab4664d-58cb-4a48-bc0f-55e6af1c0c5f","hours":null,"phone":null,"email":null,"website":null,"description":null,"iconUrl":null,"correlation_id":null}},{"id":"8fb22426-025a-433c-b10e-2bb82e8ec014","type":"Feature","feature_type":"occupant","geometry":null,"properties":{"name":{"ru":"Г.1.10","en":"Г.1.10"},"shortName":{"ru":"Г.1.10","en":"Г.1.10"},"category":"classroom","anchor_id":"50a4254e-0882-4e4a-91ff-85294e73d6a3","hours":null,"phone":null,"email":null,"website":null,"description":null,"iconUrl":null,"correlation_id":null}},{"id":"eabdc67f-a001-4cdb-a544-71ea6b12a7de","type":"Feature","feature_type":"occupant","geometry":null,"properties":{"name":{"ru":"Г.1.11 Лаборатория \"Дизайн материалов и аддитивного производства\"","en":"Г.1.11 Laboratory \"Design of materials for additive manufacturing\""},"shortName":{"ru":"Г.1.11 ","en":"Г.1.11 "},"category":"laboratory","anchor_id":"ebe146a7-83ac-47ee-ae1e-5b6bbbaa13a7","hours":null,"phone":null,"email":null,"website":null,"description":null,"iconUrl":null,"correlation_id":null}},{"id":"1e985354-68c4-48b9-94dd-5ba614956522","type":"Feature","feature_type":"occupant","geometry":null,"properties":{"name":{"ru":"ГРЩ-3","en":"ГРЩ-3"},"shortName":{"ru":"ГРЩ-3","en":"ГРЩ-3"},"category":"unspecified","anchor_id":"14dd8069-26c4-4b12-89e1-4b18fd3212fa","hours":null,"phone":null,"email":null,"website":null,"description":null,"iconUrl":null,"correlation_id":null}},{"id":"fbb79639-a032-423f-9905-e0eda9671406","type":"Feature","feature_type":"occupant","geometry":null,"properties":{"name":{"ru":"Туалет мужской","en":"Restroom male"},"shortName":{"ru":"Туалет М.","en":"Restroom M."},"category":"restroom.male","anchor_id":"62357179-9936-4c49-a745-b42d3a69b36c","hours":null,"phone":null,"email":null,"website":null,"description":null,"iconUrl":null,"correlation_id":null}},{"id":"ab5f818f-33ac-405c-8fdf-e8d5c0eee6c2","type":"Feature","feature_type":"occupant","geometry":null,"properties":{"name":{"ru":"Туалет женский","en":"Restroom female"},"shortName":{"ru":"Туалет Ж.","en":"Restroom F."},"category":"restroom.female","anchor_id":"dfbc12d1-c652-45ed-a407-6eac26e3475d","hours":null,"phone":null,"email":null,"website":null,"description":null,"iconUrl":null,"correlation_id":null}},{"id":"6990e8b2-7c4a-4b6d-99a8-5df2da3f51b0","type":"Feature","feature_type":"occupant","geometry":null,"properties":{"name":{"ru":"Г.1.21","en":"Г.1.21"},"shortName":{"ru":"Г.1.21","en":"Г.1.21"},"category":"unspecified","anchor_id":"89cc5220-1829-4b21-86d8-574ab6c9a2b6","hours":null,"phone":null,"email":null,"website":null,"description":null,"iconUrl":null,"correlation_id":null}},{"id":"f87b11cd-689b-4a0f-bc8e-9f67436e52bf","type":"Feature","feature_type":"occupant","geometry":null,"properties":{"name":{"ru":"Г.1.40 Международный научно-образовательный центр \"Аддитивные технологии","en":"Г.1.40 Centre for International Research and Education \"Additive Technology\""},"shortName":{"ru":"Г.1.40","en":"Г.1.40"},"category":"academic.council","anchor_id":"e78f72c7-3e09-42e0-9e02-3dd11b146e38","hours":null,"phone":null,"email":null,"website":null,"description":null,"iconUrl":null,"correlation_id":null}},{"id":"9fd0f278-54bf-426a-9c23-b3e20e8f29c8","type":"Feature","feature_type":"occupant","geometry":null,"properties":{"name":{"ru":"Г.1.30 Лаборатория \"Дизайн материалов и аддитивного производства\"","en":"Г.1.30 Laboratory \"Design of materials for additive manufacturing\""},"shortName":{"ru":"Г.1.30","en":"Г.1.30"},"category":"laboratory","anchor_id":"eec76a20-3a29-42c7-9091-df24d4869622","hours":null,"phone":null,"email":null,"website":null,"description":null,"iconUrl":null,"correlation_id":null}},{"id":"794235f9-c4d5-49fb-b4df-483f410cafec","type":"Feature","feature_type":"occupant","geometry":null,"properties":{"name":{"ru":"Г.1.27 Сетевой инжиниринговый центр СПБПУ и ПГТУ","en":"Г.1.27"},"shortName":{"ru":"Г.1.27","en":"Г.1.27"},"category":"classroom","anchor_id":"b30445ab-118b-47a9-a04b-e43a23eee5be","hours":null,"phone":null,"email":null,"website":null,"description":null,"iconUrl":null,"correlation_id":null}},{"id":"491bf1a5-110e-40d4-be7e-7d2966432922","type":"Feature","feature_type":"occupant","geometry":null,"properties":{"name":{"ru":"Г.1.67","en":"Г.1.67"},"shortName":{"ru":"Г.1.67","en":"Г.1.67"},"category":"unspecified","anchor_id":"24849cf5-accd-4d1e-850e-b542fa2b16f2","hours":null,"phone":null,"email":null,"website":null,"description":null,"iconUrl":null,"correlation_id":null}},{"id":"318aea36-db3d-4299-b1d1-7a7540292b6f","type":"Feature","feature_type":"occupant","geometry":null,"properties":{"name":{"ru":"Г.1.14 Учебный научно-производственный центр промышленной робототехники Kawasaki-Политех","en":"Г.1.14 Education and R&D Center of Industrial Robotics Kawasaki-Polytech"},"shortName":{"ru":"Г.1.14","en":"Г.1.14"},"category":"laboratory","anchor_id":"79e4ec69-c8c0-4773-99c1-c624e401b834","hours":null,"phone":null,"email":null,"website":null,"description":null,"iconUrl":null,"correlation_id":null}},{"id":"661da870-06b3-4eda-8885-8a934750490f","type":"Feature","feature_type":"occupant","geometry":null,"properties":{"name":{"ru":"Г.1.39","en":"Г.1.39"},"shortName":{"ru":"Г.1.39","en":"Г.1.39"},"category":"classroom","anchor_id":"a06933d2-5fa5-4896-a2e4-f5c5e629ccba","hours":null,"phone":null,"email":null,"website":null,"description":null,"iconUrl":null,"correlation_id":null}},{"id":"5a94157f-0e6e-4ca4-b45b-c8ebf2c621c2","type":"Feature","feature_type":"occupant","geometry":null,"properties":{"name":{"ru":"Г.1.31","en":"Г.1.31"},"shortName":{"ru":"Г.1.31","en":"Г.1.31"},"category":"classroom","anchor_id":"3d7e3f35-63f5-42dc-80f8-875963e644d8","hours":null,"phone":null,"email":null,"website":null,"description":null,"iconUrl":null,"correlation_id":null}},{"id":"111117be-4784-4da2-b3b3-29540e90a2e8","type":"Feature","feature_type":"occupant","geometry":null,"properties":{"name":{"ru":"Г.1.38","en":"Г.1.38"},"shortName":{"ru":"Г.1.38","en":"Г.1.38"},"category":"classroom","anchor_id":"d9682880-64a2-4f60-bbaf-c5087708ea26","hours":null,"phone":null,"email":null,"website":null,"description":null,"iconUrl":null,"correlation_id":null}},{"id":"0488a12e-8b04-475e-acb5-2b769fe9b47f","type":"Feature","feature_type":"occupant","geometry":null,"properties":{"name":{"ru":"Г.1.32","en":"Г.1.32"},"shortName":{"ru":"Г.1.32","en":"Г.1.32"},"category":"classroom","anchor_id":"29f083fd-9e44-4601-9604-be7a53012983","hours":null,"phone":null,"email":null,"website":null,"description":null,"iconUrl":null,"correlation_id":null}},{"id":"474da25d-69b6-4535-a2a8-a208e0333703","type":"Feature","feature_type":"occupant","geometry":null,"properties":{"name":{"ru":"Г.1.33","en":"Г.1.33"},"shortName":{"ru":"Г.1.33","en":"Г.1.33"},"category":"classroom","anchor_id":"07955217-c9ae-4790-b9b3-7f5656b9ed0d","hours":null,"phone":null,"email":null,"website":null,"description":null,"iconUrl":null,"correlation_id":null}},{"id":"38e8ebc1-8897-41f7-a5a9-11bd7a9cf480","type":"Feature","feature_type":"occupant","geometry":null,"properties":{"name":{"ru":"Г.1.35","en":"Г.1.35"},"shortName":{"ru":"Г.1.35","en":"Г.1.35"},"category":"classroom","anchor_id":"cc962bdf-5d6e-448b-8fa2-82af113a6917","hours":null,"phone":null,"email":null,"website":null,"description":null,"iconUrl":null,"correlation_id":null}},{"id":"336f9fec-195b-4ae7-920a-722c506b7c3c","type":"Feature","feature_type":"occupant","geometry":null,"properties":{"name":{"ru":"Б.1.13","en":"Б.1.13"},"shortName":{"ru":"Б.1.13","en":"Б.1.13"},"category":"classroom","anchor_id":"f374bc81-e8f5-42b2-9a37-9cd4ab8a0719","hours":null,"phone":null,"email":null,"website":null,"description":null,"iconUrl":null,"correlation_id":null}},{"id":"6400dfa1-49fd-44fa-97e4-8922c8319da1","type":"Feature","feature_type":"occupant","geometry":null,"properties":{"name":{"ru":"Б.1.12","en":"Б.1.12"},"shortName":{"ru":"Б.1.12","en":"Б.1.12"},"category":"classroom","anchor_id":"8a889dd8-1b7b-41f0-af36-933e67a0f9dc","hours":null,"phone":null,"email":null,"website":null,"description":null,"iconUrl":null,"correlation_id":null}},{"id":"1dff7f52-5dd5-4d9e-83d8-8060e8001729","type":"Feature","feature_type":"occupant","geometry":null,"properties":{"name":{"ru":"Б.1.11","en":"Б.1.11"},"shortName":{"ru":"Б.1.11","en":"Б.1.11"},"category":"classroom","anchor_id":"09e27cf5-2226-4835-888d-a8a86ac15d9f","hours":null,"phone":null,"email":null,"website":null,"description":null,"iconUrl":null,"correlation_id":null}},{"id":"ce2b014c-4260-4ab0-829f-51b346606d4f","type":"Feature","feature_type":"occupant","geometry":null,"properties":{"name":{"ru":"Б.1.05","en":"Б.1.05"},"shortName":{"ru":"Б.1.05","en":"Б.1.05"},"category":"classroom","anchor_id":"ee954c6d-0fc7-4506-9077-3c5471c3495b","hours":null,"phone":null,"email":null,"website":null,"description":null,"iconUrl":null,"correlation_id":null}},{"id":"a986936d-d2f8-4e9f-924b-6b159f395ba5","type":"Feature","feature_type":"occupant","geometry":null,"properties":{"name":{"ru":"Б.1.06","en":"Б.1.06"},"shortName":{"ru":"Б.1.06","en":"Б.1.06"},"category":"classroom","anchor_id":"a94519af-4b1b-4fa4-8dcf-793d1c73041d","hours":null,"phone":null,"email":null,"website":null,"description":null,"iconUrl":null,"correlation_id":null}},{"id":"f485413f-6a4f-4cdf-ae8e-f66224798ed1","type":"Feature","feature_type":"occupant","geometry":null,"properties":{"name":{"ru":"Б.1.08","en":"Б.1.08"},"shortName":{"ru":"Б.1.08","en":"Б.1.08"},"category":"classroom","anchor_id":"f3ca9d90-9f3e-453b-82f2-5d0fcf65f5ab","hours":null,"phone":null,"email":null,"website":null,"description":null,"iconUrl":null,"correlation_id":null}},{"id":"fbd62246-e738-470c-a05b-09bd6d7dc299","type":"Feature","feature_type":"occupant","geometry":null,"properties":{"name":{"ru":"Б.1.07","en":"Б.1.07"},"shortName":{"ru":"Б.1.07","en":"Б.1.07"},"category":"classroom","anchor_id":"99263a05-7747-4e85-9a89-ebeada9f816b","hours":null,"phone":null,"email":null,"website":null,"description":null,"iconUrl":null,"correlation_id":null}},{"id":"63a59336-d139-4f87-a90c-a77c7a5841db","type":"Feature","feature_type":"occupant","geometry":null,"properties":{"name":{"ru":"В.1.12","en":"В.1.12"},"shortName":{"ru":"В.1.12","en":"В.1.12"},"category":"classroom","anchor_id":"749d6791-8df2-4ee3-acd8-b2fb97c3cc46","hours":null,"phone":null,"email":null,"website":null,"description":null,"iconUrl":null,"correlation_id":null}},{"id":"1498b217-8d77-4f47-b92b-4f4be4bb7a86","type":"Feature","feature_type":"occupant","geometry":null,"properties":{"name":{"ru":"В.1.11","en":"В.1.11"},"shortName":{"ru":"В.1.11","en":"В.1.11"},"category":"classroom","anchor_id":"9fe66591-cb0f-4908-853e-16d4f80c6ebc","hours":null,"phone":null,"email":null,"website":null,"description":null,"iconUrl":null,"correlation_id":null}},{"id":"88891e6a-3807-4576-9768-4e1a1e6bc9b6","type":"Feature","feature_type":"occupant","geometry":null,"properties":{"name":{"ru":"В.1.08 Помещение уборочного инвентаря","en":"В.1.08 Cleaning equipment room"},"shortName":{"ru":"В.1.08","en":"В.1.08"},"category":"unspecified","anchor_id":"99ea02c4-d901-460c-935d-7d777382109d","hours":null,"phone":null,"email":null,"website":null,"description":null,"iconUrl":null,"correlation_id":null}},{"id":"23b82206-2a7d-485e-bb8a-acbdb4f84dd2","type":"Feature","feature_type":"occupant","geometry":null,"properties":{"name":{"ru":"В.1.05 Малый конференц-зал","en":"В.1.05 Smal conference hall"},"shortName":{"ru":"В.1.05","en":"В.1.05"},"category":"auditorium","anchor_id":"290040f6-c9db-49d6-ba21-bf25a9fcc8ce","hours":null,"phone":null,"email":null,"website":null,"description":null,"iconUrl":null,"correlation_id":null}},{"id":"ee3563b5-23a6-41b7-9dd8-79da51d14f17","type":"Feature","feature_type":"occupant","geometry":null,"properties":{"name":{"ru":"В.1.04 Переговорная","en":"В.1.04 Negotiation Room"},"shortName":{"ru":"В.1.04","en":"В.1.04"},"category":"administration","anchor_id":"96999af5-4bbd-42fe-b76b-749b5fef5ccc","hours":null,"phone":null,"email":null,"website":null,"description":null,"iconUrl":null,"correlation_id":null}},{"id":"157d76b0-701c-4b13-8294-9b59c5d0c563","type":"Feature","feature_type":"occupant","geometry":null,"properties":{"name":{"ru":"В.1.03 Северо-Западный региональный центр компетенций в области онлайн-обучения","en":"В.1.03 North-Western Regional Centre of Competence in Online Education"},"shortName":{"ru":"В.1.03","en":"В.1.03"},"category":"administration","anchor_id":"510b83e3-fb6a-49b3-8caf-b8b963ea9e96","hours":null,"phone":null,"email":null,"website":null,"description":null,"iconUrl":null,"correlation_id":null}},{"id":"da016920-fbf4-48ae-ba7c-01a7e07fba2e","type":"Feature","feature_type":"occupant","geometry":null,"properties":{"name":{"ru":"В.1.29","en":"В.1.29"},"shortName":{"ru":"В.1.29","en":"В.1.29"},"category":"classroom","anchor_id":"d91cc379-ce3c-4c32-834e-9f32f5badde0","hours":null,"phone":null,"email":null,"website":null,"description":null,"iconUrl":null,"correlation_id":null}},{"id":"6850a736-6b0d-465b-ae2a-11dac6f90b9b","type":"Feature","feature_type":"occupant","geometry":null,"properties":{"name":{"ru":"В.1.15 Протокольно-организационная служба","en":"В.1.15 Protocol service"},"shortName":{"ru":"В.1.15","en":"В.1.15"},"category":"classroom","anchor_id":"63e5dc61-ecf6-4bf6-b026-29e552711b84","hours":null,"phone":null,"email":null,"website":null,"description":null,"iconUrl":null,"correlation_id":null}},{"id":"87270e36-88d9-44cf-8b54-12a6d59c3518","type":"Feature","feature_type":"occupant","geometry":null,"properties":{"name":{"ru":"В.1.16","en":"В.1.16"},"shortName":{"ru":"В.1.16","en":"В.1.16"},"category":"classroom","anchor_id":"98e2bf66-2e32-4487-b2c6-a6d3abe70a9b","hours":null,"phone":null,"email":null,"website":null,"description":null,"iconUrl":null,"correlation_id":null}},{"id":"1988eb02-80fd-4200-b862-973ac38e6959","type":"Feature","feature_type":"occupant","geometry":null,"properties":{"name":{"ru":"В.1.17 Отдел мультимедийных","en":"В.1.17 Office of Multimedia"},"shortName":{"ru":"В.1.17","en":"В.1.17"},"category":"classroom","anchor_id":"397b5066-0d1d-43f0-81a3-94740582eeb0","hours":null,"phone":null,"email":null,"website":null,"description":null,"iconUrl":null,"correlation_id":null}},{"id":"133cfcc7-7c1c-4ce7-b5e8-0956a5b518ad","type":"Feature","feature_type":"occupant","geometry":null,"properties":{"name":{"ru":"В.1.18 Медиа-центр","en":"В.1.18 Media Center"},"shortName":{"ru":"В.1.18","en":"В.1.18"},"category":"concert.hall","anchor_id":"82e52966-f4cf-496f-a496-670f509e1700","hours":null,"phone":null,"email":null,"website":null,"description":null,"iconUrl":null,"correlation_id":null}},{"id":"98a1aa7b-fc17-4598-abca-b13f7cfac57c","type":"Feature","feature_type":"occupant","geometry":null,"properties":{"name":{"ru":"В.1.21 Телестудия","en":"В.1.21 TV studio"},"shortName":{"ru":"В.1.21","en":"В.1.21"},"category":"classroom","anchor_id":"00f425ed-f9f5-475d-b0e3-f0469c30f64d","hours":null,"phone":null,"email":null,"website":null,"description":null,"iconUrl":null,"correlation_id":null}},{"id":"998805ac-853e-4056-a437-34b60b2c5473","type":"Feature","feature_type":"occupant","geometry":null,"properties":{"name":{"ru":"В.1.22 Центр открытого образования","en":"В.1.22 Center for Open Education"},"shortName":{"ru":"В.1.22","en":"В.1.22"},"category":"administration","anchor_id":"758e9871-d7ac-4884-b29a-d090965a8f69","hours":null,"phone":null,"email":null,"website":null,"description":null,"iconUrl":null,"correlation_id":null}},{"id":"7788d89d-0ec6-417f-b2f8-1b41907902da","type":"Feature","feature_type":"occupant","geometry":null,"properties":{"name":{"ru":"В.1.23 Лаборатория \"Открытых ресурсов\"","en":"В.1.23 Laboratory of Open Resources"},"shortName":{"ru":"В.1.23","en":"В.1.23"},"category":"laboratory","anchor_id":"958b4f7c-f387-4204-873c-fa94a50e4190","hours":null,"phone":null,"email":null,"website":null,"description":null,"iconUrl":null,"correlation_id":null}},{"id":"72999c93-bd5f-4132-90be-3c4b11a02e47","type":"Feature","feature_type":"occupant","geometry":null,"properties":{"name":{"ru":"В.1.24 Управление автоматизации образовательной деятельности. Отдел поддержки пользователей","en":"В.1.24 Education Automation Office. Support Department"},"shortName":{"ru":"В.1.24","en":"В.1.24"},"category":"administration","anchor_id":"27a64b19-e34a-47a1-95fa-5e2eb94c9595","hours":null,"phone":null,"email":null,"website":null,"description":null,"iconUrl":null,"correlation_id":null}},{"id":"c8e96c2d-d83a-4758-bfa3-f35d53cc0faa","type":"Feature","feature_type":"occupant","geometry":null,"properties":{"name":{"ru":"В.1.25 Конференц-зал \"Капица\"","en":"В.1.25 Conference hall \"Kapitsa\""},"shortName":{"ru":"В.1.25","en":"В.1.25"},"category":"auditorium","anchor_id":"bf2ae673-3236-4224-a822-6515ed9975bb","hours":null,"phone":null,"email":null,"website":null,"description":null,"iconUrl":null,"correlation_id":null}},{"id":"c10a7ba5-fce4-4288-a1b7-f05aeb7f748e","type":"Feature","feature_type":"occupant","geometry":null,"properties":{"name":{"ru":"А.1.01","en":"А.1.01"},"shortName":{"ru":"А.1.01","en":"А.1.01"},"category":"classroom","anchor_id":"e185c6ce-eb70-409f-aef2-f89550ae5779","hours":null,"phone":null,"email":null,"website":null,"description":null,"iconUrl":null,"correlation_id":null}},{"id":"0e4266aa-9c5b-4611-9f1c-7f2cba9120ff","type":"Feature","feature_type":"occupant","geometry":null,"properties":{"name":{"ru":"А.1.31","en":"А.1.31"},"shortName":{"ru":"А.1.31","en":"А.1.31"},"category":"classroom","anchor_id":"83cbc901-b03a-4d5e-8cde-c8ea934cf3ae","hours":null,"phone":null,"email":null,"website":null,"description":null,"iconUrl":null,"correlation_id":null}},{"id":"3d14752a-9121-49b4-9cd4-1b3d19e9d9b2","type":"Feature","feature_type":"occupant","geometry":null,"properties":{"name":{"ru":"А.1.30","en":"А.1.30"},"shortName":{"ru":"А.1.30","en":"А.1.30"},"category":"classroom","anchor_id":"e06ce433-e08e-4226-b60b-a74167e140ac","hours":null,"phone":null,"email":null,"website":null,"description":null,"iconUrl":null,"correlation_id":null}},{"id":"924ae144-c44c-4b86-8f5c-a56770e24d1f","type":"Feature","feature_type":"occupant","geometry":null,"properties":{"name":{"ru":"А.1.29","en":"А.1.29"},"shortName":{"ru":"А.1.29","en":"А.1.29"},"category":"classroom","anchor_id":"e3b7dd98-5d7a-4b51-84a9-3d669b64b229","hours":null,"phone":null,"email":null,"website":null,"description":null,"iconUrl":null,"correlation_id":null}},{"id":"90f32047-baae-40ce-a87a-dc911172fe72","type":"Feature","feature_type":"occupant","geometry":null,"properties":{"name":{"ru":"А.1.28 ","en":"А.1.28"},"shortName":{"ru":"А.1.28","en":"А.1.28"},"category":"administration","anchor_id":"ee774ef7-4752-4180-a737-c6a00dfd8abe","hours":null,"phone":null,"email":null,"website":null,"description":null,"iconUrl":null,"correlation_id":null}},{"id":"e6cc55bb-eca1-4273-8ed3-dc90b313d9c9","type":"Feature","feature_type":"occupant","geometry":null,"properties":{"name":{"ru":"А.1.04","en":"А.1.04"},"shortName":{"ru":"А.1.04","en":"А.1.04"},"category":"classroom","anchor_id":"204b2cbd-44e8-47d6-8fd2-2a50c53cc4c3","hours":null,"phone":null,"email":null,"website":null,"description":null,"iconUrl":null,"correlation_id":null}},{"id":"74e1f1ef-e243-4eee-9777-70cef0f49c67","type":"Feature","feature_type":"occupant","geometry":null,"properties":{"name":{"ru":"А.1.05","en":"А.1.05"},"shortName":{"ru":"А.1.05","en":"А.1.05"},"category":"classroom","anchor_id":"db5bfd05-f705-4af7-92c8-d9d306072354","hours":null,"phone":null,"email":null,"website":null,"description":null,"iconUrl":null,"correlation_id":null}},{"id":"0f4d1271-5100-4946-b48d-8a5aa16be0c1","type":"Feature","feature_type":"occupant","geometry":null,"properties":{"name":{"ru":"А.1.06","en":"А.1.06"},"shortName":{"ru":"А.1.06","en":"А.1.06"},"category":"classroom","anchor_id":"a29e3f35-df9c-471c-8db8-001dabab536f","hours":null,"phone":null,"email":null,"website":null,"description":null,"iconUrl":null,"correlation_id":null}},{"id":"e44186c9-537e-41a1-bc2e-24326cd7a1c6","type":"Feature","feature_type":"occupant","geometry":null,"properties":{"name":{"ru":"А.1.07","en":"А.1.07"},"shortName":{"ru":"А.1.07","en":"А.1.07"},"category":"classroom","anchor_id":"9408c7e9-8efc-48c1-a89b-31bf41aeb124","hours":null,"phone":null,"email":null,"website":null,"description":null,"iconUrl":null,"correlation_id":null}},{"id":"247ccd29-671d-429e-b87a-a9695a62ace4","type":"Feature","feature_type":"occupant","geometry":null,"properties":{"name":{"ru":"А.1.08","en":"А.1.08"},"shortName":{"ru":"А.1.08","en":"А.1.08"},"category":"classroom","anchor_id":"9a23754a-e2e5-43b2-8040-46fceb9d6fe7","hours":null,"phone":null,"email":null,"website":null,"description":null,"iconUrl":null,"correlation_id":null}},{"id":"b196b165-b506-46cb-b1a3-c1b720951cb7","type":"Feature","feature_type":"occupant","geometry":null,"properties":{"name":{"ru":"А.1.09","en":"А.1.09"},"shortName":{"ru":"А.1.09","en":"А.1.09"},"category":"classroom","anchor_id":"8639d76d-c70c-44ac-ac95-0494284a286a","hours":null,"phone":null,"email":null,"website":null,"description":null,"iconUrl":null,"correlation_id":null}},{"id":"b21b2501-aa00-4f41-90c6-b131689e8abe","type":"Feature","feature_type":"occupant","geometry":null,"properties":{"name":{"ru":"Туалет женский","en":"Restroom female"},"shortName":{"ru":"Туалет Ж.","en":"Restroom F."},"category":"restroom.female","anchor_id":"de21bd9a-b878-4ef8-ad6e-11fd26eaf887","hours":null,"phone":null,"email":null,"website":null,"description":null,"iconUrl":null,"correlation_id":null}},{"id":"f6113a30-501d-4357-ad99-9cb25ac62df4","type":"Feature","feature_type":"occupant","geometry":null,"properties":{"name":{"ru":"Туалет мужской","en":"Restroom male"},"shortName":{"ru":"Туалет М.","en":"Restroom M."},"category":"restroom.male","anchor_id":"ff9221f0-8f41-42a4-833e-513fdf08fe06","hours":null,"phone":null,"email":null,"website":null,"description":null,"iconUrl":null,"correlation_id":null}},{"id":"3d860aff-9439-4933-b84b-5c501a8848f5","type":"Feature","feature_type":"occupant","geometry":null,"properties":{"name":{"ru":"А.1.12","en":"А.1.12"},"shortName":{"ru":"А.1.12","en":"А.1.12"},"category":"classroom","anchor_id":"4ef70ad8-2261-4f21-b1bc-288ccd3e79d2","hours":null,"phone":null,"email":null,"website":null,"description":null,"iconUrl":null,"correlation_id":null}},{"id":"7b9638d0-e9ec-4676-8163-c22d35b3f52e","type":"Feature","feature_type":"occupant","geometry":null,"properties":{"name":{"ru":"А.1.19","en":"А.1.19"},"shortName":{"ru":"А.1.19","en":"А.1.19"},"category":"classroom","anchor_id":"e61e1078-447f-4b30-80b4-426d384f5d22","hours":null,"phone":null,"email":null,"website":null,"description":null,"iconUrl":null,"correlation_id":null}},{"id":"8cd52af5-7595-4508-9184-8d8026da8411","type":"Feature","feature_type":"occupant","geometry":null,"properties":{"name":{"ru":"А.1.20","en":"А.1.20"},"shortName":{"ru":"А.1.20","en":"А.1.20"},"category":"classroom","anchor_id":"8014caf2-4edf-4b01-96c1-229c6902d016","hours":null,"phone":null,"email":null,"website":null,"description":null,"iconUrl":null,"correlation_id":null}},{"id":"253327ca-e582-4402-b42d-d113e7d31688","type":"Feature","feature_type":"occupant","geometry":null,"properties":{"name":{"ru":"А.1.21","en":"А.1.21"},"shortName":{"ru":"А.1.21","en":"А.1.21"},"category":"classroom","anchor_id":"3649d318-225b-4bcb-b426-2a8622e39c24","hours":null,"phone":null,"email":null,"website":null,"description":null,"iconUrl":null,"correlation_id":null}},{"id":"cd966e54-d660-483c-aaf4-64a7eecd6bd0","type":"Feature","feature_type":"occupant","geometry":null,"properties":{"name":{"ru":"А.1.22","en":"А.1.22"},"shortName":{"ru":"А.1.22","en":"А.1.22"},"category":"administration","anchor_id":"7bf4b12a-605f-413b-a9b3-16f8c737b7d0","hours":null,"phone":null,"email":null,"website":null,"description":null,"iconUrl":null,"correlation_id":null}},{"id":"7823e0ec-4873-4e97-8b14-6ffaa23a99bf","type":"Feature","feature_type":"occupant","geometry":null,"properties":{"name":{"ru":"А.1.23 Проректор по информационным технологиям Лямин Андрей Владимирович","en":"А.1.23 VICE-RECTOR for IT ANDREY V. LYAMIN"},"shortName":{"ru":"А.1.23","en":"А.1.23"},"category":"administration","anchor_id":"1203dfff-cf15-45a5-b460-455286b458b4","hours":null,"phone":null,"email":null,"website":null,"description":null,"iconUrl":null,"correlation_id":null}},{"id":"16575458-4b21-4eaa-9268-90a1621b87ea","type":"Feature","feature_type":"occupant","geometry":null,"properties":{"name":{"ru":"А.1.24","en":"А.1.24"},"shortName":{"ru":"А.1.24","en":"А.1.24"},"category":"classroom","anchor_id":"9a2ceaa8-6ecc-467f-ad7a-316abac6a25d","hours":null,"phone":null,"email":null,"website":null,"description":null,"iconUrl":null,"correlation_id":null}},{"id":"f1c0682f-fe95-4921-9f03-2e9565937638","type":"Feature","feature_type":"occupant","geometry":null,"properties":{"name":{"ru":"Столовая для гостей","en":"Столовая для гостей"},"shortName":{"ru":"Столовая для гостей","en":"Столовая для гостей"},"category":"foodservice.coffee","anchor_id":"b5d04745-25e9-4693-b11b-ac162f086d0b","hours":null,"phone":null,"email":null,"website":null,"description":null,"iconUrl":null,"correlation_id":null}},{"id":"52248261-a531-4575-ab3e-0ad04647bce8","type":"Feature","feature_type":"occupant","geometry":null,"properties":{"name":{"ru":"Туалет для лиц с ограниченными возможностями","en":"Restroom for people with disabilities"},"shortName":{"ru":"Туалет инв.","en":"Restroom wheel."},"category":"restroom.wheelchair","anchor_id":"1b15d5db-2291-495c-b7e9-c928b2d453b6","hours":null,"phone":null,"email":null,"website":null,"description":null,"iconUrl":null,"correlation_id":null}},{"id":"855975d6-49d4-41fe-94c7-54937bb8bf69","type":"Feature","feature_type":"occupant","geometry":null,"properties":{"name":{"ru":"Г.2.05 Лаборатория \"Лазерные и плазменные технологии\"","en":"Г.2.05 Laser and Plasma Technology Laboratory"},"shortName":{"ru":"Г.2.05","en":"Г.2.05"},"category":"laboratory","anchor_id":"9411086b-f3b1-4365-a971-afeb42d9d310","hours":null,"phone":null,"email":null,"website":null,"description":null,"iconUrl":null,"correlation_id":null}},{"id":"9bb637f9-0c00-48f3-be67-e367bb86d951","type":"Feature","feature_type":"occupant","geometry":null,"properties":{"name":{"ru":"Г.2.04","en":"Г.2.04"},"shortName":{"ru":"Г.2.04","en":"Г.2.04"},"category":"classroom","anchor_id":"2c51ec60-4917-4fa5-a6e2-93a805575d1c","hours":null,"phone":null,"email":null,"website":null,"description":null,"iconUrl":null,"correlation_id":null}},{"id":"96fc9f07-18ce-4ec7-86d7-b12429ca0446","type":"Feature","feature_type":"occupant","geometry":null,"properties":{"name":{"ru":"Г.2.03 Лаборатория \"Промышленные системы потоковой обработки данных","en":"Г.2.03 Industrial Systems for Streaming Data Processing Laboratory"},"shortName":{"ru":"Г.2.03","en":"Г.2.03"},"category":"laboratory","anchor_id":"6b0c61f9-adc8-4cfa-9876-b8b26d00f072","hours":null,"phone":null,"email":null,"website":null,"description":null,"iconUrl":null,"correlation_id":null}},{"id":"4f68b9fe-f58d-444c-87ee-2f0596c9bc8e","type":"Feature","feature_type":"occupant","geometry":null,"properties":{"name":{"ru":"Г.2.02 Лаборатория \"Лазерные и плазменные технологии\"","en":"Г.2.02 Laser and Plasma Technology Laboratory"},"shortName":{"ru":"Г.2.02","en":"Г.2.02"},"category":"laboratory","anchor_id":"82946515-e3c4-4585-a148-87ea4546dbce","hours":null,"phone":null,"email":null,"website":null,"description":null,"iconUrl":null,"correlation_id":null}},{"id":"b4ca649f-73a4-438c-8426-d2c2cd128b21","type":"Feature","feature_type":"occupant","geometry":null,"properties":{"name":{"ru":"Г.2.46","en":"Г.2.46"},"shortName":{"ru":"Г.2.46","en":"Г.2.46"},"category":"unspecified","anchor_id":"fe1ddddf-24b7-44a8-a30c-bc63f76623db","hours":null,"phone":null,"email":null,"website":null,"description":null,"iconUrl":null,"correlation_id":null}},{"id":"55fcb5c6-f22d-4bfd-a110-e0e43d134c54","type":"Feature","feature_type":"occupant","geometry":null,"properties":{"name":{"ru":"Г.2.41 Центр перспективных исследований. Лаборатория ультразвуковых технологий","en":"Г.2.41 Cener for Advanced Studies. Laboratory of ultrasound technologies"},"shortName":{"ru":"Г.2.41","en":"Г.2.41"},"category":"laboratory","anchor_id":"2617ea0e-edf5-4db6-9688-d8cce0595372","hours":null,"phone":null,"email":null,"website":null,"description":null,"iconUrl":null,"correlation_id":null}},{"id":"76b0b9ce-3415-4663-b39f-9218966f125b","type":"Feature","feature_type":"occupant","geometry":null,"properties":{"name":{"ru":"Туалет ","en":"Restroom"},"shortName":{"ru":"Туалет М/Ж","en":"Restroom"},"category":"restroom","anchor_id":"3af8424b-c7c8-4238-af1b-9b4fb43247ac","hours":null,"phone":null,"email":null,"website":null,"description":null,"iconUrl":null,"correlation_id":null}},{"id":"fe523864-3b33-4c1f-9078-a989d4cb0963","type":"Feature","feature_type":"occupant","geometry":null,"properties":{"name":{"ru":"Туалет","en":"Restroom "},"shortName":{"ru":"Туалет М/Ж","en":"Restroom"},"category":"restroom","anchor_id":"b625760d-22cc-43f8-b2c6-ce904a04c25f","hours":null,"phone":null,"email":null,"website":null,"description":null,"iconUrl":null,"correlation_id":null}},{"id":"0ae4a8f7-ea2f-43e1-97ed-a8679f243561","type":"Feature","feature_type":"occupant","geometry":null,"properties":{"name":{"ru":"А.2.10 Вентиляционная камера","en":"А.2.10 Vent Chamber"},"shortName":{"ru":"А.2.10","en":"А.2.10"},"category":"classroom","anchor_id":"427078bf-c47a-4803-9402-03ebf5160c54","hours":null,"phone":null,"email":null,"website":null,"description":null,"iconUrl":null,"correlation_id":null}},{"id":"04996457-d501-4087-b894-86b0637d0701","type":"Feature","feature_type":"occupant","geometry":null,"properties":{"name":{"ru":"А.2.11 Лаборатория \"Лёгкие материалы и конструкции\". Мастерская","en":"А.2.11 Lightweight Materials and Structures Laboratory. Workshop"},"shortName":{"ru":"А.2.11","en":"А.2.11"},"category":"laboratory","anchor_id":"0cd304e7-e299-47df-96e9-e82bc462a72a","hours":null,"phone":null,"email":null,"website":null,"description":null,"iconUrl":null,"correlation_id":null}},{"id":"d6d33586-62b7-4973-81a3-f20c832dd222","type":"Feature","feature_type":"occupant","geometry":null,"properties":{"name":{"ru":"Туалет женский","en":"Restroom female"},"shortName":{"ru":"Туалет Ж.","en":"Restroom F."},"category":"restroom.female","anchor_id":"04251bd3-9717-4fea-8388-f600c0f89adf","hours":null,"phone":null,"email":null,"website":null,"description":null,"iconUrl":null,"correlation_id":null}},{"id":"583d7c53-8533-4f2f-b223-65e6ddba8d02","type":"Feature","feature_type":"occupant","geometry":null,"properties":{"name":{"ru":"Туалет мужской","en":"Restroom male"},"shortName":{"ru":"Туалет М.","en":"Restroom M."},"category":"restroom.male","anchor_id":"de06e630-e1e9-48f4-8a00-b2d29dbf48a9","hours":null,"phone":null,"email":null,"website":null,"description":null,"iconUrl":null,"correlation_id":null}},{"id":"f958a5b8-9f7b-4ba7-b288-704b8e72bbee","type":"Feature","feature_type":"occupant","geometry":null,"properties":{"name":{"ru":"А.2.14","en":"А.2.14"},"shortName":{"ru":"А.2.14","en":"А.2.14"},"category":"unspecified","anchor_id":"1081eea5-7914-4dff-aab5-8f0e603d657e","hours":null,"phone":null,"email":null,"website":null,"description":null,"iconUrl":null,"correlation_id":null}},{"id":"d7180aad-2056-4377-8eaa-99dd8dd91880","type":"Feature","feature_type":"occupant","geometry":null,"properties":{"name":{"ru":"Г.2.06 Архив","en":"Г.2.06 Archive"},"shortName":{"ru":"Г.2.06","en":"Г.2.06"},"category":"classroom","anchor_id":"aedb736d-245d-496c-8807-f89594113535","hours":null,"phone":null,"email":null,"website":null,"description":null,"iconUrl":null,"correlation_id":null}},{"id":"61a47c56-425a-4449-b052-2d3344746dc8","type":"Feature","feature_type":"occupant","geometry":null,"properties":{"name":{"ru":"Г.2.07 Лаборатория \"Промышленные системы потоковой обработки данных\"","en":"Г.2.07 Industrial Systems for Streaming Data Processing Laboratory"},"shortName":{"ru":"Г.2.07","en":"Г.2.07"},"category":"laboratory","anchor_id":"775579a9-d01c-4d7a-93af-a7583cf998d6","hours":null,"phone":null,"email":null,"website":null,"description":null,"iconUrl":null,"correlation_id":null}},{"id":"cc62e3a0-3f75-4f29-8668-3eba515827b4","type":"Feature","feature_type":"occupant","geometry":null,"properties":{"name":{"ru":"Туалет мужской","en":"Restroom male"},"shortName":{"ru":"Туалет М.","en":"Restroom M."},"category":"restroom.male","anchor_id":"f8959135-3195-4cfa-aa61-2f2781116394","hours":null,"phone":null,"email":null,"website":null,"description":null,"iconUrl":null,"correlation_id":null}},{"id":"f295c2e1-7f06-4a71-a322-02fca10361a1","type":"Feature","feature_type":"occupant","geometry":null,"properties":{"name":{"ru":"Туалет женский","en":"Restroom female"},"shortName":{"ru":"Туалет Ж.","en":"Restroom F."},"category":"restroom.female","anchor_id":"c749d123-d601-4039-8cc6-090eceabd2b1","hours":null,"phone":null,"email":null,"website":null,"description":null,"iconUrl":null,"correlation_id":null}},{"id":"bd319653-737d-4580-aee9-8a4f231e455b","type":"Feature","feature_type":"occupant","geometry":null,"properties":{"name":{"ru":"Г.2.15","en":"Г.2.15"},"shortName":{"ru":"Г.2.15","en":"Г.2.15"},"category":"unspecified","anchor_id":"3dfb8ec2-4793-435a-848e-3140ce560f1c","hours":null,"phone":null,"email":null,"website":null,"description":null,"iconUrl":null,"correlation_id":null}},{"id":"383cd6b2-d26f-47ea-8859-871f5889b56a","type":"Feature","feature_type":"occupant","geometry":null,"properties":{"name":{"ru":"Г.2.22 Лаборатория \"Моделирование технологических процессов и проектирование энергетического оборудования\"","en":"Г.2.22 Manufacturing Processes Simulation and Power Equipment Design Laboratory"},"shortName":{"ru":"Г.2.22","en":"Г.2.22"},"category":"laboratory","anchor_id":"e58ee9be-ba70-4474-a4f1-00d24951abe2","hours":null,"phone":null,"email":null,"website":null,"description":null,"iconUrl":null,"correlation_id":null}},{"id":"8896acff-a13f-4899-85c5-f65d242840d4","type":"Feature","feature_type":"occupant","geometry":null,"properties":{"name":{"ru":"Г.2.45","en":"Г.2.45"},"shortName":{"ru":"Г.2.45","en":"Г.2.45"},"category":"unspecified","anchor_id":"75af419f-f56a-43b0-9ca6-62c98f8f4163","hours":null,"phone":null,"email":null,"website":null,"description":null,"iconUrl":null,"correlation_id":null}},{"id":"b3c93444-52e9-4c0c-b8cf-0575dc3d782b","type":"Feature","feature_type":"occupant","geometry":null,"properties":{"name":{"ru":"Г.2.27","en":"Г.2.27"},"shortName":{"ru":"Г.2.27","en":"Г.2.27"},"category":"classroom","anchor_id":"48edd8dd-d9d4-4e34-ad3d-901d452d645d","hours":null,"phone":null,"email":null,"website":null,"description":null,"iconUrl":null,"correlation_id":null}},{"id":"629855e2-9714-45cf-8de9-6fc3c595cc75","type":"Feature","feature_type":"occupant","geometry":null,"properties":{"name":{"ru":"Г.2.23 Лекционный зал №2","en":"Г.2.23 Lecture room №2"},"shortName":{"ru":"Г.2.23","en":"Г.2.23"},"category":"classroom","anchor_id":"4b3ec9c7-a56b-497a-9a6e-c7c0696f37bc","hours":null,"phone":null,"email":null,"website":null,"description":null,"iconUrl":null,"correlation_id":null}},{"id":"1021a99c-8f09-43e5-a4c3-503dbb2b2dc4","type":"Feature","feature_type":"occupant","geometry":null,"properties":{"name":{"ru":"Б.2.11","en":"Б.2.11"},"shortName":{"ru":"Б.2.11","en":"Б.2.11"},"category":"classroom","anchor_id":"b6588911-22fa-4f47-b8f8-1c6cd3099de5","hours":null,"phone":null,"email":null,"website":null,"description":null,"iconUrl":null,"correlation_id":null}},{"id":"8cc538d8-44d5-4332-b1ac-dc9060394909","type":"Feature","feature_type":"occupant","geometry":null,"properties":{"name":{"ru":"В.2.10","en":"В.2.10"},"shortName":{"ru":"В.2.10","en":"В.2.10"},"category":"classroom","anchor_id":"d5f9f1d7-d24f-4a6e-bff7-5f436f04d498","hours":null,"phone":null,"email":null,"website":null,"description":null,"iconUrl":null,"correlation_id":null}},{"id":"ae0c8ca2-caa4-4748-a807-5a8ce19fc8f6","type":"Feature","feature_type":"occupant","geometry":null,"properties":{"name":{"ru":"В.2.14","en":"В.2.14"},"shortName":{"ru":"В.2.14","en":"В.2.14"},"category":"classroom","anchor_id":"520faf5b-1778-4036-8e48-3d77b86b90c8","hours":null,"phone":null,"email":null,"website":null,"description":null,"iconUrl":null,"correlation_id":null}},{"id":"86443c2f-a320-4829-bfd1-14ebbc1ea73e","type":"Feature","feature_type":"occupant","geometry":null,"properties":{"name":{"ru":"Туалет мужской","en":"Restroom male"},"shortName":{"ru":"Туалет М.","en":"Restroom M."},"category":"restroom.male","anchor_id":"0a6f1810-52e2-471d-9019-7857736925c9","hours":null,"phone":null,"email":null,"website":null,"description":null,"iconUrl":null,"correlation_id":null}},{"id":"bb473dc7-56c1-4fcb-a535-23d369414a72","type":"Feature","feature_type":"occupant","geometry":null,"properties":{"name":{"ru":"В.2.07","en":"В.2.07"},"shortName":{"ru":"В.2.07","en":"В.2.07"},"category":"unspecified","anchor_id":"8dd510b8-d2a8-4b67-9c6b-ce96ec74d1ca","hours":null,"phone":null,"email":null,"website":null,"description":null,"iconUrl":null,"correlation_id":null}},{"id":"9e381214-a464-4847-8b30-5e154beaa944","type":"Feature","feature_type":"occupant","geometry":null,"properties":{"name":{"ru":"Туалет женский","en":"Restroom female"},"shortName":{"ru":"Туалет Ж.","en":"Restroom F."},"category":"restroom.female","anchor_id":"43e19dbc-ee4c-494b-b236-e0dea221f57c","hours":null,"phone":null,"email":null,"website":null,"description":null,"iconUrl":null,"correlation_id":null}},{"id":"4782844b-61ac-4591-9b80-7221bb305909","type":"Feature","feature_type":"occupant","geometry":null,"properties":{"name":{"ru":"В.2.04 Учебная аудитория","en":"В.2.04 Classroom"},"shortName":{"ru":"В.2.04","en":"В.2.04"},"category":"classroom","anchor_id":"db9e599e-7c67-4650-942c-53f708136b94","hours":null,"phone":null,"email":null,"website":null,"description":null,"iconUrl":null,"correlation_id":null}},{"id":"5c19c0c2-8ad9-446b-ab3b-5722e82bbfc5","type":"Feature","feature_type":"occupant","geometry":null,"properties":{"name":{"ru":"В.2.03 Учебная аудитория","en":"В.2.03 Classroom"},"shortName":{"ru":"В.2.03","en":"В.2.03"},"category":"classroom","anchor_id":"10dc85c4-f842-4a45-80b2-3a81197b109a","hours":null,"phone":null,"email":null,"website":null,"description":null,"iconUrl":null,"correlation_id":null}},{"id":"7813de5f-51d2-4195-a4ce-0a3081bd2d5c","type":"Feature","feature_type":"occupant","geometry":null,"properties":{"name":{"ru":"В.2.25","en":"В.2.25"},"shortName":{"ru":"В.2.25","en":"В.2.25"},"category":"classroom","anchor_id":"fbbc1388-2214-425c-86bd-509f027e4658","hours":null,"phone":null,"email":null,"website":null,"description":null,"iconUrl":null,"correlation_id":null}},{"id":"f7f26418-f736-4026-9666-252ac72ab9b3","type":"Feature","feature_type":"occupant","geometry":null,"properties":{"name":{"ru":"В.2.15 Лаборатория \"Мобильной робототехники и манипуляционных систем\"","en":"В.2.15 Laboratory of Mobile Robotics and Manipulation Systems"},"shortName":{"ru":"В.2.15","en":"В.2.15"},"category":"laboratory","anchor_id":"8bd0609f-44e0-4c70-8ca0-758333110ba1","hours":null,"phone":null,"email":null,"website":null,"description":null,"iconUrl":null,"correlation_id":null}},{"id":"b231287c-0987-4e8a-a7ea-127828c5ca80","type":"Feature","feature_type":"occupant","geometry":null,"properties":{"name":{"ru":"В.2.16 Лаборатория \"Конструирования робототехнических систем\"","en":"В.2.16 Laboratory of Robotic System Design"},"shortName":{"ru":"В.2.16","en":"В.2.16"},"category":"laboratory","anchor_id":"9c0d962a-722a-4eec-b167-9a315fd7e401","hours":null,"phone":null,"email":null,"website":null,"description":null,"iconUrl":null,"correlation_id":null}},{"id":"f3e59de6-0e2e-438b-8ec2-2ac821f0f4d1","type":"Feature","feature_type":"occupant","geometry":null,"properties":{"name":{"ru":"В.2.17 Лаборатория \"Мехатроники и микропроцессорной техники\"","en":"В.2.17 Laboratory of Mechatronics and Microprocessors"},"shortName":{"ru":"В.2.17","en":"В.2.17"},"category":"laboratory","anchor_id":"b57c6423-a18f-4ff0-a789-ee6b4aa44b4b","hours":null,"phone":null,"email":null,"website":null,"description":null,"iconUrl":null,"correlation_id":null}},{"id":"cf250714-d63b-47e4-ba5e-d96887574cde","type":"Feature","feature_type":"occupant","geometry":null,"properties":{"name":{"ru":"В.2.18 Учебная аудитория","en":"В.2.18 Classroom"},"shortName":{"ru":"В.2.18","en":"В.2.18"},"category":"classroom","anchor_id":"88853780-beec-4ff6-bfc9-571784ae3183","hours":null,"phone":null,"email":null,"website":null,"description":null,"iconUrl":null,"correlation_id":null}},{"id":"2a53dc18-f1e4-4f4a-b775-3756dfe5c057","type":"Feature","feature_type":"occupant","geometry":null,"properties":{"name":{"ru":"А.2.21 Лаборатория \"Лёгкие материалы и конструкции\". Научные сотрудники","en":"А.2.21 Lightweight Materials and Structures Laboratory. Researchers"},"shortName":{"ru":"А.2.21","en":"А.2.21"},"category":"laboratory","anchor_id":"b7493db8-58af-4159-ad92-1d0f8effa700","hours":null,"phone":null,"email":null,"website":null,"description":null,"iconUrl":null,"correlation_id":null}},{"id":"74c0b20b-ab92-44d1-a73f-1ca8f7d9cc2c","type":"Feature","feature_type":"occupant","geometry":null,"properties":{"name":{"ru":"А.2.04 Учебно-экспериментальная лаборатория (1). Лаборатория моделирования процессов нефтегазодобычи","en":"А.2.04 "},"shortName":{"ru":"А.2.04 ","en":"А.2.04 "},"category":"laboratory","anchor_id":"8a3df072-fad7-478a-a59a-06c3ad3724fd","hours":null,"phone":null,"email":null,"website":null,"description":null,"iconUrl":null,"correlation_id":null}},{"id":"6ccf1a99-c8a2-4a63-8d70-03776080f4a2","type":"Feature","feature_type":"occupant","geometry":null,"properties":{"name":{"ru":"А.2.05 Базоая кафедра \"Газотурбинные агрегаты для газоперекачивающих станций\"","en":"А.2.05 Department \"Gas turbine units for gas compressor stantion\""},"shortName":{"ru":"А.2.05","en":"А.2.05"},"category":"academic.council","anchor_id":"87dc7c54-9d34-4ce0-bd50-64e1ed0af253","hours":null,"phone":null,"email":null,"website":null,"description":null,"iconUrl":null,"correlation_id":null}},{"id":"8de7f92b-b059-41f2-b967-5ed11a36375c","type":"Feature","feature_type":"occupant","geometry":null,"properties":{"name":{"ru":"А.2.06 Лаборатория моделирования нефтегазовых процессов","en":"А.2.06"},"shortName":{"ru":"А.2.06","en":"А.2.06"},"category":"laboratory","anchor_id":"11b7ed0d-9de8-4316-bc0e-813bd8878e78","hours":null,"phone":null,"email":null,"website":null,"description":null,"iconUrl":null,"correlation_id":null}},{"id":"f6f51693-8cd3-4b5d-856d-4257aed56406","type":"Feature","feature_type":"occupant","geometry":null,"properties":{"name":{"ru":"А.2.07 Именная аудитория ПАО \"Газпром\"","en":"А.2.07 Gazprom lecture hall"},"shortName":{"ru":"А.2.07","en":"А.2.07"},"category":"classroom","anchor_id":"a3038105-54a5-41cc-8895-f2770bb69140","hours":null,"phone":null,"email":null,"website":null,"description":null,"iconUrl":null,"correlation_id":null}},{"id":"d31d3772-d641-4fe1-a60f-55a5c8607997","type":"Feature","feature_type":"occupant","geometry":null,"properties":{"name":{"ru":"А.2.17 Многофункциональная аудитория \"Политех-VK\"","en":"А.2.17 Multifunctional classroom \"Polytech-VK\""},"shortName":{"ru":"А.2.17","en":"А.2.17"},"category":"classroom","anchor_id":"9455c5a8-ed6c-465c-b6a1-877e7f234fbe","hours":null,"phone":null,"email":null,"website":null,"description":null,"iconUrl":null,"correlation_id":null}},{"id":"cf6dfd57-babf-4dfb-83c1-427bacc43d9a","type":"Feature","feature_type":"occupant","geometry":null,"properties":{"name":{"ru":"А.2.28","en":"А.2.28"},"shortName":{"ru":"А.2.28","en":"А.2.28"},"category":"classroom","anchor_id":"42acb996-df08-4f42-8181-b311ee7a06c5","hours":null,"phone":null,"email":null,"website":null,"description":null,"iconUrl":null,"correlation_id":null}},{"id":"e4193b1f-5312-4b38-bd8d-63bb86c910f3","type":"Feature","feature_type":"occupant","geometry":null,"properties":{"name":{"ru":"Конференц зал \"Семёнов\".  Большой конференц зал","en":"Conference hall \"Semyonov\". Big conference hall"},"shortName":{"ru":"Конференц зал \"Семёнов\"","en":"Конференц зал \"Семёнов\""},"category":"auditorium","anchor_id":"a08e4fc3-ac75-46e0-939b-24335069655f","hours":null,"phone":null,"email":null,"website":null,"description":null,"iconUrl":null,"correlation_id":null}},{"id":"daa8331b-7d0f-472c-b8c3-ae3a41840967","type":"Feature","feature_type":"occupant","geometry":null,"properties":{"name":{"ru":"Г.2.26 Лекционный зал №1","en":"Г.2.26 Lecture room №1"},"shortName":{"ru":"Г.2.26","en":"Г.2.26"},"category":"classroom","anchor_id":"3c637ff6-e938-4ecc-9b1d-28386b46f889","hours":null,"phone":null,"email":null,"website":null,"description":null,"iconUrl":null,"correlation_id":null}},{"id":"e6c9f0ee-f801-42cf-836c-ae9fe603d123","type":"Feature","feature_type":"occupant","geometry":null,"properties":{"name":{"ru":"Г.2.21","en":"Г.2.21"},"shortName":{"ru":"Г.2.21","en":"Г.2.21"},"category":"classroom","anchor_id":"f5094caa-e418-4c2c-8c2f-611500124380","hours":null,"phone":null,"email":null,"website":null,"description":null,"iconUrl":null,"correlation_id":null}},{"id":"e544d628-b391-4439-8d44-7c3c8bd871c4","type":"Feature","feature_type":"occupant","geometry":null,"properties":{"name":{"ru":"Б.2.10","en":"Б.2.10"},"shortName":{"ru":"Б.2.10","en":"Б.2.10"},"category":"classroom","anchor_id":"1a98234b-96b5-4cfe-863b-0da7981a92ba","hours":null,"phone":null,"email":null,"website":null,"description":null,"iconUrl":null,"correlation_id":null}},{"id":"2444db30-6587-4ad2-accc-b64bad99e84d","type":"Feature","feature_type":"occupant","geometry":null,"properties":{"name":{"ru":"Г.2.09 Лаборатория \"Моделирование технологических процессов и проектирование энергетического оборудования\"","en":"Г.2.09 Manufacturing Processes Simulation and Power Equipment Design Laboratory"},"shortName":{"ru":"Г.2.09","en":"Г.2.09"},"category":"laboratory","anchor_id":"1861e08f-170b-42ec-9adf-a47463ff7558","hours":null,"phone":null,"email":null,"website":null,"description":null,"iconUrl":null,"correlation_id":null}},{"id":"35730dc9-4c76-41a9-800f-33afb0c64e45","type":"Feature","feature_type":"occupant","geometry":null,"properties":{"name":{"ru":"А.2.09 Вентиляционная камера","en":"А.2.09 Vent chamber"},"shortName":{"ru":"А.2.09","en":"А.2.09"},"category":"unspecified","anchor_id":"a97c314b-3033-4573-a693-734c05fc77da","hours":null,"phone":null,"email":null,"website":null,"description":null,"iconUrl":null,"correlation_id":null}},{"id":"c0f6d03d-4e39-4008-981a-5cbeac199880","type":"Feature","feature_type":"occupant","geometry":null,"properties":{"name":{"ru":"А.2.02.1 Коворкинг","en":"А.2.02.1 Coworking"},"shortName":{"ru":"А.2.02.1","en":"А.2.02.1"},"category":"classroom","anchor_id":"19f5e166-8a8d-4705-9a4e-6374ed7a98b1","hours":null,"phone":null,"email":null,"website":null,"description":null,"iconUrl":null,"correlation_id":null}},{"id":"9dcdedcb-00df-434c-91ee-61130cc9e5c2","type":"Feature","feature_type":"occupant","geometry":null,"properties":{"name":{"ru":"А.2.01 Лаборатория моделирования процессов нефтегазодобычи","en":"А.2.01"},"shortName":{"ru":"А.2.01","en":"А.2.01"},"category":"laboratory","anchor_id":"6ea9b98a-a7c6-47f0-8321-eb63efc83e00","hours":null,"phone":null,"email":null,"website":null,"description":null,"iconUrl":null,"correlation_id":null}},{"id":"fb94d6ad-7744-4eac-9c13-7f4941d2871a","type":"Feature","feature_type":"occupant","geometry":null,"properties":{"name":{"ru":"А.2.25 Аудитория","en":"А.2.25"},"shortName":{"ru":"А.2.25","en":"А.2.25"},"category":"classroom","anchor_id":"de61ac38-56e2-43f0-8eba-6cfcac450c65","hours":null,"phone":null,"email":null,"website":null,"description":null,"iconUrl":null,"correlation_id":null}},{"id":"5737e406-7276-4c90-9e4d-9e313e3c7277","type":"Feature","feature_type":"occupant","geometry":null,"properties":{"name":{"ru":"А.2.24 Дирекция ВШТМиМФ","en":"А.2.24"},"shortName":{"ru":"А.2.24","en":"А.2.24"},"category":"administration","anchor_id":"4d8dd41a-5fc3-4a60-b601-cdeda9040af1","hours":null,"phone":null,"email":null,"website":null,"description":null,"iconUrl":null,"correlation_id":null}},{"id":"df787b99-6eea-4b18-be52-8a6b3fa1e387","type":"Feature","feature_type":"occupant","geometry":null,"properties":{"name":{"ru":"А.2.23 Лаборатория цифрового моделирования подземных нефтегазовых резервуаров и WELL-TEST анализа","en":"А.2.23"},"shortName":{"ru":"А.2.23","en":"А.2.23"},"category":"laboratory","anchor_id":"319d3812-38e9-4793-8431-cedfe5091f96","hours":null,"phone":null,"email":null,"website":null,"description":null,"iconUrl":null,"correlation_id":null}},{"id":"40c4d87b-c44a-49e8-a01e-1f70bf123cc2","type":"Feature","feature_type":"occupant","geometry":null,"properties":{"name":{"ru":"А.2.22 Базоая кафедра \"Газотурбинные агрегаты для газоперекачивающих станций\"","en":"А.2.22 Department \"Gas turbine units for gas compressor stantion\""},"shortName":{"ru":"А.2.22","en":"А.2.22"},"category":"academic.council","anchor_id":"658207fd-24ed-4bc5-8f30-8873a9cdb191","hours":null,"phone":null,"email":null,"website":null,"description":null,"iconUrl":null,"correlation_id":null}},{"id":"e8602d64-ed06-425e-8eb5-e11c8eb01779","type":"Feature","feature_type":"occupant","geometry":null,"properties":{"name":{"ru":"А.2.22 Научно-образовательный центр \"Энергетические технологии в газовой промышленности\"","en":"А.2.22 Research and Educational Centre \"Energetic technologies in gas industry\""},"shortName":{"ru":"А.2.22","en":"А.2.22"},"category":"academic.council","anchor_id":"38abe6cb-ddd9-44dd-94a3-2293c80707ab","hours":null,"phone":null,"email":null,"website":null,"description":null,"iconUrl":null,"correlation_id":null}},{"id":"7a02f064-0d99-4f1e-bdbe-5f0de16874ea","type":"Feature","feature_type":"occupant","geometry":null,"properties":{"name":{"ru":"А.2.20 Лаборатория \"Лёгкие материалы и конструкции\". Инженеры","en":"А.2.20 Lightweight Materials and Structures Laboratory. Engineers"},"shortName":{"ru":"А.2.20","en":"А.2.20"},"category":"laboratory","anchor_id":"53ca8725-589b-4b1b-9661-d4994ab3a73a","hours":null,"phone":null,"email":null,"website":null,"description":null,"iconUrl":null,"correlation_id":null}},{"id":"95b13cd1-7472-4111-a4a5-3516e44e51e4","type":"Feature","feature_type":"occupant","geometry":null,"properties":{"name":{"ru":"А.2.19 Лаборатория \"Лёгкие материалы и конструкции\". Руководитель лаборатории","en":"А.2.19 Lightweight Materials and Structures Laboratory. Head of Laboratory"},"shortName":{"ru":"А.2.19","en":"А.2.19"},"category":"laboratory","anchor_id":"a867ea81-898e-4cc8-bb7a-33c0ee64677e","hours":null,"phone":null,"email":null,"website":null,"description":null,"iconUrl":null,"correlation_id":null}},{"id":"1fd44681-f7e6-476c-9dc4-74efef6f2d74","type":"Feature","feature_type":"occupant","geometry":null,"properties":{"name":{"ru":"В.2.22 Лаборатория \"Видеомонтажа\"","en":"В.2.22 Video Editing Laboratory"},"shortName":{"ru":"В.2.22","en":"В.2.22"},"category":"laboratory","anchor_id":"7224f2f8-acf9-4423-bd57-ba871c0c972a","hours":null,"phone":null,"email":null,"website":null,"description":null,"iconUrl":null,"correlation_id":null}},{"id":"37f96d84-6b39-4845-85ce-da2cd9586b41","type":"Feature","feature_type":"occupant","geometry":null,"properties":{"name":{"ru":"В.2.22 Лаборатория \"Человеко-компьютерного взаиодействия\"","en":"В.2.22 Human-Computer Interaction Laboratory"},"shortName":{"ru":"В.2.22","en":"В.2.22"},"category":"laboratory","anchor_id":"89b82453-066f-4f8c-9e58-5c5a33f69fbd","hours":null,"phone":null,"email":null,"website":null,"description":null,"iconUrl":null,"correlation_id":null}},{"id":"49dd5e9a-9185-4cfc-80e4-4caf828a36ac","type":"Feature","feature_type":"occupant","geometry":null,"properties":{"name":{"ru":"В.2.21 Научно-технологическое образовательное пространство \"ТВЭЛ-СПбПУ\"","en":"В.2.21 TVEL-SPbPU Research, Technology and Education Space"},"shortName":{"ru":"В.2.21","en":"В.2.21"},"category":"classroom","anchor_id":"7b9e1dbd-2afd-471c-bfc2-5e25998d03d1","hours":null,"phone":null,"email":null,"website":null,"description":null,"iconUrl":null,"correlation_id":null}},{"id":"55634378-3fe2-454c-8227-9d461d9d69d0","type":"Feature","feature_type":"occupant","geometry":null,"properties":{"name":{"ru":"В.2.20(1) Департамент цифровых технологий","en":"В.2.20(1) Department of digital technologies"},"shortName":{"ru":"В.2.20(1)","en":"В.2.20(1)"},"category":"administration","anchor_id":"f8541ee0-1e0e-4cca-a662-ffae5946f12f","hours":null,"phone":null,"email":null,"website":null,"description":null,"iconUrl":null,"correlation_id":null}},{"id":"41dd5902-73f0-4a83-acef-a1995997d740","type":"Feature","feature_type":"occupant","geometry":null,"properties":{"name":{"ru":"В.2.20(2) Лаборатория дизайна Высшей школы дизайна и архитектуры","en":"В.2.20(2) Design Laboratory of the Higher School of Design and Architecture"},"shortName":{"ru":"В.2.20(2)","en":"В.2.20(2)"},"category":"laboratory","anchor_id":"e3ea4abe-70a0-4d8f-8354-b34f622ab3c0","hours":null,"phone":null,"email":null,"website":null,"description":null,"iconUrl":null,"correlation_id":null}},{"id":"dad85ba2-2b31-402a-af54-1981902e385c","type":"Feature","feature_type":"occupant","geometry":null,"properties":{"name":{"ru":"В.2.12","en":"В.2.12"},"shortName":{"ru":"В.2.12","en":"В.2.12"},"category":"classroom","anchor_id":"6baa7635-c3cd-4386-b3b8-87b900d6750b","hours":null,"phone":null,"email":null,"website":null,"description":null,"iconUrl":null,"correlation_id":null}},{"id":"22a81ade-1582-4a8b-99f2-7033cf9fb78e","type":"Feature","feature_type":"occupant","geometry":null,"properties":{"name":{"ru":"В.2.02 Учебная аудитория","en":"В.2.02 Classroom"},"shortName":{"ru":"В.2.02","en":"В.2.02"},"category":"classroom","anchor_id":"d00a2be2-ebfa-4734-808a-ae4a4748afdb","hours":null,"phone":null,"email":null,"website":null,"description":null,"iconUrl":null,"correlation_id":null}},{"id":"a84808d1-aec6-4a71-906b-2fb0f50ea2b7","type":"Feature","feature_type":"occupant","geometry":null,"properties":{"name":{"ru":"В.2.11","en":"В.2.11"},"shortName":{"ru":"В.2.11","en":"В.2.11"},"category":"classroom","anchor_id":"c70d97a6-0e5a-4fba-bc54-c33045f5282e","hours":null,"phone":null,"email":null,"website":null,"description":null,"iconUrl":null,"correlation_id":null}},{"id":"c204a8a5-cbff-4822-8957-afea42d2dafe","type":"Feature","feature_type":"occupant","geometry":null,"properties":{"name":{"ru":"Г.2.36","en":"Г.2.36"},"shortName":{"ru":"Г.2.36","en":"Г.2.36"},"category":"unspecified","anchor_id":"d7625b05-f668-434e-a8a7-e91d80feccd2","hours":null,"phone":null,"email":null,"website":null,"description":null,"iconUrl":null,"correlation_id":null}},{"id":"65e5fef2-3c47-4d24-822a-79700127e55a","type":"Feature","feature_type":"occupant","geometry":null,"properties":{"name":{"ru":"Г.2.30","en":"Г.2.30"},"shortName":{"ru":"Г.2.30","en":"Г.2.30"},"category":"unspecified","anchor_id":"d7f01fdc-1c87-47c4-b4b2-2c50ee57f2ce","hours":null,"phone":null,"email":null,"website":null,"description":null,"iconUrl":null,"correlation_id":null}},{"id":"a6b344a7-76da-4e89-95f6-42ffe90453ab","type":"Feature","feature_type":"occupant","geometry":null,"properties":{"name":{"ru":"Г.2.35","en":"Г.2.35"},"shortName":{"ru":"Г.2.35","en":"Г.2.35"},"category":"unspecified","anchor_id":"aa4bef00-3a35-4f53-a27e-9d0681cac0aa","hours":null,"phone":null,"email":null,"website":null,"description":null,"iconUrl":null,"correlation_id":null}},{"id":"fbfd50a0-9e7b-4c9f-aa6c-46031f121a36","type":"Feature","feature_type":"occupant","geometry":null,"properties":{"name":{"ru":"Б.2.07","en":"Б.2.07"},"shortName":{"ru":"Б.2.07","en":"Б.2.07"},"category":"classroom","anchor_id":"86281bac-2f8b-4954-bc54-dcda564f79af","hours":null,"phone":null,"email":null,"website":null,"description":null,"iconUrl":null,"correlation_id":null}},{"id":"f99232a3-92c9-4abe-bcc0-c733ddd1f601","type":"Feature","feature_type":"occupant","geometry":null,"properties":{"name":{"ru":"Туалет мужской","en":"Restroom male"},"shortName":{"ru":"Туалет М.","en":"Restroom M."},"category":"restroom.male","anchor_id":"fb8dbc07-e86e-46fe-b209-51e105d4e0bd","hours":null,"phone":null,"email":null,"website":null,"description":null,"iconUrl":null,"correlation_id":null}},{"id":"5b10b071-4830-4094-a13e-4e67dfdfcf97","type":"Feature","feature_type":"occupant","geometry":null,"properties":{"name":{"ru":"Туалет женский","en":"Restroom female"},"shortName":{"ru":"Туалет Ж.","en":"Restroom F."},"category":"restroom.female","anchor_id":"9f3f8fe8-190d-40fa-beff-864abcd371d3","hours":null,"phone":null,"email":null,"website":null,"description":null,"iconUrl":null,"correlation_id":null}},{"id":"9b46c970-c92b-46a6-b54a-239a51c1a14f","type":"Feature","feature_type":"occupant","geometry":null,"properties":{"name":{"ru":"А.2.29","en":"А.2.29"},"shortName":{"ru":"А.2.29","en":"А.2.29"},"category":"unspecified","anchor_id":"d290eaf9-c7b9-4445-af5c-f4781b3f4094","hours":null,"phone":null,"email":null,"website":null,"description":null,"iconUrl":null,"correlation_id":null}},{"id":"569c688e-1ce3-4b2e-8d56-21c145dae7de","type":"Feature","feature_type":"occupant","geometry":null,"properties":{"name":{"ru":"В.2.26","en":"В.2.26"},"shortName":{"ru":"В.2.26","en":"В.2.26"},"category":"classroom","anchor_id":"26d15b53-e257-4408-8a09-7189c4f43904","hours":null,"phone":null,"email":null,"website":null,"description":null,"iconUrl":null,"correlation_id":null}},{"id":"5dcc2531-743a-4c1c-aa8d-c02b06000300","type":"Feature","feature_type":"occupant","geometry":null,"properties":{"name":{"ru":"Г.2.29","en":"Г.2.29"},"shortName":{"ru":"Г.2.29","en":"Г.2.29"},"category":"classroom","anchor_id":"97c866b8-561e-441d-87ed-82c3839a1cd6","hours":null,"phone":null,"email":null,"website":null,"description":null,"iconUrl":null,"correlation_id":null}},{"id":"709bc693-74d0-4d9f-9990-30bf59fea878","type":"Feature","feature_type":"occupant","geometry":null,"properties":{"name":{"ru":"Г.3.11 Научная лаборатория \"Космические телекоммуникационные системы\"","en":"Г.3.11 Research laboratory \"Space telecommunication systems\""},"shortName":{"ru":"Г.3.11","en":"Г.3.11"},"category":"laboratory","anchor_id":"fb3ff540-c837-4e44-8b2a-006794ba178f","hours":null,"phone":null,"email":null,"website":null,"description":null,"iconUrl":null,"correlation_id":null}},{"id":"f2433715-cfb2-4800-8345-f015495460a0","type":"Feature","feature_type":"occupant","geometry":null,"properties":{"name":{"ru":"Г.3.10 Дирекция Института передовых производственных технологий (ИППТ)","en":"Г.3.10 Administration Office, Institute of Advanced Manufacturing Technologies"},"shortName":{"ru":"Г.3.10","en":"Г.3.10"},"category":"administration","anchor_id":"7181fdd5-9acb-457b-a98b-d2d944d74d2d","hours":null,"phone":null,"email":null,"website":null,"description":null,"iconUrl":null,"correlation_id":null}},{"id":"eee7bf05-cff9-463f-bee6-9edae09340a5","type":"Feature","feature_type":"occupant","geometry":null,"properties":{"name":{"ru":"Г.3.09 Центр дополнительного профессионального образования ПИШ \"Цифровой инжиниринг\"","en":"Г.3.09 Center for Continuing Education, School of Advanced Engineering Studies in Digital Engineering"},"shortName":{"ru":"Г.3.09","en":"Г.3.09"},"category":"administration","anchor_id":"8b157394-1f90-42f5-bb52-68f29ac5059b","hours":null,"phone":null,"email":null,"website":null,"description":null,"iconUrl":null,"correlation_id":null}},{"id":"e6a92976-d295-4857-86c4-9fbbd01e8997","type":"Feature","feature_type":"occupant","geometry":null,"properties":{"name":{"ru":"Г.3.08 Фабрика идей ИППТ","en":"Г.3.08 Factory of Ideas, Institute of Advanced Manufacturing Technologies"},"shortName":{"ru":"Г.3.08","en":"Г.3.08"},"category":"academic.council","anchor_id":"d42534cd-ef2a-427e-a28c-8694222e1ac0","hours":null,"phone":null,"email":null,"website":null,"description":null,"iconUrl":null,"correlation_id":null}},{"id":"e4f458b8-60ef-42c1-881c-58b81859bf35","type":"Feature","feature_type":"occupant","geometry":null,"properties":{"name":{"ru":"Г.3.49","en":"Г.3.49"},"shortName":{"ru":"Г.3.49","en":"Г.3.49"},"category":"unspecified","anchor_id":"c7d9b61d-b3a6-4495-bab6-6ffa5b979c78","hours":null,"phone":null,"email":null,"website":null,"description":null,"iconUrl":null,"correlation_id":null}},{"id":"b5fe9a3d-cf92-4ed0-8a58-217248245e75","type":"Feature","feature_type":"occupant","geometry":null,"properties":{"name":{"ru":"Г.3.50 Научная лаборатория \"Специальный Технологический Центр-Политех\"","en":"Г.3.50 Research Laboratory \"Special Technological Center - Polytech\""},"shortName":{"ru":"Г.3.50","en":"Г.3.50"},"category":"laboratory","anchor_id":"b5bca590-8c1d-4207-94ca-0dd0fd37e8db","hours":null,"phone":null,"email":null,"website":null,"description":null,"iconUrl":null,"correlation_id":null}},{"id":"c5af50c9-0497-4d8a-986a-29a1450d3edc","type":"Feature","feature_type":"occupant","geometry":null,"properties":{"name":{"ru":"Туалет мужской","en":"Restroom male"},"shortName":{"ru":"Туалет М.","en":"Restroom M."},"category":"restroom.male","anchor_id":"80c5ef28-398a-4545-9c75-9a4dc0deda76","hours":null,"phone":null,"email":null,"website":null,"description":null,"iconUrl":null,"correlation_id":null}},{"id":"7c608ea7-9752-4e2d-8fff-99c04c037cf3","type":"Feature","feature_type":"occupant","geometry":null,"properties":{"name":{"ru":"Туалет женский","en":"Restroom female"},"shortName":{"ru":"Туалет Ж.","en":"Restroom F."},"category":"restroom.female","anchor_id":"3c15f30d-434e-44e7-b247-92af7d833a57","hours":null,"phone":null,"email":null,"website":null,"description":null,"iconUrl":null,"correlation_id":null}},{"id":"598fcf33-9215-455b-9bc8-d7c72506f473","type":"Feature","feature_type":"occupant","geometry":null,"properties":{"name":{"ru":"Г.3.55","en":"Г.3.55"},"shortName":{"ru":"Г.3.55","en":"Г.3.55"},"category":"classroom","anchor_id":"392f4e62-6f32-496c-9240-90606b77d2c5","hours":null,"phone":null,"email":null,"website":null,"description":null,"iconUrl":null,"correlation_id":null}},{"id":"baa04c26-1a54-4b6e-90c2-abc2e8c8421a","type":"Feature","feature_type":"occupant","geometry":null,"properties":{"name":{"ru":"Г.3.56 Полигон-демонстратор передовых цифровых и производственных технологий","en":"Г.3.56 Demonstration Tested of Advanced Digital and Manufacturing Technologies"},"shortName":{"ru":"Г.3.56","en":"Г.3.56"},"category":"laboratory","anchor_id":"97e5d82b-f731-40c8-8a6c-02583a9a63df","hours":null,"phone":null,"email":null,"website":null,"description":null,"iconUrl":null,"correlation_id":null}},{"id":"70a51de4-5d67-4f1f-ae3d-b05b052a24d9","type":"Feature","feature_type":"occupant","geometry":null,"properties":{"name":{"ru":"Г.3.57 Лаборатория профориентации","en":"Г.3.57 Laboratory of vocational guidance"},"shortName":{"ru":"Г.3.57","en":"Г.3.57"},"category":"laboratory","anchor_id":"eed5bfff-86ea-40ca-bfc8-1e25f4b85568","hours":null,"phone":null,"email":null,"website":null,"description":null,"iconUrl":null,"correlation_id":null}},{"id":"fecee0b6-233f-4f79-a6f4-78f58ab39d03","type":"Feature","feature_type":"occupant","geometry":null,"properties":{"name":{"ru":"Г.3.58 Лаборатория \"Цифровое производство\" ИППТ","en":"Г.3.58 Digital Manufacturing Laboratory, Institute of Advanced Manufacturing Technologies"},"shortName":{"ru":"Г.3.58","en":"Г.3.58"},"category":"laboratory","anchor_id":"56c31786-0051-4299-9ffe-ee682b74814e","hours":null,"phone":null,"email":null,"website":null,"description":null,"iconUrl":null,"correlation_id":null}},{"id":"30ca6231-07c2-4cbd-921c-25739769066c","type":"Feature","feature_type":"occupant","geometry":null,"properties":{"name":{"ru":"Г.3.59 Лаборатория \"Цифровое производство\" ИППТ","en":"Г.3.59 Digital Manufacturing Laboratory, Institute of Advanced Manufacturing Technologies"},"shortName":{"ru":"Г.3.59","en":"Г.3.59"},"category":"laboratory","anchor_id":"8b13c1cc-d16a-4d61-8743-46e2e861f7fe","hours":null,"phone":null,"email":null,"website":null,"description":null,"iconUrl":null,"correlation_id":null}},{"id":"99538c7a-3584-4167-81a0-379786a8e6dc","type":"Feature","feature_type":"occupant","geometry":null,"properties":{"name":{"ru":"А.3.14 Вентиляционная камера","en":"А.3.14 Vent chamber"},"shortName":{"ru":"А.3.14","en":"А.3.14"},"category":"unspecified","anchor_id":"e5ac3e04-ad4e-41c9-be0c-6abf4b24659f","hours":null,"phone":null,"email":null,"website":null,"description":null,"iconUrl":null,"correlation_id":null}},{"id":"e0c80b61-90e6-4761-97c2-285474f1b3ae","type":"Feature","feature_type":"occupant","geometry":null,"properties":{"name":{"ru":"А.3.15 Дирекция","en":"А.3.15 Program Development and Management Office"},"shortName":{"ru":"А.3.15","en":"А.3.15"},"category":"administration","anchor_id":"310dbe1f-4de2-4342-baa4-e436ecc8d839","hours":null,"phone":null,"email":null,"website":null,"description":null,"iconUrl":null,"correlation_id":null}},{"id":"fdaba09a-c6be-4c9d-ad3c-d34ad69a3486","type":"Feature","feature_type":"occupant","geometry":null,"properties":{"name":{"ru":"Туалет женский","en":"Restroom female"},"shortName":{"ru":"Туалет Ж.","en":"Restroom F."},"category":"restroom.female","anchor_id":"8add8605-b98f-437b-a234-b0a1aa0f2007","hours":null,"phone":null,"email":null,"website":null,"description":null,"iconUrl":null,"correlation_id":null}},{"id":"65ec1fb4-93a7-4276-9f9d-6de15b6cb2fd","type":"Feature","feature_type":"occupant","geometry":null,"properties":{"name":{"ru":"Туалет мужской","en":"Restroom male"},"shortName":{"ru":"Туалет М.","en":"Restroom M."},"category":"restroom.male","anchor_id":"c9287f8d-2593-429a-8a00-dc616d791b65","hours":null,"phone":null,"email":null,"website":null,"description":null,"iconUrl":null,"correlation_id":null}},{"id":"047e01d8-5d79-450d-93e4-b198c833a768","type":"Feature","feature_type":"occupant","geometry":null,"properties":{"name":{"ru":"А.3.18 Помещение уборочного инвентаря","en":"А.3.18 Cleaning equipment room"},"shortName":{"ru":"А.3.18","en":"А.3.18"},"category":"unspecified","anchor_id":"3a6c1986-0998-4de6-9e80-b002c6971822","hours":null,"phone":null,"email":null,"website":null,"description":null,"iconUrl":null,"correlation_id":null}},{"id":"0b0090b0-5ef2-4113-a06c-d71f7809564b","type":"Feature","feature_type":"occupant","geometry":null,"properties":{"name":{"ru":"Г.3.12","en":"Г.3.12"},"shortName":{"ru":"Г.3.12","en":"Г.3.12"},"category":"classroom","anchor_id":"e690b974-58a2-4901-9de4-32d44e71908e","hours":null,"phone":null,"email":null,"website":null,"description":null,"iconUrl":null,"correlation_id":null}},{"id":"3f0678be-8dcb-4512-b1cc-dd550a51193a","type":"Feature","feature_type":"occupant","geometry":null,"properties":{"name":{"ru":"Г.3.13","en":"Г.3.13"},"shortName":{"ru":"Г.3.13","en":"Г.3.13"},"category":"classroom","anchor_id":"cfe67678-ec6c-4a7f-8669-819cb36cbe3f","hours":null,"phone":null,"email":null,"website":null,"description":null,"iconUrl":null,"correlation_id":null}},{"id":"d2fbd3f7-4cb1-40d5-847f-d25a192c9f4e","type":"Feature","feature_type":"occupant","geometry":null,"properties":{"name":{"ru":"Г.3.14 Центр дополнительного профессионального образования ПИШ \"Цифровой инжиниринг\"","en":"Г.3.14 Center for Continuing Education, School of Advanced Engineering Studies in Digital Engineering"},"shortName":{"ru":"Г.3.14","en":"Г.3.14"},"category":"administration","anchor_id":"cf6ebd31-ea10-42eb-b950-fcedae463075","hours":null,"phone":null,"email":null,"website":null,"description":null,"iconUrl":null,"correlation_id":null}},{"id":"3e2eb58a-8ae0-4cf3-be11-03b918778db5","type":"Feature","feature_type":"occupant","geometry":null,"properties":{"name":{"ru":"Г.3.15","en":"Г.3.15"},"shortName":{"ru":"Г.3.15","en":"Г.3.15"},"category":"classroom","anchor_id":"fd3b4c2c-2b54-41b1-bce4-bb03e67e8baa","hours":null,"phone":null,"email":null,"website":null,"description":null,"iconUrl":null,"correlation_id":null}},{"id":"75d3a74f-1196-4f86-b82d-468b80275d11","type":"Feature","feature_type":"occupant","geometry":null,"properties":{"name":{"ru":"Туалет мужской","en":"Restroom male"},"shortName":{"ru":"Туалет М.","en":"Restroom M."},"category":"restroom.male","anchor_id":"85468b8a-1446-407b-9b67-f6f9e861a803","hours":null,"phone":null,"email":null,"website":null,"description":null,"iconUrl":null,"correlation_id":null}},{"id":"34f9837c-0cc8-40b2-8195-5ec16bcb9434","type":"Feature","feature_type":"occupant","geometry":null,"properties":{"name":{"ru":"Туалет женский","en":"Restroom female"},"shortName":{"ru":"Туалет Ж.","en":"Restroom F."},"category":"restroom.female","anchor_id":"8566c746-1398-43e8-a0f6-466a212b15df","hours":null,"phone":null,"email":null,"website":null,"description":null,"iconUrl":null,"correlation_id":null}},{"id":"a385130a-7d68-4120-ade5-ce2c016dca43","type":"Feature","feature_type":"occupant","geometry":null,"properties":{"name":{"ru":"Г.3.34","en":"Г.3.34"},"shortName":{"ru":"Г.3.34","en":"Г.3.34"},"category":"unspecified","anchor_id":"fd2cc7d6-c9bf-420a-9a91-d868cfd96fdc","hours":null,"phone":null,"email":null,"website":null,"description":null,"iconUrl":null,"correlation_id":null}},{"id":"fead3414-9f09-47da-b574-62700175e49f","type":"Feature","feature_type":"occupant","geometry":null,"properties":{"name":{"ru":"Г.3.28 Научная лаборатория \"Космические телекоммуникационные технологии\"","en":"Г.3.28 Research Laboratory \"Space Communication Technologies\""},"shortName":{"ru":"Г.3.28","en":"Г.3.28"},"category":"laboratory","anchor_id":"f02aa401-3553-4131-a92b-d5a106b92d88","hours":null,"phone":null,"email":null,"website":null,"description":null,"iconUrl":null,"correlation_id":null}},{"id":"223a74fa-e7f4-48e7-9dab-8f81268b95f0","type":"Feature","feature_type":"occupant","geometry":null,"properties":{"name":{"ru":"Г.3.65 Серверная","en":"Г.3.65 Server Room"},"shortName":{"ru":"Г.3.65","en":"Г.3.65"},"category":"unspecified","anchor_id":"b0c23819-dbb9-4b8d-81b5-941b4e53ba37","hours":null,"phone":null,"email":null,"website":null,"description":null,"iconUrl":null,"correlation_id":null}},{"id":"00c27dd8-a898-45a4-b531-6962eb1b4bd1","type":"Feature","feature_type":"occupant","geometry":null,"properties":{"name":{"ru":"Г.3.47 ВК для кондиционирования","en":"Г.3.47"},"shortName":{"ru":"Г.3.47","en":"Г.3.47"},"category":"classroom","anchor_id":"4da170e3-c916-4767-be01-5cfb86ca2524","hours":null,"phone":null,"email":null,"website":null,"description":null,"iconUrl":null,"correlation_id":null}},{"id":"140ef4fa-141d-41dc-bff3-4f4de35fdbb4","type":"Feature","feature_type":"occupant","geometry":null,"properties":{"name":{"ru":"Г.3.46 Институт физики, нанотехнологий и телекоммуникаций. Научная лаборатория \"Специальный Технологический Центр  - Политех\"","en":"Г.3.46 Institute of Physics, Nanotechnology and Telecommunications. Research Laboratory \"Special Technological Center - Polytech\""},"shortName":{"ru":"Г.3.46","en":"Г.3.46"},"category":"laboratory","anchor_id":"2fec071b-3448-4e73-ab0c-46c243aa4e0e","hours":null,"phone":null,"email":null,"website":null,"description":null,"iconUrl":null,"correlation_id":null}},{"id":"2cf3214e-0ff8-46a6-8a28-d639ecd278e4","type":"Feature","feature_type":"occupant","geometry":null,"properties":{"name":{"ru":"Г.3.42 Лаборатория архитектурно-дизайнерского проектирования Высшей  школы дизайна и архитектуры","en":"Г.3.42 Laboratory of architectural and design engineering of the Higher School of Design and Architecture"},"shortName":{"ru":"Г.3.42","en":"Г.3.42"},"category":"laboratory","anchor_id":"b701f0ac-74b7-4288-8031-92f0c4fc9d92","hours":null,"phone":null,"email":null,"website":null,"description":null,"iconUrl":null,"correlation_id":null}},{"id":"49c6a66b-9d0c-4e8a-87ec-226cc7940bdb","type":"Feature","feature_type":"occupant","geometry":null,"properties":{"name":{"ru":"Б.3.04","en":"Б.3.04"},"shortName":{"ru":"Б.3.04","en":"Б.3.04"},"category":"classroom","anchor_id":"f6ad829d-03b0-4823-97c2-7cba5b6437dd","hours":null,"phone":null,"email":null,"website":null,"description":null,"iconUrl":null,"correlation_id":null}},{"id":"1aac1cc7-bf7a-4e8e-9f02-e1b7aff5c409","type":"Feature","feature_type":"occupant","geometry":null,"properties":{"name":{"ru":"В.3.12","en":"В.3.12"},"shortName":{"ru":"В.3.12","en":"В.3.12"},"category":"classroom","anchor_id":"9c5c9644-defb-4205-906b-4fdc0542786c","hours":null,"phone":null,"email":null,"website":null,"description":null,"iconUrl":null,"correlation_id":null}},{"id":"33cb1ec9-5633-4def-ad70-fc893a0f2c73","type":"Feature","feature_type":"occupant","geometry":null,"properties":{"name":{"ru":"В.3.16","en":"В.3.16"},"shortName":{"ru":"В.3.16","en":"В.3.16"},"category":"classroom","anchor_id":"f1e69645-4594-4c5e-9bdb-cf16f948b563","hours":null,"phone":null,"email":null,"website":null,"description":null,"iconUrl":null,"correlation_id":null}},{"id":"69641f30-91b4-4a9c-9c53-dbeddb1e0402","type":"Feature","feature_type":"occupant","geometry":null,"properties":{"name":{"ru":"Туалет мужской","en":"Restroom male"},"shortName":{"ru":"Туалет М.","en":"Restroom M."},"category":"restroom.male","anchor_id":"18f67473-28d9-480d-ac63-dd14df8b1f7e","hours":null,"phone":null,"email":null,"website":null,"description":null,"iconUrl":null,"correlation_id":null}},{"id":"2dc5abd7-684d-433f-ab86-0fae01c19970","type":"Feature","feature_type":"occupant","geometry":null,"properties":{"name":{"ru":"В.3.08","en":"В.3.08"},"shortName":{"ru":"В.3.08","en":"В.3.08"},"category":"unspecified","anchor_id":"05a6adb6-f519-43b9-b7bd-5a7c20d7610c","hours":null,"phone":null,"email":null,"website":null,"description":null,"iconUrl":null,"correlation_id":null}},{"id":"e5bc4d57-431a-45b9-94f3-106e108520a4","type":"Feature","feature_type":"occupant","geometry":null,"properties":{"name":{"ru":"Туалет женский","en":"Restroom female"},"shortName":{"ru":"Туалет Ж.","en":"Restroom F."},"category":"restroom.female","anchor_id":"c8d17481-710a-4af1-ab58-af849631350f","hours":null,"phone":null,"email":null,"website":null,"description":null,"iconUrl":null,"correlation_id":null}},{"id":"4d25f0f9-34d9-4122-807a-db0d9e8a3be5","type":"Feature","feature_type":"occupant","geometry":null,"properties":{"name":{"ru":"В.3.05 И.о. проректора по перспективным проектам","en":"В.3.05 Executive Vice-Rector for Perspective Projects  (forward looking, emerging technologies)"},"shortName":{"ru":"В.3.05","en":"В.3.05"},"category":"administration","anchor_id":"bebcf13a-5c0c-4074-9a7c-9091f346997c","hours":null,"phone":null,"email":null,"website":null,"description":null,"iconUrl":null,"correlation_id":null}},{"id":"9ef4dbae-c2ce-409c-be37-984ac34ac028","type":"Feature","feature_type":"occupant","geometry":null,"properties":{"name":{"ru":"В.3.04 Управление сопровождения научных проектов и программ. Отдел управления качеством","en":"В.3.04 Office of Scientific Project and Programs Support. Quality Management Department"},"shortName":{"ru":"В.3.04","en":"В.3.04"},"category":"administration","anchor_id":"5d833b29-ddea-4a32-b854-2489df91e3da","hours":null,"phone":null,"email":null,"website":null,"description":null,"iconUrl":null,"correlation_id":null}},{"id":"d03c64af-1735-4e63-ba44-ced4fe91a9d2","type":"Feature","feature_type":"occupant","geometry":null,"properties":{"name":{"ru":"В.3.02 Научно-технологическое образовательное пространство CML-Bench","en":"В.3.02 CML-Bench Research, Technology and Education Sqace"},"shortName":{"ru":"В.3.02","en":"В.3.02"},"category":"classroom","anchor_id":"93a6609c-843b-4e11-a9b2-7affe33d0b2c","hours":null,"phone":null,"email":null,"website":null,"description":null,"iconUrl":null,"correlation_id":null}},{"id":"6ca4e22a-026a-40ef-84f4-0449036ce127","type":"Feature","feature_type":"occupant","geometry":null,"properties":{"name":{"ru":"В.3.40","en":"В.3.40"},"shortName":{"ru":"В.3.40","en":"В.3.40"},"category":"classroom","anchor_id":"36374124-422a-43e3-8229-67b3b0676a94","hours":null,"phone":null,"email":null,"website":null,"description":null,"iconUrl":null,"correlation_id":null}},{"id":"54a2b215-5bf3-45ad-bea0-8da28fec7aea","type":"Feature","feature_type":"occupant","geometry":null,"properties":{"name":{"ru":"В.3.17 Департамент стратегического планирования и развития. Исполнительная дирекция программы \"Приоритет-2030\"","en":"В.3.17Office for Strategic Planning & Development. Executive Directorate of the \"Priority-2030\" programme"},"shortName":{"ru":"В.3.17","en":"В.3.17"},"category":"administration","anchor_id":"d37e2e3b-6880-4fae-87b8-2f78d24e94f7","hours":null,"phone":null,"email":null,"website":null,"description":null,"iconUrl":null,"correlation_id":null}},{"id":"989bebe5-ab2f-4b39-a01a-c6a70dab431b","type":"Feature","feature_type":"occupant","geometry":null,"properties":{"name":{"ru":"В.3.18 Лаборатория \"Цифровое моделирование индустриальных систем\"","en":"В.3.18 Laboratory \"Digital Modeling of Industrial Systems\""},"shortName":{"ru":"В.3.18","en":"В.3.18"},"category":"laboratory","anchor_id":"6c9a916e-e40b-4111-863b-eb2bce170851","hours":null,"phone":null,"email":null,"website":null,"description":null,"iconUrl":null,"correlation_id":null}},{"id":"d3a5d417-e948-40ad-9adf-e3ce559523c8","type":"Feature","feature_type":"occupant","geometry":null,"properties":{"name":{"ru":"В.3.19 Центр интеллектуальной собственности. Центр поддержки технологий и инноваций","en":"В.3.19 Intellectual Property Center. Technology and Innovation Support Center"},"shortName":{"ru":"В.3.19","en":"В.3.19"},"category":"administration","anchor_id":"93226fb7-088e-4733-b772-fcd91552ef5c","hours":null,"phone":null,"email":null,"website":null,"description":null,"iconUrl":null,"correlation_id":null}},{"id":"f4ef1732-47cc-445c-a397-fcbf3dedd974","type":"Feature","feature_type":"occupant","geometry":null,"properties":{"name":{"ru":"В.3.20 Лаборатория самовосстанавливающихся конструкционных материалов","en":"В.3.20 Self-healing structural materials laboratory"},"shortName":{"ru":"В.3.20","en":"В.3.20"},"category":"laboratory","anchor_id":"12457132-75d8-49a5-9335-0a20adae48df","hours":null,"phone":null,"email":null,"website":null,"description":null,"iconUrl":null,"correlation_id":null}},{"id":"6a66dd1b-0546-47ad-bf1a-cc6625521557","type":"Feature","feature_type":"occupant","geometry":null,"properties":{"name":{"ru":"В.3.22 Интерактивный комплекс \"Передовые цифровые технологии в двигателестроении\"","en":"В.3.22 Advanced Digital Technologies in Engine Manufacturing interactive work and study space"},"shortName":{"ru":"В.3.22","en":"В.3.22"},"category":"classroom","anchor_id":"a149eb08-51aa-4ce7-9f53-11647254381f","hours":null,"phone":null,"email":null,"website":null,"description":null,"iconUrl":null,"correlation_id":null}},{"id":"096ba03f-8e94-41fd-bfaa-03935905abb7","type":"Feature","feature_type":"occupant","geometry":null,"properties":{"name":{"ru":"В.3.32","en":"В.3.32"},"shortName":{"ru":"В.3.32","en":"В.3.32"},"category":"classroom","anchor_id":"b43ec5e9-53d2-42ec-862d-27422dd74250","hours":null,"phone":null,"email":null,"website":null,"description":null,"iconUrl":null,"correlation_id":null}},{"id":"7af72e42-6a48-4813-8d5a-1961039771b8","type":"Feature","feature_type":"occupant","geometry":null,"properties":{"name":{"ru":"В.3.37 Научно-технологическое образовательное пространство CML-Bench","en":"В.3.37 CML-Bench Research, Technology and Education Sqace"},"shortName":{"ru":"В.3.37","en":"В.3.37"},"category":"classroom","anchor_id":"947e0b1a-5455-4ab5-be95-a2d4a210b108","hours":null,"phone":null,"email":null,"website":null,"description":null,"iconUrl":null,"correlation_id":null}},{"id":"17c14bf3-3e43-48ea-af23-07cf7017ed48","type":"Feature","feature_type":"occupant","geometry":null,"properties":{"name":{"ru":"А.3.29 Системная биология и биоинформатика. Математическая биология и биоинформатика","en":"А.3.29 Systems Biology and Bioinformatics Laboratory. Mathematical Biology and Bioinformatics Laboratory"},"shortName":{"ru":"А.3.29","en":"А.3.29"},"category":"laboratory","anchor_id":"e08c70b7-018e-4a10-b490-9ba0d60d607a","hours":null,"phone":null,"email":null,"website":null,"description":null,"iconUrl":null,"correlation_id":null}},{"id":"12f5e0e8-dada-4871-bede-5fcd9df4f146","type":"Feature","feature_type":"occupant","geometry":null,"properties":{"name":{"ru":"А.3.28 Системная биология и биоинформатика. Математическая биология и биоинформатика","en":"А.3.28 Systems Biology and Bioinformatics Laboratory. Mathematical Biology and Bioinformatics Laboratory"},"shortName":{"ru":"А.3.28","en":"А.3.28"},"category":"laboratory","anchor_id":"501c81c1-f2bb-466f-bb1b-d6550eb8d188","hours":null,"phone":null,"email":null,"website":null,"description":null,"iconUrl":null,"correlation_id":null}},{"id":"22fa74cc-797e-4a10-a8cf-e4eede82aebf","type":"Feature","feature_type":"occupant","geometry":null,"properties":{"name":{"ru":"А.3.04  Инжиниринговый центр \"Центр компьютерного инжиниринга\" (CompMechLab)","en":"А.3.04 Computer-Aided Engineering Centre of Excellence (CompMechLab)"},"shortName":{"ru":"А.3.04 ","en":"А.3.04 "},"category":"classroom","anchor_id":"171ce924-c03f-4d95-b42f-3c61ebe50d04","hours":null,"phone":null,"email":null,"website":null,"description":null,"iconUrl":null,"correlation_id":null}},{"id":"7cce3e26-62e0-4ca5-a247-e1095038af3f","type":"Feature","feature_type":"occupant","geometry":null,"properties":{"name":{"ru":"А.3.05 Инжиниринговый центр \"Центр компьютерного инжиниринга\" (CompMechLab)","en":"А.3.05 Computer-Aided Engineering Centre of Excellence (CompMechLab)"},"shortName":{"ru":"А.3.05","en":"А.3.05"},"category":"classroom","anchor_id":"9ca38d0a-fccd-413b-bf0e-abd75c0a63d0","hours":null,"phone":null,"email":null,"website":null,"description":null,"iconUrl":null,"correlation_id":null}},{"id":"4ef06db7-8308-4ebe-bc5a-ff82e9585e82","type":"Feature","feature_type":"occupant","geometry":null,"properties":{"name":{"ru":"А.3.06 Инфраструктурный центр НТИ по направлению \"Технет\"","en":"А.3.06 National Technology Initiative's Technet Infrastructure Center"},"shortName":{"ru":"А.3.06","en":"А.3.06"},"category":"classroom","anchor_id":"91bce698-4415-4a53-808f-b1933afeb938","hours":null,"phone":null,"email":null,"website":null,"description":null,"iconUrl":null,"correlation_id":null}},{"id":"03228382-17d4-4385-b3f8-6a4e4c080755","type":"Feature","feature_type":"occupant","geometry":null,"properties":{"name":{"ru":"А.3.08 Дирекция","en":"А.3.08 Program Development and Management Office"},"shortName":{"ru":"А.3.08","en":"А.3.08"},"category":"administration","anchor_id":"fcaa4f60-1ce0-40fa-893d-92518715498e","hours":null,"phone":null,"email":null,"website":null,"description":null,"iconUrl":null,"correlation_id":null}},{"id":"c01ecb3e-7c7f-4e6c-9f34-94ab779820f2","type":"Feature","feature_type":"occupant","geometry":null,"properties":{"name":{"ru":"А.3.10 Инжиниринговый центр \"Центр компьютерного инжиниринга\" (CompMechLab)","en":"А.3.10 Computer-Aided Engineering Centre of Excellence (CompMechLab)"},"shortName":{"ru":"А.3.10","en":"А.3.10"},"category":"classroom","anchor_id":"c47d793a-da4e-4a12-bd19-05b803a7452b","hours":null,"phone":null,"email":null,"website":null,"description":null,"iconUrl":null,"correlation_id":null}},{"id":"618cdc32-a0b0-4dea-a0d2-abe74d55efea","type":"Feature","feature_type":"occupant","geometry":null,"properties":{"name":{"ru":"А.3.21 Инжиниринговый центр \"Центр компьютерного инжиниринга\" (CompMechLab)","en":"А.3.21 Computer-Aided Engineering Centre of Excellence (CompMechLab)"},"shortName":{"ru":"А.3.21","en":"А.3.21"},"category":"classroom","anchor_id":"6cf6e700-954d-4894-b697-86bdf6fae3c6","hours":null,"phone":null,"email":null,"website":null,"description":null,"iconUrl":null,"correlation_id":null}},{"id":"637169e1-0a78-4c92-a2fe-6b33dbcbfdde","type":"Feature","feature_type":"occupant","geometry":null,"properties":{"name":{"ru":"А.3.22 Инжиниринговый центр \"Центр компьютерного инжиниринга\" (CompMechLab)","en":"А.3.22 Computer-Aided Engineering Centre of Excellence (CompMechLab)"},"shortName":{"ru":"А.3.22","en":"А.3.22"},"category":"classroom","anchor_id":"743d43eb-b938-48bf-81a8-ad105ae26510","hours":null,"phone":null,"email":null,"website":null,"description":null,"iconUrl":null,"correlation_id":null}},{"id":"3d8f6d37-4b48-4ecf-9a90-dfe0cf9f7349","type":"Feature","feature_type":"occupant","geometry":null,"properties":{"name":{"ru":"А.3.23 Инжиниринговый центр \"Центр компьютерного инжиниринга\" (CompMechLab)","en":"А.3.23 Computer-Aided Engineering Centre of Excellence (CompMechLab)"},"shortName":{"ru":"А.3.23","en":"А.3.23"},"category":"classroom","anchor_id":"3cdfafc1-d089-49bf-be01-43d5e42cb43e","hours":null,"phone":null,"email":null,"website":null,"description":null,"iconUrl":null,"correlation_id":null}},{"id":"7b3a4665-e9ee-4602-a634-2dab6d98b70d","type":"Feature","feature_type":"occupant","geometry":null,"properties":{"name":{"ru":"А.3.24 Инжиниринговый центр \"Центр компьютерного инжиниринга\" (CompMechLab)","en":"А.3.24 Computer-Aided Engineering Centre of Excellence (CompMechLab)"},"shortName":{"ru":"А.3.24","en":"А.3.24"},"category":"classroom","anchor_id":"3ecf1b1a-d9a0-4523-9335-970b270d3e77","hours":null,"phone":null,"email":null,"website":null,"description":null,"iconUrl":null,"correlation_id":null}},{"id":"abc8c0ba-6d56-425d-ba5e-e1a6ed6ce9e1","type":"Feature","feature_type":"occupant","geometry":null,"properties":{"name":{"ru":"А.3.40 Серверная","en":"А.3.40 Server Room"},"shortName":{"ru":"А.3.40","en":"А.3.40"},"category":"unspecified","anchor_id":"629f088d-e43d-4387-929b-f0e4fbf5570b","hours":null,"phone":null,"email":null,"website":null,"description":null,"iconUrl":null,"correlation_id":null}},{"id":"bb50b23e-da7a-4c01-915b-df7e343f871e","type":"Feature","feature_type":"occupant","geometry":null,"properties":{"name":{"ru":"Конференц зал \"Семёнов\".  Большой конференц зал","en":"Conference hall \"Semyonov\". Big conference hall"},"shortName":{"ru":"Конференц зал \"Семёнов\"","en":"Конференц зал \"Семёнов\""},"category":"auditorium","anchor_id":"29088fc8-f521-4a7a-865e-c7fde617feba","hours":null,"phone":null,"email":null,"website":null,"description":null,"iconUrl":null,"correlation_id":null}},{"id":"743381f1-53bb-4663-a92d-add2922b1ada","type":"Feature","feature_type":"occupant","geometry":null,"properties":{"name":{"ru":"Г.3.45","en":"Г.3.45"},"shortName":{"ru":"Г.3.45","en":"Г.3.45"},"category":"classroom","anchor_id":"0c82ba54-9edb-4214-9586-ca2b86625083","hours":null,"phone":null,"email":null,"website":null,"description":null,"iconUrl":null,"correlation_id":null}},{"id":"93781563-4ada-4c60-9727-94a9d5f7d130","type":"Feature","feature_type":"occupant","geometry":null,"properties":{"name":{"ru":"Г.3.41 Центр компетенций по бережливому производству \"Лин-лаборатория\". кафедра ЮНЕСКО \"Управление качеством образования в интересах устойчивого развития\"","en":"Г.3.41 Lean Production Laboratory. UNESCO Department \"Education quality management for sustainable development\""},"shortName":{"ru":"Г.3.41","en":"Г.3.41"},"category":"administration","anchor_id":"3a49d75c-957a-4f60-a9e5-89e5f4c5a6c1","hours":null,"phone":null,"email":null,"website":null,"description":null,"iconUrl":null,"correlation_id":null}},{"id":"b45c549d-258b-4320-a302-ea37eae06099","type":"Feature","feature_type":"occupant","geometry":null,"properties":{"name":{"ru":"Б.3.03","en":"Б.3.03"},"shortName":{"ru":"Б.3.03","en":"Б.3.03"},"category":"classroom","anchor_id":"19cd4a43-46a7-4c23-8d37-5010ddafd35f","hours":null,"phone":null,"email":null,"website":null,"description":null,"iconUrl":null,"correlation_id":null}},{"id":"030395c6-ca34-42e3-8d25-400e7ab11bdd","type":"Feature","feature_type":"occupant","geometry":null,"properties":{"name":{"ru":"Г.3.40","en":"Г.3.40"},"shortName":{"ru":"Г.3.40","en":"Г.3.40"},"category":"classroom","anchor_id":"7b874aa5-a0e9-41d8-b35c-ef042dc9d935","hours":null,"phone":null,"email":null,"website":null,"description":null,"iconUrl":null,"correlation_id":null}},{"id":"07feb825-555e-4a90-8b02-f848415c4fb9","type":"Feature","feature_type":"occupant","geometry":null,"properties":{"name":{"ru":"Г.3.06 Высшая школа технологического предпринимательства. Стартап-центр","en":"Г.3.06 Graduate School of Technology Entrepreneurship. Startup center"},"shortName":{"ru":"Г.3.06","en":"Г.3.06"},"category":"classroom","anchor_id":"11e2e59f-a773-4082-bda2-532045a0c3d8","hours":null,"phone":null,"email":null,"website":null,"description":null,"iconUrl":null,"correlation_id":null}},{"id":"40107291-2f22-4b29-9dc0-1c0cece2f0d6","type":"Feature","feature_type":"occupant","geometry":null,"properties":{"name":{"ru":"Г.3.05 Лаборатория \"3D-образование\". Центр дополнительного профессионального образования ПИШ \"Цифровой инжиниринг\"","en":"Г.3.05 3D Education Laboratory. Center for Continuing Education, School of Advanced Engineering Studies in Digital Engineering"},"shortName":{"ru":"Г.3.05","en":"Г.3.05"},"category":"laboratory","anchor_id":"03105db6-d30d-446a-9232-8283a74d4fdc","hours":null,"phone":null,"email":null,"website":null,"description":null,"iconUrl":null,"correlation_id":null}},{"id":"11643019-960d-4b34-88cf-1cea3dd8e025","type":"Feature","feature_type":"occupant","geometry":null,"properties":{"name":{"ru":"Г.3.04 Лаборатория \"Промышленные системы потоковой обработки даннных\"","en":"Г.3.04 Industrial Systems for Streaming Data Processing Laboratory"},"shortName":{"ru":"Г.3.04","en":"Г.3.04"},"category":"laboratory","anchor_id":"b3d0c343-e7b2-4139-b1be-a3736b7ddbff","hours":null,"phone":null,"email":null,"website":null,"description":null,"iconUrl":null,"correlation_id":null}},{"id":"9bb9d564-465c-47fd-94fb-0eb2c57e67d9","type":"Feature","feature_type":"occupant","geometry":null,"properties":{"name":{"ru":"Г.3.03 Дирекция. Отдел персонала ПИШ \"Цифровой инжиниринг\"","en":"Г.3.03 Program Development and Management Office"},"shortName":{"ru":"Г.3.03","en":"Г.3.03"},"category":"administration","anchor_id":"20356d6d-e52e-4686-8b7c-968c6aec03a8","hours":null,"phone":null,"email":null,"website":null,"description":null,"iconUrl":null,"correlation_id":null}},{"id":"9b4c01d0-7b88-4bac-a3d8-1972a5b64e0f","type":"Feature","feature_type":"occupant","geometry":null,"properties":{"name":{"ru":"Г.3.02 Высшая школа передовых цифровых технологий","en":"Г.3.02 Graduate School of Advanced Digital Technologies"},"shortName":{"ru":"Г.3.02","en":"Г.3.02"},"category":"classroom","anchor_id":"b0911ca5-dae9-41d7-ba33-231b31e9e523","hours":null,"phone":null,"email":null,"website":null,"description":null,"iconUrl":null,"correlation_id":null}},{"id":"04d868c9-4db7-4c89-9494-d597624ef599","type":"Feature","feature_type":"occupant","geometry":null,"properties":{"name":{"ru":"Г.3.01 Лаборатория \"Компьютерный инжиниринг\" ИППТ","en":"Г.3.01 Computer-Aided Engineering Laboratory, Institute of Advanced Manufacturing Technologies"},"shortName":{"ru":"Г.3.01","en":"Г.3.01"},"category":"laboratory","anchor_id":"48e6fe37-2ecf-4904-9c4d-17e8713fa045","hours":null,"phone":null,"email":null,"website":null,"description":null,"iconUrl":null,"correlation_id":null}},{"id":"3bb87052-f0ef-4dc7-ac02-d206e5862b24","type":"Feature","feature_type":"occupant","geometry":null,"properties":{"name":{"ru":"А.3.13 Вентиляционная камера","en":"А.3.13 Vent chamber"},"shortName":{"ru":"А.3.13","en":"А.3.13"},"category":"unspecified","anchor_id":"383eb9f3-51ec-4358-898c-d4fd5df82594","hours":null,"phone":null,"email":null,"website":null,"description":null,"iconUrl":null,"correlation_id":null}},{"id":"c4ff1a29-93cd-4e8c-8265-9721c68f0bbb","type":"Feature","feature_type":"occupant","geometry":null,"properties":{"name":{"ru":"А.3.12 Инжиниринговый центр \"Центр компьютерного инжиниринга\" (CompMechLab)","en":"А.3.12 Computer-Aided Engineering Centre of Excellence (CompMechLab)"},"shortName":{"ru":"А.3.12","en":"А.3.12"},"category":"classroom","anchor_id":"03acd221-cff7-4611-8564-3d865a5309ad","hours":null,"phone":null,"email":null,"website":null,"description":null,"iconUrl":null,"correlation_id":null}},{"id":"c1fae16b-6bdf-4bae-80ba-03b9fce6503e","type":"Feature","feature_type":"occupant","geometry":null,"properties":{"name":{"ru":"А.3.02 Отдел маркетинга передовых технологий","en":"А.3.02 Advanced Technologies Marketing Department"},"shortName":{"ru":"А.3.02","en":"А.3.02"},"category":"classroom","anchor_id":"047e17cd-37d2-4734-b1c4-a5c05b8a92b4","hours":null,"phone":null,"email":null,"website":null,"description":null,"iconUrl":null,"correlation_id":null}},{"id":"ba43f977-d68d-4845-a187-61ccd5837934","type":"Feature","feature_type":"occupant","geometry":null,"properties":{"name":{"ru":"А.3.01 Отдел маркетинга передовых технологий","en":"А.3.01 Advanced Technologies Marketing Department"},"shortName":{"ru":"А.3.01","en":"А.3.01"},"category":"classroom","anchor_id":"2e0a9336-3b6d-4e73-9cca-05e121016287","hours":null,"phone":null,"email":null,"website":null,"description":null,"iconUrl":null,"correlation_id":null}},{"id":"e21accdb-1a87-4f77-8ec5-340983674486","type":"Feature","feature_type":"occupant","geometry":null,"properties":{"name":{"ru":"А.3.37 Дирекция","en":"А.3.37 Program Development and Management Office"},"shortName":{"ru":"А.3.37","en":"А.3.37"},"category":"administration","anchor_id":"53c8036e-2b1e-4b0f-9729-6230beb25646","hours":null,"phone":null,"email":null,"website":null,"description":null,"iconUrl":null,"correlation_id":null}},{"id":"bbb35d91-1055-4edf-b64e-0b603b14caa7","type":"Feature","feature_type":"occupant","geometry":null,"properties":{"name":{"ru":"А.3.36 Дирекция","en":"А.3.36 Program Development and Management Office"},"shortName":{"ru":"А.3.36","en":"А.3.36"},"category":"administration","anchor_id":"951b67a2-e978-4a80-a4c4-e5df35be9564","hours":null,"phone":null,"email":null,"website":null,"description":null,"iconUrl":null,"correlation_id":null}},{"id":"65cf3d1a-76fa-4326-ab0b-90ca8aa380a0","type":"Feature","feature_type":"occupant","geometry":null,"properties":{"name":{"ru":"А.3.35 Инжиниринговый центр \"Центр компьютерного инжиниринга\" (CompMechLab)","en":"А.3.35 Computer-Aided Engineering Centre of Excellence (CompMechLab)"},"shortName":{"ru":"А.3.35","en":"А.3.35"},"category":"classroom","anchor_id":"37381d3b-b65b-4730-a476-a5f055d0606e","hours":null,"phone":null,"email":null,"website":null,"description":null,"iconUrl":null,"correlation_id":null}},{"id":"9de184bb-70ce-4572-8839-ea8871a6528e","type":"Feature","feature_type":"occupant","geometry":null,"properties":{"name":{"ru":"А.3.34 Инжиниринговый центр \"Центр компьютерного инжиниринга\" (CompMechLab)","en":"А.3.34 Computer-Aided Engineering Centre of Excellence (CompMechLab)"},"shortName":{"ru":"А.3.34","en":"А.3.34"},"category":"classroom","anchor_id":"2d5377bb-bb12-4813-b0d7-d9cd49f9f826","hours":null,"phone":null,"email":null,"website":null,"description":null,"iconUrl":null,"correlation_id":null}},{"id":"cb0a94f2-4bec-44e1-a767-ae28b8f6b4ea","type":"Feature","feature_type":"occupant","geometry":null,"properties":{"name":{"ru":"А.3.33","en":"А.3.33"},"shortName":{"ru":"А.3.33","en":"А.3.33"},"category":"classroom","anchor_id":"a4829976-2a15-4818-8887-99831d6443b0","hours":null,"phone":null,"email":null,"website":null,"description":null,"iconUrl":null,"correlation_id":null}},{"id":"b68e2fdc-95fb-4321-86b6-d55cde7557de","type":"Feature","feature_type":"occupant","geometry":null,"properties":{"name":{"ru":"А.3.32 Дирекция","en":"А.3.32 Program Development and Management Office"},"shortName":{"ru":"А.3.32","en":"А.3.32"},"category":"classroom","anchor_id":"2230d5b9-484e-4998-af5c-31983c8c4e48","hours":null,"phone":null,"email":null,"website":null,"description":null,"iconUrl":null,"correlation_id":null}},{"id":"5aa6e76e-0ceb-4960-ad41-5ca3b2ae7abb","type":"Feature","feature_type":"occupant","geometry":null,"properties":{"name":{"ru":"А.3.30 Системная биология и биоинформатика. Математическая биология и биоинформатика","en":"А.3.30 Systems Biology and Bioinformatics Laboratory. Mathematical Biology and Bioinformatics Laboratory"},"shortName":{"ru":"А.3.30","en":"А.3.30"},"category":"laboratory","anchor_id":"ffc7f274-122b-4bc6-a86b-e7171d73159d","hours":null,"phone":null,"email":null,"website":null,"description":null,"iconUrl":null,"correlation_id":null}},{"id":"f1b71f6c-ec0f-49a1-9c23-1a1e636ac611","type":"Feature","feature_type":"occupant","geometry":null,"properties":{"name":{"ru":"А.3.31 Системная биология и биоинформатика. Математическая биология и биоинформатика","en":"А.3.31 Systems Biology and Bioinformatics Laboratory. Mathematical Biology and Bioinformatics Laboratory"},"shortName":{"ru":"А.3.31","en":"А.3.31"},"category":"laboratory","anchor_id":"f3efb794-307c-4102-ba7f-1bcdfa8b5e86","hours":null,"phone":null,"email":null,"website":null,"description":null,"iconUrl":null,"correlation_id":null}},{"id":"5c3ffb15-d6b5-4654-875c-dd549bca23cd","type":"Feature","feature_type":"occupant","geometry":null,"properties":{"name":{"ru":"А.3.27 Лаборатория \"Лёгкие материалы и конструкции\". Коворкинг","en":"А.3.27 Lightweight Materials and Structures Laboratory. Co-working"},"shortName":{"ru":"А.3.27","en":"А.3.27"},"category":"laboratory","anchor_id":"93d7e083-815f-4d18-a0ac-e0fcaf56d0c3","hours":null,"phone":null,"email":null,"website":null,"description":null,"iconUrl":null,"correlation_id":null}},{"id":"93fb034c-e8f4-40bd-a754-7822e720611c","type":"Feature","feature_type":"occupant","geometry":null,"properties":{"name":{"ru":"А.3.26 Лаборатория \"Промышленные системы потоковой обработки данных\"","en":"А.3.26 Industrial Systems for Streaming Data Processing Laboratory"},"shortName":{"ru":"А.3.26","en":"А.3.26"},"category":"laboratory","anchor_id":"cf1099d8-efa8-4452-bf22-d87dc3e78c41","hours":null,"phone":null,"email":null,"website":null,"description":null,"iconUrl":null,"correlation_id":null}},{"id":"d6e25e40-5b19-43ae-ae10-3ff5f6c8aeb2","type":"Feature","feature_type":"occupant","geometry":null,"properties":{"name":{"ru":"В.3.36 Лаборатория \"Моделирование технологических процессов и проектирование энергетического оборудования\"","en":"В.3.36 Manufacturing Processes Simulation and Power Equipment Design Laboratory"},"shortName":{"ru":"В.3.36","en":"В.3.36"},"category":"laboratory","anchor_id":"47e02db7-a001-44e1-abd6-6899d5324440","hours":null,"phone":null,"email":null,"website":null,"description":null,"iconUrl":null,"correlation_id":null}},{"id":"bf307659-ca9d-4bcc-8a64-05191cc2879e","type":"Feature","feature_type":"occupant","geometry":null,"properties":{"name":{"ru":"В.3.35 Лаборатория \"Моделирование технологических процессов и проектирование энергетического оборудования\"","en":"В.3.35 Manufacturing Processes Simulation and Power Equipment Design Laboratory"},"shortName":{"ru":"В.3.35","en":"В.3.35"},"category":"laboratory","anchor_id":"7a423c99-a7f0-4a4e-837b-102812618e6f","hours":null,"phone":null,"email":null,"website":null,"description":null,"iconUrl":null,"correlation_id":null}},{"id":"19c379eb-4a7b-49ab-9a3a-c50eed4d46d5","type":"Feature","feature_type":"occupant","geometry":null,"properties":{"name":{"ru":"В.3.33 Боровков Алексей Иванович","en":"В.3.33 Alexey BOROVKOV"},"shortName":{"ru":"В.3.33","en":"В.3.33"},"category":"administration","anchor_id":"fab2fb7e-f171-4522-9e8e-77dcc86f7e27","hours":null,"phone":null,"email":null,"website":null,"description":null,"iconUrl":null,"correlation_id":null}},{"id":"190bab26-470b-4e00-b1b0-81f0ec1e0ca2","type":"Feature","feature_type":"occupant","geometry":null,"properties":{"name":{"ru":"В.3.28 Фомин Юрий Владимирович. Проректор по научной работе, кандидат физико-математических наук","en":"В.3.28 Yury Fomin Vice-Rector for Research, PhD in Physics and Mathematics"},"shortName":{"ru":"В.3.28","en":"В.3.28"},"category":"administration","anchor_id":"14a55a5c-8d37-4618-ba7d-a9979f3013d4","hours":null,"phone":null,"email":null,"website":null,"description":null,"iconUrl":null,"correlation_id":null}},{"id":"2fd81711-6589-4215-a7bb-3fffa91bff77","type":"Feature","feature_type":"occupant","geometry":null,"properties":{"name":{"ru":"В.3.23","en":"В.3.23"},"shortName":{"ru":"В.3.23","en":"В.3.23"},"category":"classroom","anchor_id":"87b48c24-3fb0-4192-bf75-5d09aee24241","hours":null,"phone":null,"email":null,"website":null,"description":null,"iconUrl":null,"correlation_id":null}},{"id":"aa1f6963-cab4-42f3-9c98-ec85fbb3b510","type":"Feature","feature_type":"occupant","geometry":null,"properties":{"name":{"ru":"В.3.14 Чиллерная","en":"В.3.14 Chiller room"},"shortName":{"ru":"В.3.14","en":"В.3.14"},"category":"classroom","anchor_id":"6f48e20d-95db-4d21-801f-8f8f9e18cff9","hours":null,"phone":null,"email":null,"website":null,"description":null,"iconUrl":null,"correlation_id":null}},{"id":"f5344633-bfca-4e72-a588-2a94c0411837","type":"Feature","feature_type":"occupant","geometry":null,"properties":{"name":{"ru":"Г.3.22 Научно-технологический комплекс \"Новые технологии и материалы\"","en":"Г.3.22 Research and Technological Complex \"New materials and technologies\""},"shortName":{"ru":"Г.3.22 ","en":"Г.3.22 "},"category":"classroom","anchor_id":"2d332b18-0e23-4c9b-9dc8-fac4f246584c","hours":null,"phone":null,"email":null,"website":null,"description":null,"iconUrl":null,"correlation_id":null}},{"id":"2a3f3fc8-00bf-4f55-8542-d658b325ccb8","type":"Feature","feature_type":"occupant","geometry":null,"properties":{"name":{"ru":"Г.3.21 Научно-технологический комплекс \"Новые технологии и материалы\"","en":"Г.3.21 Research and Technological Complex \"New materials and technologies\""},"shortName":{"ru":"Г.3.21","en":"Г.3.21"},"category":"classroom","anchor_id":"aa3361da-9c98-476f-97ef-ff6c873314f5","hours":null,"phone":null,"email":null,"website":null,"description":null,"iconUrl":null,"correlation_id":null}},{"id":"c197d17a-c2ae-4c5e-a332-a1e35c6092e1","type":"Feature","feature_type":"occupant","geometry":null,"properties":{"name":{"ru":"Г.3.20 НОЦ \"Цифровой инжиниринг основного оборудования химико-технологических систем\"","en":"Г.3.20 Scientific and Educational Center \"Digital Engineering of Basic Equipment of Chemical Technological Systems\""},"shortName":{"ru":"Г.3.20","en":"Г.3.20"},"category":"academic.council","anchor_id":"7872e639-6811-421f-a3f4-dfef52adb4aa","hours":null,"phone":null,"email":null,"website":null,"description":null,"iconUrl":null,"correlation_id":null}},{"id":"2c8b4f83-7708-40e9-9bbf-6e44699e63f8","type":"Feature","feature_type":"occupant","geometry":null,"properties":{"name":{"ru":"Г.3.19 Научно-исследовательская лаборатория \"Теоретическая биология А.П. Козлова\"","en":"Г.3.19 Kozlov Laboratory of Theoretical Biology"},"shortName":{"ru":"Г.3.19","en":"Г.3.19"},"category":"laboratory","anchor_id":"ae26c10a-f64a-4f9d-ab70-2247833125aa","hours":null,"phone":null,"email":null,"website":null,"description":null,"iconUrl":null,"correlation_id":null}},{"id":"b133503a-6be0-4469-bad1-194ff2da2ae7","type":"Feature","feature_type":"occupant","geometry":null,"properties":{"name":{"ru":"Г.3.18 Национальный центр качества и экспертизы","en":"Г.3.18 National Center for Quality and Expertise"},"shortName":{"ru":"Г.3.18","en":"Г.3.18"},"category":"academic.council","anchor_id":"11af9a3f-e7d1-4657-8c88-695b029076d5","hours":null,"phone":null,"email":null,"website":null,"description":null,"iconUrl":null,"correlation_id":null}},{"id":"807e9287-3252-4ef9-9ee8-0236afa010d8","type":"Feature","feature_type":"occupant","geometry":null,"properties":{"name":{"ru":"Г.3.17 Управление научно-технологического партнерства","en":"Г.3.17 Department of scientific and technological partnership"},"shortName":{"ru":"Г.3.17","en":"Г.3.17"},"category":"administration","anchor_id":"3b0abe7b-3fce-45da-ba53-8dc16358d72f","hours":null,"phone":null,"email":null,"website":null,"description":null,"iconUrl":null,"correlation_id":null}},{"id":"b888897d-418b-4d3c-81fa-a3a87801e46f","type":"Feature","feature_type":"occupant","geometry":null,"properties":{"name":{"ru":"В.3.03 Управление сопровождения научных проектов и программ","en":"В.3.04  Department of support scientific projects and programs"},"shortName":{"ru":"В.3.03","en":"В.3.03"},"category":"administration","anchor_id":"56bb4805-651e-4f6b-a49a-391dde2b4e34","hours":null,"phone":null,"email":null,"website":null,"description":null,"iconUrl":null,"correlation_id":null}},{"id":"b51786f9-24f9-4ff2-8387-220219f793b1","type":"Feature","feature_type":"occupant","geometry":null,"properties":{"name":{"ru":"В.3.13 Вентиляционная камера","en":"В.3.13 Vent chamber"},"shortName":{"ru":"В.3.13","en":"В.3.13"},"category":"unspecified","anchor_id":"27a2338a-a0aa-408c-97aa-ede348deb0dc","hours":null,"phone":null,"email":null,"website":null,"description":null,"iconUrl":null,"correlation_id":null}},{"id":"84e76b4f-4d0d-49d2-b98b-f379581a0b2d","type":"Feature","feature_type":"occupant","geometry":null,"properties":{"name":{"ru":"Г.3.23 Научно-технологический комплекс \"Новые технологии и материалы\"","en":"Г.3.23 Research and Technological Complex \"New materials and technologies\""},"shortName":{"ru":"Г.3.23","en":"Г.3.23"},"category":"classroom","anchor_id":"343cc3a4-60d8-451c-bc8c-619524e95b8b","hours":null,"phone":null,"email":null,"website":null,"description":null,"iconUrl":null,"correlation_id":null}},{"id":"2c39c55c-361d-4b2f-88c0-16f4fc5dbc34","type":"Feature","feature_type":"occupant","geometry":null,"properties":{"name":{"ru":"Г.3.24 Научно-технологический комплекс \"Новые технологии и материалы\"","en":"Г.3.24 Research and Technological Complex \"New materials and technologies\""},"shortName":{"ru":"Г.3.24","en":"Г.3.24"},"category":"classroom","anchor_id":"b2fd8155-2625-44f2-ae10-d1fd2dcc8048","hours":null,"phone":null,"email":null,"website":null,"description":null,"iconUrl":null,"correlation_id":null}},{"id":"4ea89d79-051e-4c07-b6e5-dab175c54d58","type":"Feature","feature_type":"occupant","geometry":null,"properties":{"name":{"ru":"Г.3.25 Научно-технологический комплекс \"Новые технологии и материалы\"","en":"Г.3.25 Research and Technological Complex \"New materials and technologies\""},"shortName":{"ru":"Г.3.25","en":"Г.3.25"},"category":"classroom","anchor_id":"3b1ae2ef-ebb6-4e18-8a1b-7fcb4255d7c3","hours":null,"phone":null,"email":null,"website":null,"description":null,"iconUrl":null,"correlation_id":null}},{"id":"aa527247-0426-4e34-9482-f7639791b486","type":"Feature","feature_type":"occupant","geometry":null,"properties":{"name":{"ru":"Г.3.27 Системная биология и биоинформатика. Математическая биология и биоинформатика","en":"Г.3.27 Systems Biology and Bioinformatics Laboratory. Mathematical Biology and Bioinformatics Laboratory"},"shortName":{"ru":"Г.3.27","en":"Г.3.27"},"category":"laboratory","anchor_id":"195409a2-6640-42e0-bb05-e8b7739ba054","hours":null,"phone":null,"email":null,"website":null,"description":null,"iconUrl":null,"correlation_id":null}},{"id":"d984b3bf-5b65-4736-b458-9fd626715e2b","type":"Feature","feature_type":"occupant","geometry":null,"properties":{"name":{"ru":"Г.3.26 Системная биология и биоинформатика. Математическая биология и биоинформатика","en":"Г.3.26 Systems Biology and Bioinformatics Laboratory. Mathematical Biology and Bioinformatics Laboratory"},"shortName":{"ru":"Г.3.26","en":"Г.3.26"},"category":"laboratory","anchor_id":"65115f82-61c1-40ec-b60e-c89878412a01","hours":null,"phone":null,"email":null,"website":null,"description":null,"iconUrl":null,"correlation_id":null}},{"id":"69b214b6-a29f-4592-aabc-602a2320260c","type":"Feature","feature_type":"occupant","geometry":null,"properties":{"name":{"ru":"Отдел защиты конфиденциальной информации","en":"Department of confidential information protection"},"shortName":{"ru":"Отдел защиты конфиденциальной информации","en":"Department of confidential information protection"},"category":"administration","anchor_id":"abd5d88c-b07e-411f-9187-3e8ebd8ceee0","hours":null,"phone":null,"email":null,"website":null,"description":null,"iconUrl":null,"correlation_id":null}},{"id":"93f4473f-f51f-4418-952b-59f1c073cb4a","type":"Feature","feature_type":"occupant","geometry":null,"properties":{"name":{"ru":"Лекторий 41","en":"Auditorium 41"},"shortName":{"ru":"41","en":"41"},"category":"auditorium","anchor_id":"b3fad026-a7d3-48f3-9d7a-612a42413615","hours":null,"phone":null,"email":null,"website":null,"description":null,"iconUrl":null,"correlation_id":null}},{"id":"3d057464-d4b0-46b9-b706-120cb1f4d9e0","type":"Feature","feature_type":"occupant","geometry":null,"properties":{"name":{"ru":"Туалет мужской","en":"Restroom male"},"shortName":{"ru":"Туалет М.","en":"Restroom M."},"category":"restroom.male","anchor_id":"92088578-802d-42f8-8158-22eeb8ee8816","hours":null,"phone":null,"email":null,"website":null,"description":null,"iconUrl":null,"correlation_id":null}},{"id":"33d159d6-60d3-4144-8374-6ee8682c1bdd","type":"Feature","feature_type":"occupant","geometry":null,"properties":{"name":{"ru":"Туалет женский","en":"Restroom female"},"shortName":{"ru":"Туалет Ж.","en":"Restroom F."},"category":"restroom.female","anchor_id":"fafdace1-2bcf-47b0-865f-20d474fa06f2","hours":null,"phone":null,"email":null,"website":null,"description":null,"iconUrl":null,"correlation_id":null}},{"id":"182ea768-9f40-488f-937f-451cfe9eeda8","type":"Feature","feature_type":"occupant","geometry":null,"properties":{"name":{"ru":"Столовая","en":"Canteen"},"shortName":{"ru":"Столовая","en":"Canteen"},"category":"foodservice","anchor_id":"af0743c5-b035-4ed3-bd54-1031ebadb639","hours":null,"phone":null,"email":null,"website":null,"description":null,"iconUrl":null,"correlation_id":null}},{"id":"f9510b95-65c4-44c3-838f-dc692e2756a9","type":"Feature","feature_type":"occupant","geometry":null,"properties":{"name":{"ru":"Гардероб","en":"Wardone"},"shortName":{"ru":"Гардероб","en":"Wardone"},"category":"wardrobe","anchor_id":"e260ea5d-69c0-4e5b-acd5-d7c983e384d7","hours":null,"phone":null,"email":null,"website":null,"description":null,"iconUrl":null,"correlation_id":null}},{"id":"43aaaf32-d7e5-459b-a9cb-8407b60745c8","type":"Feature","feature_type":"occupant","geometry":null,"properties":{"name":{"ru":"Почта России","en":"Russian post"},"shortName":{"ru":"Почта России","en":"Russian post"},"category":"library","anchor_id":"142f1484-0921-4c22-8207-281ff3ef45b5","hours":null,"phone":null,"email":null,"website":null,"description":null,"iconUrl":null,"correlation_id":null}},{"id":"e6c232b6-cbd3-4476-bbb5-5a4b9852446a","type":"Feature","feature_type":"occupant","geometry":null,"properties":{"name":{"ru":"Отдел контроля движимого имущества","en":"Movable property control department"},"shortName":{"ru":"Отдел контроля движимого имущества","en":"Movable property control department"},"category":"administration","anchor_id":"c9cfe268-2d4f-455a-9a73-fc3f982561ca","hours":null,"phone":null,"email":null,"website":null,"description":null,"iconUrl":null,"correlation_id":null}},{"id":"46c5707f-1f62-48e1-8eab-3cba976ed8ee","type":"Feature","feature_type":"occupant","geometry":null,"properties":{"name":{"ru":"123. Управление персоналом","en":"123. Personnel management"},"shortName":{"ru":"123","en":"123"},"category":"administration","anchor_id":"be1f1530-2ed1-4c17-a59b-ece3be39268d","hours":null,"phone":null,"email":null,"website":null,"description":null,"iconUrl":null,"correlation_id":null}},{"id":"7ef19bfb-acb8-4bf4-ac4b-a1d26f606777","type":"Feature","feature_type":"occupant","geometry":null,"properties":{"name":{"ru":"124.Управление бухгалтерского учета","en":"124.Accounting department"},"shortName":{"ru":"124","en":"124"},"category":"administration","anchor_id":"29bbd823-c57c-428c-a1e3-b09cd1d238de","hours":null,"phone":null,"email":null,"website":null,"description":null,"iconUrl":null,"correlation_id":null}},{"id":"5f877740-c2e9-4e7e-8130-2b94b4fdbcc5","type":"Feature","feature_type":"occupant","geometry":null,"properties":{"name":{"ru":"Кабинет 127","en":"Office 127"},"shortName":{"ru":"127","en":"127"},"category":"administration","anchor_id":"a22593df-ea2e-4e94-ad98-86be8fa82124","hours":null,"phone":null,"email":null,"website":null,"description":null,"iconUrl":null,"correlation_id":null}},{"id":"cdcb93db-73c1-4323-8773-83437142af5e","type":"Feature","feature_type":"occupant","geometry":null,"properties":{"name":{"ru":"128.Старший администратор 1 учебного корпуса Николаева Любовь Павловна","en":"128.Senior administrator of the 1st academic building Nikolaeva Lyubov Pavlovna"},"shortName":{"ru":"128","en":"128"},"category":"administration","anchor_id":"e35d61fb-a98f-4cd7-828c-526f877d79d6","hours":null,"phone":null,"email":null,"website":null,"description":null,"iconUrl":null,"correlation_id":null}},{"id":"1e9a6126-7c6e-470e-b0dc-c98b09a466e4","type":"Feature","feature_type":"occupant","geometry":null,"properties":{"name":{"ru":"Кабинет 131","en":"Office 131"},"shortName":{"ru":"131","en":"131"},"category":"administration","anchor_id":"938ba3c3-0c82-4833-af56-eabc5a39812a","hours":null,"phone":null,"email":null,"website":null,"description":null,"iconUrl":null,"correlation_id":null}},{"id":"55664865-70fe-4ace-bbf6-afedf901adf7","type":"Feature","feature_type":"occupant","geometry":null,"properties":{"name":{"ru":"132. Отдел аренды","en":"132. Rental department"},"shortName":{"ru":"132","en":"132"},"category":"administration","anchor_id":"05dfc398-0991-43dc-9370-308bb87f4c32","hours":null,"phone":null,"email":null,"website":null,"description":null,"iconUrl":null,"correlation_id":null}},{"id":"ad5be311-3eb8-43f3-85db-3a7688c4b978","type":"Feature","feature_type":"occupant","geometry":null,"properties":{"name":{"ru":"Лабораторная 128","en":"Lab 128"},"shortName":{"ru":"128","en":"128"},"category":"laboratory","anchor_id":"d0f2a141-7c23-44e6-8222-5d55d922528c","hours":null,"phone":null,"email":null,"website":null,"description":null,"iconUrl":null,"correlation_id":null}},{"id":"3c02559b-bafd-4c25-8946-8576f6fc56e1","type":"Feature","feature_type":"occupant","geometry":null,"properties":{"name":{"ru":"Кабинет 127","en":"Classroom 127"},"shortName":{"ru":"127","en":"127"},"category":"classroom","anchor_id":"72c1e00f-bf48-4387-8437-ca81e88b64fa","hours":null,"phone":null,"email":null,"website":null,"description":null,"iconUrl":null,"correlation_id":null}},{"id":"a003431e-3e17-4b71-a365-a61d6e702086","type":"Feature","feature_type":"occupant","geometry":null,"properties":{"name":{"ru":"Лабораторная 126","en":"Lab 126"},"shortName":{"ru":"126","en":"126"},"category":"laboratory","anchor_id":"4bfa705e-80a5-4bec-80dc-b53928e03543","hours":null,"phone":null,"email":null,"website":null,"description":null,"iconUrl":null,"correlation_id":null}},{"id":"68fa2977-cf39-42f1-adad-a7ba8540edfb","type":"Feature","feature_type":"occupant","geometry":null,"properties":{"name":{"ru":"Лабораторная 125","en":"Lab 125"},"shortName":{"ru":"125","en":"125"},"category":"laboratory","anchor_id":"feaf0916-f92c-400b-8244-75422f7e7c72","hours":null,"phone":null,"email":null,"website":null,"description":null,"iconUrl":null,"correlation_id":null}},{"id":"e3019701-563e-44ff-8161-1dbb3fd77631","type":"Feature","feature_type":"occupant","geometry":null,"properties":{"name":{"ru":"Лабораторная 124","en":"Lab 124"},"shortName":{"ru":"124","en":"124"},"category":"laboratory","anchor_id":"50c339c4-5bdd-4bcf-8658-99b8c52f1630","hours":null,"phone":null,"email":null,"website":null,"description":null,"iconUrl":null,"correlation_id":null}},{"id":"8273fcca-d94e-45b0-9ea6-b57dcaaa1150","type":"Feature","feature_type":"occupant","geometry":null,"properties":{"name":{"ru":"Кабинет 123","en":"Classroom 123"},"shortName":{"ru":"123","en":"123"},"category":"classroom","anchor_id":"e84968a6-2a8b-4382-a2c3-afb97df52e8e","hours":null,"phone":null,"email":null,"website":null,"description":null,"iconUrl":null,"correlation_id":null}},{"id":"5ff9f6e8-012a-461c-a093-5cae5a68eae9","type":"Feature","feature_type":"occupant","geometry":null,"properties":{"name":{"ru":"Лабораторная 122","en":"Lab 122"},"shortName":{"ru":"122","en":"122"},"category":"laboratory","anchor_id":"4ce4352c-b5cf-488c-88f4-50b38d4f3588","hours":null,"phone":null,"email":null,"website":null,"description":null,"iconUrl":null,"correlation_id":null}},{"id":"c13c2b8f-951c-422d-b84e-f8656db692e9","type":"Feature","feature_type":"occupant","geometry":null,"properties":{"name":{"ru":"Кабинет 120","en":"Classroom 120"},"shortName":{"ru":"120","en":"120"},"category":"classroom","anchor_id":"964db9a8-98fe-4f42-9626-7ab08a0642ab","hours":null,"phone":null,"email":null,"website":null,"description":null,"iconUrl":null,"correlation_id":null}},{"id":"3f4ca12c-ecf4-436a-85f8-587e4b7170ae","type":"Feature","feature_type":"occupant","geometry":null,"properties":{"name":{"ru":"Кабинет 118","en":"Classroom 118"},"shortName":{"ru":"118","en":"118"},"category":"classroom","anchor_id":"9eb6c798-19c0-49e0-ac92-4eaa824da045","hours":null,"phone":null,"email":null,"website":null,"description":null,"iconUrl":null,"correlation_id":null}},{"id":"4440f7df-4c1b-4959-9d8a-0e26d5c0a2ed","type":"Feature","feature_type":"occupant","geometry":null,"properties":{"name":{"ru":"Кабинет 117","en":"Classroom 117"},"shortName":{"ru":"117","en":"117"},"category":"classroom","anchor_id":"fbd81d52-2b47-467a-b4e7-66f34e281d3c","hours":null,"phone":null,"email":null,"website":null,"description":null,"iconUrl":null,"correlation_id":null}},{"id":"bfe56f26-87a3-48c6-8cf2-de0f5e25b880","type":"Feature","feature_type":"occupant","geometry":null,"properties":{"name":{"ru":"Кабинет 116","en":"Classroom 116"},"shortName":{"ru":"116","en":"116"},"category":"classroom","anchor_id":"9fc128c9-408e-46b2-aa70-227983b876cc","hours":null,"phone":null,"email":null,"website":null,"description":null,"iconUrl":null,"correlation_id":null}},{"id":"ba0d22e9-694e-44ee-81f2-ac3fd244febb","type":"Feature","feature_type":"occupant","geometry":null,"properties":{"name":{"ru":"Кабинет 115","en":"Classroom 115"},"shortName":{"ru":"115","en":"115"},"category":"classroom","anchor_id":"89f36a04-a20c-4072-b8e0-bc507168776e","hours":null,"phone":null,"email":null,"website":null,"description":null,"iconUrl":null,"correlation_id":null}},{"id":"373e107f-2bba-4f55-ae80-d0d656b33845","type":"Feature","feature_type":"occupant","geometry":null,"properties":{"name":{"ru":"Кабинет 114","en":"Classroom 114"},"shortName":{"ru":"114","en":"114"},"category":"classroom","anchor_id":"a3179e5f-5cb8-47e1-9ea1-2d49a26dcaa3","hours":null,"phone":null,"email":null,"website":null,"description":null,"iconUrl":null,"correlation_id":null}},{"id":"05503766-8f71-4be9-97bb-dc3d180b3e1f","type":"Feature","feature_type":"occupant","geometry":null,"properties":{"name":{"ru":"Кабинет 113","en":"Classroom 113"},"shortName":{"ru":"113","en":"113"},"category":"classroom","anchor_id":"bd702217-c272-4dbb-91b0-54e4b2c9aa47","hours":null,"phone":null,"email":null,"website":null,"description":null,"iconUrl":null,"correlation_id":null}},{"id":"f88a1085-38df-44d2-838f-2d43c47c2453","type":"Feature","feature_type":"occupant","geometry":null,"properties":{"name":{"ru":"Лабораторная 112","en":"Lab 112"},"shortName":{"ru":"112","en":"112"},"category":"laboratory","anchor_id":"0b5b3eaa-827b-432b-a9e2-008fe43c0f90","hours":null,"phone":null,"email":null,"website":null,"description":null,"iconUrl":null,"correlation_id":null}},{"id":"ef33ca9e-7592-4612-9cc0-a95313f89f29","type":"Feature","feature_type":"occupant","geometry":null,"properties":{"name":{"ru":"Лабораторная 111","en":"Lab 111"},"shortName":{"ru":"111","en":"111"},"category":"laboratory","anchor_id":"22d59808-6337-49ab-ae4a-9ec0b6768c5b","hours":null,"phone":null,"email":null,"website":null,"description":null,"iconUrl":null,"correlation_id":null}},{"id":"02088957-8e82-4d54-b29d-7b3af2abc541","type":"Feature","feature_type":"occupant","geometry":null,"properties":{"name":{"ru":"Кабинет 110","en":"Classroom 110"},"shortName":{"ru":"110","en":"110"},"category":"classroom","anchor_id":"30c8b54f-6600-4ee6-800c-e1eef9b7e3e0","hours":null,"phone":null,"email":null,"website":null,"description":null,"iconUrl":null,"correlation_id":null}},{"id":"bd787da1-47e3-4e95-bc3b-efd0c93002c1","type":"Feature","feature_type":"occupant","geometry":null,"properties":{"name":{"ru":"Кабинет 109","en":"Classroom 109"},"shortName":{"ru":"109","en":"109"},"category":"classroom","anchor_id":"4ed4d4eb-86e5-406f-9164-fdedc52d3722","hours":null,"phone":null,"email":null,"website":null,"description":null,"iconUrl":null,"correlation_id":null}},{"id":"b0b7885c-bd50-451e-bbdf-b48b348bc464","type":"Feature","feature_type":"occupant","geometry":null,"properties":{"name":{"ru":"Лабораторная 108","en":"Lab 108"},"shortName":{"ru":"108","en":"108"},"category":"laboratory","anchor_id":"9a7bee65-e53c-48c3-8c3e-985a9bc947f6","hours":null,"phone":null,"email":null,"website":null,"description":null,"iconUrl":null,"correlation_id":null}},{"id":"dc28d7b6-11a6-45f5-a141-7df112ee7be4","type":"Feature","feature_type":"occupant","geometry":null,"properties":{"name":{"ru":"Лабораторная 106","en":"Lab 106"},"shortName":{"ru":"106","en":"106"},"category":"laboratory","anchor_id":"b03018f3-d996-452b-bfb1-858e8101d134","hours":null,"phone":null,"email":null,"website":null,"description":null,"iconUrl":null,"correlation_id":null}},{"id":"0b17bd40-a1c5-4ee7-ad12-51609d5c9de9","type":"Feature","feature_type":"occupant","geometry":null,"properties":{"name":{"ru":"Кабинет 107","en":"Classroom 107"},"shortName":{"ru":"107","en":"107"},"category":"classroom","anchor_id":"eccea570-a720-43f3-8b10-88a712e965b4","hours":null,"phone":null,"email":null,"website":null,"description":null,"iconUrl":null,"correlation_id":null}},{"id":"c2189f0a-cc68-4341-ab33-4619d662bcca","type":"Feature","feature_type":"occupant","geometry":null,"properties":{"name":{"ru":"Кабинет 103а","en":"Classroom 103а"},"shortName":{"ru":"103а","en":"103а"},"category":"classroom","anchor_id":"89350260-2d72-41cc-92d4-e91a6f635dc4","hours":null,"phone":null,"email":null,"website":null,"description":null,"iconUrl":null,"correlation_id":null}},{"id":"4cf6d8c5-d2b0-45cc-96ed-0e09b6a1be0a","type":"Feature","feature_type":"occupant","geometry":null,"properties":{"name":{"ru":"Кабинет 104","en":"Classroom 104"},"shortName":{"ru":"104","en":"104"},"category":"classroom","anchor_id":"413e66c0-9c3f-43b7-a5e6-ac5de9bbb808","hours":null,"phone":null,"email":null,"website":null,"description":null,"iconUrl":null,"correlation_id":null}},{"id":"924ccc27-d36c-4a7c-a35d-349b731c09dc","type":"Feature","feature_type":"occupant","geometry":null,"properties":{"name":{"ru":"Лабораторная 103","en":"Lab 103"},"shortName":{"ru":"103","en":"103"},"category":"laboratory","anchor_id":"99e194ab-8254-45e6-907d-5a517495c7ee","hours":null,"phone":null,"email":null,"website":null,"description":null,"iconUrl":null,"correlation_id":null}},{"id":"40d60744-4b0b-41be-8ac3-31eec4a21445","type":"Feature","feature_type":"occupant","geometry":null,"properties":{"name":{"ru":"Туалет женский","en":"Restroom female"},"shortName":{"ru":"Туалет Ж.","en":"Restroom F."},"category":"restroom.female","anchor_id":"238a5889-2ba0-40cb-ae9d-1d3d272704f2","hours":null,"phone":null,"email":null,"website":null,"description":null,"iconUrl":null,"correlation_id":null}},{"id":"69ee5c58-7f60-48fe-949f-129c16df37df","type":"Feature","feature_type":"occupant","geometry":null,"properties":{"name":{"ru":"Кабинет 147","en":"Classroom 147"},"shortName":{"ru":"147","en":"147"},"category":"classroom","anchor_id":"39f3f80e-f3d5-4918-a286-ffeea79aca5f","hours":null,"phone":null,"email":null,"website":null,"description":null,"iconUrl":null,"correlation_id":null}},{"id":"9a8cac08-eea8-42a5-9d17-7f793cfe020d","type":"Feature","feature_type":"occupant","geometry":null,"properties":{"name":{"ru":"Кабинет 142","en":"Classroom 142"},"shortName":{"ru":"142","en":"142"},"category":"classroom","anchor_id":"43c5ae4b-90a1-45df-9e64-0a18f8416aeb","hours":null,"phone":null,"email":null,"website":null,"description":null,"iconUrl":null,"correlation_id":null}},{"id":"7d60ca40-562b-44d6-bbfe-129d433632ea","type":"Feature","feature_type":"occupant","geometry":null,"properties":{"name":{"ru":"Кабинет 143","en":"Classroom 143"},"shortName":{"ru":"143","en":"143"},"category":"classroom","anchor_id":"fca0546d-c0f3-4d73-a58d-9ae786da6195","hours":null,"phone":null,"email":null,"website":null,"description":null,"iconUrl":null,"correlation_id":null}},{"id":"a77cfc82-2f50-41bd-bdaa-1de779e3d936","type":"Feature","feature_type":"occupant","geometry":null,"properties":{"name":{"ru":"Кабинет 145","en":"Classroom 145"},"shortName":{"ru":"145","en":"145"},"category":"classroom","anchor_id":"0697b5fd-b14a-4b50-a6a0-450feafb1c41","hours":null,"phone":null,"email":null,"website":null,"description":null,"iconUrl":null,"correlation_id":null}},{"id":"58de53b2-0183-4e6f-9d33-0f8969447b61","type":"Feature","feature_type":"occupant","geometry":null,"properties":{"name":{"ru":"Кабинет 146","en":"Classroom 146"},"shortName":{"ru":"146","en":"146"},"category":"classroom","anchor_id":"b7cf52ab-a819-4a18-9b7c-93b0d49688d7","hours":null,"phone":null,"email":null,"website":null,"description":null,"iconUrl":null,"correlation_id":null}},{"id":"4342e7f4-92ba-42b7-ba14-e21c1e6f7108","type":"Feature","feature_type":"occupant","geometry":null,"properties":{"name":{"ru":"Кабинет 148","en":"Classroom 148"},"shortName":{"ru":"148","en":"148"},"category":"classroom","anchor_id":"1c5bce9e-241e-48c1-973e-1b0997ae5ccc","hours":null,"phone":null,"email":null,"website":null,"description":null,"iconUrl":null,"correlation_id":null}},{"id":"1afc7410-c4e3-4317-a941-8b02a69c0e94","type":"Feature","feature_type":"occupant","geometry":null,"properties":{"name":{"ru":"Лабораторная 161","en":"Lab 161"},"shortName":{"ru":"161","en":"161"},"category":"laboratory","anchor_id":"8dabc7a3-5a88-4d87-917d-997e5751d5eb","hours":null,"phone":null,"email":null,"website":null,"description":null,"iconUrl":null,"correlation_id":null}},{"id":"be559345-5de8-4881-8cb9-f9b8ae74cce5","type":"Feature","feature_type":"occupant","geometry":null,"properties":{"name":{"ru":"Лабораторная 163","en":"Lab 163"},"shortName":{"ru":"163","en":"163"},"category":"laboratory","anchor_id":"8672a90c-e3d1-4cb7-9f65-a7a06da7211c","hours":null,"phone":null,"email":null,"website":null,"description":null,"iconUrl":null,"correlation_id":null}},{"id":"e6432158-9a47-4423-b137-01321f3e91d1","type":"Feature","feature_type":"occupant","geometry":null,"properties":{"name":{"ru":"Кабинет 164","en":"Classroom 164"},"shortName":{"ru":"164","en":"164"},"category":"classroom","anchor_id":"3c9986c2-d762-49a5-8ead-c54506fbb884","hours":null,"phone":null,"email":null,"website":null,"description":null,"iconUrl":null,"correlation_id":null}},{"id":"6bd0c2c7-a3be-429f-9e78-8d6ab03ff283","type":"Feature","feature_type":"occupant","geometry":null,"properties":{"name":{"ru":"Кабинет 165","en":"Classroom 165"},"shortName":{"ru":"165","en":"165"},"category":"classroom","anchor_id":"0b601b13-0c8e-4f8c-b8b3-09ca3fd98966","hours":null,"phone":null,"email":null,"website":null,"description":null,"iconUrl":null,"correlation_id":null}},{"id":"80f8e331-54b4-4815-b9ee-6da5684ef25b","type":"Feature","feature_type":"occupant","geometry":null,"properties":{"name":{"ru":"Кабинет 166","en":"Classroom 166"},"shortName":{"ru":"166","en":"166"},"category":"classroom","anchor_id":"d4d92d2d-6754-4938-81a8-455ad3c50613","hours":null,"phone":null,"email":null,"website":null,"description":null,"iconUrl":null,"correlation_id":null}},{"id":"31386479-be2b-4e15-b823-7efbd09f8c6b","type":"Feature","feature_type":"occupant","geometry":null,"properties":{"name":{"ru":"Кабинет 167","en":"Classroom 167"},"shortName":{"ru":"167","en":"167"},"category":"classroom","anchor_id":"29bf2507-fc15-46ce-87d1-674c73bbd581","hours":null,"phone":null,"email":null,"website":null,"description":null,"iconUrl":null,"correlation_id":null}},{"id":"23f63c96-03c4-4d35-9792-9478f5964d3a","type":"Feature","feature_type":"occupant","geometry":null,"properties":{"name":{"ru":"Кабинет 8","en":"Classroom 8"},"shortName":{"ru":"8","en":"8"},"category":"classroom","anchor_id":"6f7f2b95-3ce2-4fd4-bc72-35cfebf996d2","hours":null,"phone":null,"email":null,"website":null,"description":null,"iconUrl":null,"correlation_id":null}},{"id":"3a506b80-e623-403e-b756-d55efed4491f","type":"Feature","feature_type":"occupant","geometry":null,"properties":{"name":{"ru":"Кабинет 9","en":"Classroom 9"},"shortName":{"ru":"9","en":"9"},"category":"classroom","anchor_id":"3872f081-5c56-4876-8861-802a05984377","hours":null,"phone":null,"email":null,"website":null,"description":null,"iconUrl":null,"correlation_id":null}},{"id":"bd06511e-8745-408f-b3c9-5d0ae5ea4ae1","type":"Feature","feature_type":"occupant","geometry":null,"properties":{"name":{"ru":"Кабинет 10","en":"Classroom 10"},"shortName":{"ru":"10","en":"10"},"category":"classroom","anchor_id":"12719d0b-b5b1-4679-b904-7858b0bd26c8","hours":null,"phone":null,"email":null,"website":null,"description":null,"iconUrl":null,"correlation_id":null}},{"id":"906e7e10-da2f-418c-9089-16d96a49726e","type":"Feature","feature_type":"occupant","geometry":null,"properties":{"name":{"ru":"Кабинет 17","en":"Classroom 17"},"shortName":{"ru":"17","en":"17"},"category":"classroom","anchor_id":"272160bc-7982-4adb-8da5-bd4aa091696b","hours":null,"phone":null,"email":null,"website":null,"description":null,"iconUrl":null,"correlation_id":null}},{"id":"bd08c6e8-9bec-43b8-8118-1bf3e598620e","type":"Feature","feature_type":"occupant","geometry":null,"properties":{"name":{"ru":"Кабинет 33-34-35","en":"Classroom 33-34-35"},"shortName":{"ru":"33-34-35","en":"33-34-35"},"category":"classroom","anchor_id":"22dfc883-3e80-4c9d-9a63-aa6d62ad7575","hours":null,"phone":null,"email":null,"website":null,"description":null,"iconUrl":null,"correlation_id":null}},{"id":"19b7fa9c-39e1-44a1-b637-b6a107a0635c","type":"Feature","feature_type":"occupant","geometry":null,"properties":{"name":{"ru":"Кабинет 32","en":"Classroom 32"},"shortName":{"ru":"32","en":"32"},"category":"classroom","anchor_id":"a2c9ba4b-ba67-4e41-b47e-09982e8a758c","hours":null,"phone":null,"email":null,"website":null,"description":null,"iconUrl":null,"correlation_id":null}},{"id":"e75ac467-7519-4502-bc60-464c7469e0b0","type":"Feature","feature_type":"occupant","geometry":null,"properties":{"name":{"ru":"Кабинет 31","en":"Classroom 31"},"shortName":{"ru":"31","en":"31"},"category":"classroom","anchor_id":"9f923ced-bb59-4512-a415-977cc5e536c5","hours":null,"phone":null,"email":null,"website":null,"description":null,"iconUrl":null,"correlation_id":null}},{"id":"511890e5-fae5-4bbe-96b0-2c7889781438","type":"Feature","feature_type":"occupant","geometry":null,"properties":{"name":{"ru":"Кабинет 30","en":"Classroom 30"},"shortName":{"ru":"30","en":"30"},"category":"classroom","anchor_id":"783813c0-7fd0-4188-9bab-0dc475b55127","hours":null,"phone":null,"email":null,"website":null,"description":null,"iconUrl":null,"correlation_id":null}},{"id":"5df92c33-7e32-4fec-a06d-1cc346ed80c3","type":"Feature","feature_type":"occupant","geometry":null,"properties":{"name":{"ru":"Кабинет 29","en":"Classroom 29"},"shortName":{"ru":"29","en":"29"},"category":"classroom","anchor_id":"33e84031-5b5a-4a5a-9000-1e5b735a0fe0","hours":null,"phone":null,"email":null,"website":null,"description":null,"iconUrl":null,"correlation_id":null}},{"id":"099e948b-e02e-439d-a025-68e97caf398d","type":"Feature","feature_type":"occupant","geometry":null,"properties":{"name":{"ru":"Кабинет 18","en":"Classroom 18"},"shortName":{"ru":"18","en":"18"},"category":"classroom","anchor_id":"35fb4917-5cc6-4cc4-ac6d-f537b695c21a","hours":null,"phone":null,"email":null,"website":null,"description":null,"iconUrl":null,"correlation_id":null}},{"id":"1d975f38-d5a3-4b42-99eb-6df956c41b9f","type":"Feature","feature_type":"occupant","geometry":null,"properties":{"name":{"ru":"Кабинет 19-20","en":"Classroom 19-20"},"shortName":{"ru":"19-20","en":"19-20"},"category":"classroom","anchor_id":"3375ca95-2a8d-40cd-88de-c449ad874691","hours":null,"phone":null,"email":null,"website":null,"description":null,"iconUrl":null,"correlation_id":null}},{"id":"9281dde9-4f4e-482d-93b2-120ed066b172","type":"Feature","feature_type":"occupant","geometry":null,"properties":{"name":{"ru":"Кабинет 24","en":"Classroom 24"},"shortName":{"ru":"24","en":"24"},"category":"classroom","anchor_id":"92c949e5-6301-4cf3-bd2f-a5e703b56b16","hours":null,"phone":null,"email":null,"website":null,"description":null,"iconUrl":null,"correlation_id":null}},{"id":"564ba033-dca1-4070-a2ef-c656f483d481","type":"Feature","feature_type":"occupant","geometry":null,"properties":{"name":{"ru":"130.Управление имущественного комплекса","en":"130.Management of the property complex"},"shortName":{"ru":"130","en":"130"},"category":"administration","anchor_id":"dc2a434d-7bbd-4be7-ae5b-acdf54c4ac45","hours":null,"phone":null,"email":null,"website":null,"description":null,"iconUrl":null,"correlation_id":null}},{"id":"4bed4e57-e157-4f39-b617-248264b35115","type":"Feature","feature_type":"occupant","geometry":null,"properties":{"name":{"ru":"Кабинет 130/1","en":"Office 130/1"},"shortName":{"ru":"130/1","en":"130/1"},"category":"administration","anchor_id":"e2dc07e4-449b-4fcf-b02a-93ed678c92b2","hours":null,"phone":null,"email":null,"website":null,"description":null,"iconUrl":null,"correlation_id":null}},{"id":"5b7298f4-6453-4b6b-a9bd-18642ecf97cc","type":"Feature","feature_type":"occupant","geometry":null,"properties":{"name":{"ru":"Кабинет 130/2","en":"Office 130/2"},"shortName":{"ru":"130/2","en":"130/2"},"category":"administration","anchor_id":"b6bee23c-3cab-44d0-9dff-c22102c9c812","hours":null,"phone":null,"email":null,"website":null,"description":null,"iconUrl":null,"correlation_id":null}},{"id":"56c1812f-9747-42f7-8026-1483527289fa","type":"Feature","feature_type":"occupant","geometry":null,"properties":{"name":{"ru":"Кабинет 130/3","en":"Office 130/3"},"shortName":{"ru":"130/3","en":"130/3"},"category":"administration","anchor_id":"d3e4b6fd-a7d9-4414-8af8-1157f19bdab2","hours":null,"phone":null,"email":null,"website":null,"description":null,"iconUrl":null,"correlation_id":null}},{"id":"d96b6c31-c0c5-4e7d-96f3-8f1550bdd2ba","type":"Feature","feature_type":"occupant","geometry":null,"properties":{"name":{"ru":"142, 143. Прием по воинскому учету и бронированию","en":"142, 143. Reception for military registration and booking"},"shortName":{"ru":"142, 143","en":"142, 143"},"category":"administration","anchor_id":"230bbc5e-e191-481b-bccf-ef33c2d3fe5c","hours":null,"phone":null,"email":null,"website":null,"description":null,"iconUrl":null,"correlation_id":null}},{"id":"cfbd2979-b9dd-43da-a419-9aa91492b0c6","type":"Feature","feature_type":"occupant","geometry":null,"properties":{"name":{"ru":"Кабинет 118"},"shortName":{"ru":"118","en":"118"},"category":"administration","anchor_id":"be72b161-7c47-4182-abb7-34dcb66c1dd7","hours":null,"phone":null,"email":null,"website":null,"description":null,"iconUrl":null,"correlation_id":null}},{"id":"1b9f1361-68aa-4074-b8de-f7411de1b6be","type":"Feature","feature_type":"occupant","geometry":null,"properties":{"name":{"ru":"Кабинет 138","en":"Office 138"},"shortName":{"ru":"138","en":"138"},"category":"administration","anchor_id":"03049f2a-68eb-40c4-bd70-cbabf82fc450","hours":null,"phone":null,"email":null,"website":null,"description":null,"iconUrl":null,"correlation_id":null}},{"id":"eaec83c2-7ede-4479-b795-34cc31a20e9b","type":"Feature","feature_type":"occupant","geometry":null,"properties":{"name":{"ru":"141. Главный специалист по мобилизационной подготовке Куликова Галина Александровна","en":"141. Chief specialist in mobilization training Kulikova Galina Alexandrovna"},"shortName":{"ru":"141","en":"141"},"category":"administration","anchor_id":"ff07adba-a45d-41d9-b650-5ec812e919a0","hours":null,"phone":null,"email":null,"website":null,"description":null,"iconUrl":null,"correlation_id":null}},{"id":"3717a5d1-ab79-401c-b979-dbea8bf3f30b","type":"Feature","feature_type":"occupant","geometry":null,"properties":{"name":{"ru":"140. Начальник отдела мобилизационной подготовки Щербаков Александр Валерьянович","en":"140. Head of the department of mobilization training Shcherbakov Alexander Valeryanovich"},"shortName":{"ru":"140","en":"140"},"category":"administration","anchor_id":"8e550ee4-dcc8-4387-a033-17889ff9ddc0","hours":null,"phone":null,"email":null,"website":null,"description":null,"iconUrl":null,"correlation_id":null}},{"id":"bcc124ea-072e-4e39-9e26-385863e4144e","type":"Feature","feature_type":"occupant","geometry":null,"properties":{"name":{"ru":"Туалет женский","en":"Restroom female"},"shortName":{"ru":"Туалет Ж.","en":"Restroom F."},"category":"restroom.female","anchor_id":"db5a8e40-d88f-4695-af9b-eacab71ec7d3","hours":null,"phone":null,"email":null,"website":null,"description":null,"iconUrl":null,"correlation_id":null}},{"id":"7fd06a31-378a-4786-be4b-70e03a363239","type":"Feature","feature_type":"occupant","geometry":null,"properties":{"name":{"ru":"Туалет мужской","en":"Restroom male"},"shortName":{"ru":"Туалет М.","en":"Restroom M."},"category":"restroom.male","anchor_id":"a6f7aa1d-c6cc-4e65-99d9-bc1e35253fdc","hours":null,"phone":null,"email":null,"website":null,"description":null,"iconUrl":null,"correlation_id":null}},{"id":"abafa4e3-8c64-47e4-8e4f-dd9366715e5a","type":"Feature","feature_type":"occupant","geometry":null,"properties":{"name":{"ru":"Кафедра физики прочности и пластичности материалов","en":"Department of Physics of Strength and Plasticity of Materials"},"shortName":{"ru":"Кафедра физики прочности и пластичности материалов","en":"Кафедра физики прочности и пластичности материалов"},"category":"classroom","anchor_id":"4a6b7686-b1db-4039-ad60-fabcd5ab6cd5","hours":null,"phone":null,"email":null,"website":null,"description":null,"iconUrl":null,"correlation_id":null}},{"id":"dbbe8976-cd05-499e-ac26-012f0887a63f","type":"Feature","feature_type":"occupant","geometry":null,"properties":{"name":{"ru":"Лабораторная 162","en":"Lab 162"},"shortName":{"ru":"162","en":"162"},"category":"laboratory","anchor_id":"2fcde36e-6537-48b1-b243-8a8554f1b4fe","hours":null,"phone":null,"email":null,"website":null,"description":null,"iconUrl":null,"correlation_id":null}},{"id":"8b799f6b-c45f-48c4-98f4-3293e3f83a03","type":"Feature","feature_type":"occupant","geometry":null,"properties":{"name":{"ru":"Кабинет 131","en":"Classroom 131"},"shortName":{"ru":"131","en":"131"},"category":"classroom","anchor_id":"7fb6b7a9-5e7c-4c1c-9e75-7767441980a4","hours":null,"phone":null,"email":null,"website":null,"description":null,"iconUrl":null,"correlation_id":null}},{"id":"95cb89f7-b44c-449a-996e-9965c6a50d9b","type":"Feature","feature_type":"occupant","geometry":null,"properties":{"name":{"ru":"Лабораторная 101","en":"Lab 101"},"shortName":{"ru":"101","en":"101"},"category":"laboratory","anchor_id":"7138d70e-5ca5-4032-928a-9ac544e27e8e","hours":null,"phone":null,"email":null,"website":null,"description":null,"iconUrl":null,"correlation_id":null}},{"id":"cc0f454b-61b5-494e-88e1-3bf774d62c9c","type":"Feature","feature_type":"occupant","geometry":null,"properties":{"name":{"ru":"Кабинет 102","en":"Classroom 102"},"shortName":{"ru":"102","en":"102"},"category":"classroom","anchor_id":"da323ea6-0ece-450a-b1b3-9bd288c61ed0","hours":null,"phone":null,"email":null,"website":null,"description":null,"iconUrl":null,"correlation_id":null}},{"id":"355402a8-29d4-4b9a-bb16-fe5461d96031","type":"Feature","feature_type":"occupant","geometry":null,"properties":{"name":{"ru":"Кабинет 104а","en":"Classroom 104а"},"shortName":{"ru":"104а","en":"104а"},"category":"classroom","anchor_id":"6c38cec1-328e-4b9e-9746-94ece8e6e531","hours":null,"phone":null,"email":null,"website":null,"description":null,"iconUrl":null,"correlation_id":null}},{"id":"8d9c2d0b-bc5c-447f-a2a8-b2fdf35c87eb","type":"Feature","feature_type":"occupant","geometry":null,"properties":{"name":{"ru":"Кабинет 121","en":"Classroom 121"},"shortName":{"ru":"121","en":"121"},"category":"classroom","anchor_id":"c9dde5a9-ce61-4db0-a664-8ddc675b3426","hours":null,"phone":null,"email":null,"website":null,"description":null,"iconUrl":null,"correlation_id":null}},{"id":"094ef567-2548-48c4-8f7d-5202608ca7eb","type":"Feature","feature_type":"occupant","geometry":null,"properties":{"name":{"ru":"Кабинет 224","en":"Classroom 224"},"shortName":{"ru":"224","en":"224"},"category":"administration","anchor_id":"b811de58-ddf0-4148-b7a3-c72cb31aced8","hours":null,"phone":null,"email":null,"website":null,"description":null,"iconUrl":null,"correlation_id":null}},{"id":"ef14c5bd-4c47-4935-89d9-ecd66faf4c74","type":"Feature","feature_type":"occupant","geometry":null,"properties":{"name":{"ru":"Туалет мужской","en":"Restroom male"},"shortName":{"ru":"Туалет М.","en":"Restroom M."},"category":"restroom.male","anchor_id":"584ce522-5924-45b8-ae6e-33db912f2edc","hours":null,"phone":null,"email":null,"website":null,"description":null,"iconUrl":null,"correlation_id":null}},{"id":"282869bb-124f-4893-82ad-b745bec26d61","type":"Feature","feature_type":"occupant","geometry":null,"properties":{"name":{"ru":"Туалет женский","en":"Restroom female"},"shortName":{"ru":"Туалет Ж.","en":"Restroom F."},"category":"restroom.female","anchor_id":"ef87c08d-6e31-465a-826a-d73a28beec13","hours":null,"phone":null,"email":null,"website":null,"description":null,"iconUrl":null,"correlation_id":null}},{"id":"24bea05a-4f3a-4d2f-96ef-9db2e39ce1d3","type":"Feature","feature_type":"occupant","geometry":null,"properties":{"name":{"ru":"Кабинет 217","en":"Classroom 217"},"shortName":{"ru":"217","en":"217"},"category":"administration","anchor_id":"2eeefc5f-0294-4d85-a29f-3a8e241e4089","hours":null,"phone":null,"email":null,"website":null,"description":null,"iconUrl":null,"correlation_id":null}},{"id":"8c9e9b2a-8d04-418c-9d84-0575aea2d6e5","type":"Feature","feature_type":"occupant","geometry":null,"properties":{"name":{"ru":"Лабораторная 227","en":"Lab 227"},"shortName":{"ru":"227","en":"227"},"category":"laboratory","anchor_id":"0abd4093-312a-46ff-842d-f9af0216d16b","hours":null,"phone":null,"email":null,"website":null,"description":null,"iconUrl":null,"correlation_id":null}},{"id":"5f4a52d7-15d4-4a83-98e5-cde2f9a2ea0c","type":"Feature","feature_type":"occupant","geometry":null,"properties":{"name":{"ru":"Кабинет 222","en":"Classroom 222"},"shortName":{"ru":"222","en":"222"},"category":"classroom","anchor_id":"b94949e4-297a-4e70-a88a-af3a0345d64f","hours":null,"phone":null,"email":null,"website":null,"description":null,"iconUrl":null,"correlation_id":null}},{"id":"0f6ccaff-bfe3-4dbe-8bd1-9b9cb3b81dc6","type":"Feature","feature_type":"occupant","geometry":null,"properties":{"name":{"ru":"Кабинет 221","en":"Classroom 221"},"shortName":{"ru":"221","en":"221"},"category":"classroom","anchor_id":"621c0d7a-8bf3-403c-8adb-313e22441eb9","hours":null,"phone":null,"email":null,"website":null,"description":null,"iconUrl":null,"correlation_id":null}},{"id":"d5126150-d44d-45ce-86f5-100758c62a77","type":"Feature","feature_type":"occupant","geometry":null,"properties":{"name":{"ru":"Кабинет 220","en":"Classroom 220"},"shortName":{"ru":"220","en":"220"},"category":"classroom","anchor_id":"b7112dbc-fd12-4945-9145-ccafceb52800","hours":null,"phone":null,"email":null,"website":null,"description":null,"iconUrl":null,"correlation_id":null}},{"id":"dc0247e2-09eb-45fb-8234-890a454c1fa7","type":"Feature","feature_type":"occupant","geometry":null,"properties":{"name":{"ru":"Кабинет 218а","en":"Classroom 218а"},"shortName":{"ru":"218а","en":"218а"},"category":"classroom","anchor_id":"15ee9fd4-13b9-4234-a048-acc0062eeccc","hours":null,"phone":null,"email":null,"website":null,"description":null,"iconUrl":null,"correlation_id":null}},{"id":"4b5ddf20-adbb-41b0-9125-c50dc06d23d7","type":"Feature","feature_type":"occupant","geometry":null,"properties":{"name":{"ru":"Кабинет 218","en":"Classroom 218"},"shortName":{"ru":"218","en":"218"},"category":"classroom","anchor_id":"7cd09a22-9483-48d6-8de3-e90bc7b04fe4","hours":null,"phone":null,"email":null,"website":null,"description":null,"iconUrl":null,"correlation_id":null}},{"id":"489a850f-ba09-4263-8682-13879bf58e54","type":"Feature","feature_type":"occupant","geometry":null,"properties":{"name":{"ru":"Кабинет 215","en":"Classroom 215"},"shortName":{"ru":"215","en":"215"},"category":"classroom","anchor_id":"606b3abf-a670-489c-a95d-d12eba8d9785","hours":null,"phone":null,"email":null,"website":null,"description":null,"iconUrl":null,"correlation_id":null}},{"id":"39bf55c1-fecc-4e65-a171-32887172230b","type":"Feature","feature_type":"occupant","geometry":null,"properties":{"name":{"ru":"Кабинет 214","en":"Classroom 214"},"shortName":{"ru":"214","en":"214"},"category":"classroom","anchor_id":"e5774f88-3ed3-4f18-aeb5-46a31b4e80d2","hours":null,"phone":null,"email":null,"website":null,"description":null,"iconUrl":null,"correlation_id":null}},{"id":"de5cac7f-2ae1-4002-95b8-f4d1b3533af2","type":"Feature","feature_type":"occupant","geometry":null,"properties":{"name":{"ru":"Кабинет 213","en":"Classroom 213"},"shortName":{"ru":"213","en":"213"},"category":"classroom","anchor_id":"8f188663-a11b-4216-b438-9bccbed98296","hours":null,"phone":null,"email":null,"website":null,"description":null,"iconUrl":null,"correlation_id":null}},{"id":"d6b0fe86-0fe9-4f58-8874-67d71a9a5258","type":"Feature","feature_type":"occupant","geometry":null,"properties":{"name":{"ru":"Кабинет 212","en":"Classroom 212"},"shortName":{"ru":"212","en":"212"},"category":"classroom","anchor_id":"ed583fad-d9b6-4edb-be60-ec463982e8be","hours":null,"phone":null,"email":null,"website":null,"description":null,"iconUrl":null,"correlation_id":null}},{"id":"aa58fb1a-169a-4c48-9528-bb7bc4c3d038","type":"Feature","feature_type":"occupant","geometry":null,"properties":{"name":{"ru":"Кабинет 211","en":"Classroom 211"},"shortName":{"ru":"211","en":"211"},"category":"classroom","anchor_id":"e1f0e111-6755-41b6-a046-d9eca9a341a6","hours":null,"phone":null,"email":null,"website":null,"description":null,"iconUrl":null,"correlation_id":null}},{"id":"d7a748f3-9100-43d3-9c04-b19a36d9bc9d","type":"Feature","feature_type":"occupant","geometry":null,"properties":{"name":{"ru":"Кабинет 210","en":"Classroom 210"},"shortName":{"ru":"210","en":"210"},"category":"classroom","anchor_id":"0ba07128-504c-4f97-9953-41ef49ce6da6","hours":null,"phone":null,"email":null,"website":null,"description":null,"iconUrl":null,"correlation_id":null}},{"id":"5b84a8e7-ac42-430b-8180-756718c92428","type":"Feature","feature_type":"occupant","geometry":null,"properties":{"name":{"ru":"Лабораторная 209","en":"Lab 209"},"shortName":{"ru":"209","en":"209"},"category":"laboratory","anchor_id":"3c9ced00-56aa-43fb-8f01-6ec519655152","hours":null,"phone":null,"email":null,"website":null,"description":null,"iconUrl":null,"correlation_id":null}},{"id":"1a97fd52-9e54-46b8-8ddd-8ba6a3a7eba6","type":"Feature","feature_type":"occupant","geometry":null,"properties":{"name":{"ru":"Кабинет 208","en":"Classroom 208"},"shortName":{"ru":"208","en":"208"},"category":"classroom","anchor_id":"adcedb7f-45cd-4e33-ab53-194c557afdc8","hours":null,"phone":null,"email":null,"website":null,"description":null,"iconUrl":null,"correlation_id":null}},{"id":"11ddfa86-1c57-464d-bd29-90a0d2632c16","type":"Feature","feature_type":"occupant","geometry":null,"properties":{"name":{"ru":"Кабинет 206","en":"Classroom 206"},"shortName":{"ru":"206","en":"206"},"category":"classroom","anchor_id":"cf0ef8cc-f9a0-4b91-ba3c-781d78662828","hours":null,"phone":null,"email":null,"website":null,"description":null,"iconUrl":null,"correlation_id":null}},{"id":"6ef7c485-be76-4b1b-9ed1-ef18bd473438","type":"Feature","feature_type":"occupant","geometry":null,"properties":{"name":{"ru":"Лабораторная 234","en":"Lab 234"},"shortName":{"ru":"234","en":"234"},"category":"laboratory","anchor_id":"8a3f3d85-0930-4c80-9c7b-283522a87e9e","hours":null,"phone":null,"email":null,"website":null,"description":null,"iconUrl":null,"correlation_id":null}},{"id":"b1374bd9-cc89-4126-a965-8ac67f32e65b","type":"Feature","feature_type":"occupant","geometry":null,"properties":{"name":{"ru":"Лабораторная 240","en":"Lab 240"},"shortName":{"ru":"240","en":"240"},"category":"laboratory","anchor_id":"bda3d064-a69a-4fc0-b345-43b0f6953c21","hours":null,"phone":null,"email":null,"website":null,"description":null,"iconUrl":null,"correlation_id":null}},{"id":"5c8163a3-d2be-46c9-bc7b-10c87383cf7c","type":"Feature","feature_type":"occupant","geometry":null,"properties":{"name":{"ru":"Кабинет 242","en":"Classroom 242"},"shortName":{"ru":"242","en":"242"},"category":"classroom","anchor_id":"65d1748e-051e-40e7-9656-9375d4003d92","hours":null,"phone":null,"email":null,"website":null,"description":null,"iconUrl":null,"correlation_id":null}},{"id":"d6130f0d-958d-4b6f-89d1-d3ee1b1b7a31","type":"Feature","feature_type":"occupant","geometry":null,"properties":{"name":{"ru":"Кабинет 245","en":"Classroom 245"},"shortName":{"ru":"245","en":"245"},"category":"classroom","anchor_id":"60fd62f0-e421-43ce-9f63-d2cefc6418a4","hours":null,"phone":null,"email":null,"website":null,"description":null,"iconUrl":null,"correlation_id":null}},{"id":"ad590754-0a70-4414-ae36-2c7a128f9678","type":"Feature","feature_type":"occupant","geometry":null,"properties":{"name":{"ru":"Кабинет 264","en":"Classroom 264"},"shortName":{"ru":"264","en":"264"},"category":"classroom","anchor_id":"7ecd61a1-460a-47b9-8dca-4b78dfba40a1","hours":null,"phone":null,"email":null,"website":null,"description":null,"iconUrl":null,"correlation_id":null}},{"id":"0ff8c40b-ad21-44a2-a33b-fc5eb7227ec4","type":"Feature","feature_type":"occupant","geometry":null,"properties":{"name":{"ru":"Лабораторная 263","en":"Lab 263"},"shortName":{"ru":"263","en":"263"},"category":"laboratory","anchor_id":"227611cf-7ed3-44d3-8949-576eed3a5535","hours":null,"phone":null,"email":null,"website":null,"description":null,"iconUrl":null,"correlation_id":null}},{"id":"a34df1d2-5c4a-40ae-9913-ca3cf6c5004d","type":"Feature","feature_type":"occupant","geometry":null,"properties":{"name":{"ru":"Лабораторная 262","en":"Lab 262"},"shortName":{"ru":"262","en":"262"},"category":"laboratory","anchor_id":"9ac2224e-0b21-4bf1-a32c-77a1b40657d7","hours":null,"phone":null,"email":null,"website":null,"description":null,"iconUrl":null,"correlation_id":null}},{"id":"be4953d5-062a-4e4f-b785-3e2366ad03aa","type":"Feature","feature_type":"occupant","geometry":null,"properties":{"name":{"ru":"Лабораторная 260","en":"Lab 260"},"shortName":{"ru":"260","en":"260"},"category":"laboratory","anchor_id":"982266e1-3132-41cf-a428-fe13489259a9","hours":null,"phone":null,"email":null,"website":null,"description":null,"iconUrl":null,"correlation_id":null}},{"id":"eb745e37-2b8c-48aa-a11b-6c30a28e3f29","type":"Feature","feature_type":"occupant","geometry":null,"properties":{"name":{"ru":"Кабинет 249","en":"Classroom 249"},"shortName":{"ru":"249","en":"249"},"category":"classroom","anchor_id":"f390054d-94e8-4de1-91a5-15d60de70190","hours":null,"phone":null,"email":null,"website":null,"description":null,"iconUrl":null,"correlation_id":null}},{"id":"36b5f043-b155-410b-8671-cebd95d94bbf","type":"Feature","feature_type":"occupant","geometry":null,"properties":{"name":{"ru":"Кабинет 250","en":"Classroom 250"},"shortName":{"ru":"250","en":"250"},"category":"classroom","anchor_id":"a5ae12aa-d2ad-4ed9-927d-07dafc160edf","hours":null,"phone":null,"email":null,"website":null,"description":null,"iconUrl":null,"correlation_id":null}},{"id":"2c8d1ca9-a738-4217-b6ef-822bd5600c91","type":"Feature","feature_type":"occupant","geometry":null,"properties":{"name":{"ru":"Лабораторная 252","en":"Lab 252"},"shortName":{"ru":"252","en":"252"},"category":"laboratory","anchor_id":"c874160f-44f8-40b9-9d65-17893a43d1ac","hours":null,"phone":null,"email":null,"website":null,"description":null,"iconUrl":null,"correlation_id":null}},{"id":"e9b547c5-1642-4281-99fe-0ee4fd4c25d4","type":"Feature","feature_type":"occupant","geometry":null,"properties":{"name":{"ru":"Кабинет 253","en":"Classroom 253"},"shortName":{"ru":"253","en":"253"},"category":"classroom","anchor_id":"39f0f7c0-2e53-481f-a181-96519cb54497","hours":null,"phone":null,"email":null,"website":null,"description":null,"iconUrl":null,"correlation_id":null}},{"id":"b1d53fa2-e4df-42b7-8a71-4e341490da4d","type":"Feature","feature_type":"occupant","geometry":null,"properties":{"name":{"ru":"Кабинет 254","en":"Classroom 254"},"shortName":{"ru":"254","en":"254"},"category":"classroom","anchor_id":"14e0c171-1233-4705-95df-d04db20d9ec3","hours":null,"phone":null,"email":null,"website":null,"description":null,"iconUrl":null,"correlation_id":null}},{"id":"0674f049-3000-4fbc-a0d6-bd5eb0807ea6","type":"Feature","feature_type":"occupant","geometry":null,"properties":{"name":{"ru":"Лабораторная 256","en":"Lab 256"},"shortName":{"ru":"256","en":"256"},"category":"laboratory","anchor_id":"cc50b944-8463-4c8e-b62d-720981a538c7","hours":null,"phone":null,"email":null,"website":null,"description":null,"iconUrl":null,"correlation_id":null}},{"id":"22750d52-ca47-442b-9763-fac2ae0ea6d6","type":"Feature","feature_type":"occupant","geometry":null,"properties":{"name":{"ru":"Кабинет 257","en":"Classroom 257"},"shortName":{"ru":"257","en":"257"},"category":"classroom","anchor_id":"c69c1690-fe3e-4693-8fc0-988c660e9403","hours":null,"phone":null,"email":null,"website":null,"description":null,"iconUrl":null,"correlation_id":null}},{"id":"2cbe6b9f-429b-4d79-8b2e-0878de45fd02","type":"Feature","feature_type":"occupant","geometry":null,"properties":{"name":{"ru":"Кабинет 258","en":"Classroom 258"},"shortName":{"ru":"258","en":"258"},"category":"classroom","anchor_id":"bfb8bd05-1cb6-4b8a-a8a9-937420961275","hours":null,"phone":null,"email":null,"website":null,"description":null,"iconUrl":null,"correlation_id":null}},{"id":"6ed836d6-4a34-4246-9391-dcef3f4a1a7d","type":"Feature","feature_type":"occupant","geometry":null,"properties":{"name":{"ru":"Кабинет 259","en":"Classroom 259"},"shortName":{"ru":"259","en":"259"},"category":"classroom","anchor_id":"9ccc5b53-97cb-42fa-b5dd-f0c661332919","hours":null,"phone":null,"email":null,"website":null,"description":null,"iconUrl":null,"correlation_id":null}},{"id":"99a4e874-6778-45f4-8498-c044ad7ccf0f","type":"Feature","feature_type":"occupant","geometry":null,"properties":{"name":{"ru":"Кабинет 257","en":"Classroom 257"},"shortName":{"ru":"257","en":"257"},"category":"administration","anchor_id":"b302014d-e680-4983-bb74-98d4a040fdad","hours":null,"phone":null,"email":null,"website":null,"description":null,"iconUrl":null,"correlation_id":null}},{"id":"cdce73cd-4483-4f27-bda9-b420d46d6373","type":"Feature","feature_type":"occupant","geometry":null,"properties":{"name":{"ru":"Кабинет 259","en":"Classroom 259"},"shortName":{"ru":"259","en":"259"},"category":"administration","anchor_id":"ef2dc4c5-775b-430e-a046-ad1b3d11355b","hours":null,"phone":null,"email":null,"website":null,"description":null,"iconUrl":null,"correlation_id":null}},{"id":"a6704068-9356-4247-b18a-5660b613b0de","type":"Feature","feature_type":"occupant","geometry":null,"properties":{"name":{"ru":"Кабинет 253","en":"Classroom 253"},"shortName":{"ru":"253","en":"253"},"category":"administration","anchor_id":"4d3661ed-b609-469d-8c06-a056e4bd62c7","hours":null,"phone":null,"email":null,"website":null,"description":null,"iconUrl":null,"correlation_id":null}},{"id":"baaf6582-8c67-431f-aa94-1862a11a3cd5","type":"Feature","feature_type":"occupant","geometry":null,"properties":{"name":{"ru":"251 Стипендиальный отдел ","en":"251"},"shortName":{"ru":"251","en":"251"},"category":"administration","anchor_id":"c512f51c-be74-4915-ba67-ab7ba0b9d05a","hours":null,"phone":null,"email":null,"website":null,"description":null,"iconUrl":null,"correlation_id":null}},{"id":"44ae534c-b2b6-4de9-bbce-bdf78f61868d","type":"Feature","feature_type":"occupant","geometry":null,"properties":{"name":{"ru":"Кабинет 250","en":"Classroom 250"},"shortName":{"ru":"250","en":"250"},"category":"administration","anchor_id":"6d873f5c-43a7-4de8-8210-9ef9a7e24212","hours":null,"phone":null,"email":null,"website":null,"description":null,"iconUrl":null,"correlation_id":null}},{"id":"d96a5cfd-13af-45b7-92a2-0e8867ceb638","type":"Feature","feature_type":"occupant","geometry":null,"properties":{"name":{"ru":"Кабинет 247","en":"Classroom 247"},"shortName":{"ru":"247","en":"247"},"category":"administration","anchor_id":"deb4fc19-bf99-4033-9a92-5564c1925896","hours":null,"phone":null,"email":null,"website":null,"description":null,"iconUrl":null,"correlation_id":null}},{"id":"82e8cb0f-df41-4aec-a402-2209afba4e89","type":"Feature","feature_type":"occupant","geometry":null,"properties":{"name":{"ru":"Кабинет 244","en":"Classroom 244"},"shortName":{"ru":"244","en":"244"},"category":"administration","anchor_id":"da76def8-70d4-4493-9589-d4987f7b8fd2","hours":null,"phone":null,"email":null,"website":null,"description":null,"iconUrl":null,"correlation_id":null}},{"id":"09c09ee7-8f29-4039-9767-4525c708aace","type":"Feature","feature_type":"occupant","geometry":null,"properties":{"name":{"ru":"Туалет мужской","en":"Restroom male"},"shortName":{"ru":"Туалет М.","en":"Restroom M."},"category":"restroom.male","anchor_id":"de9b01cd-18da-4ebe-991f-cb50ac14015a","hours":null,"phone":null,"email":null,"website":null,"description":null,"iconUrl":null,"correlation_id":null}},{"id":"5bbbe335-3f6f-42cf-864f-cc99d3d15ad6","type":"Feature","feature_type":"occupant","geometry":null,"properties":{"name":{"ru":"Кабинет 218","en":"Classroom 218"},"shortName":{"ru":"218","en":"218"},"category":"administration","anchor_id":"3aa18e30-06d4-4562-a6be-3fca301e041c","hours":null,"phone":null,"email":null,"website":null,"description":null,"iconUrl":null,"correlation_id":null}},{"id":"33570275-9ff1-445f-8032-22146273e096","type":"Feature","feature_type":"occupant","geometry":null,"properties":{"name":{"ru":"Кабинет 221","en":"Classroom 221"},"shortName":{"ru":"221","en":"221"},"category":"administration","anchor_id":"d3a26582-44d4-41ba-93df-1d20d6e8c0b1","hours":null,"phone":null,"email":null,"website":null,"description":null,"iconUrl":null,"correlation_id":null}},{"id":"6dfb635c-4ca9-4ba4-aae7-1671ea949d87","type":"Feature","feature_type":"occupant","geometry":null,"properties":{"name":{"ru":"Кабинет 222","en":"Classroom 222"},"shortName":{"ru":"222","en":"222"},"category":"administration","anchor_id":"cf26f8ac-ccf7-479c-871c-1bf6c4ce5062","hours":null,"phone":null,"email":null,"website":null,"description":null,"iconUrl":null,"correlation_id":null}},{"id":"7b1e0cac-24c7-42ae-921d-f03b6ab77513","type":"Feature","feature_type":"occupant","geometry":null,"properties":{"name":{"ru":"Кабинет 223","en":"Classroom 223"},"shortName":{"ru":"223","en":"223"},"category":"administration","anchor_id":"06d0c491-859f-426a-86fc-248fe4b845ba","hours":null,"phone":null,"email":null,"website":null,"description":null,"iconUrl":null,"correlation_id":null}},{"id":"a9e9be4a-e013-460e-b59f-a5141a9776bc","type":"Feature","feature_type":"occupant","geometry":null,"properties":{"name":{"ru":"Кабинет 225","en":"Classroom 225"},"shortName":{"ru":"225","en":"225"},"category":"administration","anchor_id":"444001e7-0780-4e1d-b26e-6bfaf2b2cf13","hours":null,"phone":null,"email":null,"website":null,"description":null,"iconUrl":null,"correlation_id":null}},{"id":"40a0be76-97a0-468a-b06d-e556b73b4bf9","type":"Feature","feature_type":"occupant","geometry":null,"properties":{"name":{"ru":"Кабинет 226","en":"Classroom 226"},"shortName":{"ru":"226","en":"226"},"category":"administration","anchor_id":"fd0e8591-5304-49d6-baac-3293098e85ac","hours":null,"phone":null,"email":null,"website":null,"description":null,"iconUrl":null,"correlation_id":null}},{"id":"eb9bf9ca-764d-4795-8327-226f9fdf2819","type":"Feature","feature_type":"occupant","geometry":null,"properties":{"name":{"ru":"Кабинет 228","en":"Classroom 228"},"shortName":{"ru":"228","en":"228"},"category":"administration","anchor_id":"b9b22e26-d7a7-40e0-8105-a42e01f78304","hours":null,"phone":null,"email":null,"website":null,"description":null,"iconUrl":null,"correlation_id":null}},{"id":"45f26e40-084b-4d03-9578-93273e7fde42","type":"Feature","feature_type":"occupant","geometry":null,"properties":{"name":{"ru":"Кабинет 231","en":"Classroom 231"},"shortName":{"ru":"231","en":"231"},"category":"administration","anchor_id":"a8c04fd8-d577-42f3-91d1-42ddc2f38eac","hours":null,"phone":null,"email":null,"website":null,"description":null,"iconUrl":null,"correlation_id":null}},{"id":"92582d9a-2708-4a6d-ba7b-3ec50f3a0317","type":"Feature","feature_type":"occupant","geometry":null,"properties":{"name":{"ru":"Кабинет 256","en":"Classroom 256"},"shortName":{"ru":"256","en":"256"},"category":"administration","anchor_id":"6bd51f6f-7d1b-419f-8e32-99baefc1bd21","hours":null,"phone":null,"email":null,"website":null,"description":null,"iconUrl":null,"correlation_id":null}},{"id":"168895ff-be63-4bc8-af1d-22dd77622460","type":"Feature","feature_type":"occupant","geometry":null,"properties":{"name":{"ru":"Кабинет 254","en":"Classroom 254"},"shortName":{"ru":"254","en":"254"},"category":"administration","anchor_id":"9320bdda-fd1e-47fd-840e-f05ca50befeb","hours":null,"phone":null,"email":null,"website":null,"description":null,"iconUrl":null,"correlation_id":null}},{"id":"1d9abecc-14d3-4964-83cb-aa9410657301","type":"Feature","feature_type":"occupant","geometry":null,"properties":{"name":{"ru":"Кабинет 252","en":"Classroom 252"},"shortName":{"ru":"252","en":"252"},"category":"administration","anchor_id":"2fec26a4-66b9-4224-b873-98a48cf890d2","hours":null,"phone":null,"email":null,"website":null,"description":null,"iconUrl":null,"correlation_id":null}},{"id":"21e58fd3-2c8c-4743-9149-64f4d9ca04d4","type":"Feature","feature_type":"occupant","geometry":null,"properties":{"name":{"ru":"Туалет женский","en":"Restroom female"},"shortName":{"ru":"Туалет Ж.","en":"Restroom F."},"category":"restroom.female","anchor_id":"8eeace1e-d971-423b-83c5-6854b041ff22","hours":null,"phone":null,"email":null,"website":null,"description":null,"iconUrl":null,"correlation_id":null}},{"id":"272f244b-4586-4fe7-9c37-3e32fe31e086","type":"Feature","feature_type":"occupant","geometry":null,"properties":{"name":{"ru":"Кабинет 237","en":"Classroom 237"},"shortName":{"ru":"237","en":"237"},"category":"administration","anchor_id":"291a4d9a-02d6-4ee1-abea-becf5841cb10","hours":null,"phone":null,"email":null,"website":null,"description":null,"iconUrl":null,"correlation_id":null}},{"id":"9f8ebb9e-8ae9-4b95-8e89-38a5d0c837cf","type":"Feature","feature_type":"occupant","geometry":null,"properties":{"name":{"ru":"Туалет мужской","en":"Restroom male"},"shortName":{"ru":"Туалет М.","en":"Restroom M."},"category":"restroom.male","anchor_id":"c4c2817f-30cd-4533-a293-8870c156068d","hours":null,"phone":null,"email":null,"website":null,"description":null,"iconUrl":null,"correlation_id":null}},{"id":"e6bad132-cf5b-4178-ade4-86e54ad48265","type":"Feature","feature_type":"occupant","geometry":null,"properties":{"name":{"ru":"Кабинет 214","en":"Classroom 214"},"shortName":{"ru":"214","en":"214"},"category":"administration","anchor_id":"ddf0eafd-9a94-40db-afe3-a6769456061e","hours":null,"phone":null,"email":null,"website":null,"description":null,"iconUrl":null,"correlation_id":null}},{"id":"8691d95b-5110-4b3b-9822-9fdd184789d9","type":"Feature","feature_type":"occupant","geometry":null,"properties":{"name":{"ru":"Кабинет 213","en":"Classroom 213"},"shortName":{"ru":"213","en":"213"},"category":"administration","anchor_id":"bd99fd39-a8a3-4676-8dae-12dd5f9ae264","hours":null,"phone":null,"email":null,"website":null,"description":null,"iconUrl":null,"correlation_id":null}},{"id":"0fbee1ac-3212-45b8-89dd-f87fa9e74697","type":"Feature","feature_type":"occupant","geometry":null,"properties":{"name":{"ru":"Кабинет 212","en":"Classroom 212"},"shortName":{"ru":"212","en":"212"},"category":"administration","anchor_id":"c68b14b4-766f-4044-9842-3c541ac544a7","hours":null,"phone":null,"email":null,"website":null,"description":null,"iconUrl":null,"correlation_id":null}},{"id":"70b8ed72-311c-4baa-833c-9d6d69e052d3","type":"Feature","feature_type":"occupant","geometry":null,"properties":{"name":{"ru":"Кабинет 209","en":"Classroom 209"},"shortName":{"ru":"209","en":"209"},"category":"administration","anchor_id":"f54e95ac-3865-47d8-8852-466ddedefba7","hours":null,"phone":null,"email":null,"website":null,"description":null,"iconUrl":null,"correlation_id":null}},{"id":"4eefbb41-4917-4b66-b368-74277d101526","type":"Feature","feature_type":"occupant","geometry":null,"properties":{"name":{"ru":"Кабинет 208","en":"Classroom 208"},"shortName":{"ru":"208","en":"208"},"category":"administration","anchor_id":"354d8ad3-4f24-455d-99b9-fe9c8f686dbc","hours":null,"phone":null,"email":null,"website":null,"description":null,"iconUrl":null,"correlation_id":null}},{"id":"27f5df34-a6df-464e-af5c-61cf65a8d896","type":"Feature","feature_type":"occupant","geometry":null,"properties":{"name":{"ru":"Кабинет 207","en":"Classroom 207"},"shortName":{"ru":"207","en":"207"},"category":"administration","anchor_id":"824e0995-e6dc-4d01-a24f-b53cae5ef846","hours":null,"phone":null,"email":null,"website":null,"description":null,"iconUrl":null,"correlation_id":null}},{"id":"a691122f-2117-4f73-b7ff-be7a210cee95","type":"Feature","feature_type":"occupant","geometry":null,"properties":{"name":{"ru":"Кабинет 206","en":"Classroom 206"},"shortName":{"ru":"206","en":"206"},"category":"administration","anchor_id":"49d8a23d-7be8-405b-b904-8786eac6840b","hours":null,"phone":null,"email":null,"website":null,"description":null,"iconUrl":null,"correlation_id":null}},{"id":"ec4a9ae2-45f0-4905-a0b9-f15396df0803","type":"Feature","feature_type":"occupant","geometry":null,"properties":{"name":{"ru":"Кабинет 205","en":"Classroom 205"},"shortName":{"ru":"205","en":"205"},"category":"administration","anchor_id":"34d99321-fa27-4599-8fa3-3f9be15c06ef","hours":null,"phone":null,"email":null,"website":null,"description":null,"iconUrl":null,"correlation_id":null}},{"id":"e584787e-e9d2-4dda-b1f6-c194268b43f0","type":"Feature","feature_type":"occupant","geometry":null,"properties":{"name":{"ru":"Кабинет 204","en":"Classroom 204"},"shortName":{"ru":"204","en":"204"},"category":"administration","anchor_id":"3154775a-0a2b-4998-b91a-3dd23d1a3356","hours":null,"phone":null,"email":null,"website":null,"description":null,"iconUrl":null,"correlation_id":null}},{"id":"2c3c53da-215b-484f-8893-5e301510d3ee","type":"Feature","feature_type":"occupant","geometry":null,"properties":{"name":{"ru":"Кабинет 203","en":"Classroom 203"},"shortName":{"ru":"203","en":"203"},"category":"administration","anchor_id":"d4846a60-d269-44d7-bf22-c770c8c6672b","hours":null,"phone":null,"email":null,"website":null,"description":null,"iconUrl":null,"correlation_id":null}},{"id":"5d955c93-c0c3-43f2-a006-89f7e60b288a","type":"Feature","feature_type":"occupant","geometry":null,"properties":{"name":{"ru":"Кабинет 202","en":"Classroom 202"},"shortName":{"ru":"202","en":"202"},"category":"administration","anchor_id":"8c8a6464-eac4-428c-b159-2b56312fff63","hours":null,"phone":null,"email":null,"website":null,"description":null,"iconUrl":null,"correlation_id":null}},{"id":"fbc8dd4f-3069-4f66-9fc0-cd712b7cf19b","type":"Feature","feature_type":"occupant","geometry":null,"properties":{"name":{"ru":"Кабинет 201","en":"Classroom 201"},"shortName":{"ru":"201","en":"201"},"category":"administration","anchor_id":"ff1ce127-a184-4197-b38d-068cca64469e","hours":null,"phone":null,"email":null,"website":null,"description":null,"iconUrl":null,"correlation_id":null}},{"id":"ad90dcac-bb8d-4ef3-81fd-76197b41e1b7","type":"Feature","feature_type":"occupant","geometry":null,"properties":{"name":{"ru":"Кабинет 2","en":"Classroom 2"},"shortName":{"ru":"2","en":"2"},"category":"classroom","anchor_id":"6539843a-102a-4a37-b2cc-8dd00a5bd44f","hours":null,"phone":null,"email":null,"website":null,"description":null,"iconUrl":null,"correlation_id":null}},{"id":"045ae6f8-977d-42a9-8f78-eaea96f90de5","type":"Feature","feature_type":"occupant","geometry":null,"properties":{"name":{"ru":"Кабинет 1","en":"Classroom 1"},"shortName":{"ru":"1","en":"1"},"category":"classroom","anchor_id":"6f00ed49-7463-451c-b260-f7f9ac107d2b","hours":null,"phone":null,"email":null,"website":null,"description":null,"iconUrl":null,"correlation_id":null}},{"id":"18a9f646-338a-40e8-96ee-cf478abdc6a2","type":"Feature","feature_type":"occupant","geometry":null,"properties":{"name":{"ru":"Кабинет 3","en":"Classroom 3"},"shortName":{"ru":"3","en":"3"},"category":"classroom","anchor_id":"da85291d-4f02-49e4-9f32-cc0364c8fba9","hours":null,"phone":null,"email":null,"website":null,"description":null,"iconUrl":null,"correlation_id":null}},{"id":"6c12f343-3469-4dce-8da3-ed17a964193d","type":"Feature","feature_type":"occupant","geometry":null,"properties":{"name":{"ru":"Кабинет 4","en":"Classroom 4"},"shortName":{"ru":"4","en":"4"},"category":"classroom","anchor_id":"b4386a36-bdb2-4c41-9052-b1b4d628f9e9","hours":null,"phone":null,"email":null,"website":null,"description":null,"iconUrl":null,"correlation_id":null}},{"id":"b8c8267a-96dc-45d6-bde6-5ba75c2f4daf","type":"Feature","feature_type":"occupant","geometry":null,"properties":{"name":{"ru":"Кабинет 6","en":"Classroom 6"},"shortName":{"ru":"6","en":"6"},"category":"classroom","anchor_id":"39d58b79-4328-44e9-8483-c508a7985721","hours":null,"phone":null,"email":null,"website":null,"description":null,"iconUrl":null,"correlation_id":null}},{"id":"359ea1d0-df90-4f36-a40b-5f0e41812b9f","type":"Feature","feature_type":"occupant","geometry":null,"properties":{"name":{"ru":"Кабинет 5","en":"Classroom 5"},"shortName":{"ru":"5","en":"5"},"category":"classroom","anchor_id":"089c2977-6992-4812-ba35-6643b9e4211a","hours":null,"phone":null,"email":null,"website":null,"description":null,"iconUrl":null,"correlation_id":null}},{"id":"5295a603-63b7-458b-9f9d-4d6a08198eae","type":"Feature","feature_type":"occupant","geometry":null,"properties":{"name":{"ru":"Кабинет 8","en":"Classroom 8"},"shortName":{"ru":"8","en":"8"},"category":"classroom","anchor_id":"2bdba4d7-d100-463e-af1e-732e8bc6fca3","hours":null,"phone":null,"email":null,"website":null,"description":null,"iconUrl":null,"correlation_id":null}},{"id":"9ad805e5-2571-467b-976a-7041db5b5020","type":"Feature","feature_type":"occupant","geometry":null,"properties":{"name":{"ru":"Кабинет 232","en":"Classroom 232"},"shortName":{"ru":"232","en":"232"},"category":"administration","anchor_id":"7eecf0a1-c8c7-44ef-b3e0-ca96d90bef4d","hours":null,"phone":null,"email":null,"website":null,"description":null,"iconUrl":null,"correlation_id":null}},{"id":"6a3622d9-629c-4f94-9e4a-ba259356e451","type":"Feature","feature_type":"occupant","geometry":null,"properties":{"name":{"ru":"Кабинет 220","en":"Classroom 220"},"shortName":{"ru":"220","en":"220"},"category":"administration","anchor_id":"8706e8ab-c2fe-4fab-9439-ca2204994b4a","hours":null,"phone":null,"email":null,"website":null,"description":null,"iconUrl":null,"correlation_id":null}},{"id":"20b8fa09-b242-42e6-9243-6767e1a36156","type":"Feature","feature_type":"occupant","geometry":null,"properties":{"name":{"ru":"Кабинет 233","en":"Classroom 233"},"shortName":{"ru":"233","en":"233"},"category":"administration","anchor_id":"0f1999ac-3364-465c-8ebf-94a65b217c8b","hours":null,"phone":null,"email":null,"website":null,"description":null,"iconUrl":null,"correlation_id":null}},{"id":"0bf9edf9-09cd-4a8d-8681-2de17b924a4a","type":"Feature","feature_type":"occupant","geometry":null,"properties":{"name":{"ru":"Кабинет 236","en":"Classroom 236"},"shortName":{"ru":"236","en":"236"},"category":"administration","anchor_id":"db705544-2eb4-443c-9cef-71895dcdb59b","hours":null,"phone":null,"email":null,"website":null,"description":null,"iconUrl":null,"correlation_id":null}},{"id":"eb76dbf7-9274-4207-8d9e-b5728b3695db","type":"Feature","feature_type":"occupant","geometry":null,"properties":{"name":{"ru":"Кабинет 240","en":"Classroom 240"},"shortName":{"ru":"240","en":"240"},"category":"administration","anchor_id":"810538e8-e11e-40d3-bbbc-e0a298ec31a9","hours":null,"phone":null,"email":null,"website":null,"description":null,"iconUrl":null,"correlation_id":null}},{"id":"b7e5964e-4c53-44fe-afe9-501a5a379345","type":"Feature","feature_type":"occupant","geometry":null,"properties":{"name":{"ru":"Кабинет 239","en":"Classroom 239"},"shortName":{"ru":"239","en":"239"},"category":"administration","anchor_id":"9e2f5f00-5b39-4440-bc3a-393d3c3feeca","hours":null,"phone":null,"email":null,"website":null,"description":null,"iconUrl":null,"correlation_id":null}},{"id":"46fad214-8767-4519-91d5-5734a9576a86","type":"Feature","feature_type":"occupant","geometry":null,"properties":{"name":{"ru":"Кабинет 238","en":"Classroom 238"},"shortName":{"ru":"238","en":"238"},"category":"administration","anchor_id":"cf3c72ac-82f1-469a-999a-2d3860bbaf98","hours":null,"phone":null,"email":null,"website":null,"description":null,"iconUrl":null,"correlation_id":null}},{"id":"fff088c3-50ae-4d88-9176-b198435762ad","type":"Feature","feature_type":"occupant","geometry":null,"properties":{"name":{"ru":"Кабинет 7","en":"Classroom 7"},"shortName":{"ru":"7","en":"7"},"category":"classroom","anchor_id":"34950fd7-b8f2-42a3-af20-691e3caf6201","hours":null,"phone":null,"email":null,"website":null,"description":null,"iconUrl":null,"correlation_id":null}},{"id":"8ee4abac-f5fa-4583-af8a-ce2e4483de9a","type":"Feature","feature_type":"occupant","geometry":null,"properties":{"name":{"ru":"Лекторий 265","en":"Auditorium 265"},"shortName":{"ru":"265","en":"265"},"category":"auditorium","anchor_id":"5efaab7c-9d05-4900-80b3-c3b0466755ea","hours":null,"phone":null,"email":null,"website":null,"description":null,"iconUrl":null,"correlation_id":null}},{"id":"b1b160c8-7e1f-4c2f-bc30-ce330080ad10","type":"Feature","feature_type":"occupant","geometry":null,"properties":{"name":{"ru":"Туалет женский","en":"Restroom female"},"shortName":{"ru":"Туалет Ж.","en":"Restroom F."},"category":"restroom.female","anchor_id":"99eb6d08-81fc-467a-b7c9-47ba32a9721f","hours":null,"phone":null,"email":null,"website":null,"description":null,"iconUrl":null,"correlation_id":null}},{"id":"69477cfe-0801-4eb4-8075-f2a8abad7c61","type":"Feature","feature_type":"occupant","geometry":null,"properties":{"name":{"ru":"Кабинет 238","en":"Classroom 238"},"shortName":{"ru":"238","en":"238"},"category":"classroom","anchor_id":"6a61fc88-2dc6-4cb0-94bb-2ae5846d2e33","hours":null,"phone":null,"email":null,"website":null,"description":null,"iconUrl":null,"correlation_id":null}},{"id":"b9c56049-db3e-425b-857b-40f4eb2c5796","type":"Feature","feature_type":"occupant","geometry":null,"properties":{"name":{"ru":"Лабораторная 225","en":"Lab 225"},"shortName":{"ru":"225","en":"225"},"category":"laboratory","anchor_id":"a0efac72-62a8-496e-8acb-6a8875f1b6e1","hours":null,"phone":null,"email":null,"website":null,"description":null,"iconUrl":null,"correlation_id":null}},{"id":"8585174f-2c5e-4bf8-809b-676de627bd79","type":"Feature","feature_type":"occupant","geometry":null,"properties":{"name":{"ru":"Кабинет 225а","en":"Classroom 225а"},"shortName":{"ru":"225а","en":"225а"},"category":"classroom","anchor_id":"f7b18573-6538-4c26-a3da-cb8b6096e62c","hours":null,"phone":null,"email":null,"website":null,"description":null,"iconUrl":null,"correlation_id":null}},{"id":"e1f1f82f-f346-4888-9656-b2061ef58cba","type":"Feature","feature_type":"occupant","geometry":null,"properties":{"name":{"ru":"Лабораторная 233","en":"Lab 233"},"shortName":{"ru":"233","en":"233"},"category":"laboratory","anchor_id":"15a6f6e7-7150-4fba-a2f1-6920ce46c0d7","hours":null,"phone":null,"email":null,"website":null,"description":null,"iconUrl":null,"correlation_id":null}},{"id":"960757a4-7e42-4f94-99c5-2095d5cfed89","type":"Feature","feature_type":"occupant","geometry":null,"properties":{"name":{"ru":"Кабинет 247а","en":"Classroom 247а"},"shortName":{"ru":"247а","en":"247а"},"category":"classroom","anchor_id":"795b7cd8-1ffd-4e8d-8bed-84c4e44706fb","hours":null,"phone":null,"email":null,"website":null,"description":null,"iconUrl":null,"correlation_id":null}},{"id":"cf389605-ecba-435e-85c0-48b24d0ce860","type":"Feature","feature_type":"occupant","geometry":null,"properties":{"name":{"ru":"Кабинет 247","en":"Classroom 247"},"shortName":{"ru":"247","en":"247"},"category":"classroom","anchor_id":"cfd29b61-987e-4b1b-865b-9f0644d369a5","hours":null,"phone":null,"email":null,"website":null,"description":null,"iconUrl":null,"correlation_id":null}},{"id":"e9f4cf83-73e9-4f99-9d25-a9cf1907066d","type":"Feature","feature_type":"occupant","geometry":null,"properties":{"name":{"ru":"Лабораторная 251","en":"Lab 251"},"shortName":{"ru":"251","en":"251"},"category":"laboratory","anchor_id":"39412700-8ee1-40c5-bf05-eb2f65b0ca5c","hours":null,"phone":null,"email":null,"website":null,"description":null,"iconUrl":null,"correlation_id":null}},{"id":"42294837-f4d2-4db6-bfa7-0dfdf67e6c64","type":"Feature","feature_type":"occupant","geometry":null,"properties":{"name":{"ru":"Кабинет 241","en":"Classroom 241"},"shortName":{"ru":"241","en":"241"},"category":"classroom","anchor_id":"52e66cdc-47bf-4aaf-988e-b6bdecf5b65a","hours":null,"phone":null,"email":null,"website":null,"description":null,"iconUrl":null,"correlation_id":null}},{"id":"f66f6e94-3aca-424d-a535-9383f37cb7c0","type":"Feature","feature_type":"occupant","geometry":null,"properties":{"name":{"ru":"Кабинет 224","en":"Classroom 224"},"shortName":{"ru":"224","en":"224"},"category":"classroom","anchor_id":"e1010c37-07cd-4d0b-8613-d4905af19b23","hours":null,"phone":null,"email":null,"website":null,"description":null,"iconUrl":null,"correlation_id":null}},{"id":"6a183d8f-61fb-4b33-a9dc-910fd3dc7ae6","type":"Feature","feature_type":"occupant","geometry":null,"properties":{"name":{"ru":"Кабинет 210","en":"Classroom 210"},"shortName":{"ru":"210","en":"210"},"category":"administration","anchor_id":"011dcdb5-17ac-4562-8a80-93ef1a382549","hours":null,"phone":null,"email":null,"website":null,"description":null,"iconUrl":null,"correlation_id":null}},{"id":"347eadff-c600-486e-965f-405a3c4d9358","type":"Feature","feature_type":"occupant","geometry":null,"properties":{"name":{"ru":"Кабинет 211","en":"Classroom 211"},"shortName":{"ru":"211","en":"211"},"category":"administration","anchor_id":"1b9c18f9-21d4-4654-9531-6cc7e07c2bf2","hours":null,"phone":null,"email":null,"website":null,"description":null,"iconUrl":null,"correlation_id":null}},{"id":"dca03a07-207e-413f-b5e9-5b6319cf1a89","type":"Feature","feature_type":"occupant","geometry":null,"properties":{"name":{"ru":"Кабинет 255","en":"Classroom 255"},"shortName":{"ru":"255","en":"255"},"category":"administration","anchor_id":"2ba85386-4d57-49b2-a7ed-6d7729123473","hours":null,"phone":null,"email":null,"website":null,"description":null,"iconUrl":null,"correlation_id":null}},{"id":"056ee642-5cfb-49a7-9a8f-ba9d098b2048","type":"Feature","feature_type":"occupant","geometry":null,"properties":{"name":{"ru":"Кабинет 216","en":"Classroom 216"},"shortName":{"ru":"216","en":"216"},"category":"administration","anchor_id":"434e33a2-eaef-4b25-bdde-40a4cd8e0501","hours":null,"phone":null,"email":null,"website":null,"description":null,"iconUrl":null,"correlation_id":null}},{"id":"3e175d9f-f693-4d57-903b-73a4974b1c31","type":"Feature","feature_type":"occupant","geometry":null,"properties":{"name":{"ru":"Кабинет 207","en":"Classroom 207"},"shortName":{"ru":"207","en":"207"},"category":"classroom","anchor_id":"8673cd76-3d0e-4a15-9f50-3d01bb45b32a","hours":null,"phone":null,"email":null,"website":null,"description":null,"iconUrl":null,"correlation_id":null}},{"id":"c7cdd703-c5ba-4387-a435-ab5d063ccb56","type":"Feature","feature_type":"occupant","geometry":null,"properties":{"name":{"ru":"Кабинет 216","en":"Classroom 216"},"shortName":{"ru":"216","en":"216"},"category":"classroom","anchor_id":"0e30bf1d-4c5a-403a-bb97-c3a6c40046e2","hours":null,"phone":null,"email":null,"website":null,"description":null,"iconUrl":null,"correlation_id":null}},{"id":"46d4df30-24ae-40d9-85bd-c6f56ed82e96","type":"Feature","feature_type":"occupant","geometry":null,"properties":{"name":{"ru":"Кабинет 217","en":"Classroom 217"},"shortName":{"ru":"217","en":"217"},"category":"classroom","anchor_id":"6c13320a-3356-4079-becb-1bd08a859419","hours":null,"phone":null,"email":null,"website":null,"description":null,"iconUrl":null,"correlation_id":null}},{"id":"fa52b367-28fc-4df7-a920-b604f65eb414","type":"Feature","feature_type":"occupant","geometry":null,"properties":{"name":{"ru":"Кабинет 219","en":"Classroom 219"},"shortName":{"ru":"219","en":"219"},"category":"classroom","anchor_id":"ac829e7d-caeb-404e-875a-fb65f58434f6","hours":null,"phone":null,"email":null,"website":null,"description":null,"iconUrl":null,"correlation_id":null}},{"id":"c5c5aaae-121c-453b-a013-7f2551ce8f6c","type":"Feature","feature_type":"occupant","geometry":null,"properties":{"name":{"ru":"Кабинет 248","en":"Classroom 248"},"shortName":{"ru":"248","en":"248"},"category":"classroom","anchor_id":"cc63dbee-a44b-4df1-aac4-323586fe1a8f","hours":null,"phone":null,"email":null,"website":null,"description":null,"iconUrl":null,"correlation_id":null}},{"id":"687d0ace-4802-4f37-8b34-85cc21b2a658","type":"Feature","feature_type":"occupant","geometry":null,"properties":{"name":{"ru":"Лабораторная 261","en":"Lab 261"},"shortName":{"ru":"261","en":"261"},"category":"laboratory","anchor_id":"8185ae5c-569d-4258-9035-7b78589aa906","hours":null,"phone":null,"email":null,"website":null,"description":null,"iconUrl":null,"correlation_id":null}},{"id":"05cf84b6-d404-4229-9568-9985cc945b55","type":"Feature","feature_type":"occupant","geometry":null,"properties":{"name":{"ru":"Кабинет 237","en":"Classroom 237"},"shortName":{"ru":"237","en":"237"},"category":"classroom","anchor_id":"9dfb6f95-16ad-434a-a4c7-5c3a3c6f2e54","hours":null,"phone":null,"email":null,"website":null,"description":null,"iconUrl":null,"correlation_id":null}},{"id":"00002303-756f-4d8d-b09e-802580bba38a","type":"Feature","feature_type":"occupant","geometry":null,"properties":{"name":{"ru":"332","en":"332"},"shortName":{"ru":"332","en":"332"},"category":"administration","anchor_id":"714d193c-7f96-448f-9eb8-6440a4e987f1","hours":null,"phone":null,"email":null,"website":null,"description":null,"iconUrl":null,"correlation_id":null}},{"id":"9770f286-65ae-451c-85c4-e057725df4b1","type":"Feature","feature_type":"occupant","geometry":null,"properties":{"name":{"ru":"Туалет женский","en":"Restroom female"},"shortName":{"ru":"Туалет Ж.","en":"Restroom F."},"category":"restroom.female","anchor_id":"c78421a9-2918-4521-9165-ca9b5a0cb65b","hours":null,"phone":null,"email":null,"website":null,"description":null,"iconUrl":null,"correlation_id":null}},{"id":"2f826dd2-9f47-4a4e-8d45-0b4dda57c56f","type":"Feature","feature_type":"occupant","geometry":null,"properties":{"name":{"ru":"Кабинет 331","en":"Classroom 331"},"shortName":{"ru":"331","en":"331"},"category":"administration","anchor_id":"4d493b5e-e292-4ebe-95fb-56a1e1db6c58","hours":null,"phone":null,"email":null,"website":null,"description":null,"iconUrl":null,"correlation_id":null}},{"id":"ec640487-29bc-4aff-a1b8-acd4f1f93737","type":"Feature","feature_type":"occupant","geometry":null,"properties":{"name":{"ru":"Кабинет 310","en":"Classroom 310"},"shortName":{"ru":"310","en":"310"},"category":"administration","anchor_id":"9cca0e45-f343-4a8d-8457-350a81264d0a","hours":null,"phone":null,"email":null,"website":null,"description":null,"iconUrl":null,"correlation_id":null}},{"id":"ca51cff5-0978-47b3-9411-d96962eb7405","type":"Feature","feature_type":"occupant","geometry":null,"properties":{"name":{"ru":"Кабинет 331","en":"Classroom 331"},"shortName":{"ru":"331","en":"331"},"category":"classroom","anchor_id":"01832ecc-7112-4675-b90a-75e8eeb4a11f","hours":null,"phone":null,"email":null,"website":null,"description":null,"iconUrl":null,"correlation_id":null}},{"id":"97d32e6b-5927-4a2b-bcf4-f1121968b9cd","type":"Feature","feature_type":"occupant","geometry":null,"properties":{"name":{"ru":"Кабинет 329","en":"Classroom 329"},"shortName":{"ru":"329","en":"329"},"category":"classroom","anchor_id":"9358fc5e-a006-4c31-ac7c-f4655d25e4d3","hours":null,"phone":null,"email":null,"website":null,"description":null,"iconUrl":null,"correlation_id":null}},{"id":"27b3085b-e1bf-4586-a0cf-264fdce8a86d","type":"Feature","feature_type":"occupant","geometry":null,"properties":{"name":{"ru":"Кабинет 328","en":"Classroom 328"},"shortName":{"ru":"328","en":"328"},"category":"classroom","anchor_id":"e3322fab-3d53-4081-bbce-a726ceb05e7a","hours":null,"phone":null,"email":null,"website":null,"description":null,"iconUrl":null,"correlation_id":null}},{"id":"a35bead3-6151-4bc5-8b10-75ef9ff76dcd","type":"Feature","feature_type":"occupant","geometry":null,"properties":{"name":{"ru":"Кабинет 327","en":"Classroom 327"},"shortName":{"ru":"327","en":"327"},"category":"classroom","anchor_id":"9010bef9-2099-4e6b-bf85-95afa381ab64","hours":null,"phone":null,"email":null,"website":null,"description":null,"iconUrl":null,"correlation_id":null}},{"id":"5cd5cb9f-784e-4265-8f0d-b4b72888132c","type":"Feature","feature_type":"occupant","geometry":null,"properties":{"name":{"ru":"Кабинет 326а","en":"Classroom 326а"},"shortName":{"ru":"326а","en":"326а"},"category":"classroom","anchor_id":"b0ca26cd-d612-4500-bd23-f77d866d6d2f","hours":null,"phone":null,"email":null,"website":null,"description":null,"iconUrl":null,"correlation_id":null}},{"id":"78eb9297-b5c9-4822-b7f0-65504c198549","type":"Feature","feature_type":"occupant","geometry":null,"properties":{"name":{"ru":"Кабинет 326","en":"Classroom 326"},"shortName":{"ru":"326","en":"326"},"category":"classroom","anchor_id":"0451bf18-07f0-4082-b28c-c3b11316d744","hours":null,"phone":null,"email":null,"website":null,"description":null,"iconUrl":null,"correlation_id":null}},{"id":"7049203c-8d49-4674-90fd-623418ed99dc","type":"Feature","feature_type":"occupant","geometry":null,"properties":{"name":{"ru":"Кабинет 322","en":"Classroom 322"},"shortName":{"ru":"322","en":"322"},"category":"classroom","anchor_id":"4063950f-47f9-471b-8286-74ed19e6de35","hours":null,"phone":null,"email":null,"website":null,"description":null,"iconUrl":null,"correlation_id":null}},{"id":"2d7f4038-ec85-45c8-8f90-ca29d8d140b7","type":"Feature","feature_type":"occupant","geometry":null,"properties":{"name":{"ru":"Кабинет 320","en":"Classroom 320"},"shortName":{"ru":"320","en":"320"},"category":"classroom","anchor_id":"8adf1761-f31a-4dbd-9226-8fb5e163a474","hours":null,"phone":null,"email":null,"website":null,"description":null,"iconUrl":null,"correlation_id":null}},{"id":"1267aa30-9420-4799-b19c-c5dfae39a020","type":"Feature","feature_type":"occupant","geometry":null,"properties":{"name":{"ru":"Лабораторная 319","en":"Lab 319"},"shortName":{"ru":"319","en":"319"},"category":"laboratory","anchor_id":"0c2d4ff3-5be1-4870-93be-5b96979a7005","hours":null,"phone":null,"email":null,"website":null,"description":null,"iconUrl":null,"correlation_id":null}},{"id":"7a0c9f07-d2d4-4790-b7f7-f116fa257d2f","type":"Feature","feature_type":"occupant","geometry":null,"properties":{"name":{"ru":"Кабинет 317","en":"Classroom 317"},"shortName":{"ru":"317","en":"317"},"category":"classroom","anchor_id":"71e974b8-c4d3-46ea-915e-f80a24e65881","hours":null,"phone":null,"email":null,"website":null,"description":null,"iconUrl":null,"correlation_id":null}},{"id":"9915bdb2-c980-4145-951c-7366e8beb73f","type":"Feature","feature_type":"occupant","geometry":null,"properties":{"name":{"ru":"Кабинет 316","en":"Classroom 316"},"shortName":{"ru":"316","en":"316"},"category":"classroom","anchor_id":"9a3f462a-9a42-4a4e-a171-ceb4929b8c4b","hours":null,"phone":null,"email":null,"website":null,"description":null,"iconUrl":null,"correlation_id":null}},{"id":"bb33e53f-9851-432d-ab88-277cb7b04487","type":"Feature","feature_type":"occupant","geometry":null,"properties":{"name":{"ru":"Кабинет 311","en":"Classroom 311"},"shortName":{"ru":"311","en":"311"},"category":"classroom","anchor_id":"295acabb-a83b-4b2d-954d-741ee8ac7abf","hours":null,"phone":null,"email":null,"website":null,"description":null,"iconUrl":null,"correlation_id":null}},{"id":"de694d52-749a-47ec-b9cf-d2d7be7d0128","type":"Feature","feature_type":"occupant","geometry":null,"properties":{"name":{"ru":"Кабинет 338","en":"Classroom 338"},"shortName":{"ru":"338","en":"338"},"category":"classroom","anchor_id":"a9ce7dc4-37d1-489b-8d4a-e26425717435","hours":null,"phone":null,"email":null,"website":null,"description":null,"iconUrl":null,"correlation_id":null}},{"id":"47da998d-273c-418e-9fc3-4237aa8650e9","type":"Feature","feature_type":"occupant","geometry":null,"properties":{"name":{"ru":"Лабораторная 345","en":"Lab 345"},"shortName":{"ru":"345","en":"345"},"category":"laboratory","anchor_id":"cb932fb2-d20b-444c-9962-5b075e259f67","hours":null,"phone":null,"email":null,"website":null,"description":null,"iconUrl":null,"correlation_id":null}},{"id":"91a963f2-2f08-4f52-8cc0-e921d0bb67d5","type":"Feature","feature_type":"occupant","geometry":null,"properties":{"name":{"ru":"Кабинет 348","en":"Classroom 348"},"shortName":{"ru":"348","en":"348"},"category":"classroom","anchor_id":"5cc67960-f0fd-4e73-988b-78a27c7e6199","hours":null,"phone":null,"email":null,"website":null,"description":null,"iconUrl":null,"correlation_id":null}},{"id":"2b6d7065-99cb-4c23-ba2b-a80122405c10","type":"Feature","feature_type":"occupant","geometry":null,"properties":{"name":{"ru":"Кабинет 351","en":"Classroom 351"},"shortName":{"ru":"351","en":"351"},"category":"classroom","anchor_id":"0568ac63-2f57-4998-843b-9acf06c171ff","hours":null,"phone":null,"email":null,"website":null,"description":null,"iconUrl":null,"correlation_id":null}},{"id":"e2b597b0-f5f3-4f82-98ec-bb3393f17ac3","type":"Feature","feature_type":"occupant","geometry":null,"properties":{"name":{"ru":"Кабинет 347","en":"Classroom 347"},"shortName":{"ru":"347","en":"347"},"category":"classroom","anchor_id":"311afe6d-e36c-4970-8c44-35daedabd36c","hours":null,"phone":null,"email":null,"website":null,"description":null,"iconUrl":null,"correlation_id":null}},{"id":"3a0ba68f-10ef-424d-bcfa-d50f5ef89edd","type":"Feature","feature_type":"occupant","geometry":null,"properties":{"name":{"ru":"Кабинет 357 Заместитель директора ИФНиТ","en":"Classroom 357"},"shortName":{"ru":"357","en":"357"},"category":"administration","anchor_id":"8eff0da7-6557-4319-8ccd-16146ce6447b","hours":null,"phone":null,"email":null,"website":null,"description":null,"iconUrl":null,"correlation_id":null}},{"id":"f5ed8321-ab7a-4f47-885e-bdbdc109d1d2","type":"Feature","feature_type":"occupant","geometry":null,"properties":{"name":{"ru":"Кабинет 359","en":"Classroom 359"},"shortName":{"ru":"359","en":"359"},"category":"classroom","anchor_id":"609e7d70-bd66-4e28-8bf1-fa9c1f70153b","hours":null,"phone":null,"email":null,"website":null,"description":null,"iconUrl":null,"correlation_id":null}},{"id":"f64d6e5e-c3e7-44b5-b20a-31b05aa3f1ef","type":"Feature","feature_type":"occupant","geometry":null,"properties":{"name":{"ru":"Кабинет 360","en":"Classroom 360"},"shortName":{"ru":"360","en":"360"},"category":"administration","anchor_id":"4bcd2c64-f097-4cf3-875b-4915c6dd8310","hours":null,"phone":null,"email":null,"website":null,"description":null,"iconUrl":null,"correlation_id":null}},{"id":"e874eb85-26f5-424d-9711-f3c0d10ae0c7","type":"Feature","feature_type":"occupant","geometry":null,"properties":{"name":{"ru":"Кабинет 361","en":"Classroom 361"},"shortName":{"ru":"361","en":"361"},"category":"administration","anchor_id":"c67d6d3b-af04-4a1a-b9dc-eac34c7133a7","hours":null,"phone":null,"email":null,"website":null,"description":null,"iconUrl":null,"correlation_id":null}},{"id":"cf5edc81-f7de-4b06-9d42-6dfc78044233","type":"Feature","feature_type":"occupant","geometry":null,"properties":{"name":{"ru":"Кабинет 355","en":"Classroom 355"},"shortName":{"ru":"355","en":"355"},"category":"administration","anchor_id":"99bfe502-46f7-4e51-bb48-a7135c5be3a4","hours":null,"phone":null,"email":null,"website":null,"description":null,"iconUrl":null,"correlation_id":null}},{"id":"7d73b184-bb7a-4415-8b57-6cbcf8a1cc4b","type":"Feature","feature_type":"occupant","geometry":null,"properties":{"name":{"ru":"354","en":"354"},"shortName":{"ru":"354","en":"354"},"category":"administration","anchor_id":"0fcb0269-af48-4713-a12d-a8023df7e6e8","hours":null,"phone":null,"email":null,"website":null,"description":null,"iconUrl":null,"correlation_id":null}},{"id":"dd559934-a81b-475c-9494-1e28930540e5","type":"Feature","feature_type":"occupant","geometry":null,"properties":{"name":{"ru":"Кабинет 352","en":"Classroom 352"},"shortName":{"ru":"352","en":"352"},"category":"administration","anchor_id":"9369b5d7-ddc8-4625-bc66-88c80d30d283","hours":null,"phone":null,"email":null,"website":null,"description":null,"iconUrl":null,"correlation_id":null}},{"id":"6db88a61-154b-46a7-ba48-b4497c295f94","type":"Feature","feature_type":"occupant","geometry":null,"properties":{"name":{"ru":"Кабинет 349 ПРОФ","en":"Classroom 349"},"shortName":{"ru":"349","en":"349"},"category":"administration","anchor_id":"aff862fa-0b06-4a60-8731-050bce40a566","hours":null,"phone":null,"email":null,"website":null,"description":null,"iconUrl":null,"correlation_id":null}},{"id":"6e8621a4-592b-4eb1-a475-280c54479e53","type":"Feature","feature_type":"occupant","geometry":null,"properties":{"name":{"ru":"Кабинет 311","en":"Classroom 311"},"shortName":{"ru":"311","en":"311"},"category":"administration","anchor_id":"07a365df-a697-4438-aba0-d555871fb29e","hours":null,"phone":null,"email":null,"website":null,"description":null,"iconUrl":null,"correlation_id":null}},{"id":"8b509153-5461-4655-90fc-612f1d93311a","type":"Feature","feature_type":"occupant","geometry":null,"properties":{"name":{"ru":" Кабинет 305","en":"Classroom 305"},"shortName":{"ru":"305","en":"305"},"category":"administration","anchor_id":"041ab821-c466-4929-b415-02234ed1c8a2","hours":null,"phone":null,"email":null,"website":null,"description":null,"iconUrl":null,"correlation_id":null}},{"id":"f9eab441-bf52-4e92-a9f2-5529881566fc","type":"Feature","feature_type":"occupant","geometry":null,"properties":{"name":{"ru":"Кабинет 305А","en":"Classroom 305А"},"shortName":{"ru":"305А","en":"305А"},"category":"administration","anchor_id":"dbaccb58-855d-43bc-9bf9-bf5ef511d053","hours":null,"phone":null,"email":null,"website":null,"description":null,"iconUrl":null,"correlation_id":null}},{"id":"ff27db95-65be-442d-8524-980b45fcb484","type":"Feature","feature_type":"occupant","geometry":null,"properties":{"name":{"ru":"Кабинет 304","en":"Classroom 304"},"shortName":{"ru":"304","en":"304"},"category":"administration","anchor_id":"2344978e-98eb-4d99-84a2-ef9772381498","hours":null,"phone":null,"email":null,"website":null,"description":null,"iconUrl":null,"correlation_id":null}},{"id":"c6dfd895-5f05-4d1d-ae30-855e8630e321","type":"Feature","feature_type":"occupant","geometry":null,"properties":{"name":{"ru":"Кабинет 302","en":"Classroom 302"},"shortName":{"ru":"302","en":"302"},"category":"administration","anchor_id":"1304e7ef-d755-4f80-be2b-112780b15d6c","hours":null,"phone":null,"email":null,"website":null,"description":null,"iconUrl":null,"correlation_id":null}},{"id":"49ae20da-b9fb-4166-b246-b15cd2514950","type":"Feature","feature_type":"occupant","geometry":null,"properties":{"name":{"ru":"Кабинет 301","en":"Classroom 301"},"shortName":{"ru":"301","en":"301"},"category":"administration","anchor_id":"b82941ad-3282-4803-b062-d6cf6e9c302e","hours":null,"phone":null,"email":null,"website":null,"description":null,"iconUrl":null,"correlation_id":null}},{"id":"e302bf54-c3f0-49b6-9f87-f7481e52c1d6","type":"Feature","feature_type":"occupant","geometry":null,"properties":{"name":{"ru":"Кабинет 330","en":"Classroom 330"},"shortName":{"ru":"330","en":"330"},"category":"administration","anchor_id":"98178ee8-e9d5-4418-9e88-9f2bc7b3d008","hours":null,"phone":null,"email":null,"website":null,"description":null,"iconUrl":null,"correlation_id":null}},{"id":"2106e919-2fd8-4ab7-9d72-119ad6053723","type":"Feature","feature_type":"occupant","geometry":null,"properties":{"name":{"ru":"Кабинет 333","en":"Classroom 333"},"shortName":{"ru":"333","en":"333"},"category":"administration","anchor_id":"aebc450b-8030-430e-be71-40fb26a2171b","hours":null,"phone":null,"email":null,"website":null,"description":null,"iconUrl":null,"correlation_id":null}},{"id":"08d6cf1d-a625-404d-868d-e177c076641b","type":"Feature","feature_type":"occupant","geometry":null,"properties":{"name":{"ru":"Кабинет 335","en":"Classroom 335"},"shortName":{"ru":"335","en":"335"},"category":"administration","anchor_id":"216c0ee1-6905-45b0-bb0a-1ad8bf428465","hours":null,"phone":null,"email":null,"website":null,"description":null,"iconUrl":null,"correlation_id":null}},{"id":"f39928d9-6ea2-46f6-a297-da3b459e8c05","type":"Feature","feature_type":"occupant","geometry":null,"properties":{"name":{"ru":"Кабинет 359","en":"Classroom 359"},"shortName":{"ru":"359","en":"359"},"category":"administration","anchor_id":"c0f8c694-82e3-4186-8fd9-58e7a2475239","hours":null,"phone":null,"email":null,"website":null,"description":null,"iconUrl":null,"correlation_id":null}},{"id":"5e5b4f1b-532d-4c1f-a982-97bb501f8d22","type":"Feature","feature_type":"occupant","geometry":null,"properties":{"name":{"ru":"Туалет женский","en":"Restroom female"},"shortName":{"ru":"Туалет Ж.","en":"Restroom F."},"category":"restroom.female","anchor_id":"46315724-3aaf-46df-bce3-727a9dafce2b","hours":null,"phone":null,"email":null,"website":null,"description":null,"iconUrl":null,"correlation_id":null}},{"id":"7fdc844b-afb1-4e61-a176-7a755d886d8b","type":"Feature","feature_type":"occupant","geometry":null,"properties":{"name":{"ru":"Кабинет 345","en":"Classroom 345"},"shortName":{"ru":"345","en":"345"},"category":"administration","anchor_id":"cfc1e8ea-8807-430b-9b36-cbf87664c96f","hours":null,"phone":null,"email":null,"website":null,"description":null,"iconUrl":null,"correlation_id":null}},{"id":"c9bb2d3e-3f06-4532-8288-1fc9abe8c857","type":"Feature","feature_type":"occupant","geometry":null,"properties":{"name":{"ru":"Туалет мужской","en":"Restroom male"},"shortName":{"ru":"Туалет М.","en":"Restroom M."},"category":"restroom.male","anchor_id":"8c076362-279d-44fe-95ce-bf8f0bdc5916","hours":null,"phone":null,"email":null,"website":null,"description":null,"iconUrl":null,"correlation_id":null}},{"id":"d534a520-9abd-4bf6-9263-8cc88de7ade8","type":"Feature","feature_type":"occupant","geometry":null,"properties":{"name":{"ru":"Кабинет 307","en":"Classroom 307"},"shortName":{"ru":"307","en":"307"},"category":"administration","anchor_id":"a00b110d-af1a-4fd4-b057-69d305f0b5b9","hours":null,"phone":null,"email":null,"website":null,"description":null,"iconUrl":null,"correlation_id":null}},{"id":"0fe937e9-32c1-45b5-a8fc-0875ad7eb6b3","type":"Feature","feature_type":"occupant","geometry":null,"properties":{"name":{"ru":"Кабинет 306","en":"Classroom 306"},"shortName":{"ru":"306","en":"306"},"category":"administration","anchor_id":"1aca98bd-d3cf-4466-8674-a45120233065","hours":null,"phone":null,"email":null,"website":null,"description":null,"iconUrl":null,"correlation_id":null}},{"id":"47bee119-6d4b-4b5b-a135-1d4b7288a0cd","type":"Feature","feature_type":"occupant","geometry":null,"properties":{"name":{"ru":"Кабинет 317","en":"Classroom 317"},"shortName":{"ru":"212","en":"212"},"category":"administration","anchor_id":"c01d7c49-4df2-4a07-9fa7-93c1ac97994b","hours":null,"phone":null,"email":null,"website":null,"description":null,"iconUrl":null,"correlation_id":null}},{"id":"408846fd-30b7-4acf-8738-82108f4ce02d","type":"Feature","feature_type":"occupant","geometry":null,"properties":{"name":{"ru":"Кабинет 315","en":"Classroom 315"},"shortName":{"ru":"209","en":"209"},"category":"administration","anchor_id":"d88461b9-90a8-4178-a5c8-ef0fd4991960","hours":null,"phone":null,"email":null,"website":null,"description":null,"iconUrl":null,"correlation_id":null}},{"id":"bc889654-92c9-494f-9bd3-8e61179cd454","type":"Feature","feature_type":"occupant","geometry":null,"properties":{"name":{"ru":"Кабинет 314","en":"Classroom 314"},"shortName":{"ru":"208","en":"208"},"category":"administration","anchor_id":"0c3e5517-aea1-4111-862a-7e2caa13b8a6","hours":null,"phone":null,"email":null,"website":null,"description":null,"iconUrl":null,"correlation_id":null}},{"id":"da49161b-fe10-4a1e-8680-26206ff70408","type":"Feature","feature_type":"occupant","geometry":null,"properties":{"name":{"ru":"Кабинет 313","en":"Classroom 313"},"shortName":{"ru":"207","en":"207"},"category":"administration","anchor_id":"1f147261-7806-4637-b83b-cb5aae0d06d6","hours":null,"phone":null,"email":null,"website":null,"description":null,"iconUrl":null,"correlation_id":null}},{"id":"61deaaf3-b871-40ef-86db-a3e121902f3b","type":"Feature","feature_type":"occupant","geometry":null,"properties":{"name":{"ru":"Кабинет 312","en":"Classroom 312"},"shortName":{"ru":"312","en":"312"},"category":"administration","anchor_id":"f1df8293-d9a2-4b3a-98f0-883a2d080425","hours":null,"phone":null,"email":null,"website":null,"description":null,"iconUrl":null,"correlation_id":null}},{"id":"20866534-b95c-41ac-bc41-5ac0a0ae12b2","type":"Feature","feature_type":"occupant","geometry":null,"properties":{"name":{"ru":"Кабинет 311","en":"Classroom 311"},"shortName":{"ru":"201","en":"201"},"category":"administration","anchor_id":"1e8ed2a9-7f66-476e-b29c-20feb0016b3b","hours":null,"phone":null,"email":null,"website":null,"description":null,"iconUrl":null,"correlation_id":null}},{"id":"f0c006b0-01b1-4ea1-bd3b-90e5d996dab6","type":"Feature","feature_type":"occupant","geometry":null,"properties":{"name":{"ru":"Кабинет 336","en":"Classroom 336"},"shortName":{"ru":"336","en":"336"},"category":"administration","anchor_id":"ef707f40-9ff7-49d1-8177-6f6411d76835","hours":null,"phone":null,"email":null,"website":null,"description":null,"iconUrl":null,"correlation_id":null}},{"id":"20cdab75-1de6-42ca-abd7-42f68e17dcbc","type":"Feature","feature_type":"occupant","geometry":null,"properties":{"name":{"ru":"Кабинет 339","en":"Classroom 339"},"shortName":{"ru":"339","en":"339"},"category":"administration","anchor_id":"0bbaa3ca-1877-4034-9e8c-c4dc7df00f06","hours":null,"phone":null,"email":null,"website":null,"description":null,"iconUrl":null,"correlation_id":null}},{"id":"25e5d9da-cfb6-44a8-9187-f237e56e88a2","type":"Feature","feature_type":"occupant","geometry":null,"properties":{"name":{"ru":"Кабинет 342","en":"Classroom 342"},"shortName":{"ru":"342","en":"342"},"category":"administration","anchor_id":"367c1585-9b95-48b9-a7c9-88cfd96550ac","hours":null,"phone":null,"email":null,"website":null,"description":null,"iconUrl":null,"correlation_id":null}},{"id":"502c19b7-5bc6-4950-8a61-47104297d675","type":"Feature","feature_type":"occupant","geometry":null,"properties":{"name":{"ru":"Кабинет 347","en":"Classroom 347"},"shortName":{"ru":"347","en":"347"},"category":"administration","anchor_id":"fda07025-4c6c-4a12-87f2-93c060f0264c","hours":null,"phone":null,"email":null,"website":null,"description":null,"iconUrl":null,"correlation_id":null}},{"id":"be6d3766-ffe0-4029-9834-b719cf72e9aa","type":"Feature","feature_type":"occupant","geometry":null,"properties":{"name":{"ru":"346 Стипендиально-договорной отдел","en":"346"},"shortName":{"ru":"346","en":"346"},"category":"administration","anchor_id":"92971e90-a16e-46a8-96fb-5f65ece385a4","hours":null,"phone":null,"email":null,"website":null,"description":null,"iconUrl":null,"correlation_id":null}},{"id":"1355d2dc-d6ad-4ff2-9a58-7d11e1ae1046","type":"Feature","feature_type":"occupant","geometry":null,"properties":{"name":{"ru":"Кабинет 343","en":"Classroom 343"},"shortName":{"ru":"343","en":"343"},"category":"administration","anchor_id":"f15061af-fa9a-4f40-a083-c68d92256b41","hours":null,"phone":null,"email":null,"website":null,"description":null,"iconUrl":null,"correlation_id":null}},{"id":"30641122-f0ad-44f3-a06a-de35479e31e7","type":"Feature","feature_type":"occupant","geometry":null,"properties":{"name":{"ru":"Туалет мужской","en":"Restroom male"},"shortName":{"ru":"Туалет М.","en":"Restroom M."},"category":"restroom.male","anchor_id":"3ea8dec5-7775-4d5c-8ee0-158a30368db3","hours":null,"phone":null,"email":null,"website":null,"description":null,"iconUrl":null,"correlation_id":null}},{"id":"470f0083-456e-459e-a761-0d1f51a9b3fd","type":"Feature","feature_type":"occupant","geometry":null,"properties":{"name":{"ru":"Кабинет 343","en":"Classroom 343"},"shortName":{"ru":"343","en":"343"},"category":"classroom","anchor_id":"ca98fc2f-1347-45e6-8fab-20c37a8f9854","hours":null,"phone":null,"email":null,"website":null,"description":null,"iconUrl":null,"correlation_id":null}},{"id":"f19cca3c-069a-4f34-8416-d4a8429b7e4c","type":"Feature","feature_type":"occupant","geometry":null,"properties":{"name":{"ru":"Кабинет 332","en":"Classroom 332"},"shortName":{"ru":"332","en":"332"},"category":"classroom","anchor_id":"6ca3ad0f-51fa-437d-a16c-88bbb64b68ea","hours":null,"phone":null,"email":null,"website":null,"description":null,"iconUrl":null,"correlation_id":null}},{"id":"58ad5c41-4782-4cfe-a86c-8578ba43de7e","type":"Feature","feature_type":"occupant","geometry":null,"properties":{"name":{"ru":"Туалет женский","en":"Restroom female"},"shortName":{"ru":"Туалет Ж.","en":"Restroom F."},"category":"restroom.female","anchor_id":"29bc5360-65d0-40d2-9f90-bc5c0c3fea8c","hours":null,"phone":null,"email":null,"website":null,"description":null,"iconUrl":null,"correlation_id":null}},{"id":"63c31ef7-ad57-40dd-8045-74f9add48d61","type":"Feature","feature_type":"occupant","geometry":null,"properties":{"name":{"ru":"Лабораторная 355","en":"Lab 355"},"shortName":{"ru":"355","en":"355"},"category":"laboratory","anchor_id":"5c7c239c-8b30-4e1b-94b8-7b63ac45a5b3","hours":null,"phone":null,"email":null,"website":null,"description":null,"iconUrl":null,"correlation_id":null}},{"id":"a5c39edd-66e7-43a0-83b5-a99ccbd70100","type":"Feature","feature_type":"occupant","geometry":null,"properties":{"name":{"ru":"Лабораторная 348","en":"Lab 348"},"shortName":{"ru":"348","en":"348"},"category":"laboratory","anchor_id":"e3b01168-61fd-48a4-bc58-26f55dd1782b","hours":null,"phone":null,"email":null,"website":null,"description":null,"iconUrl":null,"correlation_id":null}},{"id":"690a01c0-7986-401c-b94e-4da6bbe3279a","type":"Feature","feature_type":"occupant","geometry":null,"properties":{"name":{"ru":"Лабораторная 349","en":"Lab 349"},"shortName":{"ru":"349","en":"349"},"category":"laboratory","anchor_id":"608650e8-f3f7-4272-aff3-485bd7cc87fe","hours":null,"phone":null,"email":null,"website":null,"description":null,"iconUrl":null,"correlation_id":null}},{"id":"2ee1d11b-0cb2-4261-9e73-4e350c5d5749","type":"Feature","feature_type":"occupant","geometry":null,"properties":{"name":{"ru":"Кабинет 352","en":"Classroom 352"},"shortName":{"ru":"352","en":"352"},"category":"classroom","anchor_id":"a3ae4bce-1155-429d-9f6a-2e10a48a286d","hours":null,"phone":null,"email":null,"website":null,"description":null,"iconUrl":null,"correlation_id":null}},{"id":"0ba35d06-c0eb-4d3e-bbfc-4d3a454ab5d5","type":"Feature","feature_type":"occupant","geometry":null,"properties":{"name":{"ru":"Кабинет 341","en":"Classroom 341"},"shortName":{"ru":"341","en":"341"},"category":"classroom","anchor_id":"e71c7ecb-402d-4d16-832f-fd8150bdbb85","hours":null,"phone":null,"email":null,"website":null,"description":null,"iconUrl":null,"correlation_id":null}},{"id":"a4186bdd-e20c-40d2-949a-2819be8d3ee3","type":"Feature","feature_type":"occupant","geometry":null,"properties":{"name":{"ru":"Кабинет 330","en":"Classroom 330"},"shortName":{"ru":"330","en":"330"},"category":"classroom","anchor_id":"c75babd7-4796-41b9-afda-8553675467b1","hours":null,"phone":null,"email":null,"website":null,"description":null,"iconUrl":null,"correlation_id":null}},{"id":"7b4e0e93-15bc-4fc8-99ac-c313542e9153","type":"Feature","feature_type":"occupant","geometry":null,"properties":{"name":{"ru":"309","en":"309"},"shortName":{"ru":"309","en":"309"},"category":"administration","anchor_id":"b9be89da-5631-44bb-8560-07f757c3bdad","hours":null,"phone":null,"email":null,"website":null,"description":null,"iconUrl":null,"correlation_id":null}},{"id":"f6a32031-8412-4f28-bedf-833a46a0a0d4","type":"Feature","feature_type":"occupant","geometry":null,"properties":{"name":{"ru":"Кабинет 316","en":"Classroom 316"},"shortName":{"ru":"210","en":"210"},"category":"administration","anchor_id":"932d5f33-f5ff-4350-863a-277e12846cd2","hours":null,"phone":null,"email":null,"website":null,"description":null,"iconUrl":null,"correlation_id":null}},{"id":"b84892f4-d833-4d09-a4e4-7c19db087e49","type":"Feature","feature_type":"occupant","geometry":null,"properties":{"name":{"ru":"Кабинет 308","en":"Classroom 308"},"shortName":{"ru":"308","en":"308"},"category":"administration","anchor_id":"b88455af-d23a-4265-b697-599816923b57","hours":null,"phone":null,"email":null,"website":null,"description":null,"iconUrl":null,"correlation_id":null}},{"id":"29597b9b-1f3a-4743-89d2-c4764dd2c0f6","type":"Feature","feature_type":"occupant","geometry":null,"properties":{"name":{"ru":"Кабинет А359","en":"Classroom А359"},"shortName":{"ru":"А359","en":"А359"},"category":"classroom","anchor_id":"334388a2-5e1f-49b1-ace7-49885cbf069c","hours":null,"phone":null,"email":null,"website":null,"description":null,"iconUrl":null,"correlation_id":null}},{"id":"529d6143-981c-47f6-a65b-d6940a6c9454","type":"Feature","feature_type":"occupant","geometry":null,"properties":{"name":{"ru":"Кабинет 342","en":"Classroom 342"},"shortName":{"ru":"342","en":"342"},"category":"classroom","anchor_id":"6b0367be-17b0-4f3e-8969-bcc55e961391","hours":null,"phone":null,"email":null,"website":null,"description":null,"iconUrl":null,"correlation_id":null}},{"id":"397d57ba-0bd4-4004-ab21-eb741184c15a","type":"Feature","feature_type":"occupant","geometry":null,"properties":{"name":{"ru":"Кабинет 338","en":"Classroom 338"},"shortName":{"ru":"338","en":"338"},"category":"administration","anchor_id":"cd0a94d1-cb11-4319-9729-d88b251b040f","hours":null,"phone":null,"email":null,"website":null,"description":null,"iconUrl":null,"correlation_id":null}},{"id":"b6600fd5-0a4f-4bd5-af03-60d57369a6b2","type":"Feature","feature_type":"occupant","geometry":null,"properties":{"name":{"ru":"Кабинет 350","en":"Classroom 350"},"shortName":{"ru":"350","en":"350"},"category":"administration","anchor_id":"cb28ca34-ac4f-47aa-8b47-58ed1735b8f3","hours":null,"phone":null,"email":null,"website":null,"description":null,"iconUrl":null,"correlation_id":null}},{"id":"59bc7170-ad68-44e4-b38d-4a0656d329d8","type":"Feature","feature_type":"occupant","geometry":null,"properties":{"name":{"ru":"Кабинет 351","en":"Classroom 351"},"shortName":{"ru":"351","en":"351"},"category":"administration","anchor_id":"7a2a3aef-39d1-467a-97ac-5b2a7e16935a","hours":null,"phone":null,"email":null,"website":null,"description":null,"iconUrl":null,"correlation_id":null}},{"id":"58743c1f-cefe-48e1-9168-0ef468c531b8","type":"Feature","feature_type":"occupant","geometry":null,"properties":{"name":{"ru":"Кабинет 353","en":"Classroom 353"},"shortName":{"ru":"353","en":"353"},"category":"administration","anchor_id":"95d26834-06c1-4170-8472-efe9b69ab7bc","hours":null,"phone":null,"email":null,"website":null,"description":null,"iconUrl":null,"correlation_id":null}},{"id":"0caa4031-1558-453d-a2d5-da582dd78d28","type":"Feature","feature_type":"occupant","geometry":null,"properties":{"name":{"ru":"358","en":"358"},"shortName":{"ru":"358","en":"358"},"category":"administration","anchor_id":"fcd59d91-127b-454d-9876-b095a906d38c","hours":null,"phone":null,"email":null,"website":null,"description":null,"iconUrl":null,"correlation_id":null}},{"id":"d71ce582-056a-4036-bc55-d97a49569362","type":"Feature","feature_type":"occupant","geometry":null,"properties":{"name":{"ru":"Кабинет 337","en":"Classroom 337"},"shortName":{"ru":"337","en":"337"},"category":"administration","anchor_id":"11714912-2e6f-437d-a6d2-8017234e85ff","hours":null,"phone":null,"email":null,"website":null,"description":null,"iconUrl":null,"correlation_id":null}},{"id":"d5ebc13c-83da-4a20-af5f-583e9de39ae1","type":"Feature","feature_type":"occupant","geometry":null,"properties":{"name":{"ru":"Кабинет 303","en":"Classroom 303"},"shortName":{"ru":"303","en":"303"},"category":"administration","anchor_id":"39ccdf8e-5e3a-41e5-908b-b0f4bd31bddf","hours":null,"phone":null,"email":null,"website":null,"description":null,"iconUrl":null,"correlation_id":null}},{"id":"51528330-36ba-49e0-8e40-59834a43d1ad","type":"Feature","feature_type":"occupant","geometry":null,"properties":{"name":{"ru":"Кафедра Гидроаэродинамики","en":"Department of Hydroaerodynamics"},"shortName":{"ru":"Кафедра Гидроаэродинамики","en":"Department of Hydroaerodynamics"},"category":"administration","anchor_id":"1df8e9a5-4083-474f-842b-c9db78b08ac9","hours":null,"phone":null,"email":null,"website":null,"description":null,"iconUrl":null,"correlation_id":null}},{"id":"14196670-24ff-4b16-a5ba-49c7c4d1bbd8","type":"Feature","feature_type":"occupant","geometry":null,"properties":{"name":{"ru":"Кабинет 312","en":"Classroom 312"},"shortName":{"ru":"312","en":"312"},"category":"classroom","anchor_id":"3f8d7461-8e47-45dc-96fb-401d6b101e96","hours":null,"phone":null,"email":null,"website":null,"description":null,"iconUrl":null,"correlation_id":null}},{"id":"733918b1-afe1-4ecd-ab6c-75c8dd383796","type":"Feature","feature_type":"occupant","geometry":null,"properties":{"name":{"ru":"Кабинет 321","en":"Classroom 321"},"shortName":{"ru":"321","en":"321"},"category":"classroom","anchor_id":"8c148e03-a9a2-473a-8780-3915fa048b0f","hours":null,"phone":null,"email":null,"website":null,"description":null,"iconUrl":null,"correlation_id":null}},{"id":"cc956dc5-3d58-45af-996b-94ddfe4ad5f9","type":"Feature","feature_type":"occupant","geometry":null,"properties":{"name":{"ru":"Кабинет 323","en":"Classroom 323"},"shortName":{"ru":"323","en":"323"},"category":"classroom","anchor_id":"2af72370-2276-4923-80e1-dc28e7861a2f","hours":null,"phone":null,"email":null,"website":null,"description":null,"iconUrl":null,"correlation_id":null}},{"id":"f92b18b7-8504-4efc-abe2-7071567c2f9a","type":"Feature","feature_type":"occupant","geometry":null,"properties":{"name":{"ru":"Кабинет 324","en":"Classroom 324"},"shortName":{"ru":"324","en":"324"},"category":"classroom","anchor_id":"7c4d90ce-f2b5-41d9-a986-91ad72de1209","hours":null,"phone":null,"email":null,"website":null,"description":null,"iconUrl":null,"correlation_id":null}},{"id":"07f7f7d4-ca82-453b-8336-632d2ad5e411","type":"Feature","feature_type":"occupant","geometry":null,"properties":{"name":{"ru":"Кабинет 325","en":"Classroom 325"},"shortName":{"ru":"325","en":"325"},"category":"classroom","anchor_id":"f1613016-53ce-4142-ad9a-f3bc4db55961","hours":null,"phone":null,"email":null,"website":null,"description":null,"iconUrl":null,"correlation_id":null}},{"id":"2fc22372-418b-4736-bfd3-bc0eaec2a2ec","type":"Feature","feature_type":"occupant","geometry":null,"properties":{"name":{"ru":"Кабинет 336","en":"Classroom 336"},"shortName":{"ru":"336","en":"336"},"category":"classroom","anchor_id":"1c2fc32a-42fc-47ca-9fe6-300dea4d86d3","hours":null,"phone":null,"email":null,"website":null,"description":null,"iconUrl":null,"correlation_id":null}},{"id":"9c827002-ce6f-4fff-8bc9-96404e6f1af0","type":"Feature","feature_type":"occupant","geometry":null,"properties":{"name":{"ru":"Лабораторная 350","en":"Lab 350"},"shortName":{"ru":"350","en":"350"},"category":"laboratory","anchor_id":"851e1c2f-dc9a-4091-ac52-3231621f07b7","hours":null,"phone":null,"email":null,"website":null,"description":null,"iconUrl":null,"correlation_id":null}},{"id":"6c9809cf-f1f7-4418-a51e-8a79522c668f","type":"Feature","feature_type":"occupant","geometry":null,"properties":{"name":{"ru":"Кабинет 353","en":"Classroom 353"},"shortName":{"ru":"353","en":"353"},"category":"classroom","anchor_id":"539dbe53-d50d-4817-ad29-cc3c002c8abf","hours":null,"phone":null,"email":null,"website":null,"description":null,"iconUrl":null,"correlation_id":null}},{"id":"34b01815-35b5-4402-aff1-07bbb11946eb","type":"Feature","feature_type":"occupant","geometry":null,"properties":{"name":{"ru":"Кабинет 355","en":"Classroom 355"},"shortName":{"ru":"355","en":"355"},"category":"classroom","anchor_id":"403b2ca4-a0aa-451d-a3b5-7d528c646d4e","hours":null,"phone":null,"email":null,"website":null,"description":null,"iconUrl":null,"correlation_id":null}},{"id":"8c66cb27-edc6-4f91-b6c5-ca5ad0a121ae","type":"Feature","feature_type":"occupant","geometry":null,"properties":{"name":{"ru":"Кабинет 354","en":"Classroom 354"},"shortName":{"ru":"354","en":"354"},"category":"classroom","anchor_id":"37501090-da2f-419e-92c9-ccbd4fee5271","hours":null,"phone":null,"email":null,"website":null,"description":null,"iconUrl":null,"correlation_id":null}},{"id":"22b7ff99-4535-4313-b59f-6908004080a6","type":"Feature","feature_type":"occupant","geometry":null,"properties":{"name":{"ru":"Лабораторная 356","en":"Lab 356"},"shortName":{"ru":"356","en":"356"},"category":"laboratory","anchor_id":"b2ccd1d9-161b-4e7b-bdc0-7059037482a2","hours":null,"phone":null,"email":null,"website":null,"description":null,"iconUrl":null,"correlation_id":null}},{"id":"bda77b57-f307-42ea-bdea-aff9d02881f0","type":"Feature","feature_type":"occupant","geometry":null,"properties":{"name":{"ru":"Кабинет 358","en":"Classroom 358"},"shortName":{"ru":"358","en":"358"},"category":"classroom","anchor_id":"01192673-5951-4302-b039-249296a500a4","hours":null,"phone":null,"email":null,"website":null,"description":null,"iconUrl":null,"correlation_id":null}},{"id":"e9d71dfb-9961-4c4f-9f12-1bf6106c1612","type":"Feature","feature_type":"occupant","geometry":null,"properties":{"name":{"ru":"Кабинет 344","en":"Classroom 344"},"shortName":{"ru":"344","en":"344"},"category":"classroom","anchor_id":"5eb5b021-5328-4e8d-b28e-95fe0e3a71db","hours":null,"phone":null,"email":null,"website":null,"description":null,"iconUrl":null,"correlation_id":null}},{"id":"8cc25e4e-fe23-44ae-b8ae-a83ec6c352db","type":"Feature","feature_type":"occupant","geometry":null,"properties":{"name":{"ru":"Кабинет 307А","en":"Classroom 307А"},"shortName":{"ru":"307А","en":"307А"},"category":"administration","anchor_id":"f58c056f-1988-4e63-9d13-8eec4a8237a3","hours":null,"phone":null,"email":null,"website":null,"description":null,"iconUrl":null,"correlation_id":null}},{"id":"516cb08c-ec3b-4548-8c26-b843f7b03e05","type":"Feature","feature_type":"occupant","geometry":null,"properties":{"name":{"ru":"Кабинет 339","en":"Classroom 339"},"shortName":{"ru":"339","en":"339"},"category":"classroom","anchor_id":"6d4fb671-dbf1-4f35-8797-3aa1181f45c4","hours":null,"phone":null,"email":null,"website":null,"description":null,"iconUrl":null,"correlation_id":null}},{"id":"bc6ecda3-dbea-4018-86e5-1e345713c690","type":"Feature","feature_type":"occupant","geometry":null,"properties":{"name":{"ru":"Кабинет 421","en":"Classroom 421"},"shortName":{"ru":"421","en":"421"},"category":"classroom","anchor_id":"dbd62497-72e8-48e7-a4b1-cfbc074c10fb","hours":null,"phone":null,"email":null,"website":null,"description":null,"iconUrl":null,"correlation_id":null}},{"id":"c9a4f48a-7e17-47fe-8a64-587bfe2b92d5","type":"Feature","feature_type":"occupant","geometry":null,"properties":{"name":{"ru":"Туалет мужской","en":"Restroom male"},"shortName":{"ru":"Туалет М.","en":"Restroom M."},"category":"restroom.male","anchor_id":"1e80c5bb-d0e7-49a5-ae45-416a9b4c1230","hours":null,"phone":null,"email":null,"website":null,"description":null,"iconUrl":null,"correlation_id":null}},{"id":"d3794ce5-bdc9-46a8-a114-6d005e2b40b7","type":"Feature","feature_type":"occupant","geometry":null,"properties":{"name":{"ru":"Кабинет 413","en":"Classroom 413"},"shortName":{"ru":"413","en":"413"},"category":"classroom","anchor_id":"031584e1-6b52-4f7f-b111-f30afdffe0c3","hours":null,"phone":null,"email":null,"website":null,"description":null,"iconUrl":null,"correlation_id":null}},{"id":"d8205169-40ab-4b09-8d83-ed07050519d9","type":"Feature","feature_type":"occupant","geometry":null,"properties":{"name":{"ru":"Кабинет 431","en":"Classroom 431"},"shortName":{"ru":"431","en":"431"},"category":"classroom","anchor_id":"5b3c2059-c542-4b66-aaff-91410cc9eaa5","hours":null,"phone":null,"email":null,"website":null,"description":null,"iconUrl":null,"correlation_id":null}},{"id":"adebf544-dabd-4210-a356-00efb5d67286","type":"Feature","feature_type":"occupant","geometry":null,"properties":{"name":{"ru":"Кабинет 427","en":"Classroom 427"},"shortName":{"ru":"427","en":"427"},"category":"classroom","anchor_id":"6a8862fc-b287-4c19-9af9-b30cbd341878","hours":null,"phone":null,"email":null,"website":null,"description":null,"iconUrl":null,"correlation_id":null}},{"id":"23bb01f7-fa6c-45da-a6b7-7f7d61c347d0","type":"Feature","feature_type":"occupant","geometry":null,"properties":{"name":{"ru":"Кабинет 426","en":"Classroom 426"},"shortName":{"ru":"426","en":"426"},"category":"classroom","anchor_id":"36f02c9a-bfd4-4cfd-b271-9ece5568f877","hours":null,"phone":null,"email":null,"website":null,"description":null,"iconUrl":null,"correlation_id":null}},{"id":"6e45597f-d36c-4653-a2d5-dc9c7dda931f","type":"Feature","feature_type":"occupant","geometry":null,"properties":{"name":{"ru":"Кабинет 423","en":"Classroom 423"},"shortName":{"ru":"423","en":"423"},"category":"classroom","anchor_id":"d5be4f0f-3148-4da4-ae24-f0caf5c32c74","hours":null,"phone":null,"email":null,"website":null,"description":null,"iconUrl":null,"correlation_id":null}},{"id":"41ad0867-0114-4f9e-8049-ddd815ea417a","type":"Feature","feature_type":"occupant","geometry":null,"properties":{"name":{"ru":"Кабинет 424","en":"Classroom 424"},"shortName":{"ru":"424","en":"424"},"category":"classroom","anchor_id":"7340c646-c3a3-41d9-9963-d6342b3fb12a","hours":null,"phone":null,"email":null,"website":null,"description":null,"iconUrl":null,"correlation_id":null}},{"id":"e12d5d00-9967-4858-9816-6e1cc1c89f48","type":"Feature","feature_type":"occupant","geometry":null,"properties":{"name":{"ru":"Лабораторная 425","en":"Lab 425"},"shortName":{"ru":"425","en":"425"},"category":"laboratory","anchor_id":"3d9247a8-57cf-454f-96e7-ab83cfa93802","hours":null,"phone":null,"email":null,"website":null,"description":null,"iconUrl":null,"correlation_id":null}},{"id":"12e77b10-9e24-41ff-a9f0-81ff596151d6","type":"Feature","feature_type":"occupant","geometry":null,"properties":{"name":{"ru":"Кабинет 420","en":"Classroom 420"},"shortName":{"ru":"420","en":"420"},"category":"classroom","anchor_id":"a833cb5f-9bc3-470d-b06b-ce229f761bf7","hours":null,"phone":null,"email":null,"website":null,"description":null,"iconUrl":null,"correlation_id":null}},{"id":"713a7420-f4ba-48f4-aa4d-dd521ff33266","type":"Feature","feature_type":"occupant","geometry":null,"properties":{"name":{"ru":"Кабинет 417","en":"Classroom 417"},"shortName":{"ru":"417","en":"417"},"category":"classroom","anchor_id":"7c174224-5b99-4dd2-94fa-5333f0128018","hours":null,"phone":null,"email":null,"website":null,"description":null,"iconUrl":null,"correlation_id":null}},{"id":"4713259a-55f8-4d77-a9a9-455d9c7e8454","type":"Feature","feature_type":"occupant","geometry":null,"properties":{"name":{"ru":"Кабинет 416а","en":"Classroom 416а"},"shortName":{"ru":"416а","en":"416а"},"category":"classroom","anchor_id":"2df969e7-4526-49b0-88d1-83ab7527ab2a","hours":null,"phone":null,"email":null,"website":null,"description":null,"iconUrl":null,"correlation_id":null}},{"id":"e36ab537-c719-4657-bef6-013b351428c9","type":"Feature","feature_type":"occupant","geometry":null,"properties":{"name":{"ru":"Кабинет 416","en":"Classroom 416"},"shortName":{"ru":"416","en":"416"},"category":"classroom","anchor_id":"3da20028-6431-4824-8c38-5b3a7bb743a2","hours":null,"phone":null,"email":null,"website":null,"description":null,"iconUrl":null,"correlation_id":null}},{"id":"56e3dbb2-0ec9-46c8-ad12-68709dd54290","type":"Feature","feature_type":"occupant","geometry":null,"properties":{"name":{"ru":"Кабинет 413","en":"Classroom 413"},"shortName":{"ru":"413","en":"413"},"category":"classroom","anchor_id":"31425f1c-9017-4e98-b9bc-58a7cafe049f","hours":null,"phone":null,"email":null,"website":null,"description":null,"iconUrl":null,"correlation_id":null}},{"id":"7a0a670a-ec4e-41a6-8857-59dd56a289b9","type":"Feature","feature_type":"occupant","geometry":null,"properties":{"name":{"ru":"Кабинет 411","en":"Classroom 411"},"shortName":{"ru":"411","en":"411"},"category":"classroom","anchor_id":"f9afc5f8-f01a-4193-9e73-3bd5beb6e4ff","hours":null,"phone":null,"email":null,"website":null,"description":null,"iconUrl":null,"correlation_id":null}},{"id":"b3a48d96-16d3-4e70-8f7a-8cf76153a1db","type":"Feature","feature_type":"occupant","geometry":null,"properties":{"name":{"ru":"Кабинет 409","en":"Classroom 409"},"shortName":{"ru":"409","en":"409"},"category":"classroom","anchor_id":"c6b88903-d906-4fc0-8034-f7bf5ea308a1","hours":null,"phone":null,"email":null,"website":null,"description":null,"iconUrl":null,"correlation_id":null}},{"id":"6ca024a6-0ca7-4efd-b035-736911f19826","type":"Feature","feature_type":"occupant","geometry":null,"properties":{"name":{"ru":"Кабинет 408","en":"Classroom 408"},"shortName":{"ru":"408","en":"408"},"category":"classroom","anchor_id":"ffd78b78-311d-4800-aa8c-800384d1fd20","hours":null,"phone":null,"email":null,"website":null,"description":null,"iconUrl":null,"correlation_id":null}},{"id":"6be440db-d775-47c7-b417-2453b64c66ae","type":"Feature","feature_type":"occupant","geometry":null,"properties":{"name":{"ru":"Лекторий 440","en":"Auditorium 440"},"shortName":{"ru":"440","en":"440"},"category":"auditorium","anchor_id":"5bbb1d2e-0cbd-4111-b448-5283330be169","hours":null,"phone":null,"email":null,"website":null,"description":null,"iconUrl":null,"correlation_id":null}},{"id":"c8cb7aea-8d5e-43de-b4bb-cea69bc17205","type":"Feature","feature_type":"occupant","geometry":null,"properties":{"name":{"ru":"Кабинет 442","en":"Classroom 442"},"shortName":{"ru":"442","en":"442"},"category":"classroom","anchor_id":"85cee808-7329-440d-b104-e3b4f03ec0d5","hours":null,"phone":null,"email":null,"website":null,"description":null,"iconUrl":null,"correlation_id":null}},{"id":"942e16f2-9528-435d-96fe-e708a33be23d","type":"Feature","feature_type":"occupant","geometry":null,"properties":{"name":{"ru":"Лекторий 468","en":"Auditorium 468"},"shortName":{"ru":"468","en":"468"},"category":"auditorium","anchor_id":"8cb5fced-ec06-48c6-81f1-4347fe6ef1ab","hours":null,"phone":null,"email":null,"website":null,"description":null,"iconUrl":null,"correlation_id":null}},{"id":"41680de8-06f7-4a90-b2b5-0d233fa7d892","type":"Feature","feature_type":"occupant","geometry":null,"properties":{"name":{"ru":"Кабинет 467","en":"Classroom 467"},"shortName":{"ru":"467","en":"467"},"category":"classroom","anchor_id":"6bdd856c-1e29-414d-805a-372629368998","hours":null,"phone":null,"email":null,"website":null,"description":null,"iconUrl":null,"correlation_id":null}},{"id":"538b2f92-6c82-45ab-93c6-f98cfd762476","type":"Feature","feature_type":"occupant","geometry":null,"properties":{"name":{"ru":"Кабинет 466","en":"Classroom 466"},"shortName":{"ru":"466","en":"466"},"category":"classroom","anchor_id":"13f971f2-ffdf-4e2e-b9bd-21eaec0e1255","hours":null,"phone":null,"email":null,"website":null,"description":null,"iconUrl":null,"correlation_id":null}},{"id":"829ab677-39ea-4663-90c0-3711b881101a","type":"Feature","feature_type":"occupant","geometry":null,"properties":{"name":{"ru":"Лабораторная 462","en":"Lab 462"},"shortName":{"ru":"462","en":"462"},"category":"laboratory","anchor_id":"d8c2c58d-6e7f-4852-b1ad-c0a0bc5177c8","hours":null,"phone":null,"email":null,"website":null,"description":null,"iconUrl":null,"correlation_id":null}},{"id":"c585a64c-76f8-4ca7-86e5-79a54ccf9255","type":"Feature","feature_type":"occupant","geometry":null,"properties":{"name":{"ru":"Кабинет 451","en":"Classroom 451"},"shortName":{"ru":"451","en":"451"},"category":"classroom","anchor_id":"0ff379d9-d324-4cee-8dd8-281461bddb85","hours":null,"phone":null,"email":null,"website":null,"description":null,"iconUrl":null,"correlation_id":null}},{"id":"b6799072-1f19-412b-bc3e-d613bce8c871","type":"Feature","feature_type":"occupant","geometry":null,"properties":{"name":{"ru":"Кабинет 448а","en":"Classroom 448а"},"shortName":{"ru":"448а","en":"448а"},"category":"classroom","anchor_id":"b1ae6169-591d-4af2-ad80-74ee87a4b023","hours":null,"phone":null,"email":null,"website":null,"description":null,"iconUrl":null,"correlation_id":null}},{"id":"18b67ad5-685e-417b-91bd-e337e6e3a913","type":"Feature","feature_type":"occupant","geometry":null,"properties":{"name":{"ru":"Кабинет 454","en":"Classroom 454"},"shortName":{"ru":"454","en":"454"},"category":"classroom","anchor_id":"e6d01bc6-cec4-4375-85ce-19bcf8cfe9f7","hours":null,"phone":null,"email":null,"website":null,"description":null,"iconUrl":null,"correlation_id":null}},{"id":"ad7803a7-496c-407f-9076-3882a461b57f","type":"Feature","feature_type":"occupant","geometry":null,"properties":{"name":{"ru":"Кабинет 457","en":"Classroom 457"},"shortName":{"ru":"457","en":"457"},"category":"classroom","anchor_id":"efb179f6-0b4f-4b50-876c-510cc76a1c37","hours":null,"phone":null,"email":null,"website":null,"description":null,"iconUrl":null,"correlation_id":null}},{"id":"665a6bc4-1b16-461e-a4a9-0e38d10ed853","type":"Feature","feature_type":"occupant","geometry":null,"properties":{"name":{"ru":"Кабинет 458","en":"Classroom 458"},"shortName":{"ru":"458","en":"458"},"category":"classroom","anchor_id":"638ffdcb-0b97-47d4-9a29-2fe553d8de79","hours":null,"phone":null,"email":null,"website":null,"description":null,"iconUrl":null,"correlation_id":null}},{"id":"17211af9-2071-4678-981e-ab61a810c08d","type":"Feature","feature_type":"occupant","geometry":null,"properties":{"name":{"ru":"Кабинет 459","en":"Classroom 459"},"shortName":{"ru":"459","en":"459"},"category":"classroom","anchor_id":"3782f1dd-0fd8-46de-a0a6-d9ba46bb81a9","hours":null,"phone":null,"email":null,"website":null,"description":null,"iconUrl":null,"correlation_id":null}},{"id":"a3a39b5e-9d21-43f7-8ab3-1981231a5503","type":"Feature","feature_type":"occupant","geometry":null,"properties":{"name":{"ru":"Кабинет 461","en":"Classroom 461"},"shortName":{"ru":"461","en":"461"},"category":"classroom","anchor_id":"88b7a174-207a-488e-b335-4611ceba8023","hours":null,"phone":null,"email":null,"website":null,"description":null,"iconUrl":null,"correlation_id":null}},{"id":"6fbf86c1-1570-4d36-a69f-55c026ab8e3e","type":"Feature","feature_type":"occupant","geometry":null,"properties":{"name":{"ru":"Кабинет 461а","en":"Classroom 461а"},"shortName":{"ru":"461а","en":"461а"},"category":"classroom","anchor_id":"c6f3b734-9717-4663-9711-e57cd9d70403","hours":null,"phone":null,"email":null,"website":null,"description":null,"iconUrl":null,"correlation_id":null}},{"id":"b8f98217-888c-4bfd-9b46-118aa2d7c7e0","type":"Feature","feature_type":"occupant","geometry":null,"properties":{"name":{"ru":"Кабинет 440","en":"Classroom 440"},"shortName":{"ru":"440","en":"440"},"category":"classroom","anchor_id":"097f2fa9-e0b3-4289-8f53-a41f8cea4620","hours":null,"phone":null,"email":null,"website":null,"description":null,"iconUrl":null,"correlation_id":null}},{"id":"940d757e-da7e-4c77-a4f7-2d5d70b02514","type":"Feature","feature_type":"occupant","geometry":null,"properties":{"name":{"ru":"Кабинет 438","en":"Classroom 438"},"shortName":{"ru":"438","en":"438"},"category":"classroom","anchor_id":"f2abdf5d-0e72-4a6c-969e-2cab7868c1ff","hours":null,"phone":null,"email":null,"website":null,"description":null,"iconUrl":null,"correlation_id":null}},{"id":"13d8ecfd-2bf9-4b93-9c2c-c54685e30f94","type":"Feature","feature_type":"occupant","geometry":null,"properties":{"name":{"ru":"Кабинет 437","en":"Classroom 437"},"shortName":{"ru":"437","en":"437"},"category":"classroom","anchor_id":"e8123c54-69f1-4e09-b171-e7dc831f5944","hours":null,"phone":null,"email":null,"website":null,"description":null,"iconUrl":null,"correlation_id":null}},{"id":"2dc8b261-245c-45ce-b4c0-6a4cd98b1a61","type":"Feature","feature_type":"occupant","geometry":null,"properties":{"name":{"ru":"Кабинет 436","en":"Classroom 436"},"shortName":{"ru":"436","en":"436"},"category":"classroom","anchor_id":"35bee88a-3b76-4405-b515-98906ac14e23","hours":null,"phone":null,"email":null,"website":null,"description":null,"iconUrl":null,"correlation_id":null}},{"id":"241f8887-bf59-41a9-9e75-ebad9bbfe553","type":"Feature","feature_type":"occupant","geometry":null,"properties":{"name":{"ru":"Кабинет 435","en":"Classroom 435"},"shortName":{"ru":"435","en":"435"},"category":"classroom","anchor_id":"4a91fadf-4813-44a2-b02f-6dd810f6a647","hours":null,"phone":null,"email":null,"website":null,"description":null,"iconUrl":null,"correlation_id":null}},{"id":"b16cc54d-3264-42bc-9e72-8f50c5a78767","type":"Feature","feature_type":"occupant","geometry":null,"properties":{"name":{"ru":"Туалет женский","en":"Restroom female"},"shortName":{"ru":"Туалет Ж.","en":"Restroom F."},"category":"restroom.female","anchor_id":"c4c71d66-18bc-4dbe-93cf-00db2b8ec6cd","hours":null,"phone":null,"email":null,"website":null,"description":null,"iconUrl":null,"correlation_id":null}},{"id":"53fb150f-a320-4c6c-b605-d3d3d7a55aea","type":"Feature","feature_type":"occupant","geometry":null,"properties":{"name":{"ru":"Кабинет 414","en":"Classroom 414"},"shortName":{"ru":"414","en":"414"},"category":"classroom","anchor_id":"d48f9d88-8c4a-4352-8b40-707bf2816dff","hours":null,"phone":null,"email":null,"website":null,"description":null,"iconUrl":null,"correlation_id":null}},{"id":"c87b5933-0b12-4de2-aa67-0ef033ebb3e4","type":"Feature","feature_type":"occupant","geometry":null,"properties":{"name":{"ru":"Кабинет 418","en":"Classroom 418"},"shortName":{"ru":"418","en":"418"},"category":"classroom","anchor_id":"1ecaed05-39d9-43f3-9c77-7a517be2222c","hours":null,"phone":null,"email":null,"website":null,"description":null,"iconUrl":null,"correlation_id":null}},{"id":"37179e2f-b08d-4529-bbc6-f242eb5ad0da","type":"Feature","feature_type":"occupant","geometry":null,"properties":{"name":{"ru":"Кабинет 419","en":"Classroom 419"},"shortName":{"ru":"419","en":"419"},"category":"classroom","anchor_id":"8abe8c12-8bef-4cdc-a416-c90fb85e6324","hours":null,"phone":null,"email":null,"website":null,"description":null,"iconUrl":null,"correlation_id":null}},{"id":"e84f5dda-1755-44e4-8ff5-58c4c6ad77f4","type":"Feature","feature_type":"occupant","geometry":null,"properties":{"name":{"ru":"Кабинет 420","en":"Classroom 420"},"shortName":{"ru":"420","en":"420"},"category":"classroom","anchor_id":"052885e1-a93b-4bb5-bc38-ef2d0ca9f10a","hours":null,"phone":null,"email":null,"website":null,"description":null,"iconUrl":null,"correlation_id":null}},{"id":"d34976f9-99fa-4a9a-8cda-d12c977ec780","type":"Feature","feature_type":"occupant","geometry":null,"properties":{"name":{"ru":"Кабинет 422","en":"Classroom 422"},"shortName":{"ru":"422","en":"422"},"category":"classroom","anchor_id":"008854e4-5c4f-4ebd-85ab-b61101fbff2c","hours":null,"phone":null,"email":null,"website":null,"description":null,"iconUrl":null,"correlation_id":null}},{"id":"f4dea062-c7d8-447e-a1c9-1f653df67968","type":"Feature","feature_type":"occupant","geometry":null,"properties":{"name":{"ru":"Кабинет 424","en":"Classroom 424"},"shortName":{"ru":"424","en":"424"},"category":"classroom","anchor_id":"0b3a3fa6-d651-45d2-9284-9fd29ef188f6","hours":null,"phone":null,"email":null,"website":null,"description":null,"iconUrl":null,"correlation_id":null}},{"id":"dcf9f358-376f-4548-a4bd-06966d367727","type":"Feature","feature_type":"occupant","geometry":null,"properties":{"name":{"ru":"Кабинет 425","en":"Classroom 425"},"shortName":{"ru":"425","en":"425"},"category":"classroom","anchor_id":"8cdc1b8c-3da2-4e41-9ae1-fdd0a3e7ecef","hours":null,"phone":null,"email":null,"website":null,"description":null,"iconUrl":null,"correlation_id":null}},{"id":"2479c302-745b-42b3-9974-54731cfe4c59","type":"Feature","feature_type":"occupant","geometry":null,"properties":{"name":{"ru":"Кабинет 439","en":"Classroom 439"},"shortName":{"ru":"439","en":"439"},"category":"classroom","anchor_id":"58211014-367a-4321-bdea-7b647771fadd","hours":null,"phone":null,"email":null,"website":null,"description":null,"iconUrl":null,"correlation_id":null}},{"id":"34236cf4-840f-41d2-b2fb-af3f5e9b7496","type":"Feature","feature_type":"occupant","geometry":null,"properties":{"name":{"ru":"Туалет женский","en":"Restroom female"},"shortName":{"ru":"Туалет Ж.","en":"Restroom F."},"category":"restroom.female","anchor_id":"16017900-cec0-4150-8f0b-994829ac2bc7","hours":null,"phone":null,"email":null,"website":null,"description":null,"iconUrl":null,"correlation_id":null}},{"id":"aa353215-76ec-4875-bdb2-b195b9fdfbae","type":"Feature","feature_type":"occupant","geometry":null,"properties":{"name":{"ru":"Кабинет 429","en":"Classroom 429"},"shortName":{"ru":"429","en":"429"},"category":"classroom","anchor_id":"960551d2-271c-4acc-bc4f-b25426b98811","hours":null,"phone":null,"email":null,"website":null,"description":null,"iconUrl":null,"correlation_id":null}},{"id":"9f245958-c49d-47e8-a355-c5c79351bad5","type":"Feature","feature_type":"occupant","geometry":null,"properties":{"name":{"ru":"Туалет мужской","en":"Restroom male"},"shortName":{"ru":"Туалет М.","en":"Restroom M."},"category":"restroom.male","anchor_id":"80f92394-7c91-4df5-b0da-55a977bff77c","hours":null,"phone":null,"email":null,"website":null,"description":null,"iconUrl":null,"correlation_id":null}},{"id":"bdf21aba-f66e-4ae5-b504-d66f2d803fc9","type":"Feature","feature_type":"occupant","geometry":null,"properties":{"name":{"ru":"Кабинет 409","en":"Classroom 409"},"shortName":{"ru":"409","en":"409"},"category":"administration","anchor_id":"0986d25e-c667-4e8b-b63a-6c17882b369c","hours":null,"phone":null,"email":null,"website":null,"description":null,"iconUrl":null,"correlation_id":null}},{"id":"231d4565-863f-43b7-bc9d-4863d8e37c19","type":"Feature","feature_type":"occupant","geometry":null,"properties":{"name":{"ru":"Кабинет 408","en":"Classroom 408"},"shortName":{"ru":"408","en":"408"},"category":"administration","anchor_id":"8499da8c-0311-4b36-a1ad-5d430b2cb991","hours":null,"phone":null,"email":null,"website":null,"description":null,"iconUrl":null,"correlation_id":null}},{"id":"b7fcac69-ff81-4f54-9ea0-b9f409c747f3","type":"Feature","feature_type":"occupant","geometry":null,"properties":{"name":{"ru":"Кабинет 406","en":"Classroom 406"},"shortName":{"ru":"406","en":"406"},"category":"administration","anchor_id":"408a4d95-b2b0-4a42-b521-9adb2237dea4","hours":null,"phone":null,"email":null,"website":null,"description":null,"iconUrl":null,"correlation_id":null}},{"id":"4725e589-03dd-40ce-8870-7f3c17e5fda5","type":"Feature","feature_type":"occupant","geometry":null,"properties":{"name":{"ru":"Кабинет 405","en":"Classroom 405"},"shortName":{"ru":"405","en":"405"},"category":"administration","anchor_id":"e45f2b76-ecb7-4995-80af-e94c687bc495","hours":null,"phone":null,"email":null,"website":null,"description":null,"iconUrl":null,"correlation_id":null}},{"id":"276c0fe4-24ab-4947-b3a4-245eee678bf6","type":"Feature","feature_type":"occupant","geometry":null,"properties":{"name":{"ru":"Кабинет 404","en":"Classroom 404"},"shortName":{"ru":"404","en":"404"},"category":"administration","anchor_id":"c4dade98-36c6-45f3-bffe-4b126ba990a5","hours":null,"phone":null,"email":null,"website":null,"description":null,"iconUrl":null,"correlation_id":null}},{"id":"d30cf7f8-790a-4d3a-b72f-1b92f751845b","type":"Feature","feature_type":"occupant","geometry":null,"properties":{"name":{"ru":"Кабинет 403","en":"Classroom 403"},"shortName":{"ru":"403","en":"403"},"category":"administration","anchor_id":"dfa84ae8-4dba-4b79-aca8-136da5e737bd","hours":null,"phone":null,"email":null,"website":null,"description":null,"iconUrl":null,"correlation_id":null}},{"id":"5c379ca7-78b1-488a-884b-04aa3979c18b","type":"Feature","feature_type":"occupant","geometry":null,"properties":{"name":{"ru":"402","en":"402"},"shortName":{"ru":"402","en":"402"},"category":"administration","anchor_id":"b286d142-d252-4431-9e43-bb7fb02c186d","hours":null,"phone":null,"email":null,"website":null,"description":null,"iconUrl":null,"correlation_id":null}},{"id":"46ae1344-2a7e-43c0-afdb-271737aae389","type":"Feature","feature_type":"occupant","geometry":null,"properties":{"name":{"ru":"401","en":"401"},"shortName":{"ru":"401","en":"401"},"category":"administration","anchor_id":"20abc437-35eb-49cc-8266-14ba5945677d","hours":null,"phone":null,"email":null,"website":null,"description":null,"iconUrl":null,"correlation_id":null}},{"id":"f303bbe4-9df7-4619-a939-352d6e2f0036","type":"Feature","feature_type":"occupant","geometry":null,"properties":{"name":{"ru":"400","en":"Classroom 201"},"shortName":{"ru":"400","en":"400"},"category":"administration","anchor_id":"633ae81f-42f0-4964-9674-7798f706fd4a","hours":null,"phone":null,"email":null,"website":null,"description":null,"iconUrl":null,"correlation_id":null}},{"id":"917f70eb-2514-4525-bfd4-1e383a73418b","type":"Feature","feature_type":"occupant","geometry":null,"properties":{"name":{"ru":"Кабинет 5","en":"Classroom 5"},"shortName":{"ru":"5","en":"5"},"category":"classroom","anchor_id":"e1cbed33-efbc-4bae-bfe5-5d9af9e31e0e","hours":null,"phone":null,"email":null,"website":null,"description":null,"iconUrl":null,"correlation_id":null}},{"id":"75763a72-437f-401b-83cf-4daac0f75b02","type":"Feature","feature_type":"occupant","geometry":null,"properties":{"name":{"ru":"Кабинет 6","en":"Classroom 6"},"shortName":{"ru":"6","en":"6"},"category":"classroom","anchor_id":"bc36bd28-73f7-445f-b8e5-b4f7599ed68d","hours":null,"phone":null,"email":null,"website":null,"description":null,"iconUrl":null,"correlation_id":null}},{"id":"c592f0d6-ea09-4db2-9d5a-40d0952b661a","type":"Feature","feature_type":"occupant","geometry":null,"properties":{"name":{"ru":"Кабинет 1","en":"Classroom 1"},"shortName":{"ru":"1","en":"1"},"category":"classroom","anchor_id":"0780cd23-2035-41e9-be6a-520a3d1a5476","hours":null,"phone":null,"email":null,"website":null,"description":null,"iconUrl":null,"correlation_id":null}},{"id":"2c45364c-a08e-49cc-b371-573780fbdefd","type":"Feature","feature_type":"occupant","geometry":null,"properties":{"name":{"ru":"Кабинет 2","en":"Classroom 2"},"shortName":{"ru":"2","en":"2"},"category":"classroom","anchor_id":"1a445030-50ef-412e-a79d-cf7dec517ed0","hours":null,"phone":null,"email":null,"website":null,"description":null,"iconUrl":null,"correlation_id":null}},{"id":"1ecc8295-fbcd-4d7f-a541-7e6fe354ec7a","type":"Feature","feature_type":"occupant","geometry":null,"properties":{"name":{"ru":"Кабинет 4","en":"Classroom 4"},"shortName":{"ru":"4","en":"4"},"category":"classroom","anchor_id":"2e62a132-73ad-47b6-892d-4c239628881c","hours":null,"phone":null,"email":null,"website":null,"description":null,"iconUrl":null,"correlation_id":null}},{"id":"f84a67b6-4806-4953-bc83-73743180c126","type":"Feature","feature_type":"occupant","geometry":null,"properties":{"name":{"ru":"Кабинет 3","en":"Classroom 3"},"shortName":{"ru":"3","en":"3"},"category":"classroom","anchor_id":"528681a9-2edb-4c9c-a0d6-936e0e63e297","hours":null,"phone":null,"email":null,"website":null,"description":null,"iconUrl":null,"correlation_id":null}},{"id":"7b9c9e81-4b1d-417f-b538-c743590e43fd","type":"Feature","feature_type":"occupant","geometry":null,"properties":{"name":{"ru":"Кабинет 8","en":"Classroom 8"},"shortName":{"ru":"8","en":"8"},"category":"classroom","anchor_id":"1458db1a-a8f9-4a76-91e8-aa0675801928","hours":null,"phone":null,"email":null,"website":null,"description":null,"iconUrl":null,"correlation_id":null}},{"id":"8283e7cc-bb3c-47c7-aa32-b44330874b8b","type":"Feature","feature_type":"occupant","geometry":null,"properties":{"name":{"ru":"Кабинет 426","en":"Classroom 426"},"shortName":{"ru":"426","en":"426"},"category":"classroom","anchor_id":"b52b3183-49b0-4315-93a5-bff9f02cb701","hours":null,"phone":null,"email":null,"website":null,"description":null,"iconUrl":null,"correlation_id":null}},{"id":"8922d307-f469-4d1f-9e12-1c019312c35b","type":"Feature","feature_type":"occupant","geometry":null,"properties":{"name":{"ru":"Кабинет 417","en":"Classroom 417"},"shortName":{"ru":"417","en":"417"},"category":"classroom","anchor_id":"e4118a1c-fd6b-4183-b3f1-c8a5e35f9393","hours":null,"phone":null,"email":null,"website":null,"description":null,"iconUrl":null,"correlation_id":null}},{"id":"9fcbdcd6-04b4-4f5f-b735-c107348d631d","type":"Feature","feature_type":"occupant","geometry":null,"properties":{"name":{"ru":"Кабинет 426а","en":"Classroom 426а"},"shortName":{"ru":"426а","en":"426а"},"category":"classroom","anchor_id":"72375815-8006-49ba-ba13-bc55d3e221d6","hours":null,"phone":null,"email":null,"website":null,"description":null,"iconUrl":null,"correlation_id":null}},{"id":"c7a610ed-18cf-412d-bfd1-55fbe1f1cb41","type":"Feature","feature_type":"occupant","geometry":null,"properties":{"name":{"ru":"Кабинет 428","en":"Classroom 428"},"shortName":{"ru":"428","en":"428"},"category":"classroom","anchor_id":"a7b68772-2d9f-4591-b42c-004a57c38a06","hours":null,"phone":null,"email":null,"website":null,"description":null,"iconUrl":null,"correlation_id":null}},{"id":"5aed17ca-ea0a-425f-b7b5-3975b6e4e755","type":"Feature","feature_type":"occupant","geometry":null,"properties":{"name":{"ru":"Кабинет 432","en":"Classroom 432"},"shortName":{"ru":"432","en":"432"},"category":"classroom","anchor_id":"76c36d49-504d-43b5-b20b-1bb8e2c2d45c","hours":null,"phone":null,"email":null,"website":null,"description":null,"iconUrl":null,"correlation_id":null}},{"id":"88d79349-8065-427c-8fc5-fa834de61bf3","type":"Feature","feature_type":"occupant","geometry":null,"properties":{"name":{"ru":"Кабинет 431","en":"Classroom 431"},"shortName":{"ru":"431","en":"431"},"category":"classroom","anchor_id":"e89b8e40-f301-4149-82d5-90b5bc5dafd5","hours":null,"phone":null,"email":null,"website":null,"description":null,"iconUrl":null,"correlation_id":null}},{"id":"c4a1d765-34a2-4e2b-8522-7e6b4b833b9d","type":"Feature","feature_type":"occupant","geometry":null,"properties":{"name":{"ru":"Кабинет 430","en":"Classroom 430"},"shortName":{"ru":"430","en":"430"},"category":"classroom","anchor_id":"317fe2f5-1655-46e5-a5a6-e2cd5926d2f1","hours":null,"phone":null,"email":null,"website":null,"description":null,"iconUrl":null,"correlation_id":null}},{"id":"a3a6d82a-f145-4048-a241-86a5a33b0610","type":"Feature","feature_type":"occupant","geometry":null,"properties":{"name":{"ru":"Кабинет 7","en":"Classroom 7"},"shortName":{"ru":"7","en":"7"},"category":"classroom","anchor_id":"8aafd1d2-c790-4cda-a196-3e05aee904ad","hours":null,"phone":null,"email":null,"website":null,"description":null,"iconUrl":null,"correlation_id":null}},{"id":"06850e8c-eb59-4d54-90ca-d54c001c9ce0","type":"Feature","feature_type":"occupant","geometry":null,"properties":{"name":{"ru":"Лекторий 470","en":"Auditorium 470"},"shortName":{"ru":"470","en":"470"},"category":"auditorium","anchor_id":"96562e97-5649-4961-8ee2-52aaa822ba0c","hours":null,"phone":null,"email":null,"website":null,"description":null,"iconUrl":null,"correlation_id":null}},{"id":"cddf523a-ca1d-4020-8747-84cff106cbd7","type":"Feature","feature_type":"occupant","geometry":null,"properties":{"name":{"ru":"Туалет мужской","en":"Restroom male"},"shortName":{"ru":"Туалет М.","en":"Restroom M."},"category":"restroom.male","anchor_id":"fcc1f42a-06be-4ead-a4b4-6c22564007d7","hours":null,"phone":null,"email":null,"website":null,"description":null,"iconUrl":null,"correlation_id":null}},{"id":"44974e8e-20a2-4aba-b4ac-717675704c61","type":"Feature","feature_type":"occupant","geometry":null,"properties":{"name":{"ru":"Лекторий 444","en":"Auditorium 444"},"shortName":{"ru":"444","en":"444"},"category":"auditorium","anchor_id":"260e6847-0e75-4524-9bb7-53af59250829","hours":null,"phone":null,"email":null,"website":null,"description":null,"iconUrl":null,"correlation_id":null}},{"id":"1c60bd69-bb07-4e62-8f09-ee2680d9b960","type":"Feature","feature_type":"occupant","geometry":null,"properties":{"name":{"ru":"Кабинет 430а","en":"Classroom 430а"},"shortName":{"ru":"430а","en":"430а"},"category":"classroom","anchor_id":"03fb5250-820a-475d-9d0e-95b62ee268ee","hours":null,"phone":null,"email":null,"website":null,"description":null,"iconUrl":null,"correlation_id":null}},{"id":"61041b1f-b290-4e4a-ae0f-f5eeb0610bf2","type":"Feature","feature_type":"occupant","geometry":null,"properties":{"name":{"ru":"Кабинет 430","en":"Classroom 430"},"shortName":{"ru":"430","en":"430"},"category":"classroom","anchor_id":"f9423678-3e1a-4b61-8658-0f15b0333dfc","hours":null,"phone":null,"email":null,"website":null,"description":null,"iconUrl":null,"correlation_id":null}},{"id":"dc64ce05-558e-43fe-9f40-6fcabe0e727c","type":"Feature","feature_type":"occupant","geometry":null,"properties":{"name":{"ru":"Кабинет 450","en":"Classroom 450"},"shortName":{"ru":"450","en":"450"},"category":"classroom","anchor_id":"81333e6c-dfc0-4594-811f-dc9be3770b90","hours":null,"phone":null,"email":null,"website":null,"description":null,"iconUrl":null,"correlation_id":null}},{"id":"f706360b-e643-48e9-91fa-6b331def7e24","type":"Feature","feature_type":"occupant","geometry":null,"properties":{"name":{"ru":"Кабинет 452","en":"Classroom 452"},"shortName":{"ru":"452","en":"452"},"category":"classroom","anchor_id":"f6796a22-c18c-4a78-b82d-a7fa071d4f78","hours":null,"phone":null,"email":null,"website":null,"description":null,"iconUrl":null,"correlation_id":null}},{"id":"c997e972-19ce-4d0e-b309-5fc26cfa5786","type":"Feature","feature_type":"occupant","geometry":null,"properties":{"name":{"ru":"Лекторий 443","en":"Auditorium 443"},"shortName":{"ru":"443","en":"443"},"category":"auditorium","anchor_id":"cb633668-6cdf-4801-af9f-02ddb797a604","hours":null,"phone":null,"email":null,"website":null,"description":null,"iconUrl":null,"correlation_id":null}},{"id":"07eca8d1-beda-4611-9858-5a4f70ca90c9","type":"Feature","feature_type":"occupant","geometry":null,"properties":{"name":{"ru":"Кабинет 428","en":"Classroom 428"},"shortName":{"ru":"428","en":"428"},"category":"classroom","anchor_id":"04e0f5c6-1706-4cb5-9b1b-6e4d375eb5dc","hours":null,"phone":null,"email":null,"website":null,"description":null,"iconUrl":null,"correlation_id":null}},{"id":"b36778c9-f8b8-40e5-be65-36d43d6ee48b","type":"Feature","feature_type":"occupant","geometry":null,"properties":{"name":{"ru":"Кабинет 407","en":"Classroom 407"},"shortName":{"ru":"407","en":"407"},"category":"administration","anchor_id":"38bca56c-1eb6-480d-a593-e22efe9b9250","hours":null,"phone":null,"email":null,"website":null,"description":null,"iconUrl":null,"correlation_id":null}},{"id":"d981393c-351d-4c60-b28f-394d1bb250a3","type":"Feature","feature_type":"occupant","geometry":null,"properties":{"name":{"ru":"Кабинет 440а","en":"Classroom 440а"},"shortName":{"ru":"440а","en":"440а"},"category":"classroom","anchor_id":"5ab9d121-718f-429d-ae57-adf28b8d9a58","hours":null,"phone":null,"email":null,"website":null,"description":null,"iconUrl":null,"correlation_id":null}},{"id":"2e6d19c2-7485-43aa-bba0-802a16d65b79","type":"Feature","feature_type":"occupant","geometry":null,"properties":{"name":{"ru":"Кабинет 412","en":"Classroom 412"},"shortName":{"ru":"412","en":"412"},"category":"classroom","anchor_id":"5305d7df-9e92-4584-af02-eed5babc24b9","hours":null,"phone":null,"email":null,"website":null,"description":null,"iconUrl":null,"correlation_id":null}},{"id":"7b2c7e50-41d3-41b9-97ce-69f7fdcb9907","type":"Feature","feature_type":"occupant","geometry":null,"properties":{"name":{"ru":"Кабинет 422","en":"Classroom 422"},"shortName":{"ru":"422","en":"422"},"category":"classroom","anchor_id":"aee9a32b-e527-4af1-90b5-b63272f6881a","hours":null,"phone":null,"email":null,"website":null,"description":null,"iconUrl":null,"correlation_id":null}},{"id":"62cfd873-3eaa-458e-93a7-b9167129580a","type":"Feature","feature_type":"occupant","geometry":null,"properties":{"name":{"ru":"Кабинет 248","en":"Classroom 248"},"shortName":{"ru":"248","en":"248"},"category":"classroom","anchor_id":"a9ba8a70-23f9-4ed8-bc6d-6437b947fb29","hours":null,"phone":null,"email":null,"website":null,"description":null,"iconUrl":null,"correlation_id":null}},{"id":"d6b19071-e103-40ff-ab01-f838a619973e","type":"Feature","feature_type":"occupant","geometry":null,"properties":{"name":{"ru":"Кабинет 463, 464","en":"Classroom 463, 464"},"shortName":{"ru":"463, 464","en":"463, 464"},"category":"classroom","anchor_id":"03d2b53f-ca33-4776-bec5-5f286a8af8e7","hours":null,"phone":null,"email":null,"website":null,"description":null,"iconUrl":null,"correlation_id":null}},{"id":"84c692b0-68be-4660-abb8-3d9e6f04efb0","type":"Feature","feature_type":"occupant","geometry":null,"properties":{"name":{"ru":"Кабинет 444а","en":"Classroom 444а"},"shortName":{"ru":"444а","en":"444а"},"category":"classroom","anchor_id":"871d9b83-7884-48be-9442-7a16a44250cb","hours":null,"phone":null,"email":null,"website":null,"description":null,"iconUrl":null,"correlation_id":null}},{"id":"cb4c1d87-eda9-46af-b984-56b61d1320bc","type":"Feature","feature_type":"occupant","geometry":null,"properties":{"name":{"ru":"Кабинет 427","en":"Classroom 427"},"shortName":{"ru":"427","en":"427"},"category":"classroom","anchor_id":"1199fd22-2eae-4fe7-b9b9-8fde3c4604a9","hours":null,"phone":null,"email":null,"website":null,"description":null,"iconUrl":null,"correlation_id":null}},{"id":"95fbc199-0ecd-47d5-99c1-68732bea0a15","type":"Feature","feature_type":"occupant","geometry":null,"properties":{"name":{"ru":"Кабинет 416в","en":"Classroom 416в"},"shortName":{"ru":"416в","en":"416в"},"category":"classroom","anchor_id":"6ae0d000-c615-493b-ba85-d1b957322d82","hours":null,"phone":null,"email":null,"website":null,"description":null,"iconUrl":null,"correlation_id":null}},{"id":"845e5036-e64c-4094-9105-f4576f23cfba","type":"Feature","feature_type":"occupant","geometry":null,"properties":{"name":{"ru":"Кабинет 416","en":"Classroom 416"},"shortName":{"ru":"416","en":"416"},"category":"classroom","anchor_id":"c4e88785-a52a-4221-9e85-fa5a03b2731f","hours":null,"phone":null,"email":null,"website":null,"description":null,"iconUrl":null,"correlation_id":null}},{"id":"78acdfed-c268-4325-b3f3-93dc9872dd30","type":"Feature","feature_type":"occupant","geometry":null,"properties":{"name":{"ru":"Кабинет 415","en":"Classroom 415"},"shortName":{"ru":"415","en":"415"},"category":"classroom","anchor_id":"b9caf16f-2b6e-4c2f-bc24-5f517125efd5","hours":null,"phone":null,"email":null,"website":null,"description":null,"iconUrl":null,"correlation_id":null}},{"id":"1a35d06c-8c8f-460b-8134-76bb894994b0","type":"Feature","feature_type":"occupant","geometry":null,"properties":{"name":{"ru":"Кабинет 423","en":"Classroom 423"},"shortName":{"ru":"423","en":"423"},"category":"classroom","anchor_id":"9e31006b-7e34-4380-9237-e2d821a44e84","hours":null,"phone":null,"email":null,"website":null,"description":null,"iconUrl":null,"correlation_id":null}},{"id":"54dc2434-56cb-4637-be0f-dd9c169a67b8","type":"Feature","feature_type":"occupant","geometry":null,"properties":{"name":{"ru":"Кабинет 402","en":"Classroom 402"},"shortName":{"ru":"402","en":"402"},"category":"classroom","anchor_id":"07c04e72-dc06-4c79-8448-1ad76c158cb8","hours":null,"phone":null,"email":null,"website":null,"description":null,"iconUrl":null,"correlation_id":null}},{"id":"220f48c4-5452-4671-823b-d2b2330a47e8","type":"Feature","feature_type":"occupant","geometry":null,"properties":{"name":{"ru":"Кабинет 401","en":"Classroom 401"},"shortName":{"ru":"401","en":"401"},"category":"classroom","anchor_id":"7eaef859-89d6-49fa-ae36-065ab9717914","hours":null,"phone":null,"email":null,"website":null,"description":null,"iconUrl":null,"correlation_id":null}},{"id":"4ff004a0-fd15-4ccb-b5e4-710c21fd0732","type":"Feature","feature_type":"occupant","geometry":null,"properties":{"name":{"ru":"Кабинет 418","en":"Classroom 418"},"shortName":{"ru":"418","en":"418"},"category":"classroom","anchor_id":"00353309-476e-4579-9e8d-3e1eaf3e6588","hours":null,"phone":null,"email":null,"website":null,"description":null,"iconUrl":null,"correlation_id":null}},{"id":"a91aec77-3e86-49eb-99c6-9524fcf316f0","type":"Feature","feature_type":"occupant","geometry":null,"properties":{"name":{"ru":"Кабинет 419","en":"Classroom 419"},"shortName":{"ru":"419","en":"419"},"category":"classroom","anchor_id":"91659cc5-8801-445c-bc4d-0ad4d792d0da","hours":null,"phone":null,"email":null,"website":null,"description":null,"iconUrl":null,"correlation_id":null}},{"id":"3dd75da6-e804-4e73-952a-edcf3e111e3e","type":"Feature","feature_type":"occupant","geometry":null,"properties":{"name":{"ru":"Кабинет 421","en":"Classroom 421"},"shortName":{"ru":"421","en":"421"},"category":"classroom","anchor_id":"2c0350be-e8d2-4768-be7f-50d437101dde","hours":null,"phone":null,"email":null,"website":null,"description":null,"iconUrl":null,"correlation_id":null}},{"id":"4c8e1834-b081-45b4-b2d7-e0db07fbdeb5","type":"Feature","feature_type":"occupant","geometry":null,"properties":{"name":{"ru":"Кабинет 429","en":"Classroom 429"},"shortName":{"ru":"429","en":"429"},"category":"classroom","anchor_id":"cf75ca52-ca8d-4f87-8be7-3d14a5c94247","hours":null,"phone":null,"email":null,"website":null,"description":null,"iconUrl":null,"correlation_id":null}},{"id":"0bb59808-5308-40f7-a419-12717d6f322b","type":"Feature","feature_type":"occupant","geometry":null,"properties":{"name":{"ru":"Кабинет 432","en":"Classroom 432"},"shortName":{"ru":"432","en":"432"},"category":"classroom","anchor_id":"8ecf15da-1ba6-4917-a979-d1313e381b65","hours":null,"phone":null,"email":null,"website":null,"description":null,"iconUrl":null,"correlation_id":null}},{"id":"3ccd8bff-c132-46a1-ae69-7dae334a1930","type":"Feature","feature_type":"occupant","geometry":null,"properties":{"name":{"ru":"436","en":"436"},"shortName":{"ru":"436","en":"436"},"category":"administration","anchor_id":"7a3eb154-d7fb-47b5-ad7b-41dcc8beb0d5","hours":null,"phone":null,"email":null,"website":null,"description":null,"iconUrl":null,"correlation_id":null}},{"id":"e08e3d7f-19fb-44e5-b8ad-e8d85cadc66f","type":"Feature","feature_type":"occupant","geometry":null,"properties":{"name":{"ru":"435","en":"435"},"shortName":{"ru":"435","en":"435"},"category":"administration","anchor_id":"ad997551-ecf9-4e47-b405-8aa5b120a9e8","hours":null,"phone":null,"email":null,"website":null,"description":null,"iconUrl":null,"correlation_id":null}},{"id":"dbc278eb-3085-4779-8d3f-8bc7480c3798","type":"Feature","feature_type":"occupant","geometry":null,"properties":{"name":{"ru":"Кабинет 437","en":"Classroom 437"},"shortName":{"ru":"437","en":"437"},"category":"classroom","anchor_id":"bf13a229-7651-4335-8877-218b543727aa","hours":null,"phone":null,"email":null,"website":null,"description":null,"iconUrl":null,"correlation_id":null}},{"id":"e3494fce-73bc-41d1-b4cb-b4c5f4b61f28","type":"Feature","feature_type":"occupant","geometry":null,"properties":{"name":{"ru":"Лекторий 439","en":"Auditorium 439"},"shortName":{"ru":"439","en":"439"},"category":"auditorium","anchor_id":"07b9d441-b8c7-474d-9160-957447ad4641","hours":null,"phone":null,"email":null,"website":null,"description":null,"iconUrl":null,"correlation_id":null}},{"id":"90dcb800-7df1-4128-854d-2c0aa23aaab1","type":"Feature","feature_type":"occupant","geometry":null,"properties":{"name":{"ru":"Лекторий 441","en":"Auditorium 441"},"shortName":{"ru":"441","en":"441"},"category":"auditorium","anchor_id":"8ff07251-d46e-4461-b6cd-cd4878dd21a3","hours":null,"phone":null,"email":null,"website":null,"description":null,"iconUrl":null,"correlation_id":null}},{"id":"5b3c5c53-ce2f-44f7-ac99-28589aa08845","type":"Feature","feature_type":"occupant","geometry":null,"properties":{"name":{"ru":"Лекторий 445","en":"Auditorium 445"},"shortName":{"ru":"445","en":"445"},"category":"auditorium","anchor_id":"799909e0-2a15-4bc3-a5b2-19140950f877","hours":null,"phone":null,"email":null,"website":null,"description":null,"iconUrl":null,"correlation_id":null}},{"id":"57621753-4b60-4ddd-b978-5945864aa2e2","type":"Feature","feature_type":"occupant","geometry":null,"properties":{"name":{"ru":"Лекторий 446","en":"Auditorium 446"},"shortName":{"ru":"446","en":"446"},"category":"auditorium","anchor_id":"86f5116f-9c85-4c64-b2ac-a2016610c512","hours":null,"phone":null,"email":null,"website":null,"description":null,"iconUrl":null,"correlation_id":null}},{"id":"bde69807-ff46-4a94-876e-0155d5515a4e","type":"Feature","feature_type":"occupant","geometry":null,"properties":{"name":{"ru":"Кабинет 460","en":"Classroom 460"},"shortName":{"ru":"460","en":"460"},"category":"classroom","anchor_id":"916c9d9e-85e2-48d8-9b10-3bf02eee27cf","hours":null,"phone":null,"email":null,"website":null,"description":null,"iconUrl":null,"correlation_id":null}},{"id":"fad3277d-4b39-4fca-8c63-3b5c07eb5b47","type":"Feature","feature_type":"occupant","geometry":null,"properties":{"name":{"ru":"Кабинет 456","en":"Classroom 456"},"shortName":{"ru":"456","en":"456"},"category":"classroom","anchor_id":"3cd22289-dc9f-49a1-9e60-a1c60029a464","hours":null,"phone":null,"email":null,"website":null,"description":null,"iconUrl":null,"correlation_id":null}},{"id":"58a1d2cc-ec21-408a-af14-019c4e8a256a","type":"Feature","feature_type":"occupant","geometry":null,"properties":{"name":{"ru":"Кабинет 455","en":"Classroom 455"},"shortName":{"ru":"455","en":"455"},"category":"classroom","anchor_id":"8ced4e52-495d-42c9-8252-c7ffdaa11695","hours":null,"phone":null,"email":null,"website":null,"description":null,"iconUrl":null,"correlation_id":null}},{"id":"eaf9fe02-aa5a-4267-8751-f6a623dbf21a","type":"Feature","feature_type":"occupant","geometry":null,"properties":{"name":{"ru":"Кабинет 453","en":"Classroom 453"},"shortName":{"ru":"453","en":"453"},"category":"classroom","anchor_id":"1fc27912-5c36-4149-8868-6b6f5b7e0e12","hours":null,"phone":null,"email":null,"website":null,"description":null,"iconUrl":null,"correlation_id":null}},{"id":"c01532be-5166-4a20-86cf-d021c6ea268f","type":"Feature","feature_type":"occupant","geometry":null,"properties":{"name":{"ru":"Кабинет 449а","en":"Classroom 449а"},"shortName":{"ru":"449а","en":"449а"},"category":"classroom","anchor_id":"a5c85226-db24-4416-beb4-637f75d22bca","hours":null,"phone":null,"email":null,"website":null,"description":null,"iconUrl":null,"correlation_id":null}},{"id":"13c0e6c9-8434-41cb-93fb-27165c6b1527","type":"Feature","feature_type":"occupant","geometry":null,"properties":{"name":{"ru":"Кабинет 448","en":"Classroom 448"},"shortName":{"ru":"448","en":"448"},"category":"classroom","anchor_id":"6d1a8f45-777e-4378-bda4-eb6f84309835","hours":null,"phone":null,"email":null,"website":null,"description":null,"iconUrl":null,"correlation_id":null}},{"id":"fb111e61-b901-485a-a71d-5313c68416cd","type":"Feature","feature_type":"occupant","geometry":null,"properties":{"name":{"ru":"Кабинет 449","en":"Classroom 449"},"shortName":{"ru":"449","en":"449"},"category":"classroom","anchor_id":"856c8010-ef95-4acd-9d50-b108adffbe95","hours":null,"phone":null,"email":null,"website":null,"description":null,"iconUrl":null,"correlation_id":null}},{"id":"6209cb52-50b4-4dd4-a160-e6a3369af141","type":"Feature","feature_type":"occupant","geometry":null,"properties":{"name":{"ru":"Кабинет 102","en":"Classroom 102"},"shortName":{"ru":"102","en":"102"},"category":"classroom","anchor_id":"2822b579-ed74-47ca-a76a-35e9d8bf6a51","hours":null,"phone":null,"email":null,"website":null,"description":null,"iconUrl":null,"correlation_id":null}},{"id":"af2c16a4-ffe7-4718-9e5a-673a5ebc730d","type":"Feature","feature_type":"occupant","geometry":null,"properties":{"name":{"ru":"Кабинет 107","en":"Classroom 107"},"shortName":{"ru":"107","en":"107"},"category":"classroom","anchor_id":"2041eb26-bbf6-47a2-a7a7-74066c337596","hours":null,"phone":null,"email":null,"website":null,"description":null,"iconUrl":null,"correlation_id":null}},{"id":"82e937bd-0863-4b10-9ea9-08665e13c696","type":"Feature","feature_type":"occupant","geometry":null,"properties":{"name":{"ru":"Кабинет 103","en":"Classroom 103"},"shortName":{"ru":"103","en":"103"},"category":"classroom","anchor_id":"a2b10a20-caba-4e49-8200-a2b0de5f4a6c","hours":null,"phone":null,"email":null,"website":null,"description":null,"iconUrl":null,"correlation_id":null}},{"id":"cc6ebc68-cadc-4eda-b3e2-04d8c29eefbf","type":"Feature","feature_type":"occupant","geometry":null,"properties":{"name":{"ru":"Кабинет 104","en":"Classroom 104"},"shortName":{"ru":"104","en":"104"},"category":"classroom","anchor_id":"f726ea90-bfe1-4066-a742-5e3ace6e617c","hours":null,"phone":null,"email":null,"website":null,"description":null,"iconUrl":null,"correlation_id":null}},{"id":"c5026f04-aec4-4674-9886-4cb5ac84c86b","type":"Feature","feature_type":"occupant","geometry":null,"properties":{"name":{"ru":"Кабинет 105","en":"Classroom 105"},"shortName":{"ru":"105","en":"105"},"category":"classroom","anchor_id":"1e617315-9911-4ccb-ab9a-6e49a453e218","hours":null,"phone":null,"email":null,"website":null,"description":null,"iconUrl":null,"correlation_id":null}},{"id":"1c97f8ab-c0e2-4fe4-9802-33f74643e8ff","type":"Feature","feature_type":"occupant","geometry":null,"properties":{"name":{"ru":"Кабинет 143","en":"Classroom 143"},"shortName":{"ru":"143","en":"143"},"category":"classroom","anchor_id":"862ff95d-d66f-47a6-b4af-077629708327","hours":null,"phone":null,"email":null,"website":null,"description":null,"iconUrl":null,"correlation_id":null}},{"id":"1156a2e6-7f8a-4e89-81fb-a7b00dacfad4","type":"Feature","feature_type":"occupant","geometry":null,"properties":{"name":{"ru":"Кабинет 148","en":"Classroom 148"},"shortName":{"ru":"148","en":"148"},"category":"classroom","anchor_id":"1251488e-82d5-4526-9365-8c31f8eadcc3","hours":null,"phone":null,"email":null,"website":null,"description":null,"iconUrl":null,"correlation_id":null}},{"id":"44bb25fc-e0c1-435f-b7f6-04231a19cc5a","type":"Feature","feature_type":"occupant","geometry":null,"properties":{"name":{"ru":"Кабинет 150","en":"Classroom 150"},"shortName":{"ru":"150","en":"150"},"category":"classroom","anchor_id":"aea02e6b-e72f-4eab-bd0c-555ab32a527f","hours":null,"phone":null,"email":null,"website":null,"description":null,"iconUrl":null,"correlation_id":null}},{"id":"1c5a61b3-53d3-41a8-983a-e5e670b12669","type":"Feature","feature_type":"occupant","geometry":null,"properties":{"name":{"ru":"Кабинет 145","en":"Classroom 145"},"shortName":{"ru":"145","en":"145"},"category":"classroom","anchor_id":"3e3d4ec6-10ab-41b7-9af4-8209cd6b1848","hours":null,"phone":null,"email":null,"website":null,"description":null,"iconUrl":null,"correlation_id":null}},{"id":"1bfb51df-a6d5-42d3-a05d-96ae71173fb4","type":"Feature","feature_type":"occupant","geometry":null,"properties":{"name":{"ru":"Охрана","en":"Security"},"shortName":{"ru":"Охрана","en":"Security"},"category":"security","anchor_id":"51e39969-4a4c-41cf-9933-693ebf517b19","hours":null,"phone":null,"email":null,"website":null,"description":null,"iconUrl":null,"correlation_id":null}},{"id":"5322ec98-168e-4c60-98c7-482884fcb3b1","type":"Feature","feature_type":"occupant","geometry":null,"properties":{"name":{"ru":"Кабинет 202","en":"Classroom 202"},"shortName":{"ru":"202","en":"202"},"category":"classroom","anchor_id":"d01aee1a-4a8b-4e93-8dd8-30e3b99114cd","hours":null,"phone":null,"email":null,"website":null,"description":null,"iconUrl":null,"correlation_id":null}},{"id":"11492693-ab49-44d8-a623-2a148c43429d","type":"Feature","feature_type":"occupant","geometry":null,"properties":{"name":{"ru":"Кабинет 205","en":"Classroom 205"},"shortName":{"ru":"205","en":"205"},"category":"classroom","anchor_id":"37258e20-a9ce-4dba-8198-c93e9863d143","hours":null,"phone":null,"email":null,"website":null,"description":null,"iconUrl":null,"correlation_id":null}},{"id":"08d4644a-db4d-4b6d-b1ac-73fa671223c8","type":"Feature","feature_type":"occupant","geometry":null,"properties":{"name":{"ru":"Кабинет 201","en":"Classroom 201"},"shortName":{"ru":"201","en":"201"},"category":"classroom","anchor_id":"47096998-10fe-4924-b6b4-a14dd2684c71","hours":null,"phone":null,"email":null,"website":null,"description":null,"iconUrl":null,"correlation_id":null}},{"id":"8ea5d062-59d8-4e92-91b1-2d49e430993b","type":"Feature","feature_type":"occupant","geometry":null,"properties":{"name":{"ru":"Кабинет 204","en":"Classroom 204"},"shortName":{"ru":"204","en":"204"},"category":"classroom","anchor_id":"30f15b53-946f-443e-b05b-0b2a202ccedf","hours":null,"phone":null,"email":null,"website":null,"description":null,"iconUrl":null,"correlation_id":null}},{"id":"d5811755-a5d0-4e14-bbfa-5223005c7aaf","type":"Feature","feature_type":"occupant","geometry":null,"properties":{"name":{"ru":"Кабинет 203","en":"Classroom 203"},"shortName":{"ru":"203","en":"203"},"category":"classroom","anchor_id":"d51c32cd-1973-42fa-a082-07929ba8c145","hours":null,"phone":null,"email":null,"website":null,"description":null,"iconUrl":null,"correlation_id":null}},{"id":"a565aea5-3ccd-4d25-9d1d-9e82f9200f8b","type":"Feature","feature_type":"occupant","geometry":null,"properties":{"name":{"ru":"Кабинет 243","en":"Classroom 243"},"shortName":{"ru":"243","en":"243"},"category":"classroom","anchor_id":"cbd5d38c-87eb-449a-8c14-ffa9911029f1","hours":null,"phone":null,"email":null,"website":null,"description":null,"iconUrl":null,"correlation_id":null}},{"id":"6fb4f103-2c7d-4c07-bd6d-d1b93d350e90","type":"Feature","feature_type":"occupant","geometry":null,"properties":{"name":{"ru":"Кабинет 248","en":"Classroom 248"},"shortName":{"ru":"248","en":"248"},"category":"classroom","anchor_id":"db6f5198-c357-4ee7-9063-7c3c1f1029a2","hours":null,"phone":null,"email":null,"website":null,"description":null,"iconUrl":null,"correlation_id":null}},{"id":"c5536fe4-df3e-4f14-b4d0-951c5781cdea","type":"Feature","feature_type":"occupant","geometry":null,"properties":{"name":{"ru":"Кабинет 245","en":"Classroom 245"},"shortName":{"ru":"245","en":"245"},"category":"classroom","anchor_id":"c1f0fdf0-6e28-4bc0-b8cf-58e9a9ef8eb7","hours":null,"phone":null,"email":null,"website":null,"description":null,"iconUrl":null,"correlation_id":null}},{"id":"9fc7ffc0-1e4d-4822-a9e4-7b0af20815e3","type":"Feature","feature_type":"occupant","geometry":null,"properties":{"name":{"ru":"Кабинет 200/1","en":"Classroom 200/1"},"shortName":{"ru":"200/1","en":"200/1"},"category":"classroom","anchor_id":"04eccc90-6518-4d53-9e23-1656d0294489","hours":null,"phone":null,"email":null,"website":null,"description":null,"iconUrl":null,"correlation_id":null}},{"id":"7d929748-c051-45e2-97bd-33ced0588419","type":"Feature","feature_type":"occupant","geometry":null,"properties":{"name":{"ru":"Кабинет 246","en":"Classroom 246"},"shortName":{"ru":"246","en":"246"},"category":"classroom","anchor_id":"97bcd487-1c60-4ae5-b2dd-a1b29c767be4","hours":null,"phone":null,"email":null,"website":null,"description":null,"iconUrl":null,"correlation_id":null}},{"id":"5516e954-7bad-46df-bd6b-076591f37761","type":"Feature","feature_type":"occupant","geometry":null,"properties":{"name":{"ru":"Кабинет 241","en":"Classroom 241"},"shortName":{"ru":"241","en":"241"},"category":"classroom","anchor_id":"a2f91cd2-fcab-408c-bb66-a52e33d2f128","hours":null,"phone":null,"email":null,"website":null,"description":null,"iconUrl":null,"correlation_id":null}},{"id":"eb6750fa-8d50-4925-9ee3-a951386e0c62","type":"Feature","feature_type":"occupant","geometry":null,"properties":{"name":{"ru":"Кабинет 239","en":"Classroom 239"},"shortName":{"ru":"239","en":"239"},"category":"classroom","anchor_id":"65620e9b-7873-4f05-ab32-d1075cbcc1c2","hours":null,"phone":null,"email":null,"website":null,"description":null,"iconUrl":null,"correlation_id":null}},{"id":"b038fb67-8250-4856-b25b-070d575cd992","type":"Feature","feature_type":"occupant","geometry":null,"properties":{"name":{"ru":"Кабинет 237","en":"Classroom 237"},"shortName":{"ru":"237","en":"237"},"category":"classroom","anchor_id":"7bc0d4ce-1250-4292-9eee-291619ed5bec","hours":null,"phone":null,"email":null,"website":null,"description":null,"iconUrl":null,"correlation_id":null}},{"id":"4299ba47-8e11-499a-a7b1-a77d25759f4b","type":"Feature","feature_type":"occupant","geometry":null,"properties":{"name":{"ru":"Кабинет 244","en":"Classroom 244"},"shortName":{"ru":"244","en":"244"},"category":"classroom","anchor_id":"04863acc-f6ea-4d76-97fe-fb166519eb6f","hours":null,"phone":null,"email":null,"website":null,"description":null,"iconUrl":null,"correlation_id":null}},{"id":"7b684bfd-a2b1-4735-8bfa-1dcc567554b5","type":"Feature","feature_type":"occupant","geometry":null,"properties":{"name":{"ru":"Кабинет 242","en":"Classroom 242"},"shortName":{"ru":"242","en":"242"},"category":"classroom","anchor_id":"d30453ea-3bfe-4110-a4d6-58d338dbee3e","hours":null,"phone":null,"email":null,"website":null,"description":null,"iconUrl":null,"correlation_id":null}},{"id":"3f56e1dd-a8cc-400d-9e93-b120373079a8","type":"Feature","feature_type":"occupant","geometry":null,"properties":{"name":{"ru":"Кабинет 240","en":"Classroom 240"},"shortName":{"ru":"240","en":"240"},"category":"classroom","anchor_id":"186fbbb6-de1a-46c2-ba2e-c46b16129059","hours":null,"phone":null,"email":null,"website":null,"description":null,"iconUrl":null,"correlation_id":null}},{"id":"1e17cb74-a956-4f7c-a766-c82af89a94a1","type":"Feature","feature_type":"occupant","geometry":null,"properties":{"name":{"ru":"Кабинет 235","en":"Classroom 235"},"shortName":{"ru":"235","en":"235"},"category":"classroom","anchor_id":"1db69fb6-7100-42c0-b58f-5b85c947f7a5","hours":null,"phone":null,"email":null,"website":null,"description":null,"iconUrl":null,"correlation_id":null}},{"id":"170a7eb6-f24d-44b1-84c4-552683c3b95c","type":"Feature","feature_type":"occupant","geometry":null,"properties":{"name":{"ru":"Кабинет 233","en":"Classroom 233"},"shortName":{"ru":"233","en":"233"},"category":"classroom","anchor_id":"63f41a7d-78d7-4128-b740-18d4be47f8c7","hours":null,"phone":null,"email":null,"website":null,"description":null,"iconUrl":null,"correlation_id":null}},{"id":"131884f5-0c75-49c4-a5ef-7b988f0e337e","type":"Feature","feature_type":"occupant","geometry":null,"properties":{"name":{"ru":"Кабинет 231","en":"Classroom 231"},"shortName":{"ru":"231","en":"231"},"category":"classroom","anchor_id":"89f30dbf-e06c-4eb6-a1b4-daa570481003","hours":null,"phone":null,"email":null,"website":null,"description":null,"iconUrl":null,"correlation_id":null}},{"id":"3bdc8fc9-0c47-4c2b-857f-695497497ee1","type":"Feature","feature_type":"occupant","geometry":null,"properties":{"name":{"ru":"Кабинет 229","en":"Classroom 229"},"shortName":{"ru":"229","en":"229"},"category":"classroom","anchor_id":"43dbc4d9-62c0-47d5-957c-d5238fee18bb","hours":null,"phone":null,"email":null,"website":null,"description":null,"iconUrl":null,"correlation_id":null}},{"id":"c67dda44-414c-4fb8-ab37-a98540dd7e62","type":"Feature","feature_type":"occupant","geometry":null,"properties":{"name":{"ru":"Кабинет 227","en":"Classroom 227"},"shortName":{"ru":"227","en":"227"},"category":"classroom","anchor_id":"3eeabd65-dc4a-4cf6-a51a-b35c04d08ab0","hours":null,"phone":null,"email":null,"website":null,"description":null,"iconUrl":null,"correlation_id":null}},{"id":"6fc60d95-deb0-42f8-91a1-a963b081f2e3","type":"Feature","feature_type":"occupant","geometry":null,"properties":{"name":{"ru":"Кабинет 225","en":"Classroom 225"},"shortName":{"ru":"225","en":"225"},"category":"classroom","anchor_id":"3e954fd8-c137-41e0-805b-ceb852ce599d","hours":null,"phone":null,"email":null,"website":null,"description":null,"iconUrl":null,"correlation_id":null}},{"id":"be14e494-a85e-4f5e-a3ad-5ea045175434","type":"Feature","feature_type":"occupant","geometry":null,"properties":{"name":{"ru":"Кабинет 223","en":"Classroom 223"},"shortName":{"ru":"223","en":"223"},"category":"classroom","anchor_id":"0b1905de-020e-4a12-b364-4acfa8758a0e","hours":null,"phone":null,"email":null,"website":null,"description":null,"iconUrl":null,"correlation_id":null}},{"id":"a6a47bd3-d296-442e-9ce3-bb155b1a289a","type":"Feature","feature_type":"occupant","geometry":null,"properties":{"name":{"ru":"Кабинет 236","en":"Classroom 236"},"shortName":{"ru":"236","en":"236"},"category":"classroom","anchor_id":"fb8c16af-5099-44b0-8844-c11b2ac578b2","hours":null,"phone":null,"email":null,"website":null,"description":null,"iconUrl":null,"correlation_id":null}},{"id":"4b46542c-945f-4a67-87a7-86175d611bc3","type":"Feature","feature_type":"occupant","geometry":null,"properties":{"name":{"ru":"Кабинет 234","en":"Classroom 234"},"shortName":{"ru":"234","en":"234"},"category":"classroom","anchor_id":"ef829609-1636-4f84-ba12-f3e46616e831","hours":null,"phone":null,"email":null,"website":null,"description":null,"iconUrl":null,"correlation_id":null}},{"id":"f4cc6c7e-4d80-45bb-9028-f91c096e117f","type":"Feature","feature_type":"occupant","geometry":null,"properties":{"name":{"ru":"Кабинет 232","en":"Classroom 232"},"shortName":{"ru":"232","en":"232"},"category":"classroom","anchor_id":"75dbfc4a-ef5f-4375-ade0-1c1d6b7b57cd","hours":null,"phone":null,"email":null,"website":null,"description":null,"iconUrl":null,"correlation_id":null}},{"id":"f3d71195-c8c0-400a-913b-28775f7ea9de","type":"Feature","feature_type":"occupant","geometry":null,"properties":{"name":{"ru":"Кабинет 230","en":"Classroom 230"},"shortName":{"ru":"230","en":"230"},"category":"classroom","anchor_id":"d1c41f1b-b84d-492e-acbc-0f77c6d80461","hours":null,"phone":null,"email":null,"website":null,"description":null,"iconUrl":null,"correlation_id":null}},{"id":"2b5b0182-3dbd-4103-b7b0-7b1d4d29c4f5","type":"Feature","feature_type":"occupant","geometry":null,"properties":{"name":{"ru":"Кабинет 228","en":"Classroom 228"},"shortName":{"ru":"228","en":"228"},"category":"classroom","anchor_id":"a9c10cf7-4f03-4782-af41-13e0b22274ce","hours":null,"phone":null,"email":null,"website":null,"description":null,"iconUrl":null,"correlation_id":null}},{"id":"677e5bcb-c053-4763-9397-4d6c9fa80555","type":"Feature","feature_type":"occupant","geometry":null,"properties":{"name":{"ru":"Кабинет 211","en":"Classroom 211"},"shortName":{"ru":"211","en":"211"},"category":"classroom","anchor_id":"f8a5204a-d27b-40bb-824b-4d1873ef5611","hours":null,"phone":null,"email":null,"website":null,"description":null,"iconUrl":null,"correlation_id":null}},{"id":"4bb07f9f-53b5-4d72-a967-6100400e91f3","type":"Feature","feature_type":"occupant","geometry":null,"properties":{"name":{"ru":"Кабинет 213","en":"Classroom 213"},"shortName":{"ru":"213","en":"213"},"category":"classroom","anchor_id":"f1fb9874-7f06-4e89-acc0-f5deca8c0b55","hours":null,"phone":null,"email":null,"website":null,"description":null,"iconUrl":null,"correlation_id":null}},{"id":"c4bc3b6a-685c-4dae-bb1b-99e60a11d6a2","type":"Feature","feature_type":"occupant","geometry":null,"properties":{"name":{"ru":"Кабинет 215","en":"Classroom 215"},"shortName":{"ru":"215","en":"215"},"category":"classroom","anchor_id":"a313389a-fed0-4ecd-9065-dafd2e8c683b","hours":null,"phone":null,"email":null,"website":null,"description":null,"iconUrl":null,"correlation_id":null}},{"id":"dbe23809-4071-4beb-b52b-8b6faa6052a5","type":"Feature","feature_type":"occupant","geometry":null,"properties":{"name":{"ru":"Кабинет 216","en":"Classroom 216"},"shortName":{"ru":"216","en":"216"},"category":"classroom","anchor_id":"0a48d841-8e20-4fb1-994e-39931f391a40","hours":null,"phone":null,"email":null,"website":null,"description":null,"iconUrl":null,"correlation_id":null}},{"id":"927e9705-797b-44d7-9b1f-5a8c6be6a5b0","type":"Feature","feature_type":"occupant","geometry":null,"properties":{"name":{"ru":"Кабинет 218","en":"Classroom 218"},"shortName":{"ru":"218","en":"218"},"category":"classroom","anchor_id":"94a17d6e-842d-42e9-99e8-a6b4a7d482c3","hours":null,"phone":null,"email":null,"website":null,"description":null,"iconUrl":null,"correlation_id":null}},{"id":"6006070c-a08e-41ad-94ee-89f8ec102089","type":"Feature","feature_type":"occupant","geometry":null,"properties":{"name":{"ru":"Кабинет 220","en":"Classroom 220"},"shortName":{"ru":"220","en":"220"},"category":"classroom","anchor_id":"658df424-d52c-4274-8d9f-895ad2bc1c13","hours":null,"phone":null,"email":null,"website":null,"description":null,"iconUrl":null,"correlation_id":null}},{"id":"49f9ca35-648c-4ae4-a3a6-af4d63a6cdf1","type":"Feature","feature_type":"occupant","geometry":null,"properties":{"name":{"ru":"Кабинет 224","en":"Classroom 224"},"shortName":{"ru":"224","en":"224"},"category":"classroom","anchor_id":"ea86801c-b180-48ce-b3d2-293be06cc92f","hours":null,"phone":null,"email":null,"website":null,"description":null,"iconUrl":null,"correlation_id":null}},{"id":"e42bda64-858c-4209-8ddf-429fef45133c","type":"Feature","feature_type":"occupant","geometry":null,"properties":{"name":{"ru":"Кабинет 219","en":"Classroom 219"},"shortName":{"ru":"219","en":"219"},"category":"classroom","anchor_id":"8f0444e2-063a-4023-b3ae-96a5b7bf2923","hours":null,"phone":null,"email":null,"website":null,"description":null,"iconUrl":null,"correlation_id":null}},{"id":"b9e1b0f1-f328-4c0c-8c0f-b8ad3f2b3f55","type":"Feature","feature_type":"occupant","geometry":null,"properties":{"name":{"ru":"Кабинет 200","en":"Classroom 200"},"shortName":{"ru":"200","en":"200"},"category":"classroom","anchor_id":"0fec17f5-50e9-4510-bb81-b788c328d247","hours":null,"phone":null,"email":null,"website":null,"description":null,"iconUrl":null,"correlation_id":null}},{"id":"d84a85a3-1d77-4649-96d1-efef38d1e91f","type":"Feature","feature_type":"occupant","geometry":null,"properties":{"name":{"ru":"Кабинет 207","en":"Classroom 207"},"shortName":{"ru":"207","en":"207"},"category":"classroom","anchor_id":"7e1ac25c-9a96-44fc-aeec-29154e7da953","hours":null,"phone":null,"email":null,"website":null,"description":null,"iconUrl":null,"correlation_id":null}},{"id":"b8baaf79-d0d1-4016-a1f9-16118f0e5fcd","type":"Feature","feature_type":"occupant","geometry":null,"properties":{"name":{"ru":"Кабинет 209","en":"Classroom 209"},"shortName":{"ru":"209","en":"209"},"category":"classroom","anchor_id":"ece4b437-542c-44eb-a0fe-9954523313f5","hours":null,"phone":null,"email":null,"website":null,"description":null,"iconUrl":null,"correlation_id":null}},{"id":"0d6a11bb-622f-41ae-b810-416a3a54cbd6","type":"Feature","feature_type":"occupant","geometry":null,"properties":{"name":{"ru":"Кабинет 208","en":"Classroom 208"},"shortName":{"ru":"208","en":"208"},"category":"classroom","anchor_id":"fd021b62-1141-447c-857b-0b6fb2391a22","hours":null,"phone":null,"email":null,"website":null,"description":null,"iconUrl":null,"correlation_id":null}},{"id":"5f836a8b-00a3-434c-a061-939927cc4df5","type":"Feature","feature_type":"occupant","geometry":null,"properties":{"name":{"ru":"Кабинет 210","en":"Classroom 210"},"shortName":{"ru":"210","en":"210"},"category":"classroom","anchor_id":"57300e4a-89c9-4271-9bce-5a104165d1ea","hours":null,"phone":null,"email":null,"website":null,"description":null,"iconUrl":null,"correlation_id":null}},{"id":"1b6b9ab6-3d5e-4759-ab50-8e41525c0d38","type":"Feature","feature_type":"occupant","geometry":null,"properties":{"name":{"ru":"Кабинет 212","en":"Classroom 212"},"shortName":{"ru":"212","en":"212"},"category":"classroom","anchor_id":"f5123830-a4cd-4047-9241-18e0605098e2","hours":null,"phone":null,"email":null,"website":null,"description":null,"iconUrl":null,"correlation_id":null}},{"id":"78dbb504-6c51-4ed3-8125-702b05efb38e","type":"Feature","feature_type":"occupant","geometry":null,"properties":{"name":{"ru":"Кабинет 214","en":"Classroom 214"},"shortName":{"ru":"214","en":"214"},"category":"classroom","anchor_id":"36a00639-a8c2-4a1c-a3cc-a636ff402849","hours":null,"phone":null,"email":null,"website":null,"description":null,"iconUrl":null,"correlation_id":null}},{"id":"2acd6dc0-b826-4f81-9f84-fa8a9760bb79","type":"Feature","feature_type":"occupant","geometry":null,"properties":{"name":{"ru":"Туалет мужской","en":"Restroom male"},"shortName":{"ru":"Туалет М.","en":"Restroom M."},"category":"restroom.male","anchor_id":"c6963ca8-0f45-4565-9190-4e994f773d31","hours":null,"phone":null,"email":null,"website":null,"description":null,"iconUrl":null,"correlation_id":null}},{"id":"4e70e53a-a678-41e2-883c-5302d2d59cba","type":"Feature","feature_type":"occupant","geometry":null,"properties":{"name":{"ru":"Туалет мужской","en":"Restroom male"},"shortName":{"ru":"Туалет М.","en":"Restroom M."},"category":"restroom.male","anchor_id":"284f02f6-54a9-4199-88fd-b52ab1645264","hours":null,"phone":null,"email":null,"website":null,"description":null,"iconUrl":null,"correlation_id":null}},{"id":"100adbb1-3e91-4207-aaca-6eb5f4a3ca76","type":"Feature","feature_type":"occupant","geometry":null,"properties":{"name":{"ru":"Туалет женский","en":"Restroom female"},"shortName":{"ru":"Туалет Ж.","en":"Restroom F."},"category":"restroom.female","anchor_id":"b1df8390-35d7-4384-a7f2-50a023a5272b","hours":null,"phone":null,"email":null,"website":null,"description":null,"iconUrl":null,"correlation_id":null}},{"id":"a47d524e-83e0-465d-bc59-bc64d0926622","type":"Feature","feature_type":"occupant","geometry":null,"properties":{"name":{"ru":"Туалет женский","en":"Restroom female"},"shortName":{"ru":"Туалет Ж.","en":"Restroom F."},"category":"restroom.female","anchor_id":"a1f95851-3bc2-4e55-a767-f5c750cdc6b6","hours":null,"phone":null,"email":null,"website":null,"description":null,"iconUrl":null,"correlation_id":null}},{"id":"f335c351-1ec3-4160-b40a-1dc10123fb8a","type":"Feature","feature_type":"occupant","geometry":null,"properties":{"name":{"ru":"Кабинет 310","en":"Classroom 310"},"shortName":{"ru":"310","en":"310"},"category":"classroom","anchor_id":"48ef8a52-be7a-4bf7-afef-2cd87e9e0643","hours":null,"phone":null,"email":null,"website":null,"description":null,"iconUrl":null,"correlation_id":null}},{"id":"bb8d7feb-6632-4e8a-8522-e28f111506b1","type":"Feature","feature_type":"occupant","geometry":null,"properties":{"name":{"ru":"Кабинет 307","en":"Classroom 307"},"shortName":{"ru":"307","en":"307"},"category":"classroom","anchor_id":"1fd5cc76-3dc4-43c9-9e52-81febb372d9b","hours":null,"phone":null,"email":null,"website":null,"description":null,"iconUrl":null,"correlation_id":null}},{"id":"2b588cea-4fb1-49bd-8d14-11b7e87c50fd","type":"Feature","feature_type":"occupant","geometry":null,"properties":{"name":{"ru":"Кабинет 303","en":"Classroom 303"},"shortName":{"ru":"303","en":"303"},"category":"classroom","anchor_id":"ee9c16e6-54cd-4d17-ae28-95eb52c19236","hours":null,"phone":null,"email":null,"website":null,"description":null,"iconUrl":null,"correlation_id":null}},{"id":"221e28eb-5672-45c1-98e4-24c4da060e77","type":"Feature","feature_type":"occupant","geometry":null,"properties":{"name":{"ru":"Кабинет 312","en":"Classroom 312"},"shortName":{"ru":"312","en":"312"},"category":"classroom","anchor_id":"bb64d08b-ba2d-4feb-aee5-8bdab2ddf99f","hours":null,"phone":null,"email":null,"website":null,"description":null,"iconUrl":null,"correlation_id":null}},{"id":"817f202c-5e81-43b1-8b3d-d07ff8e3b946","type":"Feature","feature_type":"occupant","geometry":null,"properties":{"name":{"ru":"Кабинет 329","en":"Classroom 329"},"shortName":{"ru":"329","en":"329"},"category":"classroom","anchor_id":"e9fd58e2-4d01-4d09-a651-271416388271","hours":null,"phone":null,"email":null,"website":null,"description":null,"iconUrl":null,"correlation_id":null}},{"id":"835480eb-14ed-443a-8beb-4f63c2b15611","type":"Feature","feature_type":"occupant","geometry":null,"properties":{"name":{"ru":"Кабинет 342","en":"Classroom 342"},"shortName":{"ru":"342","en":"342"},"category":"classroom","anchor_id":"88b594f1-3970-45f0-b2e5-319e041c1bce","hours":null,"phone":null,"email":null,"website":null,"description":null,"iconUrl":null,"correlation_id":null}},{"id":"3efd2380-29de-42d8-87b4-8e64133089a5","type":"Feature","feature_type":"occupant","geometry":null,"properties":{"name":{"ru":"Кабинет 333","en":"Classroom 333"},"shortName":{"ru":"333","en":"333"},"category":"classroom","anchor_id":"6dede9b9-4d46-41cc-b7fa-c18123c8c307","hours":null,"phone":null,"email":null,"website":null,"description":null,"iconUrl":null,"correlation_id":null}},{"id":"48a20502-ae94-476a-a585-f513a60ab237","type":"Feature","feature_type":"occupant","geometry":null,"properties":{"name":{"ru":"Кабинет 304","en":"Classroom 304"},"shortName":{"ru":"304","en":"304"},"category":"classroom","anchor_id":"5f9e9af1-8a14-4645-babc-6e414b956946","hours":null,"phone":null,"email":null,"website":null,"description":null,"iconUrl":null,"correlation_id":null}},{"id":"3c770a38-2653-4149-b940-fe972f696660","type":"Feature","feature_type":"occupant","geometry":null,"properties":{"name":{"ru":"Кабинет 338","en":"Classroom 338"},"shortName":{"ru":"338","en":"338"},"category":"classroom","anchor_id":"46d5a71a-dca3-4d5f-8ba1-653b8422848d","hours":null,"phone":null,"email":null,"website":null,"description":null,"iconUrl":null,"correlation_id":null}},{"id":"bef1f70b-9acf-4ffd-84ea-f5146c974716","type":"Feature","feature_type":"occupant","geometry":null,"properties":{"name":{"ru":"Кабинет 327","en":"Classroom 327"},"shortName":{"ru":"327","en":"327"},"category":"classroom","anchor_id":"e8bc2194-4255-4ce7-882d-d430a159fd0f","hours":null,"phone":null,"email":null,"website":null,"description":null,"iconUrl":null,"correlation_id":null}},{"id":"a56485ed-4188-4990-a437-8b2ff078458e","type":"Feature","feature_type":"occupant","geometry":null,"properties":{"name":{"ru":"Кабинет 325","en":"Classroom 325"},"shortName":{"ru":"325","en":"325"},"category":"classroom","anchor_id":"7c5ce480-9307-402c-9549-21ff29a223fa","hours":null,"phone":null,"email":null,"website":null,"description":null,"iconUrl":null,"correlation_id":null}},{"id":"b06540b7-7b79-4d73-99e6-94e9997688e1","type":"Feature","feature_type":"occupant","geometry":null,"properties":{"name":{"ru":"Кабинет 323","en":"Classroom 323"},"shortName":{"ru":"323","en":"323"},"category":"classroom","anchor_id":"ecfc06c8-7a62-40a5-af66-781ec3d5c958","hours":null,"phone":null,"email":null,"website":null,"description":null,"iconUrl":null,"correlation_id":null}},{"id":"5baeb6b6-c9aa-461b-b157-80ec84042984","type":"Feature","feature_type":"occupant","geometry":null,"properties":{"name":{"ru":"Кабинет 334","en":"Classroom 334"},"shortName":{"ru":"334","en":"334"},"category":"classroom","anchor_id":"7b091036-627a-42e8-8358-feb283b05b91","hours":null,"phone":null,"email":null,"website":null,"description":null,"iconUrl":null,"correlation_id":null}},{"id":"ee1c2a84-c15a-43b8-bde5-c668de93edb1","type":"Feature","feature_type":"occupant","geometry":null,"properties":{"name":{"ru":"Кабинет 330","en":"Classroom 330"},"shortName":{"ru":"330","en":"330"},"category":"classroom","anchor_id":"56b8fe4e-9624-436d-9658-68b657844a86","hours":null,"phone":null,"email":null,"website":null,"description":null,"iconUrl":null,"correlation_id":null}},{"id":"9257a17e-ecae-44bc-8aa9-58428938aa11","type":"Feature","feature_type":"occupant","geometry":null,"properties":{"name":{"ru":"Кабинет 321","en":"Classroom 321"},"shortName":{"ru":"321","en":"321"},"category":"classroom","anchor_id":"072efa75-61a7-4abf-8463-22f66cbc0fb9","hours":null,"phone":null,"email":null,"website":null,"description":null,"iconUrl":null,"correlation_id":null}},{"id":"a3ad6ee5-892e-4942-9029-e0a5f9c3b39c","type":"Feature","feature_type":"occupant","geometry":null,"properties":{"name":{"ru":"Кабинет 319","en":"Classroom 319"},"shortName":{"ru":"319","en":"319"},"category":"classroom","anchor_id":"26775457-23e7-4aaa-9d1c-e45396e1d213","hours":null,"phone":null,"email":null,"website":null,"description":null,"iconUrl":null,"correlation_id":null}},{"id":"33259cbb-d560-4007-b93e-fa0f9c7aa921","type":"Feature","feature_type":"occupant","geometry":null,"properties":{"name":{"ru":"Кабинет 317","en":"Classroom 317"},"shortName":{"ru":"317","en":"317"},"category":"classroom","anchor_id":"9655b6ed-d5e2-42e3-bea2-ea4281ce0e2c","hours":null,"phone":null,"email":null,"website":null,"description":null,"iconUrl":null,"correlation_id":null}},{"id":"66a3979c-187f-48ed-8db7-10fc23e454ca","type":"Feature","feature_type":"occupant","geometry":null,"properties":{"name":{"ru":"Кабинет 313","en":"Classroom 313"},"shortName":{"ru":"313","en":"313"},"category":"classroom","anchor_id":"02deaf85-52c2-4e3b-acad-e50eb779eada","hours":null,"phone":null,"email":null,"website":null,"description":null,"iconUrl":null,"correlation_id":null}},{"id":"ecf0f194-b382-4f1f-8b3a-be37426f975c","type":"Feature","feature_type":"occupant","geometry":null,"properties":{"name":{"ru":"Кабинет 328","en":"Classroom 328"},"shortName":{"ru":"328","en":"328"},"category":"classroom","anchor_id":"d01a6191-7d96-46ac-979a-60b8eea525ed","hours":null,"phone":null,"email":null,"website":null,"description":null,"iconUrl":null,"correlation_id":null}},{"id":"504ad84a-8664-499a-8412-2c307b9e8eec","type":"Feature","feature_type":"occupant","geometry":null,"properties":{"name":{"ru":"Кабинет 326","en":"Classroom 326"},"shortName":{"ru":"326","en":"326"},"category":"classroom","anchor_id":"108c0dce-14c7-469f-9368-423d807af0a6","hours":null,"phone":null,"email":null,"website":null,"description":null,"iconUrl":null,"correlation_id":null}},{"id":"9ddd2d7c-6925-4ee1-b4ad-ba576bf802b6","type":"Feature","feature_type":"occupant","geometry":null,"properties":{"name":{"ru":"Кабинет 324","en":"Classroom 324"},"shortName":{"ru":"324","en":"324"},"category":"classroom","anchor_id":"00d68b44-5a6b-496b-b00d-d60409de221d","hours":null,"phone":null,"email":null,"website":null,"description":null,"iconUrl":null,"correlation_id":null}},{"id":"a04be99d-15bf-4dbe-a09c-044558abfadd","type":"Feature","feature_type":"occupant","geometry":null,"properties":{"name":{"ru":"Кабинет 322","en":"Classroom 322"},"shortName":{"ru":"322","en":"322"},"category":"classroom","anchor_id":"8103a037-e2c6-473b-a3d5-916c78c5aa14","hours":null,"phone":null,"email":null,"website":null,"description":null,"iconUrl":null,"correlation_id":null}},{"id":"9a20449c-6dab-483e-8460-4505b89765f9","type":"Feature","feature_type":"occupant","geometry":null,"properties":{"name":{"ru":"Кабинет 341","en":"Classroom 341"},"shortName":{"ru":"341","en":"341"},"category":"classroom","anchor_id":"28f2b696-aa8d-4855-bb3c-6b66aad13b7e","hours":null,"phone":null,"email":null,"website":null,"description":null,"iconUrl":null,"correlation_id":null}},{"id":"5d3f9511-eda9-4251-8955-568088ff1296","type":"Feature","feature_type":"occupant","geometry":null,"properties":{"name":{"ru":"Кабинет 343","en":"Classroom 343"},"shortName":{"ru":"343","en":"343"},"category":"classroom","anchor_id":"4126dad3-384a-4291-9a70-e2e7b891b838","hours":null,"phone":null,"email":null,"website":null,"description":null,"iconUrl":null,"correlation_id":null}},{"id":"80da560a-e825-4492-99c4-77046db6a5f1","type":"Feature","feature_type":"occupant","geometry":null,"properties":{"name":{"ru":"Кабинет 345","en":"Classroom 345"},"shortName":{"ru":"345","en":"345"},"category":"classroom","anchor_id":"e092f67d-288b-4bae-a5b7-9ba14190038f","hours":null,"phone":null,"email":null,"website":null,"description":null,"iconUrl":null,"correlation_id":null}},{"id":"a34bee1d-1001-4f15-8cd3-87246aada2ec","type":"Feature","feature_type":"occupant","geometry":null,"properties":{"name":{"ru":"Кабинет 344/1","en":"Classroom 344/1"},"shortName":{"ru":"344/1","en":"344/1"},"category":"classroom","anchor_id":"d91f3025-0acf-4297-b330-3693f1fd770a","hours":null,"phone":null,"email":null,"website":null,"description":null,"iconUrl":null,"correlation_id":null}},{"id":"bd9e5b63-5b0c-4127-90d9-1b741351649c","type":"Feature","feature_type":"occupant","geometry":null,"properties":{"name":{"ru":"Кабинет 348","en":"Classroom 348"},"shortName":{"ru":"348","en":"348"},"category":"classroom","anchor_id":"cad2cad4-907b-4222-86b8-6a21694bfa68","hours":null,"phone":null,"email":null,"website":null,"description":null,"iconUrl":null,"correlation_id":null}},{"id":"c3f909f0-f794-4c1c-b675-518af65e1617","type":"Feature","feature_type":"occupant","geometry":null,"properties":{"name":{"ru":"Кабинет 350","en":"Classroom 350"},"shortName":{"ru":"350","en":"350"},"category":"classroom","anchor_id":"f70d0734-fc7e-4b3a-84ae-491b00947428","hours":null,"phone":null,"email":null,"website":null,"description":null,"iconUrl":null,"correlation_id":null}},{"id":"5a40db11-709b-493a-a694-1cbba8ddd486","type":"Feature","feature_type":"occupant","geometry":null,"properties":{"name":{"ru":"Кабинет 352","en":"Classroom 352"},"shortName":{"ru":"352","en":"352"},"category":"classroom","anchor_id":"f8cbb506-74dd-47df-96b5-50f2a7c1290a","hours":null,"phone":null,"email":null,"website":null,"description":null,"iconUrl":null,"correlation_id":null}},{"id":"f3727390-8788-4d0c-995c-e070b81a9f57","type":"Feature","feature_type":"occupant","geometry":null,"properties":{"name":{"ru":"Кабинет 349","en":"Classroom 349"},"shortName":{"ru":"349","en":"349"},"category":"classroom","anchor_id":"03414f15-fdb0-4db6-a34d-4db8d9907f58","hours":null,"phone":null,"email":null,"website":null,"description":null,"iconUrl":null,"correlation_id":null}},{"id":"f8cc8700-54bf-4c7f-8f87-fdb8a9e4c27c","type":"Feature","feature_type":"occupant","geometry":null,"properties":{"name":{"ru":"Кабинет 309","en":"Classroom 309"},"shortName":{"ru":"309","en":"309"},"category":"classroom","anchor_id":"37638248-af91-4fa3-ba1a-e31969550a28","hours":null,"phone":null,"email":null,"website":null,"description":null,"iconUrl":null,"correlation_id":null}},{"id":"15cf3c3c-183c-4188-928f-fc1ff26d8c8f","type":"Feature","feature_type":"occupant","geometry":null,"properties":{"name":{"ru":"Кабинет 316","en":"Classroom 316"},"shortName":{"ru":"316","en":"316"},"category":"classroom","anchor_id":"bf8f2eec-be3a-47d2-bc81-be2111227d4e","hours":null,"phone":null,"email":null,"website":null,"description":null,"iconUrl":null,"correlation_id":null}},{"id":"34eadce9-6590-4a5b-9958-fa24bd2783c6","type":"Feature","feature_type":"occupant","geometry":null,"properties":{"name":{"ru":"Кабинет 314","en":"Classroom 314"},"shortName":{"ru":"314","en":"314"},"category":"classroom","anchor_id":"7237d03e-f9c4-4c29-8cf7-081b9833fd87","hours":null,"phone":null,"email":null,"website":null,"description":null,"iconUrl":null,"correlation_id":null}},{"id":"419c5603-2693-47db-a3df-546fcc9d0632","type":"Feature","feature_type":"occupant","geometry":null,"properties":{"name":{"ru":"Кабинет 318","en":"Classroom 318"},"shortName":{"ru":"318","en":"318"},"category":"classroom","anchor_id":"a3f703a4-c03f-447a-ab65-1cfdb940d614","hours":null,"phone":null,"email":null,"website":null,"description":null,"iconUrl":null,"correlation_id":null}},{"id":"151e6792-2e01-4b57-9229-97e4982aef89","type":"Feature","feature_type":"occupant","geometry":null,"properties":{"name":{"ru":"Туалет мужской","en":"Restroom male"},"shortName":{"ru":"Туалет М.","en":"Restroom M."},"category":"restroom.male","anchor_id":"9005dc1a-e784-48ef-91d8-1fc20096347d","hours":null,"phone":null,"email":null,"website":null,"description":null,"iconUrl":null,"correlation_id":null}},{"id":"27f340c4-bef3-4dad-b583-0b0a953e73e8","type":"Feature","feature_type":"occupant","geometry":null,"properties":{"name":{"ru":"Туалет женский","en":"Restroom female"},"shortName":{"ru":"Туалет Ж.","en":"Restroom F."},"category":"restroom.female","anchor_id":"824d90bb-9983-40fb-82b3-81fc373e5276","hours":null,"phone":null,"email":null,"website":null,"description":null,"iconUrl":null,"correlation_id":null}},{"id":"1d437745-435c-43c4-99dd-cd1e5d2e6ac9","type":"Feature","feature_type":"occupant","geometry":null,"properties":{"name":{"ru":"Кабинет 332","en":"Classroom 332"},"shortName":{"ru":"332","en":"332"},"category":"classroom","anchor_id":"ba91ddb8-2dcc-4f9f-9c6c-b78db45de675","hours":null,"phone":null,"email":null,"website":null,"description":null,"iconUrl":null,"correlation_id":null}},{"id":"7e502b37-befd-4618-92fb-cbc81255f3ef","type":"Feature","feature_type":"occupant","geometry":null,"properties":{"name":{"ru":"Кабинет 340","en":"Classroom 340"},"shortName":{"ru":"340","en":"340"},"category":"classroom","anchor_id":"524710c9-2797-436b-960f-708067a269c7","hours":null,"phone":null,"email":null,"website":null,"description":null,"iconUrl":null,"correlation_id":null}},{"id":"1a52d497-4835-4873-8245-8d65cf56c763","type":"Feature","feature_type":"occupant","geometry":null,"properties":{"name":{"ru":"Кабинет 315","en":"Classroom 315"},"shortName":{"ru":"315","en":"315"},"category":"classroom","anchor_id":"683051ef-f10c-47da-912d-1b2ba4f65219","hours":null,"phone":null,"email":null,"website":null,"description":null,"iconUrl":null,"correlation_id":null}},{"id":"140cabae-ffb2-40f5-a946-3953a9228cb1","type":"Feature","feature_type":"occupant","geometry":null,"properties":{"name":{"ru":"Преподавательская"},"shortName":{"ru":"Преподавательская"},"category":"administration","anchor_id":"87840274-bcee-4352-a976-61bca2c8ea77","hours":null,"phone":null,"email":null,"website":null,"description":null,"iconUrl":null,"correlation_id":null}},{"id":"5ad646de-937d-42e6-aa16-45a66619d9ba","type":"Feature","feature_type":"occupant","geometry":null,"properties":{"name":{"ru":"Преподавательская кафедры КИТвП"},"shortName":{"ru":"Преподавательская кафедры КИТвП"},"category":"administration","anchor_id":"ee0ad305-fd23-4443-b809-e2710c55c43f","hours":null,"phone":null,"email":null,"website":null,"description":null,"iconUrl":null,"correlation_id":null}},{"id":"582563f8-4683-4b71-9545-7e5647c1315d","type":"Feature","feature_type":"occupant","geometry":null,"properties":{"name":{"ru":"Кабинет 344","en":"Classroom 344"},"shortName":{"ru":"344","en":"344"},"category":"classroom","anchor_id":"e9dceadf-4afe-46e9-bebe-6bb44c87c7c7","hours":null,"phone":null,"email":null,"website":null,"description":null,"iconUrl":null,"correlation_id":null}},{"id":"92a970de-1c57-4389-9ef4-129d116e5836","type":"Feature","feature_type":"occupant","geometry":null,"properties":{"name":{"ru":"Кабинет 346","en":"Classroom 346"},"shortName":{"ru":"346","en":"346"},"category":"classroom","anchor_id":"081abd40-6383-4566-b673-337c1a851054","hours":null,"phone":null,"email":null,"website":null,"description":null,"iconUrl":null,"correlation_id":null}},{"id":"bd34e2b7-8e0a-485b-9fce-2f04cbe11cda","type":"Feature","feature_type":"occupant","geometry":null,"properties":{"name":{"ru":"Кабинет 339","en":"Classroom 339"},"shortName":{"ru":"339","en":"339"},"category":"classroom","anchor_id":"1dff7d26-28ae-4b3a-b3e3-f602248cfe39","hours":null,"phone":null,"email":null,"website":null,"description":null,"iconUrl":null,"correlation_id":null}},{"id":"6e24f3c9-366b-4234-961a-7934bfa26c8f","type":"Feature","feature_type":"occupant","geometry":null,"properties":{"name":{"ru":"Кабинет 335","en":"Classroom 335"},"shortName":{"ru":"335","en":"335"},"category":"classroom","anchor_id":"40bb9256-5bd1-418b-a431-19c8778ed66f","hours":null,"phone":null,"email":null,"website":null,"description":null,"iconUrl":null,"correlation_id":null}},{"id":"620bf8c1-ed44-4db9-8ec8-dff98c9334cd","type":"Feature","feature_type":"occupant","geometry":null,"properties":{"name":{"ru":"Кабинет 337","en":"Classroom 337"},"shortName":{"ru":"337","en":"337"},"category":"classroom","anchor_id":"0144738a-b505-49a2-8d77-aec673e2244f","hours":null,"phone":null,"email":null,"website":null,"description":null,"iconUrl":null,"correlation_id":null}},{"id":"a9e88ae1-979c-4b6e-9718-5acd7e41f4f3","type":"Feature","feature_type":"occupant","geometry":null,"properties":{"name":{"ru":"Кабинет 306","en":"Classroom 306"},"shortName":{"ru":"306","en":"306"},"category":"classroom","anchor_id":"af37505d-78b9-4d31-afd6-6c5c1669cce5","hours":null,"phone":null,"email":null,"website":null,"description":null,"iconUrl":null,"correlation_id":null}},{"id":"fe556810-b0ef-4adc-8952-2cbea5cc50b3","type":"Feature","feature_type":"occupant","geometry":null,"properties":{"name":{"ru":"Кабинет 308","en":"Classroom 308"},"shortName":{"ru":"308","en":"308"},"category":"classroom","anchor_id":"813a6c27-d643-4c09-8e9e-ff3783d8bb65","hours":null,"phone":null,"email":null,"website":null,"description":null,"iconUrl":null,"correlation_id":null}},{"id":"4b73c6c9-06bf-4df4-9d55-90195b865032","type":"Feature","feature_type":"occupant","geometry":null,"properties":{"name":{"ru":"Кабинет 347","en":"Classroom 347"},"shortName":{"ru":"347","en":"347"},"category":"classroom","anchor_id":"e85a311c-3800-4dcc-8b52-b8ea98aa42fc","hours":null,"phone":null,"email":null,"website":null,"description":null,"iconUrl":null,"correlation_id":null}},{"id":"4c8bbaad-db31-47f1-9eb3-5ead6b64eb6a","type":"Feature","feature_type":"occupant","geometry":null,"properties":{"name":{"ru":"Кабинет 26","en":"Classroom 26"},"shortName":{"ru":"26","en":"26"},"category":"classroom","anchor_id":"f9e38d44-d82c-4918-b950-f073f243f22c","hours":null,"phone":null,"email":null,"website":null,"description":null,"iconUrl":null,"correlation_id":null}},{"id":"a2927a8f-ea44-4afa-8439-1ed88e8aa080","type":"Feature","feature_type":"occupant","geometry":null,"properties":{"name":{"ru":"Кабинет 27","en":"Classroom 27"},"shortName":{"ru":"27","en":"27"},"category":"classroom","anchor_id":"5cf4e3a4-734a-4b17-b605-344a660cff33","hours":null,"phone":null,"email":null,"website":null,"description":null,"iconUrl":null,"correlation_id":null}},{"id":"9913a071-30f1-4bed-aa61-ff7c43f71e0d","type":"Feature","feature_type":"occupant","geometry":null,"properties":{"name":{"ru":"Кабинет 28","en":"Classroom 28"},"shortName":{"ru":"28","en":"28"},"category":"classroom","anchor_id":"ede2234b-1218-4323-9b62-7cb1281b4489","hours":null,"phone":null,"email":null,"website":null,"description":null,"iconUrl":null,"correlation_id":null}},{"id":"33bf3c99-c11c-4339-bab2-4509e9d03276","type":"Feature","feature_type":"occupant","geometry":null,"properties":{"name":{"ru":"Кабинет 2","en":"Classroom 2"},"shortName":{"ru":"2","en":"2"},"category":"classroom","anchor_id":"d74743d0-c321-43a2-8bfc-7d176fe70b03","hours":null,"phone":null,"email":null,"website":null,"description":null,"iconUrl":null,"correlation_id":null}},{"id":"59845899-e00a-405c-a857-885bd49afa17","type":"Feature","feature_type":"occupant","geometry":null,"properties":{"name":{"ru":"Кабинет 3","en":"Classroom 3"},"shortName":{"ru":"3","en":"3"},"category":"classroom","anchor_id":"9df8699d-bc6b-4e64-9407-e53b477fb937","hours":null,"phone":null,"email":null,"website":null,"description":null,"iconUrl":null,"correlation_id":null}},{"id":"02b9ca21-e4ae-41a7-8f05-b521f5cd56cd","type":"Feature","feature_type":"occupant","geometry":null,"properties":{"name":{"ru":"Кабинет 4","en":"Classroom 4"},"shortName":{"ru":"4","en":"4"},"category":"classroom","anchor_id":"7e3cf32c-8e26-4520-adad-118908e20d95","hours":null,"phone":null,"email":null,"website":null,"description":null,"iconUrl":null,"correlation_id":null}},{"id":"b9ed01ee-37b0-45b7-90cf-d6f01dab2425","type":"Feature","feature_type":"occupant","geometry":null,"properties":{"name":{"ru":"Кабинет 5","en":"Classroom 5"},"shortName":{"ru":"5","en":"5"},"category":"classroom","anchor_id":"0d85e509-8015-45dc-92e6-2c6d067f515a","hours":null,"phone":null,"email":null,"website":null,"description":null,"iconUrl":null,"correlation_id":null}},{"id":"20ace7de-d590-48f9-8e42-f433e1b53713","type":"Feature","feature_type":"occupant","geometry":null,"properties":{"name":{"ru":"Кабинет 11","en":"Classroom 11"},"shortName":{"ru":"11","en":"11"},"category":"classroom","anchor_id":"72e3f4c4-23fd-4617-b911-e920da0fc2f3","hours":null,"phone":null,"email":null,"website":null,"description":null,"iconUrl":null,"correlation_id":null}},{"id":"cb09d93c-8de8-4a69-9418-97ea1c7a392e","type":"Feature","feature_type":"occupant","geometry":null,"properties":{"name":{"ru":"Кабинет 10","en":"Classroom 10"},"shortName":{"ru":"10","en":"10"},"category":"classroom","anchor_id":"56793ff6-5955-4c64-9990-0aa3dd84adbd","hours":null,"phone":null,"email":null,"website":null,"description":null,"iconUrl":null,"correlation_id":null}},{"id":"2546ceae-182e-432d-9a7a-c10536e13ff9","type":"Feature","feature_type":"occupant","geometry":null,"properties":{"name":{"ru":"Кабинет 10","en":"Classroom 10"},"shortName":{"ru":"10","en":"10"},"category":"classroom","anchor_id":"459600b9-0107-4b0a-b5c9-0bf96357be8d","hours":null,"phone":null,"email":null,"website":null,"description":null,"iconUrl":null,"correlation_id":null}},{"id":"b7094816-bd89-4dc8-8c8c-8a4812fa390e","type":"Feature","feature_type":"occupant","geometry":null,"properties":{"name":{"ru":"Учебная библиотека","en":"Study Library"},"shortName":{"ru":"Учебная библиотека","en":"Study Library"},"category":"library","anchor_id":"c042398e-7c84-40be-b6e3-5040c6b6389c","hours":null,"phone":null,"email":null,"website":null,"description":null,"iconUrl":null,"correlation_id":null}},{"id":"f37cde23-c95a-42a7-a491-a6bcb7975998","type":"Feature","feature_type":"occupant","geometry":null,"properties":{"name":{"ru":"Лекторий 101","en":"Auditorium 101"},"shortName":{"ru":"101","en":"101"},"category":"auditorium","anchor_id":"c759ff12-59c9-4738-a992-311acd28fce7","hours":null,"phone":null,"email":null,"website":null,"description":null,"iconUrl":null,"correlation_id":null}},{"id":"71a9c147-18e3-4719-a712-c8267f4e5a5a","type":"Feature","feature_type":"occupant","geometry":null,"properties":{"name":{"ru":"Лекторий 122","en":"Auditorium 122"},"shortName":{"ru":"122","en":"122"},"category":"auditorium","anchor_id":"dc471d59-7c72-41dc-b221-a88136da35e4","hours":null,"phone":null,"email":null,"website":null,"description":null,"iconUrl":null,"correlation_id":null}},{"id":"d9756745-4f05-471f-8497-0f15e45b74bf","type":"Feature","feature_type":"occupant","geometry":null,"properties":{"name":{"ru":"Кабинет 183","en":"Classroom 183"},"shortName":{"ru":"183","en":"183"},"category":"classroom","anchor_id":"3040d851-563b-4aed-bc53-833428f8f07f","hours":null,"phone":null,"email":null,"website":null,"description":null,"iconUrl":null,"correlation_id":null}},{"id":"94072c7c-9377-410f-80bc-e2447c69bcfd","type":"Feature","feature_type":"occupant","geometry":null,"properties":{"name":{"ru":"Кабинет 184","en":"Classroom 184"},"shortName":{"ru":"184","en":"184"},"category":"classroom","anchor_id":"d35b8603-679d-4190-95ce-c0f059d8f717","hours":null,"phone":null,"email":null,"website":null,"description":null,"iconUrl":null,"correlation_id":null}},{"id":"8c19d7c1-e8dc-40fe-b699-f718bfd0d456","type":"Feature","feature_type":"occupant","geometry":null,"properties":{"name":{"ru":"Кабинет 123","en":"Classroom 123"},"shortName":{"ru":"123","en":"123"},"category":"classroom","anchor_id":"5b0051f2-407f-4316-a1e3-5ff255b078f4","hours":null,"phone":null,"email":null,"website":null,"description":null,"iconUrl":null,"correlation_id":null}},{"id":"36b66950-9afe-40b9-8d02-8a371076676f","type":"Feature","feature_type":"occupant","geometry":null,"properties":{"name":{"ru":"Кафетерий «Бульвар»","en":"Coffee «Bulvar»"},"shortName":{"ru":"Бульвар","en":"Bulvar"},"category":"foodservice.coffee","anchor_id":"58deaab0-0b5f-4e85-afb7-87c34ab3fa4a","hours":null,"phone":"+7 (812) 555-42-81","email":"dmts@spbstu.ru","website":"https://umto.spbstu.ru/Kafe_bufet/","description":null,"iconUrl":null,"correlation_id":null}},{"id":"1a9aef13-1fad-4c6a-8fcb-350cf28311be","type":"Feature","feature_type":"occupant","geometry":null,"properties":{"name":{"ru":"Магазин","en":"Souvenirs"},"shortName":{"ru":"Магазин","en":"Souvenirs"},"category":"souvenirs","anchor_id":"7c796d1f-7ce4-4d5c-a8f5-38e810b1772f","hours":null,"phone":null,"email":null,"website":null,"description":null,"iconUrl":null,"correlation_id":null}},{"id":"19b17cb7-68af-4b07-bf9c-fdac856b3946","type":"Feature","feature_type":"occupant","geometry":null,"properties":{"name":{"ru":"Туалет женский","en":"Restroom female"},"shortName":{"ru":"Туалет Ж.","en":"Restroom F."},"category":"restroom.female","anchor_id":"32446303-58bc-4b11-9d7b-2f7a94c18ac5","hours":null,"phone":null,"email":null,"website":null,"description":null,"iconUrl":null,"correlation_id":null}},{"id":"96f00030-d4fc-4d37-abd0-54d7fd59400a","type":"Feature","feature_type":"occupant","geometry":null,"properties":{"name":{"ru":"Туалет женский","en":"Restroom female"},"shortName":{"ru":"Туалет Ж.","en":"Restroom F."},"category":"restroom.female","anchor_id":"2b0e4f15-8178-4677-b323-b8f867779cb5","hours":null,"phone":null,"email":null,"website":null,"description":null,"iconUrl":null,"correlation_id":null}},{"id":"42bbc4f2-683a-4b55-aa6d-6e3673291bc2","type":"Feature","feature_type":"occupant","geometry":null,"properties":{"name":{"ru":"Туалет женский","en":"Restroom female"},"shortName":{"ru":"Туалет Ж.","en":"Restroom F."},"category":"restroom.female","anchor_id":"c6d19605-e30c-496b-b709-375305cc6dc1","hours":null,"phone":null,"email":null,"website":null,"description":null,"iconUrl":null,"correlation_id":null}},{"id":"dcbd1396-09af-485e-951d-d24016fc3ddc","type":"Feature","feature_type":"occupant","geometry":null,"properties":{"name":{"ru":"Лабораторная 186a","en":"Lab 186a"},"shortName":{"ru":"186a","en":"186a"},"category":"laboratory","anchor_id":"fd3a426e-45d2-4316-a28e-310338776491","hours":null,"phone":null,"email":null,"website":null,"description":null,"iconUrl":null,"correlation_id":null}},{"id":"87a165e8-93d8-4a6f-b28c-5f0e9c447028","type":"Feature","feature_type":"occupant","geometry":null,"properties":{"name":{"ru":"Лабораторная 186","en":"Lab 186"},"shortName":{"ru":"186","en":"186"},"category":"laboratory","anchor_id":"684d3870-03a4-472b-8b3d-88534213bc2e","hours":null,"phone":null,"email":null,"website":null,"description":null,"iconUrl":null,"correlation_id":null}},{"id":"f87d8d08-ca8e-4065-b532-1ad5b771783d","type":"Feature","feature_type":"occupant","geometry":null,"properties":{"name":{"ru":"Лабораторная 155","en":"Lab 155"},"shortName":{"ru":"155","en":"155"},"category":"laboratory","anchor_id":"29dccd12-e9ef-4ad5-8884-469a96b6b3f8","hours":null,"phone":null,"email":null,"website":null,"description":null,"iconUrl":null,"correlation_id":null}},{"id":"b92efa26-61e3-42dd-8856-196d20ea21f6","type":"Feature","feature_type":"occupant","geometry":null,"properties":{"name":{"ru":"Выставочный зал","en":"Showroom"},"shortName":{"ru":"Выставочный зал","en":"Showroom"},"category":"museum","anchor_id":"336bc4c8-38f6-485a-bc9a-f9e03a746511","hours":null,"phone":null,"email":null,"website":null,"description":null,"iconUrl":null,"correlation_id":null}},{"id":"79467c39-7b17-43dd-ab93-98d36b3fe8fb","type":"Feature","feature_type":"occupant","geometry":null,"properties":{"name":{"ru":"Ректорат","en":"Administration"},"shortName":{"ru":"Ректорат","en":"Administration"},"category":"administration","anchor_id":"8cbb34d8-2cb9-42e4-bc4f-a46f0b4aeb3b","hours":null,"phone":null,"email":null,"website":null,"description":null,"iconUrl":null,"correlation_id":null}},{"id":"25267963-4b4c-4669-a276-4d7c67a89519","type":"Feature","feature_type":"occupant","geometry":null,"properties":{"name":{"ru":"Кабинет 109","en":"Classroom 109"},"shortName":{"ru":"109","en":"109"},"category":"classroom","anchor_id":"4e8bd060-2183-494c-8312-0f3f3bebe662","hours":null,"phone":null,"email":null,"website":null,"description":null,"iconUrl":null,"correlation_id":null}},{"id":"e7f9afa5-6809-4f9e-969f-56b83746f8a9","type":"Feature","feature_type":"occupant","geometry":null,"properties":{"name":{"ru":"Кабинет 108","en":"Classroom 108"},"shortName":{"ru":"108","en":"108"},"category":"classroom","anchor_id":"ece305a3-1629-4139-a0cc-e27c3d37e299","hours":null,"phone":null,"email":null,"website":null,"description":null,"iconUrl":null,"correlation_id":null}},{"id":"a113bb29-5cb3-45aa-a84e-83de6bc16de1","type":"Feature","feature_type":"occupant","geometry":null,"properties":{"name":{"ru":"Кабинет 107","en":"Classroom 107"},"shortName":{"ru":"107","en":"107"},"category":"classroom","anchor_id":"1c67926b-095e-48ef-8a66-74f258d62d53","hours":null,"phone":null,"email":null,"website":null,"description":null,"iconUrl":null,"correlation_id":null}},{"id":"7186e6f7-172b-4c6b-a8be-e4de674ce295","type":"Feature","feature_type":"occupant","geometry":null,"properties":{"name":{"ru":"Кабинет 106","en":"Classroom 106"},"shortName":{"ru":"106","en":"106"},"category":"classroom","anchor_id":"9dfcf0fc-2184-4f75-bf65-7fe3e00bbf18","hours":null,"phone":null,"email":null,"website":null,"description":null,"iconUrl":null,"correlation_id":null}},{"id":"35740ebf-1bb8-42f0-b6c2-f6811876e081","type":"Feature","feature_type":"occupant","geometry":null,"properties":{"name":{"ru":"Кабинет 105","en":"Classroom 105"},"shortName":{"ru":"105","en":"105"},"category":"classroom","anchor_id":"93a35cf9-7cc4-4721-9e5b-e9a1236493fd","hours":null,"phone":null,"email":null,"website":null,"description":null,"iconUrl":null,"correlation_id":null}},{"id":"e06d1836-a255-476a-8c05-5e67b7dabdce","type":"Feature","feature_type":"occupant","geometry":null,"properties":{"name":{"ru":"Кабинет 104","en":"Classroom 104"},"shortName":{"ru":"104","en":"104"},"category":"classroom","anchor_id":"812e3f16-8321-466f-b2a1-24c6695c9995","hours":null,"phone":null,"email":null,"website":null,"description":null,"iconUrl":null,"correlation_id":null}},{"id":"9935ba9d-f918-498b-9e8d-6f2d14325748","type":"Feature","feature_type":"occupant","geometry":null,"properties":{"name":{"ru":"Кабинет 103","en":"Classroom 103"},"shortName":{"ru":"103","en":"103"},"category":"classroom","anchor_id":"0bd8aee9-e14c-4eb8-a445-4794a43f000e","hours":null,"phone":null,"email":null,"website":null,"description":null,"iconUrl":null,"correlation_id":null}},{"id":"90d3a2eb-9a06-4a46-8000-fa598e35d506","type":"Feature","feature_type":"occupant","geometry":null,"properties":{"name":{"ru":"Ректорат","en":"Administration"},"shortName":{"ru":"Ректорат","en":"Administration"},"category":"administration","anchor_id":"412d3ba8-8c64-46a0-bcf1-a50e97cb8c34","hours":null,"phone":null,"email":null,"website":null,"description":null,"iconUrl":null,"correlation_id":null}},{"id":"c14916e2-5438-486a-9b9f-e50731dbbd1d","type":"Feature","feature_type":"occupant","geometry":null,"properties":{"name":{"ru":"Кабинет 116","en":"Classroom 116"},"shortName":{"ru":"116","en":"116"},"category":"classroom","anchor_id":"2d762eba-ff60-4978-a74a-c44124f39c85","hours":null,"phone":null,"email":null,"website":null,"description":null,"iconUrl":null,"correlation_id":null}},{"id":"4a713dbf-c433-4689-be27-600b7554aa1a","type":"Feature","feature_type":"occupant","geometry":null,"properties":{"name":{"ru":"Кабинет 117","en":"Classroom 117"},"shortName":{"ru":"117","en":"117"},"category":"classroom","anchor_id":"a6540e6c-265e-457d-9850-4c8d42ff633c","hours":null,"phone":null,"email":null,"website":null,"description":null,"iconUrl":null,"correlation_id":null}},{"id":"be653b6e-f5e0-440d-8931-2ac2160282bb","type":"Feature","feature_type":"occupant","geometry":null,"properties":{"name":{"ru":"Кабинет 118","en":"Classroom 118"},"shortName":{"ru":"118","en":"118"},"category":"classroom","anchor_id":"9d66791f-c2e5-4f4e-8d0d-0aca6126fbd3","hours":null,"phone":null,"email":null,"website":null,"description":null,"iconUrl":null,"correlation_id":null}},{"id":"0a19cbcc-4f0b-456d-bf3f-baa0d5ec600e","type":"Feature","feature_type":"occupant","geometry":null,"properties":{"name":{"ru":"Кабинет 101а","en":"Classroom 101а"},"shortName":{"ru":"101а","en":"101а"},"category":"classroom","anchor_id":"24cafd72-7051-4917-9b42-c5ebe850029d","hours":null,"phone":null,"email":null,"website":null,"description":null,"iconUrl":null,"correlation_id":null}},{"id":"84831fe0-622f-4405-bb26-1e655bac0764","type":"Feature","feature_type":"occupant","geometry":null,"properties":{"name":{"ru":"Охрана","en":"Security"},"shortName":{"ru":"Охрана","en":"Security"},"category":"security","anchor_id":"2fb0a7f4-c99f-4353-9378-78839e7b7108","hours":null,"phone":null,"email":null,"website":null,"description":null,"iconUrl":null,"correlation_id":null}},{"id":"cba04704-c05c-44c2-a4d4-0da343a5d239","type":"Feature","feature_type":"occupant","geometry":null,"properties":{"name":{"ru":"Зал заседаний ученого совета","en":"Meeting room of the Academic Council"},"shortName":{"ru":"Ученый совет","en":"Academic Council"},"category":"academic.council","anchor_id":"ebf1677f-e8b6-44c2-b1f1-440fa6f7884c","hours":null,"phone":null,"email":null,"website":null,"description":null,"iconUrl":null,"correlation_id":null}},{"id":"13a6739d-048a-4bd4-a60f-fad9b47f2672","type":"Feature","feature_type":"occupant","geometry":null,"properties":{"name":{"ru":"Кабинет 130","en":"Classroom 130"},"shortName":{"ru":"130","en":"130"},"category":"classroom","anchor_id":"536a4854-21c8-4cee-8c4d-7c1f99e493e3","hours":null,"phone":null,"email":null,"website":null,"description":null,"iconUrl":null,"correlation_id":null}},{"id":"69ab92d3-1439-4423-bd7e-798862c30263","type":"Feature","feature_type":"occupant","geometry":null,"properties":{"name":{"ru":"Кабинет 128","en":"Classroom 128"},"shortName":{"ru":"128","en":"128"},"category":"classroom","anchor_id":"d79bc29f-c944-4ce0-be8d-d85ab6c1cc53","hours":null,"phone":null,"email":null,"website":null,"description":null,"iconUrl":null,"correlation_id":null}},{"id":"61987010-b973-4504-adb2-471ac64f129b","type":"Feature","feature_type":"occupant","geometry":null,"properties":{"name":{"ru":"Кабинет 127","en":"Classroom 127"},"shortName":{"ru":"127","en":"127"},"category":"classroom","anchor_id":"611a6aef-1596-4915-8e33-869975eb7888","hours":null,"phone":null,"email":null,"website":null,"description":null,"iconUrl":null,"correlation_id":null}},{"id":"35ee1b02-8203-413c-bd46-141d9dfbb0bb","type":"Feature","feature_type":"occupant","geometry":null,"properties":{"name":{"ru":"Кабинет 126","en":"Classroom 126"},"shortName":{"ru":"126","en":"126"},"category":"classroom","anchor_id":"896e4227-a696-4ee6-89a4-7f963ac8c53c","hours":null,"phone":null,"email":null,"website":null,"description":null,"iconUrl":null,"correlation_id":null}},{"id":"82cc5800-cffb-4057-b2bb-af812d5d2f92","type":"Feature","feature_type":"occupant","geometry":null,"properties":{"name":{"ru":"Кабинет 124","en":"Classroom 124"},"shortName":{"ru":"124","en":"124"},"category":"classroom","anchor_id":"e699c77f-150d-4513-b3bc-d6e1671ff6fe","hours":null,"phone":null,"email":null,"website":null,"description":null,"iconUrl":null,"correlation_id":null}},{"id":"166236c3-9696-4a56-86fa-3fd8dc070591","type":"Feature","feature_type":"occupant","geometry":null,"properties":{"name":{"ru":"Туалет мужской","en":"Restroom male"},"shortName":{"ru":"Туалет М.","en":"Restroom M."},"category":"restroom.male","anchor_id":"22ad10e1-feb3-4d2e-8c47-4209a538ba21","hours":null,"phone":null,"email":null,"website":null,"description":null,"iconUrl":null,"correlation_id":null}},{"id":"0810bad1-c27f-4b4f-ae19-c0121d4b32d2","type":"Feature","feature_type":"occupant","geometry":null,"properties":{"name":{"ru":"Кабинет 134","en":"Classroom 134"},"shortName":{"ru":"134","en":"134"},"category":"classroom","anchor_id":"cec3d23f-8597-4395-92ec-82be4ee38534","hours":null,"phone":null,"email":null,"website":null,"description":null,"iconUrl":null,"correlation_id":null}},{"id":"c576d36f-f9f8-4c8e-a91e-14020b8e55ec","type":"Feature","feature_type":"occupant","geometry":null,"properties":{"name":{"ru":"Кабинет 135","en":"Classroom 135"},"shortName":{"ru":"135","en":"135"},"category":"classroom","anchor_id":"99acaa6c-5430-427c-aa73-e0be50de1609","hours":null,"phone":null,"email":null,"website":null,"description":null,"iconUrl":null,"correlation_id":null}},{"id":"81809abe-3196-4f63-819c-7c68f92333e8","type":"Feature","feature_type":"occupant","geometry":null,"properties":{"name":{"ru":"Кабинет 137","en":"Classroom 137"},"shortName":{"ru":"137","en":"137"},"category":"classroom","anchor_id":"0bc59000-87f1-4136-ac5e-afb3eb4bd37b","hours":null,"phone":null,"email":null,"website":null,"description":null,"iconUrl":null,"correlation_id":null}},{"id":"3e91f628-d6bf-4f7f-896c-058b032a9453","type":"Feature","feature_type":"occupant","geometry":null,"properties":{"name":{"ru":"Кабинет 136","en":"Classroom 136"},"shortName":{"ru":"136","en":"136"},"category":"classroom","anchor_id":"ef6fdd51-4af4-4a5e-9ec5-1e1ffb41fd09","hours":null,"phone":null,"email":null,"website":null,"description":null,"iconUrl":null,"correlation_id":null}},{"id":"d326036c-b9dc-48d9-a5f6-dfbfadac21a5","type":"Feature","feature_type":"occupant","geometry":null,"properties":{"name":{"ru":"Кабинет 138","en":"Classroom 138"},"shortName":{"ru":"138","en":"138"},"category":"classroom","anchor_id":"186c4824-2228-4811-98aa-f00ba6a3cde3","hours":null,"phone":null,"email":null,"website":null,"description":null,"iconUrl":null,"correlation_id":null}},{"id":"63ccbb59-d07d-4a8d-9338-1dcc5ffc4894","type":"Feature","feature_type":"occupant","geometry":null,"properties":{"name":{"ru":"Кабинет 139","en":"Classroom 139"},"shortName":{"ru":"139","en":"139"},"category":"classroom","anchor_id":"5808ecdc-0d7c-4b25-9bc5-523b701e5e93","hours":null,"phone":null,"email":null,"website":null,"description":null,"iconUrl":null,"correlation_id":null}},{"id":"38d0fa81-bc1e-42d4-bc60-490472fd0786","type":"Feature","feature_type":"occupant","geometry":null,"properties":{"name":{"ru":"Кабинет 140","en":"Classroom 140"},"shortName":{"ru":"140","en":"140"},"category":"classroom","anchor_id":"f5260cb3-8356-487c-99b6-af6a173f1943","hours":null,"phone":null,"email":null,"website":null,"description":null,"iconUrl":null,"correlation_id":null}},{"id":"f5c628d1-22eb-4aeb-a366-5ad7bc21c990","type":"Feature","feature_type":"occupant","geometry":null,"properties":{"name":{"ru":"Кабинет 141","en":"Classroom 141"},"shortName":{"ru":"141","en":"141"},"category":"classroom","anchor_id":"4471d4fc-d159-4b36-ac3c-9ce8898502be","hours":null,"phone":null,"email":null,"website":null,"description":null,"iconUrl":null,"correlation_id":null}},{"id":"9a737430-1e79-4dda-a29e-93d90e64ca90","type":"Feature","feature_type":"occupant","geometry":null,"properties":{"name":{"ru":"Кабинет 149","en":"Classroom 149"},"shortName":{"ru":"149","en":"149"},"category":"classroom","anchor_id":"a3a151b9-5991-4010-8511-bda5a43cdfbc","hours":null,"phone":null,"email":null,"website":null,"description":null,"iconUrl":null,"correlation_id":null}},{"id":"a3fb4a8c-7ad4-4e43-b4d7-47e658a80d5d","type":"Feature","feature_type":"occupant","geometry":null,"properties":{"name":{"ru":"Кабинет 151","en":"Classroom 151"},"shortName":{"ru":"151","en":"151"},"category":"classroom","anchor_id":"772f7094-d538-4943-8f2a-c1897169e877","hours":null,"phone":null,"email":null,"website":null,"description":null,"iconUrl":null,"correlation_id":null}},{"id":"3b0d1193-e85f-4249-9ca7-f86367b78f68","type":"Feature","feature_type":"occupant","geometry":null,"properties":{"name":{"ru":"Кабинет 152","en":"Classroom 152"},"shortName":{"ru":"152","en":"152"},"category":"classroom","anchor_id":"13f7c608-9052-478c-920a-eabfc5983e25","hours":null,"phone":null,"email":null,"website":null,"description":null,"iconUrl":null,"correlation_id":null}},{"id":"c3765fd1-4ec9-4e6b-8591-e286180f3406","type":"Feature","feature_type":"occupant","geometry":null,"properties":{"name":{"ru":"Кабинет 150","en":"Classroom 150"},"shortName":{"ru":"150","en":"150"},"category":"classroom","anchor_id":"2f660619-33b5-49da-af40-728e49beb420","hours":null,"phone":null,"email":null,"website":null,"description":null,"iconUrl":null,"correlation_id":null}},{"id":"28c3e666-ce7a-461c-8b03-4ad60d5771f6","type":"Feature","feature_type":"occupant","geometry":null,"properties":{"name":{"ru":"Кабинет 153","en":"Classroom 153"},"shortName":{"ru":"153","en":"153"},"category":"classroom","anchor_id":"627c0b9b-cc0f-4465-bf93-5df47f015799","hours":null,"phone":null,"email":null,"website":null,"description":null,"iconUrl":null,"correlation_id":null}},{"id":"4d89798e-0337-4adf-a754-ceb3521e6e6f","type":"Feature","feature_type":"occupant","geometry":null,"properties":{"name":{"ru":"Кабинет 158","en":"Classroom 158"},"shortName":{"ru":"158","en":"158"},"category":"classroom","anchor_id":"5b05da23-726a-4658-8ddd-0a0e59f2fa18","hours":null,"phone":null,"email":null,"website":null,"description":null,"iconUrl":null,"correlation_id":null}},{"id":"11af8680-ecfa-4775-8b7c-4b79256f4a3d","type":"Feature","feature_type":"occupant","geometry":null,"properties":{"name":{"ru":"Кабинет 157","en":"Classroom 157"},"shortName":{"ru":"157","en":"157"},"category":"classroom","anchor_id":"d67bdb96-5669-4c0f-98e4-f491b8cc0af4","hours":null,"phone":null,"email":null,"website":null,"description":null,"iconUrl":null,"correlation_id":null}},{"id":"2b63e18b-7795-47e1-bdb6-42cd9f5e988e","type":"Feature","feature_type":"occupant","geometry":null,"properties":{"name":{"ru":"Кабинет 159","en":"Classroom 159"},"shortName":{"ru":"159","en":"159"},"category":"classroom","anchor_id":"cb99e8c9-d722-4909-b198-ceca944f1f4d","hours":null,"phone":null,"email":null,"website":null,"description":null,"iconUrl":null,"correlation_id":null}},{"id":"8d0ce8f1-2735-418b-b533-bbb0d1033ffd","type":"Feature","feature_type":"occupant","geometry":null,"properties":{"name":{"ru":"Кабинет 125","en":"Classroom 125"},"shortName":{"ru":"125","en":"125"},"category":"classroom","anchor_id":"5f5427af-d98c-4857-9099-a8dc78920d2f","hours":null,"phone":null,"email":null,"website":null,"description":null,"iconUrl":null,"correlation_id":null}},{"id":"6a193670-49f2-486f-a3cd-a175f0b08436","type":"Feature","feature_type":"occupant","geometry":null,"properties":{"name":{"ru":"Кабинет 160","en":"Classroom 160"},"shortName":{"ru":"160","en":"160"},"category":"classroom","anchor_id":"c429a79f-def3-4302-bc5f-023d250bc7a4","hours":null,"phone":null,"email":null,"website":null,"description":null,"iconUrl":null,"correlation_id":null}},{"id":"7d6352f3-c19f-4aa4-bb87-31f64adc9d3f","type":"Feature","feature_type":"occupant","geometry":null,"properties":{"name":{"ru":"Кабинет 161","en":"Classroom 161"},"shortName":{"ru":"161","en":"161"},"category":"classroom","anchor_id":"fa1269c8-9b28-49ac-8b1f-0e629473846a","hours":null,"phone":null,"email":null,"website":null,"description":null,"iconUrl":null,"correlation_id":null}},{"id":"c509d739-2d9f-425c-a025-5fb56ae1eeb8","type":"Feature","feature_type":"occupant","geometry":null,"properties":{"name":{"ru":"Кабинет 162","en":"Classroom 162"},"shortName":{"ru":"162","en":"162"},"category":"classroom","anchor_id":"74052633-6ce6-49a0-b1f9-92393617d476","hours":null,"phone":null,"email":null,"website":null,"description":null,"iconUrl":null,"correlation_id":null}},{"id":"e682a634-6a2b-4db1-a0ca-d8feb04e41d7","type":"Feature","feature_type":"occupant","geometry":null,"properties":{"name":{"ru":"Кабинет 163","en":"Classroom 163"},"shortName":{"ru":"163","en":"163"},"category":"classroom","anchor_id":"47b58dcf-1411-4166-82ce-bbe91d6e7791","hours":null,"phone":null,"email":null,"website":null,"description":null,"iconUrl":null,"correlation_id":null}},{"id":"d867b529-3d45-42d5-9448-02b942ed0d63","type":"Feature","feature_type":"occupant","geometry":null,"properties":{"name":{"ru":"Кабинет 164","en":"Classroom 164"},"shortName":{"ru":"164","en":"164"},"category":"classroom","anchor_id":"6999f0f4-458a-46f6-b40a-fc582af8e786","hours":null,"phone":null,"email":null,"website":null,"description":null,"iconUrl":null,"correlation_id":null}},{"id":"a52c0340-b2a0-4ab4-8ded-994e23010c1c","type":"Feature","feature_type":"occupant","geometry":null,"properties":{"name":{"ru":"Кабинет 165","en":"Classroom 165"},"shortName":{"ru":"165","en":"165"},"category":"classroom","anchor_id":"379ea9b3-5f99-4b89-804a-a322e6966a8d","hours":null,"phone":null,"email":null,"website":null,"description":null,"iconUrl":null,"correlation_id":null}},{"id":"2863585c-4ecb-4f1f-b4ee-8f2f95272c57","type":"Feature","feature_type":"occupant","geometry":null,"properties":{"name":{"ru":"Туалет мужской","en":"Restroom male"},"shortName":{"ru":"Туалет М.","en":"Restroom M."},"category":"restroom.male","anchor_id":"86ba29de-7d1e-4196-bd2e-cf400036d882","hours":null,"phone":null,"email":null,"website":null,"description":null,"iconUrl":null,"correlation_id":null}},{"id":"41a11ee7-587f-46cd-a0f0-010b896541b9","type":"Feature","feature_type":"occupant","geometry":null,"properties":{"name":{"ru":"Кабинет 154","en":"Classroom 154"},"shortName":{"ru":"154","en":"154"},"category":"classroom","anchor_id":"327f75a3-3310-4ee7-bf31-7f30fb37ec7a","hours":null,"phone":null,"email":null,"website":null,"description":null,"iconUrl":null,"correlation_id":null}},{"id":"8af348da-c34b-49f5-b681-c663352721f0","type":"Feature","feature_type":"occupant","geometry":null,"properties":{"name":{"ru":"Кабинет 170","en":"Classroom 170"},"shortName":{"ru":"170","en":"170"},"category":"classroom","anchor_id":"c0a00f1f-ef18-4275-84bf-fab7fca60532","hours":null,"phone":null,"email":null,"website":null,"description":null,"iconUrl":null,"correlation_id":null}},{"id":"af44b5f7-d6b0-414a-aa3d-ea075f5459f6","type":"Feature","feature_type":"occupant","geometry":null,"properties":{"name":{"ru":"Кабинет 170б","en":"Classroom 170b"},"shortName":{"ru":"170б","en":"170b"},"category":"classroom","anchor_id":"843cdcb0-e314-4239-b1df-695bd05890ce","hours":null,"phone":null,"email":null,"website":null,"description":null,"iconUrl":null,"correlation_id":null}},{"id":"eb0efc87-f582-49fe-b3f9-af56d6fd5baf","type":"Feature","feature_type":"occupant","geometry":null,"properties":{"name":{"ru":"Кабинет 171","en":"Classroom 171"},"shortName":{"ru":"171","en":"171"},"category":"classroom","anchor_id":"4e548778-608b-4583-8a5c-1b564b508797","hours":null,"phone":null,"email":null,"website":null,"description":null,"iconUrl":null,"correlation_id":null}},{"id":"f81e13b2-af94-4230-8ada-f2b46155a19e","type":"Feature","feature_type":"occupant","geometry":null,"properties":{"name":{"ru":"Кабинет 172","en":"Classroom 172"},"shortName":{"ru":"172","en":"172"},"category":"classroom","anchor_id":"1bc36125-3a02-49dc-b3f8-42fd17180922","hours":null,"phone":null,"email":null,"website":null,"description":null,"iconUrl":null,"correlation_id":null}},{"id":"b5584351-d53b-4a87-948e-0dd4918915a0","type":"Feature","feature_type":"occupant","geometry":null,"properties":{"name":{"ru":"Кабинет 173","en":"Classroom 173"},"shortName":{"ru":"173","en":"173"},"category":"classroom","anchor_id":"f551d1a6-ec7b-4edb-8669-deea9b17e103","hours":null,"phone":null,"email":null,"website":null,"description":null,"iconUrl":null,"correlation_id":null}},{"id":"375fcca6-4486-4f6e-bf3c-9fe8ea049333","type":"Feature","feature_type":"occupant","geometry":null,"properties":{"name":{"ru":"Лекторий 175","en":"Auditorium 175"},"shortName":{"ru":"175","en":"175"},"category":"auditorium","anchor_id":"acfe26c5-2312-4347-8094-9fcc7e61a6ff","hours":null,"phone":null,"email":null,"website":null,"description":null,"iconUrl":null,"correlation_id":null}},{"id":"08a2bb3b-009b-427f-8db1-840c1ca9cf88","type":"Feature","feature_type":"occupant","geometry":null,"properties":{"name":{"ru":"Кабинет 175","en":"Classroom 175"},"shortName":{"ru":"175","en":"175"},"category":"classroom","anchor_id":"e480adf8-1634-4292-8a82-a8357db9d3b8","hours":null,"phone":null,"email":null,"website":null,"description":null,"iconUrl":null,"correlation_id":null}},{"id":"39650731-6f88-4e02-9fa8-03ecc52e223e","type":"Feature","feature_type":"occupant","geometry":null,"properties":{"name":{"ru":"Лекторий 176","en":"Auditorium 176"},"shortName":{"ru":"176","en":"176"},"category":"auditorium","anchor_id":"a915bb58-3b02-46e9-b596-54762e12fe82","hours":null,"phone":null,"email":null,"website":null,"description":null,"iconUrl":null,"correlation_id":null}},{"id":"4db11c0e-276c-4c99-b402-8efb21f09c46","type":"Feature","feature_type":"occupant","geometry":null,"properties":{"name":{"ru":"Кабинет 177","en":"Classroom 177"},"shortName":{"ru":"177","en":"177"},"category":"classroom","anchor_id":"f023e506-c776-4f92-8e80-b6459a1daedd","hours":null,"phone":null,"email":null,"website":null,"description":null,"iconUrl":null,"correlation_id":null}},{"id":"178548e7-80f5-4696-bb89-0bcda7083d78","type":"Feature","feature_type":"occupant","geometry":null,"properties":{"name":{"ru":"Кабинет 179","en":"Classroom 179"},"shortName":{"ru":"179","en":"179"},"category":"classroom","anchor_id":"cdb1ba9e-d93a-45be-8cfd-66017bdc1b70","hours":null,"phone":null,"email":null,"website":null,"description":null,"iconUrl":null,"correlation_id":null}},{"id":"3039bd57-1b24-4b01-b8ab-450cf8f7f4c5","type":"Feature","feature_type":"occupant","geometry":null,"properties":{"name":{"ru":"Кабинет 180","en":"Classroom 180"},"shortName":{"ru":"180","en":"180"},"category":"classroom","anchor_id":"e3cc6b68-3837-4b04-a304-b2a2c2e9e0e5","hours":null,"phone":null,"email":null,"website":null,"description":null,"iconUrl":null,"correlation_id":null}},{"id":"e2889c52-ba6b-4a66-b3cb-d9ea64247b54","type":"Feature","feature_type":"occupant","geometry":null,"properties":{"name":{"ru":"Кабинет 178","en":"Classroom 178"},"shortName":{"ru":"178","en":"178"},"category":"classroom","anchor_id":"0a2863a8-979e-403b-8ae8-f8a036698d50","hours":null,"phone":null,"email":null,"website":null,"description":null,"iconUrl":null,"correlation_id":null}},{"id":"d4256439-02a3-4587-8994-7eae26603d9c","type":"Feature","feature_type":"occupant","geometry":null,"properties":{"name":{"ru":"Кабинет 182","en":"Classroom 182"},"shortName":{"ru":"182","en":"182"},"category":"classroom","anchor_id":"4ac3d3d1-be87-488a-ae04-0205dfe0eb83","hours":null,"phone":null,"email":null,"website":null,"description":null,"iconUrl":null,"correlation_id":null}},{"id":"dc8798f3-a23c-4379-9166-98f0b4a4e02d","type":"Feature","feature_type":"occupant","geometry":null,"properties":{"name":{"ru":"Кабинет 181","en":"Classroom 181"},"shortName":{"ru":"181","en":"181"},"category":"classroom","anchor_id":"14faea7d-b689-4e5a-911b-64801f3d0c40","hours":null,"phone":null,"email":null,"website":null,"description":null,"iconUrl":null,"correlation_id":null}},{"id":"aec8284e-3556-4baa-a9ca-c44e6b7a90ec","type":"Feature","feature_type":"occupant","geometry":null,"properties":{"name":{"ru":"Кабинет 143","en":"Classroom 143"},"shortName":{"ru":"143","en":"143"},"category":"classroom","anchor_id":"61504868-28b1-4479-a33d-03d191f75e8b","hours":null,"phone":null,"email":null,"website":null,"description":null,"iconUrl":null,"correlation_id":null}},{"id":"2aa39d34-bcbe-4e3e-847f-dbbb4531b0b5","type":"Feature","feature_type":"occupant","geometry":null,"properties":{"name":{"ru":"Кабинет 144","en":"Classroom 144"},"shortName":{"ru":"144","en":"144"},"category":"classroom","anchor_id":"430e134d-e383-4a63-9935-43eb2f36f10b","hours":null,"phone":null,"email":null,"website":null,"description":null,"iconUrl":null,"correlation_id":null}},{"id":"90a6d614-08a9-4911-9935-5bbe740ba57c","type":"Feature","feature_type":"occupant","geometry":null,"properties":{"name":{"ru":"Архив библиотеки","en":"Library archive"},"shortName":{"ru":"Архив библиотеки","en":"Library archive"},"category":"archive","anchor_id":"1867881c-68ac-4145-93d0-33de7133d184","hours":null,"phone":null,"email":null,"website":null,"description":null,"iconUrl":null,"correlation_id":null}},{"id":"6652662c-b0db-4d20-ab38-3c134ea15332","type":"Feature","feature_type":"occupant","geometry":null,"properties":{"name":{"ru":"Кабинет 146","en":"Classroom 146"},"shortName":{"ru":"146","en":"146"},"category":"classroom","anchor_id":"df420b1d-ce3a-45bb-aa15-102f40f81dff","hours":null,"phone":null,"email":null,"website":null,"description":null,"iconUrl":null,"correlation_id":null}},{"id":"c8fa8dcc-d272-49b6-81a6-ee3f728bd3ec","type":"Feature","feature_type":"occupant","geometry":null,"properties":{"name":{"ru":"Гардероб","en":"Wardrobe"},"shortName":{"ru":"Гардероб","en":"Wardrobe"},"category":"wardrobe","anchor_id":"6e3fd651-340a-4be4-b60a-4d6c9ea658f6","hours":null,"phone":null,"email":null,"website":null,"description":null,"iconUrl":null,"correlation_id":null}},{"id":"2e1ad902-da48-4025-b21c-958a86558dbf","type":"Feature","feature_type":"occupant","geometry":null,"properties":{"name":{"ru":"Касса белого зала","en":"Ticket office"},"shortName":{"ru":"Касса белого зала","en":"Ticket office"},"category":"ticket","anchor_id":"c84d1066-5e1f-41a6-bacd-66d016912fdc","hours":null,"phone":null,"email":null,"website":null,"description":null,"iconUrl":null,"correlation_id":null}},{"id":"a2c5cf7c-3b6b-4cbc-a275-5d63bd8916e0","type":"Feature","feature_type":"occupant","geometry":null,"properties":{"name":{"ru":"Гардероб","en":"Wardrobe"},"shortName":{"ru":"Гардероб","en":"Wardrobe"},"category":"wardrobe","anchor_id":"99d9c5e7-cee6-446f-a8ab-561709ced32f","hours":null,"phone":null,"email":null,"website":null,"description":null,"iconUrl":null,"correlation_id":null}},{"id":"a033df6c-2561-4b49-a0f6-5ecdc6482f65","type":"Feature","feature_type":"occupant","geometry":null,"properties":{"name":{"ru":"Лекторий 224","en":"Auditorium 224"},"shortName":{"ru":"224","en":"224"},"category":"auditorium","anchor_id":"3c11ef53-b5b1-46b5-85c5-50c7b0911d98","hours":null,"phone":null,"email":null,"website":null,"description":null,"iconUrl":null,"correlation_id":null}},{"id":"db7003df-ea13-43b9-b810-4388278ccee0","type":"Feature","feature_type":"occupant","geometry":null,"properties":{"name":{"ru":"Лекторий 283","en":"Auditorium 283"},"shortName":{"ru":"283","en":"283"},"category":"auditorium","anchor_id":"0abcbee0-e0fb-48c5-8e92-857e9cf6f685","hours":null,"phone":null,"email":null,"website":null,"description":null,"iconUrl":null,"correlation_id":null}},{"id":"ae91671f-8f69-45cc-b7ee-efb6471d999e","type":"Feature","feature_type":"occupant","geometry":null,"properties":{"name":{"ru":"Лекторий 284","en":"Auditorium 284"},"shortName":{"ru":"284","en":"284"},"category":"auditorium","anchor_id":"04bcb3ba-3258-4598-8153-d6e66bb99469","hours":null,"phone":null,"email":null,"website":null,"description":null,"iconUrl":null,"correlation_id":null}},{"id":"5fcf7e30-f2f3-4eef-acc0-ff95b124b23c","type":"Feature","feature_type":"occupant","geometry":null,"properties":{"name":{"ru":"Лекторий 225","en":"Auditorium 225"},"shortName":{"ru":"225","en":"225"},"category":"auditorium","anchor_id":"3e6761bb-1e3c-41a7-bea4-30e0507cc8de","hours":null,"phone":null,"email":null,"website":null,"description":null,"iconUrl":null,"correlation_id":null}},{"id":"775cb49c-3bc2-483f-a180-8e740465b358","type":"Feature","feature_type":"occupant","geometry":null,"properties":{"name":{"ru":"Туалет женский","en":"Restroom female"},"shortName":{"ru":"Туалет Ж.","en":"Restroom F."},"category":"restroom.female","anchor_id":"9b6bd468-642f-4c03-a294-b4c3e2627191","hours":null,"phone":null,"email":null,"website":null,"description":null,"iconUrl":null,"correlation_id":null}},{"id":"0e3247f4-3c4f-4ebf-b695-af3482354cf8","type":"Feature","feature_type":"occupant","geometry":null,"properties":{"name":{"ru":"Туалет мужской","en":"Restroom male"},"shortName":{"ru":"Туалет М.","en":"Restroom M."},"category":"restroom.male","anchor_id":"c579ef71-1186-4923-ab79-123c5f2033e2","hours":null,"phone":null,"email":null,"website":null,"description":null,"iconUrl":null,"correlation_id":null}},{"id":"381afc39-62b4-48e0-bc6c-ad46abda59d0","type":"Feature","feature_type":"occupant","geometry":null,"properties":{"name":{"ru":"Туалет мужской","en":"Restroom male"},"shortName":{"ru":"Туалет М.","en":"Restroom M."},"category":"restroom.male","anchor_id":"9487f0ee-c6a7-4e23-af7f-ddd2400325b9","hours":null,"phone":null,"email":null,"website":null,"description":null,"iconUrl":null,"correlation_id":null}},{"id":"4ca92cc9-2520-4932-afa9-745f8d711446","type":"Feature","feature_type":"occupant","geometry":null,"properties":{"name":{"ru":"Кабинет 260","en":"Classroom 260"},"shortName":{"ru":"260","en":"260"},"category":"classroom","anchor_id":"536b6242-8895-4ab0-9983-88437561ed41","hours":null,"phone":null,"email":null,"website":null,"description":null,"iconUrl":null,"correlation_id":null}},{"id":"a6a89ff3-535d-4187-98ab-65e4b5ab6b24","type":"Feature","feature_type":"occupant","geometry":null,"properties":{"name":{"ru":"Кабинет 285","en":"Classroom 285"},"shortName":{"ru":"285","en":"285"},"category":"classroom","anchor_id":"8cb93a27-23d6-4595-bf67-a311681409a0","hours":null,"phone":null,"email":null,"website":null,"description":null,"iconUrl":null,"correlation_id":null}},{"id":"1deef4c8-3c62-45ea-9bca-65369b1f762f","type":"Feature","feature_type":"occupant","geometry":null,"properties":{"name":{"ru":"Туалет женский","en":"Restroom female"},"shortName":{"ru":"Туалет Ж.","en":"Restroom F."},"category":"restroom.female","anchor_id":"a93c43d0-a0fc-43b4-bf4f-8f0e6f8b3844","hours":null,"phone":null,"email":null,"website":null,"description":null,"iconUrl":null,"correlation_id":null}},{"id":"68095da9-2237-4c7d-84f5-44f095850cfc","type":"Feature","feature_type":"occupant","geometry":null,"properties":{"name":{"ru":"Лекторий 237","en":"Auditorium 237"},"shortName":{"ru":"237","en":"237"},"category":"auditorium","anchor_id":"f2e183e6-2a32-4b89-8432-173b5b96edc8","hours":null,"phone":null,"email":null,"website":null,"description":null,"iconUrl":null,"correlation_id":null}},{"id":"ba990e19-cbd7-4b12-8b72-dbd098a1614d","type":"Feature","feature_type":"occupant","geometry":null,"properties":{"name":{"ru":"Лекторий 235","en":"Auditorium 235"},"shortName":{"ru":"235","en":"235"},"category":"auditorium","anchor_id":"863e6454-c1eb-4266-9464-f6c954972d14","hours":null,"phone":null,"email":null,"website":null,"description":null,"iconUrl":null,"correlation_id":null}},{"id":"fbee1346-7ab0-43aa-9873-e5671f14db49","type":"Feature","feature_type":"occupant","geometry":null,"properties":{"name":{"ru":"Кабинет 238","en":"Classroom 238"},"shortName":{"ru":"238","en":"238"},"category":"classroom","anchor_id":"35dab587-936b-4690-b97d-460eb70f35a7","hours":null,"phone":null,"email":null,"website":null,"description":null,"iconUrl":null,"correlation_id":null}},{"id":"5300a215-48cb-43e2-a0c4-71e45fa73564","type":"Feature","feature_type":"occupant","geometry":null,"properties":{"name":{"ru":"Кабинет 234","en":"Classroom 234"},"shortName":{"ru":"234","en":"234"},"category":"classroom","anchor_id":"f16c518b-7c43-4427-95d6-fc7ce334f5a6","hours":null,"phone":null,"email":null,"website":null,"description":null,"iconUrl":null,"correlation_id":null}},{"id":"f6a13601-2fbf-4851-82e4-fba81dca50c1","type":"Feature","feature_type":"occupant","geometry":null,"properties":{"name":{"ru":"Кабинет 231","en":"Classroom 231"},"shortName":{"ru":"231","en":"231"},"category":"classroom","anchor_id":"fc25e08c-c2da-4ce5-b008-536672598bdf","hours":null,"phone":null,"email":null,"website":null,"description":null,"iconUrl":null,"correlation_id":null}},{"id":"a7340e0c-1912-4ba8-89ab-4669c30e7575","type":"Feature","feature_type":"occupant","geometry":null,"properties":{"name":{"ru":"Лекторий 232","en":"Auditorium 232"},"shortName":{"ru":"232","en":"232"},"category":"auditorium","anchor_id":"24206b02-6a3d-4377-a2da-5b4c0f714871","hours":null,"phone":null,"email":null,"website":null,"description":null,"iconUrl":null,"correlation_id":null}},{"id":"53624ae1-a9cd-41ec-b062-73cb7c38d641","type":"Feature","feature_type":"occupant","geometry":null,"properties":{"name":{"ru":"Кабинет 255","en":"Classroom 255"},"shortName":{"ru":"255","en":"255"},"category":"classroom","anchor_id":"fd4aa10d-467e-4595-a244-1e1c11425273","hours":null,"phone":null,"email":null,"website":null,"description":null,"iconUrl":null,"correlation_id":null}},{"id":"9c73bdbd-6c12-41be-bd98-1b2e65f66d21","type":"Feature","feature_type":"occupant","geometry":null,"properties":{"name":{"ru":"Кабинет 256","en":"Classroom 256"},"shortName":{"ru":"256","en":"256"},"category":"classroom","anchor_id":"01f19688-b3b9-4d41-b7e4-d32f33f49bc5","hours":null,"phone":null,"email":null,"website":null,"description":null,"iconUrl":null,"correlation_id":null}},{"id":"95cd4957-7f55-4149-8e56-6394572ad853","type":"Feature","feature_type":"occupant","geometry":null,"properties":{"name":{"ru":"Кабинет 253","en":"Classroom 253"},"shortName":{"ru":"253","en":"253"},"category":"classroom","anchor_id":"8f75cf51-9c4d-4ccd-ac3b-848d5c02613b","hours":null,"phone":null,"email":null,"website":null,"description":null,"iconUrl":null,"correlation_id":null}},{"id":"d0e6ff9b-45d4-4f1d-bd1a-f7fa39ca30db","type":"Feature","feature_type":"occupant","geometry":null,"properties":{"name":{"ru":"Кабинет 252","en":"Classroom 252"},"shortName":{"ru":"252","en":"252"},"category":"classroom","anchor_id":"7d6e133a-6247-4f6a-a551-7e441f0b485a","hours":null,"phone":null,"email":null,"website":null,"description":null,"iconUrl":null,"correlation_id":null}},{"id":"753107c0-a419-4bc4-bd72-02b31d672728","type":"Feature","feature_type":"occupant","geometry":null,"properties":{"name":{"ru":"Кабинет 230","en":"Classroom 230"},"shortName":{"ru":"230","en":"230"},"category":"classroom","anchor_id":"d6242d78-19e5-4092-b5a4-6b1de90afcd1","hours":null,"phone":null,"email":null,"website":null,"description":null,"iconUrl":null,"correlation_id":null}},{"id":"d7c16a38-457b-49bc-8fe9-568dae199221","type":"Feature","feature_type":"occupant","geometry":null,"properties":{"name":{"ru":"Кабинет 229","en":"Classroom 229"},"shortName":{"ru":"229","en":"229"},"category":"classroom","anchor_id":"eab451d1-0d63-41ba-9f13-5d3d4c338ab1","hours":null,"phone":null,"email":null,"website":null,"description":null,"iconUrl":null,"correlation_id":null}},{"id":"252e249c-35e4-4184-9933-4f65fd39028f","type":"Feature","feature_type":"occupant","geometry":null,"properties":{"name":{"ru":"Кабинет 228","en":"Classroom 228"},"shortName":{"ru":"228","en":"228"},"category":"classroom","anchor_id":"a3ce9208-e437-4fe9-bd05-94bb84e0a5b4","hours":null,"phone":null,"email":null,"website":null,"description":null,"iconUrl":null,"correlation_id":null}},{"id":"e97aa682-7710-487a-83c2-a4b643a4048a","type":"Feature","feature_type":"occupant","geometry":null,"properties":{"name":{"ru":"Кабинет 227","en":"Classroom 227"},"shortName":{"ru":"227","en":"227"},"category":"classroom","anchor_id":"b0500f31-84be-40c7-b1c5-0bf1ea64fc81","hours":null,"phone":null,"email":null,"website":null,"description":null,"iconUrl":null,"correlation_id":null}},{"id":"f4b431bb-27a5-4b84-bb26-ac0753471a68","type":"Feature","feature_type":"occupant","geometry":null,"properties":{"name":{"ru":"Кабинет 226","en":"Classroom 226"},"shortName":{"ru":"226","en":"226"},"category":"classroom","anchor_id":"687eb2fa-7802-42ed-b589-58240ec8bc37","hours":null,"phone":null,"email":null,"website":null,"description":null,"iconUrl":null,"correlation_id":null}},{"id":"f5619edd-dd61-40f4-ac99-dfb6736a46d0","type":"Feature","feature_type":"occupant","geometry":null,"properties":{"name":{"ru":"Лекторий 215","en":"Auditorium 215"},"shortName":{"ru":"215","en":"215"},"category":"auditorium","anchor_id":"bdaae184-19fa-4a35-8283-eaf22fea5673","hours":null,"phone":null,"email":null,"website":null,"description":null,"iconUrl":null,"correlation_id":null}},{"id":"9b1014a2-2da0-461b-b05d-f363e24674f5","type":"Feature","feature_type":"occupant","geometry":null,"properties":{"name":{"ru":"Кабинет 214","en":"Classroom 214"},"shortName":{"ru":"214","en":"214"},"category":"classroom","anchor_id":"4e86ecdc-f52a-4101-8fab-56f84f092cc7","hours":null,"phone":null,"email":null,"website":null,"description":null,"iconUrl":null,"correlation_id":null}},{"id":"704e8b37-42de-4738-97b7-f6294b14da10","type":"Feature","feature_type":"occupant","geometry":null,"properties":{"name":{"ru":"Кабинет 216","en":"Classroom 216"},"shortName":{"ru":"216","en":"216"},"category":"classroom","anchor_id":"938b677f-e617-4861-a3ae-abaaf2973929","hours":null,"phone":null,"email":null,"website":null,"description":null,"iconUrl":null,"correlation_id":null}},{"id":"d38e3337-8935-4a42-99bf-5ae64c66c4d0","type":"Feature","feature_type":"occupant","geometry":null,"properties":{"name":{"ru":"Кабинет 213","en":"Classroom 213"},"shortName":{"ru":"213","en":"213"},"category":"classroom","anchor_id":"7ea81b90-f223-431f-a059-efc1122f43fa","hours":null,"phone":null,"email":null,"website":null,"description":null,"iconUrl":null,"correlation_id":null}},{"id":"bb43360d-b91a-4ef0-8b72-a0a96bb55992","type":"Feature","feature_type":"occupant","geometry":null,"properties":{"name":{"ru":"Кабинет 212","en":"Classroom 212"},"shortName":{"ru":"212","en":"212"},"category":"classroom","anchor_id":"20b19d15-e311-4e50-89f3-b8592301ca53","hours":null,"phone":null,"email":null,"website":null,"description":null,"iconUrl":null,"correlation_id":null}},{"id":"fdc0b664-7727-45ec-ab86-32b3b87b90ed","type":"Feature","feature_type":"occupant","geometry":null,"properties":{"name":{"ru":"Кабинет 211","en":"Classroom 211"},"shortName":{"ru":"211","en":"211"},"category":"classroom","anchor_id":"ad46dbd6-074c-4530-9806-d492f43d372b","hours":null,"phone":null,"email":null,"website":null,"description":null,"iconUrl":null,"correlation_id":null}},{"id":"4db6556d-23cb-43e7-86af-b1d8c7e03c5e","type":"Feature","feature_type":"occupant","geometry":null,"properties":{"name":{"ru":"Кабинет 210","en":"Classroom 210"},"shortName":{"ru":"210","en":"210"},"category":"classroom","anchor_id":"8049dd32-f72b-4566-92b4-16d2b82e2f11","hours":null,"phone":null,"email":null,"website":null,"description":null,"iconUrl":null,"correlation_id":null}},{"id":"f2ffb178-c376-42c8-b8e1-4266aabb8a4e","type":"Feature","feature_type":"occupant","geometry":null,"properties":{"name":{"ru":"Кабинет 209","en":"Classroom 209"},"shortName":{"ru":"209","en":"209"},"category":"classroom","anchor_id":"74fb0db9-a788-4944-9aeb-d81d24b9348a","hours":null,"phone":null,"email":null,"website":null,"description":null,"iconUrl":null,"correlation_id":null}},{"id":"c2518e70-e45b-4a4e-8ef4-387e6ee0f3f9","type":"Feature","feature_type":"occupant","geometry":null,"properties":{"name":{"ru":"Кабинет 208","en":"Classroom 208"},"shortName":{"ru":"208","en":"208"},"category":"classroom","anchor_id":"908f399c-cbd0-48a5-a2db-3e29f6f12b90","hours":null,"phone":null,"email":null,"website":null,"description":null,"iconUrl":null,"correlation_id":null}},{"id":"9b414aca-b0fe-4c8b-bfd4-8cb030f75aad","type":"Feature","feature_type":"occupant","geometry":null,"properties":{"name":{"ru":"Кабинет 207","en":"Classroom 207"},"shortName":{"ru":"207","en":"207"},"category":"classroom","anchor_id":"69044ca6-c6b1-4bbf-a722-34c11c18cf0a","hours":null,"phone":null,"email":null,"website":null,"description":null,"iconUrl":null,"correlation_id":null}},{"id":"507c0977-3dc1-4143-a582-971751632a09","type":"Feature","feature_type":"occupant","geometry":null,"properties":{"name":{"ru":"Кабинет 223","en":"Classroom 223"},"shortName":{"ru":"223","en":"223"},"category":"classroom","anchor_id":"9bd6aaf2-a925-4b35-8b0d-b6b46d57c9c8","hours":null,"phone":null,"email":null,"website":null,"description":null,"iconUrl":null,"correlation_id":null}},{"id":"fb86b6b0-daef-406a-96f2-d9fc43932fb6","type":"Feature","feature_type":"occupant","geometry":null,"properties":{"name":{"ru":"Кабинет 222","en":"Classroom 222"},"shortName":{"ru":"222","en":"222"},"category":"classroom","anchor_id":"ee4c9172-98b0-4067-ac88-50652c73c493","hours":null,"phone":null,"email":null,"website":null,"description":null,"iconUrl":null,"correlation_id":null}},{"id":"137bac07-dca2-4e0d-a5e1-55fa4597e578","type":"Feature","feature_type":"occupant","geometry":null,"properties":{"name":{"ru":"Кабинет 221","en":"Classroom 221"},"shortName":{"ru":"221","en":"221"},"category":"classroom","anchor_id":"29616506-5947-4e8d-8491-27443e186106","hours":null,"phone":null,"email":null,"website":null,"description":null,"iconUrl":null,"correlation_id":null}},{"id":"b2866662-39ee-463f-914d-411d56a1897c","type":"Feature","feature_type":"occupant","geometry":null,"properties":{"name":{"ru":"Кабинет 220","en":"Classroom 220"},"shortName":{"ru":"220","en":"220"},"category":"classroom","anchor_id":"548d120d-d4fd-4598-981d-c46bd7cc5586","hours":null,"phone":null,"email":null,"website":null,"description":null,"iconUrl":null,"correlation_id":null}},{"id":"6aa3efaf-2d1a-4929-b660-b190f20ceef5","type":"Feature","feature_type":"occupant","geometry":null,"properties":{"name":{"ru":"Кабинет 219","en":"Classroom 219"},"shortName":{"ru":"219","en":"219"},"category":"classroom","anchor_id":"9ca0406e-c088-4e60-885c-0872626b9a10","hours":null,"phone":null,"email":null,"website":null,"description":null,"iconUrl":null,"correlation_id":null}},{"id":"9a25dbd3-a720-4cc6-9c00-3f07dd77229a","type":"Feature","feature_type":"occupant","geometry":null,"properties":{"name":{"ru":"Кабинет 218","en":"Classroom 218"},"shortName":{"ru":"218","en":"218"},"category":"classroom","anchor_id":"c25f344a-9625-4bb0-a83c-2cccaa9ca1f8","hours":null,"phone":null,"email":null,"website":null,"description":null,"iconUrl":null,"correlation_id":null}},{"id":"02fb137a-d129-4f62-9cfd-a946cb2a7b1b","type":"Feature","feature_type":"occupant","geometry":null,"properties":{"name":{"ru":"Кабинет 217","en":"Classroom 217"},"shortName":{"ru":"217","en":"217"},"category":"classroom","anchor_id":"6728ee39-6366-4fbc-931b-e1431bdf2436","hours":null,"phone":null,"email":null,"website":null,"description":null,"iconUrl":null,"correlation_id":null}},{"id":"9d442732-7773-448e-958b-2a0c2c480a19","type":"Feature","feature_type":"occupant","geometry":null,"properties":{"name":{"ru":"Кабинет 259","en":"Classroom 259"},"shortName":{"ru":"259","en":"259"},"category":"classroom","anchor_id":"b258fde1-29a7-4542-b29f-1d0c23ee8e53","hours":null,"phone":null,"email":null,"website":null,"description":null,"iconUrl":null,"correlation_id":null}},{"id":"972c6a6c-02d7-43f8-8839-808e85bfbaa2","type":"Feature","feature_type":"occupant","geometry":null,"properties":{"name":{"ru":"Лекторий 257","en":"Auditorium 257"},"shortName":{"ru":"257","en":"257"},"category":"auditorium","anchor_id":"39e73122-cdb9-48aa-b4d2-355ce6a8463b","hours":null,"phone":null,"email":null,"website":null,"description":null,"iconUrl":null,"correlation_id":null}},{"id":"f732108b-58a6-4528-937c-eaf27987fd75","type":"Feature","feature_type":"occupant","geometry":null,"properties":{"name":{"ru":"Кабинет 261","en":"Classroom 261"},"shortName":{"ru":"261","en":"261"},"category":"classroom","anchor_id":"484dadaf-1c66-492f-831d-80adf871bdb4","hours":null,"phone":null,"email":null,"website":null,"description":null,"iconUrl":null,"correlation_id":null}},{"id":"73a7c105-cc34-41b1-85a7-f6cf5b15a945","type":"Feature","feature_type":"occupant","geometry":null,"properties":{"name":{"ru":"Кабинет 254","en":"Classroom 254"},"shortName":{"ru":"254","en":"254"},"category":"classroom","anchor_id":"fc6bd46e-449c-4a60-ba41-6867faa045e8","hours":null,"phone":null,"email":null,"website":null,"description":null,"iconUrl":null,"correlation_id":null}},{"id":"65e9de91-64ee-4f34-9dfc-df525e1ad429","type":"Feature","feature_type":"occupant","geometry":null,"properties":{"name":{"ru":"Кабинет 262","en":"Classroom 262"},"shortName":{"ru":"262","en":"262"},"category":"classroom","anchor_id":"a8262b29-3241-46a7-ac1a-43557b451caf","hours":null,"phone":null,"email":null,"website":null,"description":null,"iconUrl":null,"correlation_id":null}},{"id":"1dd30fbf-9283-4cc6-8051-34e41b7a0868","type":"Feature","feature_type":"occupant","geometry":null,"properties":{"name":{"ru":"Кабинет 263","en":"Classroom 263"},"shortName":{"ru":"263","en":"263"},"category":"classroom","anchor_id":"f9221e59-029e-4c2b-872f-cd68ca00ac2f","hours":null,"phone":null,"email":null,"website":null,"description":null,"iconUrl":null,"correlation_id":null}},{"id":"9ea55d9b-03bc-4f3a-914a-3205c30d8d23","type":"Feature","feature_type":"occupant","geometry":null,"properties":{"name":{"ru":"Кабинет 264","en":"Classroom 264"},"shortName":{"ru":"264","en":"264"},"category":"classroom","anchor_id":"458c9289-a6d9-4281-88be-4bd1314cd3ed","hours":null,"phone":null,"email":null,"website":null,"description":null,"iconUrl":null,"correlation_id":null}},{"id":"fe0d3eba-35de-4cc8-baf9-7b63aea82d56","type":"Feature","feature_type":"occupant","geometry":null,"properties":{"name":{"ru":"Кабинет 265","en":"Classroom 265"},"shortName":{"ru":"265","en":"265"},"category":"classroom","anchor_id":"1f37faaa-65db-41a1-ae3c-b446f363882c","hours":null,"phone":null,"email":null,"website":null,"description":null,"iconUrl":null,"correlation_id":null}},{"id":"c7fff9b1-2110-413b-bab3-a0b0d691e299","type":"Feature","feature_type":"occupant","geometry":null,"properties":{"name":{"ru":"Кабинет 239","en":"Classroom 239"},"shortName":{"ru":"239","en":"239"},"category":"classroom","anchor_id":"b3054c7f-3b57-4990-a82a-a106d9a7b708","hours":null,"phone":null,"email":null,"website":null,"description":null,"iconUrl":null,"correlation_id":null}},{"id":"83db13c8-9029-4780-9257-efe73653aa39","type":"Feature","feature_type":"occupant","geometry":null,"properties":{"name":{"ru":"Кабинет 240","en":"Classroom 240"},"shortName":{"ru":"240","en":"240"},"category":"classroom","anchor_id":"6b374a7d-e570-4f16-a2fe-89aa3b2b4d6a","hours":null,"phone":null,"email":null,"website":null,"description":null,"iconUrl":null,"correlation_id":null}},{"id":"802ce5d9-10e5-40c2-86f0-6c42b984140d","type":"Feature","feature_type":"occupant","geometry":null,"properties":{"name":{"ru":"Кабинет 241","en":"Classroom 241"},"shortName":{"ru":"241","en":"241"},"category":"classroom","anchor_id":"f8a615d2-0a5f-4cfa-8261-bbba6bb5fab8","hours":null,"phone":null,"email":null,"website":null,"description":null,"iconUrl":null,"correlation_id":null}},{"id":"26438a30-d439-439b-9e7b-ce5325de89b8","type":"Feature","feature_type":"occupant","geometry":null,"properties":{"name":{"ru":"Кабинет 242","en":"Classroom 242"},"shortName":{"ru":"242","en":"242"},"category":"classroom","anchor_id":"e2fb9957-9f71-4904-80b5-b8925d25621c","hours":null,"phone":null,"email":null,"website":null,"description":null,"iconUrl":null,"correlation_id":null}},{"id":"1df4280b-73e1-4644-a872-2980dbe9743a","type":"Feature","feature_type":"occupant","geometry":null,"properties":{"name":{"ru":"244, Музей боевой славы","en":"244, Museum of Military Glory"},"shortName":{"ru":"244","en":"244"},"category":"museum","anchor_id":"16f60b9e-ed97-4e4e-a915-8eb9c5f3c229","hours":null,"phone":null,"email":null,"website":null,"description":null,"iconUrl":null,"correlation_id":null}},{"id":"de453b99-d056-4427-81cb-4d3a6dbd8dc8","type":"Feature","feature_type":"occupant","geometry":null,"properties":{"name":{"ru":"Кабинет 245","en":"Classroom 245"},"shortName":{"ru":"245","en":"245"},"category":"classroom","anchor_id":"373c1247-1743-4caa-a663-ed48824881a9","hours":null,"phone":null,"email":null,"website":null,"description":null,"iconUrl":null,"correlation_id":null}},{"id":"e5dff2f4-1633-4ee2-9c2f-d241d6c68d25","type":"Feature","feature_type":"occupant","geometry":null,"properties":{"name":{"ru":"Белый зал","en":"White concert hall"},"shortName":{"ru":"Белый зал","en":"White concert hall"},"category":"concert.hall","anchor_id":"c311274c-6b87-4730-a588-fd97e6f23a59","hours":null,"phone":null,"email":null,"website":null,"description":null,"iconUrl":null,"correlation_id":null}},{"id":"29c41601-af71-4374-8e55-9960c11b3468","type":"Feature","feature_type":"occupant","geometry":null,"properties":{"name":{"ru":"Лекторий 268","en":"Auditorium 268"},"shortName":{"ru":"268","en":"268"},"category":"auditorium","anchor_id":"037fbf42-b69b-4a52-b204-fb1d663b0071","hours":null,"phone":null,"email":null,"website":null,"description":null,"iconUrl":null,"correlation_id":null}},{"id":"c46f68fd-ed75-4d93-9852-cd290298e49f","type":"Feature","feature_type":"occupant","geometry":null,"properties":{"name":{"ru":"Лекторий 267","en":"Auditorium 267"},"shortName":{"ru":"267","en":"267"},"category":"auditorium","anchor_id":"b63e9f26-ee17-4b49-b5ec-26df96af360b","hours":null,"phone":null,"email":null,"website":null,"description":null,"iconUrl":null,"correlation_id":null}},{"id":"c6fb7ae0-c2b3-48a5-bf1b-e2ece6947271","type":"Feature","feature_type":"occupant","geometry":null,"properties":{"name":{"ru":"Лабораторная 276","en":"Lab 276"},"shortName":{"ru":"276","en":"276"},"category":"laboratory","anchor_id":"8634e814-c3f9-400e-b9f7-ebc6ce6a192d","hours":null,"phone":null,"email":null,"website":null,"description":null,"iconUrl":null,"correlation_id":null}},{"id":"e88a6abc-51db-4f4c-803a-651e90ea5bb4","type":"Feature","feature_type":"occupant","geometry":null,"properties":{"name":{"ru":"Кабинет 275","en":"Classroom 275"},"shortName":{"ru":"275","en":"275"},"category":"classroom","anchor_id":"fe86ef0a-7513-45c3-9dbc-3e63901f4303","hours":null,"phone":null,"email":null,"website":null,"description":null,"iconUrl":null,"correlation_id":null}},{"id":"163ffa0a-d30a-466d-a864-dfeb33dba041","type":"Feature","feature_type":"occupant","geometry":null,"properties":{"name":{"ru":"Кабинет 273","en":"Classroom 273"},"shortName":{"ru":"273","en":"273"},"category":"classroom","anchor_id":"15c8816d-1680-4d91-94b8-c79d06d48506","hours":null,"phone":null,"email":null,"website":null,"description":null,"iconUrl":null,"correlation_id":null}},{"id":"21d1818e-5aed-4e65-af25-c67523986a67","type":"Feature","feature_type":"occupant","geometry":null,"properties":{"name":{"ru":"Кабинет 272","en":"Classroom 272"},"shortName":{"ru":"272","en":"272"},"category":"classroom","anchor_id":"a51030e1-45b8-43fb-9d66-9fbc5f4bc4c3","hours":null,"phone":null,"email":null,"website":null,"description":null,"iconUrl":null,"correlation_id":null}},{"id":"da0ce017-7255-42d5-846f-7c18c9644b3f","type":"Feature","feature_type":"occupant","geometry":null,"properties":{"name":{"ru":"Кабинет 274","en":"Classroom 274"},"shortName":{"ru":"274","en":"274"},"category":"classroom","anchor_id":"1e0aeb61-8373-4927-8767-695dccf145be","hours":null,"phone":null,"email":null,"website":null,"description":null,"iconUrl":null,"correlation_id":null}},{"id":"badf3d17-4c82-4b31-ad96-0bee213a91ff","type":"Feature","feature_type":"occupant","geometry":null,"properties":{"name":{"ru":"Кабинет 270","en":"Classroom 270"},"shortName":{"ru":"270","en":"270"},"category":"classroom","anchor_id":"6b8427f4-9682-4a4b-a239-0651fa33c53c","hours":null,"phone":null,"email":null,"website":null,"description":null,"iconUrl":null,"correlation_id":null}},{"id":"68af7f3f-edd6-425a-a7fe-f5c4c82eb5a3","type":"Feature","feature_type":"occupant","geometry":null,"properties":{"name":{"ru":"Кабинет 271","en":"Classroom 271"},"shortName":{"ru":"271","en":"271"},"category":"classroom","anchor_id":"876ea075-35bf-4825-8430-7ebd58f03536","hours":null,"phone":null,"email":null,"website":null,"description":null,"iconUrl":null,"correlation_id":null}},{"id":"54a1507b-bcd9-4e47-b16a-4a40cfc784d1","type":"Feature","feature_type":"occupant","geometry":null,"properties":{"name":{"ru":"Кабинет 277","en":"Classroom 277"},"shortName":{"ru":"277","en":"277"},"category":"classroom","anchor_id":"039f718e-87a5-47c7-8cff-87e18220c505","hours":null,"phone":null,"email":null,"website":null,"description":null,"iconUrl":null,"correlation_id":null}},{"id":"c4c43734-f2f4-4227-adb6-741c0bb3a893","type":"Feature","feature_type":"occupant","geometry":null,"properties":{"name":{"ru":"Кабинет 278","en":"Classroom 278"},"shortName":{"ru":"278","en":"278"},"category":"classroom","anchor_id":"c1ab5520-ce85-44fd-8bbf-6aefe6f8b691","hours":null,"phone":null,"email":null,"website":null,"description":null,"iconUrl":null,"correlation_id":null}},{"id":"4a18314d-baf9-4794-93c2-f1606d7cc45c","type":"Feature","feature_type":"occupant","geometry":null,"properties":{"name":{"ru":"Кабинет 280","en":"Classroom 280"},"shortName":{"ru":"280","en":"280"},"category":"classroom","anchor_id":"eb614b73-6fe9-4b5a-9bcd-c585f1c5e229","hours":null,"phone":null,"email":null,"website":null,"description":null,"iconUrl":null,"correlation_id":null}},{"id":"c00fddc2-62b7-4237-997c-a8c33c407943","type":"Feature","feature_type":"occupant","geometry":null,"properties":{"name":{"ru":"Кабинет 279","en":"Classroom 279"},"shortName":{"ru":"279","en":"279"},"category":"classroom","anchor_id":"963fa48f-2047-4181-a9e0-eab517cd94dd","hours":null,"phone":null,"email":null,"website":null,"description":null,"iconUrl":null,"correlation_id":null}},{"id":"fb67d0a8-5f38-4205-b0c4-aa3a37bbf1e0","type":"Feature","feature_type":"occupant","geometry":null,"properties":{"name":{"ru":"Кабинет 281","en":"Classroom 281"},"shortName":{"ru":"281","en":"281"},"category":"classroom","anchor_id":"21afc9e3-3bff-4781-b91d-431064d6356b","hours":null,"phone":null,"email":null,"website":null,"description":null,"iconUrl":null,"correlation_id":null}},{"id":"5a0bde4a-94d3-438c-b5a8-8e6490592dcc","type":"Feature","feature_type":"occupant","geometry":null,"properties":{"name":{"ru":"Кабинет 282","en":"Classroom 282"},"shortName":{"ru":"282","en":"282"},"category":"classroom","anchor_id":"1585f2c5-3d1a-4b12-8df7-c5d8c4fd2df6","hours":null,"phone":null,"email":null,"website":null,"description":null,"iconUrl":null,"correlation_id":null}},{"id":"16df5b80-2b6b-4d14-b91c-87fecaac849a","type":"Feature","feature_type":"occupant","geometry":null,"properties":{"name":{"ru":"Кабинет 286","en":"Classroom 286"},"shortName":{"ru":"286","en":"286"},"category":"classroom","anchor_id":"5b7028b0-8239-4b35-b7d9-6de37860bb40","hours":null,"phone":null,"email":null,"website":null,"description":null,"iconUrl":null,"correlation_id":null}},{"id":"d3e04bfa-9d2c-4d88-a050-20a277367448","type":"Feature","feature_type":"occupant","geometry":null,"properties":{"name":{"ru":"Туалет женский","en":"Restroom female"},"shortName":{"ru":"Туалет Ж.","en":"Restroom F."},"category":"restroom.female","anchor_id":"1ed3e6f4-042b-4ff4-a23f-bc0028bfd824","hours":null,"phone":null,"email":null,"website":null,"description":null,"iconUrl":null,"correlation_id":null}},{"id":"98a95958-218a-4b5d-adda-73494d95cb2b","type":"Feature","feature_type":"occupant","geometry":null,"properties":{"name":{"ru":"Читальный зал","en":"Reading hall"},"shortName":{"ru":"Читальный зал","en":"Reading hall"},"category":"reading.room","anchor_id":"83691cdc-5c37-4ca8-85bb-2dd647516fc5","hours":null,"phone":null,"email":null,"website":null,"description":null,"iconUrl":null,"correlation_id":null}},{"id":"d494a3ba-a87c-4906-a189-5d72c200a6ea","type":"Feature","feature_type":"occupant","geometry":null,"properties":{"name":{"ru":"Кабинет 206","en":"Classroom 206"},"shortName":{"ru":"206","en":"206"},"category":"classroom","anchor_id":"5e2c2584-92c1-400b-89fd-0f5da00c4b2b","hours":null,"phone":null,"email":null,"website":null,"description":null,"iconUrl":null,"correlation_id":null}},{"id":"3b9f2e92-8afd-40d1-adaa-7dab00dca9f1","type":"Feature","feature_type":"occupant","geometry":null,"properties":{"name":{"ru":"Лекторий 305","en":"Auditorium 305"},"shortName":{"ru":"305","en":"305"},"category":"auditorium","anchor_id":"87b125c3-fde9-4b13-9129-5111b2a2a69a","hours":null,"phone":null,"email":null,"website":null,"description":null,"iconUrl":null,"correlation_id":null}},{"id":"5cc50e23-e58e-4738-8eeb-f7cc57d22785","type":"Feature","feature_type":"occupant","geometry":null,"properties":{"name":{"ru":"Лекторий 329","en":"Auditorium 329"},"shortName":{"ru":"329","en":"329"},"category":"auditorium","anchor_id":"95bf25fb-5dff-4ade-b237-021ecdc881d8","hours":null,"phone":null,"email":null,"website":null,"description":null,"iconUrl":null,"correlation_id":null}},{"id":"8659b6bf-a1ed-4103-b07f-67e573927998","type":"Feature","feature_type":"occupant","geometry":null,"properties":{"name":{"ru":"Лекторий 313","en":"Auditorium 313"},"shortName":{"ru":"313","en":"313"},"category":"auditorium","anchor_id":"0dc94772-207f-4585-afee-ad54d3b25013","hours":null,"phone":null,"email":null,"website":null,"description":null,"iconUrl":null,"correlation_id":null}},{"id":"6c1968f4-c63c-412b-8531-2f09a3012a01","type":"Feature","feature_type":"occupant","geometry":null,"properties":{"name":{"ru":"Лекторий 324","en":"Auditorium 324"},"shortName":{"ru":"324","en":"324"},"category":"auditorium","anchor_id":"252849d7-21c8-41ad-b93a-7eac6b301a5f","hours":null,"phone":null,"email":null,"website":null,"description":null,"iconUrl":null,"correlation_id":null}},{"id":"a08fcf52-a46f-4047-92f5-db4c45fe265d","type":"Feature","feature_type":"occupant","geometry":null,"properties":{"name":{"ru":"Кабинет 314","en":"Classroom 314"},"shortName":{"ru":"314","en":"314"},"category":"classroom","anchor_id":"0dd6c4d7-25e0-4786-ad14-70030fc592c4","hours":null,"phone":null,"email":null,"website":null,"description":null,"iconUrl":null,"correlation_id":null}},{"id":"584df975-68d1-4d91-9270-04a156ffb111","type":"Feature","feature_type":"occupant","geometry":null,"properties":{"name":{"ru":"Кабинет 315","en":"Classroom 315"},"shortName":{"ru":"315","en":"315"},"category":"classroom","anchor_id":"6bb5bc0b-3739-4100-aca4-fb4e0944bba4","hours":null,"phone":null,"email":null,"website":null,"description":null,"iconUrl":null,"correlation_id":null}},{"id":"393933cd-7a18-4e21-ae3a-89f89044af1e","type":"Feature","feature_type":"occupant","geometry":null,"properties":{"name":{"ru":"Кабинет 325","en":"Classroom 325"},"shortName":{"ru":"325","en":"325"},"category":"classroom","anchor_id":"4b905953-12ab-45de-b87a-6ab3b765e8a3","hours":null,"phone":null,"email":null,"website":null,"description":null,"iconUrl":null,"correlation_id":null}},{"id":"2755b500-d46e-4ab8-847d-0f77ab29f641","type":"Feature","feature_type":"occupant","geometry":null,"properties":{"name":{"ru":"Кабинет 326","en":"Classroom 326"},"shortName":{"ru":"326","en":"326"},"category":"classroom","anchor_id":"dcd1845c-63ce-420b-ab35-4b4f24487c6e","hours":null,"phone":null,"email":null,"website":null,"description":null,"iconUrl":null,"correlation_id":null}},{"id":"803972d2-81dd-4d49-a3d4-68008bf1be83","type":"Feature","feature_type":"occupant","geometry":null,"properties":{"name":{"ru":"Лекторий 351","en":"Auditorium 351"},"shortName":{"ru":"351","en":"351"},"category":"auditorium","anchor_id":"196741c5-ec63-4905-850d-0ea7ceeb1609","hours":null,"phone":null,"email":null,"website":null,"description":null,"iconUrl":null,"correlation_id":null}},{"id":"3e95516a-5679-4cfb-a44c-43eb443a607c","type":"Feature","feature_type":"occupant","geometry":null,"properties":{"name":{"ru":"Лекторий 301","en":"Auditorium 301"},"shortName":{"ru":"301","en":"301"},"category":"auditorium","anchor_id":"20fb1ce3-cae9-43fd-bf0b-5e90aa8a0672","hours":null,"phone":null,"email":null,"website":null,"description":null,"iconUrl":null,"correlation_id":null}},{"id":"ab2fd2d3-8da0-4f6a-9698-5eac5169c06e","type":"Feature","feature_type":"occupant","geometry":null,"properties":{"name":{"ru":"Кабинет 303","en":"Classroom 303"},"shortName":{"ru":"303","en":"303"},"category":"classroom","anchor_id":"1288e47d-c478-49bd-aa0b-a7310f9e4729","hours":null,"phone":null,"email":null,"website":null,"description":null,"iconUrl":null,"correlation_id":null}},{"id":"b0b5f41a-49ed-4c97-bd96-ad0401876e63","type":"Feature","feature_type":"occupant","geometry":null,"properties":{"name":{"ru":"Кабинет 303","en":"Classroom 303"},"shortName":{"ru":"303","en":"303"},"category":"classroom","anchor_id":"9bee09d0-858a-4061-9272-4183ed847bf3","hours":null,"phone":null,"email":null,"website":null,"description":null,"iconUrl":null,"correlation_id":null}},{"id":"d7da513d-ded8-4b0c-a39e-00b02ae7553a","type":"Feature","feature_type":"occupant","geometry":null,"properties":{"name":{"ru":"Кабинет 304","en":"Classroom 304"},"shortName":{"ru":"304","en":"304"},"category":"classroom","anchor_id":"4f2bbce8-a3a4-4522-8de8-32bd2b698f70","hours":null,"phone":null,"email":null,"website":null,"description":null,"iconUrl":null,"correlation_id":null}},{"id":"8c06a7f5-0c9c-4957-802b-0a742dc59b07","type":"Feature","feature_type":"occupant","geometry":null,"properties":{"name":{"ru":"Кабинет 327","en":"Classroom 327"},"shortName":{"ru":"327","en":"327"},"category":"classroom","anchor_id":"90c89815-82d9-4413-9348-ce4ccbbc096d","hours":null,"phone":null,"email":null,"website":null,"description":null,"iconUrl":null,"correlation_id":null}},{"id":"a7dcaeae-70e4-4a60-ad30-667403cefee1","type":"Feature","feature_type":"occupant","geometry":null,"properties":{"name":{"ru":"Кабинет 302","en":"Classroom 302"},"shortName":{"ru":"302","en":"302"},"category":"classroom","anchor_id":"61b4ab86-da2a-48b1-af45-2b01b98d14c5","hours":null,"phone":null,"email":null,"website":null,"description":null,"iconUrl":null,"correlation_id":null}},{"id":"56662b01-8298-416f-a54c-ac08260fe437","type":"Feature","feature_type":"occupant","geometry":null,"properties":{"name":{"ru":"Читальный зал","en":"Reading hall"},"shortName":{"ru":"Читальный зал","en":"Reading hall"},"category":"reading.room","anchor_id":"d4dc6f36-8901-422a-97cf-6101123d4ead","hours":null,"phone":null,"email":null,"website":null,"description":null,"iconUrl":null,"correlation_id":null}}]}