{"type":"FeatureCollection","name":"opening","features":[{"id":"af0eab78-03ff-4431-8053-556853756417","type":"Feature","feature_type":"opening","geometry":{"type":"LineString","coordinates":[[30.378259733623089,60.009643645103957],[30.378276675698146,60.0096406206521]]},"properties":{"category":"automobile","unit_categoty":"classroom","unit_restriction":null,"accessibility":null,"access_control":null,"door":{"type":"open","material":"metal","automatic":false},"name":null,"alt_name":null,"display_point":{"type":"Point","coordinates":[30.378259733623089,60.009643645103957]},"level_id":"b79df9a4-80fb-4310-b230-7f5c69d8c4e8"}},{"id":"8523bc3f-c5c5-4644-a78e-62f3a452c388","type":"Feature","feature_type":"opening","geometry":{"type":"LineString","coordinates":[[30.378530721534972,60.009595136409239],[30.378547663585213,60.009592111957382]]},"properties":{"category":"automobile","unit_categoty":"classroom","unit_restriction":null,"accessibility":null,"access_control":null,"door":{"type":"open","material":"metal","automatic":false},"name":null,"alt_name":null,"display_point":{"type":"Point","coordinates":[30.378530721534972,60.009595136409239]},"level_id":"b79df9a4-80fb-4310-b230-7f5c69d8c4e8"}},{"id":"82a563c8-ef47-42b0-bf39-9c401a9a7b02","type":"Feature","feature_type":"opening","geometry":{"type":"LineString","coordinates":[[30.378489375413086,60.009423602234769],[30.378483308678181,60.0094151359652]]},"properties":{"category":"automobile","unit_categoty":"classroom","unit_restriction":null,"accessibility":null,"access_control":null,"door":{"type":"open","material":"metal","automatic":false},"name":null,"alt_name":null,"display_point":{"type":"Point","coordinates":[30.378489375413086,60.009423602234769]},"level_id":"b79df9a4-80fb-4310-b230-7f5c69d8c4e8"}},{"id":"adf6fe79-5ba7-4a9c-a41a-dcaefb6aeee7","type":"Feature","feature_type":"opening","geometry":{"type":"LineString","coordinates":[[30.378540201433044,60.00941452942812],[30.378534137437484,60.009406062609642]]},"properties":{"category":"automobile","unit_categoty":"classroom","unit_restriction":null,"accessibility":null,"access_control":null,"door":{"type":"open","material":"metal","automatic":false},"name":null,"alt_name":null,"display_point":{"type":"Point","coordinates":[30.378540201433044,60.00941452942812]},"level_id":"b79df9a4-80fb-4310-b230-7f5c69d8c4e8"}},{"id":"57d08caf-c958-4058-81d1-61ae640fd21a","type":"Feature","feature_type":"opening","geometry":{"type":"LineString","coordinates":[[30.377974190211976,60.009083452399537],[30.377991132156623,60.009080428496588]]},"properties":{"category":"automobile","unit_categoty":"classroom","unit_restriction":null,"accessibility":null,"access_control":null,"door":{"type":"open","material":"metal","automatic":false},"name":null,"alt_name":null,"display_point":{"type":"Point","coordinates":[30.377974190211976,60.009083452399537]},"level_id":"b79df9a4-80fb-4310-b230-7f5c69d8c4e8"}},{"id":"99a62a84-5d96-486a-bc60-027ceca7f716","type":"Feature","feature_type":"opening","geometry":{"type":"LineString","coordinates":[[30.377533495345332,60.009181215747248],[30.377600416731369,60.009169269436882]]},"properties":{"category":"automobile","unit_categoty":"stairs","unit_restriction":null,"accessibility":null,"access_control":null,"door":{"type":"open","material":"metal","automatic":false},"name":null,"alt_name":null,"display_point":{"type":"Point","coordinates":[30.377533495345332,60.009181215747248]},"level_id":"b79df9a4-80fb-4310-b230-7f5c69d8c4e8"}},{"id":"b40176f2-fb83-482d-b66e-4f11cc2287cc","type":"Feature","feature_type":"opening","geometry":{"type":"LineString","coordinates":[[30.37794650269749,60.009680457787773],[30.377879580582196,60.009692403000329]]},"properties":{"category":"automobile","unit_categoty":"stairs","unit_restriction":null,"accessibility":null,"access_control":null,"door":{"type":"open","material":"metal","automatic":false},"name":null,"alt_name":null,"display_point":{"type":"Point","coordinates":[30.37794650269749,60.009680457787773]},"level_id":"b79df9a4-80fb-4310-b230-7f5c69d8c4e8"}},{"id":"86983fe7-ca5a-4505-9e6d-d8717c01d7a6","type":"Feature","feature_type":"opening","geometry":{"type":"LineString","coordinates":[[30.379007454193566,60.00891811149009],[30.379074375047288,60.008906166826435]]},"properties":{"category":"automobile","unit_categoty":"stairs","unit_restriction":null,"accessibility":null,"access_control":null,"door":{"type":"open","material":"metal","automatic":false},"name":null,"alt_name":null,"display_point":{"type":"Point","coordinates":[30.379007454193566,60.00891811149009]},"level_id":"b79df9a4-80fb-4310-b230-7f5c69d8c4e8"}},{"id":"4808d2ec-3c81-47ba-8de0-b03d68c56d69","type":"Feature","feature_type":"opening","geometry":{"type":"LineString","coordinates":[[30.377766649548807,60.009120498366848],[30.377783591512408,60.009117473915]]},"properties":{"category":"automobile","unit_categoty":"restroom","unit_restriction":null,"accessibility":null,"access_control":null,"door":{"type":"open","material":"metal","automatic":false},"name":null,"alt_name":null,"display_point":{"type":"Point","coordinates":[30.377766649548807,60.009120498366848]},"level_id":"b79df9a4-80fb-4310-b230-7f5c69d8c4e8"}},{"id":"d4ab2a25-238b-4b41-8b69-20729681ff00","type":"Feature","feature_type":"opening","geometry":{"type":"LineString","coordinates":[[30.377677703596788,60.009136375366815],[30.37769464584305,60.009133351463866]]},"properties":{"category":"automobile","unit_categoty":"restroom","unit_restriction":null,"accessibility":null,"access_control":null,"door":{"type":"open","material":"metal","automatic":false},"name":null,"alt_name":null,"display_point":{"type":"Point","coordinates":[30.377677703596788,60.009136375366815]},"level_id":"b79df9a4-80fb-4310-b230-7f5c69d8c4e8"}},{"id":"05f23584-8ee1-4d54-8cf5-d594ba28c741","type":"Feature","feature_type":"opening","geometry":{"type":"LineString","coordinates":[[30.377495575724261,60.009168885205249],[30.377512517712674,60.0091658613023]]},"properties":{"category":"automobile","unit_categoty":"classroom","unit_restriction":null,"accessibility":null,"access_control":null,"door":{"type":"open","material":"metal","automatic":false},"name":null,"alt_name":null,"display_point":{"type":"Point","coordinates":[30.377495575724261,60.009168885205249]},"level_id":"b79df9a4-80fb-4310-b230-7f5c69d8c4e8"}},{"id":"560d02bc-4484-4e3c-bbbc-1f498e7e7855","type":"Feature","feature_type":"opening","geometry":{"type":"LineString","coordinates":[[30.377516451324208,60.009157996629682],[30.37751040203181,60.0091495270667]]},"properties":{"category":"automobile","unit_categoty":"classroom","unit_restriction":null,"accessibility":null,"access_control":null,"door":{"type":"open","material":"metal","automatic":false},"name":null,"alt_name":null,"display_point":{"type":"Point","coordinates":[30.377516451324208,60.009157996629682]},"level_id":"b79df9a4-80fb-4310-b230-7f5c69d8c4e8"}},{"id":"d20ec8e4-857a-4576-ad79-41d873a10e57","type":"Feature","feature_type":"opening","geometry":{"type":"LineString","coordinates":[[30.374593319974032,60.008500248611547],[30.37458641687882,60.0084900236589]]},"properties":{"category":"automobile","unit_categoty":"stairs","unit_restriction":null,"accessibility":null,"access_control":null,"door":{"type":"open","material":"metal","automatic":false},"name":null,"alt_name":null,"display_point":{"type":"Point","coordinates":[30.374593319974032,60.008500248611547]},"level_id":"606db31c-6ae7-4b75-97b3-e56c573fc7f1"}},{"id":"e2dd4159-075e-40f3-a315-6d61970bacd5","type":"Feature","feature_type":"opening","geometry":{"type":"LineString","coordinates":[[30.374585511856512,60.008488683788308],[30.374594141274514,60.008501464979119]]},"properties":{"category":"automobile","unit_categoty":"stairs","unit_restriction":null,"accessibility":null,"access_control":null,"door":{"type":"open","material":"metal","automatic":false},"name":null,"alt_name":null,"display_point":{"type":"Point","coordinates":[30.374585511856512,60.008488683788308]},"level_id":"d0b5e4eb-482d-4e66-a50e-4fa7c32115ec"}},{"id":"ecb2a7e9-a9a4-4f6a-b25c-a65fd5e00600","type":"Feature","feature_type":"opening","geometry":{"type":"LineString","coordinates":[[30.374615489882093,60.008533086144681],[30.374624119037176,60.008545867884386]]},"properties":{"category":"automobile","unit_categoty":"stairs","unit_restriction":null,"accessibility":null,"access_control":null,"door":{"type":"open","material":"metal","automatic":false},"name":null,"alt_name":null,"display_point":{"type":"Point","coordinates":[30.374615489882093,60.008533086144681]},"level_id":"40feaf3e-79af-4065-94b7-52c686b48356"}},{"id":"c3588ab8-34e1-4fb8-8f80-39f05f566ff7","type":"Feature","feature_type":"opening","geometry":{"type":"LineString","coordinates":[[30.37461554148792,60.008533162991007],[30.374624170643028,60.008545944181812]]},"properties":{"category":"automobile","unit_categoty":"stairs","unit_restriction":null,"accessibility":null,"access_control":null,"door":{"type":"open","material":"metal","automatic":false},"name":null,"alt_name":null,"display_point":{"type":"Point","coordinates":[30.37461554148792,60.008533162991007]},"level_id":"0dcdc286-eabe-4b28-b9d7-d80f3c07c803"}},{"id":"16f3bf3a-6693-4c54-82a1-e8b42db83f10","type":"Feature","feature_type":"opening","geometry":{"type":"LineString","coordinates":[[30.379267188765752,60.006086027950282],[30.379321730087138,60.006076825053775]]},"properties":{"category":"automobile","unit_categoty":"walkway","unit_restriction":null,"accessibility":null,"access_control":null,"door":{"type":"open","material":"metal","automatic":false},"name":null,"alt_name":null,"display_point":{"type":"Point","coordinates":[30.379267188765752,60.006086027950282]},"level_id":"ee066945-7a0b-4f69-b95c-817981001759"}},{"id":"721b1346-4397-4b5a-8e4c-4d2607a8b388","type":"Feature","feature_type":"opening","geometry":{"type":"LineString","coordinates":[[30.3793350892341,60.006470660830523],[30.379312931881657,60.006474399404311]]},"properties":{"category":"automobile","unit_categoty":"stairs","unit_restriction":null,"accessibility":null,"access_control":null,"door":{"type":"open","material":"metal","automatic":false},"name":null,"alt_name":null,"display_point":{"type":"Point","coordinates":[30.3793350892341,60.006470660830523]},"level_id":"afe8614a-54b2-4468-89de-a68def1a26e7"}},{"id":"8fd8380f-f4ed-462f-97fe-7ab0a8bac25a","type":"Feature","feature_type":"opening","geometry":{"type":"LineString","coordinates":[[30.373049888760466,60.008762161750646],[30.373041259881376,60.008749380010933]]},"properties":{"category":"automobile","unit_categoty":"stairs","unit_restriction":null,"accessibility":null,"access_control":null,"door":{"type":"open","material":"metal","automatic":false},"name":null,"alt_name":null,"display_point":{"type":"Point","coordinates":[30.373049888760466,60.008762161750646]},"level_id":"d0b5e4eb-482d-4e66-a50e-4fa7c32115ec"}},{"id":"32cec06f-89a6-406d-865e-a48068bb606b","type":"Feature","feature_type":"opening","geometry":{"type":"LineString","coordinates":[[30.373079790396506,60.008806369795586],[30.373071161505852,60.008793588604782]]},"properties":{"category":"automobile","unit_categoty":"stairs","unit_restriction":null,"accessibility":null,"access_control":null,"door":{"type":"open","material":"metal","automatic":false},"name":null,"alt_name":null,"display_point":{"type":"Point","coordinates":[30.373079790396506,60.008806369795586]},"level_id":"40feaf3e-79af-4065-94b7-52c686b48356"}},{"id":"45f12ccb-1617-441c-aba5-1f18a3fa4761","type":"Feature","feature_type":"opening","geometry":{"type":"LineString","coordinates":[[30.373079687460102,60.008806300084991],[30.373071058294975,60.00879351889418]]},"properties":{"category":"automobile","unit_categoty":"stairs","unit_restriction":null,"accessibility":null,"access_control":null,"door":{"type":"open","material":"metal","automatic":false},"name":null,"alt_name":null,"display_point":{"type":"Point","coordinates":[30.373079687460102,60.008806300084991]},"level_id":"0dcdc286-eabe-4b28-b9d7-d80f3c07c803"}},{"id":"d1eabff5-7cdb-4099-886e-1a04d23ae508","type":"Feature","feature_type":"opening","geometry":{"type":"LineString","coordinates":[[30.373185825505107,60.008732816883054],[30.373181223661774,60.008726000064989]]},"properties":{"category":"automobile","unit_categoty":"walkway","unit_restriction":null,"accessibility":null,"access_control":null,"door":{"type":"open","material":"metal","automatic":false},"name":null,"alt_name":null,"display_point":{"type":"Point","coordinates":[30.373185825505107,60.008732816883054]},"level_id":"0dcdc286-eabe-4b28-b9d7-d80f3c07c803"}},{"id":"728c8812-8d4e-4de7-802e-ee05b56e61e5","type":"Feature","feature_type":"opening","geometry":{"type":"LineString","coordinates":[[30.38149245691196,60.007256478466395],[30.381511206318677,60.0072533148678]]},"properties":{"category":"automobile","unit_categoty":"auditorium","unit_restriction":null,"accessibility":null,"access_control":null,"door":{"type":"open","material":"metal","automatic":false},"name":null,"alt_name":null,"display_point":{"type":"Point","coordinates":[30.38149245691196,60.007256478466395]},"level_id":"fc8f18cb-4412-4285-b130-f8c5a9ef021e"}},{"id":"c57a5e13-3e4f-4ee3-801f-a246a1b9084b","type":"Feature","feature_type":"opening","geometry":{"type":"LineString","coordinates":[[30.381377407113778,60.007275890946275],[30.381396155982507,60.007272727347683]]},"properties":{"category":"automobile","unit_categoty":"foodservice.coffee","unit_restriction":null,"accessibility":null,"access_control":null,"door":{"type":"open","material":"metal","automatic":false},"name":null,"alt_name":null,"display_point":{"type":"Point","coordinates":[30.381377407113778,60.007275890946275]},"level_id":"fc8f18cb-4412-4285-b130-f8c5a9ef021e"}},{"id":"cdffed4b-dcac-4ac4-b01f-9048ed1768eb","type":"Feature","feature_type":"opening","geometry":{"type":"LineString","coordinates":[[30.381462845381879,60.007289950256165],[30.381481594250509,60.007286786657573]]},"properties":{"category":"automobile","unit_categoty":"auditorium","unit_restriction":null,"accessibility":null,"access_control":null,"door":{"type":"open","material":"metal","automatic":false},"name":null,"alt_name":null,"display_point":{"type":"Point","coordinates":[30.381462845381879,60.007289950256165]},"level_id":"fc8f18cb-4412-4285-b130-f8c5a9ef021e"}},{"id":"c3fb3ee8-8a1d-4958-96f0-a4c47a478386","type":"Feature","feature_type":"opening","geometry":{"type":"LineString","coordinates":[[30.381445584759785,60.007264387325648],[30.381464333621995,60.007261223727056]]},"properties":{"category":"automobile","unit_categoty":"auditorium","unit_restriction":"restricted","accessibility":null,"access_control":null,"door":{"type":"open","material":"metal","automatic":false},"name":null,"alt_name":null,"display_point":{"type":"Point","coordinates":[30.381445584759785,60.007264387325648]},"level_id":"fc8f18cb-4412-4285-b130-f8c5a9ef021e"}},{"id":"48c2d65e-fe92-4fb3-99a0-b37308194ce4","type":"Feature","feature_type":"opening","geometry":{"type":"LineString","coordinates":[[30.381219961400127,60.007330931853204],[30.381238710291989,60.007327768254612]]},"properties":{"category":"automobile","unit_categoty":"auditorium","unit_restriction":null,"accessibility":null,"access_control":null,"door":{"type":"open","material":"metal","automatic":false},"name":null,"alt_name":null,"display_point":{"type":"Point","coordinates":[30.381219961400127,60.007330931853204]},"level_id":"fc8f18cb-4412-4285-b130-f8c5a9ef021e"}},{"id":"01b8aa5b-2446-4a0c-80f9-a7201d1f4685","type":"Feature","feature_type":"opening","geometry":{"type":"LineString","coordinates":[[30.38135418678122,60.007308284142972],[30.381372935660245,60.00730512054438]]},"properties":{"category":"automobile","unit_categoty":"auditorium","unit_restriction":null,"accessibility":null,"access_control":null,"door":{"type":"open","material":"metal","automatic":false},"name":null,"alt_name":null,"display_point":{"type":"Point","coordinates":[30.38135418678122,60.007308284142972]},"level_id":"fc8f18cb-4412-4285-b130-f8c5a9ef021e"}},{"id":"4dbd7b47-88c6-4966-a159-84fc3c4adfc8","type":"Feature","feature_type":"opening","geometry":{"type":"LineString","coordinates":[[30.381162436679237,60.007340638093147],[30.381179480981736,60.007337762119377]]},"properties":{"category":"automobile","unit_categoty":"auditorium","unit_restriction":null,"accessibility":null,"access_control":null,"door":{"type":"open","material":"metal","automatic":false},"name":null,"alt_name":null,"display_point":{"type":"Point","coordinates":[30.381162436679237,60.007340638093147]},"level_id":"fc8f18cb-4412-4285-b130-f8c5a9ef021e"}},{"id":"59a54e20-69c4-42d0-ba94-82744aaf61bb","type":"Feature","feature_type":"opening","geometry":{"type":"LineString","coordinates":[[30.381189917229737,60.0073075258344],[30.381208666665394,60.007304362235807]]},"properties":{"category":"automobile","unit_categoty":"auditorium","unit_restriction":"restricted","accessibility":null,"access_control":null,"door":{"type":"open","material":"metal","automatic":false},"name":null,"alt_name":null,"display_point":{"type":"Point","coordinates":[30.381189917229737,60.0073075258344]},"level_id":"fc8f18cb-4412-4285-b130-f8c5a9ef021e"}},{"id":"9d720876-ab06-4ae3-98dc-d1271500e818","type":"Feature","feature_type":"opening","geometry":{"type":"LineString","coordinates":[[30.381569372771217,60.007271975900395],[30.381588122178648,60.0072688123018]]},"properties":{"category":"automobile","unit_categoty":"auditorium","unit_restriction":null,"accessibility":null,"access_control":null,"door":{"type":"open","material":"metal","automatic":false},"name":null,"alt_name":null,"display_point":{"type":"Point","coordinates":[30.381569372771217,60.007271975900395]},"level_id":"fc8f18cb-4412-4285-b130-f8c5a9ef021e"}},{"id":"ff398001-d112-4983-b85e-9b2c7d298742","type":"Feature","feature_type":"opening","geometry":{"type":"LineString","coordinates":[[30.38192730646146,60.007211581823469],[30.381946055285663,60.007208418224877]]},"properties":{"category":"automobile","unit_categoty":"auditorium","unit_restriction":null,"accessibility":null,"access_control":null,"door":{"type":"open","material":"metal","automatic":false},"name":null,"alt_name":null,"display_point":{"type":"Point","coordinates":[30.38192730646146,60.007211581823469]},"level_id":"fc8f18cb-4412-4285-b130-f8c5a9ef021e"}},{"id":"3e581fe4-2cc5-4b5b-a165-c0717334c2fd","type":"Feature","feature_type":"opening","geometry":{"type":"LineString","coordinates":[[30.381991222750532,60.007200796990446],[30.38200997156865,60.007197633666308]]},"properties":{"category":"automobile","unit_categoty":"auditorium","unit_restriction":null,"accessibility":null,"access_control":null,"door":{"type":"open","material":"metal","automatic":false},"name":null,"alt_name":null,"display_point":{"type":"Point","coordinates":[30.381991222750532,60.007200796990446]},"level_id":"fc8f18cb-4412-4285-b130-f8c5a9ef021e"}},{"id":"06eb7544-9657-4be7-9745-ab5df6036944","type":"Feature","feature_type":"opening","geometry":{"type":"LineString","coordinates":[[30.382110533979464,60.007180665722956],[30.382129282786142,60.007177502124364]]},"properties":{"category":"automobile","unit_categoty":"auditorium","unit_restriction":null,"accessibility":null,"access_control":null,"door":{"type":"open","material":"metal","automatic":false},"name":null,"alt_name":null,"display_point":{"type":"Point","coordinates":[30.382110533979464,60.007180665722956]},"level_id":"fc8f18cb-4412-4285-b130-f8c5a9ef021e"}},{"id":"74dd4f89-1442-48d2-a365-dab88dfd3afe","type":"Feature","feature_type":"opening","geometry":{"type":"LineString","coordinates":[[30.382229844586782,60.007160534455465],[30.382248593931038,60.007157370856874]]},"properties":{"category":"automobile","unit_categoty":"auditorium","unit_restriction":null,"accessibility":null,"access_control":null,"door":{"type":"open","material":"metal","automatic":false},"name":null,"alt_name":null,"display_point":{"type":"Point","coordinates":[30.382229844586782,60.007160534455465]},"level_id":"fc8f18cb-4412-4285-b130-f8c5a9ef021e"}},{"id":"80c39238-b2c7-43b0-9aaf-48dd39524d47","type":"Feature","feature_type":"opening","geometry":{"type":"LineString","coordinates":[[30.381854651235827,60.007195365601866],[30.381873400607898,60.007192202003274]]},"properties":{"category":"automobile","unit_categoty":"auditorium","unit_restriction":null,"accessibility":null,"access_control":null,"door":{"type":"open","material":"metal","automatic":false},"name":null,"alt_name":null,"display_point":{"type":"Point","coordinates":[30.381854651235827,60.007195365601866]},"level_id":"fc8f18cb-4412-4285-b130-f8c5a9ef021e"}},{"id":"92f244ad-f8cd-4da7-b4de-3edcb772f67a","type":"Feature","feature_type":"opening","geometry":{"type":"LineString","coordinates":[[30.381956917721428,60.0071781100337],[30.381975667083719,60.007174946435107]]},"properties":{"category":"automobile","unit_categoty":"auditorium","unit_restriction":null,"accessibility":null,"access_control":null,"door":{"type":"open","material":"metal","automatic":false},"name":null,"alt_name":null,"display_point":{"type":"Point","coordinates":[30.381956917721428,60.0071781100337]},"level_id":"fc8f18cb-4412-4285-b130-f8c5a9ef021e"}},{"id":"2d25b444-2645-4009-8fed-23aad2006b64","type":"Feature","feature_type":"opening","geometry":{"type":"LineString","coordinates":[[30.382208323062603,60.007135690587006],[30.382227071851851,60.007132526988407]]},"properties":{"category":"automobile","unit_categoty":"auditorium","unit_restriction":null,"accessibility":null,"access_control":null,"door":{"type":"open","material":"metal","automatic":false},"name":null,"alt_name":null,"display_point":{"type":"Point","coordinates":[30.382208323062603,60.007135690587006]},"level_id":"fc8f18cb-4412-4285-b130-f8c5a9ef021e"}},{"id":"a032c508-289b-4d6e-9843-f13729f5b71f","type":"Feature","feature_type":"opening","geometry":{"type":"LineString","coordinates":[[30.380826121480794,60.007345179711045],[30.3808197924132,60.007335806380368]]},"properties":{"category":"automobile","unit_categoty":"auditorium","unit_restriction":"restricted","accessibility":null,"access_control":null,"door":{"type":"open","material":"metal","automatic":false},"name":null,"alt_name":null,"display_point":{"type":"Point","coordinates":[30.380826121480794,60.007345179711045]},"level_id":"fc8f18cb-4412-4285-b130-f8c5a9ef021e"}},{"id":"6071605f-4a44-4ad0-be69-92ca00a50263","type":"Feature","feature_type":"opening","geometry":{"type":"LineString","coordinates":[[30.380890480439628,60.007486188603451],[30.380909229940251,60.007483025004859]]},"properties":{"category":"automobile","unit_categoty":"auditorium","unit_restriction":"restricted","accessibility":null,"access_control":null,"door":{"type":"open","material":"metal","automatic":false},"name":null,"alt_name":null,"display_point":{"type":"Point","coordinates":[30.380890480439628,60.007486188603451]},"level_id":"fc8f18cb-4412-4285-b130-f8c5a9ef021e"}},{"id":"42caa0fa-0a49-4654-b870-a27997a0b232","type":"Feature","feature_type":"opening","geometry":{"type":"LineString","coordinates":[[30.380861452789254,60.007502951257329],[30.380855124250576,60.007493578201107]]},"properties":{"category":"automobile","unit_categoty":"auditorium","unit_restriction":"restricted","accessibility":null,"access_control":null,"door":{"type":"open","material":"metal","automatic":false},"name":null,"alt_name":null,"display_point":{"type":"Point","coordinates":[30.380861452789254,60.007502951257329]},"level_id":"fc8f18cb-4412-4285-b130-f8c5a9ef021e"}},{"id":"523870a2-7644-489d-b539-f347a4c68ccb","type":"Feature","feature_type":"opening","geometry":{"type":"LineString","coordinates":[[30.380827570089686,60.0074422256434],[30.380846319031885,60.007439062319257]]},"properties":{"category":"automobile","unit_categoty":"auditorium","unit_restriction":"restricted","accessibility":null,"access_control":null,"door":{"type":"open","material":"metal","automatic":false},"name":null,"alt_name":null,"display_point":{"type":"Point","coordinates":[30.380827570089686,60.0074422256434]},"level_id":"fc8f18cb-4412-4285-b130-f8c5a9ef021e"}},{"id":"3369e1b3-c754-48e7-8fc3-7a0ecff24e07","type":"Feature","feature_type":"opening","geometry":{"type":"LineString","coordinates":[[30.38081591062803,60.007498770542718],[30.380834660135786,60.007495606944126]]},"properties":{"category":"automobile","unit_categoty":"auditorium","unit_restriction":"restricted","accessibility":null,"access_control":null,"door":{"type":"open","material":"metal","automatic":false},"name":null,"alt_name":null,"display_point":{"type":"Point","coordinates":[30.38081591062803,60.007498770542718]},"level_id":"fc8f18cb-4412-4285-b130-f8c5a9ef021e"}},{"id":"0ebdd65b-fd5c-4487-919b-320e6a94a3c8","type":"Feature","feature_type":"opening","geometry":{"type":"LineString","coordinates":[[30.380941603816595,60.007382645039741],[30.380935275278045,60.007373271709056]]},"properties":{"category":"automobile","unit_categoty":"walkway","unit_restriction":null,"accessibility":null,"access_control":null,"door":{"type":"open","material":"metal","automatic":false},"name":null,"alt_name":null,"display_point":{"type":"Point","coordinates":[30.380941603816595,60.007382645039741]},"level_id":"fc8f18cb-4412-4285-b130-f8c5a9ef021e"}},{"id":"902c06fc-313e-4a92-a38b-0f85f0d163a8","type":"Feature","feature_type":"opening","geometry":{"type":"LineString","coordinates":[[30.382565929370696,60.007032638290873],[30.382584678113634,60.007029474692281]]},"properties":{"category":"automobile","unit_categoty":"auditorium","unit_restriction":"restricted","accessibility":null,"access_control":null,"door":{"type":"open","material":"metal","automatic":false},"name":null,"alt_name":null,"display_point":{"type":"Point","coordinates":[30.382565929370696,60.007032638290873]},"level_id":"fc8f18cb-4412-4285-b130-f8c5a9ef021e"}},{"id":"1683c7d1-86b8-4433-b947-c27774d6a035","type":"Feature","feature_type":"opening","geometry":{"type":"LineString","coordinates":[[30.382682782623139,60.007156485202962],[30.382677028752425,60.0071479643176]]},"properties":{"category":"automobile","unit_categoty":"auditorium","unit_restriction":"restricted","accessibility":null,"access_control":null,"door":{"type":"open","material":"metal","automatic":false},"name":null,"alt_name":null,"display_point":{"type":"Point","coordinates":[30.382682782623139,60.007156485202962]},"level_id":"fc8f18cb-4412-4285-b130-f8c5a9ef021e"}},{"id":"d0f86dd3-22a9-4afc-b609-f84710e0cbf8","type":"Feature","feature_type":"opening","geometry":{"type":"LineString","coordinates":[[30.382758979341016,60.007170917217536],[30.382776024079359,60.007168041243766]]},"properties":{"category":"automobile","unit_categoty":"auditorium","unit_restriction":"restricted","accessibility":null,"access_control":null,"door":{"type":"open","material":"metal","automatic":false},"name":null,"alt_name":null,"display_point":{"type":"Point","coordinates":[30.382758979341016,60.007170917217536]},"level_id":"fc8f18cb-4412-4285-b130-f8c5a9ef021e"}},{"id":"6e84e74f-d64b-4e0a-a939-4c0dd5216456","type":"Feature","feature_type":"opening","geometry":{"type":"LineString","coordinates":[[30.382526737625582,60.007115185517023],[30.382520408339037,60.0071058124608]]},"properties":{"category":"automobile","unit_categoty":"auditorium","unit_restriction":"restricted","accessibility":null,"access_control":null,"door":{"type":"open","material":"metal","automatic":false},"name":null,"alt_name":null,"display_point":{"type":"Point","coordinates":[30.382526737625582,60.007115185517023]},"level_id":"fc8f18cb-4412-4285-b130-f8c5a9ef021e"}},{"id":"e49a2f24-c15c-4475-9cc2-0588a38ea8b7","type":"Feature","feature_type":"opening","geometry":{"type":"LineString","coordinates":[[30.3825997599326,60.007086253698439],[30.382618508689117,60.007083090099847]]},"properties":{"category":"automobile","unit_categoty":"auditorium","unit_restriction":"restricted","accessibility":null,"access_control":null,"door":{"type":"open","material":"metal","automatic":false},"name":null,"alt_name":null,"display_point":{"type":"Point","coordinates":[30.3825997599326,60.007086253698439]},"level_id":"fc8f18cb-4412-4285-b130-f8c5a9ef021e"}},{"id":"71d3eee8-05ec-48b2-9dce-229abc4642d6","type":"Feature","feature_type":"opening","geometry":{"type":"LineString","coordinates":[[30.382673038520288,60.007184231666962],[30.382691787301074,60.00718106806837]]},"properties":{"category":"automobile","unit_categoty":"auditorium","unit_restriction":"restricted","accessibility":null,"access_control":null,"door":{"type":"open","material":"metal","automatic":false},"name":null,"alt_name":null,"display_point":{"type":"Point","coordinates":[30.382673038520288,60.007184231666962]},"level_id":"fc8f18cb-4412-4285-b130-f8c5a9ef021e"}},{"id":"c3b5cf11-371f-404f-8972-64a67b95ed2d","type":"Feature","feature_type":"opening","geometry":{"type":"LineString","coordinates":[[30.381106403863427,60.0073595842805],[30.381123448173248,60.00735670830673]]},"properties":{"category":"automobile","unit_categoty":"restroom.female","unit_restriction":null,"accessibility":null,"access_control":null,"door":{"type":"open","material":"metal","automatic":false},"name":null,"alt_name":null,"display_point":{"type":"Point","coordinates":[30.381106403863427,60.0073595842805]},"level_id":"fc8f18cb-4412-4285-b130-f8c5a9ef021e"}},{"id":"47972747-b607-4078-87bb-a4790e70561a","type":"Feature","feature_type":"opening","geometry":{"type":"LineString","coordinates":[[30.3823506483105,60.007149643135385],[30.382367692512123,60.007146767161615]]},"properties":{"category":"automobile","unit_categoty":"restroom.male","unit_restriction":null,"accessibility":null,"access_control":null,"door":{"type":"open","material":"metal","automatic":false},"name":null,"alt_name":null,"display_point":{"type":"Point","coordinates":[30.3823506483105,60.007149643135385]},"level_id":"fc8f18cb-4412-4285-b130-f8c5a9ef021e"}},{"id":"9ea5e5d9-7fa9-4ea0-a786-537b016debd9","type":"Feature","feature_type":"opening","geometry":{"type":"LineString","coordinates":[[30.381036095452114,60.007371447432156],[30.381053139768049,60.007368571458386]]},"properties":{"category":"automobile","unit_categoty":"auditorium","unit_restriction":null,"accessibility":null,"access_control":null,"door":{"type":"open","material":"metal","automatic":false},"name":null,"alt_name":null,"display_point":{"type":"Point","coordinates":[30.381036095452114,60.007371447432156]},"level_id":"fc8f18cb-4412-4285-b130-f8c5a9ef021e"}},{"id":"d275dd39-ef5e-4479-bd49-52b29be47d07","type":"Feature","feature_type":"opening","geometry":{"type":"LineString","coordinates":[[30.381007327629465,60.007328842456474],[30.381024371935673,60.0073259664827]]},"properties":{"category":"automobile","unit_categoty":"auditorium","unit_restriction":null,"accessibility":null,"access_control":null,"door":{"type":"open","material":"metal","automatic":false},"name":null,"alt_name":null,"display_point":{"type":"Point","coordinates":[30.381007327629465,60.007328842456474]},"level_id":"fc8f18cb-4412-4285-b130-f8c5a9ef021e"}},{"id":"0ec9ef52-559c-481b-890d-48e5498854c9","type":"Feature","feature_type":"opening","geometry":{"type":"LineString","coordinates":[[30.3808329721352,60.007404533618043],[30.380826643609947,60.007395160287366]]},"properties":{"category":"automobile","unit_categoty":"auditorium","unit_restriction":"restricted","accessibility":null,"access_control":null,"door":{"type":"open","material":"metal","automatic":false},"name":null,"alt_name":null,"display_point":{"type":"Point","coordinates":[30.3808329721352,60.007404533618043]},"level_id":"fc8f18cb-4412-4285-b130-f8c5a9ef021e"}},{"id":"802e7e4c-79ea-4fa3-8828-b5154440a3d3","type":"Feature","feature_type":"opening","geometry":{"type":"LineString","coordinates":[[30.380796293508435,60.007350212322081],[30.380789964993603,60.007340839265851]]},"properties":{"category":"automobile","unit_categoty":"auditorium","unit_restriction":"restricted","accessibility":null,"access_control":null,"door":{"type":"open","material":"metal","automatic":false},"name":null,"alt_name":null,"display_point":{"type":"Point","coordinates":[30.380796293508435,60.007350212322081]},"level_id":"fc8f18cb-4412-4285-b130-f8c5a9ef021e"}},{"id":"dadfcc01-b934-4f72-9f67-275d6a9dba6c","type":"Feature","feature_type":"opening","geometry":{"type":"LineString","coordinates":[[30.382641068054731,60.007094708166612],[30.382634738753911,60.007085334835935]]},"properties":{"category":"automobile","unit_categoty":"auditorium","unit_restriction":"restricted","accessibility":null,"access_control":null,"door":{"type":"open","material":"metal","automatic":false},"name":null,"alt_name":null,"display_point":{"type":"Point","coordinates":[30.382641068054731,60.007094708166612]},"level_id":"fc8f18cb-4412-4285-b130-f8c5a9ef021e"}},{"id":"6161e8d8-4f65-4ec5-8fd1-c9dfd7f8b156","type":"Feature","feature_type":"opening","geometry":{"type":"LineString","coordinates":[[30.382628841035419,60.007076600976475],[30.382622512287057,60.0070672276458]]},"properties":{"category":"automobile","unit_categoty":"auditorium","unit_restriction":"restricted","accessibility":null,"access_control":null,"door":{"type":"open","material":"metal","automatic":false},"name":null,"alt_name":null,"display_point":{"type":"Point","coordinates":[30.382628841035419,60.007076600976475]},"level_id":"fc8f18cb-4412-4285-b130-f8c5a9ef021e"}},{"id":"5a0dd037-1e99-42f2-b3e7-ac2d5afaab94","type":"Feature","feature_type":"opening","geometry":{"type":"LineString","coordinates":[[30.38078904743746,60.007332451489312],[30.380807796899354,60.00732928789072]]},"properties":{"category":"automobile","unit_categoty":"auditorium","unit_restriction":"restricted","accessibility":null,"access_control":null,"door":{"type":"open","material":"metal","automatic":false},"name":null,"alt_name":null,"display_point":{"type":"Point","coordinates":[30.38078904743746,60.007332451489312]},"level_id":"fc8f18cb-4412-4285-b130-f8c5a9ef021e"}},{"id":"33b64d3e-f0c5-444b-ad4b-04e4bd7a91c1","type":"Feature","feature_type":"opening","geometry":{"type":"LineString","coordinates":[[30.380749205710554,60.007329682277046],[30.380743451524843,60.007321161117233]]},"properties":{"category":"automobile","unit_categoty":"auditorium","unit_restriction":"restricted","accessibility":null,"access_control":null,"door":{"type":"open","material":"metal","automatic":false},"name":null,"alt_name":null,"display_point":{"type":"Point","coordinates":[30.380749205710554,60.007329682277046]},"level_id":"fc8f18cb-4412-4285-b130-f8c5a9ef021e"}},{"id":"67e4fe38-280e-4c7f-9546-f2c30b4d35b5","type":"Feature","feature_type":"opening","geometry":{"type":"LineString","coordinates":[[30.380807476422305,60.007324595873577],[30.38080172332754,60.007316074988225]]},"properties":{"category":"automobile","unit_categoty":"auditorium","unit_restriction":"restricted","accessibility":null,"access_control":null,"door":{"type":"open","material":"metal","automatic":false},"name":null,"alt_name":null,"display_point":{"type":"Point","coordinates":[30.380807476422305,60.007324595873577]},"level_id":"fc8f18cb-4412-4285-b130-f8c5a9ef021e"}},{"id":"605aa176-6394-4ff4-bee4-da8c4c7ef18f","type":"Feature","feature_type":"opening","geometry":{"type":"LineString","coordinates":[[30.38089979311448,60.007401564330877],[30.380918542041677,60.007398400732285]]},"properties":{"category":"automobile","unit_categoty":"auditorium","unit_restriction":"restricted","accessibility":null,"access_control":null,"door":{"type":"open","material":"metal","automatic":false},"name":null,"alt_name":null,"display_point":{"type":"Point","coordinates":[30.38089979311448,60.007401564330877]},"level_id":"fc8f18cb-4412-4285-b130-f8c5a9ef021e"}},{"id":"2161a25a-d9a9-4052-ac44-46e9c727b894","type":"Feature","feature_type":"opening","geometry":{"type":"LineString","coordinates":[[30.380848075827121,60.007426901113632],[30.380841746748647,60.007417528331857]]},"properties":{"category":"automobile","unit_categoty":"auditorium","unit_restriction":"restricted","accessibility":null,"access_control":null,"door":{"type":"open","material":"metal","automatic":false},"name":null,"alt_name":null,"display_point":{"type":"Point","coordinates":[30.380848075827121,60.007426901113632]},"level_id":"fc8f18cb-4412-4285-b130-f8c5a9ef021e"}},{"id":"580a192c-c49e-41b6-939c-5ad47b74f452","type":"Feature","feature_type":"opening","geometry":{"type":"LineString","coordinates":[[30.381077636000654,60.007316979304818],[30.381094680300745,60.007314103331048]]},"properties":{"category":"automobile","unit_categoty":"stairs","unit_restriction":null,"accessibility":null,"access_control":null,"door":{"type":"open","material":"metal","automatic":false},"name":null,"alt_name":null,"display_point":{"type":"Point","coordinates":[30.381077636000654,60.007316979304818]},"level_id":"fc8f18cb-4412-4285-b130-f8c5a9ef021e"}},{"id":"a6ce1f57-3870-4ac3-81fa-d5b6fdd48610","type":"Feature","feature_type":"opening","geometry":{"type":"LineString","coordinates":[[30.382321879737603,60.0071070381597],[30.382338923929495,60.007104162185932]]},"properties":{"category":"automobile","unit_categoty":"stairs","unit_restriction":null,"accessibility":null,"access_control":null,"door":{"type":"open","material":"metal","automatic":false},"name":null,"alt_name":null,"display_point":{"type":"Point","coordinates":[30.382321879737603,60.0071070381597]},"level_id":"fc8f18cb-4412-4285-b130-f8c5a9ef021e"}},{"id":"d9eb9e30-9def-4471-bc25-1aad485c1f0a","type":"Feature","feature_type":"opening","geometry":{"type":"LineString","coordinates":[[30.38171148226807,60.00725748981894],[30.381728527074266,60.00725461384517]]},"properties":{"category":"automobile","unit_categoty":"elevator","unit_restriction":null,"accessibility":null,"access_control":null,"door":{"type":"open","material":"metal","automatic":false},"name":null,"alt_name":null,"display_point":{"type":"Point","coordinates":[30.38171148226807,60.00725748981894]},"level_id":"fc8f18cb-4412-4285-b130-f8c5a9ef021e"}},{"id":"7391de17-fa67-49e0-bdb7-0c449db63f58","type":"Feature","feature_type":"opening","geometry":{"type":"LineString","coordinates":[[30.381745571329986,60.0072517378714],[30.381762615584229,60.007248861897629]]},"properties":{"category":"automobile","unit_categoty":"elevator","unit_restriction":null,"accessibility":null,"access_control":null,"door":{"type":"open","material":"metal","automatic":false},"name":null,"alt_name":null,"display_point":{"type":"Point","coordinates":[30.381745571329986,60.0072517378714]},"level_id":"fc8f18cb-4412-4285-b130-f8c5a9ef021e"}},{"id":"12e1a09a-9961-4772-92a4-37f4ccf80a74","type":"Feature","feature_type":"opening","geometry":{"type":"LineString","coordinates":[[30.381767248811709,60.007240961271911],[30.381804747039279,60.00723463407472]]},"properties":{"category":"automobile","unit_categoty":"stairs","unit_restriction":null,"accessibility":null,"access_control":null,"door":{"type":"open","material":"metal","automatic":false},"name":null,"alt_name":null,"display_point":{"type":"Point","coordinates":[30.381767248811709,60.007240961271911]},"level_id":"fc8f18cb-4412-4285-b130-f8c5a9ef021e"}},{"id":"7f939bfd-cfd5-4af7-b13d-1af7a3d808d5","type":"Feature","feature_type":"opening","geometry":{"type":"LineString","coordinates":[[30.381660721526092,60.007258935627682],[30.381698219225076,60.007252608704952]]},"properties":{"category":"automobile","unit_categoty":"stairs","unit_restriction":null,"accessibility":null,"access_control":null,"door":{"type":"open","material":"metal","automatic":false},"name":null,"alt_name":null,"display_point":{"type":"Point","coordinates":[30.381660721526092,60.007258935627682]},"level_id":"fc8f18cb-4412-4285-b130-f8c5a9ef021e"}},{"id":"a51ebe9d-fbc3-4f1a-a5be-414a699d7a4d","type":"Feature","feature_type":"opening","geometry":{"type":"LineString","coordinates":[[30.382510195388,60.007090687731484],[30.382503866106145,60.007081314675254]]},"properties":{"category":"automobile","unit_categoty":"auditorium","unit_restriction":"restricted","accessibility":null,"access_control":null,"door":{"type":"open","material":"metal","automatic":false},"name":null,"alt_name":null,"display_point":{"type":"Point","coordinates":[30.382510195388,60.007090687731484]},"level_id":"fc8f18cb-4412-4285-b130-f8c5a9ef021e"}},{"id":"62193c1a-7cda-46f5-965b-b38498c22947","type":"Feature","feature_type":"opening","geometry":{"type":"LineString","coordinates":[[30.382591210808929,60.0070841368566],[30.382584880967226,60.007074763800368]]},"properties":{"category":"automobile","unit_categoty":"auditorium","unit_restriction":"restricted","accessibility":null,"access_control":null,"door":{"type":"open","material":"metal","automatic":false},"name":null,"alt_name":null,"display_point":{"type":"Point","coordinates":[30.382591210808929,60.0070841368566]},"level_id":"fc8f18cb-4412-4285-b130-f8c5a9ef021e"}},{"id":"05bc5262-3b47-4cb9-b266-c0452b4f0bc3","type":"Feature","feature_type":"opening","geometry":{"type":"LineString","coordinates":[[30.38237777850528,60.007126556303291],[30.382371449238786,60.007117183521515]]},"properties":{"category":"automobile","unit_categoty":"auditorium","unit_restriction":null,"accessibility":null,"access_control":null,"door":{"type":"open","material":"metal","automatic":false},"name":null,"alt_name":null,"display_point":{"type":"Point","coordinates":[30.38237777850528,60.007126556303291]},"level_id":"fc8f18cb-4412-4285-b130-f8c5a9ef021e"}},{"id":"40f053e5-245f-4a61-92ef-028f798cf40a","type":"Feature","feature_type":"opening","geometry":{"type":"LineString","coordinates":[[30.3807919445502,60.007526543902927],[30.380808988916716,60.007523667929156]]},"properties":{"category":"automobile","unit_categoty":"stairs","unit_restriction":null,"accessibility":null,"access_control":null,"door":{"type":"open","material":"metal","automatic":false},"name":null,"alt_name":null,"display_point":{"type":"Point","coordinates":[30.3807919445502,60.007526543902927]},"level_id":"fc8f18cb-4412-4285-b130-f8c5a9ef021e"}},{"id":"0a5aa487-9cd2-40d9-afbc-add65a0a9599","type":"Feature","feature_type":"opening","geometry":{"type":"LineString","coordinates":[[30.380889501315732,60.007544490813586],[30.380883748191273,60.007535969928227]]},"properties":{"category":"automobile","unit_categoty":"stairs","unit_restriction":null,"accessibility":null,"access_control":null,"door":{"type":"open","material":"metal","automatic":false},"name":null,"alt_name":null,"display_point":{"type":"Point","coordinates":[30.380889501315732,60.007544490813586]},"level_id":"fc8f18cb-4412-4285-b130-f8c5a9ef021e"}},{"id":"f581e635-06ad-425e-aa69-92f8ddcc2051","type":"Feature","feature_type":"opening","geometry":{"type":"LineString","coordinates":[[30.382802987307496,60.007187221537961],[30.38282173608291,60.007184057939369]]},"properties":{"category":"automobile","unit_categoty":"stairs","unit_restriction":null,"accessibility":null,"access_control":null,"door":{"type":"open","material":"metal","automatic":false},"name":null,"alt_name":null,"display_point":{"type":"Point","coordinates":[30.382802987307496,60.007187221537961]},"level_id":"fc8f18cb-4412-4285-b130-f8c5a9ef021e"}},{"id":"1bc9b873-7ac6-4ca5-9ac4-0cb07eff8721","type":"Feature","feature_type":"opening","geometry":{"type":"LineString","coordinates":[[30.382764393651446,60.007228141109032],[30.382758639763988,60.00721962022368]]},"properties":{"category":"automobile","unit_categoty":"stairs","unit_restriction":null,"accessibility":null,"access_control":null,"door":{"type":"open","material":"metal","automatic":false},"name":null,"alt_name":null,"display_point":{"type":"Point","coordinates":[30.382764393651446,60.007228141109032]},"level_id":"fc8f18cb-4412-4285-b130-f8c5a9ef021e"}},{"id":"d5e06409-1be5-4be0-a628-2169fe16e0fb","type":"Feature","feature_type":"opening","geometry":{"type":"LineString","coordinates":[[30.38149245691196,60.007256478466395],[30.381511206318677,60.0072533148678]]},"properties":{"category":"automobile","unit_categoty":"classroom","unit_restriction":null,"accessibility":null,"access_control":null,"door":{"type":"open","material":"metal","automatic":false},"name":null,"alt_name":null,"display_point":{"type":"Point","coordinates":[30.38149245691196,60.007256478466395]},"level_id":"b845a4e7-41e8-4402-9c9f-332482da8aa2"}},{"id":"19e2fe52-3299-4994-9db7-9f0c2047d698","type":"Feature","feature_type":"opening","geometry":{"type":"LineString","coordinates":[[30.381364839254147,60.007306486487835],[30.381383588681171,60.00730332316369]]},"properties":{"category":"automobile","unit_categoty":"classroom","unit_restriction":null,"accessibility":null,"access_control":null,"door":{"type":"open","material":"metal","automatic":false},"name":null,"alt_name":null,"display_point":{"type":"Point","coordinates":[30.381364839254147,60.007306486487835]},"level_id":"b845a4e7-41e8-4402-9c9f-332482da8aa2"}},{"id":"31c0f3c2-bf6c-4191-8bb7-540a7a2496ac","type":"Feature","feature_type":"opening","geometry":{"type":"LineString","coordinates":[[30.381471367245741,60.007288512132057],[30.381490116662576,60.007285348807919]]},"properties":{"category":"automobile","unit_categoty":"classroom","unit_restriction":null,"accessibility":null,"access_control":null,"door":{"type":"open","material":"metal","automatic":false},"name":null,"alt_name":null,"display_point":{"type":"Point","coordinates":[30.381471367245741,60.007288512132057]},"level_id":"b845a4e7-41e8-4402-9c9f-332482da8aa2"}},{"id":"e53f157c-da0c-43bb-989e-ab64f9a02e94","type":"Feature","feature_type":"opening","geometry":{"type":"LineString","coordinates":[[30.381334795592615,60.007283080743477],[30.381353545014413,60.007279917144885]]},"properties":{"category":"automobile","unit_categoty":"classroom","unit_restriction":null,"accessibility":null,"access_control":null,"door":{"type":"open","material":"metal","automatic":false},"name":null,"alt_name":null,"display_point":{"type":"Point","coordinates":[30.381334795592615,60.007283080743477]},"level_id":"b845a4e7-41e8-4402-9c9f-332482da8aa2"}},{"id":"187c7c68-000f-45bb-a538-646dd252cfed","type":"Feature","feature_type":"opening","geometry":{"type":"LineString","coordinates":[[30.381211438976312,60.007332369702866],[30.381230188418009,60.007329206378721]]},"properties":{"category":"automobile","unit_categoty":"classroom","unit_restriction":null,"accessibility":null,"access_control":null,"door":{"type":"open","material":"metal","automatic":false},"name":null,"alt_name":null,"display_point":{"type":"Point","coordinates":[30.381211438976312,60.007332369702866]},"level_id":"b845a4e7-41e8-4402-9c9f-332482da8aa2"}},{"id":"86efcf34-a3b5-4e2a-8837-e6eb0135bd51","type":"Feature","feature_type":"opening","geometry":{"type":"LineString","coordinates":[[30.381189917229737,60.0073075258344],[30.381208666665394,60.007304362235807]]},"properties":{"category":"automobile","unit_categoty":"classroom","unit_restriction":null,"accessibility":null,"access_control":null,"door":{"type":"open","material":"metal","automatic":false},"name":null,"alt_name":null,"display_point":{"type":"Point","coordinates":[30.381189917229737,60.0073075258344]},"level_id":"b845a4e7-41e8-4402-9c9f-332482da8aa2"}},{"id":"d3547d83-0c7b-4ad8-b1ba-06743d2f2a4e","type":"Feature","feature_type":"opening","geometry":{"type":"LineString","coordinates":[[30.3816205066661,60.007263347979084],[30.381639255519648,60.007260184380492]]},"properties":{"category":"automobile","unit_categoty":"classroom","unit_restriction":null,"accessibility":null,"access_control":null,"door":{"type":"open","material":"metal","automatic":false},"name":null,"alt_name":null,"display_point":{"type":"Point","coordinates":[30.3816205066661,60.007263347979084]},"level_id":"b845a4e7-41e8-4402-9c9f-332482da8aa2"}},{"id":"0ebd1cce-1856-4585-94fa-3445122e3e59","type":"Feature","feature_type":"opening","geometry":{"type":"LineString","coordinates":[[30.38192730646146,60.007211581823469],[30.381946055285663,60.007208418224877]]},"properties":{"category":"automobile","unit_categoty":"classroom","unit_restriction":null,"accessibility":null,"access_control":null,"door":{"type":"open","material":"metal","automatic":false},"name":null,"alt_name":null,"display_point":{"type":"Point","coordinates":[30.38192730646146,60.007211581823469]},"level_id":"b845a4e7-41e8-4402-9c9f-332482da8aa2"}},{"id":"947c3376-0090-406f-aff3-0e16261eb764","type":"Feature","feature_type":"opening","geometry":{"type":"LineString","coordinates":[[30.3820125287246,60.007197202229072],[30.382031277540651,60.00719403863048]]},"properties":{"category":"automobile","unit_categoty":"classroom","unit_restriction":null,"accessibility":null,"access_control":null,"door":{"type":"open","material":"metal","automatic":false},"name":null,"alt_name":null,"display_point":{"type":"Point","coordinates":[30.3820125287246,60.007197202229072]},"level_id":"b845a4e7-41e8-4402-9c9f-332482da8aa2"}},{"id":"f95d0652-e2bd-4e74-b5a4-1c15ff8c615b","type":"Feature","feature_type":"opening","geometry":{"type":"LineString","coordinates":[[30.382229844586782,60.007160534455465],[30.382248593931038,60.007157370856874]]},"properties":{"category":"automobile","unit_categoty":"classroom","unit_restriction":null,"accessibility":null,"access_control":null,"door":{"type":"open","material":"metal","automatic":false},"name":null,"alt_name":null,"display_point":{"type":"Point","coordinates":[30.382229844586782,60.007160534455465]},"level_id":"b845a4e7-41e8-4402-9c9f-332482da8aa2"}},{"id":"b8a133d0-be87-4e27-9722-96c83093a129","type":"Feature","feature_type":"opening","geometry":{"type":"LineString","coordinates":[[30.381850390039581,60.00719608438947],[30.381869139412061,60.007192920790878]]},"properties":{"category":"automobile","unit_categoty":"classroom","unit_restriction":null,"accessibility":null,"access_control":null,"door":{"type":"open","material":"metal","automatic":false},"name":null,"alt_name":null,"display_point":{"type":"Point","coordinates":[30.381850390039581,60.00719608438947]},"level_id":"b845a4e7-41e8-4402-9c9f-332482da8aa2"}},{"id":"9e43ce48-1ae4-4cdc-8c54-d7f149b63aff","type":"Feature","feature_type":"opening","geometry":{"type":"LineString","coordinates":[[30.381952657076429,60.00717882909575],[30.381971405890134,60.007175665497158]]},"properties":{"category":"automobile","unit_categoty":"classroom","unit_restriction":null,"accessibility":null,"access_control":null,"door":{"type":"open","material":"metal","automatic":false},"name":null,"alt_name":null,"display_point":{"type":"Point","coordinates":[30.381952657076429,60.00717882909575]},"level_id":"b845a4e7-41e8-4402-9c9f-332482da8aa2"}},{"id":"45e7c50b-deba-4283-89e3-b1c2f7ad9c2d","type":"Feature","feature_type":"opening","geometry":{"type":"LineString","coordinates":[[30.382106056708139,60.007152945880719],[30.382124805507171,60.007149782282127]]},"properties":{"category":"automobile","unit_categoty":"classroom","unit_restriction":null,"accessibility":null,"access_control":null,"door":{"type":"open","material":"metal","automatic":false},"name":null,"alt_name":null,"display_point":{"type":"Point","coordinates":[30.382106056708139,60.007152945880719]},"level_id":"b845a4e7-41e8-4402-9c9f-332482da8aa2"}},{"id":"fd438455-26f9-4d1e-9b8c-1fb237aec4eb","type":"Feature","feature_type":"opening","geometry":{"type":"LineString","coordinates":[[30.380682519189687,60.007350425845082],[30.380699564064567,60.007347549871312]]},"properties":{"category":"automobile","unit_categoty":"classroom","unit_restriction":"restricted","accessibility":null,"access_control":null,"door":{"type":"open","material":"metal","automatic":false},"name":null,"alt_name":null,"display_point":{"type":"Point","coordinates":[30.380682519189687,60.007350425845082]},"level_id":"b845a4e7-41e8-4402-9c9f-332482da8aa2"}},{"id":"d60298df-82d6-4733-8657-da8a48e17952","type":"Feature","feature_type":"opening","geometry":{"type":"LineString","coordinates":[[30.380863617615631,60.0073198692756],[30.380880661925776,60.007316993301828]]},"properties":{"category":"automobile","unit_categoty":"classroom","unit_restriction":"restricted","accessibility":null,"access_control":null,"door":{"type":"open","material":"metal","automatic":false},"name":null,"alt_name":null,"display_point":{"type":"Point","coordinates":[30.380863617615631,60.0073198692756]},"level_id":"b845a4e7-41e8-4402-9c9f-332482da8aa2"}},{"id":"5285f529-37ec-462c-806f-d09fa630f37a","type":"Feature","feature_type":"opening","geometry":{"type":"LineString","coordinates":[[30.38090420583697,60.007327258598792],[30.380898452729515,60.00731873771344]]},"properties":{"category":"automobile","unit_categoty":"classroom","unit_restriction":"restricted","accessibility":null,"access_control":null,"door":{"type":"open","material":"metal","automatic":false},"name":null,"alt_name":null,"display_point":{"type":"Point","coordinates":[30.38090420583697,60.007327258598792]},"level_id":"b845a4e7-41e8-4402-9c9f-332482da8aa2"}},{"id":"3bf99eb6-0569-4d3a-9789-cdc8702a9817","type":"Feature","feature_type":"opening","geometry":{"type":"LineString","coordinates":[[30.380967180834702,60.007473246858716],[30.380984225728859,60.007470370884946]]},"properties":{"category":"automobile","unit_categoty":"classroom","unit_restriction":"restricted","accessibility":null,"access_control":null,"door":{"type":"open","material":"metal","automatic":false},"name":null,"alt_name":null,"display_point":{"type":"Point","coordinates":[30.380967180834702,60.007473246858716]},"level_id":"b845a4e7-41e8-4402-9c9f-332482da8aa2"}},{"id":"f794ff63-a073-4630-9668-7ca49e11dcd0","type":"Feature","feature_type":"opening","geometry":{"type":"LineString","coordinates":[[30.380786082585658,60.0075038034282],[30.380803127495565,60.00750092745443]]},"properties":{"category":"automobile","unit_categoty":"classroom","unit_restriction":"restricted","accessibility":null,"access_control":null,"door":{"type":"open","material":"metal","automatic":false},"name":null,"alt_name":null,"display_point":{"type":"Point","coordinates":[30.380786082585658,60.0075038034282]},"level_id":"b845a4e7-41e8-4402-9c9f-332482da8aa2"}},{"id":"966b9c1d-0be6-48f9-9312-69e5461c6c4b","type":"Feature","feature_type":"opening","geometry":{"type":"LineString","coordinates":[[30.38086289134327,60.007505081272832],[30.380857137676674,60.007496560387473]]},"properties":{"category":"automobile","unit_categoty":"classroom","unit_restriction":"restricted","accessibility":null,"access_control":null,"door":{"type":"open","material":"metal","automatic":false},"name":null,"alt_name":null,"display_point":{"type":"Point","coordinates":[30.38086289134327,60.007505081272832]},"level_id":"b845a4e7-41e8-4402-9c9f-332482da8aa2"}},{"id":"757557ce-800d-4fa0-b290-d5ee6a37b60b","type":"Feature","feature_type":"opening","geometry":{"type":"LineString","coordinates":[[30.382668195419157,60.007015382722706],[30.382686944152312,60.007012219124107]]},"properties":{"category":"automobile","unit_categoty":"classroom","unit_restriction":"restricted","accessibility":null,"access_control":null,"door":{"type":"open","material":"metal","automatic":false},"name":null,"alt_name":null,"display_point":{"type":"Point","coordinates":[30.382668195419157,60.007015382722706]},"level_id":"b845a4e7-41e8-4402-9c9f-332482da8aa2"}},{"id":"42b41f06-bf0f-493c-894c-dfcdd060de15","type":"Feature","feature_type":"opening","geometry":{"type":"LineString","coordinates":[[30.382511633986176,60.007092818021434],[30.382503003496524,60.007080036556175]]},"properties":{"category":"automobile","unit_categoty":"auditorium","unit_restriction":null,"accessibility":null,"access_control":null,"door":{"type":"open","material":"metal","automatic":false},"name":null,"alt_name":null,"display_point":{"type":"Point","coordinates":[30.382511633986176,60.007092818021434]},"level_id":"b845a4e7-41e8-4402-9c9f-332482da8aa2"}},{"id":"fe3d59c4-14fa-44c1-851c-4adacbbe0efa","type":"Feature","feature_type":"opening","geometry":{"type":"LineString","coordinates":[[30.38273778268919,60.007188731568277],[30.382731453365736,60.0071793587865]]},"properties":{"category":"automobile","unit_categoty":"classroom","unit_restriction":"restricted","accessibility":null,"access_control":null,"door":{"type":"open","material":"metal","automatic":false},"name":null,"alt_name":null,"display_point":{"type":"Point","coordinates":[30.38273778268919,60.007188731568277]},"level_id":"b845a4e7-41e8-4402-9c9f-332482da8aa2"}},{"id":"6206224b-f9f4-4c70-b8b1-e6fcc237765d","type":"Feature","feature_type":"opening","geometry":{"type":"LineString","coordinates":[[30.382778154122551,60.007167681712737],[30.382796903442607,60.007164518114145]]},"properties":{"category":"automobile","unit_categoty":"classroom","unit_restriction":"restricted","accessibility":null,"access_control":null,"door":{"type":"open","material":"metal","automatic":false},"name":null,"alt_name":null,"display_point":{"type":"Point","coordinates":[30.382778154122551,60.007167681712737]},"level_id":"b845a4e7-41e8-4402-9c9f-332482da8aa2"}},{"id":"c39cfbde-c408-4d93-a03a-1efb906526c4","type":"Feature","feature_type":"opening","geometry":{"type":"LineString","coordinates":[[30.381106403863427,60.0073595842805],[30.381123448173248,60.00735670830673]]},"properties":{"category":"automobile","unit_categoty":"restroom.female","unit_restriction":null,"accessibility":null,"access_control":null,"door":{"type":"open","material":"metal","automatic":false},"name":null,"alt_name":null,"display_point":{"type":"Point","coordinates":[30.381106403863427,60.0073595842805]},"level_id":"b845a4e7-41e8-4402-9c9f-332482da8aa2"}},{"id":"37420ecb-6032-4305-bf99-3e016437b48a","type":"Feature","feature_type":"opening","geometry":{"type":"LineString","coordinates":[[30.3823506483105,60.007149643135385],[30.382367692512123,60.007146767161615]]},"properties":{"category":"automobile","unit_categoty":"restroom.male","unit_restriction":null,"accessibility":null,"access_control":null,"door":{"type":"open","material":"metal","automatic":false},"name":null,"alt_name":null,"display_point":{"type":"Point","coordinates":[30.3823506483105,60.007149643135385]},"level_id":"b845a4e7-41e8-4402-9c9f-332482da8aa2"}},{"id":"bfd17932-1eb3-4c72-8d32-009985e78e6b","type":"Feature","feature_type":"opening","geometry":{"type":"LineString","coordinates":[[30.380925781924653,60.007359212399166],[30.380920028811612,60.00735069123936]]},"properties":{"category":"automobile","unit_categoty":"auditorium","unit_restriction":null,"accessibility":null,"access_control":null,"door":{"type":"open","material":"metal","automatic":false},"name":null,"alt_name":null,"display_point":{"type":"Point","coordinates":[30.380925781924653,60.007359212399166]},"level_id":"b845a4e7-41e8-4402-9c9f-332482da8aa2"}},{"id":"ac417c16-51fe-4ff4-b95e-f4184a2836c5","type":"Feature","feature_type":"opening","geometry":{"type":"LineString","coordinates":[[30.381601115389191,60.007238144579588],[30.381619864236523,60.007234980980996]]},"properties":{"category":"automobile","unit_categoty":"classroom","unit_restriction":null,"accessibility":null,"access_control":null,"door":{"type":"open","material":"metal","automatic":false},"name":null,"alt_name":null,"display_point":{"type":"Point","coordinates":[30.381601115389191,60.007238144579588]},"level_id":"b845a4e7-41e8-4402-9c9f-332482da8aa2"}},{"id":"427dedeb-9030-42a3-9ecc-2bf77e384140","type":"Feature","feature_type":"opening","geometry":{"type":"LineString","coordinates":[[30.38165011810452,60.007229876463761],[30.381668866947166,60.007226712865169]]},"properties":{"category":"automobile","unit_categoty":"classroom","unit_restriction":null,"accessibility":null,"access_control":null,"door":{"type":"open","material":"metal","automatic":false},"name":null,"alt_name":null,"display_point":{"type":"Point","coordinates":[30.38165011810452,60.007229876463761]},"level_id":"b845a4e7-41e8-4402-9c9f-332482da8aa2"}},{"id":"cd66f580-0163-4d48-9a40-3a514ba60bec","type":"Feature","feature_type":"opening","geometry":{"type":"LineString","coordinates":[[30.381756645895184,60.007211901833529],[30.381775394727665,60.007208738509391]]},"properties":{"category":"automobile","unit_categoty":"classroom","unit_restriction":null,"accessibility":null,"access_control":null,"door":{"type":"open","material":"metal","automatic":false},"name":null,"alt_name":null,"display_point":{"type":"Point","coordinates":[30.381756645895184,60.007211901833529]},"level_id":"b845a4e7-41e8-4402-9c9f-332482da8aa2"}},{"id":"d9c4fca0-c719-455d-9ab7-d3181c3d9dac","type":"Feature","feature_type":"opening","geometry":{"type":"LineString","coordinates":[[30.382263717407145,60.007126343878085],[30.382282466191096,60.007123180279493]]},"properties":{"category":"automobile","unit_categoty":"classroom","unit_restriction":"restricted","accessibility":null,"access_control":null,"door":{"type":"open","material":"metal","automatic":false},"name":null,"alt_name":null,"display_point":{"type":"Point","coordinates":[30.382263717407145,60.007126343878085]},"level_id":"b845a4e7-41e8-4402-9c9f-332482da8aa2"}},{"id":"4de3036d-fea4-4fd3-876b-e6e5216926f8","type":"Feature","feature_type":"opening","geometry":{"type":"LineString","coordinates":[[30.382484872936573,60.007126995425153],[30.382503621710132,60.007123831826561]]},"properties":{"category":"automobile","unit_categoty":"classroom","unit_restriction":null,"accessibility":null,"access_control":null,"door":{"type":"open","material":"metal","automatic":false},"name":null,"alt_name":null,"display_point":{"type":"Point","coordinates":[30.382484872936573,60.007126995425153]},"level_id":"b845a4e7-41e8-4402-9c9f-332482da8aa2"}},{"id":"1f8d8bbf-dcf5-4cbe-897b-d31746504185","type":"Feature","feature_type":"opening","geometry":{"type":"LineString","coordinates":[[30.381140914948375,60.007315794224681],[30.381159663839728,60.007312630626089]]},"properties":{"category":"automobile","unit_categoty":"administration","unit_restriction":null,"accessibility":null,"access_control":null,"door":{"type":"open","material":"metal","automatic":false},"name":null,"alt_name":null,"display_point":{"type":"Point","coordinates":[30.381140914948375,60.007315794224681]},"level_id":"b845a4e7-41e8-4402-9c9f-332482da8aa2"}},{"id":"743986a0-842c-4d6b-bda3-eec294392ae6","type":"Feature","feature_type":"opening","geometry":{"type":"LineString","coordinates":[[30.381033964294904,60.007371806963185],[30.381052713756244,60.007368643364593]]},"properties":{"category":"automobile","unit_categoty":"classroom","unit_restriction":null,"accessibility":null,"access_control":null,"door":{"type":"open","material":"metal","automatic":false},"name":null,"alt_name":null,"display_point":{"type":"Point","coordinates":[30.381033964294904,60.007371806963185]},"level_id":"b845a4e7-41e8-4402-9c9f-332482da8aa2"}},{"id":"0c07525a-0ac2-4027-a51c-0b50edbf4bbf","type":"Feature","feature_type":"opening","geometry":{"type":"LineString","coordinates":[[30.380937018684069,60.007340705608129],[30.380955768141227,60.007337542009537]]},"properties":{"category":"automobile","unit_categoty":"classroom","unit_restriction":null,"accessibility":null,"access_control":null,"door":{"type":"open","material":"metal","automatic":false},"name":null,"alt_name":null,"display_point":{"type":"Point","coordinates":[30.380937018684069,60.007340705608129]},"level_id":"b845a4e7-41e8-4402-9c9f-332482da8aa2"}},{"id":"e8cc16c2-50b3-4ea3-b113-1ce020c4630e","type":"Feature","feature_type":"opening","geometry":{"type":"LineString","coordinates":[[30.382587899938624,60.007022998742563],[30.38258157120119,60.007013625411886]]},"properties":{"category":"automobile","unit_categoty":"classroom","unit_restriction":"restricted","accessibility":null,"access_control":null,"door":{"type":"open","material":"metal","automatic":false},"name":null,"alt_name":null,"display_point":{"type":"Point","coordinates":[30.382587899938624,60.007022998742563]},"level_id":"b845a4e7-41e8-4402-9c9f-332482da8aa2"}},{"id":"64ca4e6f-b26d-4f29-ac02-efe943e4a09d","type":"Feature","feature_type":"opening","geometry":{"type":"LineString","coordinates":[[30.381078018093394,60.00731691480879],[30.381095062942471,60.007314039109474]]},"properties":{"category":"automobile","unit_categoty":"stairs","unit_restriction":null,"accessibility":null,"access_control":null,"door":{"type":"open","material":"metal","automatic":false},"name":null,"alt_name":null,"display_point":{"type":"Point","coordinates":[30.381078018093394,60.00731691480879]},"level_id":"b845a4e7-41e8-4402-9c9f-332482da8aa2"}},{"id":"57399811-fb91-4c66-965d-43aad30b5859","type":"Feature","feature_type":"opening","geometry":{"type":"LineString","coordinates":[[30.382321879737603,60.0071070381597],[30.382338923929495,60.007104162185932]]},"properties":{"category":"automobile","unit_categoty":"stairs","unit_restriction":null,"accessibility":null,"access_control":null,"door":{"type":"open","material":"metal","automatic":false},"name":null,"alt_name":null,"display_point":{"type":"Point","coordinates":[30.382321879737603,60.0071070381597]},"level_id":"b845a4e7-41e8-4402-9c9f-332482da8aa2"}},{"id":"f716bd3d-f62e-4e30-9f38-4f62bbd4ccec","type":"Feature","feature_type":"opening","geometry":{"type":"LineString","coordinates":[[30.38171148226807,60.00725748981894],[30.381728527074266,60.00725461384517]]},"properties":{"category":"automobile","unit_categoty":"elevator","unit_restriction":null,"accessibility":null,"access_control":null,"door":{"type":"open","material":"metal","automatic":false},"name":null,"alt_name":null,"display_point":{"type":"Point","coordinates":[30.38171148226807,60.00725748981894]},"level_id":"b845a4e7-41e8-4402-9c9f-332482da8aa2"}},{"id":"921d9785-2149-49d9-8fad-b90ad60dc9eb","type":"Feature","feature_type":"opening","geometry":{"type":"LineString","coordinates":[[30.381745571329986,60.0072517378714],[30.381762615584229,60.007248861897629]]},"properties":{"category":"automobile","unit_categoty":"elevator","unit_restriction":null,"accessibility":null,"access_control":null,"door":{"type":"open","material":"metal","automatic":false},"name":null,"alt_name":null,"display_point":{"type":"Point","coordinates":[30.381745571329986,60.0072517378714]},"level_id":"b845a4e7-41e8-4402-9c9f-332482da8aa2"}},{"id":"27424ec1-be4d-43da-b0bf-d3d5f4fe0542","type":"Feature","feature_type":"opening","geometry":{"type":"LineString","coordinates":[[30.381767248811709,60.007240961271911],[30.381804747039279,60.00723463407472]]},"properties":{"category":"automobile","unit_categoty":"stairs","unit_restriction":null,"accessibility":null,"access_control":null,"door":{"type":"open","material":"metal","automatic":false},"name":null,"alt_name":null,"display_point":{"type":"Point","coordinates":[30.381767248811709,60.007240961271911]},"level_id":"b845a4e7-41e8-4402-9c9f-332482da8aa2"}},{"id":"5d87e70d-69a5-4119-9deb-2cf5986262f9","type":"Feature","feature_type":"opening","geometry":{"type":"LineString","coordinates":[[30.381660721526092,60.007258935627682],[30.381698219225076,60.007252608704952]]},"properties":{"category":"automobile","unit_categoty":"stairs","unit_restriction":null,"accessibility":null,"access_control":null,"door":{"type":"open","material":"metal","automatic":false},"name":null,"alt_name":null,"display_point":{"type":"Point","coordinates":[30.381660721526092,60.007258935627682]},"level_id":"b845a4e7-41e8-4402-9c9f-332482da8aa2"}},{"id":"18c8cb29-e8db-4466-a704-9ed6aa70a7a3","type":"Feature","feature_type":"opening","geometry":{"type":"LineString","coordinates":[[30.3807919445502,60.007526543902927],[30.380808988916716,60.007523667929156]]},"properties":{"category":"automobile","unit_categoty":"stairs","unit_restriction":null,"accessibility":null,"access_control":null,"door":{"type":"open","material":"metal","automatic":false},"name":null,"alt_name":null,"display_point":{"type":"Point","coordinates":[30.3807919445502,60.007526543902927]},"level_id":"b845a4e7-41e8-4402-9c9f-332482da8aa2"}},{"id":"15600be5-0380-483e-ad19-093f0e4e56aa","type":"Feature","feature_type":"opening","geometry":{"type":"LineString","coordinates":[[30.382802987307496,60.007187221537961],[30.38282173608291,60.007184057939369]]},"properties":{"category":"automobile","unit_categoty":"stairs","unit_restriction":null,"accessibility":null,"access_control":null,"door":{"type":"open","material":"metal","automatic":false},"name":null,"alt_name":null,"display_point":{"type":"Point","coordinates":[30.382802987307496,60.007187221537961]},"level_id":"b845a4e7-41e8-4402-9c9f-332482da8aa2"}},{"id":"c27513aa-febc-4d72-8a5a-25c4c2a6b199","type":"Feature","feature_type":"opening","geometry":{"type":"LineString","coordinates":[[30.38149245691196,60.007256478466395],[30.381511206318677,60.0072533148678]]},"properties":{"category":"automobile","unit_categoty":"classroom","unit_restriction":null,"accessibility":null,"access_control":null,"door":{"type":"open","material":"metal","automatic":false},"name":null,"alt_name":null,"display_point":{"type":"Point","coordinates":[30.38149245691196,60.007256478466395]},"level_id":"8e898ea9-0274-43af-bdf3-a3852cbb9b66"}},{"id":"4ce8d04f-0ba7-4859-8875-bd5c38f31a13","type":"Feature","feature_type":"opening","geometry":{"type":"LineString","coordinates":[[30.381471367245741,60.007288512132057],[30.381490116662576,60.007285348807919]]},"properties":{"category":"automobile","unit_categoty":"classroom","unit_restriction":null,"accessibility":null,"access_control":null,"door":{"type":"open","material":"metal","automatic":false},"name":null,"alt_name":null,"display_point":{"type":"Point","coordinates":[30.381471367245741,60.007288512132057]},"level_id":"8e898ea9-0274-43af-bdf3-a3852cbb9b66"}},{"id":"877460f1-3b5d-431c-9d5b-326b76767530","type":"Feature","feature_type":"opening","geometry":{"type":"LineString","coordinates":[[30.381211438976312,60.007332369702866],[30.381230188418009,60.007329206378721]]},"properties":{"category":"automobile","unit_categoty":"auditorium","unit_restriction":"restricted","accessibility":null,"access_control":null,"door":{"type":"open","material":"metal","automatic":false},"name":null,"alt_name":null,"display_point":{"type":"Point","coordinates":[30.381211438976312,60.007332369702866]},"level_id":"8e898ea9-0274-43af-bdf3-a3852cbb9b66"}},{"id":"1ea5f6c5-27ef-4b44-8b60-a10bc8bebc3c","type":"Feature","feature_type":"opening","geometry":{"type":"LineString","coordinates":[[30.381189917229737,60.0073075258344],[30.381208666665394,60.007304362235807]]},"properties":{"category":"automobile","unit_categoty":"classroom","unit_restriction":null,"accessibility":null,"access_control":null,"door":{"type":"open","material":"metal","automatic":false},"name":null,"alt_name":null,"display_point":{"type":"Point","coordinates":[30.381189917229737,60.0073075258344]},"level_id":"8e898ea9-0274-43af-bdf3-a3852cbb9b66"}},{"id":"f72c767e-bb3f-4809-8b60-7ffda51a6485","type":"Feature","feature_type":"opening","geometry":{"type":"LineString","coordinates":[[30.381138783793503,60.007316153481256],[30.381157533234077,60.007312990157118]]},"properties":{"category":"automobile","unit_categoty":"classroom","unit_restriction":null,"accessibility":null,"access_control":null,"door":{"type":"open","material":"metal","automatic":false},"name":null,"alt_name":null,"display_point":{"type":"Point","coordinates":[30.381138783793503,60.007316153481256]},"level_id":"8e898ea9-0274-43af-bdf3-a3852cbb9b66"}},{"id":"aab42bc4-55b3-494f-afa0-ad2fb90ba097","type":"Feature","feature_type":"opening","geometry":{"type":"LineString","coordinates":[[30.3816205066661,60.007263347979084],[30.381639255519648,60.007260184380492]]},"properties":{"category":"automobile","unit_categoty":"classroom","unit_restriction":null,"accessibility":null,"access_control":null,"door":{"type":"open","material":"metal","automatic":false},"name":null,"alt_name":null,"display_point":{"type":"Point","coordinates":[30.3816205066661,60.007263347979084]},"level_id":"8e898ea9-0274-43af-bdf3-a3852cbb9b66"}},{"id":"c9b0cdce-8e62-4247-9e01-6e600f81bcbc","type":"Feature","feature_type":"opening","geometry":{"type":"LineString","coordinates":[[30.381515525238449,60.007297672214179],[30.381509771505822,60.00728915132882]]},"properties":{"category":"automobile","unit_categoty":"classroom","unit_restriction":null,"accessibility":null,"access_control":null,"door":{"type":"open","material":"metal","automatic":false},"name":null,"alt_name":null,"display_point":{"type":"Point","coordinates":[30.381515525238449,60.007297672214179]},"level_id":"8e898ea9-0274-43af-bdf3-a3852cbb9b66"}},{"id":"dbb58269-ae7b-4797-b17f-f9edf3ef39b3","type":"Feature","feature_type":"opening","geometry":{"type":"LineString","coordinates":[[30.381923045264962,60.00721230061108],[30.381941794638564,60.007209137012481]]},"properties":{"category":"automobile","unit_categoty":"classroom","unit_restriction":null,"accessibility":null,"access_control":null,"door":{"type":"open","material":"metal","automatic":false},"name":null,"alt_name":null,"display_point":{"type":"Point","coordinates":[30.381923045264962,60.00721230061108]},"level_id":"8e898ea9-0274-43af-bdf3-a3852cbb9b66"}},{"id":"01014cf1-88ce-4f69-9d77-f53ea93c0f2a","type":"Feature","feature_type":"opening","geometry":{"type":"LineString","coordinates":[[30.382033834147364,60.0071936074677],[30.382052582961379,60.007190443869106]]},"properties":{"category":"automobile","unit_categoty":"classroom","unit_restriction":null,"accessibility":null,"access_control":null,"door":{"type":"open","material":"metal","automatic":false},"name":null,"alt_name":null,"display_point":{"type":"Point","coordinates":[30.382033834147364,60.0071936074677]},"level_id":"8e898ea9-0274-43af-bdf3-a3852cbb9b66"}},{"id":"618a9f23-813e-4092-93b8-8a2efec84b97","type":"Feature","feature_type":"opening","geometry":{"type":"LineString","coordinates":[[30.382229844586782,60.007160534455465],[30.382248593931038,60.007157370856874]]},"properties":{"category":"automobile","unit_categoty":"classroom","unit_restriction":null,"accessibility":null,"access_control":null,"door":{"type":"open","material":"metal","automatic":false},"name":null,"alt_name":null,"display_point":{"type":"Point","coordinates":[30.382229844586782,60.007160534455465]},"level_id":"8e898ea9-0274-43af-bdf3-a3852cbb9b66"}},{"id":"bde79d92-9831-42c6-bb3b-d677bdcb6ccf","type":"Feature","feature_type":"opening","geometry":{"type":"LineString","coordinates":[[30.382280978309396,60.007151906808609],[30.382299727099767,60.007148743210017]]},"properties":{"category":"automobile","unit_categoty":"classroom","unit_restriction":null,"accessibility":null,"access_control":null,"door":{"type":"open","material":"metal","automatic":false},"name":null,"alt_name":null,"display_point":{"type":"Point","coordinates":[30.382280978309396,60.007151906808609]},"level_id":"8e898ea9-0274-43af-bdf3-a3852cbb9b66"}},{"id":"c0f1e2a7-a6ef-4516-8aba-09c077c5cca2","type":"Feature","feature_type":"opening","geometry":{"type":"LineString","coordinates":[[30.381833291263369,60.00719185070578],[30.381826962616714,60.0071824773751]]},"properties":{"category":"automobile","unit_categoty":"classroom","unit_restriction":null,"accessibility":null,"access_control":null,"door":{"type":"open","material":"metal","automatic":false},"name":null,"alt_name":null,"display_point":{"type":"Point","coordinates":[30.381833291263369,60.00719185070578]},"level_id":"8e898ea9-0274-43af-bdf3-a3852cbb9b66"}},{"id":"15fbbcf1-bf1b-445e-b3b9-0f83fdf222b8","type":"Feature","feature_type":"opening","geometry":{"type":"LineString","coordinates":[[30.381952657076429,60.00717882909575],[30.381971405890134,60.007175665497158]]},"properties":{"category":"automobile","unit_categoty":"administration","unit_restriction":null,"accessibility":null,"access_control":null,"door":{"type":"open","material":"metal","automatic":false},"name":null,"alt_name":null,"display_point":{"type":"Point","coordinates":[30.381952657076429,60.00717882909575]},"level_id":"8e898ea9-0274-43af-bdf3-a3852cbb9b66"}},{"id":"15223c42-c30d-4681-be13-272c85ac95b0","type":"Feature","feature_type":"opening","geometry":{"type":"LineString","coordinates":[[30.382106056708139,60.007152945880719],[30.382124805507171,60.007149782282127]]},"properties":{"category":"automobile","unit_categoty":"classroom","unit_restriction":null,"accessibility":null,"access_control":null,"door":{"type":"open","material":"metal","automatic":false},"name":null,"alt_name":null,"display_point":{"type":"Point","coordinates":[30.382106056708139,60.007152945880719]},"level_id":"8e898ea9-0274-43af-bdf3-a3852cbb9b66"}},{"id":"884be37c-15b9-4b1d-ac0e-4f474be33ee4","type":"Feature","feature_type":"opening","geometry":{"type":"LineString","coordinates":[[30.382664787094829,60.007221218352818],[30.382683535886489,60.007218054754226]]},"properties":{"category":"automobile","unit_categoty":"auditorium","unit_restriction":null,"accessibility":null,"access_control":null,"door":{"type":"open","material":"metal","automatic":false},"name":null,"alt_name":null,"display_point":{"type":"Point","coordinates":[30.382664787094829,60.007221218352818]},"level_id":"8e898ea9-0274-43af-bdf3-a3852cbb9b66"}},{"id":"6612c411-aab8-4f14-be4a-b563b6180a45","type":"Feature","feature_type":"opening","geometry":{"type":"LineString","coordinates":[[30.381106403863427,60.0073595842805],[30.381123448173248,60.00735670830673]]},"properties":{"category":"automobile","unit_categoty":"restroom.female","unit_restriction":null,"accessibility":null,"access_control":null,"door":{"type":"open","material":"metal","automatic":false},"name":null,"alt_name":null,"display_point":{"type":"Point","coordinates":[30.381106403863427,60.0073595842805]},"level_id":"8e898ea9-0274-43af-bdf3-a3852cbb9b66"}},{"id":"b6e1fd13-2f8f-4d62-a4be-a37283c6731e","type":"Feature","feature_type":"opening","geometry":{"type":"LineString","coordinates":[[30.3823506483105,60.007149643135385],[30.382367692512123,60.007146767161615]]},"properties":{"category":"automobile","unit_categoty":"restroom.male","unit_restriction":null,"accessibility":null,"access_control":null,"door":{"type":"open","material":"metal","automatic":false},"name":null,"alt_name":null,"display_point":{"type":"Point","coordinates":[30.3823506483105,60.007149643135385]},"level_id":"8e898ea9-0274-43af-bdf3-a3852cbb9b66"}},{"id":"c95a9b02-b36a-4748-bae9-111bec88f757","type":"Feature","feature_type":"opening","geometry":{"type":"LineString","coordinates":[[30.38165011810452,60.007229876463761],[30.381668866947166,60.007226712865169]]},"properties":{"category":"automobile","unit_categoty":"classroom","unit_restriction":null,"accessibility":null,"access_control":null,"door":{"type":"open","material":"metal","automatic":false},"name":null,"alt_name":null,"display_point":{"type":"Point","coordinates":[30.38165011810452,60.007229876463761]},"level_id":"8e898ea9-0274-43af-bdf3-a3852cbb9b66"}},{"id":"757de666-44b3-4ca5-b326-55cbb0d9539a","type":"Feature","feature_type":"opening","geometry":{"type":"LineString","coordinates":[[30.381756645895184,60.007211901833529],[30.381775394727665,60.007208738509391]]},"properties":{"category":"automobile","unit_categoty":"classroom","unit_restriction":null,"accessibility":null,"access_control":null,"door":{"type":"open","material":"metal","automatic":false},"name":null,"alt_name":null,"display_point":{"type":"Point","coordinates":[30.381756645895184,60.007211901833529]},"level_id":"8e898ea9-0274-43af-bdf3-a3852cbb9b66"}},{"id":"fe24d9c6-b139-4024-a5c1-edd06c4e3316","type":"Feature","feature_type":"opening","geometry":{"type":"LineString","coordinates":[[30.381794996127219,60.007205431098384],[30.381813744956006,60.007202267499792]]},"properties":{"category":"automobile","unit_categoty":"classroom","unit_restriction":null,"accessibility":null,"access_control":null,"door":{"type":"open","material":"metal","automatic":false},"name":null,"alt_name":null,"display_point":{"type":"Point","coordinates":[30.381794996127219,60.007205431098384]},"level_id":"8e898ea9-0274-43af-bdf3-a3852cbb9b66"}},{"id":"bdc0cf28-161f-4477-93d5-1574be315e54","type":"Feature","feature_type":"opening","geometry":{"type":"LineString","coordinates":[[30.382267978045384,60.007125624816034],[30.38228672737792,60.007122461217442]]},"properties":{"category":"automobile","unit_categoty":"classroom","unit_restriction":null,"accessibility":null,"access_control":null,"door":{"type":"open","material":"metal","automatic":false},"name":null,"alt_name":null,"display_point":{"type":"Point","coordinates":[30.382267978045384,60.007125624816034]},"level_id":"8e898ea9-0274-43af-bdf3-a3852cbb9b66"}},{"id":"88e0ff4b-4d42-4a53-b93a-9169d9c170f2","type":"Feature","feature_type":"opening","geometry":{"type":"LineString","coordinates":[[30.381454106620733,60.007262949201539],[30.381472856031145,60.007259785877395]]},"properties":{"category":"automobile","unit_categoty":"classroom","unit_restriction":null,"accessibility":null,"access_control":null,"door":{"type":"open","material":"metal","automatic":false},"name":null,"alt_name":null,"display_point":{"type":"Point","coordinates":[30.381454106620733,60.007262949201539]},"level_id":"8e898ea9-0274-43af-bdf3-a3852cbb9b66"}},{"id":"2011cc03-3718-49cc-b342-dba52fb9af19","type":"Feature","feature_type":"opening","geometry":{"type":"LineString","coordinates":[[30.381078018093394,60.00731691480879],[30.381095062942471,60.007314039109474]]},"properties":{"category":"automobile","unit_categoty":"stairs","unit_restriction":null,"accessibility":null,"access_control":null,"door":{"type":"open","material":"metal","automatic":false},"name":null,"alt_name":null,"display_point":{"type":"Point","coordinates":[30.381078018093394,60.00731691480879]},"level_id":"8e898ea9-0274-43af-bdf3-a3852cbb9b66"}},{"id":"a5f02850-a2ed-4d78-ac7d-2b32bc7ad0f1","type":"Feature","feature_type":"opening","geometry":{"type":"LineString","coordinates":[[30.382321879737603,60.0071070381597],[30.382338923929495,60.007104162185932]]},"properties":{"category":"automobile","unit_categoty":"stairs","unit_restriction":null,"accessibility":null,"access_control":null,"door":{"type":"open","material":"metal","automatic":false},"name":null,"alt_name":null,"display_point":{"type":"Point","coordinates":[30.382321879737603,60.0071070381597]},"level_id":"8e898ea9-0274-43af-bdf3-a3852cbb9b66"}},{"id":"4c12a806-8546-4eed-a9aa-bea790e1009d","type":"Feature","feature_type":"opening","geometry":{"type":"LineString","coordinates":[[30.38171148226807,60.00725748981894],[30.381728527074266,60.00725461384517]]},"properties":{"category":"automobile","unit_categoty":"elevator","unit_restriction":null,"accessibility":null,"access_control":null,"door":{"type":"open","material":"metal","automatic":false},"name":null,"alt_name":null,"display_point":{"type":"Point","coordinates":[30.38171148226807,60.00725748981894]},"level_id":"8e898ea9-0274-43af-bdf3-a3852cbb9b66"}},{"id":"38afe2c2-58d7-4013-bde4-9cda7e171d3e","type":"Feature","feature_type":"opening","geometry":{"type":"LineString","coordinates":[[30.381745571329986,60.0072517378714],[30.381762615584229,60.007248861897629]]},"properties":{"category":"automobile","unit_categoty":"elevator","unit_restriction":null,"accessibility":null,"access_control":null,"door":{"type":"open","material":"metal","automatic":false},"name":null,"alt_name":null,"display_point":{"type":"Point","coordinates":[30.381745571329986,60.0072517378714]},"level_id":"8e898ea9-0274-43af-bdf3-a3852cbb9b66"}},{"id":"c4e51c99-6146-402f-a156-62ca9d75305b","type":"Feature","feature_type":"opening","geometry":{"type":"LineString","coordinates":[[30.381767248811709,60.007240961271911],[30.381804747039279,60.00723463407472]]},"properties":{"category":"automobile","unit_categoty":"stairs","unit_restriction":null,"accessibility":null,"access_control":null,"door":{"type":"open","material":"metal","automatic":false},"name":null,"alt_name":null,"display_point":{"type":"Point","coordinates":[30.381767248811709,60.007240961271911]},"level_id":"8e898ea9-0274-43af-bdf3-a3852cbb9b66"}},{"id":"55f17f63-7d2b-4b14-bdcd-61e3d2d040da","type":"Feature","feature_type":"opening","geometry":{"type":"LineString","coordinates":[[30.381660721526092,60.007258935627682],[30.381698219225076,60.007252608704952]]},"properties":{"category":"automobile","unit_categoty":"stairs","unit_restriction":null,"accessibility":null,"access_control":null,"door":{"type":"open","material":"metal","automatic":false},"name":null,"alt_name":null,"display_point":{"type":"Point","coordinates":[30.381660721526092,60.007258935627682]},"level_id":"8e898ea9-0274-43af-bdf3-a3852cbb9b66"}},{"id":"c88d31ff-b7ce-4d3d-89e2-2398a6eb8305","type":"Feature","feature_type":"opening","geometry":{"type":"LineString","coordinates":[[30.380937623385144,60.007513828305946],[30.380954667742074,60.00751095260663]]},"properties":{"category":"automobile","unit_categoty":"auditorium","unit_restriction":"restricted","accessibility":null,"access_control":null,"door":{"type":"open","material":"metal","automatic":false},"name":null,"alt_name":null,"display_point":{"type":"Point","coordinates":[30.380937623385144,60.007513828305946]},"level_id":"8e898ea9-0274-43af-bdf3-a3852cbb9b66"}},{"id":"50d7cc03-2065-4f5b-b8f1-fab16b9ccd4d","type":"Feature","feature_type":"opening","geometry":{"type":"LineString","coordinates":[[30.3807919445502,60.007526543902927],[30.380808988916716,60.007523667929156]]},"properties":{"category":"automobile","unit_categoty":"stairs","unit_restriction":null,"accessibility":null,"access_control":null,"door":{"type":"open","material":"metal","automatic":false},"name":null,"alt_name":null,"display_point":{"type":"Point","coordinates":[30.3807919445502,60.007526543902927]},"level_id":"8e898ea9-0274-43af-bdf3-a3852cbb9b66"}},{"id":"c1a5525f-10eb-42ce-9c7a-f4852ae976b7","type":"Feature","feature_type":"opening","geometry":{"type":"LineString","coordinates":[[30.3809385315687,60.007539777389262],[30.380932778438336,60.0075312565039]]},"properties":{"category":"automobile","unit_categoty":"stairs","unit_restriction":null,"accessibility":null,"access_control":null,"door":{"type":"open","material":"metal","automatic":false},"name":null,"alt_name":null,"display_point":{"type":"Point","coordinates":[30.3809385315687,60.007539777389262]},"level_id":"8e898ea9-0274-43af-bdf3-a3852cbb9b66"}},{"id":"ab4b0fd5-6fa0-4f1c-9e6d-2e0f64eb4625","type":"Feature","feature_type":"opening","geometry":{"type":"LineString","coordinates":[[30.382802987307496,60.007187221537961],[30.38282173608291,60.007184057939369]]},"properties":{"category":"automobile","unit_categoty":"stairs","unit_restriction":null,"accessibility":null,"access_control":null,"door":{"type":"open","material":"metal","automatic":false},"name":null,"alt_name":null,"display_point":{"type":"Point","coordinates":[30.382802987307496,60.007187221537961]},"level_id":"8e898ea9-0274-43af-bdf3-a3852cbb9b66"}},{"id":"1037afe0-8955-4bc3-b82b-c6c70554aa74","type":"Feature","feature_type":"opening","geometry":{"type":"LineString","coordinates":[[30.382710437351179,60.0072396181079],[30.382704108575719,60.007230245326127]]},"properties":{"category":"automobile","unit_categoty":"stairs","unit_restriction":null,"accessibility":null,"access_control":null,"door":{"type":"open","material":"metal","automatic":false},"name":null,"alt_name":null,"display_point":{"type":"Point","coordinates":[30.382710437351179,60.0072396181079]},"level_id":"8e898ea9-0274-43af-bdf3-a3852cbb9b66"}},{"id":"1eade3be-fbc0-4d34-9eae-928f95dc7513","type":"Feature","feature_type":"opening","geometry":{"type":"LineString","coordinates":[[30.381496718115983,60.007255759678792],[30.381515466973305,60.007252596080193]]},"properties":{"category":"automobile","unit_categoty":"auditorium","unit_restriction":null,"accessibility":null,"access_control":null,"door":{"type":"open","material":"metal","automatic":false},"name":null,"alt_name":null,"display_point":{"type":"Point","coordinates":[30.381496718115983,60.007255759678792]},"level_id":"5aae416c-7a1b-4657-83d5-5abc7b959629"}},{"id":"2f249795-583a-4b44-b417-4bc402e57ad7","type":"Feature","feature_type":"opening","geometry":{"type":"LineString","coordinates":[[30.381479889658255,60.007287074282395],[30.381498638525255,60.0072839106838]]},"properties":{"category":"automobile","unit_categoty":"auditorium","unit_restriction":"restricted","accessibility":null,"access_control":null,"door":{"type":"open","material":"metal","automatic":false},"name":null,"alt_name":null,"display_point":{"type":"Point","coordinates":[30.381479889658255,60.007287074282395]},"level_id":"5aae416c-7a1b-4657-83d5-5abc7b959629"}},{"id":"6d8bf04d-a03b-420c-a1ce-2eb8ab989179","type":"Feature","feature_type":"opening","geometry":{"type":"LineString","coordinates":[[30.381211438976312,60.007332369702866],[30.381230188418009,60.007329206378721]]},"properties":{"category":"automobile","unit_categoty":"auditorium","unit_restriction":null,"accessibility":null,"access_control":null,"door":{"type":"open","material":"metal","automatic":false},"name":null,"alt_name":null,"display_point":{"type":"Point","coordinates":[30.381211438976312,60.007332369702866]},"level_id":"5aae416c-7a1b-4657-83d5-5abc7b959629"}},{"id":"f9cf53c9-a690-4de2-97dd-515755ee39b1","type":"Feature","feature_type":"opening","geometry":{"type":"LineString","coordinates":[[30.381373361671294,60.007305048638173],[30.381392110548482,60.007301885039581]]},"properties":{"category":"automobile","unit_categoty":"auditorium","unit_restriction":null,"accessibility":null,"access_control":null,"door":{"type":"open","material":"metal","automatic":false},"name":null,"alt_name":null,"display_point":{"type":"Point","coordinates":[30.381373361671294,60.007305048638173]},"level_id":"5aae416c-7a1b-4657-83d5-5abc7b959629"}},{"id":"662d8e15-f080-4d0c-b2c6-5a837ce27fd8","type":"Feature","feature_type":"opening","geometry":{"type":"LineString","coordinates":[[30.38119417844031,60.007306806772341],[30.381212927875588,60.0073036434482]]},"properties":{"category":"automobile","unit_categoty":"auditorium","unit_restriction":null,"accessibility":null,"access_control":null,"door":{"type":"open","material":"metal","automatic":false},"name":null,"alt_name":null,"display_point":{"type":"Point","coordinates":[30.38119417844031,60.007306806772341]},"level_id":"5aae416c-7a1b-4657-83d5-5abc7b959629"}},{"id":"068f3154-3ea0-4e14-a24c-9a2e134b0f66","type":"Feature","feature_type":"opening","geometry":{"type":"LineString","coordinates":[[30.381624767320183,60.00726262919148],[30.381643516722317,60.007259465592888]]},"properties":{"category":"automobile","unit_categoty":"auditorium","unit_restriction":null,"accessibility":null,"access_control":null,"door":{"type":"open","material":"metal","automatic":false},"name":null,"alt_name":null,"display_point":{"type":"Point","coordinates":[30.381624767320183,60.00726262919148]},"level_id":"5aae416c-7a1b-4657-83d5-5abc7b959629"}},{"id":"f7de2353-dff5-4d5e-ab26-1f08a1931749","type":"Feature","feature_type":"opening","geometry":{"type":"LineString","coordinates":[[30.381511264580922,60.007298391001783],[30.381505510848783,60.007289870116431]]},"properties":{"category":"automobile","unit_categoty":"auditorium","unit_restriction":null,"accessibility":null,"access_control":null,"door":{"type":"open","material":"metal","automatic":false},"name":null,"alt_name":null,"display_point":{"type":"Point","coordinates":[30.381511264580922,60.007298391001783]},"level_id":"5aae416c-7a1b-4657-83d5-5abc7b959629"}},{"id":"80cd5a67-ff49-4af0-aab9-f7c1297c428e","type":"Feature","feature_type":"opening","geometry":{"type":"LineString","coordinates":[[30.381923045264962,60.00721230061108],[30.381941794638564,60.007209137012481]]},"properties":{"category":"automobile","unit_categoty":"auditorium","unit_restriction":null,"accessibility":null,"access_control":null,"door":{"type":"open","material":"metal","automatic":false},"name":null,"alt_name":null,"display_point":{"type":"Point","coordinates":[30.381923045264962,60.00721230061108]},"level_id":"5aae416c-7a1b-4657-83d5-5abc7b959629"}},{"id":"0d559feb-6614-4af5-8b2d-f7fdcca4d891","type":"Feature","feature_type":"opening","geometry":{"type":"LineString","coordinates":[[30.382033834147364,60.0071936074677],[30.382052582961379,60.007190443869106]]},"properties":{"category":"automobile","unit_categoty":"auditorium","unit_restriction":null,"accessibility":null,"access_control":null,"door":{"type":"open","material":"metal","automatic":false},"name":null,"alt_name":null,"display_point":{"type":"Point","coordinates":[30.382033834147364,60.0071936074677]},"level_id":"5aae416c-7a1b-4657-83d5-5abc7b959629"}},{"id":"970f8764-d5c7-4717-9688-5a27730fbbad","type":"Feature","feature_type":"opening","geometry":{"type":"LineString","coordinates":[[30.382280978309396,60.007151906808609],[30.382299727099767,60.007148743210017]]},"properties":{"category":"automobile","unit_categoty":"auditorium","unit_restriction":null,"accessibility":null,"access_control":null,"door":{"type":"open","material":"metal","automatic":false},"name":null,"alt_name":null,"display_point":{"type":"Point","coordinates":[30.382280978309396,60.007151906808609]},"level_id":"5aae416c-7a1b-4657-83d5-5abc7b959629"}},{"id":"a9707e72-eeee-45df-97c1-c142c84dd605","type":"Feature","feature_type":"opening","geometry":{"type":"LineString","coordinates":[[30.381952657076429,60.00717882909575],[30.381971405890134,60.007175665497158]]},"properties":{"category":"automobile","unit_categoty":"auditorium","unit_restriction":null,"accessibility":null,"access_control":null,"door":{"type":"open","material":"metal","automatic":false},"name":null,"alt_name":null,"display_point":{"type":"Point","coordinates":[30.381952657076429,60.00717882909575]},"level_id":"5aae416c-7a1b-4657-83d5-5abc7b959629"}},{"id":"8325413e-f57b-48ae-a382-2137fe239078","type":"Feature","feature_type":"opening","geometry":{"type":"LineString","coordinates":[[30.382048531174078,60.007162652120662],[30.382067280527608,60.00715948852207]]},"properties":{"category":"automobile","unit_categoty":"auditorium","unit_restriction":null,"accessibility":null,"access_control":null,"door":{"type":"open","material":"metal","automatic":false},"name":null,"alt_name":null,"display_point":{"type":"Point","coordinates":[30.382048531174078,60.007162652120662]},"level_id":"5aae416c-7a1b-4657-83d5-5abc7b959629"}},{"id":"c27e0db9-268e-4845-ada6-b763f5b20762","type":"Feature","feature_type":"opening","geometry":{"type":"LineString","coordinates":[[30.382106056708139,60.007152945880719],[30.382124805507171,60.007149782282127]]},"properties":{"category":"automobile","unit_categoty":"auditorium","unit_restriction":null,"accessibility":null,"access_control":null,"door":{"type":"open","material":"metal","automatic":false},"name":null,"alt_name":null,"display_point":{"type":"Point","coordinates":[30.382106056708139,60.007152945880719]},"level_id":"5aae416c-7a1b-4657-83d5-5abc7b959629"}},{"id":"c0426842-d58b-4f23-abc2-8eba105cf3ca","type":"Feature","feature_type":"opening","geometry":{"type":"LineString","coordinates":[[30.381106403863427,60.0073595842805],[30.381123448173248,60.00735670830673]]},"properties":{"category":"automobile","unit_categoty":"restroom.female","unit_restriction":null,"accessibility":null,"access_control":null,"door":{"type":"open","material":"metal","automatic":false},"name":null,"alt_name":null,"display_point":{"type":"Point","coordinates":[30.381106403863427,60.0073595842805]},"level_id":"5aae416c-7a1b-4657-83d5-5abc7b959629"}},{"id":"e074dcf4-26ac-4961-8962-30bd5732f6d6","type":"Feature","feature_type":"opening","geometry":{"type":"LineString","coordinates":[[30.3823506483105,60.007149643135385],[30.382367692512123,60.007146767161615]]},"properties":{"category":"automobile","unit_categoty":"restroom.male","unit_restriction":null,"accessibility":null,"access_control":null,"door":{"type":"open","material":"metal","automatic":false},"name":null,"alt_name":null,"display_point":{"type":"Point","coordinates":[30.3823506483105,60.007149643135385]},"level_id":"5aae416c-7a1b-4657-83d5-5abc7b959629"}},{"id":"f4ebd52e-0066-46cf-8ccb-8e54c8670c75","type":"Feature","feature_type":"opening","geometry":{"type":"LineString","coordinates":[[30.381701251407332,60.00722124854245],[30.381720000245117,60.007218085218305]]},"properties":{"category":"automobile","unit_categoty":"auditorium","unit_restriction":null,"accessibility":null,"access_control":null,"door":{"type":"open","material":"metal","automatic":false},"name":null,"alt_name":null,"display_point":{"type":"Point","coordinates":[30.381701251407332,60.00722124854245]},"level_id":"5aae416c-7a1b-4657-83d5-5abc7b959629"}},{"id":"cf6d087d-86ee-4fc6-9bb6-ff98b74967f1","type":"Feature","feature_type":"opening","geometry":{"type":"LineString","coordinates":[[30.381794996127219,60.007205431098384],[30.381813744956006,60.007202267499792]]},"properties":{"category":"automobile","unit_categoty":"auditorium","unit_restriction":null,"accessibility":null,"access_control":null,"door":{"type":"open","material":"metal","automatic":false},"name":null,"alt_name":null,"display_point":{"type":"Point","coordinates":[30.381794996127219,60.007205431098384]},"level_id":"5aae416c-7a1b-4657-83d5-5abc7b959629"}},{"id":"9a0b87ff-dcec-4a3c-a151-3ead31b8386b","type":"Feature","feature_type":"opening","geometry":{"type":"LineString","coordinates":[[30.381356101079845,60.007279485707656],[30.381374849950614,60.007276322109057]]},"properties":{"category":"automobile","unit_categoty":"auditorium","unit_restriction":null,"accessibility":null,"access_control":null,"door":{"type":"open","material":"metal","automatic":false},"name":null,"alt_name":null,"display_point":{"type":"Point","coordinates":[30.381356101079845,60.007279485707656]},"level_id":"5aae416c-7a1b-4657-83d5-5abc7b959629"}},{"id":"03bdd6f6-2117-4754-bcd5-882061b7be87","type":"Feature","feature_type":"opening","geometry":{"type":"LineString","coordinates":[[30.381078018093394,60.00731691480879],[30.381095062942471,60.007314039109474]]},"properties":{"category":"automobile","unit_categoty":"stairs","unit_restriction":null,"accessibility":null,"access_control":null,"door":{"type":"open","material":"metal","automatic":false},"name":null,"alt_name":null,"display_point":{"type":"Point","coordinates":[30.381078018093394,60.00731691480879]},"level_id":"5aae416c-7a1b-4657-83d5-5abc7b959629"}},{"id":"d71275fe-a039-40ff-ade5-467f226a8c49","type":"Feature","feature_type":"opening","geometry":{"type":"LineString","coordinates":[[30.382321879737603,60.0071070381597],[30.382338923929495,60.007104162185932]]},"properties":{"category":"automobile","unit_categoty":"stairs","unit_restriction":null,"accessibility":null,"access_control":null,"door":{"type":"open","material":"metal","automatic":false},"name":null,"alt_name":null,"display_point":{"type":"Point","coordinates":[30.382321879737603,60.0071070381597]},"level_id":"5aae416c-7a1b-4657-83d5-5abc7b959629"}},{"id":"4591dcd2-01b2-4984-96fe-9fe6c81941cb","type":"Feature","feature_type":"opening","geometry":{"type":"LineString","coordinates":[[30.38171148226807,60.00725748981894],[30.381728527074266,60.00725461384517]]},"properties":{"category":"automobile","unit_categoty":"elevator","unit_restriction":null,"accessibility":null,"access_control":null,"door":{"type":"open","material":"metal","automatic":false},"name":null,"alt_name":null,"display_point":{"type":"Point","coordinates":[30.38171148226807,60.00725748981894]},"level_id":"5aae416c-7a1b-4657-83d5-5abc7b959629"}},{"id":"e9d5d0c7-d77e-47d8-864c-341bb1975bf9","type":"Feature","feature_type":"opening","geometry":{"type":"LineString","coordinates":[[30.381745571329986,60.0072517378714],[30.381762615584229,60.007248861897629]]},"properties":{"category":"automobile","unit_categoty":"elevator","unit_restriction":null,"accessibility":null,"access_control":null,"door":{"type":"open","material":"metal","automatic":false},"name":null,"alt_name":null,"display_point":{"type":"Point","coordinates":[30.381745571329986,60.0072517378714]},"level_id":"5aae416c-7a1b-4657-83d5-5abc7b959629"}},{"id":"d7f06464-1fc3-48bb-978d-4f5b06ad2f1d","type":"Feature","feature_type":"opening","geometry":{"type":"LineString","coordinates":[[30.381767248811709,60.007240961271911],[30.381804747039279,60.00723463407472]]},"properties":{"category":"automobile","unit_categoty":"stairs","unit_restriction":null,"accessibility":null,"access_control":null,"door":{"type":"open","material":"metal","automatic":false},"name":null,"alt_name":null,"display_point":{"type":"Point","coordinates":[30.381767248811709,60.007240961271911]},"level_id":"5aae416c-7a1b-4657-83d5-5abc7b959629"}},{"id":"2c259a41-231f-4b02-9755-5c3c71a435ae","type":"Feature","feature_type":"opening","geometry":{"type":"LineString","coordinates":[[30.381660721526092,60.007258935627682],[30.381698219225076,60.007252608704952]]},"properties":{"category":"automobile","unit_categoty":"stairs","unit_restriction":null,"accessibility":null,"access_control":null,"door":{"type":"open","material":"metal","automatic":false},"name":null,"alt_name":null,"display_point":{"type":"Point","coordinates":[30.381660721526092,60.007258935627682]},"level_id":"5aae416c-7a1b-4657-83d5-5abc7b959629"}},{"id":"9c982909-bc3e-475a-b246-77a8c7f6136b","type":"Feature","feature_type":"opening","geometry":{"type":"LineString","coordinates":[[30.38149245691196,60.007256478466395],[30.381511206318677,60.0072533148678]]},"properties":{"category":"automobile","unit_categoty":"classroom","unit_restriction":null,"accessibility":null,"access_control":null,"door":{"type":"open","material":"metal","automatic":false},"name":null,"alt_name":null,"display_point":{"type":"Point","coordinates":[30.38149245691196,60.007256478466395]},"level_id":"20b79a99-9bb2-4de1-b094-aae44795706f"}},{"id":"87fb5cb7-36bb-418a-994b-b4a1e35809e9","type":"Feature","feature_type":"opening","geometry":{"type":"LineString","coordinates":[[30.381471367245741,60.007288512132057],[30.381490116662576,60.007285348807919]]},"properties":{"category":"automobile","unit_categoty":"classroom","unit_restriction":null,"accessibility":null,"access_control":null,"door":{"type":"open","material":"metal","automatic":false},"name":null,"alt_name":null,"display_point":{"type":"Point","coordinates":[30.381471367245741,60.007288512132057]},"level_id":"20b79a99-9bb2-4de1-b094-aae44795706f"}},{"id":"2e4ca3a8-e60d-4b03-8a31-6a122f847053","type":"Feature","feature_type":"opening","geometry":{"type":"LineString","coordinates":[[30.3816205066661,60.007263347979084],[30.381639255519648,60.007260184380492]]},"properties":{"category":"automobile","unit_categoty":"classroom","unit_restriction":null,"accessibility":null,"access_control":null,"door":{"type":"open","material":"metal","automatic":false},"name":null,"alt_name":null,"display_point":{"type":"Point","coordinates":[30.3816205066661,60.007263347979084]},"level_id":"20b79a99-9bb2-4de1-b094-aae44795706f"}},{"id":"0c87ee34-e69c-478e-bdc8-08f834bbdbe9","type":"Feature","feature_type":"opening","geometry":{"type":"LineString","coordinates":[[30.381211438976312,60.007332369702866],[30.381230188418009,60.007329206378721]]},"properties":{"category":"automobile","unit_categoty":"classroom","unit_restriction":null,"accessibility":null,"access_control":null,"door":{"type":"open","material":"metal","automatic":false},"name":null,"alt_name":null,"display_point":{"type":"Point","coordinates":[30.381211438976312,60.007332369702866]},"level_id":"20b79a99-9bb2-4de1-b094-aae44795706f"}},{"id":"dfdd0622-195e-4d7b-90ff-5b5a3f49a2d2","type":"Feature","feature_type":"opening","geometry":{"type":"LineString","coordinates":[[30.381373361671294,60.007305048638173],[30.381392110548482,60.007301885039581]]},"properties":{"category":"automobile","unit_categoty":"classroom","unit_restriction":null,"accessibility":null,"access_control":null,"door":{"type":"open","material":"metal","automatic":false},"name":null,"alt_name":null,"display_point":{"type":"Point","coordinates":[30.381373361671294,60.007305048638173]},"level_id":"20b79a99-9bb2-4de1-b094-aae44795706f"}},{"id":"ed375189-2081-447c-b72c-45f742f3777b","type":"Feature","feature_type":"opening","geometry":{"type":"LineString","coordinates":[[30.381160089851058,60.007312558719882],[30.381178838740574,60.00730939512129]]},"properties":{"category":"automobile","unit_categoty":"classroom","unit_restriction":null,"accessibility":null,"access_control":null,"door":{"type":"open","material":"metal","automatic":false},"name":null,"alt_name":null,"display_point":{"type":"Point","coordinates":[30.381160089851058,60.007312558719882]},"level_id":"20b79a99-9bb2-4de1-b094-aae44795706f"}},{"id":"79b72e6d-e7fa-48db-af23-2cd74f977ffb","type":"Feature","feature_type":"opening","geometry":{"type":"LineString","coordinates":[[30.381923045264962,60.00721230061108],[30.381941794638564,60.007209137012481]]},"properties":{"category":"automobile","unit_categoty":"classroom","unit_restriction":null,"accessibility":null,"access_control":null,"door":{"type":"open","material":"metal","automatic":false},"name":null,"alt_name":null,"display_point":{"type":"Point","coordinates":[30.381923045264962,60.00721230061108]},"level_id":"20b79a99-9bb2-4de1-b094-aae44795706f"}},{"id":"070ee106-967a-4f21-8ce5-a90b179fbe6f","type":"Feature","feature_type":"opening","geometry":{"type":"LineString","coordinates":[[30.382033834147364,60.0071936074677],[30.382052582961379,60.007190443869106]]},"properties":{"category":"automobile","unit_categoty":"classroom","unit_restriction":null,"accessibility":null,"access_control":null,"door":{"type":"open","material":"metal","automatic":false},"name":null,"alt_name":null,"display_point":{"type":"Point","coordinates":[30.382033834147364,60.0071936074677]},"level_id":"20b79a99-9bb2-4de1-b094-aae44795706f"}},{"id":"02fbbc66-4173-400b-82fc-efb9277b9118","type":"Feature","feature_type":"opening","geometry":{"type":"LineString","coordinates":[[30.382217169629051,60.0071769106821],[30.382210840929456,60.007167537625875]]},"properties":{"category":"automobile","unit_categoty":"classroom","unit_restriction":null,"accessibility":null,"access_control":null,"door":{"type":"open","material":"metal","automatic":false},"name":null,"alt_name":null,"display_point":{"type":"Point","coordinates":[30.382217169629051,60.0071769106821]},"level_id":"20b79a99-9bb2-4de1-b094-aae44795706f"}},{"id":"5114cbed-3450-4e17-8df3-cb6976401c68","type":"Feature","feature_type":"opening","geometry":{"type":"LineString","coordinates":[[30.381952657076429,60.00717882909575],[30.381971405890134,60.007175665497158]]},"properties":{"category":"automobile","unit_categoty":"classroom","unit_restriction":null,"accessibility":null,"access_control":null,"door":{"type":"open","material":"metal","automatic":false},"name":null,"alt_name":null,"display_point":{"type":"Point","coordinates":[30.381952657076429,60.00717882909575]},"level_id":"20b79a99-9bb2-4de1-b094-aae44795706f"}},{"id":"e642090d-48c9-4be8-abe8-cbefc4aff208","type":"Feature","feature_type":"opening","geometry":{"type":"LineString","coordinates":[[30.382161450532593,60.007143599171805],[30.382180199875318,60.007140435573213]]},"properties":{"category":"automobile","unit_categoty":"classroom","unit_restriction":null,"accessibility":null,"access_control":null,"door":{"type":"open","material":"metal","automatic":false},"name":null,"alt_name":null,"display_point":{"type":"Point","coordinates":[30.382161450532593,60.007143599171805]},"level_id":"20b79a99-9bb2-4de1-b094-aae44795706f"}},{"id":"06f2aeeb-262b-4894-bae2-55706ee41fba","type":"Feature","feature_type":"opening","geometry":{"type":"LineString","coordinates":[[30.381106403863427,60.0073595842805],[30.381123448173248,60.00735670830673]]},"properties":{"category":"automobile","unit_categoty":"restroom.female","unit_restriction":null,"accessibility":null,"access_control":null,"door":{"type":"open","material":"metal","automatic":false},"name":null,"alt_name":null,"display_point":{"type":"Point","coordinates":[30.381106403863427,60.0073595842805]},"level_id":"20b79a99-9bb2-4de1-b094-aae44795706f"}},{"id":"595af6f7-739d-4671-bf57-76ddd59e830a","type":"Feature","feature_type":"opening","geometry":{"type":"LineString","coordinates":[[30.3823506483105,60.007149643135385],[30.382367692512123,60.007146767161615]]},"properties":{"category":"automobile","unit_categoty":"restroom.male","unit_restriction":null,"accessibility":null,"access_control":null,"door":{"type":"open","material":"metal","automatic":false},"name":null,"alt_name":null,"display_point":{"type":"Point","coordinates":[30.3823506483105,60.007149643135385]},"level_id":"20b79a99-9bb2-4de1-b094-aae44795706f"}},{"id":"44ace5ab-d64d-4bf7-bc20-3f6f6b79faae","type":"Feature","feature_type":"opening","geometry":{"type":"LineString","coordinates":[[30.38165011810452,60.007229876463761],[30.381668866947166,60.007226712865169]]},"properties":{"category":"automobile","unit_categoty":"classroom","unit_restriction":null,"accessibility":null,"access_control":null,"door":{"type":"open","material":"metal","automatic":false},"name":null,"alt_name":null,"display_point":{"type":"Point","coordinates":[30.38165011810452,60.007229876463761]},"level_id":"20b79a99-9bb2-4de1-b094-aae44795706f"}},{"id":"13376eba-a9e2-4bac-8398-e1df80cd3e17","type":"Feature","feature_type":"opening","geometry":{"type":"LineString","coordinates":[[30.381794996127219,60.007205431098384],[30.381813744956006,60.007202267499792]]},"properties":{"category":"automobile","unit_categoty":"classroom","unit_restriction":null,"accessibility":null,"access_control":null,"door":{"type":"open","material":"metal","automatic":false},"name":null,"alt_name":null,"display_point":{"type":"Point","coordinates":[30.381794996127219,60.007205431098384]},"level_id":"20b79a99-9bb2-4de1-b094-aae44795706f"}},{"id":"d1dd3ea3-4a52-41a0-923f-ad547506e8bc","type":"Feature","feature_type":"opening","geometry":{"type":"LineString","coordinates":[[30.381356101079845,60.007279485707656],[30.381374849950614,60.007276322109057]]},"properties":{"category":"automobile","unit_categoty":"classroom","unit_restriction":null,"accessibility":null,"access_control":null,"door":{"type":"open","material":"metal","automatic":false},"name":null,"alt_name":null,"display_point":{"type":"Point","coordinates":[30.381356101079845,60.007279485707656]},"level_id":"20b79a99-9bb2-4de1-b094-aae44795706f"}},{"id":"76ad86ed-f2e6-4640-a3db-8d442fb047b9","type":"Feature","feature_type":"opening","geometry":{"type":"LineString","coordinates":[[30.382268302816986,60.007168283035242],[30.382261974110971,60.007158909979012]]},"properties":{"category":"automobile","unit_categoty":"classroom","unit_restriction":null,"accessibility":null,"access_control":null,"door":{"type":"open","material":"metal","automatic":false},"name":null,"alt_name":null,"display_point":{"type":"Point","coordinates":[30.382268302816986,60.007168283035242]},"level_id":"20b79a99-9bb2-4de1-b094-aae44795706f"}},{"id":"2a4ee90a-da64-413a-b46f-3068f00f030b","type":"Feature","feature_type":"opening","geometry":{"type":"LineString","coordinates":[[30.382235652983624,60.007176165272732],[30.38225440178304,60.00717300167414]]},"properties":{"category":"automobile","unit_categoty":"classroom","unit_restriction":null,"accessibility":null,"access_control":null,"door":{"type":"open","material":"metal","automatic":false},"name":null,"alt_name":null,"display_point":{"type":"Point","coordinates":[30.382235652983624,60.007176165272732]},"level_id":"20b79a99-9bb2-4de1-b094-aae44795706f"}},{"id":"513b632a-ffd7-43a2-a8d1-da8fa1ae98f5","type":"Feature","feature_type":"opening","geometry":{"type":"LineString","coordinates":[[30.382225583945882,60.007161253517523],[30.382244332741553,60.007158089918931]]},"properties":{"category":"automobile","unit_categoty":"classroom","unit_restriction":null,"accessibility":null,"access_control":null,"door":{"type":"open","material":"metal","automatic":false},"name":null,"alt_name":null,"display_point":{"type":"Point","coordinates":[30.382225583945882,60.007161253517523]},"level_id":"20b79a99-9bb2-4de1-b094-aae44795706f"}},{"id":"14735454-28f5-4e0c-9b45-7ae3225f071d","type":"Feature","feature_type":"opening","geometry":{"type":"LineString","coordinates":[[30.382095987703146,60.007138034125511],[30.382114736498433,60.007134870526919]]},"properties":{"category":"automobile","unit_categoty":"classroom","unit_restriction":null,"accessibility":null,"access_control":null,"door":{"type":"open","material":"metal","automatic":false},"name":null,"alt_name":null,"display_point":{"type":"Point","coordinates":[30.382095987703146,60.007138034125511]},"level_id":"20b79a99-9bb2-4de1-b094-aae44795706f"}},{"id":"de6f6ed8-7abe-4aeb-9987-6ab3ab033e4d","type":"Feature","feature_type":"opening","geometry":{"type":"LineString","coordinates":[[30.382236712240566,60.007128527411567],[30.382230382993814,60.00711915408089]]},"properties":{"category":"automobile","unit_categoty":"classroom","unit_restriction":"restricted","accessibility":null,"access_control":null,"door":{"type":"open","material":"metal","automatic":false},"name":null,"alt_name":null,"display_point":{"type":"Point","coordinates":[30.382236712240566,60.007128527411567]},"level_id":"20b79a99-9bb2-4de1-b094-aae44795706f"}},{"id":"ec66d47c-0bb1-4687-9fdc-263e6c467fbd","type":"Feature","feature_type":"opening","geometry":{"type":"LineString","coordinates":[[30.382198254037181,60.007120778831791],[30.382217002822685,60.0071176152332]]},"properties":{"category":"automobile","unit_categoty":"classroom","unit_restriction":null,"accessibility":null,"access_control":null,"door":{"type":"open","material":"metal","automatic":false},"name":null,"alt_name":null,"display_point":{"type":"Point","coordinates":[30.382198254037181,60.007120778831791]},"level_id":"20b79a99-9bb2-4de1-b094-aae44795706f"}},{"id":"4b8b5f91-72a1-49a0-8144-f25b734f7f8f","type":"Feature","feature_type":"opening","geometry":{"type":"LineString","coordinates":[[30.382147066303773,60.007122296821194],[30.382165815092158,60.0071191332226]]},"properties":{"category":"automobile","unit_categoty":"classroom","unit_restriction":null,"accessibility":null,"access_control":null,"door":{"type":"open","material":"metal","automatic":false},"name":null,"alt_name":null,"display_point":{"type":"Point","coordinates":[30.382147066303773,60.007122296821194]},"level_id":"20b79a99-9bb2-4de1-b094-aae44795706f"}},{"id":"655864ef-9095-4a5d-95b1-b5fb68dff890","type":"Feature","feature_type":"opening","geometry":{"type":"LineString","coordinates":[[30.381078018093394,60.00731691480879],[30.381095062942471,60.007314039109474]]},"properties":{"category":"automobile","unit_categoty":"stairs","unit_restriction":null,"accessibility":null,"access_control":null,"door":{"type":"open","material":"metal","automatic":false},"name":null,"alt_name":null,"display_point":{"type":"Point","coordinates":[30.381078018093394,60.00731691480879]},"level_id":"20b79a99-9bb2-4de1-b094-aae44795706f"}},{"id":"46146a5d-13ef-4718-ab62-e8f7ba469df7","type":"Feature","feature_type":"opening","geometry":{"type":"LineString","coordinates":[[30.382321879737603,60.0071070381597],[30.382338923929495,60.007104162185932]]},"properties":{"category":"automobile","unit_categoty":"stairs","unit_restriction":null,"accessibility":null,"access_control":null,"door":{"type":"open","material":"metal","automatic":false},"name":null,"alt_name":null,"display_point":{"type":"Point","coordinates":[30.382321879737603,60.0071070381597]},"level_id":"20b79a99-9bb2-4de1-b094-aae44795706f"}},{"id":"50a0df6d-2dec-455a-8a1c-4e2eddb5af42","type":"Feature","feature_type":"opening","geometry":{"type":"LineString","coordinates":[[30.38171148226807,60.00725748981894],[30.381728527074266,60.00725461384517]]},"properties":{"category":"automobile","unit_categoty":"elevator","unit_restriction":null,"accessibility":null,"access_control":null,"door":{"type":"open","material":"metal","automatic":false},"name":null,"alt_name":null,"display_point":{"type":"Point","coordinates":[30.38171148226807,60.00725748981894]},"level_id":"20b79a99-9bb2-4de1-b094-aae44795706f"}},{"id":"41d06356-b668-4b84-8178-1962eaa97ed1","type":"Feature","feature_type":"opening","geometry":{"type":"LineString","coordinates":[[30.381745571329986,60.0072517378714],[30.381762615584229,60.007248861897629]]},"properties":{"category":"automobile","unit_categoty":"elevator","unit_restriction":null,"accessibility":null,"access_control":null,"door":{"type":"open","material":"metal","automatic":false},"name":null,"alt_name":null,"display_point":{"type":"Point","coordinates":[30.381745571329986,60.0072517378714]},"level_id":"20b79a99-9bb2-4de1-b094-aae44795706f"}},{"id":"a0e22031-d376-438e-acd6-0df8ff0f9c19","type":"Feature","feature_type":"opening","geometry":{"type":"LineString","coordinates":[[30.381767248811709,60.007240961271911],[30.381804747039279,60.00723463407472]]},"properties":{"category":"automobile","unit_categoty":"stairs","unit_restriction":null,"accessibility":null,"access_control":null,"door":{"type":"open","material":"metal","automatic":false},"name":null,"alt_name":null,"display_point":{"type":"Point","coordinates":[30.381767248811709,60.007240961271911]},"level_id":"20b79a99-9bb2-4de1-b094-aae44795706f"}},{"id":"d9a386da-eddb-45f6-af79-791feb51d71c","type":"Feature","feature_type":"opening","geometry":{"type":"LineString","coordinates":[[30.379227469606782,60.006520141905725],[30.37924962725387,60.006516403331936]]},"properties":{"category":"automobile","unit_categoty":"stairs","unit_restriction":null,"accessibility":null,"access_control":null,"door":{"type":"open","material":"metal","automatic":false},"name":null,"alt_name":null,"display_point":{"type":"Point","coordinates":[30.379227469606782,60.006520141905725]},"level_id":"24eaac9e-55e2-4986-9307-4c3a2a311e44"}},{"id":"4aab8472-3804-4ae4-9d33-782441dfade5","type":"Feature","feature_type":"opening","geometry":{"type":"LineString","coordinates":[[30.3793350892341,60.006470660830523],[30.379312931881657,60.006474399404311]]},"properties":{"category":"automobile","unit_categoty":"stairs","unit_restriction":null,"accessibility":null,"access_control":null,"door":{"type":"open","material":"metal","automatic":false},"name":null,"alt_name":null,"display_point":{"type":"Point","coordinates":[30.3793350892341,60.006470660830523]},"level_id":"24eaac9e-55e2-4986-9307-4c3a2a311e44"}},{"id":"91e60f05-49de-49bd-a33c-a34a64dc7099","type":"Feature","feature_type":"opening","geometry":{"type":"LineString","coordinates":[[30.379532645488595,60.0067572929628],[30.379526892058408,60.006748772077444]]},"properties":{"category":"automobile","unit_categoty":"security","unit_restriction":null,"accessibility":null,"access_control":null,"door":{"type":"open","material":"metal","automatic":false},"name":null,"alt_name":null,"display_point":{"type":"Point","coordinates":[30.379532645488595,60.0067572929628]},"level_id":"24eaac9e-55e2-4986-9307-4c3a2a311e44"}},{"id":"eddee1de-8c7d-4cfc-8d56-46991aa924cc","type":"Feature","feature_type":"opening","geometry":{"type":"LineString","coordinates":[[30.379473611195959,60.0067291919079],[30.379456566701606,60.006732067881671]]},"properties":{"category":"automobile","unit_categoty":"classroom","unit_restriction":"restricted","accessibility":null,"access_control":null,"door":{"type":"open","material":"metal","automatic":false},"name":null,"alt_name":null,"display_point":{"type":"Point","coordinates":[30.379473611195959,60.0067291919079]},"level_id":"24eaac9e-55e2-4986-9307-4c3a2a311e44"}},{"id":"b0c2f8ca-114e-47b8-8159-837596f41ecf","type":"Feature","feature_type":"opening","geometry":{"type":"LineString","coordinates":[[30.37898477687019,60.006811672991319],[30.378955755723776,60.006816494274958]]},"properties":{"category":"automobile","unit_categoty":"laboratory","unit_restriction":null,"accessibility":null,"access_control":null,"door":{"type":"open","material":"metal","automatic":false},"name":null,"alt_name":null,"display_point":{"type":"Point","coordinates":[30.37898477687019,60.006811672991319]},"level_id":"24eaac9e-55e2-4986-9307-4c3a2a311e44"}},{"id":"bb00a5eb-1c4c-4d25-9e52-690f5e21932f","type":"Feature","feature_type":"opening","geometry":{"type":"LineString","coordinates":[[30.379239633899086,60.00676867115925],[30.379210999278232,60.006773502597582]]},"properties":{"category":"automobile","unit_categoty":"laboratory","unit_restriction":null,"accessibility":null,"access_control":null,"door":{"type":"open","material":"metal","automatic":false},"name":null,"alt_name":null,"display_point":{"type":"Point","coordinates":[30.379239633899086,60.00676867115925]},"level_id":"24eaac9e-55e2-4986-9307-4c3a2a311e44"}},{"id":"96c3b911-e63c-4c05-bae3-1039da6d552b","type":"Feature","feature_type":"opening","geometry":{"type":"LineString","coordinates":[[30.378889498452839,60.006827749517278],[30.37887756713414,60.006829762616583]]},"properties":{"category":"automobile","unit_categoty":"unspecified","unit_restriction":"restricted","accessibility":null,"access_control":null,"door":{"type":"open","material":"metal","automatic":false},"name":null,"alt_name":null,"display_point":{"type":"Point","coordinates":[30.378889498452839,60.006827749517278]},"level_id":"24eaac9e-55e2-4986-9307-4c3a2a311e44"}},{"id":"9ba4c60b-4b19-4c5c-9d18-e4ae7de057da","type":"Feature","feature_type":"opening","geometry":{"type":"LineString","coordinates":[[30.37878718263115,60.006817487239275],[30.378815305924508,60.006812741978614]]},"properties":{"category":"automobile","unit_categoty":"auditorium","unit_restriction":null,"accessibility":null,"access_control":null,"door":{"type":"open","material":"metal","automatic":false},"name":null,"alt_name":null,"display_point":{"type":"Point","coordinates":[30.37878718263115,60.006817487239275]},"level_id":"24eaac9e-55e2-4986-9307-4c3a2a311e44"}},{"id":"c4c6b06d-4d94-47a6-ab44-ac7345ad5d45","type":"Feature","feature_type":"opening","geometry":{"type":"LineString","coordinates":[[30.379412506834672,60.006739502214856],[30.379397166922285,60.006742090563804]]},"properties":{"category":"automobile","unit_categoty":"unspecified","unit_restriction":"restricted","accessibility":null,"access_control":null,"door":{"type":"open","material":"metal","automatic":false},"name":null,"alt_name":null,"display_point":{"type":"Point","coordinates":[30.379412506834672,60.006739502214856]},"level_id":"24eaac9e-55e2-4986-9307-4c3a2a311e44"}},{"id":"c6385a2e-91ca-4be1-bec1-9bfe28d88517","type":"Feature","feature_type":"opening","geometry":{"type":"LineString","coordinates":[[30.378987352395004,60.006783712455409],[30.379017180249534,60.006778679844381]]},"properties":{"category":"automobile","unit_categoty":"classroom","unit_restriction":null,"accessibility":null,"access_control":null,"door":{"type":"open","material":"metal","automatic":false},"name":null,"alt_name":null,"display_point":{"type":"Point","coordinates":[30.378987352395004,60.006783712455409]},"level_id":"24eaac9e-55e2-4986-9307-4c3a2a311e44"}},{"id":"2c0640ce-8a43-492e-a923-a32c22389e63","type":"Feature","feature_type":"opening","geometry":{"type":"LineString","coordinates":[[30.379024526729772,60.006777440148461],[30.379041570980107,60.006774564174691]]},"properties":{"category":"automobile","unit_categoty":"unspecified","unit_restriction":"restricted","accessibility":null,"access_control":null,"door":{"type":"open","material":"metal","automatic":false},"name":null,"alt_name":null,"display_point":{"type":"Point","coordinates":[30.379024526729772,60.006777440148461]},"level_id":"24eaac9e-55e2-4986-9307-4c3a2a311e44"}},{"id":"eebdac32-1667-4508-b18d-826513d236c3","type":"Feature","feature_type":"opening","geometry":{"type":"LineString","coordinates":[[30.379110311222174,60.006762965868411],[30.379118833343789,60.006761527744295]]},"properties":{"category":"automobile","unit_categoty":"restroom","unit_restriction":null,"accessibility":null,"access_control":null,"door":{"type":"open","material":"metal","automatic":false},"name":null,"alt_name":null,"display_point":{"type":"Point","coordinates":[30.379110311222174,60.006762965868411]},"level_id":"24eaac9e-55e2-4986-9307-4c3a2a311e44"}},{"id":"9d512e4f-92ed-437b-9151-d3b810d82263","type":"Feature","feature_type":"opening","geometry":{"type":"LineString","coordinates":[[30.379134480152477,60.006758887798533],[30.379143032744768,60.006757495782217]]},"properties":{"category":"automobile","unit_categoty":"restroom","unit_restriction":null,"accessibility":null,"access_control":null,"door":{"type":"open","material":"metal","automatic":false},"name":null,"alt_name":null,"display_point":{"type":"Point","coordinates":[30.379134480152477,60.006758887798533]},"level_id":"24eaac9e-55e2-4986-9307-4c3a2a311e44"}},{"id":"16551624-34f9-4a10-86c1-de5f3f8d28b2","type":"Feature","feature_type":"opening","geometry":{"type":"LineString","coordinates":[[30.379198260312009,60.0067481260194],[30.37921360050807,60.006745537670454]]},"properties":{"category":"automobile","unit_categoty":"unspecified","unit_restriction":"restricted","accessibility":null,"access_control":null,"door":{"type":"open","material":"metal","automatic":false},"name":null,"alt_name":null,"display_point":{"type":"Point","coordinates":[30.379198260312009,60.0067481260194]},"level_id":"24eaac9e-55e2-4986-9307-4c3a2a311e44"}},{"id":"7d3cb37d-9624-4388-b398-f36e5ff0b2d7","type":"Feature","feature_type":"opening","geometry":{"type":"LineString","coordinates":[[30.379224917765352,60.006743628039239],[30.379240257959346,60.006741039964744]]},"properties":{"category":"automobile","unit_categoty":"classroom","unit_restriction":"restricted","accessibility":null,"access_control":null,"door":{"type":"open","material":"metal","automatic":false},"name":null,"alt_name":null,"display_point":{"type":"Point","coordinates":[30.379224917765352,60.006743628039239]},"level_id":"24eaac9e-55e2-4986-9307-4c3a2a311e44"}},{"id":"78303dec-1548-4fe2-ad04-a4d60255aa23","type":"Feature","feature_type":"opening","geometry":{"type":"LineString","coordinates":[[30.379251098150085,60.006739210747718],[30.379277516789287,60.006734753111878]]},"properties":{"category":"automobile","unit_categoty":"classroom","unit_restriction":null,"accessibility":null,"access_control":null,"door":{"type":"open","material":"metal","automatic":false},"name":null,"alt_name":null,"display_point":{"type":"Point","coordinates":[30.379251098150085,60.006739210747718]},"level_id":"24eaac9e-55e2-4986-9307-4c3a2a311e44"}},{"id":"3525be75-dc70-4df2-914f-f5c5984fd363","type":"Feature","feature_type":"opening","geometry":{"type":"LineString","coordinates":[[30.379293095511592,60.006732124418612],[30.379308435425738,60.006729536069663]]},"properties":{"category":"automobile","unit_categoty":"unspecified","unit_restriction":"restricted","accessibility":null,"access_control":null,"door":{"type":"open","material":"metal","automatic":false},"name":null,"alt_name":null,"display_point":{"type":"Point","coordinates":[30.379293095511592,60.006732124418612]},"level_id":"24eaac9e-55e2-4986-9307-4c3a2a311e44"}},{"id":"e900b913-df08-4936-908c-d01223a66a4f","type":"Feature","feature_type":"opening","geometry":{"type":"LineString","coordinates":[[30.379357615478948,60.006714584244577],[30.379352437470256,60.006706915530096]]},"properties":{"category":"automobile","unit_categoty":"classroom","unit_restriction":"restricted","accessibility":null,"access_control":null,"door":{"type":"open","material":"metal","automatic":false},"name":null,"alt_name":null,"display_point":{"type":"Point","coordinates":[30.379357615478948,60.006714584244577]},"level_id":"24eaac9e-55e2-4986-9307-4c3a2a311e44"}},{"id":"ba2d9837-aa37-471c-9176-43da6f11db92","type":"Feature","feature_type":"opening","geometry":{"type":"LineString","coordinates":[[30.379802178635469,60.006673752772329],[30.379771498321503,60.006678929470226]]},"properties":{"category":"automobile","unit_categoty":"classroom","unit_restriction":null,"accessibility":null,"access_control":null,"door":{"type":"open","material":"metal","automatic":false},"name":null,"alt_name":null,"display_point":{"type":"Point","coordinates":[30.379802178635469,60.006673752772329]},"level_id":"24eaac9e-55e2-4986-9307-4c3a2a311e44"}},{"id":"187967f8-7e9d-48f8-89f3-45c01f117519","type":"Feature","feature_type":"opening","geometry":{"type":"LineString","coordinates":[[30.380083224493173,60.006626331727588],[30.380052544772184,60.006631508425485]]},"properties":{"category":"automobile","unit_categoty":"classroom","unit_restriction":null,"accessibility":null,"access_control":null,"door":{"type":"open","material":"metal","automatic":false},"name":null,"alt_name":null,"display_point":{"type":"Point","coordinates":[30.380083224493173,60.006626331727588]},"level_id":"24eaac9e-55e2-4986-9307-4c3a2a311e44"}},{"id":"acbda7cc-155c-4912-92ab-beb09243d708","type":"Feature","feature_type":"opening","geometry":{"type":"LineString","coordinates":[[30.380214075905986,60.006604252954624],[30.3802012923778,60.00660641014079]]},"properties":{"category":"automobile","unit_categoty":"unspecified","unit_restriction":"restricted","accessibility":null,"access_control":null,"door":{"type":"open","material":"metal","automatic":false},"name":null,"alt_name":null,"display_point":{"type":"Point","coordinates":[30.380214075905986,60.006604252954624]},"level_id":"24eaac9e-55e2-4986-9307-4c3a2a311e44"}},{"id":"5ce665ea-496d-42ab-9069-230b027e850f","type":"Feature","feature_type":"opening","geometry":{"type":"LineString","coordinates":[[30.379644622165515,60.0066747095091],[30.379661666362413,60.006671833535329]]},"properties":{"category":"automobile","unit_categoty":"unspecified","unit_restriction":"restricted","accessibility":null,"access_control":null,"door":{"type":"open","material":"metal","automatic":false},"name":null,"alt_name":null,"display_point":{"type":"Point","coordinates":[30.379644622165515,60.0066747095091]},"level_id":"24eaac9e-55e2-4986-9307-4c3a2a311e44"}},{"id":"a489997a-759d-42b0-9ea5-4c3b878d9e22","type":"Feature","feature_type":"opening","geometry":{"type":"LineString","coordinates":[[30.379669103400492,60.0066705787446],[30.379681034391893,60.006668565645292]]},"properties":{"category":"automobile","unit_categoty":"restroom","unit_restriction":null,"accessibility":null,"access_control":null,"door":{"type":"open","material":"metal","automatic":false},"name":null,"alt_name":null,"display_point":{"type":"Point","coordinates":[30.379669103400492,60.0066705787446]},"level_id":"24eaac9e-55e2-4986-9307-4c3a2a311e44"}},{"id":"b882d276-136a-4a63-a0f5-b84a69ee441c","type":"Feature","feature_type":"opening","geometry":{"type":"LineString","coordinates":[[30.3797734156939,60.006652978191312],[30.379785378523671,60.006651012846511]]},"properties":{"category":"automobile","unit_categoty":"restroom","unit_restriction":null,"accessibility":null,"access_control":null,"door":{"type":"open","material":"metal","automatic":false},"name":null,"alt_name":null,"display_point":{"type":"Point","coordinates":[30.3797734156939,60.006652978191312]},"level_id":"24eaac9e-55e2-4986-9307-4c3a2a311e44"}},{"id":"a874a6ac-150a-4015-9661-79f2f0dc7405","type":"Feature","feature_type":"opening","geometry":{"type":"LineString","coordinates":[[30.379800896539894,60.00664834133886],[30.379817941272194,60.006645465365089]]},"properties":{"category":"automobile","unit_categoty":"unspecified","unit_restriction":"restricted","accessibility":null,"access_control":null,"door":{"type":"open","material":"metal","automatic":false},"name":null,"alt_name":null,"display_point":{"type":"Point","coordinates":[30.379800896539894,60.00664834133886]},"level_id":"24eaac9e-55e2-4986-9307-4c3a2a311e44"}},{"id":"2d71fba8-2f9f-4e6f-a1d4-93095e159d55","type":"Feature","feature_type":"opening","geometry":{"type":"LineString","coordinates":[[30.379841871309658,60.006641427639529],[30.379857210906806,60.006638839290581]]},"properties":{"category":"automobile","unit_categoty":"unspecified","unit_restriction":"restricted","accessibility":null,"access_control":null,"door":{"type":"open","material":"metal","automatic":false},"name":null,"alt_name":null,"display_point":{"type":"Point","coordinates":[30.379841871309658,60.006641427639529]},"level_id":"24eaac9e-55e2-4986-9307-4c3a2a311e44"}},{"id":"9377a5af-3c23-4bad-ba61-219bb063304a","type":"Feature","feature_type":"opening","geometry":{"type":"LineString","coordinates":[[30.379409679242372,60.006632817557545],[30.379414857251916,60.00664048654648]]},"properties":{"category":"automobile","unit_categoty":"classroom","unit_restriction":null,"accessibility":null,"access_control":null,"door":{"type":"open","material":"metal","automatic":false},"name":null,"alt_name":null,"display_point":{"type":"Point","coordinates":[30.379409679242372,60.006632817557545]},"level_id":"24eaac9e-55e2-4986-9307-4c3a2a311e44"}},{"id":"57443af2-50ec-464e-8163-75d00570cb8b","type":"Feature","feature_type":"opening","geometry":{"type":"LineString","coordinates":[[30.37958254145277,60.006656709354914],[30.379597881063606,60.006654121005965]]},"properties":{"category":"automobile","unit_categoty":"classroom","unit_restriction":null,"accessibility":null,"access_control":null,"door":{"type":"open","material":"metal","automatic":false},"name":null,"alt_name":null,"display_point":{"type":"Point","coordinates":[30.37958254145277,60.006656709354914]},"level_id":"24eaac9e-55e2-4986-9307-4c3a2a311e44"}},{"id":"cc7f2eb7-de33-4c62-9ae7-2107177f1401","type":"Feature","feature_type":"opening","geometry":{"type":"LineString","coordinates":[[30.379940688773655,60.006624754182283],[30.37996795988597,60.006620152459583]]},"properties":{"category":"automobile","unit_categoty":"classroom","unit_restriction":null,"accessibility":null,"access_control":null,"door":{"type":"open","material":"metal","automatic":false},"name":null,"alt_name":null,"display_point":{"type":"Point","coordinates":[30.379940688773655,60.006624754182283]},"level_id":"24eaac9e-55e2-4986-9307-4c3a2a311e44"}},{"id":"1bd53585-255c-4c88-a0a2-201294b25b25","type":"Feature","feature_type":"opening","geometry":{"type":"LineString","coordinates":[[30.379995230445545,60.006615551285776],[30.380012274611957,60.006612675312006]]},"properties":{"category":"automobile","unit_categoty":"unspecified","unit_restriction":"restricted","accessibility":null,"access_control":null,"door":{"type":"open","material":"metal","automatic":false},"name":null,"alt_name":null,"display_point":{"type":"Point","coordinates":[30.379995230445545,60.006615551285776]},"level_id":"24eaac9e-55e2-4986-9307-4c3a2a311e44"}},{"id":"bb04364d-d308-401c-87c5-74270b3699bf","type":"Feature","feature_type":"opening","geometry":{"type":"LineString","coordinates":[[30.380265724546028,60.006569910605748],[30.38029384707907,60.00656516534508]]},"properties":{"category":"automobile","unit_categoty":"auditorium","unit_restriction":null,"accessibility":null,"access_control":null,"door":{"type":"open","material":"metal","automatic":false},"name":null,"alt_name":null,"display_point":{"type":"Point","coordinates":[30.380265724546028,60.006569910605748]},"level_id":"24eaac9e-55e2-4986-9307-4c3a2a311e44"}},{"id":"b73af61e-2206-4cd4-92e7-da9ace23ecef","type":"Feature","feature_type":"opening","geometry":{"type":"LineString","coordinates":[[30.379474236067594,60.006614236664696],[30.379499802624615,60.00660992256681]]},"properties":{"category":"automobile","unit_categoty":"classroom","unit_restriction":null,"accessibility":null,"access_control":null,"door":{"type":"open","material":"metal","automatic":false},"name":null,"alt_name":null,"display_point":{"type":"Point","coordinates":[30.379474236067594,60.006614236664696]},"level_id":"24eaac9e-55e2-4986-9307-4c3a2a311e44"}},{"id":"80ff79c1-5066-481e-8a55-17b4d2336cd4","type":"Feature","feature_type":"opening","geometry":{"type":"LineString","coordinates":[[30.379442733902273,60.006566398179721],[30.379468300442873,60.00656208435629]]},"properties":{"category":"automobile","unit_categoty":"classroom","unit_restriction":null,"accessibility":null,"access_control":null,"door":{"type":"open","material":"metal","automatic":false},"name":null,"alt_name":null,"display_point":{"type":"Point","coordinates":[30.379442733902273,60.006566398179721]},"level_id":"24eaac9e-55e2-4986-9307-4c3a2a311e44"}},{"id":"03d69d5a-6dbb-4d2d-8182-2ce80b8f17c9","type":"Feature","feature_type":"opening","geometry":{"type":"LineString","coordinates":[[30.379559441076012,60.006599859814806],[30.379585007621934,60.006595545991374]]},"properties":{"category":"automobile","unit_categoty":"classroom","unit_restriction":null,"accessibility":null,"access_control":null,"door":{"type":"open","material":"metal","automatic":false},"name":null,"alt_name":null,"display_point":{"type":"Point","coordinates":[30.379559441076012,60.006599859814806]},"level_id":"24eaac9e-55e2-4986-9307-4c3a2a311e44"}},{"id":"0b7ec5aa-fb78-404d-8166-471c08ba682b","type":"Feature","feature_type":"opening","geometry":{"type":"LineString","coordinates":[[30.379527393170171,60.006552113819879],[30.379552959699712,60.006547799721993]]},"properties":{"category":"automobile","unit_categoty":"classroom","unit_restriction":null,"accessibility":null,"access_control":null,"door":{"type":"open","material":"metal","automatic":false},"name":null,"alt_name":null,"display_point":{"type":"Point","coordinates":[30.379527393170171,60.006552113819879]},"level_id":"24eaac9e-55e2-4986-9307-4c3a2a311e44"}},{"id":"2a5b0f5c-93a8-4625-9403-d8e94d8e3de2","type":"Feature","feature_type":"opening","geometry":{"type":"LineString","coordinates":[[30.379525250250467,60.006584652475688],[30.379533880100084,60.006597433940946]]},"properties":{"category":"automobile","unit_categoty":"classroom","unit_restriction":null,"accessibility":null,"access_control":null,"door":{"type":"open","material":"metal","automatic":false},"name":null,"alt_name":null,"display_point":{"type":"Point","coordinates":[30.379525250250467,60.006584652475688]},"level_id":"24eaac9e-55e2-4986-9307-4c3a2a311e44"}},{"id":"ae8a6e2c-0877-4b04-90b7-3cc0fce567fd","type":"Feature","feature_type":"opening","geometry":{"type":"LineString","coordinates":[[30.379350584819047,60.006626842481204],[30.379344831972649,60.006618321595852]]},"properties":{"category":"automobile","unit_categoty":"unspecified","unit_restriction":"restricted","accessibility":null,"access_control":null,"door":{"type":"open","material":"metal","automatic":false},"name":null,"alt_name":null,"display_point":{"type":"Point","coordinates":[30.379350584819047,60.006626842481204]},"level_id":"24eaac9e-55e2-4986-9307-4c3a2a311e44"}},{"id":"3fe7bb5e-3541-4b83-8f37-4fe2036fffef","type":"Feature","feature_type":"opening","geometry":{"type":"LineString","coordinates":[[30.379301106984702,60.006553562098681],[30.379295353602046,60.006545040938875]]},"properties":{"category":"automobile","unit_categoty":"unspecified","unit_restriction":"restricted","accessibility":null,"access_control":null,"door":{"type":"open","material":"metal","automatic":false},"name":null,"alt_name":null,"display_point":{"type":"Point","coordinates":[30.379301106984702,60.006553562098681]},"level_id":"24eaac9e-55e2-4986-9307-4c3a2a311e44"}},{"id":"08733254-01f2-41b5-9977-2011bae230a1","type":"Feature","feature_type":"opening","geometry":{"type":"LineString","coordinates":[[30.379342938881347,60.00661551807719],[30.379338336276287,60.006608701259125]]},"properties":{"category":"automobile","unit_categoty":"unspecified","unit_restriction":"restricted","accessibility":null,"access_control":null,"door":{"type":"open","material":"metal","automatic":false},"name":null,"alt_name":null,"display_point":{"type":"Point","coordinates":[30.379342938881347,60.00661551807719]},"level_id":"24eaac9e-55e2-4986-9307-4c3a2a311e44"}},{"id":"cca212c0-59e2-4027-806c-46963ae982b9","type":"Feature","feature_type":"opening","geometry":{"type":"LineString","coordinates":[[30.379308258223446,60.006564153718088],[30.379303655625517,60.006557336625569]]},"properties":{"category":"automobile","unit_categoty":"unspecified","unit_restriction":"restricted","accessibility":null,"access_control":null,"door":{"type":"open","material":"metal","automatic":false},"name":null,"alt_name":null,"display_point":{"type":"Point","coordinates":[30.379308258223446,60.006564153718088]},"level_id":"24eaac9e-55e2-4986-9307-4c3a2a311e44"}},{"id":"6c3f1a75-5b98-4caf-aefa-2eebda54c68e","type":"Feature","feature_type":"opening","geometry":{"type":"LineString","coordinates":[[30.379406364696543,60.006513686265393],[30.379432004790694,60.006509483045782]]},"properties":{"category":"automobile","unit_categoty":"classroom","unit_restriction":null,"accessibility":null,"access_control":null,"door":{"type":"open","material":"metal","automatic":false},"name":null,"alt_name":null,"display_point":{"type":"Point","coordinates":[30.379406364696543,60.006513686265393]},"level_id":"24eaac9e-55e2-4986-9307-4c3a2a311e44"}},{"id":"a0542c4c-89bc-43b6-816c-ad2dee7459f9","type":"Feature","feature_type":"opening","geometry":{"type":"LineString","coordinates":[[30.379478361532342,60.006515206175955],[30.379486991363841,60.006527987641213]]},"properties":{"category":"automobile","unit_categoty":"classroom","unit_restriction":null,"accessibility":null,"access_control":null,"door":{"type":"open","material":"metal","automatic":false},"name":null,"alt_name":null,"display_point":{"type":"Point","coordinates":[30.379478361532342,60.006515206175955]},"level_id":"24eaac9e-55e2-4986-9307-4c3a2a311e44"}},{"id":"7e80d990-ede1-48d4-b0d7-a98b22a98884","type":"Feature","feature_type":"opening","geometry":{"type":"LineString","coordinates":[[30.379496824379576,60.006481812330307],[30.379502002112893,60.006489481044795]]},"properties":{"category":"automobile","unit_categoty":"classroom","unit_restriction":null,"accessibility":null,"access_control":null,"door":{"type":"open","material":"metal","automatic":false},"name":null,"alt_name":null,"display_point":{"type":"Point","coordinates":[30.379496824379576,60.006481812330307]},"level_id":"24eaac9e-55e2-4986-9307-4c3a2a311e44"}},{"id":"b709121f-056e-4c85-aaf2-77b5739c61ea","type":"Feature","feature_type":"opening","geometry":{"type":"LineString","coordinates":[[30.379392032821549,60.006492375132339],[30.379417599336843,60.006488061308907]]},"properties":{"category":"automobile","unit_categoty":"classroom","unit_restriction":null,"accessibility":null,"access_control":null,"door":{"type":"open","material":"metal","automatic":false},"name":null,"alt_name":null,"display_point":{"type":"Point","coordinates":[30.379392032821549,60.006492375132339]},"level_id":"24eaac9e-55e2-4986-9307-4c3a2a311e44"}},{"id":"cbbbfb85-1a45-4732-b319-89d0b561d22d","type":"Feature","feature_type":"opening","geometry":{"type":"LineString","coordinates":[[30.379369670134196,60.0064382486967],[30.379352625710293,60.006441124670474]]},"properties":{"category":"automobile","unit_categoty":"classroom","unit_restriction":null,"accessibility":null,"access_control":null,"door":{"type":"open","material":"metal","automatic":false},"name":null,"alt_name":null,"display_point":{"type":"Point","coordinates":[30.379369670134196,60.0064382486967]},"level_id":"24eaac9e-55e2-4986-9307-4c3a2a311e44"}},{"id":"f8973701-5310-49a1-a1bb-02c9854c03d6","type":"Feature","feature_type":"opening","geometry":{"type":"LineString","coordinates":[[30.379390753943156,60.006434691260687],[30.379373709795562,60.00643756696]]},"properties":{"category":"automobile","unit_categoty":"classroom","unit_restriction":null,"accessibility":null,"access_control":null,"door":{"type":"open","material":"metal","automatic":false},"name":null,"alt_name":null,"display_point":{"type":"Point","coordinates":[30.379390753943156,60.006434691260687]},"level_id":"24eaac9e-55e2-4986-9307-4c3a2a311e44"}},{"id":"9a7d68bd-de22-4f94-a24a-d691d1129d61","type":"Feature","feature_type":"opening","geometry":{"type":"LineString","coordinates":[[30.379446608142938,60.00642526688209],[30.379432972609283,60.006427567606217]]},"properties":{"category":"automobile","unit_categoty":"classroom","unit_restriction":null,"accessibility":null,"access_control":null,"door":{"type":"open","material":"metal","automatic":false},"name":null,"alt_name":null,"display_point":{"type":"Point","coordinates":[30.379446608142938,60.00642526688209]},"level_id":"24eaac9e-55e2-4986-9307-4c3a2a311e44"}},{"id":"49d109e0-ac1c-4838-8a8b-0c70c21806d1","type":"Feature","feature_type":"opening","geometry":{"type":"LineString","coordinates":[[30.379494707455621,60.006417151086659],[30.379481071925312,60.006419451810785]]},"properties":{"category":"automobile","unit_categoty":"unspecified","unit_restriction":"restricted","accessibility":null,"access_control":null,"door":{"type":"open","material":"metal","automatic":false},"name":null,"alt_name":null,"display_point":{"type":"Point","coordinates":[30.379494707455621,60.006417151086659]},"level_id":"24eaac9e-55e2-4986-9307-4c3a2a311e44"}},{"id":"94fd1726-d641-4ab0-83fc-f57005078131","type":"Feature","feature_type":"opening","geometry":{"type":"LineString","coordinates":[[30.379256362797893,60.006398518596981],[30.379272554925556,60.006395786435625]]},"properties":{"category":"automobile","unit_categoty":"classroom","unit_restriction":null,"accessibility":null,"access_control":null,"door":{"type":"open","material":"metal","automatic":false},"name":null,"alt_name":null,"display_point":{"type":"Point","coordinates":[30.379256362797893,60.006398518596981]},"level_id":"24eaac9e-55e2-4986-9307-4c3a2a311e44"}},{"id":"6399dc40-fb8a-493c-bf98-60712581508a","type":"Feature","feature_type":"opening","geometry":{"type":"LineString","coordinates":[[30.379332524679093,60.006400443048562],[30.379327059550807,60.006392348385866]]},"properties":{"category":"automobile","unit_categoty":"classroom","unit_restriction":null,"accessibility":null,"access_control":null,"door":{"type":"open","material":"metal","automatic":false},"name":null,"alt_name":null,"display_point":{"type":"Point","coordinates":[30.379332524679093,60.006400443048562]},"level_id":"24eaac9e-55e2-4986-9307-4c3a2a311e44"}},{"id":"f54b6985-a6dd-4230-97be-6ec0c704993f","type":"Feature","feature_type":"opening","geometry":{"type":"LineString","coordinates":[[30.379396305934023,60.006354308630883],[30.379401771616664,60.006362403842481]]},"properties":{"category":"automobile","unit_categoty":"classroom","unit_restriction":null,"accessibility":null,"access_control":null,"door":{"type":"open","material":"metal","automatic":false},"name":null,"alt_name":null,"display_point":{"type":"Point","coordinates":[30.379396305934023,60.006354308630883]},"level_id":"24eaac9e-55e2-4986-9307-4c3a2a311e44"}},{"id":"a14b1507-96e5-4b3e-b112-2a268b838e2a","type":"Feature","feature_type":"opening","geometry":{"type":"LineString","coordinates":[[30.379354693872379,60.006356299225189],[30.379373442851708,60.006353135901051]]},"properties":{"category":"automobile","unit_categoty":"classroom","unit_restriction":null,"accessibility":null,"access_control":null,"door":{"type":"open","material":"metal","automatic":false},"name":null,"alt_name":null,"display_point":{"type":"Point","coordinates":[30.379354693872379,60.006356299225189]},"level_id":"24eaac9e-55e2-4986-9307-4c3a2a311e44"}},{"id":"82d38381-d4fd-42e5-8130-4c6b056d8142","type":"Feature","feature_type":"opening","geometry":{"type":"LineString","coordinates":[[30.379439253060266,60.006375736680134],[30.379447307746812,60.006387665974522]]},"properties":{"category":"automobile","unit_categoty":"classroom","unit_restriction":null,"accessibility":null,"access_control":null,"door":{"type":"open","material":"metal","automatic":false},"name":null,"alt_name":null,"display_point":{"type":"Point","coordinates":[30.379439253060266,60.006375736680134]},"level_id":"24eaac9e-55e2-4986-9307-4c3a2a311e44"}},{"id":"e9ba671b-b989-4e02-85f0-f33b6d00abae","type":"Feature","feature_type":"opening","geometry":{"type":"LineString","coordinates":[[30.379421993184295,60.00635017374961],[30.379430047864613,60.006362103044005]]},"properties":{"category":"automobile","unit_categoty":"classroom","unit_restriction":null,"accessibility":null,"access_control":null,"door":{"type":"open","material":"metal","automatic":false},"name":null,"alt_name":null,"display_point":{"type":"Point","coordinates":[30.379421993184295,60.00635017374961]},"level_id":"24eaac9e-55e2-4986-9307-4c3a2a311e44"}},{"id":"fcddc5cc-5669-4edf-80a5-6d69723f2302","type":"Feature","feature_type":"opening","geometry":{"type":"LineString","coordinates":[[30.380072453204296,60.006169080989935],[30.380064398706114,60.00615715169554]]},"properties":{"category":"automobile","unit_categoty":"classroom","unit_restriction":null,"accessibility":null,"access_control":null,"door":{"type":"open","material":"metal","automatic":false},"name":null,"alt_name":null,"display_point":{"type":"Point","coordinates":[30.380072453204296,60.006169080989935]},"level_id":"24eaac9e-55e2-4986-9307-4c3a2a311e44"}},{"id":"125b6906-985d-4dd9-9606-169e5adecf36","type":"Feature","feature_type":"opening","geometry":{"type":"LineString","coordinates":[[30.380038537582394,60.00611884956524],[30.380033934940208,60.006112032747176]]},"properties":{"category":"automobile","unit_categoty":"classroom","unit_restriction":null,"accessibility":null,"access_control":null,"door":{"type":"open","material":"metal","automatic":false},"name":null,"alt_name":null,"display_point":{"type":"Point","coordinates":[30.380038537582394,60.00611884956524]},"level_id":"24eaac9e-55e2-4986-9307-4c3a2a311e44"}},{"id":"a063e4a8-3f11-42ac-b423-b87da896a5ba","type":"Feature","feature_type":"opening","geometry":{"type":"LineString","coordinates":[[30.380026053404912,60.006100359241273],[30.38002173791557,60.006093968371417]]},"properties":{"category":"automobile","unit_categoty":"unspecified","unit_restriction":"restricted","accessibility":null,"access_control":null,"door":{"type":"open","material":"metal","automatic":false},"name":null,"alt_name":null,"display_point":{"type":"Point","coordinates":[30.380026053404912,60.006100359241273]},"level_id":"24eaac9e-55e2-4986-9307-4c3a2a311e44"}},{"id":"c077eabe-de25-47a8-9cac-c1cf9141e301","type":"Feature","feature_type":"opening","geometry":{"type":"LineString","coordinates":[[30.380008620699655,60.00607454052227],[30.380004305762686,60.006068149926868]]},"properties":{"category":"automobile","unit_categoty":"unspecified","unit_restriction":"restricted","accessibility":null,"access_control":null,"door":{"type":"open","material":"metal","automatic":false},"name":null,"alt_name":null,"display_point":{"type":"Point","coordinates":[30.380008620699655,60.00607454052227]},"level_id":"24eaac9e-55e2-4986-9307-4c3a2a311e44"}},{"id":"40cd0713-9953-4cf1-b1ac-49fef91ab585","type":"Feature","feature_type":"opening","geometry":{"type":"LineString","coordinates":[[30.379996078340326,60.006055964843988],[30.37999176340578,60.006049574248586]]},"properties":{"category":"automobile","unit_categoty":"unspecified","unit_restriction":"restricted","accessibility":null,"access_control":null,"door":{"type":"open","material":"metal","automatic":false},"name":null,"alt_name":null,"display_point":{"type":"Point","coordinates":[30.379996078340326,60.006055964843988]},"level_id":"24eaac9e-55e2-4986-9307-4c3a2a311e44"}},{"id":"60575f57-88d4-4c20-9dbb-48dfc3910535","type":"Feature","feature_type":"opening","geometry":{"type":"LineString","coordinates":[[30.379842014946036,60.006072847981926],[30.379825019776003,60.0060757958619]]},"properties":{"category":"automobile","unit_categoty":"classroom","unit_restriction":null,"accessibility":null,"access_control":null,"door":{"type":"open","material":"metal","automatic":false},"name":null,"alt_name":null,"display_point":{"type":"Point","coordinates":[30.379842014946036,60.006072847981926]},"level_id":"24eaac9e-55e2-4986-9307-4c3a2a311e44"}},{"id":"b9cfa9be-bd5c-41b1-ac52-47650f2b7b40","type":"Feature","feature_type":"opening","geometry":{"type":"LineString","coordinates":[[30.379739749617514,60.0060901035501],[30.379722754438493,60.006093051430071]]},"properties":{"category":"automobile","unit_categoty":"administration","unit_restriction":null,"accessibility":null,"access_control":null,"door":{"type":"open","material":"metal","automatic":false},"name":null,"alt_name":null,"display_point":{"type":"Point","coordinates":[30.379739749617514,60.0060901035501]},"level_id":"24eaac9e-55e2-4986-9307-4c3a2a311e44"}},{"id":"6cf2f367-c7b7-4955-af05-7fafa711217b","type":"Feature","feature_type":"opening","geometry":{"type":"LineString","coordinates":[[30.379638682649787,60.006107156573307],[30.379621688010864,60.006110104453285]]},"properties":{"category":"automobile","unit_categoty":"classroom","unit_restriction":null,"accessibility":null,"access_control":null,"door":{"type":"open","material":"metal","automatic":false},"name":null,"alt_name":null,"display_point":{"type":"Point","coordinates":[30.379638682649787,60.006107156573307]},"level_id":"24eaac9e-55e2-4986-9307-4c3a2a311e44"}},{"id":"5fcc36fd-9a55-4778-ab3e-be67f4ec13b8","type":"Feature","feature_type":"opening","geometry":{"type":"LineString","coordinates":[[30.379536855298102,60.006124338314116],[30.379519860101244,60.006127286194094]]},"properties":{"category":"automobile","unit_categoty":"classroom","unit_restriction":null,"accessibility":null,"access_control":null,"door":{"type":"open","material":"metal","automatic":false},"name":null,"alt_name":null,"display_point":{"type":"Point","coordinates":[30.379536855298102,60.006124338314116]},"level_id":"24eaac9e-55e2-4986-9307-4c3a2a311e44"}},{"id":"3832924c-b1d7-4054-a77a-ca6092a287df","type":"Feature","feature_type":"opening","geometry":{"type":"LineString","coordinates":[[30.380072115603436,60.0060982819204],[30.38008017064482,60.006110211214789]]},"properties":{"category":"automobile","unit_categoty":"classroom","unit_restriction":null,"accessibility":null,"access_control":null,"door":{"type":"open","material":"metal","automatic":false},"name":null,"alt_name":null,"display_point":{"type":"Point","coordinates":[30.380072115603436,60.0060982819204]},"level_id":"24eaac9e-55e2-4986-9307-4c3a2a311e44"}},{"id":"595ae315-3aa5-45ad-bda8-e6fb9f540bce","type":"Feature","feature_type":"opening","geometry":{"type":"LineString","coordinates":[[30.380038688667497,60.006048774772339],[30.380044442102744,60.006057295932145]]},"properties":{"category":"automobile","unit_categoty":"classroom","unit_restriction":null,"accessibility":null,"access_control":null,"door":{"type":"open","material":"metal","automatic":false},"name":null,"alt_name":null,"display_point":{"type":"Point","coordinates":[30.380038688667497,60.006048774772339]},"level_id":"24eaac9e-55e2-4986-9307-4c3a2a311e44"}},{"id":"cbe50ad1-aa4f-4600-a264-5be6d6ecbf94","type":"Feature","feature_type":"opening","geometry":{"type":"LineString","coordinates":[[30.379969936905574,60.005946949272918],[30.379976841116555,60.005957174225571]]},"properties":{"category":"automobile","unit_categoty":"classroom","unit_restriction":null,"accessibility":null,"access_control":null,"door":{"type":"open","material":"metal","automatic":false},"name":null,"alt_name":null,"display_point":{"type":"Point","coordinates":[30.379969936905574,60.005946949272918]},"level_id":"24eaac9e-55e2-4986-9307-4c3a2a311e44"}},{"id":"8ae4f48b-941c-4793-9f25-6bc667e453ac","type":"Feature","feature_type":"opening","geometry":{"type":"LineString","coordinates":[[30.37991905499506,60.005871589922812],[30.379924123209321,60.005879276751074]]},"properties":{"category":"automobile","unit_categoty":"classroom","unit_restriction":null,"accessibility":null,"access_control":null,"door":{"type":"open","material":"metal","automatic":false},"name":null,"alt_name":null,"display_point":{"type":"Point","coordinates":[30.37991905499506,60.005871589922812]},"level_id":"24eaac9e-55e2-4986-9307-4c3a2a311e44"}},{"id":"d32e4f52-e3a5-485c-8177-889ab86c8dcb","type":"Feature","feature_type":"opening","geometry":{"type":"LineString","coordinates":[[30.379849636518305,60.005768775575845],[30.37985654014312,60.005779000665719]]},"properties":{"category":"automobile","unit_categoty":"classroom","unit_restriction":null,"accessibility":null,"access_control":null,"door":{"type":"open","material":"metal","automatic":false},"name":null,"alt_name":null,"display_point":{"type":"Point","coordinates":[30.379849636518305,60.005768775575845]},"level_id":"24eaac9e-55e2-4986-9307-4c3a2a311e44"}},{"id":"ebcbea33-5997-4414-9850-0c7311a70d3b","type":"Feature","feature_type":"opening","geometry":{"type":"LineString","coordinates":[[30.379797072823,60.005761224052009],[30.379789017875169,60.005749294757614]]},"properties":{"category":"automobile","unit_categoty":"classroom","unit_restriction":null,"accessibility":null,"access_control":null,"door":{"type":"open","material":"metal","automatic":false},"name":null,"alt_name":null,"display_point":{"type":"Point","coordinates":[30.379797072823,60.005761224052009]},"level_id":"24eaac9e-55e2-4986-9307-4c3a2a311e44"}},{"id":"a7b9b71b-f019-4e9d-a719-6ace1c1c62af","type":"Feature","feature_type":"opening","geometry":{"type":"LineString","coordinates":[[30.379899883334211,60.005913494224664],[30.37989182834928,60.005901564655829]]},"properties":{"category":"automobile","unit_categoty":"classroom","unit_restriction":null,"accessibility":null,"access_control":null,"door":{"type":"open","material":"metal","automatic":false},"name":null,"alt_name":null,"display_point":{"type":"Point","coordinates":[30.379899883334211,60.005913494224664]},"level_id":"24eaac9e-55e2-4986-9307-4c3a2a311e44"}},{"id":"9b1d0664-3b95-4084-81cf-9a3d6584f051","type":"Feature","feature_type":"opening","geometry":{"type":"LineString","coordinates":[[30.379947213498497,60.005983593443723],[30.379941460082186,60.005975072283917]]},"properties":{"category":"automobile","unit_categoty":"classroom","unit_restriction":null,"accessibility":null,"access_control":null,"door":{"type":"open","material":"metal","automatic":false},"name":null,"alt_name":null,"display_point":{"type":"Point","coordinates":[30.379947213498497,60.005983593443723]},"level_id":"24eaac9e-55e2-4986-9307-4c3a2a311e44"}},{"id":"e8e09dea-f6e9-43f0-8c14-06dec674c2da","type":"Feature","feature_type":"opening","geometry":{"type":"LineString","coordinates":[[30.379732247598504,60.006064792565752],[30.379750996202638,60.00606162896716]]},"properties":{"category":"automobile","unit_categoty":"classroom","unit_restriction":null,"accessibility":null,"access_control":null,"door":{"type":"open","material":"metal","automatic":false},"name":null,"alt_name":null,"display_point":{"type":"Point","coordinates":[30.379732247598504,60.006064792565752]},"level_id":"24eaac9e-55e2-4986-9307-4c3a2a311e44"}},{"id":"8e06c23d-5927-48ae-a376-68e596d2c061","type":"Feature","feature_type":"opening","geometry":{"type":"LineString","coordinates":[[30.379528057769743,60.006099245792896],[30.379546806667921,60.006096082468751]]},"properties":{"category":"automobile","unit_categoty":"classroom","unit_restriction":null,"accessibility":null,"access_control":null,"door":{"type":"open","material":"metal","automatic":false},"name":null,"alt_name":null,"display_point":{"type":"Point","coordinates":[30.379528057769743,60.006099245792896]},"level_id":"24eaac9e-55e2-4986-9307-4c3a2a311e44"}},{"id":"a32dafeb-416f-48ab-8b64-f3987629d0e7","type":"Feature","feature_type":"opening","geometry":{"type":"LineString","coordinates":[[30.378219922730068,60.0060931175728],[30.378236967388048,60.006090241873487]]},"properties":{"category":"automobile","unit_categoty":"classroom","unit_restriction":null,"accessibility":null,"access_control":null,"door":{"type":"open","material":"metal","automatic":false},"name":null,"alt_name":null,"display_point":{"type":"Point","coordinates":[30.378219922730068,60.0060931175728]},"level_id":"24eaac9e-55e2-4986-9307-4c3a2a311e44"}},{"id":"1977ddf0-0294-4e86-898e-1041c01eda52","type":"Feature","feature_type":"opening","geometry":{"type":"LineString","coordinates":[[30.378272101844026,60.006120571471861],[30.378277854783434,60.006129092357213]]},"properties":{"category":"automobile","unit_categoty":"classroom","unit_restriction":null,"accessibility":null,"access_control":null,"door":{"type":"open","material":"metal","automatic":false},"name":null,"alt_name":null,"display_point":{"type":"Point","coordinates":[30.378272101844026,60.006120571471861]},"level_id":"24eaac9e-55e2-4986-9307-4c3a2a311e44"}},{"id":"ef6e26f5-c9b4-4c65-ba76-527a000d4f41","type":"Feature","feature_type":"opening","geometry":{"type":"LineString","coordinates":[[30.378339278765797,60.006220067978681],[30.378348483716859,60.006233701614811]]},"properties":{"category":"automobile","unit_categoty":"classroom","unit_restriction":null,"accessibility":null,"access_control":null,"door":{"type":"open","material":"metal","automatic":false},"name":null,"alt_name":null,"display_point":{"type":"Point","coordinates":[30.378339278765797,60.006220067978681]},"level_id":"24eaac9e-55e2-4986-9307-4c3a2a311e44"}},{"id":"71937d78-461e-4413-bf55-2bbd1f84360f","type":"Feature","feature_type":"opening","geometry":{"type":"LineString","coordinates":[[30.378566881028981,60.006262375998205],[30.378583925440985,60.006259500024427]]},"properties":{"category":"automobile","unit_categoty":"classroom","unit_restriction":null,"accessibility":null,"access_control":null,"door":{"type":"open","material":"metal","automatic":false},"name":null,"alt_name":null,"display_point":{"type":"Point","coordinates":[30.378566881028981,60.006262375998205]},"level_id":"24eaac9e-55e2-4986-9307-4c3a2a311e44"}},{"id":"05443799-8f43-4d51-806a-0e6d428a66a4","type":"Feature","feature_type":"opening","geometry":{"type":"LineString","coordinates":[[30.37863812635937,60.006250354488223],[30.378653466461927,60.006247766413722]]},"properties":{"category":"automobile","unit_categoty":"classroom","unit_restriction":null,"accessibility":null,"access_control":null,"door":{"type":"open","material":"metal","automatic":false},"name":null,"alt_name":null,"display_point":{"type":"Point","coordinates":[30.37863812635937,60.006250354488223]},"level_id":"24eaac9e-55e2-4986-9307-4c3a2a311e44"}},{"id":"12bfbd03-55b4-427d-a48f-26bc72205466","type":"Feature","feature_type":"opening","geometry":{"type":"LineString","coordinates":[[30.378738733211208,60.006233379134692],[30.378757481910643,60.0062302155361]]},"properties":{"category":"automobile","unit_categoty":"administration","unit_restriction":null,"accessibility":null,"access_control":null,"door":{"type":"open","material":"metal","automatic":false},"name":null,"alt_name":null,"display_point":{"type":"Point","coordinates":[30.378738733211208,60.006233379134692]},"level_id":"24eaac9e-55e2-4986-9307-4c3a2a311e44"}},{"id":"8c1ee35b-0c9d-4495-a626-e89b80bc12bc","type":"Feature","feature_type":"opening","geometry":{"type":"LineString","coordinates":[[30.378890836869605,60.006207714382789],[30.37890958555451,60.006204551058644]]},"properties":{"category":"automobile","unit_categoty":"administration","unit_restriction":null,"accessibility":null,"access_control":null,"door":{"type":"open","material":"metal","automatic":false},"name":null,"alt_name":null,"display_point":{"type":"Point","coordinates":[30.378890836869605,60.006207714382789]},"level_id":"24eaac9e-55e2-4986-9307-4c3a2a311e44"}},{"id":"c78d8cff-186e-4e25-bf86-e35dda14200d","type":"Feature","feature_type":"opening","geometry":{"type":"LineString","coordinates":[[30.378252352458528,60.006164433708335],[30.378243147536917,60.006150800072206]]},"properties":{"category":"automobile","unit_categoty":"classroom","unit_restriction":null,"accessibility":null,"access_control":null,"door":{"type":"open","material":"metal","automatic":false},"name":null,"alt_name":null,"display_point":{"type":"Point","coordinates":[30.378252352458528,60.006164433708335]},"level_id":"24eaac9e-55e2-4986-9307-4c3a2a311e44"}},{"id":"dd8f5996-a4ff-49d1-b461-c07d14838c26","type":"Feature","feature_type":"opening","geometry":{"type":"LineString","coordinates":[[30.378285087443693,60.006212917976896],[30.37827933449606,60.006204397091544]]},"properties":{"category":"automobile","unit_categoty":"classroom","unit_restriction":null,"accessibility":null,"access_control":null,"door":{"type":"open","material":"metal","automatic":false},"name":null,"alt_name":null,"display_point":{"type":"Point","coordinates":[30.378285087443693,60.006212917976896]},"level_id":"24eaac9e-55e2-4986-9307-4c3a2a311e44"}},{"id":"13fefcd7-9bd6-44c9-b884-26bb5d70dccb","type":"Feature","feature_type":"opening","geometry":{"type":"LineString","coordinates":[[30.378320123989084,60.006264810654493],[30.378310919039535,60.006251177018363]]},"properties":{"category":"automobile","unit_categoty":"classroom","unit_restriction":null,"accessibility":null,"access_control":null,"door":{"type":"open","material":"metal","automatic":false},"name":null,"alt_name":null,"display_point":{"type":"Point","coordinates":[30.378320123989084,60.006264810654493]},"level_id":"24eaac9e-55e2-4986-9307-4c3a2a311e44"}},{"id":"1b34b9a5-365a-40be-b6bc-99d5392d6392","type":"Feature","feature_type":"opening","geometry":{"type":"LineString","coordinates":[[30.378355735419465,60.006317555502967],[30.378346530455239,60.006303921866831]]},"properties":{"category":"automobile","unit_categoty":"classroom","unit_restriction":null,"accessibility":null,"access_control":null,"door":{"type":"open","material":"metal","automatic":false},"name":null,"alt_name":null,"display_point":{"type":"Point","coordinates":[30.378355735419465,60.006317555502967]},"level_id":"24eaac9e-55e2-4986-9307-4c3a2a311e44"}},{"id":"06ab81fa-b598-48c0-bb92-2216c92621f6","type":"Feature","feature_type":"opening","geometry":{"type":"LineString","coordinates":[[30.378385996917068,60.006362375848461],[30.378379668563802,60.006353002792231]]},"properties":{"category":"automobile","unit_categoty":"classroom","unit_restriction":null,"accessibility":null,"access_control":null,"door":{"type":"open","material":"metal","automatic":false},"name":null,"alt_name":null,"display_point":{"type":"Point","coordinates":[30.378385996917068,60.006362375848461]},"level_id":"24eaac9e-55e2-4986-9307-4c3a2a311e44"}},{"id":"0bb4ec19-6e58-402a-a9c8-bd40c446f6a7","type":"Feature","feature_type":"opening","geometry":{"type":"LineString","coordinates":[[30.378405557367909,60.006391347188014],[30.378399229283591,60.006381974131784]]},"properties":{"category":"automobile","unit_categoty":"classroom","unit_restriction":null,"accessibility":null,"access_control":null,"door":{"type":"open","material":"metal","automatic":false},"name":null,"alt_name":null,"display_point":{"type":"Point","coordinates":[30.378405557367909,60.006391347188014]},"level_id":"24eaac9e-55e2-4986-9307-4c3a2a311e44"}},{"id":"d8a78ca3-6f51-4eb0-bfc0-1beb217a491e","type":"Feature","feature_type":"opening","geometry":{"type":"LineString","coordinates":[[30.378405100068989,60.00631755660077],[30.378409702557626,60.006324373693289]]},"properties":{"category":"automobile","unit_categoty":"restroom.female","unit_restriction":null,"accessibility":null,"access_control":null,"door":{"type":"open","material":"metal","automatic":false},"name":null,"alt_name":null,"display_point":{"type":"Point","coordinates":[30.378405100068989,60.00631755660077]},"level_id":"24eaac9e-55e2-4986-9307-4c3a2a311e44"}},{"id":"1fdba90c-fc8d-4b7f-8350-ea0bc5377cb4","type":"Feature","feature_type":"opening","geometry":{"type":"LineString","coordinates":[[30.378417195123422,60.006335470577284],[30.378421797614539,60.006342287395356]]},"properties":{"category":"automobile","unit_categoty":"unspecified","unit_restriction":"restricted","accessibility":null,"access_control":null,"door":{"type":"open","material":"metal","automatic":false},"name":null,"alt_name":null,"display_point":{"type":"Point","coordinates":[30.378417195123422,60.006335470577284]},"level_id":"24eaac9e-55e2-4986-9307-4c3a2a311e44"}},{"id":"91261fc2-cdab-4bce-8070-c1ebcaebb0e2","type":"Feature","feature_type":"opening","geometry":{"type":"LineString","coordinates":[[30.378434742022961,60.006361459730471],[30.37843934451768,60.006368276274081]]},"properties":{"category":"automobile","unit_categoty":"restroom.male","unit_restriction":null,"accessibility":null,"access_control":null,"door":{"type":"open","material":"metal","automatic":false},"name":null,"alt_name":null,"display_point":{"type":"Point","coordinates":[30.378434742022961,60.006361459730471]},"level_id":"24eaac9e-55e2-4986-9307-4c3a2a311e44"}},{"id":"b7be70df-1dc9-46e4-aaa6-e60bbe774951","type":"Feature","feature_type":"opening","geometry":{"type":"LineString","coordinates":[[30.378442336167236,60.006372707562612],[30.378446938663519,60.006379524106222]]},"properties":{"category":"automobile","unit_categoty":"unspecified","unit_restriction":"restricted","accessibility":null,"access_control":null,"door":{"type":"open","material":"metal","automatic":false},"name":null,"alt_name":null,"display_point":{"type":"Point","coordinates":[30.378442336167236,60.006372707562612]},"level_id":"24eaac9e-55e2-4986-9307-4c3a2a311e44"}},{"id":"89798771-495c-4ad0-b62a-4ba55a8495ac","type":"Feature","feature_type":"opening","geometry":{"type":"LineString","coordinates":[[30.378461666877637,60.006401337759364],[30.378468570353927,60.006411562986465]]},"properties":{"category":"automobile","unit_categoty":"classroom","unit_restriction":null,"accessibility":null,"access_control":null,"door":{"type":"open","material":"metal","automatic":false},"name":null,"alt_name":null,"display_point":{"type":"Point","coordinates":[30.378461666877637,60.006401337759364]},"level_id":"24eaac9e-55e2-4986-9307-4c3a2a311e44"}},{"id":"38e81c32-f6d8-487b-aec7-dd43f31839fa","type":"Feature","feature_type":"opening","geometry":{"type":"LineString","coordinates":[[30.37856369395551,60.006288541074582],[30.37854835384,60.006291129423531]]},"properties":{"category":"automobile","unit_categoty":"classroom","unit_restriction":null,"accessibility":null,"access_control":null,"door":{"type":"open","material":"metal","automatic":false},"name":null,"alt_name":null,"display_point":{"type":"Point","coordinates":[30.37856369395551,60.006288541074582]},"level_id":"24eaac9e-55e2-4986-9307-4c3a2a311e44"}},{"id":"4a679a90-11e1-4db3-8125-cb226d3b0532","type":"Feature","feature_type":"opening","geometry":{"type":"LineString","coordinates":[[30.378651216529814,60.006273773131781],[30.378622241438979,60.006278662204856]]},"properties":{"category":"automobile","unit_categoty":"classroom","unit_restriction":null,"accessibility":null,"access_control":null,"door":{"type":"open","material":"metal","automatic":false},"name":null,"alt_name":null,"display_point":{"type":"Point","coordinates":[30.378651216529814,60.006273773131781]},"level_id":"24eaac9e-55e2-4986-9307-4c3a2a311e44"}},{"id":"545a1ddd-d383-4a43-97b3-bd500d9ffb62","type":"Feature","feature_type":"opening","geometry":{"type":"LineString","coordinates":[[30.378701667653509,60.006265260479957],[30.378686327823289,60.006267848828905]]},"properties":{"category":"automobile","unit_categoty":"classroom","unit_restriction":null,"accessibility":null,"access_control":null,"door":{"type":"open","material":"metal","automatic":false},"name":null,"alt_name":null,"display_point":{"type":"Point","coordinates":[30.378701667653509,60.006265260479957]},"level_id":"24eaac9e-55e2-4986-9307-4c3a2a311e44"}},{"id":"64cca931-2870-4fa2-916e-efef25d35ce8","type":"Feature","feature_type":"opening","geometry":{"type":"LineString","coordinates":[[30.3787959228345,60.006249356858234],[30.378780582737161,60.006251945207183]]},"properties":{"category":"automobile","unit_categoty":"administration","unit_restriction":null,"accessibility":null,"access_control":null,"door":{"type":"open","material":"metal","automatic":false},"name":null,"alt_name":null,"display_point":{"type":"Point","coordinates":[30.3787959228345,60.006249356858234]},"level_id":"24eaac9e-55e2-4986-9307-4c3a2a311e44"}},{"id":"16b639ea-cc27-49f8-84bf-369a646506be","type":"Feature","feature_type":"opening","geometry":{"type":"LineString","coordinates":[[30.378836715750424,60.006242473897437],[30.378821375656262,60.006245061971931]]},"properties":{"category":"automobile","unit_categoty":"administration","unit_restriction":null,"accessibility":null,"access_control":null,"door":{"type":"open","material":"metal","automatic":false},"name":null,"alt_name":null,"display_point":{"type":"Point","coordinates":[30.378836715750424,60.006242473897437]},"level_id":"24eaac9e-55e2-4986-9307-4c3a2a311e44"}},{"id":"b4756719-e6ed-4e7f-8e74-afa099ae5ad3","type":"Feature","feature_type":"opening","geometry":{"type":"LineString","coordinates":[[30.378898700028341,60.006232015112396],[30.378883360213539,60.006234603461344]]},"properties":{"category":"automobile","unit_categoty":"classroom","unit_restriction":null,"accessibility":null,"access_control":null,"door":{"type":"open","material":"metal","automatic":false},"name":null,"alt_name":null,"display_point":{"type":"Point","coordinates":[30.378898700028341,60.006232015112396]},"level_id":"24eaac9e-55e2-4986-9307-4c3a2a311e44"}},{"id":"d19cf2e1-5885-4f09-a5cc-1fe9c9562437","type":"Feature","feature_type":"opening","geometry":{"type":"LineString","coordinates":[[30.378434484246622,60.006434190661757],[30.37842700511791,60.00642311353824]]},"properties":{"category":"automobile","unit_categoty":"stairs","unit_restriction":null,"accessibility":null,"access_control":null,"door":{"type":"open","material":"metal","automatic":false},"name":null,"alt_name":null,"display_point":{"type":"Point","coordinates":[30.378434484246622,60.006434190661757]},"level_id":"24eaac9e-55e2-4986-9307-4c3a2a311e44"}},{"id":"894525db-56d9-4a2c-890f-e1fafa87ef01","type":"Feature","feature_type":"opening","geometry":{"type":"LineString","coordinates":[[30.378222758478881,60.006120601661486],[30.378215279695571,60.006109524537969]]},"properties":{"category":"automobile","unit_categoty":"stairs","unit_restriction":null,"accessibility":null,"access_control":null,"door":{"type":"open","material":"metal","automatic":false},"name":null,"alt_name":null,"display_point":{"type":"Point","coordinates":[30.378222758478881,60.006120601661486]},"level_id":"24eaac9e-55e2-4986-9307-4c3a2a311e44"}},{"id":"2f15d412-2d66-42ae-9b42-573a4e26e7de","type":"Feature","feature_type":"opening","geometry":{"type":"LineString","coordinates":[[30.380101186459274,60.006141329860263],[30.380108923064387,60.006152786275294]]},"properties":{"category":"automobile","unit_categoty":"stairs","unit_restriction":null,"accessibility":null,"access_control":null,"door":{"type":"open","material":"metal","automatic":false},"name":null,"alt_name":null,"display_point":{"type":"Point","coordinates":[30.380101186459274,60.006141329860263]},"level_id":"24eaac9e-55e2-4986-9307-4c3a2a311e44"}},{"id":"f07589ed-f393-49f0-9c79-4a9ef27bff72","type":"Feature","feature_type":"opening","geometry":{"type":"LineString","coordinates":[[30.379888633195705,60.005826651151636],[30.379897011006946,60.005839059500538]]},"properties":{"category":"automobile","unit_categoty":"stairs","unit_restriction":null,"accessibility":null,"access_control":null,"door":{"type":"open","material":"metal","automatic":false},"name":null,"alt_name":null,"display_point":{"type":"Point","coordinates":[30.379888633195705,60.005826651151636]},"level_id":"24eaac9e-55e2-4986-9307-4c3a2a311e44"}},{"id":"fb9b233d-28e4-4acf-8815-5b825b5e122d","type":"Feature","feature_type":"opening","geometry":{"type":"LineString","coordinates":[[30.378968818500571,60.006138745079184],[30.37897572257685,60.006148970580732]]},"properties":{"category":"automobile","unit_categoty":"unspecified","unit_restriction":"restricted","accessibility":null,"access_control":null,"door":{"type":"open","material":"metal","automatic":false},"name":null,"alt_name":null,"display_point":{"type":"Point","coordinates":[30.378968818500571,60.006138745079184]},"level_id":"24eaac9e-55e2-4986-9307-4c3a2a311e44"}},{"id":"e1c529b5-4d6e-468a-a8d6-65126b614f4b","type":"Feature","feature_type":"opening","geometry":{"type":"LineString","coordinates":[[30.379322878651191,60.006078244515209],[30.379329782775869,60.006088469742309]]},"properties":{"category":"automobile","unit_categoty":"unspecified","unit_restriction":"restricted","accessibility":null,"access_control":null,"door":{"type":"open","material":"metal","automatic":false},"name":null,"alt_name":null,"display_point":{"type":"Point","coordinates":[30.379322878651191,60.006078244515209]},"level_id":"24eaac9e-55e2-4986-9307-4c3a2a311e44"}},{"id":"5c2bedd4-233a-4b63-9f32-59c75bc00556","type":"Feature","feature_type":"opening","geometry":{"type":"LineString","coordinates":[[30.378999261494748,60.006215047169043],[30.378977103659977,60.006218786017286]]},"properties":{"category":"automobile","unit_categoty":"stairs","unit_restriction":null,"accessibility":null,"access_control":null,"door":{"type":"open","material":"metal","automatic":false},"name":null,"alt_name":null,"display_point":{"type":"Point","coordinates":[30.378999261494748,60.006215047169043]},"level_id":"24eaac9e-55e2-4986-9307-4c3a2a311e44"}},{"id":"c747fded-c99e-49e2-9551-f14246ed9386","type":"Feature","feature_type":"opening","geometry":{"type":"LineString","coordinates":[[30.379389080262104,60.006342903812673],[30.379414646719823,60.006338589989241]]},"properties":{"category":"automobile","unit_categoty":"foodservice.coffee","unit_restriction":null,"accessibility":null,"access_control":null,"door":{"type":"open","material":"metal","automatic":false},"name":null,"alt_name":null,"display_point":{"type":"Point","coordinates":[30.379389080262104,60.006342903812673]},"level_id":"24eaac9e-55e2-4986-9307-4c3a2a311e44"}},{"id":"ccf77aad-0379-4891-b547-414fab38ecdd","type":"Feature","feature_type":"opening","geometry":{"type":"LineString","coordinates":[[30.379415498315826,60.006230240511151],[30.379389931900043,60.006234554334583]]},"properties":{"category":"automobile","unit_categoty":"foodservice.coffee","unit_restriction":null,"accessibility":null,"access_control":null,"door":{"type":"open","material":"metal","automatic":false},"name":null,"alt_name":null,"display_point":{"type":"Point","coordinates":[30.379415498315826,60.006230240511151]},"level_id":"24eaac9e-55e2-4986-9307-4c3a2a311e44"}},{"id":"54dfd690-8c24-43d4-b5d8-cde2e9284a6c","type":"Feature","feature_type":"opening","geometry":{"type":"LineString","coordinates":[[30.379323568765379,60.0063871788237],[30.379349135244482,60.006382865000269]]},"properties":{"category":"automobile","unit_categoty":"foodservice.coffee","unit_restriction":null,"accessibility":null,"access_control":null,"door":{"type":"open","material":"metal","automatic":false},"name":null,"alt_name":null,"display_point":{"type":"Point","coordinates":[30.379323568765379,60.0063871788237]},"level_id":"24eaac9e-55e2-4986-9307-4c3a2a311e44"}},{"id":"ca38553b-158a-4be1-896b-1f3551554d74","type":"Feature","feature_type":"opening","geometry":{"type":"LineString","coordinates":[[30.379176537905554,60.006363441542341],[30.379185167933421,60.0063762230076]]},"properties":{"category":"automobile","unit_categoty":"foodservice.coffee","unit_restriction":null,"accessibility":null,"access_control":null,"door":{"type":"open","material":"metal","automatic":false},"name":null,"alt_name":null,"display_point":{"type":"Point","coordinates":[30.379176537905554,60.006363441542341]},"level_id":"24eaac9e-55e2-4986-9307-4c3a2a311e44"}},{"id":"59a94bc9-2abd-4647-9a41-0af1b2d20936","type":"Feature","feature_type":"opening","geometry":{"type":"LineString","coordinates":[[30.37882735413563,60.006838234924082],[30.378805196631362,60.00684197349787]]},"properties":{"category":"automobile","unit_categoty":"stairs","unit_restriction":null,"accessibility":null,"access_control":null,"door":{"type":"open","material":"metal","automatic":false},"name":null,"alt_name":null,"display_point":{"type":"Point","coordinates":[30.37882735413563,60.006838234924082]},"level_id":"24eaac9e-55e2-4986-9307-4c3a2a311e44"}},{"id":"4ad35443-3f73-4932-9633-670069f42714","type":"Feature","feature_type":"opening","geometry":{"type":"LineString","coordinates":[[30.379325920440362,60.006667642391569],[30.379318472153365,60.006656559779024]]},"properties":{"category":"automobile","unit_categoty":"stairs","unit_restriction":null,"accessibility":null,"access_control":null,"door":{"type":"open","material":"metal","automatic":false},"name":null,"alt_name":null,"display_point":{"type":"Point","coordinates":[30.379325920440362,60.006667642391569]},"level_id":"24eaac9e-55e2-4986-9307-4c3a2a311e44"}},{"id":"f3a8ba40-2f51-4984-93ed-d21794c271c8","type":"Feature","feature_type":"opening","geometry":{"type":"LineString","coordinates":[[30.380309807959506,60.006588100131239],[30.380287650073825,60.00659183870502]]},"properties":{"category":"automobile","unit_categoty":"stairs","unit_restriction":null,"accessibility":null,"access_control":null,"door":{"type":"open","material":"metal","automatic":false},"name":null,"alt_name":null,"display_point":{"type":"Point","coordinates":[30.380309807959506,60.006588100131239]},"level_id":"24eaac9e-55e2-4986-9307-4c3a2a311e44"}},{"id":"5ebdd09e-2b24-4c0f-a132-156903b9d30d","type":"Feature","feature_type":"opening","geometry":{"type":"LineString","coordinates":[[30.37925028978318,60.006226793678955],[30.379233245683064,60.006229669652726]]},"properties":{"category":"automobile","unit_categoty":"elevator","unit_restriction":null,"accessibility":null,"access_control":null,"door":{"type":"open","material":"metal","automatic":false},"name":null,"alt_name":null,"display_point":{"type":"Point","coordinates":[30.37925028978318,60.006226793678955]},"level_id":"24eaac9e-55e2-4986-9307-4c3a2a311e44"}},{"id":"a3363e8b-a676-4c00-af80-39878eb8a55a","type":"Feature","feature_type":"opening","geometry":{"type":"LineString","coordinates":[[30.3792264279328,60.006230819877565],[30.379209383281626,60.006233695851336]]},"properties":{"category":"automobile","unit_categoty":"elevator","unit_restriction":null,"accessibility":null,"access_control":null,"door":{"type":"open","material":"metal","automatic":false},"name":null,"alt_name":null,"display_point":{"type":"Point","coordinates":[30.3792264279328,60.006230819877565]},"level_id":"24eaac9e-55e2-4986-9307-4c3a2a311e44"}},{"id":"c98a7e52-8151-4d6e-a81d-e264e166e2a3","type":"Feature","feature_type":"opening","geometry":{"type":"LineString","coordinates":[[30.37951676621136,60.006401089929959],[30.379494608343521,60.006404828778194]]},"properties":{"category":"automobile","unit_categoty":"stairs","unit_restriction":null,"accessibility":null,"access_control":null,"door":{"type":"open","material":"metal","automatic":false},"name":null,"alt_name":null,"display_point":{"type":"Point","coordinates":[30.37951676621136,60.006401089929959]},"level_id":"24eaac9e-55e2-4986-9307-4c3a2a311e44"}},{"id":"7bdba746-d5c1-4431-b3b9-0c5a99f5e88c","type":"Feature","feature_type":"opening","geometry":{"type":"LineString","coordinates":[[30.379416846344245,60.006144587595607],[30.379394688556665,60.006148326169395]]},"properties":{"category":"automobile","unit_categoty":"stairs","unit_restriction":null,"accessibility":null,"access_control":null,"door":{"type":"open","material":"metal","automatic":false},"name":null,"alt_name":null,"display_point":{"type":"Point","coordinates":[30.379416846344245,60.006144587595607]},"level_id":"24eaac9e-55e2-4986-9307-4c3a2a311e44"}},{"id":"b46d4def-3284-4f84-a82c-a13262d8ee27","type":"Feature","feature_type":"opening","geometry":{"type":"LineString","coordinates":[[30.378475618501206,60.006422001462113],[30.378483097363439,60.006433078585637]]},"properties":{"category":"automobile","unit_categoty":"unspecified","unit_restriction":"restricted","accessibility":null,"access_control":null,"door":{"type":"open","material":"metal","automatic":false},"name":null,"alt_name":null,"display_point":{"type":"Point","coordinates":[30.378475618501206,60.006422001462113]},"level_id":"24eaac9e-55e2-4986-9307-4c3a2a311e44"}},{"id":"dce5e96e-35f3-472b-ae40-31f1f89e1a65","type":"Feature","feature_type":"opening","geometry":{"type":"LineString","coordinates":[[30.378536167332534,60.006293185611668],[30.378520827489361,60.006295773960609]]},"properties":{"category":"automobile","unit_categoty":"restroom","unit_restriction":null,"accessibility":null,"access_control":null,"door":{"type":"open","material":"metal","automatic":false},"name":null,"alt_name":null,"display_point":{"type":"Point","coordinates":[30.378536167332534,60.006293185611668]},"level_id":"24eaac9e-55e2-4986-9307-4c3a2a311e44"}},{"id":"683d406d-74fd-4c8f-9f88-4af6d4ac8362","type":"Feature","feature_type":"opening","geometry":{"type":"LineString","coordinates":[[30.3793350892341,60.006470660830523],[30.379312931881657,60.006474399404311]]},"properties":{"category":"automobile","unit_categoty":"stairs","unit_restriction":null,"accessibility":null,"access_control":null,"door":{"type":"open","material":"metal","automatic":false},"name":null,"alt_name":null,"display_point":{"type":"Point","coordinates":[30.3793350892341,60.006470660830523]},"level_id":"ee066945-7a0b-4f69-b95c-817981001759"}},{"id":"9a3d7fe2-52c5-4c4c-b154-da771cb6773f","type":"Feature","feature_type":"opening","geometry":{"type":"LineString","coordinates":[[30.379340493916413,60.006751652991341],[30.37931151866719,60.006756542064416]]},"properties":{"category":"automobile","unit_categoty":"laboratory","unit_restriction":"restricted","accessibility":null,"access_control":null,"door":{"type":"open","material":"metal","automatic":false},"name":null,"alt_name":null,"display_point":{"type":"Point","coordinates":[30.379340493916413,60.006751652991341]},"level_id":"ee066945-7a0b-4f69-b95c-817981001759"}},{"id":"70c1a495-159f-4303-b056-48e299f08ed4","type":"Feature","feature_type":"opening","geometry":{"type":"LineString","coordinates":[[30.379156329179679,60.006782727175725],[30.37914098897275,60.006785315524674]]},"properties":{"category":"automobile","unit_categoty":"classroom","unit_restriction":null,"accessibility":null,"access_control":null,"door":{"type":"open","material":"metal","automatic":false},"name":null,"alt_name":null,"display_point":{"type":"Point","coordinates":[30.379156329179679,60.006782727175725]},"level_id":"ee066945-7a0b-4f69-b95c-817981001759"}},{"id":"19ac7d76-43f7-45bf-8e59-9be6008a6ad4","type":"Feature","feature_type":"opening","geometry":{"type":"LineString","coordinates":[[30.379079544138726,60.006795682917478],[30.379062499610107,60.006798558891248]]},"properties":{"category":"automobile","unit_categoty":"laboratory","unit_restriction":null,"accessibility":null,"access_control":null,"door":{"type":"open","material":"metal","automatic":false},"name":null,"alt_name":null,"display_point":{"type":"Point","coordinates":[30.379079544138726,60.006795682917478]},"level_id":"ee066945-7a0b-4f69-b95c-817981001759"}},{"id":"60ade74e-72dd-4c86-bea4-e359f7e1b2f5","type":"Feature","feature_type":"opening","geometry":{"type":"LineString","coordinates":[[30.378977533045148,60.006812895396813],[30.378960488507659,60.006815771370583]]},"properties":{"category":"automobile","unit_categoty":"laboratory","unit_restriction":"restricted","accessibility":null,"access_control":null,"door":{"type":"open","material":"metal","automatic":false},"name":null,"alt_name":null,"display_point":{"type":"Point","coordinates":[30.378977533045148,60.006812895396813]},"level_id":"ee066945-7a0b-4f69-b95c-817981001759"}},{"id":"c224cd0c-880e-4186-98bc-f6c5b2e23c2e","type":"Feature","feature_type":"opening","geometry":{"type":"LineString","coordinates":[[30.379356136910545,60.006712394398726],[30.379350958902194,60.006704725684237]]},"properties":{"category":"automobile","unit_categoty":"unspecified","unit_restriction":"restricted","accessibility":null,"access_control":null,"door":{"type":"open","material":"metal","automatic":false},"name":null,"alt_name":null,"display_point":{"type":"Point","coordinates":[30.379356136910545,60.006712394398726]},"level_id":"ee066945-7a0b-4f69-b95c-817981001759"}},{"id":"9319028e-db4c-42fc-be26-3fb1f62ad368","type":"Feature","feature_type":"opening","geometry":{"type":"LineString","coordinates":[[30.379293095511592,60.006732124418612],[30.379308435425738,60.006729536069663]]},"properties":{"category":"automobile","unit_categoty":"unspecified","unit_restriction":"restricted","accessibility":null,"access_control":null,"door":{"type":"open","material":"metal","automatic":false},"name":null,"alt_name":null,"display_point":{"type":"Point","coordinates":[30.379293095511592,60.006732124418612]},"level_id":"ee066945-7a0b-4f69-b95c-817981001759"}},{"id":"506cde1f-e391-4019-996c-9b452b426683","type":"Feature","feature_type":"opening","geometry":{"type":"LineString","coordinates":[[30.3789849171094,60.006784123583259],[30.379013892669338,60.006779234510184]]},"properties":{"category":"automobile","unit_categoty":"laboratory","unit_restriction":null,"accessibility":null,"access_control":null,"door":{"type":"open","material":"metal","automatic":false},"name":null,"alt_name":null,"display_point":{"type":"Point","coordinates":[30.3789849171094,60.006784123583259]},"level_id":"ee066945-7a0b-4f69-b95c-817981001759"}},{"id":"84fed46a-356b-45f6-8162-67eef208f5d0","type":"Feature","feature_type":"opening","geometry":{"type":"LineString","coordinates":[[30.379230889782093,60.006711582846627],[30.379246229419397,60.006708994223224]]},"properties":{"category":"automobile","unit_categoty":"laboratory","unit_restriction":null,"accessibility":null,"access_control":null,"door":{"type":"open","material":"metal","automatic":false},"name":null,"alt_name":null,"display_point":{"type":"Point","coordinates":[30.379230889782093,60.006711582846627]},"level_id":"ee066945-7a0b-4f69-b95c-817981001759"}},{"id":"7159b9e4-09f1-48ba-8d88-a8c7cef3dc3c","type":"Feature","feature_type":"opening","geometry":{"type":"LineString","coordinates":[[30.379108163604638,60.006763328143947],[30.37912009462984,60.006761315044642]]},"properties":{"category":"automobile","unit_categoty":"restroom","unit_restriction":null,"accessibility":null,"access_control":null,"door":{"type":"open","material":"metal","automatic":false},"name":null,"alt_name":null,"display_point":{"type":"Point","coordinates":[30.379108163604638,60.006763328143947]},"level_id":"ee066945-7a0b-4f69-b95c-817981001759"}},{"id":"b3b1c718-21e9-493a-accf-bc3b80fcca11","type":"Feature","feature_type":"opening","geometry":{"type":"LineString","coordinates":[[30.37913112257905,60.006759454265733],[30.379143053602853,60.006757441166435]]},"properties":{"category":"automobile","unit_categoty":"restroom","unit_restriction":null,"accessibility":null,"access_control":null,"door":{"type":"open","material":"metal","automatic":false},"name":null,"alt_name":null,"display_point":{"type":"Point","coordinates":[30.37913112257905,60.006759454265733]},"level_id":"ee066945-7a0b-4f69-b95c-817981001759"}},{"id":"e5c4bfbb-a9fe-4a87-9f1a-c9f3ed22030d","type":"Feature","feature_type":"opening","geometry":{"type":"LineString","coordinates":[[30.378492031977245,60.006446311797511],[30.378500086227064,60.0064582410919]]},"properties":{"category":"automobile","unit_categoty":"classroom","unit_restriction":null,"accessibility":null,"access_control":null,"door":{"type":"open","material":"metal","automatic":false},"name":null,"alt_name":null,"display_point":{"type":"Point","coordinates":[30.378492031977245,60.006446311797511]},"level_id":"ee066945-7a0b-4f69-b95c-817981001759"}},{"id":"4a161ff0-96f8-4ef2-8716-3aad5ab71dc5","type":"Feature","feature_type":"opening","geometry":{"type":"LineString","coordinates":[[30.378475618501206,60.006422001462113],[30.378483097363439,60.006433078585637]]},"properties":{"category":"automobile","unit_categoty":"unspecified","unit_restriction":"restricted","accessibility":null,"access_control":null,"door":{"type":"open","material":"metal","automatic":false},"name":null,"alt_name":null,"display_point":{"type":"Point","coordinates":[30.378475618501206,60.006422001462113]},"level_id":"ee066945-7a0b-4f69-b95c-817981001759"}},{"id":"295d1001-18fd-4718-b769-bdeef47259bc","type":"Feature","feature_type":"opening","geometry":{"type":"LineString","coordinates":[[30.37845912103602,60.006397567349239],[30.378468326036487,60.006411200985376]]},"properties":{"category":"automobile","unit_categoty":"laboratory","unit_restriction":null,"accessibility":null,"access_control":null,"door":{"type":"open","material":"metal","automatic":false},"name":null,"alt_name":null,"display_point":{"type":"Point","coordinates":[30.37845912103602,60.006397567349239]},"level_id":"ee066945-7a0b-4f69-b95c-817981001759"}},{"id":"a42cdaa2-ed89-448b-b5c1-583c8f8bdf00","type":"Feature","feature_type":"opening","geometry":{"type":"LineString","coordinates":[[30.378404578493928,60.006316784020733],[30.378408605602715,60.006322748942381]]},"properties":{"category":"automobile","unit_categoty":"restroom","unit_restriction":null,"accessibility":null,"access_control":null,"door":{"type":"open","material":"metal","automatic":false},"name":null,"alt_name":null,"display_point":{"type":"Point","coordinates":[30.378404578493928,60.006316784020733]},"level_id":"ee066945-7a0b-4f69-b95c-817981001759"}},{"id":"4b68d3df-f9da-4acf-b1c5-8bbdd85c42c7","type":"Feature","feature_type":"opening","geometry":{"type":"LineString","coordinates":[[30.378433323062421,60.006359357708988],[30.378437350450884,60.006365322630629]]},"properties":{"category":"automobile","unit_categoty":"restroom","unit_restriction":null,"accessibility":null,"access_control":null,"door":{"type":"open","material":"metal","automatic":false},"name":null,"alt_name":null,"display_point":{"type":"Point","coordinates":[30.378433323062421,60.006359357708988]},"level_id":"ee066945-7a0b-4f69-b95c-817981001759"}},{"id":"9345f63c-8062-4a5b-bf0a-1e6ae56414e9","type":"Feature","feature_type":"opening","geometry":{"type":"LineString","coordinates":[[30.3784161997381,60.006333996774522],[30.378420226848956,60.006339961147269]]},"properties":{"category":"automobile","unit_categoty":"unspecified","unit_restriction":"restricted","accessibility":null,"access_control":null,"door":{"type":"open","material":"metal","automatic":false},"name":null,"alt_name":null,"display_point":{"type":"Point","coordinates":[30.3784161997381,60.006333996774522]},"level_id":"ee066945-7a0b-4f69-b95c-817981001759"}},{"id":"f63d443e-72ea-41bb-81ac-4e7bc7efb6a7","type":"Feature","feature_type":"opening","geometry":{"type":"LineString","coordinates":[[30.379501819769104,60.006724432375776],[30.379474548581349,60.00672903382403]]},"properties":{"category":"automobile","unit_categoty":"classroom","unit_restriction":null,"accessibility":null,"access_control":null,"door":{"type":"open","material":"metal","automatic":false},"name":null,"alt_name":null,"display_point":{"type":"Point","coordinates":[30.379501819769104,60.006724432375776]},"level_id":"ee066945-7a0b-4f69-b95c-817981001759"}},{"id":"353905e1-1630-458f-89c6-96320fc5dbfb","type":"Feature","feature_type":"opening","geometry":{"type":"LineString","coordinates":[[30.379792307420928,60.006675418416457],[30.379776967263773,60.006678006765405]]},"properties":{"category":"automobile","unit_categoty":"classroom","unit_restriction":null,"accessibility":null,"access_control":null,"door":{"type":"open","material":"metal","automatic":false},"name":null,"alt_name":null,"display_point":{"type":"Point","coordinates":[30.379792307420928,60.006675418416457]},"level_id":"ee066945-7a0b-4f69-b95c-817981001759"}},{"id":"5d383bf2-16cb-4bd4-ae87-f303b0085c7c","type":"Feature","feature_type":"opening","geometry":{"type":"LineString","coordinates":[[30.380151295741744,60.006614845946281],[30.380130842419064,60.006618297169695]]},"properties":{"category":"automobile","unit_categoty":"laboratory","unit_restriction":null,"accessibility":null,"access_control":null,"door":{"type":"open","material":"metal","automatic":false},"name":null,"alt_name":null,"display_point":{"type":"Point","coordinates":[30.380151295741744,60.006614845946281]},"level_id":"ee066945-7a0b-4f69-b95c-817981001759"}},{"id":"dee52457-d962-41f7-97b8-ea000c5df4a3","type":"Feature","feature_type":"opening","geometry":{"type":"LineString","coordinates":[[30.379526710156846,60.006634617133841],[30.37953188790561,60.006642286122776]]},"properties":{"category":"automobile","unit_categoty":"restroom","unit_restriction":null,"accessibility":null,"access_control":null,"door":{"type":"open","material":"metal","automatic":false},"name":null,"alt_name":null,"display_point":{"type":"Point","coordinates":[30.379526710156846,60.006634617133841]},"level_id":"ee066945-7a0b-4f69-b95c-817981001759"}},{"id":"5de52275-3b3d-4975-b806-4783b79b532f","type":"Feature","feature_type":"opening","geometry":{"type":"LineString","coordinates":[[30.37955593654787,60.006677903846217],[30.379561689975631,60.006686424731576]]},"properties":{"category":"automobile","unit_categoty":"restroom","unit_restriction":null,"accessibility":null,"access_control":null,"door":{"type":"open","material":"metal","automatic":false},"name":null,"alt_name":null,"display_point":{"type":"Point","coordinates":[30.37955593654787,60.006677903846217]},"level_id":"ee066945-7a0b-4f69-b95c-817981001759"}},{"id":"92861b67-cf45-4b99-a0f9-79656ba5c68b","type":"Feature","feature_type":"opening","geometry":{"type":"LineString","coordinates":[[30.379702107552411,60.006665010130433],[30.379715743125651,60.006662709406307]]},"properties":{"category":"automobile","unit_categoty":"unspecified","unit_restriction":"restricted","accessibility":null,"access_control":null,"door":{"type":"open","material":"metal","automatic":false},"name":null,"alt_name":null,"display_point":{"type":"Point","coordinates":[30.379702107552411,60.006665010130433]},"level_id":"ee066945-7a0b-4f69-b95c-817981001759"}},{"id":"c40757e6-012d-442b-a52f-d0a4c0ee0d17","type":"Feature","feature_type":"opening","geometry":{"type":"LineString","coordinates":[[30.379812719374197,60.006646346353328],[30.379828059522612,60.00664375800438]]},"properties":{"category":"automobile","unit_categoty":"laboratory","unit_restriction":null,"accessibility":null,"access_control":null,"door":{"type":"open","material":"metal","automatic":false},"name":null,"alt_name":null,"display_point":{"type":"Point","coordinates":[30.379812719374197,60.006646346353328]},"level_id":"ee066945-7a0b-4f69-b95c-817981001759"}},{"id":"c9ddeb76-4336-4678-81a5-95be3c3bb731","type":"Feature","feature_type":"opening","geometry":{"type":"LineString","coordinates":[[30.380066220621362,60.006603572864634],[30.380081560200971,60.006600984790133]]},"properties":{"category":"automobile","unit_categoty":"unspecified","unit_restriction":"restricted","accessibility":null,"access_control":null,"door":{"type":"open","material":"metal","automatic":false},"name":null,"alt_name":null,"display_point":{"type":"Point","coordinates":[30.380066220621362,60.006603572864634]},"level_id":"ee066945-7a0b-4f69-b95c-817981001759"}},{"id":"f4ea0d08-089d-4e28-b108-b97eceb0fcae","type":"Feature","feature_type":"opening","geometry":{"type":"LineString","coordinates":[[30.37943412638182,60.006668463000558],[30.379461397547416,60.006663861552305]]},"properties":{"category":"automobile","unit_categoty":"classroom","unit_restriction":null,"accessibility":null,"access_control":null,"door":{"type":"open","material":"metal","automatic":false},"name":null,"alt_name":null,"display_point":{"type":"Point","coordinates":[30.37943412638182,60.006668463000558]},"level_id":"ee066945-7a0b-4f69-b95c-817981001759"}},{"id":"cabcbce7-5b82-43bf-bdac-b8f12a6a4d61","type":"Feature","feature_type":"opening","geometry":{"type":"LineString","coordinates":[[30.37944026168708,60.006584754845974],[30.37943450855828,60.006576233686161]]},"properties":{"category":"automobile","unit_categoty":"unspecified","unit_restriction":null,"accessibility":null,"access_control":null,"door":{"type":"open","material":"metal","automatic":false},"name":null,"alt_name":null,"display_point":{"type":"Point","coordinates":[30.37944026168708,60.006584754845974]},"level_id":"ee066945-7a0b-4f69-b95c-817981001759"}},{"id":"f4dd660c-d25d-460e-ab39-f17b8edf24ed","type":"Feature","feature_type":"opening","geometry":{"type":"LineString","coordinates":[[30.379446396339439,60.00651594856636],[30.37945214946453,60.006524469726166]]},"properties":{"category":"automobile","unit_categoty":"classroom","unit_restriction":null,"accessibility":null,"access_control":null,"door":{"type":"open","material":"metal","automatic":false},"name":null,"alt_name":null,"display_point":{"type":"Point","coordinates":[30.379446396339439,60.00651594856636]},"level_id":"ee066945-7a0b-4f69-b95c-817981001759"}},{"id":"b1df429c-cab7-4e13-a011-f38c8e9eae2a","type":"Feature","feature_type":"opening","geometry":{"type":"LineString","coordinates":[[30.379464020829868,60.00641691862652],[30.379484473850578,60.006413467403107]]},"properties":{"category":"automobile","unit_categoty":"classroom","unit_restriction":null,"accessibility":null,"access_control":null,"door":{"type":"open","material":"metal","automatic":false},"name":null,"alt_name":null,"display_point":{"type":"Point","coordinates":[30.379464020829868,60.00641691862652]},"level_id":"ee066945-7a0b-4f69-b95c-817981001759"}},{"id":"3375fc4d-c56a-4b5b-a3c9-fa1a74a7268e","type":"Feature","feature_type":"opening","geometry":{"type":"LineString","coordinates":[[30.380068433598019,60.006162564421444],[30.380058652902871,60.006148078614437]]},"properties":{"category":"automobile","unit_categoty":"classroom","unit_restriction":null,"accessibility":null,"access_control":null,"door":{"type":"open","material":"metal","automatic":false},"name":null,"alt_name":null,"display_point":{"type":"Point","coordinates":[30.380068433598019,60.006162564421444]},"level_id":"ee066945-7a0b-4f69-b95c-817981001759"}},{"id":"cd518353-6f89-492c-9ffd-656662307a67","type":"Feature","feature_type":"opening","geometry":{"type":"LineString","coordinates":[[30.380037359838145,60.006116542528737],[30.380032757196243,60.006109725710672]]},"properties":{"category":"automobile","unit_categoty":"classroom","unit_restriction":null,"accessibility":null,"access_control":null,"door":{"type":"open","material":"metal","automatic":false},"name":null,"alt_name":null,"display_point":{"type":"Point","coordinates":[30.380037359838145,60.006116542528737]},"level_id":"ee066945-7a0b-4f69-b95c-817981001759"}},{"id":"ddb75b6f-cff9-40d9-9e1b-e293afb0c6da","type":"Feature","feature_type":"opening","geometry":{"type":"LineString","coordinates":[[30.380025991319854,60.0060997049497],[30.380021676379563,60.006093314354288]]},"properties":{"category":"automobile","unit_categoty":"restroom","unit_restriction":null,"accessibility":null,"access_control":null,"door":{"type":"open","material":"metal","automatic":false},"name":null,"alt_name":null,"display_point":{"type":"Point","coordinates":[30.380025991319854,60.0060997049497]},"level_id":"ee066945-7a0b-4f69-b95c-817981001759"}},{"id":"6be84338-9ede-4f65-b933-aeb891643b33","type":"Feature","feature_type":"opening","geometry":{"type":"LineString","coordinates":[[30.380008720033729,60.0060741250032],[30.380004404547773,60.006067734133346]]},"properties":{"category":"automobile","unit_categoty":"unspecified","unit_restriction":"restricted","accessibility":null,"access_control":null,"door":{"type":"open","material":"metal","automatic":false},"name":null,"alt_name":null,"display_point":{"type":"Point","coordinates":[30.380008720033729,60.0060741250032]},"level_id":"ee066945-7a0b-4f69-b95c-817981001759"}},{"id":"aaf9f66a-9ea2-42ce-87d4-3c4601f78f00","type":"Feature","feature_type":"opening","geometry":{"type":"LineString","coordinates":[[30.379996068414734,60.006055387398739],[30.379991753480226,60.006048996803329]]},"properties":{"category":"automobile","unit_categoty":"restroom.female","unit_restriction":null,"accessibility":null,"access_control":null,"door":{"type":"open","material":"metal","automatic":false},"name":null,"alt_name":null,"display_point":{"type":"Point","coordinates":[30.379996068414734,60.006055387398739]},"level_id":"ee066945-7a0b-4f69-b95c-817981001759"}},{"id":"c63046e8-aaa6-47bc-b7f2-ab5341654869","type":"Feature","feature_type":"opening","geometry":{"type":"LineString","coordinates":[[30.379816252662565,60.006077574579912],[30.379799208076527,60.006080450553682]]},"properties":{"category":"automobile","unit_categoty":"classroom","unit_restriction":null,"accessibility":null,"access_control":null,"door":{"type":"open","material":"metal","automatic":false},"name":null,"alt_name":null,"display_point":{"type":"Point","coordinates":[30.379816252662565,60.006077574579912]},"level_id":"ee066945-7a0b-4f69-b95c-817981001759"}},{"id":"97b002ad-4d31-46f8-be94-94b21ba6997a","type":"Feature","feature_type":"opening","geometry":{"type":"LineString","coordinates":[[30.379764958599182,60.006086229671887],[30.379747914557647,60.00608910537121]]},"properties":{"category":"automobile","unit_categoty":"classroom","unit_restriction":null,"accessibility":null,"access_control":null,"door":{"type":"open","material":"metal","automatic":false},"name":null,"alt_name":null,"display_point":{"type":"Point","coordinates":[30.379764958599182,60.006086229671887]},"level_id":"ee066945-7a0b-4f69-b95c-817981001759"}},{"id":"5ed89805-7ea6-4432-8fd1-5aa2f3757b6d","type":"Feature","feature_type":"opening","geometry":{"type":"LineString","coordinates":[[30.379511075405521,60.006129067656609],[30.379494031067438,60.006131943630379]]},"properties":{"category":"automobile","unit_categoty":"classroom","unit_restriction":null,"accessibility":null,"access_control":null,"door":{"type":"open","material":"metal","automatic":false},"name":null,"alt_name":null,"display_point":{"type":"Point","coordinates":[30.379511075405521,60.006129067656609]},"level_id":"ee066945-7a0b-4f69-b95c-817981001759"}},{"id":"e2d53e60-9d87-40e9-a967-25ce3040cbe2","type":"Feature","feature_type":"opening","geometry":{"type":"LineString","coordinates":[[30.380054067403915,60.00607158001754],[30.380062122438794,60.006083509311928]]},"properties":{"category":"automobile","unit_categoty":"laboratory","unit_restriction":null,"accessibility":null,"access_control":null,"door":{"type":"open","material":"metal","automatic":false},"name":null,"alt_name":null,"display_point":{"type":"Point","coordinates":[30.380054067403915,60.00607158001754]},"level_id":"ee066945-7a0b-4f69-b95c-817981001759"}},{"id":"6b998c66-bbb0-46fa-9115-659d8f9ec38b","type":"Feature","feature_type":"opening","geometry":{"type":"LineString","coordinates":[[30.37999784036306,60.005988276129521],[30.380003593787759,60.00599679701488]]},"properties":{"category":"automobile","unit_categoty":"laboratory","unit_restriction":null,"accessibility":null,"access_control":null,"door":{"type":"open","material":"metal","automatic":false},"name":null,"alt_name":null,"display_point":{"type":"Point","coordinates":[30.37999784036306,60.005988276129521]},"level_id":"ee066945-7a0b-4f69-b95c-817981001759"}},{"id":"314dc8ea-a571-40f6-9181-94d1dce9ebd3","type":"Feature","feature_type":"opening","geometry":{"type":"LineString","coordinates":[[30.379953425006281,60.00592249402731],[30.379958603023265,60.005930163016245]]},"properties":{"category":"automobile","unit_categoty":"laboratory","unit_restriction":null,"accessibility":null,"access_control":null,"door":{"type":"open","material":"metal","automatic":false},"name":null,"alt_name":null,"display_point":{"type":"Point","coordinates":[30.379953425006281,60.00592249402731]},"level_id":"ee066945-7a0b-4f69-b95c-817981001759"}},{"id":"e82e4834-c613-44b7-8573-e11a6c7bb1b2","type":"Feature","feature_type":"opening","geometry":{"type":"LineString","coordinates":[[30.379918905655789,60.005871368166268],[30.379923973321073,60.005879055543431]]},"properties":{"category":"automobile","unit_categoty":"classroom","unit_restriction":null,"accessibility":null,"access_control":null,"door":{"type":"open","material":"metal","automatic":false},"name":null,"alt_name":null,"display_point":{"type":"Point","coordinates":[30.379918905655789,60.005871368166268]},"level_id":"ee066945-7a0b-4f69-b95c-817981001759"}},{"id":"73e0ddbe-c5f3-4d2a-b619-a97aa82c1072","type":"Feature","feature_type":"opening","geometry":{"type":"LineString","coordinates":[[30.378610798487717,60.006254965542261],[30.3786261385924,60.006252377193313]]},"properties":{"category":"automobile","unit_categoty":"laboratory","unit_restriction":null,"accessibility":null,"access_control":null,"door":{"type":"open","material":"metal","automatic":false},"name":null,"alt_name":null,"display_point":{"type":"Point","coordinates":[30.378610798487717,60.006254965542261]},"level_id":"ee066945-7a0b-4f69-b95c-817981001759"}},{"id":"175ed751-77c9-4a22-971c-cb7bc5236f46","type":"Feature","feature_type":"opening","geometry":{"type":"LineString","coordinates":[[30.378261499736471,60.006177981990149],[30.378251719434754,60.006163496183149]]},"properties":{"category":"automobile","unit_categoty":"laboratory","unit_restriction":null,"accessibility":null,"access_control":null,"door":{"type":"open","material":"metal","automatic":false},"name":null,"alt_name":null,"display_point":{"type":"Point","coordinates":[30.378261499736471,60.006177981990149]},"level_id":"ee066945-7a0b-4f69-b95c-817981001759"}},{"id":"9598d218-27ba-4d90-8e9d-ff3a31b1c910","type":"Feature","feature_type":"opening","geometry":{"type":"LineString","coordinates":[[30.378330709740649,60.006280489226263],[30.378320929408616,60.006266003419263]]},"properties":{"category":"automobile","unit_categoty":"administration","unit_restriction":null,"accessibility":null,"access_control":null,"door":{"type":"open","material":"metal","automatic":false},"name":null,"alt_name":null,"display_point":{"type":"Point","coordinates":[30.378330709740649,60.006280489226263]},"level_id":"ee066945-7a0b-4f69-b95c-817981001759"}},{"id":"487984be-d30f-45ba-b57d-67add515e5a6","type":"Feature","feature_type":"opening","geometry":{"type":"LineString","coordinates":[[30.378372615223245,60.006342556083041],[30.37836283487286,60.006328070276041]]},"properties":{"category":"automobile","unit_categoty":"laboratory","unit_restriction":null,"accessibility":null,"access_control":null,"door":{"type":"open","material":"metal","automatic":false},"name":null,"alt_name":null,"display_point":{"type":"Point","coordinates":[30.378372615223245,60.006342556083041]},"level_id":"ee066945-7a0b-4f69-b95c-817981001759"}},{"id":"19df8ae2-cca5-4c49-829d-3ec828f08d60","type":"Feature","feature_type":"opening","geometry":{"type":"LineString","coordinates":[[30.37840440688186,60.00638964312072],[30.378398078523361,60.006380269790043]]},"properties":{"category":"automobile","unit_categoty":"classroom","unit_restriction":null,"accessibility":null,"access_control":null,"door":{"type":"open","material":"metal","automatic":false},"name":null,"alt_name":null,"display_point":{"type":"Point","coordinates":[30.37840440688186,60.00638964312072]},"level_id":"ee066945-7a0b-4f69-b95c-817981001759"}},{"id":"4e365db6-6392-498e-a5f6-03dfae59cc9c","type":"Feature","feature_type":"opening","geometry":{"type":"LineString","coordinates":[[30.37873285895817,60.006259997604396],[30.378717518855897,60.006262585953344]]},"properties":{"category":"automobile","unit_categoty":"classroom","unit_restriction":null,"accessibility":null,"access_control":null,"door":{"type":"open","material":"metal","automatic":false},"name":null,"alt_name":null,"display_point":{"type":"Point","coordinates":[30.37873285895817,60.006259997604396]},"level_id":"ee066945-7a0b-4f69-b95c-817981001759"}},{"id":"4e3560a5-6bc2-42fd-a9b4-2f5073dcbc26","type":"Feature","feature_type":"opening","geometry":{"type":"LineString","coordinates":[[30.378658204752345,60.006272594089566],[30.378642864918724,60.006275182438515]]},"properties":{"category":"automobile","unit_categoty":"classroom","unit_restriction":null,"accessibility":null,"access_control":null,"door":{"type":"open","material":"metal","automatic":false},"name":null,"alt_name":null,"display_point":{"type":"Point","coordinates":[30.378658204752345,60.006272594089566]},"level_id":"ee066945-7a0b-4f69-b95c-817981001759"}},{"id":"678c4f57-d659-49c9-b30d-9655c40aee8e","type":"Feature","feature_type":"opening","geometry":{"type":"LineString","coordinates":[[30.378589856911439,60.006284126527568],[30.378574517072469,60.006286714876516]]},"properties":{"category":"automobile","unit_categoty":"classroom","unit_restriction":null,"accessibility":null,"access_control":null,"door":{"type":"open","material":"metal","automatic":false},"name":null,"alt_name":null,"display_point":{"type":"Point","coordinates":[30.378589856911439,60.006284126527568]},"level_id":"ee066945-7a0b-4f69-b95c-817981001759"}},{"id":"81ffd741-4f83-42d7-b2a0-18c4f9b68f6a","type":"Feature","feature_type":"opening","geometry":{"type":"LineString","coordinates":[[30.378794616266468,60.006249577242521],[30.378779276169027,60.006252165591469]]},"properties":{"category":"automobile","unit_categoty":"classroom","unit_restriction":null,"accessibility":null,"access_control":null,"door":{"type":"open","material":"metal","automatic":false},"name":null,"alt_name":null,"display_point":{"type":"Point","coordinates":[30.378794616266468,60.006249577242521]},"level_id":"ee066945-7a0b-4f69-b95c-817981001759"}},{"id":"1c64be30-4783-43dc-bb99-a6b105024163","type":"Feature","feature_type":"opening","geometry":{"type":"LineString","coordinates":[[30.378882678382965,60.006234718456383],[30.378867338566909,60.006237306805332]]},"properties":{"category":"automobile","unit_categoty":"classroom","unit_restriction":null,"accessibility":null,"access_control":null,"door":{"type":"open","material":"metal","automatic":false},"name":null,"alt_name":null,"display_point":{"type":"Point","coordinates":[30.378882678382965,60.006234718456383]},"level_id":"ee066945-7a0b-4f69-b95c-817981001759"}},{"id":"420612a3-e578-4f0e-93f7-49ffd7a64a2f","type":"Feature","feature_type":"opening","geometry":{"type":"LineString","coordinates":[[30.378434484246622,60.006434190661757],[30.37842700511791,60.00642311353824]]},"properties":{"category":"automobile","unit_categoty":"stairs","unit_restriction":null,"accessibility":null,"access_control":null,"door":{"type":"open","material":"metal","automatic":false},"name":null,"alt_name":null,"display_point":{"type":"Point","coordinates":[30.378434484246622,60.006434190661757]},"level_id":"ee066945-7a0b-4f69-b95c-817981001759"}},{"id":"fa0621ac-1125-4654-8e3c-e290fea98156","type":"Feature","feature_type":"opening","geometry":{"type":"LineString","coordinates":[[30.378222758478881,60.006120601661486],[30.378215279695571,60.006109524537969]]},"properties":{"category":"automobile","unit_categoty":"stairs","unit_restriction":null,"accessibility":null,"access_control":null,"door":{"type":"open","material":"metal","automatic":false},"name":null,"alt_name":null,"display_point":{"type":"Point","coordinates":[30.378222758478881,60.006120601661486]},"level_id":"ee066945-7a0b-4f69-b95c-817981001759"}},{"id":"27efaae4-eaef-4a6b-bf12-b7fe7de4420e","type":"Feature","feature_type":"opening","geometry":{"type":"LineString","coordinates":[[30.38010056823439,60.006140422524709],[30.380108625481927,60.006152351270195]]},"properties":{"category":"automobile","unit_categoty":"stairs","unit_restriction":null,"accessibility":null,"access_control":null,"door":{"type":"open","material":"metal","automatic":false},"name":null,"alt_name":null,"display_point":{"type":"Point","coordinates":[30.38010056823439,60.006140422524709]},"level_id":"ee066945-7a0b-4f69-b95c-817981001759"}},{"id":"20841227-3ade-4287-a94e-39e6fa5b3bb6","type":"Feature","feature_type":"opening","geometry":{"type":"LineString","coordinates":[[30.379888633195705,60.005826651151636],[30.379897011006946,60.005839059500538]]},"properties":{"category":"automobile","unit_categoty":"stairs","unit_restriction":null,"accessibility":null,"access_control":null,"door":{"type":"open","material":"metal","automatic":false},"name":null,"alt_name":null,"display_point":{"type":"Point","coordinates":[30.379888633195705,60.005826651151636]},"level_id":"ee066945-7a0b-4f69-b95c-817981001759"}},{"id":"a5bd6e8e-3faf-4151-98ab-048890a0561c","type":"Feature","feature_type":"opening","geometry":{"type":"LineString","coordinates":[[30.378991063063243,60.006216430677377],[30.378968905502024,60.006220169251158]]},"properties":{"category":"automobile","unit_categoty":"stairs","unit_restriction":null,"accessibility":null,"access_control":null,"door":{"type":"open","material":"metal","automatic":false},"name":null,"alt_name":null,"display_point":{"type":"Point","coordinates":[30.378991063063243,60.006216430677377]},"level_id":"ee066945-7a0b-4f69-b95c-817981001759"}},{"id":"aac98692-02e0-4e2d-a052-9d2d66058d16","type":"Feature","feature_type":"opening","geometry":{"type":"LineString","coordinates":[[30.379410253882796,60.006295669394717],[30.37939989819445,60.006280331416846]]},"properties":{"category":"automobile","unit_categoty":"auditorium","unit_restriction":null,"accessibility":null,"access_control":null,"door":{"type":"open","material":"metal","automatic":false},"name":null,"alt_name":null,"display_point":{"type":"Point","coordinates":[30.379410253882796,60.006295669394717]},"level_id":"ee066945-7a0b-4f69-b95c-817981001759"}},{"id":"3dca8a2f-6962-46ac-b42f-7a8b13b76699","type":"Feature","feature_type":"opening","geometry":{"type":"LineString","coordinates":[[30.379151750163079,60.006324479905885],[30.379161530685685,60.006338965438438]]},"properties":{"category":"automobile","unit_categoty":"auditorium","unit_restriction":null,"accessibility":null,"access_control":null,"door":{"type":"open","material":"metal","automatic":false},"name":null,"alt_name":null,"display_point":{"type":"Point","coordinates":[30.379151750163079,60.006324479905885]},"level_id":"ee066945-7a0b-4f69-b95c-817981001759"}},{"id":"68d81d5e-78a9-4117-9045-7a63ea610023","type":"Feature","feature_type":"opening","geometry":{"type":"LineString","coordinates":[[30.378848762275688,60.006834622872283],[30.378826604224848,60.006838361446071]]},"properties":{"category":"automobile","unit_categoty":"stairs","unit_restriction":null,"accessibility":null,"access_control":null,"door":{"type":"open","material":"metal","automatic":false},"name":null,"alt_name":null,"display_point":{"type":"Point","coordinates":[30.378848762275688,60.006834622872283]},"level_id":"ee066945-7a0b-4f69-b95c-817981001759"}},{"id":"60f65517-783f-426c-80b4-0b243369a4f0","type":"Feature","feature_type":"opening","geometry":{"type":"LineString","coordinates":[[30.379348300993783,60.006700788956714],[30.379341396802346,60.006690564004067]]},"properties":{"category":"automobile","unit_categoty":"stairs","unit_restriction":null,"accessibility":null,"access_control":null,"door":{"type":"open","material":"metal","automatic":false},"name":null,"alt_name":null,"display_point":{"type":"Point","coordinates":[30.379348300993783,60.006700788956714]},"level_id":"ee066945-7a0b-4f69-b95c-817981001759"}},{"id":"e1d71fc4-ea5d-447f-baa7-04f622210096","type":"Feature","feature_type":"opening","geometry":{"type":"LineString","coordinates":[[30.380309807959506,60.006588100131239],[30.380287650073825,60.00659183870502]]},"properties":{"category":"automobile","unit_categoty":"stairs","unit_restriction":null,"accessibility":null,"access_control":null,"door":{"type":"open","material":"metal","automatic":false},"name":null,"alt_name":null,"display_point":{"type":"Point","coordinates":[30.380309807959506,60.006588100131239]},"level_id":"ee066945-7a0b-4f69-b95c-817981001759"}},{"id":"7f4a71b4-1ffa-44a5-aef0-c8906b745980","type":"Feature","feature_type":"opening","geometry":{"type":"LineString","coordinates":[[30.379267570881442,60.006255200472459],[30.379250526774761,60.00625807644623]]},"properties":{"category":"automobile","unit_categoty":"elevator","unit_restriction":null,"accessibility":null,"access_control":null,"door":{"type":"open","material":"metal","automatic":false},"name":null,"alt_name":null,"display_point":{"type":"Point","coordinates":[30.379267570881442,60.006255200472459]},"level_id":"ee066945-7a0b-4f69-b95c-817981001759"}},{"id":"9d25f42b-d131-4814-96cc-4636b2f1a090","type":"Feature","feature_type":"opening","geometry":{"type":"LineString","coordinates":[[30.379242430727491,60.006259442389684],[30.379225386344132,60.006262318363454]]},"properties":{"category":"automobile","unit_categoty":"elevator","unit_restriction":null,"accessibility":null,"access_control":null,"door":{"type":"open","material":"metal","automatic":false},"name":null,"alt_name":null,"display_point":{"type":"Point","coordinates":[30.379242430727491,60.006259442389684]},"level_id":"ee066945-7a0b-4f69-b95c-817981001759"}},{"id":"13a55ad5-e69f-4bcd-b42d-40fe57556360","type":"Feature","feature_type":"opening","geometry":{"type":"LineString","coordinates":[[30.379423493350636,60.006143465913688],[30.379399631540856,60.0061474921123]]},"properties":{"category":"automobile","unit_categoty":"stairs","unit_restriction":null,"accessibility":null,"access_control":null,"door":{"type":"open","material":"metal","automatic":false},"name":null,"alt_name":null,"display_point":{"type":"Point","coordinates":[30.379423493350636,60.006143465913688]},"level_id":"ee066945-7a0b-4f69-b95c-817981001759"}},{"id":"85bea752-52e3-411f-aea5-767bc0e42638","type":"Feature","feature_type":"opening","geometry":{"type":"LineString","coordinates":[[30.37940856498598,60.0065375283871],[30.379398784379894,60.0065230425801]]},"properties":{"category":"automobile","unit_categoty":"classroom","unit_restriction":null,"accessibility":null,"access_control":null,"door":{"type":"open","material":"metal","automatic":false},"name":null,"alt_name":null,"display_point":{"type":"Point","coordinates":[30.37940856498598,60.0065375283871]},"level_id":"ee066945-7a0b-4f69-b95c-817981001759"}},{"id":"3c551a61-d23d-4ae2-9ae1-b07f2d89d635","type":"Feature","feature_type":"opening","geometry":{"type":"LineString","coordinates":[[30.379457160769313,60.006450063270506],[30.379435002881703,60.006453802118742]]},"properties":{"category":"automobile","unit_categoty":"stairs","unit_restriction":null,"accessibility":null,"access_control":null,"door":{"type":"open","material":"metal","automatic":false},"name":null,"alt_name":null,"display_point":{"type":"Point","coordinates":[30.379457160769313,60.006450063270506]},"level_id":"ee066945-7a0b-4f69-b95c-817981001759"}},{"id":"fea023a6-9a30-4563-826e-06f367a45d21","type":"Feature","feature_type":"opening","geometry":{"type":"LineString","coordinates":[[30.379515347169967,60.00661778833723],[30.379521100587269,60.00662630922259]]},"properties":{"category":"automobile","unit_categoty":"classroom","unit_restriction":null,"accessibility":null,"access_control":null,"door":{"type":"open","material":"metal","automatic":false},"name":null,"alt_name":null,"display_point":{"type":"Point","coordinates":[30.379515347169967,60.00661778833723]},"level_id":"ee066945-7a0b-4f69-b95c-817981001759"}},{"id":"13aa5583-b4d2-40ef-b1ec-74bf641e02d5","type":"Feature","feature_type":"opening","geometry":{"type":"LineString","coordinates":[[30.37927093178639,60.006449593684557],[30.379287975941534,60.006446717710787]]},"properties":{"category":"automobile","unit_categoty":"classroom","unit_restriction":null,"accessibility":null,"access_control":null,"door":{"type":"open","material":"metal","automatic":false},"name":null,"alt_name":null,"display_point":{"type":"Point","coordinates":[30.37927093178639,60.006449593684557]},"level_id":"ee066945-7a0b-4f69-b95c-817981001759"}},{"id":"4c9fffdb-dcb8-4ca2-b891-a40508510260","type":"Feature","feature_type":"opening","geometry":{"type":"LineString","coordinates":[[30.3799077071559,60.00663012930837],[30.37993582974023,60.006625384047709]]},"properties":{"category":"automobile","unit_categoty":"laboratory","unit_restriction":null,"accessibility":null,"access_control":null,"door":{"type":"open","material":"metal","automatic":false},"name":null,"alt_name":null,"display_point":{"type":"Point","coordinates":[30.3799077071559,60.00663012930837]},"level_id":"ee066945-7a0b-4f69-b95c-817981001759"}},{"id":"4b5bc914-3038-4a2d-a5ac-d7370e953548","type":"Feature","feature_type":"opening","geometry":{"type":"LineString","coordinates":[[30.378455465899449,60.006465266767307],[30.378447986763707,60.006454189643783]]},"properties":{"category":"automobile","unit_categoty":"unspecified","unit_restriction":null,"accessibility":null,"access_control":null,"door":{"type":"open","material":"metal","automatic":false},"name":null,"alt_name":null,"display_point":{"type":"Point","coordinates":[30.378455465899449,60.006465266767307]},"level_id":"ee066945-7a0b-4f69-b95c-817981001759"}},{"id":"4a9676c8-312d-4cd6-bc70-00f319c168a3","type":"Feature","feature_type":"opening","geometry":{"type":"LineString","coordinates":[[30.378180209275314,60.006057580538005],[30.378174456080195,60.0060490593782]]},"properties":{"category":"automobile","unit_categoty":"classroom","unit_restriction":null,"accessibility":null,"access_control":null,"door":{"type":"open","material":"metal","automatic":false},"name":null,"alt_name":null,"display_point":{"type":"Point","coordinates":[30.378180209275314,60.006057580538005]},"level_id":"ee066945-7a0b-4f69-b95c-817981001759"}},{"id":"3b504469-71b6-47ed-9122-e323734a3699","type":"Feature","feature_type":"opening","geometry":{"type":"LineString","coordinates":[[30.378145765342687,60.006006565280785],[30.378140012430951,60.005998044395426]]},"properties":{"category":"automobile","unit_categoty":"laboratory","unit_restriction":null,"accessibility":null,"access_control":null,"door":{"type":"open","material":"metal","automatic":false},"name":null,"alt_name":null,"display_point":{"type":"Point","coordinates":[30.378145765342687,60.006006565280785]},"level_id":"ee066945-7a0b-4f69-b95c-817981001759"}},{"id":"1a9bf989-0af4-48a8-b69d-9142b23815fe","type":"Feature","feature_type":"opening","geometry":{"type":"LineString","coordinates":[[30.378201454485438,60.0060159339458],[30.378206632032107,60.006023602660278]]},"properties":{"category":"automobile","unit_categoty":"classroom","unit_restriction":null,"accessibility":null,"access_control":null,"door":{"type":"open","material":"metal","automatic":false},"name":null,"alt_name":null,"display_point":{"type":"Point","coordinates":[30.378201454485438,60.0060159339458]},"level_id":"ee066945-7a0b-4f69-b95c-817981001759"}},{"id":"ed6c0100-c802-4372-ab05-3753def90efa","type":"Feature","feature_type":"opening","geometry":{"type":"LineString","coordinates":[[30.378236064819642,60.006067195934612],[30.378241242648841,60.006074864923548]]},"properties":{"category":"automobile","unit_categoty":"administration","unit_restriction":null,"accessibility":null,"access_control":null,"door":{"type":"open","material":"metal","automatic":false},"name":null,"alt_name":null,"display_point":{"type":"Point","coordinates":[30.378236064819642,60.006067195934612]},"level_id":"ee066945-7a0b-4f69-b95c-817981001759"}},{"id":"058a1f11-9f0e-4f78-9c82-d24d1514277c","type":"Feature","feature_type":"opening","geometry":{"type":"LineString","coordinates":[[30.3782702321459,60.006117802259595],[30.378275409983011,60.006125470974077]]},"properties":{"category":"automobile","unit_categoty":"laboratory","unit_restriction":null,"accessibility":null,"access_control":null,"door":{"type":"open","material":"metal","automatic":false},"name":null,"alt_name":null,"display_point":{"type":"Point","coordinates":[30.3782702321459,60.006117802259595]},"level_id":"ee066945-7a0b-4f69-b95c-817981001759"}},{"id":"aa0c3b17-af20-4b8c-8a3b-ce9f7334ede9","type":"Feature","feature_type":"opening","geometry":{"type":"LineString","coordinates":[[30.378353587745643,60.006123717505574],[30.378338247660135,60.006126305854522]]},"properties":{"category":"automobile","unit_categoty":"classroom","unit_restriction":null,"accessibility":null,"access_control":null,"door":{"type":"open","material":"metal","automatic":false},"name":null,"alt_name":null,"display_point":{"type":"Point","coordinates":[30.378353587745643,60.006123717505574]},"level_id":"ee066945-7a0b-4f69-b95c-817981001759"}},{"id":"9c51a02c-dcf6-476d-8e2d-c440228ce7c8","type":"Feature","feature_type":"opening","geometry":{"type":"LineString","coordinates":[[30.378367247582421,60.006231516434624],[30.378382587691192,60.006228928085676]]},"properties":{"category":"automobile","unit_categoty":"administration","unit_restriction":null,"accessibility":null,"access_control":null,"door":{"type":"open","material":"metal","automatic":false},"name":null,"alt_name":null,"display_point":{"type":"Point","coordinates":[30.378367247582421,60.006231516434624]},"level_id":"ee066945-7a0b-4f69-b95c-817981001759"}},{"id":"4e06bdab-51c9-4bc9-b886-241958a3a58f","type":"Feature","feature_type":"opening","geometry":{"type":"LineString","coordinates":[[30.378322873088383,60.006195769170233],[30.378330351899461,60.00620684629375]]},"properties":{"category":"automobile","unit_categoty":"administration","unit_restriction":null,"accessibility":null,"access_control":null,"door":{"type":"open","material":"metal","automatic":false},"name":null,"alt_name":null,"display_point":{"type":"Point","coordinates":[30.378322873088383,60.006195769170233]},"level_id":"ee066945-7a0b-4f69-b95c-817981001759"}},{"id":"b580be04-018c-42d9-90c2-3e6ac7a6d656","type":"Feature","feature_type":"opening","geometry":{"type":"LineString","coordinates":[[30.37842796678401,60.006262845035245],[30.37842278891846,60.006255176320757]]},"properties":{"category":"automobile","unit_categoty":"laboratory","unit_restriction":null,"accessibility":null,"access_control":null,"door":{"type":"open","material":"metal","automatic":false},"name":null,"alt_name":null,"display_point":{"type":"Point","coordinates":[30.37842796678401,60.006262845035245]},"level_id":"ee066945-7a0b-4f69-b95c-817981001759"}},{"id":"0f9d2337-0655-42bd-b1c2-760ea81be21c","type":"Feature","feature_type":"opening","geometry":{"type":"LineString","coordinates":[[30.378460410994514,60.006280340748184],[30.378475750836472,60.006277752399235]]},"properties":{"category":"automobile","unit_categoty":"laboratory","unit_restriction":null,"accessibility":null,"access_control":null,"door":{"type":"open","material":"metal","automatic":false},"name":null,"alt_name":null,"display_point":{"type":"Point","coordinates":[30.378460410994514,60.006280340748184]},"level_id":"ee066945-7a0b-4f69-b95c-817981001759"}},{"id":"adeb2c13-c729-4977-af96-9ab8cd0c295d","type":"Feature","feature_type":"opening","geometry":{"type":"LineString","coordinates":[[30.378816012295239,60.006220339685335],[30.378831351834876,60.006217751336386]]},"properties":{"category":"automobile","unit_categoty":"laboratory","unit_restriction":null,"accessibility":null,"access_control":null,"door":{"type":"open","material":"metal","automatic":false},"name":null,"alt_name":null,"display_point":{"type":"Point","coordinates":[30.378816012295239,60.006220339685335]},"level_id":"ee066945-7a0b-4f69-b95c-817981001759"}},{"id":"d3c7795a-426a-4705-9325-792bca9c8c5e","type":"Feature","feature_type":"opening","geometry":{"type":"LineString","coordinates":[[30.378915891660434,60.006203487011476],[30.378931231741241,60.006200898662527]]},"properties":{"category":"automobile","unit_categoty":"laboratory","unit_restriction":null,"accessibility":null,"access_control":null,"door":{"type":"open","material":"metal","automatic":false},"name":null,"alt_name":null,"display_point":{"type":"Point","coordinates":[30.378915891660434,60.006203487011476]},"level_id":"ee066945-7a0b-4f69-b95c-817981001759"}},{"id":"e86e417a-5909-469c-9b47-62be1b49f3b8","type":"Feature","feature_type":"opening","geometry":{"type":"LineString","coordinates":[[30.379441813913054,60.006113798017076],[30.379455449381719,60.006111497292949]]},"properties":{"category":"automobile","unit_categoty":"laboratory","unit_restriction":null,"accessibility":null,"access_control":null,"door":{"type":"open","material":"metal","automatic":false},"name":null,"alt_name":null,"display_point":{"type":"Point","coordinates":[30.379441813913054,60.006113798017076]},"level_id":"ee066945-7a0b-4f69-b95c-817981001759"}},{"id":"325ba600-a915-4468-9ef5-e68db6aa3cc4","type":"Feature","feature_type":"opening","geometry":{"type":"LineString","coordinates":[[30.379579361206819,60.006090589328664],[30.379592996665917,60.006088288604538]]},"properties":{"category":"automobile","unit_categoty":"laboratory","unit_restriction":null,"accessibility":null,"access_control":null,"door":{"type":"open","material":"metal","automatic":false},"name":null,"alt_name":null,"display_point":{"type":"Point","coordinates":[30.379579361206819,60.006090589328664]},"level_id":"ee066945-7a0b-4f69-b95c-817981001759"}},{"id":"e545dcf2-fd21-47bc-ac06-7cf3ea74b471","type":"Feature","feature_type":"opening","geometry":{"type":"LineString","coordinates":[[30.379961865253215,60.006005293474082],[30.379950934360227,60.005989103599788]]},"properties":{"category":"automobile","unit_categoty":"classroom","unit_restriction":null,"accessibility":null,"access_control":null,"door":{"type":"open","material":"metal","automatic":false},"name":null,"alt_name":null,"display_point":{"type":"Point","coordinates":[30.379961865253215,60.006005293474082]},"level_id":"ee066945-7a0b-4f69-b95c-817981001759"}},{"id":"0a655a97-ad16-4de9-a1b9-a7052809a7d0","type":"Feature","feature_type":"opening","geometry":{"type":"LineString","coordinates":[[30.379680957946128,60.006073731440232],[30.379696297966905,60.006071143091283]]},"properties":{"category":"automobile","unit_categoty":"classroom","unit_restriction":null,"accessibility":null,"access_control":null,"door":{"type":"open","material":"metal","automatic":false},"name":null,"alt_name":null,"display_point":{"type":"Point","coordinates":[30.379680957946128,60.006073731440232]},"level_id":"ee066945-7a0b-4f69-b95c-817981001759"}},{"id":"46586cc6-37f8-4167-8f55-757f7472eed5","type":"Feature","feature_type":"opening","geometry":{"type":"LineString","coordinates":[[30.3798456304229,60.005833141098364],[30.379839877032772,60.005824620075785]]},"properties":{"category":"automobile","unit_categoty":"administration","unit_restriction":null,"accessibility":null,"access_control":null,"door":{"type":"open","material":"metal","automatic":false},"name":null,"alt_name":null,"display_point":{"type":"Point","coordinates":[30.3798456304229,60.005833141098364]},"level_id":"ee066945-7a0b-4f69-b95c-817981001759"}},{"id":"846a248b-eaf2-4484-9e9b-9a81d386b161","type":"Feature","feature_type":"opening","geometry":{"type":"LineString","coordinates":[[30.379900995692104,60.005915141480564],[30.379891790465383,60.005901507844435]]},"properties":{"category":"automobile","unit_categoty":"administration","unit_restriction":null,"accessibility":null,"access_control":null,"door":{"type":"open","material":"metal","automatic":false},"name":null,"alt_name":null,"display_point":{"type":"Point","coordinates":[30.379900995692104,60.005915141480564]},"level_id":"ee066945-7a0b-4f69-b95c-817981001759"}},{"id":"dbaf48cf-fd97-4256-870a-16952fb527df","type":"Feature","feature_type":"opening","geometry":{"type":"LineString","coordinates":[[30.379779554097478,60.005735277850434],[30.379769198136746,60.005719939872563]]},"properties":{"category":"automobile","unit_categoty":"laboratory","unit_restriction":null,"accessibility":null,"access_control":null,"door":{"type":"open","material":"metal","automatic":false},"name":null,"alt_name":null,"display_point":{"type":"Point","coordinates":[30.379779554097478,60.005735277850434]},"level_id":"ee066945-7a0b-4f69-b95c-817981001759"}},{"id":"70a3defc-13c3-4078-928d-1b73d43e2ac5","type":"Feature","feature_type":"opening","geometry":{"type":"LineString","coordinates":[[30.380121934865254,60.006171504668181],[30.380129989375579,60.006183434237016]]},"properties":{"category":"automobile","unit_categoty":"classroom","unit_restriction":null,"accessibility":null,"access_control":null,"door":{"type":"open","material":"metal","automatic":false},"name":null,"alt_name":null,"display_point":{"type":"Point","coordinates":[30.380121934865254,60.006171504668181]},"level_id":"ee066945-7a0b-4f69-b95c-817981001759"}},{"id":"d3106993-9a37-4ec4-b18f-c1b5aaaf2402","type":"Feature","feature_type":"opening","geometry":{"type":"LineString","coordinates":[[30.379635753890682,60.006108030425821],[30.379618709288948,60.006110906399591]]},"properties":{"category":"automobile","unit_categoty":"classroom","unit_restriction":null,"accessibility":null,"access_control":null,"door":{"type":"open","material":"metal","automatic":false},"name":null,"alt_name":null,"display_point":{"type":"Point","coordinates":[30.379635753890682,60.006108030425821]},"level_id":"ee066945-7a0b-4f69-b95c-817981001759"}},{"id":"2c3e9823-d926-4058-af38-f1ec3072d1a9","type":"Feature","feature_type":"opening","geometry":{"type":"LineString","coordinates":[[30.380087321321739,60.00619053867991],[30.380079266818267,60.006178609385515]]},"properties":{"category":"automobile","unit_categoty":"classroom","unit_restriction":null,"accessibility":null,"access_control":null,"door":{"type":"open","material":"metal","automatic":false},"name":null,"alt_name":null,"display_point":{"type":"Point","coordinates":[30.380087321321739,60.00619053867991]},"level_id":"ee066945-7a0b-4f69-b95c-817981001759"}},{"id":"9a65ce11-5db8-4abe-87b5-e80ed631f765","type":"Feature","feature_type":"opening","geometry":{"type":"LineString","coordinates":[[30.379023266542241,60.006777671785244],[30.379040311067183,60.006774795811474]]},"properties":{"category":"automobile","unit_categoty":"unspecified","unit_restriction":"restricted","accessibility":null,"access_control":null,"door":{"type":"open","material":"metal","automatic":false},"name":null,"alt_name":null,"display_point":{"type":"Point","coordinates":[30.379023266542241,60.006777671785244]},"level_id":"ee066945-7a0b-4f69-b95c-817981001759"}},{"id":"15d50a25-be9f-463e-af7b-31f4eaa9887e","type":"Feature","feature_type":"opening","geometry":{"type":"LineString","coordinates":[[30.379195317219679,60.006748603564432],[30.37921236172965,60.006745727590662]]},"properties":{"category":"automobile","unit_categoty":"unspecified","unit_restriction":"restricted","accessibility":null,"access_control":null,"door":{"type":"open","material":"metal","automatic":false},"name":null,"alt_name":null,"display_point":{"type":"Point","coordinates":[30.379195317219679,60.006748603564432]},"level_id":"ee066945-7a0b-4f69-b95c-817981001759"}},{"id":"d6795dfd-4db4-4471-b20e-002c2d8368f6","type":"Feature","feature_type":"opening","geometry":{"type":"LineString","coordinates":[[30.379224804677577,60.00674368512508],[30.379236735695688,60.006741672025775]]},"properties":{"category":"automobile","unit_categoty":"unspecified","unit_restriction":"restricted","accessibility":null,"access_control":null,"door":{"type":"open","material":"metal","automatic":false},"name":null,"alt_name":null,"display_point":{"type":"Point","coordinates":[30.379224804677577,60.00674368512508]},"level_id":"ee066945-7a0b-4f69-b95c-817981001759"}},{"id":"0d2becb6-3623-4ee6-9eb9-a6e450ca95f4","type":"Feature","feature_type":"opening","geometry":{"type":"LineString","coordinates":[[30.379358004795868,60.006434806804627],[30.379378458102135,60.006431355581213]]},"properties":{"category":"automobile","unit_categoty":"classroom","unit_restriction":null,"accessibility":null,"access_control":null,"door":{"type":"open","material":"metal","automatic":false},"name":null,"alt_name":null,"display_point":{"type":"Point","coordinates":[30.379358004795868,60.006434806804627]},"level_id":"ee066945-7a0b-4f69-b95c-817981001759"}},{"id":"6239f970-25b7-44e6-a1ae-97d2a0aebe0a","type":"Feature","feature_type":"opening","geometry":{"type":"LineString","coordinates":[[30.379464167886912,60.006375519589263],[30.379459565011548,60.006368702496744]]},"properties":{"category":"automobile","unit_categoty":"restroom.male","unit_restriction":null,"accessibility":null,"access_control":null,"door":{"type":"open","material":"metal","automatic":false},"name":null,"alt_name":null,"display_point":{"type":"Point","coordinates":[30.379464167886912,60.006375519589263]},"level_id":"ee066945-7a0b-4f69-b95c-817981001759"}},{"id":"8b55328d-e1d4-4991-8a7e-8f8e47e74ac5","type":"Feature","feature_type":"opening","geometry":{"type":"LineString","coordinates":[[30.379211071893128,60.006412339408811],[30.379214523689512,60.006417452159589]]},"properties":{"category":"automobile","unit_categoty":"restroom.female","unit_restriction":null,"accessibility":null,"access_control":null,"door":{"type":"open","material":"metal","automatic":false},"name":null,"alt_name":null,"display_point":{"type":"Point","coordinates":[30.379211071893128,60.006412339408811]},"level_id":"ee066945-7a0b-4f69-b95c-817981001759"}},{"id":"27ffe053-d32e-46ac-8c21-57e8be49f781","type":"Feature","feature_type":"opening","geometry":{"type":"LineString","coordinates":[[30.379552344839386,60.006211421669143],[30.379569389469907,60.006208545695372]]},"properties":{"category":"automobile","unit_categoty":"unspecified","unit_restriction":"restricted","accessibility":null,"access_control":null,"door":{"type":"open","material":"metal","automatic":false},"name":null,"alt_name":null,"display_point":{"type":"Point","coordinates":[30.379552344839386,60.006211421669143]},"level_id":"ee066945-7a0b-4f69-b95c-817981001759"}},{"id":"4bf89548-200a-485a-b62a-f88c66402297","type":"Feature","feature_type":"opening","geometry":{"type":"LineString","coordinates":[[30.378491143455015,60.006461951946122],[30.37846728092461,60.006465978144725]]},"properties":{"category":"automobile","unit_categoty":"unspecified","unit_restriction":null,"accessibility":null,"access_control":null,"door":{"type":"open","material":"metal","automatic":false},"name":null,"alt_name":null,"display_point":{"type":"Point","coordinates":[30.378491143455015,60.006461951946122]},"level_id":"ee066945-7a0b-4f69-b95c-817981001759"}},{"id":"34accf77-4ea8-46c9-8560-4b1cd3a98c1c","type":"Feature","feature_type":"opening","geometry":{"type":"LineString","coordinates":[[30.380097588942256,60.006190419842554],[30.380121450725039,60.006186393643944]]},"properties":{"category":"automobile","unit_categoty":"classroom","unit_restriction":null,"accessibility":null,"access_control":null,"door":{"type":"open","material":"metal","automatic":false},"name":null,"alt_name":null,"display_point":{"type":"Point","coordinates":[30.380097588942256,60.006190419842554]},"level_id":"ee066945-7a0b-4f69-b95c-817981001759"}},{"id":"b55db251-9911-4088-8f9e-205a09b3d702","type":"Feature","feature_type":"opening","geometry":{"type":"LineString","coordinates":[[30.379249450380595,60.006739469555171],[30.379264790298151,60.006736881206223]]},"properties":{"category":"automobile","unit_categoty":"classroom","unit_restriction":null,"accessibility":null,"access_control":null,"door":{"type":"open","material":"metal","automatic":false},"name":null,"alt_name":null,"display_point":{"type":"Point","coordinates":[30.379249450380595,60.006739469555171]},"level_id":"ee066945-7a0b-4f69-b95c-817981001759"}},{"id":"e6ed4815-8abf-4ac2-8fe8-692546c072d7","type":"Feature","feature_type":"opening","geometry":{"type":"LineString","coordinates":[[30.379005909201677,60.006193708041977],[30.379012813014921,60.00620393326907]]},"properties":{"category":"automobile","unit_categoty":"walkway","unit_restriction":null,"accessibility":null,"access_control":null,"door":{"type":"open","material":"metal","automatic":false},"name":null,"alt_name":null,"display_point":{"type":"Point","coordinates":[30.379005909201677,60.006193708041977]},"level_id":"afe8614a-54b2-4468-89de-a68def1a26e7"}},{"id":"b604fcd1-7e04-4383-bccb-12157e92aba9","type":"Feature","feature_type":"opening","geometry":{"type":"LineString","coordinates":[[30.37942801301482,60.006255749923696],[30.379405861230026,60.006259497005466]]},"properties":{"category":"automobile","unit_categoty":"walkway","unit_restriction":null,"accessibility":null,"access_control":null,"door":{"type":"open","material":"metal","automatic":false},"name":null,"alt_name":null,"display_point":{"type":"Point","coordinates":[30.37942801301482,60.006255749923696]},"level_id":"afe8614a-54b2-4468-89de-a68def1a26e7"}},{"id":"3473aeb5-d7ed-4789-9645-198f802382f4","type":"Feature","feature_type":"opening","geometry":{"type":"LineString","coordinates":[[30.379361190630735,60.006134425492277],[30.379368094492712,60.006144650719378]]},"properties":{"category":"automobile","unit_categoty":"walkway","unit_restriction":null,"accessibility":null,"access_control":null,"door":{"type":"open","material":"metal","automatic":false},"name":null,"alt_name":null,"display_point":{"type":"Point","coordinates":[30.379361190630735,60.006134425492277]},"level_id":"afe8614a-54b2-4468-89de-a68def1a26e7"}},{"id":"5af0f28b-9512-4492-9c59-5bf55e2ab67a","type":"Feature","feature_type":"opening","geometry":{"type":"LineString","coordinates":[[30.379371894452273,60.00646454523519],[30.379395756378113,60.00646051903658]]},"properties":{"category":"automobile","unit_categoty":"walkway","unit_restriction":null,"accessibility":null,"access_control":null,"door":{"type":"open","material":"metal","automatic":false},"name":null,"alt_name":null,"display_point":{"type":"Point","coordinates":[30.379371894452273,60.00646454523519]},"level_id":"afe8614a-54b2-4468-89de-a68def1a26e7"}},{"id":"4862fd13-2b04-4688-9928-00dc8c8ae098","type":"Feature","feature_type":"opening","geometry":{"type":"LineString","coordinates":[[30.379120163568242,60.006307504277906],[30.379097153420581,60.0063113866641]]},"properties":{"category":"automobile","unit_categoty":"walkway","unit_restriction":null,"accessibility":null,"access_control":null,"door":{"type":"open","material":"metal","automatic":false},"name":null,"alt_name":null,"display_point":{"type":"Point","coordinates":[30.379120163568242,60.006307504277906]},"level_id":"afe8614a-54b2-4468-89de-a68def1a26e7"}},{"id":"3dd9f62e-d6ee-4978-a59d-98df5fd870f5","type":"Feature","feature_type":"opening","geometry":{"type":"LineString","coordinates":[[30.379365518363361,60.006726007999923],[30.379372937844522,60.006737095278133]]},"properties":{"category":"automobile","unit_categoty":"walkway","unit_restriction":null,"accessibility":null,"access_control":null,"door":{"type":"open","material":"metal","automatic":false},"name":null,"alt_name":null,"display_point":{"type":"Point","coordinates":[30.379365518363361,60.006726007999923]},"level_id":"afe8614a-54b2-4468-89de-a68def1a26e7"}},{"id":"678ac809-e52b-47ec-8d53-415eee1fb964","type":"Feature","feature_type":"opening","geometry":{"type":"LineString","coordinates":[[30.378820048850361,60.0068117517588],[30.378797900413694,60.0068155048785]]},"properties":{"category":"automobile","unit_categoty":"walkway","unit_restriction":null,"accessibility":null,"access_control":null,"door":{"type":"open","material":"metal","automatic":false},"name":null,"alt_name":null,"display_point":{"type":"Point","coordinates":[30.378820048850361,60.0068117517588]},"level_id":"afe8614a-54b2-4468-89de-a68def1a26e7"}},{"id":"7f765572-42d3-4976-9b87-d352a28f335a","type":"Feature","feature_type":"opening","geometry":{"type":"LineString","coordinates":[[30.379333420837771,60.006752846305005],[30.3793180806447,60.006755434653954]]},"properties":{"category":"automobile","unit_categoty":"classroom","unit_restriction":"restricted","accessibility":null,"access_control":null,"door":{"type":"open","material":"metal","automatic":false},"name":null,"alt_name":null,"display_point":{"type":"Point","coordinates":[30.379333420837771,60.006752846305005]},"level_id":"afe8614a-54b2-4468-89de-a68def1a26e7"}},{"id":"310d3ec8-8357-4493-98f6-2c5dea9b78fe","type":"Feature","feature_type":"opening","geometry":{"type":"LineString","coordinates":[[30.379128972851614,60.006787342895436],[30.379113632917036,60.006789931244384]]},"properties":{"category":"automobile","unit_categoty":"laboratory","unit_restriction":null,"accessibility":null,"access_control":null,"door":{"type":"open","material":"metal","automatic":false},"name":null,"alt_name":null,"display_point":{"type":"Point","coordinates":[30.379128972851614,60.006787342895436]},"level_id":"afe8614a-54b2-4468-89de-a68def1a26e7"}},{"id":"40627419-5119-4857-b514-074cc8823b38","type":"Feature","feature_type":"opening","geometry":{"type":"LineString","coordinates":[[30.379078010007685,60.006795941724924],[30.379060965478935,60.006798817698694]]},"properties":{"category":"automobile","unit_categoty":"laboratory","unit_restriction":null,"accessibility":null,"access_control":null,"door":{"type":"open","material":"metal","automatic":false},"name":null,"alt_name":null,"display_point":{"type":"Point","coordinates":[30.379078010007685,60.006795941724924]},"level_id":"afe8614a-54b2-4468-89de-a68def1a26e7"}},{"id":"00e468c2-00f9-4314-a05c-ae54c963e62a","type":"Feature","feature_type":"opening","geometry":{"type":"LineString","coordinates":[[30.378977533045148,60.006812895396813],[30.378960488507659,60.006815771370583]]},"properties":{"category":"automobile","unit_categoty":"classroom","unit_restriction":"restricted","accessibility":null,"access_control":null,"door":{"type":"open","material":"metal","automatic":false},"name":null,"alt_name":null,"display_point":{"type":"Point","coordinates":[30.378977533045148,60.006812895396813]},"level_id":"afe8614a-54b2-4468-89de-a68def1a26e7"}},{"id":"d1393357-ad71-4a23-99be-e8c5791bc949","type":"Feature","feature_type":"opening","geometry":{"type":"LineString","coordinates":[[30.379356136910545,60.006712394398726],[30.379350958902194,60.006704725684237]]},"properties":{"category":"automobile","unit_categoty":"unspecified","unit_restriction":"restricted","accessibility":null,"access_control":null,"door":{"type":"open","material":"metal","automatic":false},"name":null,"alt_name":null,"display_point":{"type":"Point","coordinates":[30.379356136910545,60.006712394398726]},"level_id":"afe8614a-54b2-4468-89de-a68def1a26e7"}},{"id":"5115c0ea-f985-4b47-be15-69a88b825027","type":"Feature","feature_type":"opening","geometry":{"type":"LineString","coordinates":[[30.379293095511592,60.006732124418612],[30.379308435425738,60.006729536069663]]},"properties":{"category":"automobile","unit_categoty":"unspecified","unit_restriction":"restricted","accessibility":null,"access_control":null,"door":{"type":"open","material":"metal","automatic":false},"name":null,"alt_name":null,"display_point":{"type":"Point","coordinates":[30.379293095511592,60.006732124418612]},"level_id":"afe8614a-54b2-4468-89de-a68def1a26e7"}},{"id":"5a003753-4745-4fd0-86ae-dd0dce240814","type":"Feature","feature_type":"opening","geometry":{"type":"LineString","coordinates":[[30.378994598412621,60.006782490049915],[30.379009938624623,60.006779901700973]]},"properties":{"category":"automobile","unit_categoty":"classroom","unit_restriction":null,"accessibility":null,"access_control":null,"door":{"type":"open","material":"metal","automatic":false},"name":null,"alt_name":null,"display_point":{"type":"Point","coordinates":[30.378994598412621,60.006782490049915]},"level_id":"afe8614a-54b2-4468-89de-a68def1a26e7"}},{"id":"7f897850-0d5a-480c-a34b-28776be20dae","type":"Feature","feature_type":"opening","geometry":{"type":"LineString","coordinates":[[30.379249634290673,60.006739457753767],[30.379264974208223,60.006736869404818]]},"properties":{"category":"automobile","unit_categoty":"classroom","unit_restriction":null,"accessibility":null,"access_control":null,"door":{"type":"open","material":"metal","automatic":false},"name":null,"alt_name":null,"display_point":{"type":"Point","coordinates":[30.379249634290673,60.006739457753767]},"level_id":"afe8614a-54b2-4468-89de-a68def1a26e7"}},{"id":"36f18124-6f06-4ac3-a5ef-e7b9e9bdf537","type":"Feature","feature_type":"opening","geometry":{"type":"LineString","coordinates":[[30.379061376609052,60.006771222457289],[30.379073307637103,60.006769209357984]]},"properties":{"category":"automobile","unit_categoty":"restroom","unit_restriction":null,"accessibility":null,"access_control":null,"door":{"type":"open","material":"metal","automatic":false},"name":null,"alt_name":null,"display_point":{"type":"Point","coordinates":[30.379061376609052,60.006771222457289]},"level_id":"afe8614a-54b2-4468-89de-a68def1a26e7"}},{"id":"e9aa3849-c459-4e49-b3b9-af03a86a84d6","type":"Feature","feature_type":"opening","geometry":{"type":"LineString","coordinates":[[30.379160933118762,60.006754424399212],[30.379172864415228,60.00675241102546]]},"properties":{"category":"automobile","unit_categoty":"restroom","unit_restriction":null,"accessibility":null,"access_control":null,"door":{"type":"open","material":"metal","automatic":false},"name":null,"alt_name":null,"display_point":{"type":"Point","coordinates":[30.379160933118762,60.006754424399212]},"level_id":"afe8614a-54b2-4468-89de-a68def1a26e7"}},{"id":"ce44a2b4-967a-4d81-b40a-3e1d7a9276b6","type":"Feature","feature_type":"opening","geometry":{"type":"LineString","coordinates":[[30.378833590186,60.006783469291676],[30.378841069149054,60.006794546415193]]},"properties":{"category":"automobile","unit_categoty":"classroom","unit_restriction":null,"accessibility":null,"access_control":null,"door":{"type":"open","material":"metal","automatic":false},"name":null,"alt_name":null,"display_point":{"type":"Point","coordinates":[30.378833590186,60.006783469291676]},"level_id":"afe8614a-54b2-4468-89de-a68def1a26e7"}},{"id":"106da72b-9e12-44a6-af05-03a4d64b4783","type":"Feature","feature_type":"opening","geometry":{"type":"LineString","coordinates":[[30.378870450432508,60.006771165371447],[30.37889260818385,60.006767426523211]]},"properties":{"category":"automobile","unit_categoty":"laboratory","unit_restriction":null,"accessibility":null,"access_control":null,"door":{"type":"open","material":"metal","automatic":false},"name":null,"alt_name":null,"display_point":{"type":"Point","coordinates":[30.378870450432508,60.006771165371447]},"level_id":"afe8614a-54b2-4468-89de-a68def1a26e7"}},{"id":"37ea7aa1-5fdf-445a-a5b0-e0b940d6de75","type":"Feature","feature_type":"opening","geometry":{"type":"LineString","coordinates":[[30.378712101260646,60.006772256040385],[30.378719580751078,60.0067833331639]]},"properties":{"category":"automobile","unit_categoty":"laboratory","unit_restriction":null,"accessibility":null,"access_control":null,"door":{"type":"open","material":"metal","automatic":false},"name":null,"alt_name":null,"display_point":{"type":"Point","coordinates":[30.378712101260646,60.006772256040385]},"level_id":"afe8614a-54b2-4468-89de-a68def1a26e7"}},{"id":"e429df08-c6a8-49d2-901d-b9cad68fb058","type":"Feature","feature_type":"opening","geometry":{"type":"LineString","coordinates":[[30.378778768431033,60.006786634811426],[30.378800926192739,60.006782895963191]]},"properties":{"category":"automobile","unit_categoty":"laboratory","unit_restriction":null,"accessibility":null,"access_control":null,"door":{"type":"open","material":"metal","automatic":false},"name":null,"alt_name":null,"display_point":{"type":"Point","coordinates":[30.378778768431033,60.006786634811426]},"level_id":"afe8614a-54b2-4468-89de-a68def1a26e7"}},{"id":"90c9332b-a72d-499f-ae94-5f2e21f04e2e","type":"Feature","feature_type":"opening","geometry":{"type":"LineString","coordinates":[[30.378611883028114,60.006623820499414],[30.378617060944457,60.006631489488349]]},"properties":{"category":"automobile","unit_categoty":"laboratory","unit_restriction":null,"accessibility":null,"access_control":null,"door":{"type":"open","material":"metal","automatic":false},"name":null,"alt_name":null,"display_point":{"type":"Point","coordinates":[30.378611883028114,60.006623820499414]},"level_id":"afe8614a-54b2-4468-89de-a68def1a26e7"}},{"id":"35327eb6-5b51-46ce-b8d2-afebbbe679a2","type":"Feature","feature_type":"opening","geometry":{"type":"LineString","coordinates":[[30.378577592470904,60.006573035506726],[30.378582770379282,60.006580704221207]]},"properties":{"category":"automobile","unit_categoty":"laboratory","unit_restriction":null,"accessibility":null,"access_control":null,"door":{"type":"open","material":"metal","automatic":false},"name":null,"alt_name":null,"display_point":{"type":"Point","coordinates":[30.378577592470904,60.006573035506726]},"level_id":"afe8614a-54b2-4468-89de-a68def1a26e7"}},{"id":"b8f68d00-5311-45fd-a1f5-a38ee8781efa","type":"Feature","feature_type":"opening","geometry":{"type":"LineString","coordinates":[[30.37854364895303,60.006522761816555],[30.378548826853539,60.006530430531043]]},"properties":{"category":"automobile","unit_categoty":"laboratory","unit_restriction":null,"accessibility":null,"access_control":null,"door":{"type":"open","material":"metal","automatic":false},"name":null,"alt_name":null,"display_point":{"type":"Point","coordinates":[30.37854364895303,60.006522761816555]},"level_id":"afe8614a-54b2-4468-89de-a68def1a26e7"}},{"id":"475d665d-7e2f-430d-afae-2d3b25234632","type":"Feature","feature_type":"opening","geometry":{"type":"LineString","coordinates":[[30.378513444923257,60.006478026550923],[30.378521499455292,60.006489955845311]]},"properties":{"category":"automobile","unit_categoty":"unspecified","unit_restriction":null,"accessibility":null,"access_control":null,"door":{"type":"open","material":"metal","automatic":false},"name":null,"alt_name":null,"display_point":{"type":"Point","coordinates":[30.378513444923257,60.006478026550923]},"level_id":"afe8614a-54b2-4468-89de-a68def1a26e7"}},{"id":"627ad7e8-ddb3-40af-b892-0137083ea5f6","type":"Feature","feature_type":"opening","geometry":{"type":"LineString","coordinates":[[30.378475618501206,60.006422001462113],[30.378483097363439,60.006433078585637]]},"properties":{"category":"automobile","unit_categoty":"unspecified","unit_restriction":"restricted","accessibility":null,"access_control":null,"door":{"type":"open","material":"metal","automatic":false},"name":null,"alt_name":null,"display_point":{"type":"Point","coordinates":[30.378475618501206,60.006422001462113]},"level_id":"afe8614a-54b2-4468-89de-a68def1a26e7"}},{"id":"ac5c4bc4-f0bf-4ec0-b90d-80d8ac54e505","type":"Feature","feature_type":"opening","geometry":{"type":"LineString","coordinates":[[30.37844099873676,60.006370726299643],[30.378450203729756,60.006384359935772]]},"properties":{"category":"automobile","unit_categoty":"administration","unit_restriction":null,"accessibility":null,"access_control":null,"door":{"type":"open","material":"metal","automatic":false},"name":null,"alt_name":null,"display_point":{"type":"Point","coordinates":[30.37844099873676,60.006370726299643]},"level_id":"afe8614a-54b2-4468-89de-a68def1a26e7"}},{"id":"f0c821d1-ed90-4c30-94c5-b24b89535a66","type":"Feature","feature_type":"opening","geometry":{"type":"LineString","coordinates":[[30.378404578493928,60.006316784020733],[30.378408605602715,60.006322748942381]]},"properties":{"category":"automobile","unit_categoty":"restroom.female","unit_restriction":null,"accessibility":null,"access_control":null,"door":{"type":"open","material":"metal","automatic":false},"name":null,"alt_name":null,"display_point":{"type":"Point","coordinates":[30.378404578493928,60.006316784020733]},"level_id":"afe8614a-54b2-4468-89de-a68def1a26e7"}},{"id":"e53413d0-c470-4b0a-9334-634203f98a21","type":"Feature","feature_type":"opening","geometry":{"type":"LineString","coordinates":[[30.378433323062421,60.006359357708988],[30.378437350450884,60.006365322630629]]},"properties":{"category":"automobile","unit_categoty":"restroom","unit_restriction":null,"accessibility":null,"access_control":null,"door":{"type":"open","material":"metal","automatic":false},"name":null,"alt_name":null,"display_point":{"type":"Point","coordinates":[30.378433323062421,60.006359357708988]},"level_id":"afe8614a-54b2-4468-89de-a68def1a26e7"}},{"id":"ecd1a18e-6c61-4225-93a0-4bd80884abac","type":"Feature","feature_type":"opening","geometry":{"type":"LineString","coordinates":[[30.3784161997381,60.006333996774522],[30.378420226848956,60.006339961147269]]},"properties":{"category":"automobile","unit_categoty":"unspecified","unit_restriction":"restricted","accessibility":null,"access_control":null,"door":{"type":"open","material":"metal","automatic":false},"name":null,"alt_name":null,"display_point":{"type":"Point","coordinates":[30.3784161997381,60.006333996774522]},"level_id":"afe8614a-54b2-4468-89de-a68def1a26e7"}},{"id":"ddaf208e-8ca0-4536-86a4-71541bb258d6","type":"Feature","feature_type":"opening","geometry":{"type":"LineString","coordinates":[[30.379485116194502,60.0067272507148],[30.379468071701151,60.006730126688574]]},"properties":{"category":"automobile","unit_categoty":"classroom","unit_restriction":null,"accessibility":null,"access_control":null,"door":{"type":"open","material":"metal","automatic":false},"name":null,"alt_name":null,"display_point":{"type":"Point","coordinates":[30.379485116194502,60.0067272507148]},"level_id":"afe8614a-54b2-4468-89de-a68def1a26e7"}},{"id":"95de1395-25de-4004-9d5e-f0e807da3268","type":"Feature","feature_type":"opening","geometry":{"type":"LineString","coordinates":[[30.379792307420928,60.006675418416457],[30.379776967263773,60.006678006765405]]},"properties":{"category":"automobile","unit_categoty":"classroom","unit_restriction":null,"accessibility":null,"access_control":null,"door":{"type":"open","material":"metal","automatic":false},"name":null,"alt_name":null,"display_point":{"type":"Point","coordinates":[30.379792307420928,60.006675418416457]},"level_id":"afe8614a-54b2-4468-89de-a68def1a26e7"}},{"id":"9544be6c-8f55-4b5e-b8fc-5b1744f8175f","type":"Feature","feature_type":"opening","geometry":{"type":"LineString","coordinates":[[30.3798455030559,60.006666442491067],[30.379825049152323,60.006669893714488]]},"properties":{"category":"automobile","unit_categoty":"administration","unit_restriction":null,"accessibility":null,"access_control":null,"door":{"type":"open","material":"metal","automatic":false},"name":null,"alt_name":null,"display_point":{"type":"Point","coordinates":[30.3798455030559,60.006666442491067]},"level_id":"afe8614a-54b2-4468-89de-a68def1a26e7"}},{"id":"4965b4e7-ab4b-48d8-97d2-7aa347cc69e0","type":"Feature","feature_type":"opening","geometry":{"type":"LineString","coordinates":[[30.380100639768642,60.006623393178948],[30.380078482408305,60.006627131752737]]},"properties":{"category":"automobile","unit_categoty":"administration","unit_restriction":null,"accessibility":null,"access_control":null,"door":{"type":"open","material":"metal","automatic":false},"name":null,"alt_name":null,"display_point":{"type":"Point","coordinates":[30.380100639768642,60.006623393178948]},"level_id":"afe8614a-54b2-4468-89de-a68def1a26e7"}},{"id":"3fe46c99-04ff-42b0-be23-cfea957fba64","type":"Feature","feature_type":"opening","geometry":{"type":"LineString","coordinates":[[30.380182031992131,60.006609659642592],[30.380169249010841,60.006611816828759]]},"properties":{"category":"automobile","unit_categoty":"classroom","unit_restriction":"restricted","accessibility":null,"access_control":null,"door":{"type":"open","material":"metal","automatic":false},"name":null,"alt_name":null,"display_point":{"type":"Point","coordinates":[30.380182031992131,60.006609659642592]},"level_id":"afe8614a-54b2-4468-89de-a68def1a26e7"}},{"id":"670f0ea6-9ae2-4149-8e87-c187fcbcc0eb","type":"Feature","feature_type":"opening","geometry":{"type":"LineString","coordinates":[[30.379525380924285,60.006632648770079],[30.379530558947216,60.00664031748456]]},"properties":{"category":"automobile","unit_categoty":"restroom","unit_restriction":null,"accessibility":null,"access_control":null,"door":{"type":"open","material":"metal","automatic":false},"name":null,"alt_name":null,"display_point":{"type":"Point","coordinates":[30.379525380924285,60.006632648770079]},"level_id":"afe8614a-54b2-4468-89de-a68def1a26e7"}},{"id":"55a1515d-b625-4f85-88ca-0d72b5901d6f","type":"Feature","feature_type":"opening","geometry":{"type":"LineString","coordinates":[[30.379554498328403,60.006675773556267],[30.379560251755791,60.006684294441627]]},"properties":{"category":"automobile","unit_categoty":"restroom","unit_restriction":null,"accessibility":null,"access_control":null,"door":{"type":"open","material":"metal","automatic":false},"name":null,"alt_name":null,"display_point":{"type":"Point","coordinates":[30.379554498328403,60.006675773556267]},"level_id":"afe8614a-54b2-4468-89de-a68def1a26e7"}},{"id":"3c866ce0-b1e2-43e5-8ffb-5f48d6ef6711","type":"Feature","feature_type":"opening","geometry":{"type":"LineString","coordinates":[[30.379702107552411,60.006665010130433],[30.379715743125651,60.006662709406307]]},"properties":{"category":"automobile","unit_categoty":"unspecified","unit_restriction":"restricted","accessibility":null,"access_control":null,"door":{"type":"open","material":"metal","automatic":false},"name":null,"alt_name":null,"display_point":{"type":"Point","coordinates":[30.379702107552411,60.006665010130433]},"level_id":"afe8614a-54b2-4468-89de-a68def1a26e7"}},{"id":"19af1ec0-75d8-49e7-bae2-11160421cd49","type":"Feature","feature_type":"opening","geometry":{"type":"LineString","coordinates":[[30.379907469461852,60.006630359298448],[30.379934740029825,60.006625757850195]]},"properties":{"category":"automobile","unit_categoty":"laboratory","unit_restriction":null,"accessibility":null,"access_control":null,"door":{"type":"open","material":"metal","automatic":false},"name":null,"alt_name":null,"display_point":{"type":"Point","coordinates":[30.379907469461852,60.006630359298448]},"level_id":"afe8614a-54b2-4468-89de-a68def1a26e7"}},{"id":"1b4c17f7-a02f-4e98-8efe-65e05cf2ef70","type":"Feature","feature_type":"opening","geometry":{"type":"LineString","coordinates":[[30.380015666756076,60.006612102806876],[30.380031006888629,60.006609514732375]]},"properties":{"category":"automobile","unit_categoty":"unspecified","unit_restriction":"restricted","accessibility":null,"access_control":null,"door":{"type":"open","material":"metal","automatic":false},"name":null,"alt_name":null,"display_point":{"type":"Point","coordinates":[30.380015666756076,60.006612102806876]},"level_id":"afe8614a-54b2-4468-89de-a68def1a26e7"}},{"id":"edc25b6c-54ed-4a4a-87f4-59630eedbc9e","type":"Feature","feature_type":"opening","geometry":{"type":"LineString","coordinates":[[30.379425331435595,60.006669946958013],[30.379447489121684,60.006666208384225]]},"properties":{"category":"automobile","unit_categoty":"classroom","unit_restriction":null,"accessibility":null,"access_control":null,"door":{"type":"open","material":"metal","automatic":false},"name":null,"alt_name":null,"display_point":{"type":"Point","coordinates":[30.379425331435595,60.006669946958013]},"level_id":"afe8614a-54b2-4468-89de-a68def1a26e7"}},{"id":"12d1f4a4-b3f5-4130-92af-703e6355dc08","type":"Feature","feature_type":"opening","geometry":{"type":"LineString","coordinates":[[30.379422420264994,60.006557486750353],[30.379416667140866,60.006548965590547]]},"properties":{"category":"automobile","unit_categoty":"classroom","unit_restriction":null,"accessibility":null,"access_control":null,"door":{"type":"open","material":"metal","automatic":false},"name":null,"alt_name":null,"display_point":{"type":"Point","coordinates":[30.379422420264994,60.006557486750353]},"level_id":"afe8614a-54b2-4468-89de-a68def1a26e7"}},{"id":"2a33d5fc-b580-429f-9542-96b5960482eb","type":"Feature","feature_type":"opening","geometry":{"type":"LineString","coordinates":[[30.379446566797558,60.006515919748985],[30.379452319922649,60.006524440634337]]},"properties":{"category":"automobile","unit_categoty":"classroom","unit_restriction":null,"accessibility":null,"access_control":null,"door":{"type":"open","material":"metal","automatic":false},"name":null,"alt_name":null,"display_point":{"type":"Point","coordinates":[30.379446566797558,60.006515919748985]},"level_id":"afe8614a-54b2-4468-89de-a68def1a26e7"}},{"id":"bedccd41-6404-4620-8ed8-b8e97ddcc68e","type":"Feature","feature_type":"opening","geometry":{"type":"LineString","coordinates":[[30.379425702648536,60.006423099266783],[30.379442747339123,60.00642022356746]]},"properties":{"category":"automobile","unit_categoty":"classroom","unit_restriction":null,"accessibility":null,"access_control":null,"door":{"type":"open","material":"metal","automatic":false},"name":null,"alt_name":null,"display_point":{"type":"Point","coordinates":[30.379425702648536,60.006423099266783]},"level_id":"afe8614a-54b2-4468-89de-a68def1a26e7"}},{"id":"a3adb91c-72c8-45bb-aa3d-29ea368892a9","type":"Feature","feature_type":"opening","geometry":{"type":"LineString","coordinates":[[30.380068433598019,60.006162564421444],[30.380058652902871,60.006148078614437]]},"properties":{"category":"automobile","unit_categoty":"classroom","unit_restriction":null,"accessibility":null,"access_control":null,"door":{"type":"open","material":"metal","automatic":false},"name":null,"alt_name":null,"display_point":{"type":"Point","coordinates":[30.380068433598019,60.006162564421444]},"level_id":"afe8614a-54b2-4468-89de-a68def1a26e7"}},{"id":"346bd172-fc7c-4a4a-a7fc-761661c36a43","type":"Feature","feature_type":"opening","geometry":{"type":"LineString","coordinates":[[30.380037018924479,60.006116600163487],[30.38003241628261,60.006109783345423]]},"properties":{"category":"automobile","unit_categoty":"classroom","unit_restriction":null,"accessibility":null,"access_control":null,"door":{"type":"open","material":"metal","automatic":false},"name":null,"alt_name":null,"display_point":{"type":"Point","coordinates":[30.380037018924479,60.006116600163487]},"level_id":"afe8614a-54b2-4468-89de-a68def1a26e7"}},{"id":"8c270b33-14df-4ad3-a275-5f5f26119e35","type":"Feature","feature_type":"opening","geometry":{"type":"LineString","coordinates":[[30.380025650406264,60.006099762584441],[30.380021335466004,60.006093371989039]]},"properties":{"category":"automobile","unit_categoty":"restroom","unit_restriction":null,"accessibility":null,"access_control":null,"door":{"type":"open","material":"metal","automatic":false},"name":null,"alt_name":null,"display_point":{"type":"Point","coordinates":[30.380025650406264,60.006099762584441]},"level_id":"afe8614a-54b2-4468-89de-a68def1a26e7"}},{"id":"9c9c555d-909d-4c54-9f96-67e9def36da3","type":"Feature","feature_type":"opening","geometry":{"type":"LineString","coordinates":[[30.380008378571276,60.006074182637946],[30.380004063634331,60.006067791768096]]},"properties":{"category":"automobile","unit_categoty":"unspecified","unit_restriction":"restricted","accessibility":null,"access_control":null,"door":{"type":"open","material":"metal","automatic":false},"name":null,"alt_name":null,"display_point":{"type":"Point","coordinates":[30.380008378571276,60.006074182637946]},"level_id":"afe8614a-54b2-4468-89de-a68def1a26e7"}},{"id":"8d496380-4405-4678-a4ac-1ad7b662416b","type":"Feature","feature_type":"opening","geometry":{"type":"LineString","coordinates":[[30.379995727501349,60.006055445033482],[30.379991412566866,60.006049054438073]]},"properties":{"category":"automobile","unit_categoty":"restroom","unit_restriction":null,"accessibility":null,"access_control":null,"door":{"type":"open","material":"metal","automatic":false},"name":null,"alt_name":null,"display_point":{"type":"Point","coordinates":[30.379995727501349,60.006055445033482]},"level_id":"afe8614a-54b2-4468-89de-a68def1a26e7"}},{"id":"682d8244-b46f-4e52-a21b-c0fe4d00d000","type":"Feature","feature_type":"opening","geometry":{"type":"LineString","coordinates":[[30.379816814813271,60.006077479619805],[30.379799770776263,60.006080355593575]]},"properties":{"category":"automobile","unit_categoty":"administration","unit_restriction":null,"accessibility":null,"access_control":null,"door":{"type":"open","material":"metal","automatic":false},"name":null,"alt_name":null,"display_point":{"type":"Point","coordinates":[30.379816814813271,60.006077479619805]},"level_id":"afe8614a-54b2-4468-89de-a68def1a26e7"}},{"id":"da4fab65-4ca6-4497-8ca1-db3644927df0","type":"Feature","feature_type":"opening","geometry":{"type":"LineString","coordinates":[[30.379764958599182,60.006086229671887],[30.379747914557647,60.00608910537121]]},"properties":{"category":"automobile","unit_categoty":"administration","unit_restriction":null,"accessibility":null,"access_control":null,"door":{"type":"open","material":"metal","automatic":false},"name":null,"alt_name":null,"display_point":{"type":"Point","coordinates":[30.379764958599182,60.006086229671887]},"level_id":"afe8614a-54b2-4468-89de-a68def1a26e7"}},{"id":"e7f1a20e-d990-4d7a-9d8f-4ff9d17f4df8","type":"Feature","feature_type":"opening","geometry":{"type":"LineString","coordinates":[[30.379570446619329,60.006119049914595],[30.379553402011918,60.006121925888365]]},"properties":{"category":"automobile","unit_categoty":"classroom","unit_restriction":null,"accessibility":null,"access_control":null,"door":{"type":"open","material":"metal","automatic":false},"name":null,"alt_name":null,"display_point":{"type":"Point","coordinates":[30.379570446619329,60.006119049914595]},"level_id":"afe8614a-54b2-4468-89de-a68def1a26e7"}},{"id":"17ac0215-ca89-4687-b20a-af1d5f8f0358","type":"Feature","feature_type":"opening","geometry":{"type":"LineString","coordinates":[[30.379536079346632,60.006124848793284],[30.379519035010723,60.006127724767055]]},"properties":{"category":"automobile","unit_categoty":"classroom","unit_restriction":null,"accessibility":null,"access_control":null,"door":{"type":"open","material":"metal","automatic":false},"name":null,"alt_name":null,"display_point":{"type":"Point","coordinates":[30.379536079346632,60.006124848793284]},"level_id":"afe8614a-54b2-4468-89de-a68def1a26e7"}},{"id":"c2e25343-5751-4fc9-bd3a-28863bc1a6a0","type":"Feature","feature_type":"opening","geometry":{"type":"LineString","coordinates":[[30.380054255153347,60.006071548455658],[30.380062310188254,60.006083477750046]]},"properties":{"category":"automobile","unit_categoty":"administration","unit_restriction":null,"accessibility":null,"access_control":null,"door":{"type":"open","material":"metal","automatic":false},"name":null,"alt_name":null,"display_point":{"type":"Point","coordinates":[30.380054255153347,60.006071548455658]},"level_id":"afe8614a-54b2-4468-89de-a68def1a26e7"}},{"id":"308af2c5-4a7d-4f4d-ae75-1c6f276af952","type":"Feature","feature_type":"opening","geometry":{"type":"LineString","coordinates":[[30.379998181276097,60.005988218494778],[30.380003934700838,60.005996739380137]]},"properties":{"category":"automobile","unit_categoty":"laboratory","unit_restriction":null,"accessibility":null,"access_control":null,"door":{"type":"open","material":"metal","automatic":false},"name":null,"alt_name":null,"display_point":{"type":"Point","coordinates":[30.379998181276097,60.005988218494778]},"level_id":"afe8614a-54b2-4468-89de-a68def1a26e7"}},{"id":"0c4b923a-6037-4ef8-b22b-bb6c3312daf7","type":"Feature","feature_type":"opening","geometry":{"type":"LineString","coordinates":[[30.379950546357335,60.005917949116],[30.379957450562312,60.0059281743431]]},"properties":{"category":"automobile","unit_categoty":"administration","unit_restriction":null,"accessibility":null,"access_control":null,"door":{"type":"open","material":"metal","automatic":false},"name":null,"alt_name":null,"display_point":{"type":"Point","coordinates":[30.379950546357335,60.005917949116]},"level_id":"afe8614a-54b2-4468-89de-a68def1a26e7"}},{"id":"20e33928-03b0-458b-90d6-9b9113118224","type":"Feature","feature_type":"opening","geometry":{"type":"LineString","coordinates":[[30.379917177252846,60.005868527322249],[30.379922244917733,60.005876214973867]]},"properties":{"category":"automobile","unit_categoty":"laboratory","unit_restriction":null,"accessibility":null,"access_control":null,"door":{"type":"open","material":"metal","automatic":false},"name":null,"alt_name":null,"display_point":{"type":"Point","coordinates":[30.379917177252846,60.005868527322249]},"level_id":"afe8614a-54b2-4468-89de-a68def1a26e7"}},{"id":"fbfe9372-aabb-4819-ac5e-bac5d44f9c49","type":"Feature","feature_type":"opening","geometry":{"type":"LineString","coordinates":[[30.379865687696334,60.005792548947532],[30.379872591875113,60.00580277431186]]},"properties":{"category":"automobile","unit_categoty":"classroom","unit_restriction":null,"accessibility":null,"access_control":null,"door":{"type":"open","material":"metal","automatic":false},"name":null,"alt_name":null,"display_point":{"type":"Point","coordinates":[30.379865687696334,60.005792548947532]},"level_id":"afe8614a-54b2-4468-89de-a68def1a26e7"}},{"id":"bd507dc7-782d-4183-9867-6bda900183b3","type":"Feature","feature_type":"opening","geometry":{"type":"LineString","coordinates":[[30.379933514320431,60.005963021956568],[30.379924309080341,60.005949388320438]]},"properties":{"category":"automobile","unit_categoty":"classroom","unit_restriction":null,"accessibility":null,"access_control":null,"door":{"type":"open","material":"metal","automatic":false},"name":null,"alt_name":null,"display_point":{"type":"Point","coordinates":[30.379933514320431,60.005963021956568]},"level_id":"afe8614a-54b2-4468-89de-a68def1a26e7"}},{"id":"aeaccd9d-7c7d-48e5-8952-72e742572ab3","type":"Feature","feature_type":"opening","geometry":{"type":"LineString","coordinates":[[30.379438984764537,60.006114275287658],[30.3794526202334,60.006111974563531]]},"properties":{"category":"automobile","unit_categoty":"classroom","unit_restriction":null,"accessibility":null,"access_control":null,"door":{"type":"open","material":"metal","automatic":false},"name":null,"alt_name":null,"display_point":{"type":"Point","coordinates":[30.379438984764537,60.006114275287658]},"level_id":"afe8614a-54b2-4468-89de-a68def1a26e7"}},{"id":"83c187ed-5dee-4319-aa4c-4108dfce8e4b","type":"Feature","feature_type":"opening","geometry":{"type":"LineString","coordinates":[[30.378610798487717,60.006254965542261],[30.3786261385924,60.006252377193313]]},"properties":{"category":"automobile","unit_categoty":"laboratory","unit_restriction":null,"accessibility":null,"access_control":null,"door":{"type":"open","material":"metal","automatic":false},"name":null,"alt_name":null,"display_point":{"type":"Point","coordinates":[30.378610798487717,60.006254965542261]},"level_id":"afe8614a-54b2-4468-89de-a68def1a26e7"}},{"id":"05a66395-547b-4f25-bdd4-d449433271dc","type":"Feature","feature_type":"opening","geometry":{"type":"LineString","coordinates":[[30.37873776179444,60.006233542982038],[30.378753101614691,60.006230954633089]]},"properties":{"category":"automobile","unit_categoty":"laboratory","unit_restriction":null,"accessibility":null,"access_control":null,"door":{"type":"open","material":"metal","automatic":false},"name":null,"alt_name":null,"display_point":{"type":"Point","coordinates":[30.37873776179444,60.006233542982038]},"level_id":"afe8614a-54b2-4468-89de-a68def1a26e7"}},{"id":"dabbf99c-59e1-4931-9e21-ba77d5b3354c","type":"Feature","feature_type":"opening","geometry":{"type":"LineString","coordinates":[[30.37824867043452,60.006158980089211],[30.378242917496269,60.006150459203859]]},"properties":{"category":"automobile","unit_categoty":"classroom","unit_restriction":null,"accessibility":null,"access_control":null,"door":{"type":"open","material":"metal","automatic":false},"name":null,"alt_name":null,"display_point":{"type":"Point","coordinates":[30.37824867043452,60.006158980089211]},"level_id":"afe8614a-54b2-4468-89de-a68def1a26e7"}},{"id":"da4a18b6-1783-43c2-989a-800b7d17fd5c","type":"Feature","feature_type":"opening","geometry":{"type":"LineString","coordinates":[[30.378283418959711,60.0062104468186],[30.378277666012508,60.00620192593324]]},"properties":{"category":"automobile","unit_categoty":"classroom","unit_restriction":null,"accessibility":null,"access_control":null,"door":{"type":"open","material":"metal","automatic":false},"name":null,"alt_name":null,"display_point":{"type":"Point","coordinates":[30.378283418959711,60.0062104468186]},"level_id":"afe8614a-54b2-4468-89de-a68def1a26e7"}},{"id":"eb9ffd94-4a33-4d66-b6cf-6c4933965898","type":"Feature","feature_type":"opening","geometry":{"type":"LineString","coordinates":[[30.378317822476848,60.006261402245464],[30.378312069246277,60.006252881085658]]},"properties":{"category":"automobile","unit_categoty":"classroom","unit_restriction":null,"accessibility":null,"access_control":null,"door":{"type":"open","material":"metal","automatic":false},"name":null,"alt_name":null,"display_point":{"type":"Point","coordinates":[30.378317822476848,60.006261402245464]},"level_id":"afe8614a-54b2-4468-89de-a68def1a26e7"}},{"id":"25ebe735-37cc-4bd1-8527-3e6d016a3662","type":"Feature","feature_type":"opening","geometry":{"type":"LineString","coordinates":[[30.378350270143056,60.006309460565816],[30.378343941799919,60.006300087509594]]},"properties":{"category":"automobile","unit_categoty":"administration","unit_restriction":null,"accessibility":null,"access_control":null,"door":{"type":"open","material":"metal","automatic":false},"name":null,"alt_name":null,"display_point":{"type":"Point","coordinates":[30.378350270143056,60.006309460565816]},"level_id":"afe8614a-54b2-4468-89de-a68def1a26e7"}},{"id":"4f9e1bd9-514a-4744-afbf-75e377040c41","type":"Feature","feature_type":"opening","geometry":{"type":"LineString","coordinates":[[30.37840440688186,60.00638964312072],[30.378398078523361,60.006380269790043]]},"properties":{"category":"automobile","unit_categoty":"classroom","unit_restriction":null,"accessibility":null,"access_control":null,"door":{"type":"open","material":"metal","automatic":false},"name":null,"alt_name":null,"display_point":{"type":"Point","coordinates":[30.37840440688186,60.00638964312072]},"level_id":"afe8614a-54b2-4468-89de-a68def1a26e7"}},{"id":"676d4b8b-bf41-4e36-a8fa-a1ac058507d5","type":"Feature","feature_type":"opening","geometry":{"type":"LineString","coordinates":[[30.378590112735534,60.006284083438736],[30.378574772896584,60.006286671787684]]},"properties":{"category":"automobile","unit_categoty":"classroom","unit_restriction":null,"accessibility":null,"access_control":null,"door":{"type":"open","material":"metal","automatic":false},"name":null,"alt_name":null,"display_point":{"type":"Point","coordinates":[30.378590112735534,60.006284083438736]},"level_id":"afe8614a-54b2-4468-89de-a68def1a26e7"}},{"id":"4e9f557c-c991-4aa2-8e38-29d92e7ffc4c","type":"Feature","feature_type":"opening","geometry":{"type":"LineString","coordinates":[[30.3786921228399,60.0062668709594],[30.378676783008931,60.006269459308349]]},"properties":{"category":"automobile","unit_categoty":"classroom","unit_restriction":null,"accessibility":null,"access_control":null,"door":{"type":"open","material":"metal","automatic":false},"name":null,"alt_name":null,"display_point":{"type":"Point","coordinates":[30.3786921228399,60.0062668709594]},"level_id":"afe8614a-54b2-4468-89de-a68def1a26e7"}},{"id":"90c910fe-4e2a-4cf3-b2ce-733a0f40a48b","type":"Feature","feature_type":"opening","geometry":{"type":"LineString","coordinates":[[30.3787959228345,60.006249356858234],[30.378780582737161,60.006251945207183]]},"properties":{"category":"automobile","unit_categoty":"classroom","unit_restriction":null,"accessibility":null,"access_control":null,"door":{"type":"open","material":"metal","automatic":false},"name":null,"alt_name":null,"display_point":{"type":"Point","coordinates":[30.3787959228345,60.006249356858234]},"level_id":"afe8614a-54b2-4468-89de-a68def1a26e7"}},{"id":"58b57b34-6fb7-43b0-af64-85188375ad07","type":"Feature","feature_type":"opening","geometry":{"type":"LineString","coordinates":[[30.378836715750424,60.006242473897437],[30.378821375656262,60.006245061971931]]},"properties":{"category":"automobile","unit_categoty":"classroom","unit_restriction":null,"accessibility":null,"access_control":null,"door":{"type":"open","material":"metal","automatic":false},"name":null,"alt_name":null,"display_point":{"type":"Point","coordinates":[30.378836715750424,60.006242473897437]},"level_id":"afe8614a-54b2-4468-89de-a68def1a26e7"}},{"id":"ab28b67a-3967-4420-8498-acab5de9f955","type":"Feature","feature_type":"opening","geometry":{"type":"LineString","coordinates":[[30.378882678382965,60.006234718456383],[30.378867338566909,60.006237306805332]]},"properties":{"category":"automobile","unit_categoty":"unspecified","unit_restriction":null,"accessibility":null,"access_control":null,"door":{"type":"open","material":"metal","automatic":false},"name":null,"alt_name":null,"display_point":{"type":"Point","coordinates":[30.378882678382965,60.006234718456383]},"level_id":"afe8614a-54b2-4468-89de-a68def1a26e7"}},{"id":"ced09abf-9f69-45c7-8a10-616754b8c4fb","type":"Feature","feature_type":"opening","geometry":{"type":"LineString","coordinates":[[30.378434484246622,60.006434190661757],[30.37842700511791,60.00642311353824]]},"properties":{"category":"automobile","unit_categoty":"stairs","unit_restriction":null,"accessibility":null,"access_control":null,"door":{"type":"open","material":"metal","automatic":false},"name":null,"alt_name":null,"display_point":{"type":"Point","coordinates":[30.378434484246622,60.006434190661757]},"level_id":"afe8614a-54b2-4468-89de-a68def1a26e7"}},{"id":"6750074e-becf-4567-94a7-cf19a09c757f","type":"Feature","feature_type":"opening","geometry":{"type":"LineString","coordinates":[[30.378222758478881,60.006120601661486],[30.378215279695571,60.006109524537969]]},"properties":{"category":"automobile","unit_categoty":"stairs","unit_restriction":null,"accessibility":null,"access_control":null,"door":{"type":"open","material":"metal","automatic":false},"name":null,"alt_name":null,"display_point":{"type":"Point","coordinates":[30.378222758478881,60.006120601661486]},"level_id":"afe8614a-54b2-4468-89de-a68def1a26e7"}},{"id":"f2b9163f-56e1-4fdd-b342-2b5ece7060fe","type":"Feature","feature_type":"opening","geometry":{"type":"LineString","coordinates":[[30.380101079879502,60.006140336347045],[30.380109137127121,60.006152265092531]]},"properties":{"category":"automobile","unit_categoty":"stairs","unit_restriction":null,"accessibility":null,"access_control":null,"door":{"type":"open","material":"metal","automatic":false},"name":null,"alt_name":null,"display_point":{"type":"Point","coordinates":[30.380101079879502,60.006140336347045]},"level_id":"afe8614a-54b2-4468-89de-a68def1a26e7"}},{"id":"5c16f898-e320-4176-92a5-5e1e4e8dac07","type":"Feature","feature_type":"opening","geometry":{"type":"LineString","coordinates":[[30.379888633195705,60.005826651151636],[30.379897011006946,60.005839059500538]]},"properties":{"category":"automobile","unit_categoty":"stairs","unit_restriction":null,"accessibility":null,"access_control":null,"door":{"type":"open","material":"metal","automatic":false},"name":null,"alt_name":null,"display_point":{"type":"Point","coordinates":[30.379888633195705,60.005826651151636]},"level_id":"afe8614a-54b2-4468-89de-a68def1a26e7"}},{"id":"744891c4-8329-43cb-b2c5-8b6f67b25d68","type":"Feature","feature_type":"opening","geometry":{"type":"LineString","coordinates":[[30.378979609193959,60.006218363088038],[30.378957451631461,60.006222101936274]]},"properties":{"category":"automobile","unit_categoty":"stairs","unit_restriction":null,"accessibility":null,"access_control":null,"door":{"type":"open","material":"metal","automatic":false},"name":null,"alt_name":null,"display_point":{"type":"Point","coordinates":[30.378979609193959,60.006218363088038]},"level_id":"afe8614a-54b2-4468-89de-a68def1a26e7"}},{"id":"df3d269b-8a60-4734-a4dd-6d3d9c7d8019","type":"Feature","feature_type":"opening","geometry":{"type":"LineString","coordinates":[[30.379468941827454,60.006383152076189],[30.37945858583733,60.006367814372773]]},"properties":{"category":"automobile","unit_categoty":"classroom","unit_restriction":null,"accessibility":null,"access_control":null,"door":{"type":"open","material":"metal","automatic":false},"name":null,"alt_name":null,"display_point":{"type":"Point","coordinates":[30.379468941827454,60.006383152076189]},"level_id":"afe8614a-54b2-4468-89de-a68def1a26e7"}},{"id":"218571fc-5662-4740-b6d0-e2154eb9f1fd","type":"Feature","feature_type":"opening","geometry":{"type":"LineString","coordinates":[[30.379210204378516,60.006410492901367],[30.379219984926664,60.006424978708367]]},"properties":{"category":"automobile","unit_categoty":"classroom","unit_restriction":null,"accessibility":null,"access_control":null,"door":{"type":"open","material":"metal","automatic":false},"name":null,"alt_name":null,"display_point":{"type":"Point","coordinates":[30.379210204378516,60.006410492901367]},"level_id":"afe8614a-54b2-4468-89de-a68def1a26e7"}},{"id":"f6296ee4-8c72-43b8-b6a7-74e67bec7c76","type":"Feature","feature_type":"opening","geometry":{"type":"LineString","coordinates":[[30.378823638618623,60.006838861770547],[30.378801480839453,60.006842600618782]]},"properties":{"category":"automobile","unit_categoty":"stairs","unit_restriction":null,"accessibility":null,"access_control":null,"door":{"type":"open","material":"metal","automatic":false},"name":null,"alt_name":null,"display_point":{"type":"Point","coordinates":[30.378823638618623,60.006838861770547]},"level_id":"afe8614a-54b2-4468-89de-a68def1a26e7"}},{"id":"8a326f77-648b-4907-a9c0-9f8bda46adbf","type":"Feature","feature_type":"opening","geometry":{"type":"LineString","coordinates":[[30.379348300993783,60.006700788956714],[30.379341396802346,60.006690564004067]]},"properties":{"category":"automobile","unit_categoty":"stairs","unit_restriction":null,"accessibility":null,"access_control":null,"door":{"type":"open","material":"metal","automatic":false},"name":null,"alt_name":null,"display_point":{"type":"Point","coordinates":[30.379348300993783,60.006700788956714]},"level_id":"afe8614a-54b2-4468-89de-a68def1a26e7"}},{"id":"5ac26b4a-1892-4a88-9e81-d10f583dca58","type":"Feature","feature_type":"opening","geometry":{"type":"LineString","coordinates":[[30.380309807959506,60.006588100131239],[30.380287650073825,60.00659183870502]]},"properties":{"category":"automobile","unit_categoty":"stairs","unit_restriction":null,"accessibility":null,"access_control":null,"door":{"type":"open","material":"metal","automatic":false},"name":null,"alt_name":null,"display_point":{"type":"Point","coordinates":[30.380309807959506,60.006588100131239]},"level_id":"afe8614a-54b2-4468-89de-a68def1a26e7"}},{"id":"9cbbb5e5-cebd-4bac-bf96-4e3ba39ea423","type":"Feature","feature_type":"opening","geometry":{"type":"LineString","coordinates":[[30.379267686179098,60.006255371181084],[30.379250642072378,60.006258247154854]]},"properties":{"category":"automobile","unit_categoty":"elevator","unit_restriction":null,"accessibility":null,"access_control":null,"door":{"type":"open","material":"metal","automatic":false},"name":null,"alt_name":null,"display_point":{"type":"Point","coordinates":[30.379267686179098,60.006255371181084]},"level_id":"afe8614a-54b2-4468-89de-a68def1a26e7"}},{"id":"4a7d0fb5-771c-494d-9bc9-476d8b3c3f84","type":"Feature","feature_type":"opening","geometry":{"type":"LineString","coordinates":[[30.379242545750593,60.006259613098308],[30.379225501641688,60.006262489072078]]},"properties":{"category":"automobile","unit_categoty":"elevator","unit_restriction":null,"accessibility":null,"access_control":null,"door":{"type":"open","material":"metal","automatic":false},"name":null,"alt_name":null,"display_point":{"type":"Point","coordinates":[30.379242545750593,60.006259613098308]},"level_id":"afe8614a-54b2-4468-89de-a68def1a26e7"}},{"id":"97e88689-24d3-4da5-9c9a-22d9f1fbe844","type":"Feature","feature_type":"opening","geometry":{"type":"LineString","coordinates":[[30.37943440151146,60.006141625444172],[30.379410539703009,60.006145651642775]]},"properties":{"category":"automobile","unit_categoty":"stairs","unit_restriction":null,"accessibility":null,"access_control":null,"door":{"type":"open","material":"metal","automatic":false},"name":null,"alt_name":null,"display_point":{"type":"Point","coordinates":[30.37943440151146,60.006141625444172]},"level_id":"afe8614a-54b2-4468-89de-a68def1a26e7"}},{"id":"620a5a26-744b-48aa-8ace-5f641c68b82b","type":"Feature","feature_type":"opening","geometry":{"type":"LineString","coordinates":[[30.379388476112979,60.006507212785735],[30.379382722723118,60.006498691900383]]},"properties":{"category":"automobile","unit_categoty":"classroom","unit_restriction":null,"accessibility":null,"access_control":null,"door":{"type":"open","material":"metal","automatic":false},"name":null,"alt_name":null,"display_point":{"type":"Point","coordinates":[30.379388476112979,60.006507212785735]},"level_id":"afe8614a-54b2-4468-89de-a68def1a26e7"}},{"id":"e5b4ac2f-2a9c-497c-8498-23901f2357a1","type":"Feature","feature_type":"opening","geometry":{"type":"LineString","coordinates":[[30.379457160769313,60.006450063270506],[30.379435002881703,60.006453802118742]]},"properties":{"category":"automobile","unit_categoty":"stairs","unit_restriction":null,"accessibility":null,"access_control":null,"door":{"type":"open","material":"metal","automatic":false},"name":null,"alt_name":null,"display_point":{"type":"Point","coordinates":[30.379457160769313,60.006450063270506]},"level_id":"afe8614a-54b2-4468-89de-a68def1a26e7"}},{"id":"e2af9134-1765-4171-bfc0-491109f52c00","type":"Feature","feature_type":"opening","geometry":{"type":"LineString","coordinates":[[30.379481178632854,60.0065671822867],[30.379486931766859,60.006575703172061]]},"properties":{"category":"automobile","unit_categoty":"classroom","unit_restriction":null,"accessibility":null,"access_control":null,"door":{"type":"open","material":"metal","automatic":false},"name":null,"alt_name":null,"display_point":{"type":"Point","coordinates":[30.379481178632854,60.0065671822867]},"level_id":"afe8614a-54b2-4468-89de-a68def1a26e7"}},{"id":"a0475f85-52d2-4764-b1a2-d2d31dc3a663","type":"Feature","feature_type":"opening","geometry":{"type":"LineString","coordinates":[[30.379247555404437,60.006453158256306],[30.379264599836006,60.006450282282536]]},"properties":{"category":"automobile","unit_categoty":"classroom","unit_restriction":null,"accessibility":null,"access_control":null,"door":{"type":"open","material":"metal","automatic":false},"name":null,"alt_name":null,"display_point":{"type":"Point","coordinates":[30.379247555404437,60.006453158256306]},"level_id":"afe8614a-54b2-4468-89de-a68def1a26e7"}},{"id":"c295680f-e2c5-441a-8d0b-0681bc32b86c","type":"Feature","feature_type":"opening","geometry":{"type":"LineString","coordinates":[[30.379964238353249,60.00662078040385],[30.379992362027522,60.006616035143182]]},"properties":{"category":"automobile","unit_categoty":"classroom","unit_restriction":null,"accessibility":null,"access_control":null,"door":{"type":"open","material":"metal","automatic":false},"name":null,"alt_name":null,"display_point":{"type":"Point","coordinates":[30.379964238353249,60.00662078040385]},"level_id":"afe8614a-54b2-4468-89de-a68def1a26e7"}},{"id":"e55f6d9d-1f16-4093-9847-4b284553147b","type":"Feature","feature_type":"opening","geometry":{"type":"LineString","coordinates":[[30.378693733067514,60.0068181632125],[30.378688555127653,60.006810493949111]]},"properties":{"category":"automobile","unit_categoty":"classroom","unit_restriction":null,"accessibility":null,"access_control":null,"door":{"type":"open","material":"metal","automatic":false},"name":null,"alt_name":null,"display_point":{"type":"Point","coordinates":[30.378693733067514,60.0068181632125]},"level_id":"afe8614a-54b2-4468-89de-a68def1a26e7"}},{"id":"1ca397b0-a205-489f-8c75-1844311f1402","type":"Feature","feature_type":"opening","geometry":{"type":"LineString","coordinates":[[30.378659214223234,60.006767037351459],[30.378654036291373,60.006759368088069]]},"properties":{"category":"automobile","unit_categoty":"laboratory","unit_restriction":null,"accessibility":null,"access_control":null,"door":{"type":"open","material":"metal","automatic":false},"name":null,"alt_name":null,"display_point":{"type":"Point","coordinates":[30.378659214223234,60.006767037351459]},"level_id":"afe8614a-54b2-4468-89de-a68def1a26e7"}},{"id":"89233ac0-89b1-4e88-9bb8-291655748235","type":"Feature","feature_type":"opening","geometry":{"type":"LineString","coordinates":[[30.378624522487129,60.006715655701932],[30.378619344563347,60.00670798698745]]},"properties":{"category":"automobile","unit_categoty":"laboratory","unit_restriction":null,"accessibility":null,"access_control":null,"door":{"type":"open","material":"metal","automatic":false},"name":null,"alt_name":null,"display_point":{"type":"Point","coordinates":[30.378624522487129,60.006715655701932]},"level_id":"afe8614a-54b2-4468-89de-a68def1a26e7"}},{"id":"2d7c7a73-95c9-493e-ad60-6f49ec7aa29c","type":"Feature","feature_type":"opening","geometry":{"type":"LineString","coordinates":[[30.378590578585907,60.006665382011761],[30.378585400669976,60.006657713022825]]},"properties":{"category":"automobile","unit_categoty":"administration","unit_restriction":null,"accessibility":null,"access_control":null,"door":{"type":"open","material":"metal","automatic":false},"name":null,"alt_name":null,"display_point":{"type":"Point","coordinates":[30.378590578585907,60.006665382011761]},"level_id":"afe8614a-54b2-4468-89de-a68def1a26e7"}},{"id":"73633576-dcdb-4d16-8f0f-6cffa557dcc0","type":"Feature","feature_type":"opening","geometry":{"type":"LineString","coordinates":[[30.378555484516923,60.006613403979856],[30.378550306609149,60.006605735265367]]},"properties":{"category":"automobile","unit_categoty":"classroom","unit_restriction":null,"accessibility":null,"access_control":null,"door":{"type":"open","material":"metal","automatic":false},"name":null,"alt_name":null,"display_point":{"type":"Point","coordinates":[30.378555484516923,60.006613403979856]},"level_id":"afe8614a-54b2-4468-89de-a68def1a26e7"}},{"id":"8c9c65e4-eeab-47a7-b1c9-0f0ba97f276d","type":"Feature","feature_type":"opening","geometry":{"type":"LineString","coordinates":[[30.378520965337369,60.006562278118814],[30.378515787712089,60.006554609404333]]},"properties":{"category":"automobile","unit_categoty":"laboratory","unit_restriction":null,"accessibility":null,"access_control":null,"door":{"type":"open","material":"metal","automatic":false},"name":null,"alt_name":null,"display_point":{"type":"Point","coordinates":[30.378520965337369,60.006562278118814]},"level_id":"afe8614a-54b2-4468-89de-a68def1a26e7"}},{"id":"02654280-3025-4075-b6a2-f2d42c92b13b","type":"Feature","feature_type":"opening","geometry":{"type":"LineString","coordinates":[[30.378488632993694,60.006514390232638],[30.378480578190104,60.006502460663796]]},"properties":{"category":"automobile","unit_categoty":"unspecified","unit_restriction":null,"accessibility":null,"access_control":null,"door":{"type":"open","material":"metal","automatic":false},"name":null,"alt_name":null,"display_point":{"type":"Point","coordinates":[30.378488632993694,60.006514390232638]},"level_id":"afe8614a-54b2-4468-89de-a68def1a26e7"}},{"id":"cd3a9f0e-c1d0-4707-8e8b-cbe5168b4428","type":"Feature","feature_type":"opening","geometry":{"type":"LineString","coordinates":[[30.37846613818715,60.006481073233317],[30.378455782414207,60.006465735255446]]},"properties":{"category":"automobile","unit_categoty":"classroom","unit_restriction":null,"accessibility":null,"access_control":null,"door":{"type":"open","material":"metal","automatic":false},"name":null,"alt_name":null,"display_point":{"type":"Point","coordinates":[30.37846613818715,60.006481073233317]},"level_id":"afe8614a-54b2-4468-89de-a68def1a26e7"}},{"id":"eacb858d-3f3e-4c91-a5b8-b0a6b1b93bd2","type":"Feature","feature_type":"opening","geometry":{"type":"LineString","coordinates":[[30.378180209275314,60.006057580538005],[30.378174456080195,60.0060490593782]]},"properties":{"category":"automobile","unit_categoty":"classroom","unit_restriction":null,"accessibility":null,"access_control":null,"door":{"type":"open","material":"metal","automatic":false},"name":null,"alt_name":null,"display_point":{"type":"Point","coordinates":[30.378180209275314,60.006057580538005]},"level_id":"afe8614a-54b2-4468-89de-a68def1a26e7"}},{"id":"c244b1de-ee47-4ef2-8886-015c717f9497","type":"Feature","feature_type":"opening","geometry":{"type":"LineString","coordinates":[[30.378145765342687,60.006006565280785],[30.378140012430951,60.005998044395426]]},"properties":{"category":"automobile","unit_categoty":"classroom","unit_restriction":null,"accessibility":null,"access_control":null,"door":{"type":"open","material":"metal","automatic":false},"name":null,"alt_name":null,"display_point":{"type":"Point","coordinates":[30.378145765342687,60.006006565280785]},"level_id":"afe8614a-54b2-4468-89de-a68def1a26e7"}},{"id":"3362719e-0d99-49b0-a7b5-de54a07f9141","type":"Feature","feature_type":"opening","geometry":{"type":"LineString","coordinates":[[30.378201454485438,60.0060159339458],[30.378206632032107,60.006023602660278]]},"properties":{"category":"automobile","unit_categoty":"administration","unit_restriction":null,"accessibility":null,"access_control":null,"door":{"type":"open","material":"metal","automatic":false},"name":null,"alt_name":null,"display_point":{"type":"Point","coordinates":[30.378201454485438,60.0060159339458]},"level_id":"afe8614a-54b2-4468-89de-a68def1a26e7"}},{"id":"85a99e86-2742-4f55-9e6c-15e407f22d05","type":"Feature","feature_type":"opening","geometry":{"type":"LineString","coordinates":[[30.378236064819642,60.006067195934612],[30.378241242648841,60.006074864923548]]},"properties":{"category":"automobile","unit_categoty":"administration","unit_restriction":null,"accessibility":null,"access_control":null,"door":{"type":"open","material":"metal","automatic":false},"name":null,"alt_name":null,"display_point":{"type":"Point","coordinates":[30.378236064819642,60.006067195934612]},"level_id":"afe8614a-54b2-4468-89de-a68def1a26e7"}},{"id":"206a7fca-4092-4a2c-8914-4caef519edd7","type":"Feature","feature_type":"opening","geometry":{"type":"LineString","coordinates":[[30.3782702321459,60.006117802259595],[30.378275409983011,60.006125470974077]]},"properties":{"category":"automobile","unit_categoty":"classroom","unit_restriction":null,"accessibility":null,"access_control":null,"door":{"type":"open","material":"metal","automatic":false},"name":null,"alt_name":null,"display_point":{"type":"Point","coordinates":[30.3782702321459,60.006117802259595]},"level_id":"afe8614a-54b2-4468-89de-a68def1a26e7"}},{"id":"089a9b22-5988-4b57-81e5-faf038e7cf91","type":"Feature","feature_type":"opening","geometry":{"type":"LineString","coordinates":[[30.378304957881728,60.006169234957035],[30.378310135726903,60.00617690394597]]},"properties":{"category":"automobile","unit_categoty":"classroom","unit_restriction":null,"accessibility":null,"access_control":null,"door":{"type":"open","material":"metal","automatic":false},"name":null,"alt_name":null,"display_point":{"type":"Point","coordinates":[30.378304957881728,60.006169234957035]},"level_id":"afe8614a-54b2-4468-89de-a68def1a26e7"}},{"id":"387f9046-3221-4b43-bc46-a87e6436ef98","type":"Feature","feature_type":"opening","geometry":{"type":"LineString","coordinates":[[30.378367247582421,60.006231516434624],[30.378382587691192,60.006228928085676]]},"properties":{"category":"automobile","unit_categoty":"classroom","unit_restriction":null,"accessibility":null,"access_control":null,"door":{"type":"open","material":"metal","automatic":false},"name":null,"alt_name":null,"display_point":{"type":"Point","coordinates":[30.378367247582421,60.006231516434624]},"level_id":"afe8614a-54b2-4468-89de-a68def1a26e7"}},{"id":"01abed94-d5bc-40ac-9b29-a230d16d7d23","type":"Feature","feature_type":"opening","geometry":{"type":"LineString","coordinates":[[30.378356758897503,60.006245957506088],[30.378361936754704,60.006253626769478]]},"properties":{"category":"automobile","unit_categoty":"classroom","unit_restriction":null,"accessibility":null,"access_control":null,"door":{"type":"open","material":"metal","automatic":false},"name":null,"alt_name":null,"display_point":{"type":"Point","coordinates":[30.378356758897503,60.006245957506088]},"level_id":"afe8614a-54b2-4468-89de-a68def1a26e7"}},{"id":"9a1c67bb-47d4-49c8-9bd3-8695e79b4ee6","type":"Feature","feature_type":"opening","geometry":{"type":"LineString","coordinates":[[30.378416033183164,60.006287828599355],[30.378431373028597,60.006285240250406]]},"properties":{"category":"automobile","unit_categoty":"laboratory","unit_restriction":null,"accessibility":null,"access_control":null,"door":{"type":"open","material":"metal","automatic":false},"name":null,"alt_name":null,"display_point":{"type":"Point","coordinates":[30.378416033183164,60.006287828599355]},"level_id":"afe8614a-54b2-4468-89de-a68def1a26e7"}},{"id":"032fc38a-dfcd-434f-af95-42702e306b65","type":"Feature","feature_type":"opening","geometry":{"type":"LineString","coordinates":[[30.37842796678401,60.006262845035245],[30.37842278891846,60.006255176320757]]},"properties":{"category":"automobile","unit_categoty":"laboratory","unit_restriction":null,"accessibility":null,"access_control":null,"door":{"type":"open","material":"metal","automatic":false},"name":null,"alt_name":null,"display_point":{"type":"Point","coordinates":[30.37842796678401,60.006262845035245]},"level_id":"afe8614a-54b2-4468-89de-a68def1a26e7"}},{"id":"d11507c7-8bc1-4057-a91f-b1f404f2fea7","type":"Feature","feature_type":"opening","geometry":{"type":"LineString","coordinates":[[30.378864588597953,60.006212143475707],[30.378879928408281,60.006209555126759]]},"properties":{"category":"automobile","unit_categoty":"laboratory","unit_restriction":null,"accessibility":null,"access_control":null,"door":{"type":"open","material":"metal","automatic":false},"name":null,"alt_name":null,"display_point":{"type":"Point","coordinates":[30.378864588597953,60.006212143475707]},"level_id":"afe8614a-54b2-4468-89de-a68def1a26e7"}},{"id":"4fa72b9f-a8f2-4212-9fb4-2c7166dd9f86","type":"Feature","feature_type":"opening","geometry":{"type":"LineString","coordinates":[[30.378915891660434,60.006203487011476],[30.378931231741241,60.006200898662527]]},"properties":{"category":"automobile","unit_categoty":"laboratory","unit_restriction":null,"accessibility":null,"access_control":null,"door":{"type":"open","material":"metal","automatic":false},"name":null,"alt_name":null,"display_point":{"type":"Point","coordinates":[30.378915891660434,60.006203487011476]},"level_id":"afe8614a-54b2-4468-89de-a68def1a26e7"}},{"id":"3ab7fcc3-5d56-441f-a477-6d3e41fe9338","type":"Feature","feature_type":"opening","geometry":{"type":"LineString","coordinates":[[30.379476925050806,60.006107873714207],[30.379490560242537,60.00610557299008]]},"properties":{"category":"automobile","unit_categoty":"laboratory","unit_restriction":null,"accessibility":null,"access_control":null,"door":{"type":"open","material":"metal","automatic":false},"name":null,"alt_name":null,"display_point":{"type":"Point","coordinates":[30.379476925050806,60.006107873714207]},"level_id":"afe8614a-54b2-4468-89de-a68def1a26e7"}},{"id":"430d0749-34fe-4e73-abd2-2396366ed8f1","type":"Feature","feature_type":"opening","geometry":{"type":"LineString","coordinates":[[30.379579361206819,60.006090589328664],[30.379592996665917,60.006088288604538]]},"properties":{"category":"automobile","unit_categoty":"laboratory","unit_restriction":null,"accessibility":null,"access_control":null,"door":{"type":"open","material":"metal","automatic":false},"name":null,"alt_name":null,"display_point":{"type":"Point","coordinates":[30.379579361206819,60.006090589328664]},"level_id":"afe8614a-54b2-4468-89de-a68def1a26e7"}},{"id":"407d386b-6735-4055-a418-ae19184196ac","type":"Feature","feature_type":"opening","geometry":{"type":"LineString","coordinates":[[30.379730202116448,60.006065137550863],[30.379743837565051,60.006062836826736]]},"properties":{"category":"automobile","unit_categoty":"administration","unit_restriction":null,"accessibility":null,"access_control":null,"door":{"type":"open","material":"metal","automatic":false},"name":null,"alt_name":null,"display_point":{"type":"Point","coordinates":[30.379730202116448,60.006065137550863]},"level_id":"afe8614a-54b2-4468-89de-a68def1a26e7"}},{"id":"d28668a0-1ad0-411b-9769-9c2a79bc0518","type":"Feature","feature_type":"opening","geometry":{"type":"LineString","coordinates":[[30.379912916390158,60.006034307902468],[30.379926551826049,60.006032007178341]]},"properties":{"category":"automobile","unit_categoty":"administration","unit_restriction":null,"accessibility":null,"access_control":null,"door":{"type":"open","material":"metal","automatic":false},"name":null,"alt_name":null,"display_point":{"type":"Point","coordinates":[30.379912916390158,60.006034307902468]},"level_id":"afe8614a-54b2-4468-89de-a68def1a26e7"}},{"id":"ab7dc403-3795-42c9-b080-1aebd56a765c","type":"Feature","feature_type":"opening","geometry":{"type":"LineString","coordinates":[[30.3798456304229,60.005833141098364],[30.379839877032772,60.005824620075785]]},"properties":{"category":"automobile","unit_categoty":"administration","unit_restriction":null,"accessibility":null,"access_control":null,"door":{"type":"open","material":"metal","automatic":false},"name":null,"alt_name":null,"display_point":{"type":"Point","coordinates":[30.3798456304229,60.005833141098364]},"level_id":"afe8614a-54b2-4468-89de-a68def1a26e7"}},{"id":"ed6879e7-7c04-4c85-9687-359bb1b07f74","type":"Feature","feature_type":"opening","geometry":{"type":"LineString","coordinates":[[30.379812905014944,60.005763583234227],[30.379829949518736,60.005760707260457]]},"properties":{"category":"automobile","unit_categoty":"classroom","unit_restriction":null,"accessibility":null,"access_control":null,"door":{"type":"open","material":"metal","automatic":false},"name":null,"alt_name":null,"display_point":{"type":"Point","coordinates":[30.379812905014944,60.005763583234227]},"level_id":"afe8614a-54b2-4468-89de-a68def1a26e7"}},{"id":"58c8aa73-57ab-400e-b9e9-1afe53e2c804","type":"Feature","feature_type":"opening","geometry":{"type":"LineString","coordinates":[[30.380132233328595,60.006186757291736],[30.380140287842615,60.006198686586131]]},"properties":{"category":"automobile","unit_categoty":"classroom","unit_restriction":null,"accessibility":null,"access_control":null,"door":{"type":"open","material":"metal","automatic":false},"name":null,"alt_name":null,"display_point":{"type":"Point","coordinates":[30.380132233328595,60.006186757291736]},"level_id":"afe8614a-54b2-4468-89de-a68def1a26e7"}},{"id":"5f0e8188-2ba4-4be0-ab6d-aa24abba356f","type":"Feature","feature_type":"opening","geometry":{"type":"LineString","coordinates":[[30.380190169342367,60.006272563625487],[30.380195922816569,60.006281084510846]]},"properties":{"category":"automobile","unit_categoty":"classroom","unit_restriction":null,"accessibility":null,"access_control":null,"door":{"type":"open","material":"metal","automatic":false},"name":null,"alt_name":null,"display_point":{"type":"Point","coordinates":[30.380190169342367,60.006272563625487]},"level_id":"afe8614a-54b2-4468-89de-a68def1a26e7"}},{"id":"195a03f0-12c6-4441-814f-d9c4f9c9eed3","type":"Feature","feature_type":"opening","geometry":{"type":"LineString","coordinates":[[30.380224171907873,60.006322922669973],[30.380229925390839,60.006331443555325]]},"properties":{"category":"automobile","unit_categoty":"classroom","unit_restriction":null,"accessibility":null,"access_control":null,"door":{"type":"open","material":"metal","automatic":false},"name":null,"alt_name":null,"display_point":{"type":"Point","coordinates":[30.380224171907873,60.006322922669973]},"level_id":"afe8614a-54b2-4468-89de-a68def1a26e7"}},{"id":"5557491d-c1c2-407b-99fb-efc7fe8662f6","type":"Feature","feature_type":"opening","geometry":{"type":"LineString","coordinates":[[30.380258806481365,60.006374218690731],[30.380264559973277,60.006382739850537]]},"properties":{"category":"automobile","unit_categoty":"classroom","unit_restriction":null,"accessibility":null,"access_control":null,"door":{"type":"open","material":"metal","automatic":false},"name":null,"alt_name":null,"display_point":{"type":"Point","coordinates":[30.380258806481365,60.006374218690731]},"level_id":"afe8614a-54b2-4468-89de-a68def1a26e7"}},{"id":"be5a8511-e7ce-4c0f-a816-0772a85ca880","type":"Feature","feature_type":"opening","geometry":{"type":"LineString","coordinates":[[30.380293269255716,60.006425259471911],[30.380299022756482,60.006433780357263]]},"properties":{"category":"automobile","unit_categoty":"laboratory","unit_restriction":null,"accessibility":null,"access_control":null,"door":{"type":"open","material":"metal","automatic":false},"name":null,"alt_name":null,"display_point":{"type":"Point","coordinates":[30.380293269255716,60.006425259471911]},"level_id":"afe8614a-54b2-4468-89de-a68def1a26e7"}},{"id":"3d3bff2f-9610-4b81-add1-3885e435cae8","type":"Feature","feature_type":"opening","geometry":{"type":"LineString","coordinates":[[30.380327732083252,60.006476300253084],[30.380333486141883,60.006484821138443]]},"properties":{"category":"automobile","unit_categoty":"classroom","unit_restriction":null,"accessibility":null,"access_control":null,"door":{"type":"open","material":"metal","automatic":false},"name":null,"alt_name":null,"display_point":{"type":"Point","coordinates":[30.380327732083252,60.006476300253084]},"level_id":"afe8614a-54b2-4468-89de-a68def1a26e7"}},{"id":"673057a0-301a-4021-81b4-3231cc4b56db","type":"Feature","feature_type":"opening","geometry":{"type":"LineString","coordinates":[[30.380362252065442,60.006527426114125],[30.380368006132969,60.006535946999485]]},"properties":{"category":"automobile","unit_categoty":"administration","unit_restriction":null,"accessibility":null,"access_control":null,"door":{"type":"open","material":"metal","automatic":false},"name":null,"alt_name":null,"display_point":{"type":"Point","coordinates":[30.380362252065442,60.006527426114125]},"level_id":"afe8614a-54b2-4468-89de-a68def1a26e7"}},{"id":"9c61a643-bc05-48a9-bdee-cdf645e426c5","type":"Feature","feature_type":"opening","geometry":{"type":"LineString","coordinates":[[30.379662462660047,60.006103523937675],[30.379645418060637,60.006106399911445]]},"properties":{"category":"automobile","unit_categoty":"administration","unit_restriction":null,"accessibility":null,"access_control":null,"door":{"type":"open","material":"metal","automatic":false},"name":null,"alt_name":null,"display_point":{"type":"Point","coordinates":[30.379662462660047,60.006103523937675]},"level_id":"afe8614a-54b2-4468-89de-a68def1a26e7"}},{"id":"23e3a237-b60e-4397-8ff7-118f97afd9bc","type":"Feature","feature_type":"opening","geometry":{"type":"LineString","coordinates":[[30.380121582367877,60.006241281132667],[30.380111802198453,60.006226795600114]]},"properties":{"category":"automobile","unit_categoty":"unspecified","unit_restriction":null,"accessibility":null,"access_control":null,"door":{"type":"open","material":"metal","automatic":false},"name":null,"alt_name":null,"display_point":{"type":"Point","coordinates":[30.380121582367877,60.006241281132667]},"level_id":"afe8614a-54b2-4468-89de-a68def1a26e7"}},{"id":"d3dd584f-81ce-49fc-a6f8-a9a80dea0cd1","type":"Feature","feature_type":"opening","geometry":{"type":"LineString","coordinates":[[30.380135678052074,60.006262157535076],[30.380129925136263,60.006253636649717]]},"properties":{"category":"automobile","unit_categoty":"classroom","unit_restriction":null,"accessibility":null,"access_control":null,"door":{"type":"open","material":"metal","automatic":false},"name":null,"alt_name":null,"display_point":{"type":"Point","coordinates":[30.380135678052074,60.006262157535076]},"level_id":"afe8614a-54b2-4468-89de-a68def1a26e7"}},{"id":"304c5c8c-cb28-4fe9-aa86-de789bda7940","type":"Feature","feature_type":"opening","geometry":{"type":"LineString","coordinates":[[30.380169996822424,60.006312985067694],[30.380164243348787,60.006304464182335]]},"properties":{"category":"automobile","unit_categoty":"classroom","unit_restriction":null,"accessibility":null,"access_control":null,"door":{"type":"open","material":"metal","automatic":false},"name":null,"alt_name":null,"display_point":{"type":"Point","coordinates":[30.380169996822424,60.006312985067694]},"level_id":"afe8614a-54b2-4468-89de-a68def1a26e7"}},{"id":"731636da-bd31-4ecb-809f-a13738494b90","type":"Feature","feature_type":"opening","geometry":{"type":"LineString","coordinates":[[30.380204516597466,60.006364110928736],[30.380198763663916,60.006355590043377]]},"properties":{"category":"automobile","unit_categoty":"classroom","unit_restriction":null,"accessibility":null,"access_control":null,"door":{"type":"open","material":"metal","automatic":false},"name":null,"alt_name":null,"display_point":{"type":"Point","coordinates":[30.380204516597466,60.006364110928736]},"level_id":"afe8614a-54b2-4468-89de-a68def1a26e7"}},{"id":"b30004b0-24f5-48b6-9d1d-6f0c7475d0cf","type":"Feature","feature_type":"opening","geometry":{"type":"LineString","coordinates":[[30.380146197657684,60.006556287673213],[30.380168365422364,60.00655256391979]]},"properties":{"category":"automobile","unit_categoty":"laboratory","unit_restriction":null,"accessibility":null,"access_control":null,"door":{"type":"open","material":"metal","automatic":false},"name":null,"alt_name":null,"display_point":{"type":"Point","coordinates":[30.380146197657684,60.006556287673213]},"level_id":"afe8614a-54b2-4468-89de-a68def1a26e7"}},{"id":"8e3e9386-3784-4229-bc8b-bb75da3e3eba","type":"Feature","feature_type":"opening","geometry":{"type":"LineString","coordinates":[[30.3802403848327,60.006540395303986],[30.380262552586775,60.00653667182501]]},"properties":{"category":"automobile","unit_categoty":"laboratory","unit_restriction":null,"accessibility":null,"access_control":null,"door":{"type":"open","material":"metal","automatic":false},"name":null,"alt_name":null,"display_point":{"type":"Point","coordinates":[30.3802403848327,60.006540395303986]},"level_id":"afe8614a-54b2-4468-89de-a68def1a26e7"}},{"id":"bc103ba4-3f87-454e-8326-ba4c064ee546","type":"Feature","feature_type":"opening","geometry":{"type":"LineString","coordinates":[[30.380218849869205,60.00656249054402],[30.380211370701659,60.0065514134205]]},"properties":{"category":"automobile","unit_categoty":"laboratory","unit_restriction":null,"accessibility":null,"access_control":null,"door":{"type":"open","material":"metal","automatic":false},"name":null,"alt_name":null,"display_point":{"type":"Point","coordinates":[30.380218849869205,60.00656249054402]},"level_id":"afe8614a-54b2-4468-89de-a68def1a26e7"}},{"id":"73dc1022-2a3f-4452-9bd5-b7f53c306cdc","type":"Feature","feature_type":"opening","geometry":{"type":"LineString","coordinates":[[30.372926516091795,60.00857933445959],[30.372921305742409,60.008571671234129]]},"properties":{"category":"automobile","unit_categoty":"administration","unit_restriction":null,"accessibility":null,"access_control":null,"door":{"type":"open","material":"metal","automatic":false},"name":null,"alt_name":null,"display_point":{"type":"Point","coordinates":[30.372926516091795,60.00857933445959]},"level_id":"606db31c-6ae7-4b75-97b3-e56c573fc7f1"}},{"id":"1cfa98e1-3ea7-4dc3-9a2d-f8157bd327fb","type":"Feature","feature_type":"opening","geometry":{"type":"LineString","coordinates":[[30.372796795088785,60.008508118224285],[30.372791584211015,60.008500455547725]]},"properties":{"category":"automobile","unit_categoty":"classroom","unit_restriction":"restricted","accessibility":null,"access_control":null,"door":{"type":"open","material":"metal","automatic":false},"name":null,"alt_name":null,"display_point":{"type":"Point","coordinates":[30.372796795088785,60.008508118224285]},"level_id":"606db31c-6ae7-4b75-97b3-e56c573fc7f1"}},{"id":"65a7734c-f386-4eaf-9ef1-80a7b918537a","type":"Feature","feature_type":"opening","geometry":{"type":"LineString","coordinates":[[30.37293969527115,60.008719788686193],[30.372934517849593,60.00871211942281]]},"properties":{"category":"automobile","unit_categoty":"classroom","unit_restriction":"restricted","accessibility":null,"access_control":null,"door":{"type":"open","material":"metal","automatic":false},"name":null,"alt_name":null,"display_point":{"type":"Point","coordinates":[30.37293969527115,60.008719788686193]},"level_id":"606db31c-6ae7-4b75-97b3-e56c573fc7f1"}},{"id":"d2830fd6-e8bc-4cea-aa75-51388e00f643","type":"Feature","feature_type":"opening","geometry":{"type":"LineString","coordinates":[[30.373218731800694,60.008781558312357],[30.373212116281163,60.008771759307926]]},"properties":{"category":"automobile","unit_categoty":"auditorium","unit_restriction":null,"accessibility":null,"access_control":null,"door":{"type":"open","material":"metal","automatic":false},"name":null,"alt_name":null,"display_point":{"type":"Point","coordinates":[30.373218731800694,60.008781558312357]},"level_id":"606db31c-6ae7-4b75-97b3-e56c573fc7f1"}},{"id":"78b73a69-bdcc-4d20-b2ac-065ecf701933","type":"Feature","feature_type":"opening","geometry":{"type":"LineString","coordinates":[[30.373172284533936,60.008724852310209],[30.373152682801955,60.008728159446761]]},"properties":{"category":"automobile","unit_categoty":"classroom","unit_restriction":"restricted","accessibility":null,"access_control":null,"door":{"type":"open","material":"metal","automatic":false},"name":null,"alt_name":null,"display_point":{"type":"Point","coordinates":[30.373172284533936,60.008724852310209]},"level_id":"606db31c-6ae7-4b75-97b3-e56c573fc7f1"}},{"id":"6deccaab-6d76-4d87-be9a-9f813f46f592","type":"Feature","feature_type":"opening","geometry":{"type":"LineString","coordinates":[[30.372498536662746,60.008479747109433],[30.372492784263386,60.008471226498528]]},"properties":{"category":"automobile","unit_categoty":"classroom","unit_restriction":"restricted","accessibility":null,"access_control":null,"door":{"type":"open","material":"metal","automatic":false},"name":null,"alt_name":null,"display_point":{"type":"Point","coordinates":[30.372498536662746,60.008479747109433]},"level_id":"606db31c-6ae7-4b75-97b3-e56c573fc7f1"}},{"id":"298b4f27-d95c-4e4e-b9a7-4148e2e7793b","type":"Feature","feature_type":"opening","geometry":{"type":"LineString","coordinates":[[30.372900054004997,60.008540138441845],[30.3728948768766,60.008532469178455]]},"properties":{"category":"automobile","unit_categoty":"restroom","unit_restriction":null,"accessibility":null,"access_control":null,"door":{"type":"open","material":"metal","automatic":false},"name":null,"alt_name":null,"display_point":{"type":"Point","coordinates":[30.372900054004997,60.008540138441845]},"level_id":"606db31c-6ae7-4b75-97b3-e56c573fc7f1"}},{"id":"68366a56-178f-458a-8365-a6b17c70f303","type":"Feature","feature_type":"opening","geometry":{"type":"LineString","coordinates":[[30.372948375849553,60.008611714208179],[30.372943198709933,60.008604045493691]]},"properties":{"category":"automobile","unit_categoty":"restroom","unit_restriction":null,"accessibility":null,"access_control":null,"door":{"type":"open","material":"metal","automatic":false},"name":null,"alt_name":null,"display_point":{"type":"Point","coordinates":[30.372948375849553,60.008611714208179]},"level_id":"606db31c-6ae7-4b75-97b3-e56c573fc7f1"}},{"id":"1a47a75b-c545-4399-859b-57eb6692615a","type":"Feature","feature_type":"opening","geometry":{"type":"LineString","coordinates":[[30.372851254634156,60.008588787106653],[30.372845502179892,60.008580265946847]]},"properties":{"category":"automobile","unit_categoty":"foodservice","unit_restriction":null,"accessibility":null,"access_control":null,"door":{"type":"open","material":"metal","automatic":false},"name":null,"alt_name":null,"display_point":{"type":"Point","coordinates":[30.372851254634156,60.008588787106653]},"level_id":"606db31c-6ae7-4b75-97b3-e56c573fc7f1"}},{"id":"e3b16d89-0fee-4f4f-b9b8-8f722b131cf7","type":"Feature","feature_type":"opening","geometry":{"type":"LineString","coordinates":[[30.372926027341972,60.008699542972572],[30.372920849649084,60.008691873709182]]},"properties":{"category":"automobile","unit_categoty":"wardrobe","unit_restriction":null,"accessibility":null,"access_control":null,"door":{"type":"open","material":"metal","automatic":false},"name":null,"alt_name":null,"display_point":{"type":"Point","coordinates":[30.372926027341972,60.008699542972572]},"level_id":"606db31c-6ae7-4b75-97b3-e56c573fc7f1"}},{"id":"98305151-d955-4399-aa05-f2af698d6de5","type":"Feature","feature_type":"opening","geometry":{"type":"LineString","coordinates":[[30.37382492253338,60.008672636329138],[30.373841967772659,60.008669760629822]]},"properties":{"category":"automobile","unit_categoty":"classroom","unit_restriction":"restricted","accessibility":null,"access_control":null,"door":{"type":"open","material":"metal","automatic":false},"name":null,"alt_name":null,"display_point":{"type":"Point","coordinates":[30.37382492253338,60.008672636329138]},"level_id":"606db31c-6ae7-4b75-97b3-e56c573fc7f1"}},{"id":"afab13b5-bf90-4d43-98b4-09f4bf9a3a5a","type":"Feature","feature_type":"opening","geometry":{"type":"LineString","coordinates":[[30.372920661563416,60.008835646050386],[30.372941111007187,60.008832186318983]]},"properties":{"category":"automobile","unit_categoty":"library","unit_restriction":null,"accessibility":null,"access_control":null,"door":{"type":"open","material":"metal","automatic":false},"name":null,"alt_name":null,"display_point":{"type":"Point","coordinates":[30.372920661563416,60.008835646050386]},"level_id":"606db31c-6ae7-4b75-97b3-e56c573fc7f1"}},{"id":"6e5d0f18-927e-4703-b523-b8299309af50","type":"Feature","feature_type":"opening","geometry":{"type":"LineString","coordinates":[[30.372502415340477,60.008458210926428],[30.372519460307497,60.008455335227104]]},"properties":{"category":"automobile","unit_categoty":"administration","unit_restriction":null,"accessibility":null,"access_control":null,"door":{"type":"open","material":"metal","automatic":false},"name":null,"alt_name":null,"display_point":{"type":"Point","coordinates":[30.372502415340477,60.008458210926428]},"level_id":"606db31c-6ae7-4b75-97b3-e56c573fc7f1"}},{"id":"1f69f895-e995-455f-8702-38ba3181fd56","type":"Feature","feature_type":"opening","geometry":{"type":"LineString","coordinates":[[30.372602128952995,60.008441387069936],[30.372619173911342,60.00843851137062]]},"properties":{"category":"automobile","unit_categoty":"administration","unit_restriction":null,"accessibility":null,"access_control":null,"door":{"type":"open","material":"metal","automatic":false},"name":null,"alt_name":null,"display_point":{"type":"Point","coordinates":[30.372602128952995,60.008441387069936]},"level_id":"606db31c-6ae7-4b75-97b3-e56c573fc7f1"}},{"id":"4d7a5c37-1552-4407-9ae1-cd26fa728e45","type":"Feature","feature_type":"opening","geometry":{"type":"LineString","coordinates":[[30.372705081642781,60.00842401650673],[30.372722127141177,60.008421140807407]]},"properties":{"category":"automobile","unit_categoty":"administration","unit_restriction":null,"accessibility":null,"access_control":null,"door":{"type":"open","material":"metal","automatic":false},"name":null,"alt_name":null,"display_point":{"type":"Point","coordinates":[30.372705081642781,60.00842401650673]},"level_id":"606db31c-6ae7-4b75-97b3-e56c573fc7f1"}},{"id":"c833fb05-32d6-4daf-ab64-ba87af50c01a","type":"Feature","feature_type":"opening","geometry":{"type":"LineString","coordinates":[[30.372757750954367,60.008415130326874],[30.3727747964482,60.00841225407865]]},"properties":{"category":"automobile","unit_categoty":"administration","unit_restriction":null,"accessibility":null,"access_control":null,"door":{"type":"open","material":"metal","automatic":false},"name":null,"alt_name":null,"display_point":{"type":"Point","coordinates":[30.372757750954367,60.008415130326874]},"level_id":"606db31c-6ae7-4b75-97b3-e56c573fc7f1"}},{"id":"2ab8eb12-6b69-498c-b195-0c2d9c1adbb4","type":"Feature","feature_type":"opening","geometry":{"type":"LineString","coordinates":[[30.37281263658274,60.008405869795624],[30.372829681522784,60.0084029940963]]},"properties":{"category":"automobile","unit_categoty":"administration","unit_restriction":null,"accessibility":null,"access_control":null,"door":{"type":"open","material":"metal","automatic":false},"name":null,"alt_name":null,"display_point":{"type":"Point","coordinates":[30.37281263658274,60.008405869795624]},"level_id":"606db31c-6ae7-4b75-97b3-e56c573fc7f1"}},{"id":"77109f6f-af6f-4450-b44b-360276860b96","type":"Feature","feature_type":"opening","geometry":{"type":"LineString","coordinates":[[30.373013257524875,60.00837202008659],[30.373030302447471,60.008369144387274]]},"properties":{"category":"automobile","unit_categoty":"administration","unit_restriction":null,"accessibility":null,"access_control":null,"door":{"type":"open","material":"metal","automatic":false},"name":null,"alt_name":null,"display_point":{"type":"Point","coordinates":[30.373013257524875,60.00837202008659]},"level_id":"606db31c-6ae7-4b75-97b3-e56c573fc7f1"}},{"id":"ecba0521-b982-42f0-b83a-46328525e29f","type":"Feature","feature_type":"opening","geometry":{"type":"LineString","coordinates":[[30.373104108037762,60.008356691440056],[30.373121153226958,60.00835381574074]]},"properties":{"category":"automobile","unit_categoty":"administration","unit_restriction":null,"accessibility":null,"access_control":null,"door":{"type":"open","material":"metal","automatic":false},"name":null,"alt_name":null,"display_point":{"type":"Point","coordinates":[30.373104108037762,60.008356691440056]},"level_id":"606db31c-6ae7-4b75-97b3-e56c573fc7f1"}},{"id":"305bf0aa-af77-49e7-b38e-ee98490a3d8e","type":"Feature","feature_type":"opening","geometry":{"type":"LineString","coordinates":[[30.374543673349464,60.008426713263887],[30.374537057669141,60.008416913710548]]},"properties":{"category":"automobile","unit_categoty":"classroom","unit_restriction":"restricted","accessibility":null,"access_control":null,"door":{"type":"open","material":"metal","automatic":false},"name":null,"alt_name":null,"display_point":{"type":"Point","coordinates":[30.374543673349464,60.008426713263887]},"level_id":"606db31c-6ae7-4b75-97b3-e56c573fc7f1"}},{"id":"c8f8233a-b8d2-468f-b714-44973b8a7de2","type":"Feature","feature_type":"opening","geometry":{"type":"LineString","coordinates":[[30.374611446578342,60.008411794098492],[30.374605693912709,60.008403273487588]]},"properties":{"category":"automobile","unit_categoty":"classroom","unit_restriction":"restricted","accessibility":null,"access_control":null,"door":{"type":"open","material":"metal","automatic":false},"name":null,"alt_name":null,"display_point":{"type":"Point","coordinates":[30.374611446578342,60.008411794098492]},"level_id":"606db31c-6ae7-4b75-97b3-e56c573fc7f1"}},{"id":"3a228660-7b10-4dfb-bc11-251e24d1877d","type":"Feature","feature_type":"opening","geometry":{"type":"LineString","coordinates":[[30.374579185485359,60.00847931292769],[30.374571706771043,60.008468235529719]]},"properties":{"category":"automobile","unit_categoty":"classroom","unit_restriction":"restricted","accessibility":null,"access_control":null,"door":{"type":"open","material":"metal","automatic":false},"name":null,"alt_name":null,"display_point":{"type":"Point","coordinates":[30.374579185485359,60.00847931292769]},"level_id":"606db31c-6ae7-4b75-97b3-e56c573fc7f1"}},{"id":"241a91b0-c7ef-49f6-b9e7-1518f7009205","type":"Feature","feature_type":"opening","geometry":{"type":"LineString","coordinates":[[30.374562145043949,60.008338769230008],[30.374556392391014,60.0083302486191]]},"properties":{"category":"automobile","unit_categoty":"laboratory","unit_restriction":null,"accessibility":null,"access_control":null,"door":{"type":"open","material":"metal","automatic":false},"name":null,"alt_name":null,"display_point":{"type":"Point","coordinates":[30.374562145043949,60.008338769230008]},"level_id":"606db31c-6ae7-4b75-97b3-e56c573fc7f1"}},{"id":"12fcd901-9ffc-445c-8731-8b800395c6f7","type":"Feature","feature_type":"opening","geometry":{"type":"LineString","coordinates":[[30.374514921563449,60.008268822605793],[30.374509168922685,60.008260301445986]]},"properties":{"category":"automobile","unit_categoty":"classroom","unit_restriction":null,"accessibility":null,"access_control":null,"door":{"type":"open","material":"metal","automatic":false},"name":null,"alt_name":null,"display_point":{"type":"Point","coordinates":[30.374514921563449,60.008268822605793]},"level_id":"606db31c-6ae7-4b75-97b3-e56c573fc7f1"}},{"id":"730aaf09-0605-424e-8501-9a5e7d33522a","type":"Feature","feature_type":"opening","geometry":{"type":"LineString","coordinates":[[30.3744985261157,60.008244538068809],[30.374492773479165,60.008236016909]]},"properties":{"category":"automobile","unit_categoty":"laboratory","unit_restriction":null,"accessibility":null,"access_control":null,"door":{"type":"open","material":"metal","automatic":false},"name":null,"alt_name":null,"display_point":{"type":"Point","coordinates":[30.3744985261157,60.008244538068809]},"level_id":"606db31c-6ae7-4b75-97b3-e56c573fc7f1"}},{"id":"5b608ba5-31d1-4f3e-9739-a23fdab0feca","type":"Feature","feature_type":"opening","geometry":{"type":"LineString","coordinates":[[30.3744855640884,60.00822533856303],[30.3744798114552,60.008216817403216]]},"properties":{"category":"automobile","unit_categoty":"laboratory","unit_restriction":null,"accessibility":null,"access_control":null,"door":{"type":"open","material":"metal","automatic":false},"name":null,"alt_name":null,"display_point":{"type":"Point","coordinates":[30.3744855640884,60.00822533856303]},"level_id":"606db31c-6ae7-4b75-97b3-e56c573fc7f1"}},{"id":"59dc46c0-68b1-4267-ad09-e5de09d9cac2","type":"Feature","feature_type":"opening","geometry":{"type":"LineString","coordinates":[[30.374453521251343,60.008177876625055],[30.374447768351903,60.008169355465249]]},"properties":{"category":"automobile","unit_categoty":"laboratory","unit_restriction":null,"accessibility":null,"access_control":null,"door":{"type":"open","material":"metal","automatic":false},"name":null,"alt_name":null,"display_point":{"type":"Point","coordinates":[30.374453521251343,60.008177876625055]},"level_id":"606db31c-6ae7-4b75-97b3-e56c573fc7f1"}},{"id":"d30c3df6-d77b-4ed5-9b38-07c5cfd28c11","type":"Feature","feature_type":"opening","geometry":{"type":"LineString","coordinates":[[30.374854249600865,60.008093672262767],[30.374871294371694,60.008090796563444]]},"properties":{"category":"automobile","unit_categoty":"classroom","unit_restriction":null,"accessibility":null,"access_control":null,"door":{"type":"open","material":"metal","automatic":false},"name":null,"alt_name":null,"display_point":{"type":"Point","coordinates":[30.374854249600865,60.008093672262767]},"level_id":"606db31c-6ae7-4b75-97b3-e56c573fc7f1"}},{"id":"ce7a9de8-a2ac-41e6-b829-3cdd3f91c862","type":"Feature","feature_type":"opening","geometry":{"type":"LineString","coordinates":[[30.374905520609616,60.008085021562],[30.374922565650486,60.008082145862687]]},"properties":{"category":"automobile","unit_categoty":"laboratory","unit_restriction":null,"accessibility":null,"access_control":null,"door":{"type":"open","material":"metal","automatic":false},"name":null,"alt_name":null,"display_point":{"type":"Point","coordinates":[30.374905520609616,60.008085021562]},"level_id":"606db31c-6ae7-4b75-97b3-e56c573fc7f1"}},{"id":"706f25e8-b37c-4323-91ce-4c4be1d96f7b","type":"Feature","feature_type":"opening","geometry":{"type":"LineString","coordinates":[[30.374965135012509,60.008035098620425],[30.374982180037922,60.008032222921109]]},"properties":{"category":"automobile","unit_categoty":"classroom","unit_restriction":null,"accessibility":null,"access_control":null,"door":{"type":"open","material":"metal","automatic":false},"name":null,"alt_name":null,"display_point":{"type":"Point","coordinates":[30.374965135012509,60.008035098620425]},"level_id":"606db31c-6ae7-4b75-97b3-e56c573fc7f1"}},{"id":"c3630474-9bad-45d4-b6a2-540adaca08fd","type":"Feature","feature_type":"opening","geometry":{"type":"LineString","coordinates":[[30.374779686302922,60.008066388248984],[30.37479673106996,60.008063512549661]]},"properties":{"category":"automobile","unit_categoty":"classroom","unit_restriction":null,"accessibility":null,"access_control":null,"door":{"type":"open","material":"metal","automatic":false},"name":null,"alt_name":null,"display_point":{"type":"Point","coordinates":[30.374779686302922,60.008066388248984]},"level_id":"606db31c-6ae7-4b75-97b3-e56c573fc7f1"}},{"id":"a4cfac32-8ccf-47c8-99c3-ec3435a07629","type":"Feature","feature_type":"opening","geometry":{"type":"LineString","coordinates":[[30.374681626297011,60.008082933263083],[30.374698671347076,60.008080057563767]]},"properties":{"category":"automobile","unit_categoty":"classroom","unit_restriction":null,"accessibility":null,"access_control":null,"door":{"type":"open","material":"metal","automatic":false},"name":null,"alt_name":null,"display_point":{"type":"Point","coordinates":[30.374681626297011,60.008082933263083]},"level_id":"606db31c-6ae7-4b75-97b3-e56c573fc7f1"}},{"id":"3569878a-e82d-4e82-bd5f-6f89ed73cdc6","type":"Feature","feature_type":"opening","geometry":{"type":"LineString","coordinates":[[30.374628104912517,60.008091963804254],[30.374645149967236,60.008089088104931]]},"properties":{"category":"automobile","unit_categoty":"classroom","unit_restriction":null,"accessibility":null,"access_control":null,"door":{"type":"open","material":"metal","automatic":false},"name":null,"alt_name":null,"display_point":{"type":"Point","coordinates":[30.374628104912517,60.008091963804254]},"level_id":"606db31c-6ae7-4b75-97b3-e56c573fc7f1"}},{"id":"5d3ca33a-4294-4be8-828c-5590fabbb2c8","type":"Feature","feature_type":"opening","geometry":{"type":"LineString","coordinates":[[30.37453236325592,60.008108117999896],[30.37454940831897,60.008105241751672]]},"properties":{"category":"automobile","unit_categoty":"classroom","unit_restriction":null,"accessibility":null,"access_control":null,"door":{"type":"open","material":"metal","automatic":false},"name":null,"alt_name":null,"display_point":{"type":"Point","coordinates":[30.37453236325592,60.008108117999896]},"level_id":"606db31c-6ae7-4b75-97b3-e56c573fc7f1"}},{"id":"0f5716ea-d31f-43c7-88ac-b89cc0938c54","type":"Feature","feature_type":"opening","geometry":{"type":"LineString","coordinates":[[30.374433434334044,60.008124809570916],[30.374450479405692,60.0081219338716]]},"properties":{"category":"automobile","unit_categoty":"classroom","unit_restriction":null,"accessibility":null,"access_control":null,"door":{"type":"open","material":"metal","automatic":false},"name":null,"alt_name":null,"display_point":{"type":"Point","coordinates":[30.374433434334044,60.008124809570916]},"level_id":"606db31c-6ae7-4b75-97b3-e56c573fc7f1"}},{"id":"ad10ffdd-0d5a-4bdb-91c8-e95bd01092c5","type":"Feature","feature_type":"opening","geometry":{"type":"LineString","coordinates":[[30.37437345307335,60.008134929683223],[30.374390497875712,60.0081320539839]]},"properties":{"category":"automobile","unit_categoty":"classroom","unit_restriction":null,"accessibility":null,"access_control":null,"door":{"type":"open","material":"metal","automatic":false},"name":null,"alt_name":null,"display_point":{"type":"Point","coordinates":[30.37437345307335,60.008134929683223]},"level_id":"606db31c-6ae7-4b75-97b3-e56c573fc7f1"}},{"id":"a0de9fe1-3c3d-4434-8f33-9e23e7891db8","type":"Feature","feature_type":"opening","geometry":{"type":"LineString","coordinates":[[30.374317204720928,60.0081444199301],[30.374334249528182,60.008141544230774]]},"properties":{"category":"automobile","unit_categoty":"laboratory","unit_restriction":null,"accessibility":null,"access_control":null,"door":{"type":"open","material":"metal","automatic":false},"name":null,"alt_name":null,"display_point":{"type":"Point","coordinates":[30.374317204720928,60.0081444199301]},"level_id":"606db31c-6ae7-4b75-97b3-e56c573fc7f1"}},{"id":"d7b66b68-de5f-487a-b457-0cf67df0c2eb","type":"Feature","feature_type":"opening","geometry":{"type":"LineString","coordinates":[[30.374185787488841,60.008166593388715],[30.374202832582025,60.008163717689392]]},"properties":{"category":"automobile","unit_categoty":"laboratory","unit_restriction":null,"accessibility":null,"access_control":null,"door":{"type":"open","material":"metal","automatic":false},"name":null,"alt_name":null,"display_point":{"type":"Point","coordinates":[30.374185787488841,60.008166593388715]},"level_id":"606db31c-6ae7-4b75-97b3-e56c573fc7f1"}},{"id":"dc31c559-349a-4e75-aef0-b226d248fd37","type":"Feature","feature_type":"opening","geometry":{"type":"LineString","coordinates":[[30.374136356847476,60.00817493341075],[30.374153401944955,60.008172057711434]]},"properties":{"category":"automobile","unit_categoty":"classroom","unit_restriction":null,"accessibility":null,"access_control":null,"door":{"type":"open","material":"metal","automatic":false},"name":null,"alt_name":null,"display_point":{"type":"Point","coordinates":[30.374136356847476,60.00817493341075]},"level_id":"606db31c-6ae7-4b75-97b3-e56c573fc7f1"}},{"id":"cc066fbe-2ac0-423f-b1c7-e57aeb4c6667","type":"Feature","feature_type":"opening","geometry":{"type":"LineString","coordinates":[[30.374077722194912,60.008184826826387],[30.374094767023,60.00818195057817]]},"properties":{"category":"automobile","unit_categoty":"classroom","unit_restriction":null,"accessibility":null,"access_control":null,"door":{"type":"open","material":"metal","automatic":false},"name":null,"alt_name":null,"display_point":{"type":"Point","coordinates":[30.374077722194912,60.008184826826387]},"level_id":"606db31c-6ae7-4b75-97b3-e56c573fc7f1"}},{"id":"3f27d6a5-9711-4d67-b873-86c87b1525fd","type":"Feature","feature_type":"opening","geometry":{"type":"LineString","coordinates":[[30.374029740339854,60.008192922037985],[30.374046785172105,60.008190046338669]]},"properties":{"category":"automobile","unit_categoty":"laboratory","unit_restriction":null,"accessibility":null,"access_control":null,"door":{"type":"open","material":"metal","automatic":false},"name":null,"alt_name":null,"display_point":{"type":"Point","coordinates":[30.374029740339854,60.008192922037985]},"level_id":"606db31c-6ae7-4b75-97b3-e56c573fc7f1"}},{"id":"a53a1f35-b7e1-4586-9dec-dc2e80c6f27c","type":"Feature","feature_type":"opening","geometry":{"type":"LineString","coordinates":[[30.373759832064046,60.008238462268892],[30.373776877194278,60.008235586020668]]},"properties":{"category":"automobile","unit_categoty":"laboratory","unit_restriction":null,"accessibility":null,"access_control":null,"door":{"type":"open","material":"metal","automatic":false},"name":null,"alt_name":null,"display_point":{"type":"Point","coordinates":[30.373759832064046,60.008238462268892]},"level_id":"606db31c-6ae7-4b75-97b3-e56c573fc7f1"}},{"id":"39327f37-1fed-4d73-8c73-2f27972f3850","type":"Feature","feature_type":"opening","geometry":{"type":"LineString","coordinates":[[30.373853579850195,60.008222644550379],[30.373870624697766,60.008219768851063]]},"properties":{"category":"automobile","unit_categoty":"classroom","unit_restriction":null,"accessibility":null,"access_control":null,"door":{"type":"open","material":"metal","automatic":false},"name":null,"alt_name":null,"display_point":{"type":"Point","coordinates":[30.373853579850195,60.008222644550379]},"level_id":"606db31c-6ae7-4b75-97b3-e56c573fc7f1"}},{"id":"283a89a1-bd3e-49cb-8f98-2c1cefb5bb8f","type":"Feature","feature_type":"opening","geometry":{"type":"LineString","coordinates":[[30.373772908566263,60.008276111479866],[30.373789953431118,60.00827323578055]]},"properties":{"category":"automobile","unit_categoty":"classroom","unit_restriction":null,"accessibility":null,"access_control":null,"door":{"type":"open","material":"metal","automatic":false},"name":null,"alt_name":null,"display_point":{"type":"Point","coordinates":[30.373772908566263,60.008276111479866]},"level_id":"606db31c-6ae7-4b75-97b3-e56c573fc7f1"}},{"id":"eb596c15-f608-4f03-8206-2d2213a80ed2","type":"Feature","feature_type":"opening","geometry":{"type":"LineString","coordinates":[[30.373908229007029,60.008253279887356],[30.373925274134624,60.008250403639131]]},"properties":{"category":"automobile","unit_categoty":"classroom","unit_restriction":null,"accessibility":null,"access_control":null,"door":{"type":"open","material":"metal","automatic":false},"name":null,"alt_name":null,"display_point":{"type":"Point","coordinates":[30.373908229007029,60.008253279887356]},"level_id":"606db31c-6ae7-4b75-97b3-e56c573fc7f1"}},{"id":"1be80f81-88bd-4852-a476-449c953cb564","type":"Feature","feature_type":"opening","geometry":{"type":"LineString","coordinates":[[30.373969437739014,60.008242952289969],[30.37398648286128,60.008240076590653]]},"properties":{"category":"automobile","unit_categoty":"laboratory","unit_restriction":null,"accessibility":null,"access_control":null,"door":{"type":"open","material":"metal","automatic":false},"name":null,"alt_name":null,"display_point":{"type":"Point","coordinates":[30.373969437739014,60.008242952289969]},"level_id":"606db31c-6ae7-4b75-97b3-e56c573fc7f1"}},{"id":"2412149d-93cf-458a-aa88-8043bcb4e34a","type":"Feature","feature_type":"opening","geometry":{"type":"LineString","coordinates":[[30.374745476834413,60.008725620224574],[30.374739723849718,60.008717099064768]]},"properties":{"category":"automobile","unit_categoty":"restroom","unit_restriction":null,"accessibility":null,"access_control":null,"door":{"type":"open","material":"metal","automatic":false},"name":null,"alt_name":null,"display_point":{"type":"Point","coordinates":[30.374745476834413,60.008725620224574]},"level_id":"606db31c-6ae7-4b75-97b3-e56c573fc7f1"}},{"id":"bab55707-1820-4274-804a-2d4548c4b203","type":"Feature","feature_type":"opening","geometry":{"type":"LineString","coordinates":[[30.374693148829415,60.00864811356854],[30.374698901527612,60.008656634179445]]},"properties":{"category":"automobile","unit_categoty":"classroom","unit_restriction":null,"accessibility":null,"access_control":null,"door":{"type":"open","material":"metal","automatic":false},"name":null,"alt_name":null,"display_point":{"type":"Point","coordinates":[30.374693148829415,60.00864811356854]},"level_id":"606db31c-6ae7-4b75-97b3-e56c573fc7f1"}},{"id":"5b88d8f0-b356-4571-aa40-129fc56c2ca9","type":"Feature","feature_type":"opening","geometry":{"type":"LineString","coordinates":[[30.374684116681745,60.008634735171995],[30.374678363987361,60.00862621456109]]},"properties":{"category":"automobile","unit_categoty":"classroom","unit_restriction":null,"accessibility":null,"access_control":null,"door":{"type":"open","material":"metal","automatic":false},"name":null,"alt_name":null,"display_point":{"type":"Point","coordinates":[30.374684116681745,60.008634735171995]},"level_id":"606db31c-6ae7-4b75-97b3-e56c573fc7f1"}},{"id":"155955de-cedf-47fa-a16f-71fd043b3cb6","type":"Feature","feature_type":"opening","geometry":{"type":"LineString","coordinates":[[30.374740288624444,60.008599820592437],[30.37473453592586,60.008591299432631]]},"properties":{"category":"automobile","unit_categoty":"classroom","unit_restriction":null,"accessibility":null,"access_control":null,"door":{"type":"open","material":"metal","automatic":false},"name":null,"alt_name":null,"display_point":{"type":"Point","coordinates":[30.374740288624444,60.008599820592437]},"level_id":"606db31c-6ae7-4b75-97b3-e56c573fc7f1"}},{"id":"6894076c-732c-44d4-af2e-57ab6bd74165","type":"Feature","feature_type":"opening","geometry":{"type":"LineString","coordinates":[[30.374773425207312,60.008648901792291],[30.374767672225687,60.008640380632485]]},"properties":{"category":"automobile","unit_categoty":"classroom","unit_restriction":"restricted","accessibility":null,"access_control":null,"door":{"type":"open","material":"metal","automatic":false},"name":null,"alt_name":null,"display_point":{"type":"Point","coordinates":[30.374773425207312,60.008648901792291]},"level_id":"606db31c-6ae7-4b75-97b3-e56c573fc7f1"}},{"id":"cf752ef6-ae44-4c00-a2f7-23bc708b0ae0","type":"Feature","feature_type":"opening","geometry":{"type":"LineString","coordinates":[[30.374791310846309,60.008675393465559],[30.374785558134576,60.008666872305746]]},"properties":{"category":"automobile","unit_categoty":"classroom","unit_restriction":null,"accessibility":null,"access_control":null,"door":{"type":"open","material":"metal","automatic":false},"name":null,"alt_name":null,"display_point":{"type":"Point","coordinates":[30.374791310846309,60.008675393465559]},"level_id":"606db31c-6ae7-4b75-97b3-e56c573fc7f1"}},{"id":"abc07689-9e0a-41b6-bf32-18a345efd7e2","type":"Feature","feature_type":"opening","geometry":{"type":"LineString","coordinates":[[30.374819217709231,60.008716728006789],[30.374813464715807,60.008708207395884]]},"properties":{"category":"automobile","unit_categoty":"classroom","unit_restriction":null,"accessibility":null,"access_control":null,"door":{"type":"open","material":"metal","automatic":false},"name":null,"alt_name":null,"display_point":{"type":"Point","coordinates":[30.374819217709231,60.008716728006789]},"level_id":"606db31c-6ae7-4b75-97b3-e56c573fc7f1"}},{"id":"f4ee1875-40af-4e6c-beb1-ddf0013dd015","type":"Feature","feature_type":"opening","geometry":{"type":"LineString","coordinates":[[30.374884455462702,60.008813356224472],[30.37487870245247,60.008804835613567]]},"properties":{"category":"automobile","unit_categoty":"classroom","unit_restriction":null,"accessibility":null,"access_control":null,"door":{"type":"open","material":"metal","automatic":false},"name":null,"alt_name":null,"display_point":{"type":"Point","coordinates":[30.374884455462702,60.008813356224472]},"level_id":"606db31c-6ae7-4b75-97b3-e56c573fc7f1"}},{"id":"64f20ba7-9903-48e2-b1d9-4a2b40d3cf6b","type":"Feature","feature_type":"opening","geometry":{"type":"LineString","coordinates":[[30.374766842880252,60.008757267188543],[30.37476108989005,60.008748746028736]]},"properties":{"category":"automobile","unit_categoty":"classroom","unit_restriction":"restricted","accessibility":null,"access_control":null,"door":{"type":"open","material":"metal","automatic":false},"name":null,"alt_name":null,"display_point":{"type":"Point","coordinates":[30.374766842880252,60.008757267188543]},"level_id":"606db31c-6ae7-4b75-97b3-e56c573fc7f1"}},{"id":"aa2054a3-61d2-4664-a9bb-05facc481486","type":"Feature","feature_type":"opening","geometry":{"type":"LineString","coordinates":[[30.375285022705839,60.008789811607826],[30.375267977498364,60.008792687856051]]},"properties":{"category":"automobile","unit_categoty":"laboratory","unit_restriction":null,"accessibility":null,"access_control":null,"door":{"type":"open","material":"metal","automatic":false},"name":null,"alt_name":null,"display_point":{"type":"Point","coordinates":[30.375285022705839,60.008789811607826]},"level_id":"606db31c-6ae7-4b75-97b3-e56c573fc7f1"}},{"id":"6fabf22c-7158-46a7-a27b-55bb8ed1e513","type":"Feature","feature_type":"opening","geometry":{"type":"LineString","coordinates":[[30.374992624517834,60.008839145851653],[30.374975579284932,60.008842022099877]]},"properties":{"category":"automobile","unit_categoty":"laboratory","unit_restriction":null,"accessibility":null,"access_control":null,"door":{"type":"open","material":"metal","automatic":false},"name":null,"alt_name":null,"display_point":{"type":"Point","coordinates":[30.374992624517834,60.008839145851653]},"level_id":"606db31c-6ae7-4b75-97b3-e56c573fc7f1"}},{"id":"178b7c81-7e42-4b0c-9985-08bd87702975","type":"Feature","feature_type":"opening","geometry":{"type":"LineString","coordinates":[[30.374939443770579,60.008848118758081],[30.374922398533052,60.008850995006306]]},"properties":{"category":"automobile","unit_categoty":"classroom","unit_restriction":null,"accessibility":null,"access_control":null,"door":{"type":"open","material":"metal","automatic":false},"name":null,"alt_name":null,"display_point":{"type":"Point","coordinates":[30.374939443770579,60.008848118758081]},"level_id":"606db31c-6ae7-4b75-97b3-e56c573fc7f1"}},{"id":"7100362e-b332-4eb0-9f48-fbec255a5fd7","type":"Feature","feature_type":"opening","geometry":{"type":"LineString","coordinates":[[30.374883535550651,60.008857551644667],[30.374866490308261,60.008860427892884]]},"properties":{"category":"automobile","unit_categoty":"classroom","unit_restriction":null,"accessibility":null,"access_control":null,"door":{"type":"open","material":"metal","automatic":false},"name":null,"alt_name":null,"display_point":{"type":"Point","coordinates":[30.374883535550651,60.008857551644667]},"level_id":"606db31c-6ae7-4b75-97b3-e56c573fc7f1"}},{"id":"dbb9c930-c73b-43a3-b3df-0f5a6c2e82ae","type":"Feature","feature_type":"opening","geometry":{"type":"LineString","coordinates":[[30.374842967898783,60.008864396456751],[30.374825922927368,60.008867272704968]]},"properties":{"category":"automobile","unit_categoty":"classroom","unit_restriction":null,"accessibility":null,"access_control":null,"door":{"type":"open","material":"metal","automatic":false},"name":null,"alt_name":null,"display_point":{"type":"Point","coordinates":[30.374842967898783,60.008864396456751]},"level_id":"606db31c-6ae7-4b75-97b3-e56c573fc7f1"}},{"id":"77f45334-9b97-4aeb-b8e7-9192fddb1a1e","type":"Feature","feature_type":"opening","geometry":{"type":"LineString","coordinates":[[30.374796656268238,60.008872210630351],[30.374779611018297,60.008875086329674]]},"properties":{"category":"automobile","unit_categoty":"classroom","unit_restriction":null,"accessibility":null,"access_control":null,"door":{"type":"open","material":"metal","automatic":false},"name":null,"alt_name":null,"display_point":{"type":"Point","coordinates":[30.374796656268238,60.008872210630351]},"level_id":"606db31c-6ae7-4b75-97b3-e56c573fc7f1"}},{"id":"3ccf1719-67ca-46b0-839c-86a119ec4115","type":"Feature","feature_type":"opening","geometry":{"type":"LineString","coordinates":[[30.373752906334218,60.009007501332718],[30.373769951388422,60.009004625633395]]},"properties":{"category":"automobile","unit_categoty":"classroom","unit_restriction":null,"accessibility":null,"access_control":null,"door":{"type":"open","material":"metal","automatic":false},"name":null,"alt_name":null,"display_point":{"type":"Point","coordinates":[30.373752906334218,60.009007501332718]},"level_id":"606db31c-6ae7-4b75-97b3-e56c573fc7f1"}},{"id":"ac07a844-bb90-488b-a29e-4bf06eb902ee","type":"Feature","feature_type":"opening","geometry":{"type":"LineString","coordinates":[[30.373620975522222,60.009029760969],[30.3736380208624,60.009026885269677]]},"properties":{"category":"automobile","unit_categoty":"classroom","unit_restriction":null,"accessibility":null,"access_control":null,"door":{"type":"open","material":"metal","automatic":false},"name":null,"alt_name":null,"display_point":{"type":"Point","coordinates":[30.373620975522222,60.009029760969]},"level_id":"606db31c-6ae7-4b75-97b3-e56c573fc7f1"}},{"id":"7c29edab-40cc-4f30-ab29-37f965bc25f3","type":"Feature","feature_type":"opening","geometry":{"type":"LineString","coordinates":[[30.373474386633479,60.009054493959191],[30.37349143226092,60.009051617710973]]},"properties":{"category":"automobile","unit_categoty":"classroom","unit_restriction":null,"accessibility":null,"access_control":null,"door":{"type":"open","material":"metal","automatic":false},"name":null,"alt_name":null,"display_point":{"type":"Point","coordinates":[30.373474386633479,60.009054493959191]},"level_id":"606db31c-6ae7-4b75-97b3-e56c573fc7f1"}},{"id":"2521a747-9b53-4d27-a368-ccfc79c0ba26","type":"Feature","feature_type":"opening","geometry":{"type":"LineString","coordinates":[[30.37317951723875,60.008954087646757],[30.373173764435926,60.00894556648695]]},"properties":{"category":"automobile","unit_categoty":"classroom","unit_restriction":null,"accessibility":null,"access_control":null,"door":{"type":"open","material":"metal","automatic":false},"name":null,"alt_name":null,"display_point":{"type":"Point","coordinates":[30.37317951723875,60.008954087646757]},"level_id":"606db31c-6ae7-4b75-97b3-e56c573fc7f1"}},{"id":"b2ad79db-df07-44e2-8b57-595d90182b3d","type":"Feature","feature_type":"opening","geometry":{"type":"LineString","coordinates":[[30.373636231079349,60.009068949851013],[30.37365327615446,60.0090660741517]]},"properties":{"category":"automobile","unit_categoty":"classroom","unit_restriction":null,"accessibility":null,"access_control":null,"door":{"type":"open","material":"metal","automatic":false},"name":null,"alt_name":null,"display_point":{"type":"Point","coordinates":[30.373636231079349,60.009068949851013]},"level_id":"606db31c-6ae7-4b75-97b3-e56c573fc7f1"}},{"id":"d1bbdcb7-0f00-4dc9-9fde-dda7dc735ace","type":"Feature","feature_type":"opening","geometry":{"type":"LineString","coordinates":[[30.373592595306977,60.009076312278],[30.37360964038588,60.009073436578682]]},"properties":{"category":"automobile","unit_categoty":"classroom","unit_restriction":null,"accessibility":null,"access_control":null,"door":{"type":"open","material":"metal","automatic":false},"name":null,"alt_name":null,"display_point":{"type":"Point","coordinates":[30.373592595306977,60.009076312278]},"level_id":"606db31c-6ae7-4b75-97b3-e56c573fc7f1"}},{"id":"700b05be-bf44-43a8-8869-8f6b3c846b9b","type":"Feature","feature_type":"opening","geometry":{"type":"LineString","coordinates":[[30.373500516608871,60.009091847860709],[30.373517561695785,60.009088972161393]]},"properties":{"category":"automobile","unit_categoty":"classroom","unit_restriction":null,"accessibility":null,"access_control":null,"door":{"type":"open","material":"metal","automatic":false},"name":null,"alt_name":null,"display_point":{"type":"Point","coordinates":[30.373500516608871,60.009091847860709]},"level_id":"606db31c-6ae7-4b75-97b3-e56c573fc7f1"}},{"id":"ef6bf31f-2435-4ead-94a7-f2ab6a8e44a8","type":"Feature","feature_type":"opening","geometry":{"type":"LineString","coordinates":[[30.373451289695584,60.0091001538508],[30.373468334786786,60.009097277602585]]},"properties":{"category":"automobile","unit_categoty":"classroom","unit_restriction":null,"accessibility":null,"access_control":null,"door":{"type":"open","material":"metal","automatic":false},"name":null,"alt_name":null,"display_point":{"type":"Point","coordinates":[30.373451289695584,60.0091001538508]},"level_id":"606db31c-6ae7-4b75-97b3-e56c573fc7f1"}},{"id":"d69b6607-4758-4046-983b-76e7dcd150df","type":"Feature","feature_type":"opening","geometry":{"type":"LineString","coordinates":[[30.373399642736295,60.00910886767533],[30.373416687831991,60.009105991427113]]},"properties":{"category":"automobile","unit_categoty":"classroom","unit_restriction":null,"accessibility":null,"access_control":null,"door":{"type":"open","material":"metal","automatic":false},"name":null,"alt_name":null,"display_point":{"type":"Point","coordinates":[30.373399642736295,60.00910886767533]},"level_id":"606db31c-6ae7-4b75-97b3-e56c573fc7f1"}},{"id":"6f71245a-d52d-4b79-876a-59b030072747","type":"Feature","feature_type":"opening","geometry":{"type":"LineString","coordinates":[[30.373119505522002,60.008939724519422],[30.373136550586274,60.008936848820106]]},"properties":{"category":"automobile","unit_categoty":"classroom","unit_restriction":null,"accessibility":null,"access_control":null,"door":{"type":"open","material":"metal","automatic":false},"name":null,"alt_name":null,"display_point":{"type":"Point","coordinates":[30.373119505522002,60.008939724519422]},"level_id":"606db31c-6ae7-4b75-97b3-e56c573fc7f1"}},{"id":"98c1c04f-cbae-494a-8c63-7780a2338d5b","type":"Feature","feature_type":"opening","geometry":{"type":"LineString","coordinates":[[30.373103173894044,60.008961937499009],[30.373097421100372,60.0089534163392]]},"properties":{"category":"automobile","unit_categoty":"classroom","unit_restriction":null,"accessibility":null,"access_control":null,"door":{"type":"open","material":"metal","automatic":false},"name":null,"alt_name":null,"display_point":{"type":"Point","coordinates":[30.373103173894044,60.008961937499009]},"level_id":"606db31c-6ae7-4b75-97b3-e56c573fc7f1"}},{"id":"1c6aca95-ed16-4ccb-b92f-2b9e3db57ca6","type":"Feature","feature_type":"opening","geometry":{"type":"LineString","coordinates":[[30.373192512845449,60.009094268519995],[30.373186760303259,60.009085747360189]]},"properties":{"category":"automobile","unit_categoty":"classroom","unit_restriction":null,"accessibility":null,"access_control":null,"door":{"type":"open","material":"metal","automatic":false},"name":null,"alt_name":null,"display_point":{"type":"Point","coordinates":[30.373192512845449,60.009094268519995]},"level_id":"606db31c-6ae7-4b75-97b3-e56c573fc7f1"}},{"id":"b87d4ef0-b8e2-4a78-a57e-90c044767b83","type":"Feature","feature_type":"opening","geometry":{"type":"LineString","coordinates":[[30.37285714107346,60.008398360811718],[30.372874186558633,60.008395485112395]]},"properties":{"category":"automobile","unit_categoty":"administration","unit_restriction":null,"accessibility":null,"access_control":null,"door":{"type":"open","material":"metal","automatic":false},"name":null,"alt_name":null,"display_point":{"type":"Point","coordinates":[30.37285714107346,60.008398360811718]},"level_id":"606db31c-6ae7-4b75-97b3-e56c573fc7f1"}},{"id":"2ddfaf65-e228-42dd-84ad-c0a241bf9186","type":"Feature","feature_type":"opening","geometry":{"type":"LineString","coordinates":[[30.372963213619155,60.008380463851168],[30.372980258546104,60.008377588151852]]},"properties":{"category":"automobile","unit_categoty":"administration","unit_restriction":null,"accessibility":null,"access_control":null,"door":{"type":"open","material":"metal","automatic":false},"name":null,"alt_name":null,"display_point":{"type":"Point","coordinates":[30.372963213619155,60.008380463851168]},"level_id":"606db31c-6ae7-4b75-97b3-e56c573fc7f1"}},{"id":"100ce7dd-c5ef-40b9-ad09-6cefd6938888","type":"Feature","feature_type":"opening","geometry":{"type":"LineString","coordinates":[[30.372849189962814,60.008378820986486],[30.372866235443297,60.00837594528717]]},"properties":{"category":"automobile","unit_categoty":"administration","unit_restriction":null,"accessibility":null,"access_control":null,"door":{"type":"open","material":"metal","automatic":false},"name":null,"alt_name":null,"display_point":{"type":"Point","coordinates":[30.372849189962814,60.008378820986486]},"level_id":"606db31c-6ae7-4b75-97b3-e56c573fc7f1"}},{"id":"bd5353bf-ba79-45f5-afa3-a232dbd45358","type":"Feature","feature_type":"opening","geometry":{"type":"LineString","coordinates":[[30.372899388151971,60.0083703514235],[30.372916433079087,60.008367475724185]]},"properties":{"category":"automobile","unit_categoty":"administration","unit_restriction":null,"accessibility":null,"access_control":null,"door":{"type":"open","material":"metal","automatic":false},"name":null,"alt_name":null,"display_point":{"type":"Point","coordinates":[30.372899388151971,60.0083703514235]},"level_id":"606db31c-6ae7-4b75-97b3-e56c573fc7f1"}},{"id":"277271e2-69f0-40fb-87a0-dde3dbd3f97c","type":"Feature","feature_type":"opening","geometry":{"type":"LineString","coordinates":[[30.372950506458778,60.008361726521152],[30.37296755138145,60.008358850821836]]},"properties":{"category":"automobile","unit_categoty":"administration","unit_restriction":null,"accessibility":null,"access_control":null,"door":{"type":"open","material":"metal","automatic":false},"name":null,"alt_name":null,"display_point":{"type":"Point","coordinates":[30.372950506458778,60.008361726521152]},"level_id":"606db31c-6ae7-4b75-97b3-e56c573fc7f1"}},{"id":"dd15f881-055b-40c2-8d90-ed7686fc807e","type":"Feature","feature_type":"opening","geometry":{"type":"LineString","coordinates":[[30.373274175010394,60.008360268636558],[30.373291220193117,60.008357392937242]]},"properties":{"category":"automobile","unit_categoty":"administration","unit_restriction":null,"accessibility":null,"access_control":null,"door":{"type":"open","material":"metal","automatic":false},"name":null,"alt_name":null,"display_point":{"type":"Point","coordinates":[30.373274175010394,60.008360268636558]},"level_id":"606db31c-6ae7-4b75-97b3-e56c573fc7f1"}},{"id":"99d274e5-bf4d-46fd-9fa1-47d75c229c11","type":"Feature","feature_type":"opening","geometry":{"type":"LineString","coordinates":[[30.373210298760018,60.008338774719029],[30.373263138675846,60.008329859447343]]},"properties":{"category":"automobile","unit_categoty":"stairs","unit_restriction":null,"accessibility":null,"access_control":null,"door":{"type":"open","material":"metal","automatic":false},"name":null,"alt_name":null,"display_point":{"type":"Point","coordinates":[30.373210298760018,60.008338774719029]},"level_id":"606db31c-6ae7-4b75-97b3-e56c573fc7f1"}},{"id":"cdc93d9b-d277-46b4-9629-6f5153371790","type":"Feature","feature_type":"opening","geometry":{"type":"LineString","coordinates":[[30.373901135723344,60.008214621244989],[30.373953974897884,60.0082057054244]]},"properties":{"category":"automobile","unit_categoty":"stairs","unit_restriction":null,"accessibility":null,"access_control":null,"door":{"type":"open","material":"metal","automatic":false},"name":null,"alt_name":null,"display_point":{"type":"Point","coordinates":[30.373901135723344,60.008214621244989]},"level_id":"606db31c-6ae7-4b75-97b3-e56c573fc7f1"}},{"id":"4143cc89-b9d2-498c-afff-7e4f65a259a1","type":"Feature","feature_type":"opening","geometry":{"type":"LineString","coordinates":[[30.373745832143694,60.00905045733144],[30.373692991991749,60.009059373152027]]},"properties":{"category":"automobile","unit_categoty":"stairs","unit_restriction":null,"accessibility":null,"access_control":null,"door":{"type":"open","material":"metal","automatic":false},"name":null,"alt_name":null,"display_point":{"type":"Point","coordinates":[30.373745832143694,60.00905045733144]},"level_id":"606db31c-6ae7-4b75-97b3-e56c573fc7f1"}},{"id":"17ffa352-31e7-4ba5-8412-e84f7298cdee","type":"Feature","feature_type":"opening","geometry":{"type":"LineString","coordinates":[[30.375417388937226,60.008767478418633],[30.375364549511168,60.00877639423922]]},"properties":{"category":"automobile","unit_categoty":"stairs","unit_restriction":null,"accessibility":null,"access_control":null,"door":{"type":"open","material":"metal","automatic":false},"name":null,"alt_name":null,"display_point":{"type":"Point","coordinates":[30.375417388937226,60.008767478418633]},"level_id":"606db31c-6ae7-4b75-97b3-e56c573fc7f1"}},{"id":"e97bc680-1bf4-4ac6-b1c5-a8c0879c2fe3","type":"Feature","feature_type":"opening","geometry":{"type":"LineString","coordinates":[[30.374881222793324,60.008049256458285],[30.374934061978148,60.008040341186607]]},"properties":{"category":"automobile","unit_categoty":"stairs","unit_restriction":null,"accessibility":null,"access_control":null,"door":{"type":"open","material":"metal","automatic":false},"name":null,"alt_name":null,"display_point":{"type":"Point","coordinates":[30.374881222793324,60.008049256458285]},"level_id":"606db31c-6ae7-4b75-97b3-e56c573fc7f1"}},{"id":"e1291797-369a-433e-81db-d4f4cb5ac656","type":"Feature","feature_type":"opening","geometry":{"type":"LineString","coordinates":[[30.373049029607884,60.008760805961884],[30.373042126724208,60.008750581009238]]},"properties":{"category":"automobile","unit_categoty":"stairs","unit_restriction":null,"accessibility":null,"access_control":null,"door":{"type":"open","material":"metal","automatic":false},"name":null,"alt_name":null,"display_point":{"type":"Point","coordinates":[30.373049029607884,60.008760805961884]},"level_id":"606db31c-6ae7-4b75-97b3-e56c573fc7f1"}},{"id":"175ca670-48a5-42e2-be50-726a0d8a5fad","type":"Feature","feature_type":"opening","geometry":{"type":"LineString","coordinates":[[30.372765000639685,60.008461022953071],[30.372759247933125,60.008452502342166]]},"properties":{"category":"automobile","unit_categoty":"administration","unit_restriction":null,"accessibility":null,"access_control":null,"door":{"type":"open","material":"metal","automatic":false},"name":null,"alt_name":null,"display_point":{"type":"Point","coordinates":[30.372765000639685,60.008461022953071]},"level_id":"606db31c-6ae7-4b75-97b3-e56c573fc7f1"}},{"id":"a99dae74-6310-461c-b337-15a054e0dcff","type":"Feature","feature_type":"opening","geometry":{"type":"LineString","coordinates":[[30.373286021694813,60.008346880359767],[30.373280269205562,60.008338359748862]]},"properties":{"category":"automobile","unit_categoty":"administration","unit_restriction":null,"accessibility":null,"access_control":null,"door":{"type":"open","material":"metal","automatic":false},"name":null,"alt_name":null,"display_point":{"type":"Point","coordinates":[30.373286021694813,60.008346880359767]},"level_id":"606db31c-6ae7-4b75-97b3-e56c573fc7f1"}},{"id":"f355a3a8-fc8b-4938-a3ad-f8fbd2fef764","type":"Feature","feature_type":"opening","geometry":{"type":"LineString","coordinates":[[30.373225000493992,60.008368565844215],[30.373242045406506,60.00836568959599]]},"properties":{"category":"automobile","unit_categoty":"administration","unit_restriction":null,"accessibility":null,"access_control":null,"door":{"type":"open","material":"metal","automatic":false},"name":null,"alt_name":null,"display_point":{"type":"Point","coordinates":[30.373225000493992,60.008368565844215]},"level_id":"606db31c-6ae7-4b75-97b3-e56c573fc7f1"}},{"id":"cc3672c5-943f-4b8e-b2f0-fe3167696c3b","type":"Feature","feature_type":"opening","geometry":{"type":"LineString","coordinates":[[30.3731687512291,60.008378056365537],[30.373185796420994,60.008375180666221]]},"properties":{"category":"automobile","unit_categoty":"administration","unit_restriction":null,"accessibility":null,"access_control":null,"door":{"type":"open","material":"metal","automatic":false},"name":null,"alt_name":null,"display_point":{"type":"Point","coordinates":[30.3731687512291,60.008378056365537]},"level_id":"606db31c-6ae7-4b75-97b3-e56c573fc7f1"}},{"id":"8e4aaa40-0567-4cea-8af5-3f4471e1cd9d","type":"Feature","feature_type":"opening","geometry":{"type":"LineString","coordinates":[[30.373865711548156,60.008988468693246],[30.373881052197977,60.008985880618745]]},"properties":{"category":"automobile","unit_categoty":"restroom","unit_restriction":null,"accessibility":null,"access_control":null,"door":{"type":"open","material":"metal","automatic":false},"name":null,"alt_name":null,"display_point":{"type":"Point","coordinates":[30.373865711548156,60.008988468693246]},"level_id":"606db31c-6ae7-4b75-97b3-e56c573fc7f1"}},{"id":"f21eccb6-902a-4f1d-b20c-f50058ce1741","type":"Feature","feature_type":"opening","geometry":{"type":"LineString","coordinates":[[30.373890989383437,60.009025965858271],[30.373906330040967,60.009023377783777]]},"properties":{"category":"automobile","unit_categoty":"restroom","unit_restriction":null,"accessibility":null,"access_control":null,"door":{"type":"open","material":"metal","automatic":false},"name":null,"alt_name":null,"display_point":{"type":"Point","coordinates":[30.373890989383437,60.009025965858271]},"level_id":"606db31c-6ae7-4b75-97b3-e56c573fc7f1"}},{"id":"a4430b2b-6e52-4516-8070-07d4003afb7c","type":"Feature","feature_type":"opening","geometry":{"type":"LineString","coordinates":[[30.37474622905933,60.00886453587794],[30.374740476062456,60.008856014718134]]},"properties":{"category":"automobile","unit_categoty":"classroom","unit_restriction":null,"accessibility":null,"access_control":null,"door":{"type":"open","material":"metal","automatic":false},"name":null,"alt_name":null,"display_point":{"type":"Point","coordinates":[30.37474622905933,60.00886453587794]},"level_id":"606db31c-6ae7-4b75-97b3-e56c573fc7f1"}},{"id":"0453dc6d-be83-44ef-bbfe-6c97176d0794","type":"Feature","feature_type":"opening","geometry":{"type":"LineString","coordinates":[[30.375124798520559,60.0088168450477],[30.375107753299151,60.008819721295922]]},"properties":{"category":"automobile","unit_categoty":"laboratory","unit_restriction":null,"accessibility":null,"access_control":null,"door":{"type":"open","material":"metal","automatic":false},"name":null,"alt_name":null,"display_point":{"type":"Point","coordinates":[30.375124798520559,60.0088168450477]},"level_id":"606db31c-6ae7-4b75-97b3-e56c573fc7f1"}},{"id":"3d9dc81b-31ff-47ea-9862-f6ddadba6d54","type":"Feature","feature_type":"opening","geometry":{"type":"LineString","coordinates":[[30.375505325050838,60.008752642137495],[30.375522370237675,60.008749766438171]]},"properties":{"category":"automobile","unit_categoty":"classroom","unit_restriction":"restricted","accessibility":null,"access_control":null,"door":{"type":"open","material":"metal","automatic":false},"name":null,"alt_name":null,"display_point":{"type":"Point","coordinates":[30.375505325050838,60.008752642137495]},"level_id":"606db31c-6ae7-4b75-97b3-e56c573fc7f1"}},{"id":"2fd7d00d-bc3c-45bd-a63f-9fed8b684728","type":"Feature","feature_type":"opening","geometry":{"type":"LineString","coordinates":[[30.375351057231764,60.008738805956405],[30.375374920497318,60.008734779757795]]},"properties":{"category":"automobile","unit_categoty":"classroom","unit_restriction":"restricted","accessibility":null,"access_control":null,"door":{"type":"open","material":"metal","automatic":false},"name":null,"alt_name":null,"display_point":{"type":"Point","coordinates":[30.375351057231764,60.008738805956405]},"level_id":"606db31c-6ae7-4b75-97b3-e56c573fc7f1"}},{"id":"25b6ad55-9238-4fe7-9578-3e5214caa5a9","type":"Feature","feature_type":"opening","geometry":{"type":"LineString","coordinates":[[30.374516433810921,60.008386366197946],[30.374510681159737,60.008377845587042]]},"properties":{"category":"automobile","unit_categoty":"classroom","unit_restriction":null,"accessibility":null,"access_control":null,"door":{"type":"open","material":"metal","automatic":false},"name":null,"alt_name":null,"display_point":{"type":"Point","coordinates":[30.374516433810921,60.008386366197946]},"level_id":"606db31c-6ae7-4b75-97b3-e56c573fc7f1"}},{"id":"f24119f6-2546-499d-84f2-57173ab3670f","type":"Feature","feature_type":"opening","geometry":{"type":"LineString","coordinates":[[30.374464819761023,60.00830991563],[30.374459067123144,60.008301394470195]]},"properties":{"category":"automobile","unit_categoty":"laboratory","unit_restriction":null,"accessibility":null,"access_control":null,"door":{"type":"open","material":"metal","automatic":false},"name":null,"alt_name":null,"display_point":{"type":"Point","coordinates":[30.374464819761023,60.00830991563]},"level_id":"606db31c-6ae7-4b75-97b3-e56c573fc7f1"}},{"id":"5484fa9c-8e08-4ecb-8778-81052b243cd3","type":"Feature","feature_type":"opening","geometry":{"type":"LineString","coordinates":[[30.374446594798812,60.0082829211622],[30.374440842165626,60.008274400002392]]},"properties":{"category":"automobile","unit_categoty":"classroom","unit_restriction":null,"accessibility":null,"access_control":null,"door":{"type":"open","material":"metal","automatic":false},"name":null,"alt_name":null,"display_point":{"type":"Point","coordinates":[30.374446594798812,60.0082829211622]},"level_id":"606db31c-6ae7-4b75-97b3-e56c573fc7f1"}},{"id":"5fcaae52-ceee-4e9f-85b4-7ef8c82313fa","type":"Feature","feature_type":"opening","geometry":{"type":"LineString","coordinates":[[30.373838344380161,60.00826507085835],[30.373855389513828,60.008262195159034]]},"properties":{"category":"automobile","unit_categoty":"classroom","unit_restriction":null,"accessibility":null,"access_control":null,"door":{"type":"open","material":"metal","automatic":false},"name":null,"alt_name":null,"display_point":{"type":"Point","coordinates":[30.373838344380161,60.00826507085835]},"level_id":"606db31c-6ae7-4b75-97b3-e56c573fc7f1"}},{"id":"62d4c9a8-915e-4860-9556-50a657b81622","type":"Feature","feature_type":"opening","geometry":{"type":"LineString","coordinates":[[30.374998950301279,60.008054896978656],[30.374993197342267,60.0080463760933]]},"properties":{"category":"automobile","unit_categoty":"classroom","unit_restriction":null,"accessibility":null,"access_control":null,"door":{"type":"open","material":"metal","automatic":false},"name":null,"alt_name":null,"display_point":{"type":"Point","coordinates":[30.374998950301279,60.008054896978656]},"level_id":"606db31c-6ae7-4b75-97b3-e56c573fc7f1"}},{"id":"8235e813-47f9-44de-8f70-b2aac3af716a","type":"Feature","feature_type":"opening","geometry":{"type":"LineString","coordinates":[[30.372924387704952,60.008576182113494],[30.37291917735606,60.008568518888033]]},"properties":{"category":"automobile","unit_categoty":"administration","unit_restriction":null,"accessibility":null,"access_control":null,"door":{"type":"open","material":"metal","automatic":false},"name":null,"alt_name":null,"display_point":{"type":"Point","coordinates":[30.372924387704952,60.008576182113494]},"level_id":"d0b5e4eb-482d-4e66-a50e-4fa7c32115ec"}},{"id":"02e0a68b-f148-42e5-9151-00e7f11556a0","type":"Feature","feature_type":"opening","geometry":{"type":"LineString","coordinates":[[30.373025484107693,60.008725929805486],[30.373032092457908,60.008735729907734]]},"properties":{"category":"automobile","unit_categoty":"classroom","unit_restriction":"restricted","accessibility":null,"access_control":null,"door":{"type":"open","material":"metal","automatic":false},"name":null,"alt_name":null,"display_point":{"type":"Point","coordinates":[30.373025484107693,60.008725929805486]},"level_id":"d0b5e4eb-482d-4e66-a50e-4fa7c32115ec"}},{"id":"29dd4fa6-7cfb-4d73-9afc-8a3e2b491618","type":"Feature","feature_type":"opening","geometry":{"type":"LineString","coordinates":[[30.372899766615468,60.008539712493636],[30.372894589212638,60.008532043230247]]},"properties":{"category":"automobile","unit_categoty":"restroom","unit_restriction":null,"accessibility":null,"access_control":null,"door":{"type":"open","material":"metal","automatic":false},"name":null,"alt_name":null,"display_point":{"type":"Point","coordinates":[30.372899766615468,60.008539712493636]},"level_id":"d0b5e4eb-482d-4e66-a50e-4fa7c32115ec"}},{"id":"b4386759-2676-4e3e-91d5-3c06a79330aa","type":"Feature","feature_type":"opening","geometry":{"type":"LineString","coordinates":[[30.372947915805703,60.008611033020379],[30.372942738666207,60.008603363757]]},"properties":{"category":"automobile","unit_categoty":"restroom","unit_restriction":null,"accessibility":null,"access_control":null,"door":{"type":"open","material":"metal","automatic":false},"name":null,"alt_name":null,"display_point":{"type":"Point","coordinates":[30.372947915805703,60.008611033020379]},"level_id":"d0b5e4eb-482d-4e66-a50e-4fa7c32115ec"}},{"id":"46d69027-63b8-42f8-ad7d-feea91cc4364","type":"Feature","feature_type":"opening","geometry":{"type":"LineString","coordinates":[[30.372423700590765,60.00847149216726],[30.372440745564628,60.008468616467937]]},"properties":{"category":"automobile","unit_categoty":"administration","unit_restriction":null,"accessibility":null,"access_control":null,"door":{"type":"open","material":"metal","automatic":false},"name":null,"alt_name":null,"display_point":{"type":"Point","coordinates":[30.372423700590765,60.00847149216726]},"level_id":"d0b5e4eb-482d-4e66-a50e-4fa7c32115ec"}},{"id":"01802ab1-216d-40c2-a448-3bb236e0825a","type":"Feature","feature_type":"opening","geometry":{"type":"LineString","coordinates":[[30.374606211616868,60.00840404030415],[30.374600458678081,60.008395519693245]]},"properties":{"category":"automobile","unit_categoty":"laboratory","unit_restriction":null,"accessibility":null,"access_control":null,"door":{"type":"open","material":"metal","automatic":false},"name":null,"alt_name":null,"display_point":{"type":"Point","coordinates":[30.374606211616868,60.00840404030415]},"level_id":"d0b5e4eb-482d-4e66-a50e-4fa7c32115ec"}},{"id":"44da7656-9951-4217-8381-406e9b2f6e53","type":"Feature","feature_type":"opening","geometry":{"type":"LineString","coordinates":[[30.374579185485359,60.00847931292769],[30.374571706771043,60.008468235529719]]},"properties":{"category":"automobile","unit_categoty":"laboratory","unit_restriction":null,"accessibility":null,"access_control":null,"door":{"type":"open","material":"metal","automatic":false},"name":null,"alt_name":null,"display_point":{"type":"Point","coordinates":[30.374579185485359,60.00847931292769]},"level_id":"d0b5e4eb-482d-4e66-a50e-4fa7c32115ec"}},{"id":"44525a4f-392f-4afe-8f7a-766e64585be7","type":"Feature","feature_type":"opening","geometry":{"type":"LineString","coordinates":[[30.374562145318446,60.008338769778909],[30.37455639239101,60.008330249168004]]},"properties":{"category":"automobile","unit_categoty":"laboratory","unit_restriction":null,"accessibility":null,"access_control":null,"door":{"type":"open","material":"metal","automatic":false},"name":null,"alt_name":null,"display_point":{"type":"Point","coordinates":[30.374562145318446,60.008338769778909]},"level_id":"d0b5e4eb-482d-4e66-a50e-4fa7c32115ec"}},{"id":"93378ec8-f8ce-43bd-a4bf-b3754221540d","type":"Feature","feature_type":"opening","geometry":{"type":"LineString","coordinates":[[30.374483504537391,60.008222287763864],[30.374477751904724,60.008213766604058]]},"properties":{"category":"automobile","unit_categoty":"classroom","unit_restriction":null,"accessibility":null,"access_control":null,"door":{"type":"open","material":"metal","automatic":false},"name":null,"alt_name":null,"display_point":{"type":"Point","coordinates":[30.374483504537391,60.008222287763864]},"level_id":"d0b5e4eb-482d-4e66-a50e-4fa7c32115ec"}},{"id":"4bcbad94-bf47-497e-bb7b-f7f87fbd3c18","type":"Feature","feature_type":"opening","geometry":{"type":"LineString","coordinates":[[30.374453705438583,60.00817814888061],[30.374447952539086,60.008169628269705]]},"properties":{"category":"automobile","unit_categoty":"classroom","unit_restriction":null,"accessibility":null,"access_control":null,"door":{"type":"open","material":"metal","automatic":false},"name":null,"alt_name":null,"display_point":{"type":"Point","coordinates":[30.374453705438583,60.00817814888061]},"level_id":"d0b5e4eb-482d-4e66-a50e-4fa7c32115ec"}},{"id":"b64faca0-4e79-4fb9-9705-ef3b4cdbb91c","type":"Feature","feature_type":"opening","geometry":{"type":"LineString","coordinates":[[30.374854249600865,60.008093672262767],[30.374871294371694,60.008090796563444]]},"properties":{"category":"automobile","unit_categoty":"classroom","unit_restriction":null,"accessibility":null,"access_control":null,"door":{"type":"open","material":"metal","automatic":false},"name":null,"alt_name":null,"display_point":{"type":"Point","coordinates":[30.374854249600865,60.008093672262767]},"level_id":"d0b5e4eb-482d-4e66-a50e-4fa7c32115ec"}},{"id":"dc8e6977-bb07-4731-8d62-d1349b7d2f05","type":"Feature","feature_type":"opening","geometry":{"type":"LineString","coordinates":[[30.374936747112383,60.00807975264852],[30.374953791876038,60.0080768769492]]},"properties":{"category":"automobile","unit_categoty":"classroom","unit_restriction":null,"accessibility":null,"access_control":null,"door":{"type":"open","material":"metal","automatic":false},"name":null,"alt_name":null,"display_point":{"type":"Point","coordinates":[30.374936747112383,60.00807975264852]},"level_id":"d0b5e4eb-482d-4e66-a50e-4fa7c32115ec"}},{"id":"da5dc86f-7341-42ec-b95a-e6f1508026df","type":"Feature","feature_type":"opening","geometry":{"type":"LineString","coordinates":[[30.3749686208796,60.008074375052367],[30.374994188569367,60.008070061228935]]},"properties":{"category":"automobile","unit_categoty":"classroom","unit_restriction":null,"accessibility":null,"access_control":null,"door":{"type":"open","material":"metal","automatic":false},"name":null,"alt_name":null,"display_point":{"type":"Point","coordinates":[30.3749686208796,60.008074375052367]},"level_id":"d0b5e4eb-482d-4e66-a50e-4fa7c32115ec"}},{"id":"234fbae0-2bb7-4e39-8dbd-35f1de4a5ad0","type":"Feature","feature_type":"opening","geometry":{"type":"LineString","coordinates":[[30.374943265936665,60.008038788341906],[30.374960310963981,60.00803591264259]]},"properties":{"category":"automobile","unit_categoty":"classroom","unit_restriction":null,"accessibility":null,"access_control":null,"door":{"type":"open","material":"metal","automatic":false},"name":null,"alt_name":null,"display_point":{"type":"Point","coordinates":[30.374943265936665,60.008038788341906]},"level_id":"d0b5e4eb-482d-4e66-a50e-4fa7c32115ec"}},{"id":"cd74b64c-202c-4723-a77c-f77db333f046","type":"Feature","feature_type":"opening","geometry":{"type":"LineString","coordinates":[[30.374789009401436,60.0080648150949],[30.374806054442164,60.008061939395574]]},"properties":{"category":"automobile","unit_categoty":"classroom","unit_restriction":null,"accessibility":null,"access_control":null,"door":{"type":"open","material":"metal","automatic":false},"name":null,"alt_name":null,"display_point":{"type":"Point","coordinates":[30.374789009401436,60.0080648150949]},"level_id":"d0b5e4eb-482d-4e66-a50e-4fa7c32115ec"}},{"id":"9061cde0-7c77-4138-9fc2-24801d174673","type":"Feature","feature_type":"opening","geometry":{"type":"LineString","coordinates":[[30.374726795470572,60.0080753123031],[30.374743840516711,60.008072436603783]]},"properties":{"category":"automobile","unit_categoty":"laboratory","unit_restriction":"restricted","accessibility":null,"access_control":null,"door":{"type":"open","material":"metal","automatic":false},"name":null,"alt_name":null,"display_point":{"type":"Point","coordinates":[30.374726795470572,60.0080753123031]},"level_id":"d0b5e4eb-482d-4e66-a50e-4fa7c32115ec"}},{"id":"241cdff7-062a-42cb-8bba-d25a3303f6f6","type":"Feature","feature_type":"opening","geometry":{"type":"LineString","coordinates":[[30.374623843854479,60.008092682866312],[30.374640888635071,60.008089807166989]]},"properties":{"category":"automobile","unit_categoty":"classroom","unit_restriction":null,"accessibility":null,"access_control":null,"door":{"type":"open","material":"metal","automatic":false},"name":null,"alt_name":null,"display_point":{"type":"Point","coordinates":[30.374623843854479,60.008092682866312]},"level_id":"d0b5e4eb-482d-4e66-a50e-4fa7c32115ec"}},{"id":"14a68047-76db-4c15-9cf0-e3eecc529bbe","type":"Feature","feature_type":"opening","geometry":{"type":"LineString","coordinates":[[30.374526176030802,60.008109162012133],[30.374543221094388,60.008106285763908]]},"properties":{"category":"automobile","unit_categoty":"classroom","unit_restriction":null,"accessibility":null,"access_control":null,"door":{"type":"open","material":"metal","automatic":false},"name":null,"alt_name":null,"display_point":{"type":"Point","coordinates":[30.374526176030802,60.008109162012133]},"level_id":"d0b5e4eb-482d-4e66-a50e-4fa7c32115ec"}},{"id":"9a9c13c1-9980-4e96-a33e-52676b9a5116","type":"Feature","feature_type":"opening","geometry":{"type":"LineString","coordinates":[[30.374428167229553,60.008125698243795],[30.374445212301659,60.008122822544479]]},"properties":{"category":"automobile","unit_categoty":"classroom","unit_restriction":null,"accessibility":null,"access_control":null,"door":{"type":"open","material":"metal","automatic":false},"name":null,"alt_name":null,"display_point":{"type":"Point","coordinates":[30.374428167229553,60.008125698243795]},"level_id":"d0b5e4eb-482d-4e66-a50e-4fa7c32115ec"}},{"id":"488ad66f-f716-404f-a22e-e3254b39b89f","type":"Feature","feature_type":"opening","geometry":{"type":"LineString","coordinates":[[30.374367487090218,60.008135936370095],[30.374384532167603,60.008133060670779]]},"properties":{"category":"automobile","unit_categoty":"classroom","unit_restriction":null,"accessibility":null,"access_control":null,"door":{"type":"open","material":"metal","automatic":false},"name":null,"alt_name":null,"display_point":{"type":"Point","coordinates":[30.374367487090218,60.008135936370095]},"level_id":"d0b5e4eb-482d-4e66-a50e-4fa7c32115ec"}},{"id":"60c7466b-5463-4890-95e4-21681dc29811","type":"Feature","feature_type":"opening","geometry":{"type":"LineString","coordinates":[[30.374139424937681,60.00817441579585],[30.374156469760397,60.008171540096534]]},"properties":{"category":"automobile","unit_categoty":"laboratory","unit_restriction":null,"accessibility":null,"access_control":null,"door":{"type":"open","material":"metal","automatic":false},"name":null,"alt_name":null,"display_point":{"type":"Point","coordinates":[30.374139424937681,60.00817441579585]},"level_id":"d0b5e4eb-482d-4e66-a50e-4fa7c32115ec"}},{"id":"c2d744dc-249b-49d2-bf16-faee6f716e3a","type":"Feature","feature_type":"opening","geometry":{"type":"LineString","coordinates":[[30.374064938435634,60.008186983463652],[30.374081983539323,60.008184107764336]]},"properties":{"category":"automobile","unit_categoty":"classroom","unit_restriction":null,"accessibility":null,"access_control":null,"door":{"type":"open","material":"metal","automatic":false},"name":null,"alt_name":null,"display_point":{"type":"Point","coordinates":[30.374064938435634,60.008186983463652]},"level_id":"d0b5e4eb-482d-4e66-a50e-4fa7c32115ec"}},{"id":"2c15640c-66dd-4337-8dd9-07df1ff2e925","type":"Feature","feature_type":"opening","geometry":{"type":"LineString","coordinates":[[30.373979542430092,60.008201391600977],[30.373996587541207,60.008198515901654]]},"properties":{"category":"automobile","unit_categoty":"classroom","unit_restriction":null,"accessibility":null,"access_control":null,"door":{"type":"open","material":"metal","automatic":false},"name":null,"alt_name":null,"display_point":{"type":"Point","coordinates":[30.373979542430092,60.008201391600977]},"level_id":"d0b5e4eb-482d-4e66-a50e-4fa7c32115ec"}},{"id":"bac070c2-34bb-4d04-9f92-6b685b97e285","type":"Feature","feature_type":"opening","geometry":{"type":"LineString","coordinates":[[30.3747188630713,60.008569265944111],[30.374713110103631,60.008560745333206]]},"properties":{"category":"automobile","unit_categoty":"laboratory","unit_restriction":null,"accessibility":null,"access_control":null,"door":{"type":"open","material":"metal","automatic":false},"name":null,"alt_name":null,"display_point":{"type":"Point","coordinates":[30.3747188630713,60.008569265944111]},"level_id":"d0b5e4eb-482d-4e66-a50e-4fa7c32115ec"}},{"id":"24549dc7-be50-4608-8d58-19f0bf0a3b2e","type":"Feature","feature_type":"opening","geometry":{"type":"LineString","coordinates":[[30.374762124019224,60.008633343704581],[30.374756371040409,60.008624822544775]]},"properties":{"category":"automobile","unit_categoty":"laboratory","unit_restriction":null,"accessibility":null,"access_control":null,"door":{"type":"open","material":"metal","automatic":false},"name":null,"alt_name":null,"display_point":{"type":"Point","coordinates":[30.374762124019224,60.008633343704581]},"level_id":"d0b5e4eb-482d-4e66-a50e-4fa7c32115ec"}},{"id":"14b4e856-b9b0-487e-9f94-ca44431c78a6","type":"Feature","feature_type":"opening","geometry":{"type":"LineString","coordinates":[[30.37486177859698,60.008779880317931],[30.374856025592582,60.008771359707026]]},"properties":{"category":"automobile","unit_categoty":"classroom","unit_restriction":null,"accessibility":null,"access_control":null,"door":{"type":"open","material":"metal","automatic":false},"name":null,"alt_name":null,"display_point":{"type":"Point","coordinates":[30.37486177859698,60.008779880317931]},"level_id":"d0b5e4eb-482d-4e66-a50e-4fa7c32115ec"}},{"id":"237c6703-6f05-45e9-bb3f-798d4c0d63dd","type":"Feature","feature_type":"opening","geometry":{"type":"LineString","coordinates":[[30.374880255858418,60.00880713606324],[30.37487450312377,60.008798615452335]]},"properties":{"category":"automobile","unit_categoty":"classroom","unit_restriction":null,"accessibility":null,"access_control":null,"door":{"type":"open","material":"metal","automatic":false},"name":null,"alt_name":null,"display_point":{"type":"Point","coordinates":[30.374880255858418,60.00880713606324]},"level_id":"d0b5e4eb-482d-4e66-a50e-4fa7c32115ec"}},{"id":"290b9ba6-485b-45fb-92c9-6c60ca569138","type":"Feature","feature_type":"opening","geometry":{"type":"LineString","coordinates":[[30.374450664752182,60.008890779996257],[30.374467709745975,60.008887903748032]]},"properties":{"category":"automobile","unit_categoty":"classroom","unit_restriction":null,"accessibility":null,"access_control":null,"door":{"type":"open","material":"metal","automatic":false},"name":null,"alt_name":null,"display_point":{"type":"Point","coordinates":[30.374450664752182,60.008890779996257]},"level_id":"d0b5e4eb-482d-4e66-a50e-4fa7c32115ec"}},{"id":"31a9a84f-027e-4a18-8ec5-0a9e75e0c5af","type":"Feature","feature_type":"opening","geometry":{"type":"LineString","coordinates":[[30.374402279734205,60.008898981146004],[30.374419325006713,60.008896105446681]]},"properties":{"category":"automobile","unit_categoty":"laboratory","unit_restriction":null,"accessibility":null,"access_control":null,"door":{"type":"open","material":"metal","automatic":false},"name":null,"alt_name":null,"display_point":{"type":"Point","coordinates":[30.374402279734205,60.008898981146004]},"level_id":"d0b5e4eb-482d-4e66-a50e-4fa7c32115ec"}},{"id":"a5c42e57-544c-47a5-9fc9-aa76108f2aca","type":"Feature","feature_type":"opening","geometry":{"type":"LineString","coordinates":[[30.374313757664051,60.008913822367262],[30.374330802669729,60.008910946667946]]},"properties":{"category":"automobile","unit_categoty":"laboratory","unit_restriction":null,"accessibility":null,"access_control":null,"door":{"type":"open","material":"metal","automatic":false},"name":null,"alt_name":null,"display_point":{"type":"Point","coordinates":[30.374313757664051,60.008913822367262]},"level_id":"d0b5e4eb-482d-4e66-a50e-4fa7c32115ec"}},{"id":"cc367ef2-6b0b-4344-b804-77c0fa33a7db","type":"Feature","feature_type":"opening","geometry":{"type":"LineString","coordinates":[[30.374363316665548,60.008945324969922],[30.374346271377917,60.008948201218146]]},"properties":{"category":"automobile","unit_categoty":"laboratory","unit_restriction":null,"accessibility":null,"access_control":null,"door":{"type":"open","material":"metal","automatic":false},"name":null,"alt_name":null,"display_point":{"type":"Point","coordinates":[30.374363316665548,60.008945324969922]},"level_id":"d0b5e4eb-482d-4e66-a50e-4fa7c32115ec"}},{"id":"8d646d12-39e3-4b4f-aabb-ca862eedf700","type":"Feature","feature_type":"opening","geometry":{"type":"LineString","coordinates":[[30.375460342714682,60.008760231261142],[30.375443297522452,60.008763106960458]]},"properties":{"category":"automobile","unit_categoty":"classroom","unit_restriction":null,"accessibility":null,"access_control":null,"door":{"type":"open","material":"metal","automatic":false},"name":null,"alt_name":null,"display_point":{"type":"Point","coordinates":[30.375460342714682,60.008760231261142]},"level_id":"d0b5e4eb-482d-4e66-a50e-4fa7c32115ec"}},{"id":"0b6a0ad8-f64a-48b4-810e-331107f1b750","type":"Feature","feature_type":"opening","geometry":{"type":"LineString","coordinates":[[30.375288910558119,60.008749291637656],[30.3753059557535,60.00874641593834]]},"properties":{"category":"automobile","unit_categoty":"classroom","unit_restriction":null,"accessibility":null,"access_control":null,"door":{"type":"open","material":"metal","automatic":false},"name":null,"alt_name":null,"display_point":{"type":"Point","coordinates":[30.375288910558119,60.008749291637656]},"level_id":"d0b5e4eb-482d-4e66-a50e-4fa7c32115ec"}},{"id":"a43e32c1-0c89-4cb5-af57-d93ed1023e78","type":"Feature","feature_type":"opening","geometry":{"type":"LineString","coordinates":[[30.375183189269805,60.008806993897537],[30.375166144053473,60.008809870145761]]},"properties":{"category":"automobile","unit_categoty":"laboratory","unit_restriction":null,"accessibility":null,"access_control":null,"door":{"type":"open","material":"metal","automatic":false},"name":null,"alt_name":null,"display_point":{"type":"Point","coordinates":[30.375183189269805,60.008806993897537]},"level_id":"d0b5e4eb-482d-4e66-a50e-4fa7c32115ec"}},{"id":"e9301824-ab66-4009-b2b4-06ffd0cd1768","type":"Feature","feature_type":"opening","geometry":{"type":"LineString","coordinates":[[30.374995181234016,60.008838715512226],[30.374978136275839,60.008841591211549]]},"properties":{"category":"automobile","unit_categoty":"classroom","unit_restriction":null,"accessibility":null,"access_control":null,"door":{"type":"open","material":"metal","automatic":false},"name":null,"alt_name":null,"display_point":{"type":"Point","coordinates":[30.374995181234016,60.008838715512226]},"level_id":"d0b5e4eb-482d-4e66-a50e-4fa7c32115ec"}},{"id":"22811cbd-6362-4cb4-81c3-88cb286be961","type":"Feature","feature_type":"opening","geometry":{"type":"LineString","coordinates":[[30.374942000487454,60.008847687869753],[30.374924955524655,60.008850564117971]]},"properties":{"category":"automobile","unit_categoty":"classroom","unit_restriction":null,"accessibility":null,"access_control":null,"door":{"type":"open","material":"metal","automatic":false},"name":null,"alt_name":null,"display_point":{"type":"Point","coordinates":[30.374942000487454,60.008847687869753]},"level_id":"d0b5e4eb-482d-4e66-a50e-4fa7c32115ec"}},{"id":"93b778ef-ca34-4f8b-b00b-c9c7ebb1d28f","type":"Feature","feature_type":"opening","geometry":{"type":"LineString","coordinates":[[30.374793707559512,60.008872708484766],[30.374776662309312,60.008875584184089]]},"properties":{"category":"automobile","unit_categoty":"laboratory","unit_restriction":null,"accessibility":null,"access_control":null,"door":{"type":"open","material":"metal","automatic":false},"name":null,"alt_name":null,"display_point":{"type":"Point","coordinates":[30.374793707559512,60.008872708484766]},"level_id":"d0b5e4eb-482d-4e66-a50e-4fa7c32115ec"}},{"id":"80674b6d-8b91-4ae1-8194-1c0be98fb4f8","type":"Feature","feature_type":"opening","geometry":{"type":"LineString","coordinates":[[30.374591381345944,60.008906845269721],[30.374574336352651,60.008909721517938]]},"properties":{"category":"automobile","unit_categoty":"classroom","unit_restriction":null,"accessibility":null,"access_control":null,"door":{"type":"open","material":"metal","automatic":false},"name":null,"alt_name":null,"display_point":{"type":"Point","coordinates":[30.374591381345944,60.008906845269721]},"level_id":"d0b5e4eb-482d-4e66-a50e-4fa7c32115ec"}},{"id":"22aa6d5b-5bf4-40a1-a503-1e065af5f772","type":"Feature","feature_type":"opening","geometry":{"type":"LineString","coordinates":[[30.37454638205536,60.008914437686776],[30.374529337058153,60.008917313935]]},"properties":{"category":"automobile","unit_categoty":"classroom","unit_restriction":null,"accessibility":null,"access_control":null,"door":{"type":"open","material":"metal","automatic":false},"name":null,"alt_name":null,"display_point":{"type":"Point","coordinates":[30.37454638205536,60.008914437686776]},"level_id":"d0b5e4eb-482d-4e66-a50e-4fa7c32115ec"}},{"id":"96a9004c-0499-465c-ab56-d5871727e2dc","type":"Feature","feature_type":"opening","geometry":{"type":"LineString","coordinates":[[30.374487064942624,60.008924445823006],[30.374470019665758,60.008927322071223]]},"properties":{"category":"automobile","unit_categoty":"classroom","unit_restriction":null,"accessibility":null,"access_control":null,"door":{"type":"open","material":"metal","automatic":false},"name":null,"alt_name":null,"display_point":{"type":"Point","coordinates":[30.374487064942624,60.008924445823006]},"level_id":"d0b5e4eb-482d-4e66-a50e-4fa7c32115ec"}},{"id":"b5654d74-25d5-4d3c-ad7c-4694b1e2b200","type":"Feature","feature_type":"opening","geometry":{"type":"LineString","coordinates":[[30.373711400478431,60.009015263360595],[30.373728445810951,60.009012387112378]]},"properties":{"category":"automobile","unit_categoty":"administration","unit_restriction":null,"accessibility":null,"access_control":null,"door":{"type":"open","material":"metal","automatic":false},"name":null,"alt_name":null,"display_point":{"type":"Point","coordinates":[30.373711400478431,60.009015263360595]},"level_id":"d0b5e4eb-482d-4e66-a50e-4fa7c32115ec"}},{"id":"307597d8-1b46-47e6-a32c-6917106829ed","type":"Feature","feature_type":"opening","geometry":{"type":"LineString","coordinates":[[30.373652122128377,60.009025272594627],[30.3736742806553,60.009021534020839]]},"properties":{"category":"automobile","unit_categoty":"administration","unit_restriction":null,"accessibility":null,"access_control":null,"door":{"type":"open","material":"metal","automatic":false},"name":null,"alt_name":null,"display_point":{"type":"Point","coordinates":[30.373652122128377,60.009025272594627]},"level_id":"d0b5e4eb-482d-4e66-a50e-4fa7c32115ec"}},{"id":"58a6b0d4-5417-4738-959c-a8c8c726a924","type":"Feature","feature_type":"opening","geometry":{"type":"LineString","coordinates":[[30.373826438689591,60.009034579782572],[30.373843484022085,60.009031703534355]]},"properties":{"category":"automobile","unit_categoty":"administration","unit_restriction":null,"accessibility":null,"access_control":null,"door":{"type":"open","material":"metal","automatic":false},"name":null,"alt_name":null,"display_point":{"type":"Point","coordinates":[30.373826438689591,60.009034579782572]},"level_id":"d0b5e4eb-482d-4e66-a50e-4fa7c32115ec"}},{"id":"9dafb6b4-7b74-4e7c-8f94-4241e25f1f58","type":"Feature","feature_type":"opening","geometry":{"type":"LineString","coordinates":[[30.373649223695505,60.009064289670214],[30.373666268768847,60.0090614139709]]},"properties":{"category":"automobile","unit_categoty":"administration","unit_restriction":null,"accessibility":null,"access_control":null,"door":{"type":"open","material":"metal","automatic":false},"name":null,"alt_name":null,"display_point":{"type":"Point","coordinates":[30.373649223695505,60.009064289670214]},"level_id":"d0b5e4eb-482d-4e66-a50e-4fa7c32115ec"}},{"id":"3c5381e9-1c60-4f0b-a225-c6aa5fa63bc7","type":"Feature","feature_type":"opening","geometry":{"type":"LineString","coordinates":[[30.373589906312631,60.009074297806443],[30.373606951665646,60.009071421558218]]},"properties":{"category":"automobile","unit_categoty":"administration","unit_restriction":null,"accessibility":null,"access_control":null,"door":{"type":"open","material":"metal","automatic":false},"name":null,"alt_name":null,"display_point":{"type":"Point","coordinates":[30.373589906312631,60.009074297806443]},"level_id":"d0b5e4eb-482d-4e66-a50e-4fa7c32115ec"}},{"id":"2acae197-2866-4fdb-840a-bf091de1f42c","type":"Feature","feature_type":"opening","geometry":{"type":"LineString","coordinates":[[30.373299454861616,60.009123303806675],[30.373316500514395,60.00912042755845]]},"properties":{"category":"automobile","unit_categoty":"administration","unit_restriction":null,"accessibility":null,"access_control":null,"door":{"type":"open","material":"metal","automatic":false},"name":null,"alt_name":null,"display_point":{"type":"Point","coordinates":[30.373299454861616,60.009123303806675]},"level_id":"d0b5e4eb-482d-4e66-a50e-4fa7c32115ec"}},{"id":"a2575e8a-f54f-4aac-99f4-5e1bbe6ffe10","type":"Feature","feature_type":"opening","geometry":{"type":"LineString","coordinates":[[30.373248659927544,60.009131873818788],[30.37326570503572,60.009128998119465]]},"properties":{"category":"automobile","unit_categoty":"administration","unit_restriction":null,"accessibility":null,"access_control":null,"door":{"type":"open","material":"metal","automatic":false},"name":null,"alt_name":null,"display_point":{"type":"Point","coordinates":[30.373248659927544,60.009131873818788]},"level_id":"d0b5e4eb-482d-4e66-a50e-4fa7c32115ec"}},{"id":"2c44b478-df06-4173-abe0-8268d7f8ca6c","type":"Feature","feature_type":"opening","geometry":{"type":"LineString","coordinates":[[30.373215839026972,60.008337840487258],[30.373268678392321,60.008328924666678]]},"properties":{"category":"automobile","unit_categoty":"stairs","unit_restriction":null,"accessibility":null,"access_control":null,"door":{"type":"open","material":"metal","automatic":false},"name":null,"alt_name":null,"display_point":{"type":"Point","coordinates":[30.373215839026972,60.008337840487258]},"level_id":"d0b5e4eb-482d-4e66-a50e-4fa7c32115ec"}},{"id":"2b5bb701-5fd2-4355-9846-be934ccfa3fd","type":"Feature","feature_type":"opening","geometry":{"type":"LineString","coordinates":[[30.373744506882741,60.00904821396761],[30.373691667006923,60.009057129239288]]},"properties":{"category":"automobile","unit_categoty":"stairs","unit_restriction":null,"accessibility":null,"access_control":null,"door":{"type":"open","material":"metal","automatic":false},"name":null,"alt_name":null,"display_point":{"type":"Point","coordinates":[30.373744506882741,60.00904821396761]},"level_id":"d0b5e4eb-482d-4e66-a50e-4fa7c32115ec"}},{"id":"83580f1d-7b34-42cc-9c9e-4ec565fdc751","type":"Feature","feature_type":"opening","geometry":{"type":"LineString","coordinates":[[30.374445815617111,60.008931405904576],[30.374392975380132,60.008940321176262]]},"properties":{"category":"automobile","unit_categoty":"stairs","unit_restriction":null,"accessibility":null,"access_control":null,"door":{"type":"open","material":"metal","automatic":false},"name":null,"alt_name":null,"display_point":{"type":"Point","coordinates":[30.374445815617111,60.008931405904576]},"level_id":"d0b5e4eb-482d-4e66-a50e-4fa7c32115ec"}},{"id":"3ae1ca6c-a0d4-4dcc-aa84-df42b9205a36","type":"Feature","feature_type":"opening","geometry":{"type":"LineString","coordinates":[[30.375417388937226,60.008767478418633],[30.375364549511168,60.00877639423922]]},"properties":{"category":"automobile","unit_categoty":"stairs","unit_restriction":null,"accessibility":null,"access_control":null,"door":{"type":"open","material":"metal","automatic":false},"name":null,"alt_name":null,"display_point":{"type":"Point","coordinates":[30.375417388937226,60.008767478418633]},"level_id":"d0b5e4eb-482d-4e66-a50e-4fa7c32115ec"}},{"id":"b8967076-d986-452d-bed5-e36f2380a822","type":"Feature","feature_type":"opening","geometry":{"type":"LineString","coordinates":[[30.374881222518823,60.00804925673274],[30.374934061703652,60.008040341186607]]},"properties":{"category":"automobile","unit_categoty":"stairs","unit_restriction":null,"accessibility":null,"access_control":null,"door":{"type":"open","material":"metal","automatic":false},"name":null,"alt_name":null,"display_point":{"type":"Point","coordinates":[30.374881222518823,60.00804925673274]},"level_id":"d0b5e4eb-482d-4e66-a50e-4fa7c32115ec"}},{"id":"1e6d6cd4-cef6-499f-ae4e-225b494e5291","type":"Feature","feature_type":"opening","geometry":{"type":"LineString","coordinates":[[30.374445718332073,60.008281341421288],[30.374439965699136,60.008272820261482]]},"properties":{"category":"automobile","unit_categoty":"restroom","unit_restriction":null,"accessibility":null,"access_control":null,"door":{"type":"open","material":"metal","automatic":false},"name":null,"alt_name":null,"display_point":{"type":"Point","coordinates":[30.374445718332073,60.008281341421288]},"level_id":"d0b5e4eb-482d-4e66-a50e-4fa7c32115ec"}},{"id":"a7453ccf-9cea-4322-913b-4e5dadd8f498","type":"Feature","feature_type":"opening","geometry":{"type":"LineString","coordinates":[[30.372317586043867,60.00848901642312],[30.37233463102686,60.008486140723804]]},"properties":{"category":"automobile","unit_categoty":"administration","unit_restriction":null,"accessibility":null,"access_control":null,"door":{"type":"open","material":"metal","automatic":false},"name":null,"alt_name":null,"display_point":{"type":"Point","coordinates":[30.372317586043867,60.00848901642312]},"level_id":"d0b5e4eb-482d-4e66-a50e-4fa7c32115ec"}},{"id":"9f4d648e-cf08-4d0c-b5da-4723887c0a8c","type":"Feature","feature_type":"opening","geometry":{"type":"LineString","coordinates":[[30.372237302710115,60.008502562234881],[30.372290142887937,60.008493646963196]]},"properties":{"category":"automobile","unit_categoty":"stairs","unit_restriction":null,"accessibility":null,"access_control":null,"door":{"type":"open","material":"metal","automatic":false},"name":null,"alt_name":null,"display_point":{"type":"Point","coordinates":[30.372237302710115,60.008502562234881]},"level_id":"d0b5e4eb-482d-4e66-a50e-4fa7c32115ec"}},{"id":"5f5f16b0-a516-4375-9fce-d98e8901983e","type":"Feature","feature_type":"opening","geometry":{"type":"LineString","coordinates":[[30.372799551779192,60.008511921019647],[30.372794491328282,60.008504231995772]]},"properties":{"category":"automobile","unit_categoty":"classroom","unit_restriction":"restricted","accessibility":null,"access_control":null,"door":{"type":"open","material":"metal","automatic":false},"name":null,"alt_name":null,"display_point":{"type":"Point","coordinates":[30.372799551779192,60.008511921019647]},"level_id":"d0b5e4eb-482d-4e66-a50e-4fa7c32115ec"}},{"id":"e6998c2f-6259-49b4-9351-2d48f5a4872a","type":"Feature","feature_type":"opening","geometry":{"type":"LineString","coordinates":[[30.372763401201542,60.008458654439508],[30.372758341033393,60.008450965964542]]},"properties":{"category":"automobile","unit_categoty":"administration","unit_restriction":null,"accessibility":null,"access_control":null,"door":{"type":"open","material":"metal","automatic":false},"name":null,"alt_name":null,"display_point":{"type":"Point","coordinates":[30.372763401201542,60.008458654439508]},"level_id":"d0b5e4eb-482d-4e66-a50e-4fa7c32115ec"}},{"id":"2831537b-034b-4e88-bc9f-f016163109d8","type":"Feature","feature_type":"opening","geometry":{"type":"LineString","coordinates":[[30.372815970010052,60.008535959099483],[30.372810910378881,60.008528270624517]]},"properties":{"category":"automobile","unit_categoty":"administration","unit_restriction":null,"accessibility":null,"access_control":null,"door":{"type":"open","material":"metal","automatic":false},"name":null,"alt_name":null,"display_point":{"type":"Point","coordinates":[30.372815970010052,60.008535959099483]},"level_id":"d0b5e4eb-482d-4e66-a50e-4fa7c32115ec"}},{"id":"24519e2c-278a-4da4-8a20-0c5c4bfd5ab2","type":"Feature","feature_type":"opening","geometry":{"type":"LineString","coordinates":[[30.372842411448797,60.008575433959621],[30.372837351262529,60.008567745484648]]},"properties":{"category":"automobile","unit_categoty":"administration","unit_restriction":null,"accessibility":null,"access_control":null,"door":{"type":"open","material":"metal","automatic":false},"name":null,"alt_name":null,"display_point":{"type":"Point","coordinates":[30.372842411448797,60.008575433959621]},"level_id":"d0b5e4eb-482d-4e66-a50e-4fa7c32115ec"}},{"id":"800dab6e-a774-4061-baa4-f722993852e5","type":"Feature","feature_type":"opening","geometry":{"type":"LineString","coordinates":[[30.37285851294223,60.008599284314862],[30.372853452752267,60.008591595839889]]},"properties":{"category":"automobile","unit_categoty":"administration","unit_restriction":null,"accessibility":null,"access_control":null,"door":{"type":"open","material":"metal","automatic":false},"name":null,"alt_name":null,"display_point":{"type":"Point","coordinates":[30.37285851294223,60.008599284314862]},"level_id":"d0b5e4eb-482d-4e66-a50e-4fa7c32115ec"}},{"id":"24d44be3-f890-4e40-833a-10a0883375bb","type":"Feature","feature_type":"opening","geometry":{"type":"LineString","coordinates":[[30.372876106852477,60.008625036616685],[30.3728710472075,60.008617348141712]]},"properties":{"category":"automobile","unit_categoty":"administration","unit_restriction":null,"accessibility":null,"access_control":null,"door":{"type":"open","material":"metal","automatic":false},"name":null,"alt_name":null,"display_point":{"type":"Point","coordinates":[30.372876106852477,60.008625036616685]},"level_id":"d0b5e4eb-482d-4e66-a50e-4fa7c32115ec"}},{"id":"a8c97ab0-c747-411f-982e-d3259bc7883e","type":"Feature","feature_type":"opening","geometry":{"type":"LineString","coordinates":[[30.372907350559807,60.008671314572325],[30.372902290084138,60.008663626646261]]},"properties":{"category":"automobile","unit_categoty":"classroom","unit_restriction":"restricted","accessibility":null,"access_control":null,"door":{"type":"open","material":"metal","automatic":false},"name":null,"alt_name":null,"display_point":{"type":"Point","coordinates":[30.372907350559807,60.008671314572325]},"level_id":"d0b5e4eb-482d-4e66-a50e-4fa7c32115ec"}},{"id":"0097d3f4-fca7-4ed9-bd70-92e77d9c50d5","type":"Feature","feature_type":"opening","geometry":{"type":"LineString","coordinates":[[30.372922525972903,60.008693793220637],[30.372917465493767,60.008686104745671]]},"properties":{"category":"automobile","unit_categoty":"administration","unit_restriction":null,"accessibility":null,"access_control":null,"door":{"type":"open","material":"metal","automatic":false},"name":null,"alt_name":null,"display_point":{"type":"Point","coordinates":[30.372922525972903,60.008693793220637]},"level_id":"d0b5e4eb-482d-4e66-a50e-4fa7c32115ec"}},{"id":"a1c8bade-1092-45e5-8182-22031a337954","type":"Feature","feature_type":"opening","geometry":{"type":"LineString","coordinates":[[30.372939322531558,60.008718673865559],[30.372934262597585,60.008710984841684]]},"properties":{"category":"automobile","unit_categoty":"classroom","unit_restriction":"restricted","accessibility":null,"access_control":null,"door":{"type":"open","material":"metal","automatic":false},"name":null,"alt_name":null,"display_point":{"type":"Point","coordinates":[30.372939322531558,60.008718673865559]},"level_id":"d0b5e4eb-482d-4e66-a50e-4fa7c32115ec"}},{"id":"8edf4c04-b495-4916-aa25-13a89a581456","type":"Feature","feature_type":"opening","geometry":{"type":"LineString","coordinates":[[30.372980645617115,60.008779320437554],[30.372975585948186,60.008771631962581]]},"properties":{"category":"automobile","unit_categoty":"administration","unit_restriction":null,"accessibility":null,"access_control":null,"door":{"type":"open","material":"metal","automatic":false},"name":null,"alt_name":null,"display_point":{"type":"Point","coordinates":[30.372980645617115,60.008779320437554]},"level_id":"d0b5e4eb-482d-4e66-a50e-4fa7c32115ec"}},{"id":"9673250f-8e42-407c-9dc4-ad38e8b5ce5a","type":"Feature","feature_type":"opening","geometry":{"type":"LineString","coordinates":[[30.373760490867362,60.0090069804244],[30.373777536195604,60.009004104725079]]},"properties":{"category":"automobile","unit_categoty":"administration","unit_restriction":null,"accessibility":null,"access_control":null,"door":{"type":"open","material":"metal","automatic":false},"name":null,"alt_name":null,"display_point":{"type":"Point","coordinates":[30.373760490867362,60.0090069804244]},"level_id":"d0b5e4eb-482d-4e66-a50e-4fa7c32115ec"}},{"id":"645bc36b-673c-4f27-8521-33a43cbaad21","type":"Feature","feature_type":"opening","geometry":{"type":"LineString","coordinates":[[30.373856847529822,60.008990723035126],[30.373873892849684,60.0089878473358]]},"properties":{"category":"automobile","unit_categoty":"administration","unit_restriction":null,"accessibility":null,"access_control":null,"door":{"type":"open","material":"metal","automatic":false},"name":null,"alt_name":null,"display_point":{"type":"Point","coordinates":[30.373856847529822,60.008990723035126]},"level_id":"d0b5e4eb-482d-4e66-a50e-4fa7c32115ec"}},{"id":"f8e88873-2168-480e-97c2-4bf27677c0b7","type":"Feature","feature_type":"opening","geometry":{"type":"LineString","coordinates":[[30.37377206463178,60.009043753587257],[30.373789109968993,60.009040877887934]]},"properties":{"category":"automobile","unit_categoty":"administration","unit_restriction":null,"accessibility":null,"access_control":null,"door":{"type":"open","material":"metal","automatic":false},"name":null,"alt_name":null,"display_point":{"type":"Point","coordinates":[30.37377206463178,60.009043753587257]},"level_id":"d0b5e4eb-482d-4e66-a50e-4fa7c32115ec"}},{"id":"63f0c67a-029f-4f33-9c5f-a768f65f37bc","type":"Feature","feature_type":"opening","geometry":{"type":"LineString","coordinates":[[30.373201086823922,60.0089863169961],[30.373195909351196,60.008978647732711]]},"properties":{"category":"automobile","unit_categoty":"restroom","unit_restriction":null,"accessibility":null,"access_control":null,"door":{"type":"open","material":"metal","automatic":false},"name":null,"alt_name":null,"display_point":{"type":"Point","coordinates":[30.373201086823922,60.0089863169961]},"level_id":"d0b5e4eb-482d-4e66-a50e-4fa7c32115ec"}},{"id":"bfd2c8e0-7177-4239-b679-a200bb950dfd","type":"Feature","feature_type":"opening","geometry":{"type":"LineString","coordinates":[[30.373179357207672,60.0089539334052],[30.373174145975945,60.008946271277544]]},"properties":{"category":"automobile","unit_categoty":"administration","unit_restriction":null,"accessibility":null,"access_control":null,"door":{"type":"open","material":"metal","automatic":false},"name":null,"alt_name":null,"display_point":{"type":"Point","coordinates":[30.373179357207672,60.0089539334052]},"level_id":"d0b5e4eb-482d-4e66-a50e-4fa7c32115ec"}},{"id":"4eec56f4-59bd-4c2e-b2c4-6a4c4d29a9d3","type":"Feature","feature_type":"opening","geometry":{"type":"LineString","coordinates":[[30.3731520664045,60.008913539133658],[30.37314688894314,60.008905870419177]]},"properties":{"category":"automobile","unit_categoty":"restroom","unit_restriction":null,"accessibility":null,"access_control":null,"door":{"type":"open","material":"metal","automatic":false},"name":null,"alt_name":null,"display_point":{"type":"Point","coordinates":[30.3731520664045,60.008913539133658]},"level_id":"d0b5e4eb-482d-4e66-a50e-4fa7c32115ec"}},{"id":"47c10783-c66a-43b0-b2e1-ad7d32fab341","type":"Feature","feature_type":"opening","geometry":{"type":"LineString","coordinates":[[30.372807220653879,60.008406783718009],[30.37282426559441,60.008403907469784]]},"properties":{"category":"automobile","unit_categoty":"classroom","unit_restriction":"restricted","accessibility":null,"access_control":null,"door":{"type":"open","material":"metal","automatic":false},"name":null,"alt_name":null,"display_point":{"type":"Point","coordinates":[30.372807220653879,60.008406783718009]},"level_id":"d0b5e4eb-482d-4e66-a50e-4fa7c32115ec"}},{"id":"baeef922-b706-4036-9e66-642d6836735f","type":"Feature","feature_type":"opening","geometry":{"type":"LineString","coordinates":[[30.372857911875514,60.008398230721866],[30.372874957360622,60.008395355022543]]},"properties":{"category":"automobile","unit_categoty":"administration","unit_restriction":null,"accessibility":null,"access_control":null,"door":{"type":"open","material":"metal","automatic":false},"name":null,"alt_name":null,"display_point":{"type":"Point","coordinates":[30.372857911875514,60.008398230721866]},"level_id":"d0b5e4eb-482d-4e66-a50e-4fa7c32115ec"}},{"id":"7be2d559-b355-4270-8a48-ae783b181dd6","type":"Feature","feature_type":"opening","geometry":{"type":"LineString","coordinates":[[30.372958201761417,60.008381309709662],[30.372975247237818,60.008378433461445]]},"properties":{"category":"automobile","unit_categoty":"administration","unit_restriction":null,"accessibility":null,"access_control":null,"door":{"type":"open","material":"metal","automatic":false},"name":null,"alt_name":null,"display_point":{"type":"Point","coordinates":[30.372958201761417,60.008381309709662]},"level_id":"d0b5e4eb-482d-4e66-a50e-4fa7c32115ec"}},{"id":"d1b81804-28fb-462c-8043-c4c2239210c0","type":"Feature","feature_type":"opening","geometry":{"type":"LineString","coordinates":[[30.373003371611826,60.008373688200777],[30.373020416535283,60.008370812501461]]},"properties":{"category":"automobile","unit_categoty":"administration","unit_restriction":null,"accessibility":null,"access_control":null,"door":{"type":"open","material":"metal","automatic":false},"name":null,"alt_name":null,"display_point":{"type":"Point","coordinates":[30.373003371611826,60.008373688200777]},"level_id":"d0b5e4eb-482d-4e66-a50e-4fa7c32115ec"}},{"id":"496a796a-b900-415e-ad20-2aa21f2117b0","type":"Feature","feature_type":"opening","geometry":{"type":"LineString","coordinates":[[30.3731117781672,60.008355397677263],[30.373128823081231,60.00835252197794]]},"properties":{"category":"automobile","unit_categoty":"administration","unit_restriction":null,"accessibility":null,"access_control":null,"door":{"type":"open","material":"metal","automatic":false},"name":null,"alt_name":null,"display_point":{"type":"Point","coordinates":[30.3731117781672,60.008355397677263]},"level_id":"d0b5e4eb-482d-4e66-a50e-4fa7c32115ec"}},{"id":"c12ecd83-fca6-4e9e-81a7-e99c19c51c57","type":"Feature","feature_type":"opening","geometry":{"type":"LineString","coordinates":[[30.373160527210327,60.008347172375814],[30.373177572394617,60.008344296676491]]},"properties":{"category":"automobile","unit_categoty":"administration","unit_restriction":null,"accessibility":null,"access_control":null,"door":{"type":"open","material":"metal","automatic":false},"name":null,"alt_name":null,"display_point":{"type":"Point","coordinates":[30.373160527210327,60.008347172375814]},"level_id":"d0b5e4eb-482d-4e66-a50e-4fa7c32115ec"}},{"id":"232c6596-6955-4c94-a75d-f2a64002e9d5","type":"Feature","feature_type":"opening","geometry":{"type":"LineString","coordinates":[[30.373295354179575,60.008324424216454],[30.373312399077658,60.008321547968229]]},"properties":{"category":"automobile","unit_categoty":"administration","unit_restriction":null,"accessibility":null,"access_control":null,"door":{"type":"open","material":"metal","automatic":false},"name":null,"alt_name":null,"display_point":{"type":"Point","coordinates":[30.373295354179575,60.008324424216454]},"level_id":"d0b5e4eb-482d-4e66-a50e-4fa7c32115ec"}},{"id":"e5db4cf1-baa1-4c66-b657-74a9c3c690ee","type":"Feature","feature_type":"opening","geometry":{"type":"LineString","coordinates":[[30.373343591506302,60.008316285092668],[30.373360636674676,60.008313409393345]]},"properties":{"category":"automobile","unit_categoty":"administration","unit_restriction":null,"accessibility":null,"access_control":null,"door":{"type":"open","material":"metal","automatic":false},"name":null,"alt_name":null,"display_point":{"type":"Point","coordinates":[30.373343591506302,60.008316285092668]},"level_id":"d0b5e4eb-482d-4e66-a50e-4fa7c32115ec"}},{"id":"d68b88cd-793c-4214-92a1-d34ec27d439c","type":"Feature","feature_type":"opening","geometry":{"type":"LineString","coordinates":[[30.373393874680126,60.008307801258219],[30.373410919844126,60.0083049255589]]},"properties":{"category":"automobile","unit_categoty":"administration","unit_restriction":null,"accessibility":null,"access_control":null,"door":{"type":"open","material":"metal","automatic":false},"name":null,"alt_name":null,"display_point":{"type":"Point","coordinates":[30.373393874680126,60.008307801258219]},"level_id":"d0b5e4eb-482d-4e66-a50e-4fa7c32115ec"}},{"id":"20addc11-5c4c-4ee9-b512-32789dc6d936","type":"Feature","feature_type":"opening","geometry":{"type":"LineString","coordinates":[[30.373413408818838,60.008336595027863],[30.37343045371491,60.008333719328547]]},"properties":{"category":"automobile","unit_categoty":"administration","unit_restriction":null,"accessibility":null,"access_control":null,"door":{"type":"open","material":"metal","automatic":false},"name":null,"alt_name":null,"display_point":{"type":"Point","coordinates":[30.373413408818838,60.008336595027863]},"level_id":"d0b5e4eb-482d-4e66-a50e-4fa7c32115ec"}},{"id":"d081084a-63d5-470c-9bde-086081893bb1","type":"Feature","feature_type":"opening","geometry":{"type":"LineString","coordinates":[[30.373318382411782,60.008352627916089],[30.373335427590614,60.008349752216773]]},"properties":{"category":"automobile","unit_categoty":"classroom","unit_restriction":"restricted","accessibility":null,"access_control":null,"door":{"type":"open","material":"metal","automatic":false},"name":null,"alt_name":null,"display_point":{"type":"Point","coordinates":[30.373318382411782,60.008352627916089]},"level_id":"d0b5e4eb-482d-4e66-a50e-4fa7c32115ec"}},{"id":"869c15e9-43c6-410b-bbd5-d138ce036bf0","type":"Feature","feature_type":"opening","geometry":{"type":"LineString","coordinates":[[30.373277303785461,60.008359558905845],[30.373294348693367,60.008356683206522]]},"properties":{"category":"automobile","unit_categoty":"administration","unit_restriction":null,"accessibility":null,"access_control":null,"door":{"type":"open","material":"metal","automatic":false},"name":null,"alt_name":null,"display_point":{"type":"Point","coordinates":[30.373277303785461,60.008359558905845]},"level_id":"d0b5e4eb-482d-4e66-a50e-4fa7c32115ec"}},{"id":"45373e11-e464-4f1b-b934-d13f6aab2c21","type":"Feature","feature_type":"opening","geometry":{"type":"LineString","coordinates":[[30.373219810768152,60.00836925965676],[30.373236855955575,60.008366383408543]]},"properties":{"category":"automobile","unit_categoty":"administration","unit_restriction":null,"accessibility":null,"access_control":null,"door":{"type":"open","material":"metal","automatic":false},"name":null,"alt_name":null,"display_point":{"type":"Point","coordinates":[30.373219810768152,60.00836925965676]},"level_id":"d0b5e4eb-482d-4e66-a50e-4fa7c32115ec"}},{"id":"e1ed0d87-3fc0-4cbe-955e-6e627c3a3233","type":"Feature","feature_type":"opening","geometry":{"type":"LineString","coordinates":[[30.373171539074839,60.008377404269567],[30.373188584266458,60.008374528021349]]},"properties":{"category":"automobile","unit_categoty":"administration","unit_restriction":null,"accessibility":null,"access_control":null,"door":{"type":"open","material":"metal","automatic":false},"name":null,"alt_name":null,"display_point":{"type":"Point","coordinates":[30.373171539074839,60.008377404269567]},"level_id":"d0b5e4eb-482d-4e66-a50e-4fa7c32115ec"}},{"id":"035e1a13-47d7-49a6-99ed-ccba585b9c12","type":"Feature","feature_type":"opening","geometry":{"type":"LineString","coordinates":[[30.373241877088102,60.008736364438825],[30.373258922643654,60.008733488739509]]},"properties":{"category":"automobile","unit_categoty":"classroom","unit_restriction":null,"accessibility":null,"access_control":null,"door":{"type":"open","material":"metal","automatic":false},"name":null,"alt_name":null,"display_point":{"type":"Point","coordinates":[30.373241877088102,60.008736364438825]},"level_id":"d0b5e4eb-482d-4e66-a50e-4fa7c32115ec"}},{"id":"cfbdc837-1544-4bc8-b53d-09067a553ca8","type":"Feature","feature_type":"opening","geometry":{"type":"LineString","coordinates":[[30.373206688823945,60.008720098816013],[30.373223734376822,60.0087172236656]]},"properties":{"category":"automobile","unit_categoty":"classroom","unit_restriction":null,"accessibility":null,"access_control":null,"door":{"type":"open","material":"metal","automatic":false},"name":null,"alt_name":null,"display_point":{"type":"Point","coordinates":[30.373206688823945,60.008720098816013]},"level_id":"d0b5e4eb-482d-4e66-a50e-4fa7c32115ec"}},{"id":"6ad052c9-1be0-4494-abfd-327a12dfedec","type":"Feature","feature_type":"opening","geometry":{"type":"LineString","coordinates":[[30.373337267805997,60.008708128902853],[30.373354313075623,60.00870525320353]]},"properties":{"category":"automobile","unit_categoty":"classroom","unit_restriction":null,"accessibility":null,"access_control":null,"door":{"type":"open","material":"metal","automatic":false},"name":null,"alt_name":null,"display_point":{"type":"Point","coordinates":[30.373337267805997,60.008708128902853]},"level_id":"d0b5e4eb-482d-4e66-a50e-4fa7c32115ec"}},{"id":"dd86de4c-21a0-472b-ac8a-e4a95780f706","type":"Feature","feature_type":"opening","geometry":{"type":"LineString","coordinates":[[30.37333467674619,60.008720715233331],[30.373351722019169,60.008717839534015]]},"properties":{"category":"automobile","unit_categoty":"classroom","unit_restriction":null,"accessibility":null,"access_control":null,"door":{"type":"open","material":"metal","automatic":false},"name":null,"alt_name":null,"display_point":{"type":"Point","coordinates":[30.37333467674619,60.008720715233331]},"level_id":"d0b5e4eb-482d-4e66-a50e-4fa7c32115ec"}},{"id":"c6d3dff2-96c0-42e8-8731-cf712b49058e","type":"Feature","feature_type":"opening","geometry":{"type":"LineString","coordinates":[[30.373458320432825,60.008707921417773],[30.373475365422632,60.00870504571845]]},"properties":{"category":"automobile","unit_categoty":"classroom","unit_restriction":null,"accessibility":null,"access_control":null,"door":{"type":"open","material":"metal","automatic":false},"name":null,"alt_name":null,"display_point":{"type":"Point","coordinates":[30.373458320432825,60.008707921417773]},"level_id":"d0b5e4eb-482d-4e66-a50e-4fa7c32115ec"}},{"id":"2a5b3433-d73f-4da3-85a4-37acd3730969","type":"Feature","feature_type":"opening","geometry":{"type":"LineString","coordinates":[[30.373476888962237,60.00869045589446],[30.373493934221241,60.008687580195136]]},"properties":{"category":"automobile","unit_categoty":"classroom","unit_restriction":null,"accessibility":null,"access_control":null,"door":{"type":"open","material":"metal","automatic":false},"name":null,"alt_name":null,"display_point":{"type":"Point","coordinates":[30.373476888962237,60.00869045589446]},"level_id":"d0b5e4eb-482d-4e66-a50e-4fa7c32115ec"}},{"id":"3bdf6e0d-056b-4701-b23e-7fc790b8dd85","type":"Feature","feature_type":"opening","geometry":{"type":"LineString","coordinates":[[30.373598742908502,60.008686317719771],[30.373615787886639,60.008683442020455]]},"properties":{"category":"automobile","unit_categoty":"classroom","unit_restriction":null,"accessibility":null,"access_control":null,"door":{"type":"open","material":"metal","automatic":false},"name":null,"alt_name":null,"display_point":{"type":"Point","coordinates":[30.373598742908502,60.008686317719771]},"level_id":"d0b5e4eb-482d-4e66-a50e-4fa7c32115ec"}},{"id":"726804d5-51f7-4861-8414-7082b837dd88","type":"Feature","feature_type":"opening","geometry":{"type":"LineString","coordinates":[[30.373018866195221,60.008835933675208],[30.373013806517516,60.008828245200235]]},"properties":{"category":"automobile","unit_categoty":"administration","unit_restriction":null,"accessibility":null,"access_control":null,"door":{"type":"open","material":"metal","automatic":false},"name":null,"alt_name":null,"display_point":{"type":"Point","coordinates":[30.373018866195221,60.008835933675208]},"level_id":"d0b5e4eb-482d-4e66-a50e-4fa7c32115ec"}},{"id":"3df74d87-00b5-47d3-a985-a0f21e0e3751","type":"Feature","feature_type":"opening","geometry":{"type":"LineString","coordinates":[[30.372295841620112,60.008525431152748],[30.372312886887936,60.008522555453432]]},"properties":{"category":"automobile","unit_categoty":"administration","unit_restriction":null,"accessibility":null,"access_control":null,"door":{"type":"open","material":"metal","automatic":false},"name":null,"alt_name":null,"display_point":{"type":"Point","coordinates":[30.372295841620112,60.008525431152748]},"level_id":"d0b5e4eb-482d-4e66-a50e-4fa7c32115ec"}},{"id":"e5454212-6fd0-426e-ad8d-76d453b7c23f","type":"Feature","feature_type":"opening","geometry":{"type":"LineString","coordinates":[[30.373049217183091,60.008880889874028],[30.373044157498406,60.008873201947964]]},"properties":{"category":"automobile","unit_categoty":"administration","unit_restriction":null,"accessibility":null,"access_control":null,"door":{"type":"open","material":"metal","automatic":false},"name":null,"alt_name":null,"display_point":{"type":"Point","coordinates":[30.373049217183091,60.008880889874028]},"level_id":"d0b5e4eb-482d-4e66-a50e-4fa7c32115ec"}},{"id":"f2654dc4-b73f-4053-a841-149d7b27e925","type":"Feature","feature_type":"opening","geometry":{"type":"LineString","coordinates":[[30.3730979363527,60.00895305406366],[30.37309287665683,60.008945366137596]]},"properties":{"category":"automobile","unit_categoty":"administration","unit_restriction":null,"accessibility":null,"access_control":null,"door":{"type":"open","material":"metal","automatic":false},"name":null,"alt_name":null,"display_point":{"type":"Point","coordinates":[30.3730979363527,60.00895305406366]},"level_id":"d0b5e4eb-482d-4e66-a50e-4fa7c32115ec"}},{"id":"21a00536-0581-4bdc-9a16-f186d30f8e6b","type":"Feature","feature_type":"opening","geometry":{"type":"LineString","coordinates":[[30.373176396867912,60.009069271507784],[30.373171337154034,60.009061583581719]]},"properties":{"category":"automobile","unit_categoty":"administration","unit_restriction":null,"accessibility":null,"access_control":null,"door":{"type":"open","material":"metal","automatic":false},"name":null,"alt_name":null,"display_point":{"type":"Point","coordinates":[30.373176396867912,60.009069271507784]},"level_id":"d0b5e4eb-482d-4e66-a50e-4fa7c32115ec"}},{"id":"cab6ea42-d6d4-4660-86c4-49ab8577b886","type":"Feature","feature_type":"opening","geometry":{"type":"LineString","coordinates":[[30.373146103350507,60.009024400388824],[30.373141043643596,60.009016711913851]]},"properties":{"category":"automobile","unit_categoty":"administration","unit_restriction":null,"accessibility":null,"access_control":null,"door":{"type":"open","material":"metal","automatic":false},"name":null,"alt_name":null,"display_point":{"type":"Point","coordinates":[30.373146103350507,60.009024400388824]},"level_id":"d0b5e4eb-482d-4e66-a50e-4fa7c32115ec"}},{"id":"92624a84-1d43-46a9-9358-a6b780d194a3","type":"Feature","feature_type":"opening","geometry":{"type":"LineString","coordinates":[[30.373128880076003,60.008998889055121],[30.373123819824055,60.008991200031247]]},"properties":{"category":"automobile","unit_categoty":"administration","unit_restriction":null,"accessibility":null,"access_control":null,"door":{"type":"open","material":"metal","automatic":false},"name":null,"alt_name":null,"display_point":{"type":"Point","coordinates":[30.373128880076003,60.008998889055121]},"level_id":"d0b5e4eb-482d-4e66-a50e-4fa7c32115ec"}},{"id":"fca9f65d-3267-489a-ba71-13ff7bc15fa6","type":"Feature","feature_type":"opening","geometry":{"type":"LineString","coordinates":[[30.373528586642163,60.0086817338364],[30.373545631896679,60.008678857588173]]},"properties":{"category":"automobile","unit_categoty":"classroom","unit_restriction":null,"accessibility":null,"access_control":null,"door":{"type":"open","material":"metal","automatic":false},"name":null,"alt_name":null,"display_point":{"type":"Point","coordinates":[30.373528586642163,60.0086817338364]},"level_id":"d0b5e4eb-482d-4e66-a50e-4fa7c32115ec"}},{"id":"6e0a2594-0b41-4ab6-9bb9-14a3c907398a","type":"Feature","feature_type":"opening","geometry":{"type":"LineString","coordinates":[[30.372108798211173,60.008549301268474],[30.3721258432188,60.008546425020256]]},"properties":{"category":"automobile","unit_categoty":"classroom","unit_restriction":"restricted","accessibility":null,"access_control":null,"door":{"type":"open","material":"metal","automatic":false},"name":null,"alt_name":null,"display_point":{"type":"Point","coordinates":[30.372108798211173,60.008549301268474]},"level_id":"d0b5e4eb-482d-4e66-a50e-4fa7c32115ec"}},{"id":"203f784a-ef09-46d4-bc51-121742a0d6d0","type":"Feature","feature_type":"opening","geometry":{"type":"LineString","coordinates":[[30.373677588601097,60.008673765970137],[30.373694633847073,60.008670890270821]]},"properties":{"category":"automobile","unit_categoty":"classroom","unit_restriction":"restricted","accessibility":null,"access_control":null,"door":{"type":"open","material":"metal","automatic":false},"name":null,"alt_name":null,"display_point":{"type":"Point","coordinates":[30.373677588601097,60.008673765970137]},"level_id":"d0b5e4eb-482d-4e66-a50e-4fa7c32115ec"}},{"id":"b29bf516-f047-4c14-a189-5620ca9f8b96","type":"Feature","feature_type":"opening","geometry":{"type":"LineString","coordinates":[[30.374477162753205,60.0085587912409],[30.374482915415804,60.008567312400707]]},"properties":{"category":"automobile","unit_categoty":"auditorium","unit_restriction":null,"accessibility":null,"access_control":null,"door":{"type":"open","material":"metal","automatic":false},"name":null,"alt_name":null,"display_point":{"type":"Point","coordinates":[30.374477162753205,60.0085587912409]},"level_id":"d0b5e4eb-482d-4e66-a50e-4fa7c32115ec"}},{"id":"af958fca-b568-4987-83e1-41cd21129a50","type":"Feature","feature_type":"opening","geometry":{"type":"LineString","coordinates":[[30.374745816391766,60.008726123019109],[30.374740638485793,60.008718454304628]]},"properties":{"category":"automobile","unit_categoty":"restroom","unit_restriction":null,"accessibility":null,"access_control":null,"door":{"type":"open","material":"metal","automatic":false},"name":null,"alt_name":null,"display_point":{"type":"Point","coordinates":[30.374745816391766,60.008726123019109]},"level_id":"d0b5e4eb-482d-4e66-a50e-4fa7c32115ec"}},{"id":"c09c2763-1d6c-481a-aebc-1b34134e89a7","type":"Feature","feature_type":"opening","geometry":{"type":"LineString","coordinates":[[30.37472254368717,60.008691371463549],[30.374717332297369,60.008683707689187]]},"properties":{"category":"automobile","unit_categoty":"classroom","unit_restriction":null,"accessibility":null,"access_control":null,"door":{"type":"open","material":"metal","automatic":false},"name":null,"alt_name":null,"display_point":{"type":"Point","coordinates":[30.37472254368717,60.008691371463549]},"level_id":"d0b5e4eb-482d-4e66-a50e-4fa7c32115ec"}},{"id":"bf20c882-28a9-42b9-94a5-b473cd024405","type":"Feature","feature_type":"opening","geometry":{"type":"LineString","coordinates":[[30.374889020997664,60.008087805594634],[30.374906066039969,60.008084929346417]]},"properties":{"category":"automobile","unit_categoty":null,"unit_restriction":null,"accessibility":null,"access_control":null,"door":{"type":"open","material":"metal","automatic":false},"name":null,"alt_name":null,"display_point":{"type":"Point","coordinates":[30.374889020997664,60.008087805594634]},"level_id":"d0b5e4eb-482d-4e66-a50e-4fa7c32115ec"}},{"id":"e2ec553f-be52-4ec2-b93f-ab66c0e8b8bc","type":"Feature","feature_type":"opening","geometry":{"type":"LineString","coordinates":[[30.374470457935022,60.008318266081183],[30.374465246603819,60.008310602855722]]},"properties":{"category":"automobile","unit_categoty":"laboratory","unit_restriction":null,"accessibility":null,"access_control":null,"door":{"type":"open","material":"metal","automatic":false},"name":null,"alt_name":null,"display_point":{"type":"Point","coordinates":[30.374470457935022,60.008318266081183]},"level_id":"d0b5e4eb-482d-4e66-a50e-4fa7c32115ec"}},{"id":"91f8fc61-ec70-4af9-bd6e-bb2becf3d138","type":"Feature","feature_type":"opening","geometry":{"type":"LineString","coordinates":[[30.374493696616689,60.008352406708454],[30.374488485280107,60.008344743482994]]},"properties":{"category":"automobile","unit_categoty":"classroom","unit_restriction":null,"accessibility":null,"access_control":null,"door":{"type":"open","material":"metal","automatic":false},"name":null,"alt_name":null,"display_point":{"type":"Point","coordinates":[30.374493696616689,60.008352406708454]},"level_id":"d0b5e4eb-482d-4e66-a50e-4fa7c32115ec"}},{"id":"817b16d6-a450-4f89-a9ae-80ac9a1d1a1c","type":"Feature","feature_type":"opening","geometry":{"type":"LineString","coordinates":[[30.374666375461619,60.008491747761127],[30.374660601370856,60.008483230443638]]},"properties":{"category":"automobile","unit_categoty":"laboratory","unit_restriction":null,"accessibility":null,"access_control":null,"door":{"type":"open","material":"metal","automatic":false},"name":null,"alt_name":null,"display_point":{"type":"Point","coordinates":[30.374666375461619,60.008491747761127]},"level_id":"d0b5e4eb-482d-4e66-a50e-4fa7c32115ec"}},{"id":"8de2dc3b-40a2-495d-a5b0-d8777eb2c00c","type":"Feature","feature_type":"opening","geometry":{"type":"LineString","coordinates":[[30.375340983563596,60.008740505906928],[30.375358028479944,60.008737629658704]]},"properties":{"category":"automobile","unit_categoty":"classroom","unit_restriction":null,"accessibility":null,"access_control":null,"door":{"type":"open","material":"metal","automatic":false},"name":null,"alt_name":null,"display_point":{"type":"Point","coordinates":[30.375340983563596,60.008740505906928]},"level_id":"d0b5e4eb-482d-4e66-a50e-4fa7c32115ec"}},{"id":"97299f12-b747-43f9-9ffb-e058403f04b3","type":"Feature","feature_type":"opening","geometry":{"type":"LineString","coordinates":[[30.375435157709838,60.008724616282208],[30.375452202618003,60.008721740582892]]},"properties":{"category":"automobile","unit_categoty":"classroom","unit_restriction":null,"accessibility":null,"access_control":null,"door":{"type":"open","material":"metal","automatic":false},"name":null,"alt_name":null,"display_point":{"type":"Point","coordinates":[30.375435157709838,60.008724616282208]},"level_id":"d0b5e4eb-482d-4e66-a50e-4fa7c32115ec"}},{"id":"1fa4a84a-3c68-48b9-b9d9-dd4ab15cc4aa","type":"Feature","feature_type":"opening","geometry":{"type":"LineString","coordinates":[[30.375339152038269,60.008780679519724],[30.3753221068355,60.008783555219047]]},"properties":{"category":"automobile","unit_categoty":"laboratory","unit_restriction":null,"accessibility":null,"access_control":null,"door":{"type":"open","material":"metal","automatic":false},"name":null,"alt_name":null,"display_point":{"type":"Point","coordinates":[30.375339152038269,60.008780679519724]},"level_id":"d0b5e4eb-482d-4e66-a50e-4fa7c32115ec"}},{"id":"807c7763-1f60-4d76-b6f0-d0e7ddee4a34","type":"Feature","feature_type":"opening","geometry":{"type":"LineString","coordinates":[[30.374808238214055,60.008701590378266],[30.374802485497863,60.008693069767361]]},"properties":{"category":"automobile","unit_categoty":"classroom","unit_restriction":null,"accessibility":null,"access_control":null,"door":{"type":"open","material":"metal","automatic":false},"name":null,"alt_name":null,"display_point":{"type":"Point","coordinates":[30.374808238214055,60.008701590378266]},"level_id":"d0b5e4eb-482d-4e66-a50e-4fa7c32115ec"}},{"id":"51cac3a0-a05a-4103-ab70-63f06f858751","type":"Feature","feature_type":"opening","geometry":{"type":"LineString","coordinates":[[30.3745273428458,60.008287502301066],[30.374521590201809,60.00827898114126]]},"properties":{"category":"automobile","unit_categoty":"classroom","unit_restriction":null,"accessibility":null,"access_control":null,"door":{"type":"open","material":"metal","automatic":false},"name":null,"alt_name":null,"display_point":{"type":"Point","coordinates":[30.3745273428458,60.008287502301066]},"level_id":"d0b5e4eb-482d-4e66-a50e-4fa7c32115ec"}},{"id":"06f3df98-5ac5-49ce-a2aa-30b4f4c52c04","type":"Feature","feature_type":"opening","geometry":{"type":"LineString","coordinates":[[30.372556616441265,60.008448781882159],[30.372573661403496,60.008445906182843]]},"properties":{"category":"automobile","unit_categoty":"classroom","unit_restriction":"restricted","accessibility":null,"access_control":null,"door":{"type":"open","material":"metal","automatic":false},"name":null,"alt_name":null,"display_point":{"type":"Point","coordinates":[30.372556616441265,60.008448781882159]},"level_id":"d0b5e4eb-482d-4e66-a50e-4fa7c32115ec"}},{"id":"28b779d5-3729-4ea2-9a1c-f14b8ed17445","type":"Feature","feature_type":"opening","geometry":{"type":"LineString","coordinates":[[30.373073085762151,60.0083619257727],[30.373090131228548,60.008359050073381]]},"properties":{"category":"automobile","unit_categoty":"administration","unit_restriction":null,"accessibility":null,"access_control":null,"door":{"type":"open","material":"metal","automatic":false},"name":null,"alt_name":null,"display_point":{"type":"Point","coordinates":[30.373073085762151,60.0083619257727]},"level_id":"d0b5e4eb-482d-4e66-a50e-4fa7c32115ec"}},{"id":"719c42e5-1110-464c-906b-fcf8e178371d","type":"Feature","feature_type":"opening","geometry":{"type":"LineString","coordinates":[[30.373037461457272,60.008367936253237],[30.373054506926767,60.008365060553921]]},"properties":{"category":"automobile","unit_categoty":"administration","unit_restriction":null,"accessibility":null,"access_control":null,"door":{"type":"open","material":"metal","automatic":false},"name":null,"alt_name":null,"display_point":{"type":"Point","coordinates":[30.373037461457272,60.008367936253237]},"level_id":"d0b5e4eb-482d-4e66-a50e-4fa7c32115ec"}},{"id":"61252aa3-2003-4bfb-931e-2aedb3a15fb7","type":"Feature","feature_type":"opening","geometry":{"type":"LineString","coordinates":[[30.373806716794949,60.008999179973358],[30.373823762119169,60.008996304274035]]},"properties":{"category":"automobile","unit_categoty":"administration","unit_restriction":null,"accessibility":null,"access_control":null,"door":{"type":"open","material":"metal","automatic":false},"name":null,"alt_name":null,"display_point":{"type":"Point","coordinates":[30.373806716794949,60.008999179973358]},"level_id":"d0b5e4eb-482d-4e66-a50e-4fa7c32115ec"}},{"id":"7d3d1bfa-d0b1-4ef6-bcdc-220c0ab8ffe4","type":"Feature","feature_type":"opening","geometry":{"type":"LineString","coordinates":[[30.372701046189896,60.008424507774315],[30.372718091139593,60.008421632075]]},"properties":{"category":"automobile","unit_categoty":"administration","unit_restriction":null,"accessibility":null,"access_control":null,"door":{"type":"open","material":"metal","automatic":false},"name":null,"alt_name":null,"display_point":{"type":"Point","coordinates":[30.372701046189896,60.008424507774315]},"level_id":"d0b5e4eb-482d-4e66-a50e-4fa7c32115ec"}},{"id":"7964180c-d1f5-4de5-ae1f-584e8ac58828","type":"Feature","feature_type":"opening","geometry":{"type":"LineString","coordinates":[[30.373792856962424,60.008265161427239],[30.373809902098092,60.008262285727916]]},"properties":{"category":"automobile","unit_categoty":"classroom","unit_restriction":"restricted","accessibility":null,"access_control":null,"door":{"type":"open","material":"metal","automatic":false},"name":null,"alt_name":null,"display_point":{"type":"Point","coordinates":[30.373792856962424,60.008265161427239]},"level_id":"d0b5e4eb-482d-4e66-a50e-4fa7c32115ec"}},{"id":"29850107-de07-4b66-b37a-1fe017b4b7a3","type":"Feature","feature_type":"opening","geometry":{"type":"LineString","coordinates":[[30.374020791349402,60.0081944320683],[30.374037836456939,60.008191555820083]]},"properties":{"category":"automobile","unit_categoty":"classroom","unit_restriction":null,"accessibility":null,"access_control":null,"door":{"type":"open","material":"metal","automatic":false},"name":null,"alt_name":null,"display_point":{"type":"Point","coordinates":[30.374020791349402,60.0081944320683]},"level_id":"d0b5e4eb-482d-4e66-a50e-4fa7c32115ec"}},{"id":"4400fd7b-9c5a-4c25-aee3-9be1eb14fbb4","type":"Feature","feature_type":"opening","geometry":{"type":"LineString","coordinates":[[30.375013518474645,60.007985077150884],[30.375019271156443,60.007993598036236]]},"properties":{"category":"automobile","unit_categoty":"classroom","unit_restriction":null,"accessibility":null,"access_control":null,"door":{"type":"open","material":"metal","automatic":false},"name":null,"alt_name":null,"display_point":{"type":"Point","coordinates":[30.375013518474645,60.007985077150884]},"level_id":"d0b5e4eb-482d-4e66-a50e-4fa7c32115ec"}},{"id":"0eab1e2a-086d-4613-a470-37fcd21f6054","type":"Feature","feature_type":"opening","geometry":{"type":"LineString","coordinates":[[30.374977727114882,60.0080445534631],[30.374983479797244,60.008053074622907]]},"properties":{"category":"automobile","unit_categoty":"classroom","unit_restriction":null,"accessibility":null,"access_control":null,"door":{"type":"open","material":"metal","automatic":false},"name":null,"alt_name":null,"display_point":{"type":"Point","coordinates":[30.374977727114882,60.0080445534631]},"level_id":"d0b5e4eb-482d-4e66-a50e-4fa7c32115ec"}},{"id":"16d300b1-8cad-47ac-a540-c1dbf309501f","type":"Feature","feature_type":"opening","geometry":{"type":"LineString","coordinates":[[30.374889020997664,60.008087805594634],[30.374906066039969,60.008084929346417]]},"properties":{"category":"automobile","unit_categoty":"classroom","unit_restriction":null,"accessibility":null,"access_control":null,"door":{"type":"open","material":"metal","automatic":false},"name":null,"alt_name":null,"display_point":{"type":"Point","coordinates":[30.374889020997664,60.008087805594634]},"level_id":"d0b5e4eb-482d-4e66-a50e-4fa7c32115ec"}},{"id":"b75ccf8d-19d9-4509-a05b-6e86f613ac40","type":"Feature","feature_type":"opening","geometry":{"type":"LineString","coordinates":[[30.37547039148258,60.008733004058747],[30.375476144562786,60.008741524669652]]},"properties":{"category":"automobile","unit_categoty":"classroom","unit_restriction":null,"accessibility":null,"access_control":null,"door":{"type":"open","material":"metal","automatic":false},"name":null,"alt_name":null,"display_point":{"type":"Point","coordinates":[30.37547039148258,60.008733004058747]},"level_id":"d0b5e4eb-482d-4e66-a50e-4fa7c32115ec"}},{"id":"b3a5ccc5-93d5-4f25-b080-d9288b5bf6bc","type":"Feature","feature_type":"opening","geometry":{"type":"LineString","coordinates":[[30.374317842132502,60.008927465883637],[30.374323595081147,60.008935986494542]]},"properties":{"category":"automobile","unit_categoty":"laboratory","unit_restriction":null,"accessibility":null,"access_control":null,"door":{"type":"open","material":"metal","automatic":false},"name":null,"alt_name":null,"display_point":{"type":"Point","coordinates":[30.374317842132502,60.008927465883637]},"level_id":"d0b5e4eb-482d-4e66-a50e-4fa7c32115ec"}},{"id":"cac55e52-9a7a-4ef3-b5fc-64b9a11d5856","type":"Feature","feature_type":"opening","geometry":{"type":"LineString","coordinates":[[30.374762124019224,60.008633343704581],[30.374756371040409,60.008624822544775]]},"properties":{"category":"automobile","unit_categoty":null,"unit_restriction":null,"accessibility":null,"access_control":null,"door":{"type":"open","material":"metal","automatic":false},"name":null,"alt_name":null,"display_point":{"type":"Point","coordinates":[30.374762124019224,60.008633343704581]},"level_id":"d0b5e4eb-482d-4e66-a50e-4fa7c32115ec"}},{"id":"d3c18953-d555-45a3-8aaa-8b7e8ffb06da","type":"Feature","feature_type":"opening","geometry":{"type":"LineString","coordinates":[[30.374762124019224,60.008633343704581],[30.374756371040409,60.008624822544775]]},"properties":{"category":"automobile","unit_categoty":null,"unit_restriction":null,"accessibility":null,"access_control":null,"door":{"type":"open","material":"metal","automatic":false},"name":null,"alt_name":null,"display_point":{"type":"Point","coordinates":[30.374762124019224,60.008633343704581]},"level_id":"d0b5e4eb-482d-4e66-a50e-4fa7c32115ec"}},{"id":"58a594aa-03ee-4668-a4c9-f8003632c88a","type":"Feature","feature_type":"opening","geometry":{"type":"LineString","coordinates":[[30.374697633887248,60.008654475346574],[30.374692422503237,60.008646812121107]]},"properties":{"category":"automobile","unit_categoty":"classroom","unit_restriction":null,"accessibility":null,"access_control":null,"door":{"type":"open","material":"metal","automatic":false},"name":null,"alt_name":null,"display_point":{"type":"Point","coordinates":[30.374697633887248,60.008654475346574]},"level_id":"d0b5e4eb-482d-4e66-a50e-4fa7c32115ec"}},{"id":"147ae6ae-0183-427a-b4af-83270b2f2244","type":"Feature","feature_type":"opening","geometry":{"type":"LineString","coordinates":[[30.372918861438567,60.00856743261032],[30.372924613901166,60.008575953770126]]},"properties":{"category":"automobile","unit_categoty":"classroom","unit_restriction":"restricted","accessibility":null,"access_control":null,"door":{"type":"open","material":"metal","automatic":false},"name":null,"alt_name":null,"display_point":{"type":"Point","coordinates":[30.372918861438567,60.00856743261032]},"level_id":"40feaf3e-79af-4065-94b7-52c686b48356"}},{"id":"a3c5008d-99ea-407c-a7ad-ac8bfab229aa","type":"Feature","feature_type":"opening","geometry":{"type":"LineString","coordinates":[[30.373025484107693,60.008725929805486],[30.373032092457908,60.008735729907734]]},"properties":{"category":"automobile","unit_categoty":"administration","unit_restriction":null,"accessibility":null,"access_control":null,"door":{"type":"open","material":"metal","automatic":false},"name":null,"alt_name":null,"display_point":{"type":"Point","coordinates":[30.373025484107693,60.008725929805486]},"level_id":"40feaf3e-79af-4065-94b7-52c686b48356"}},{"id":"7366447c-d39c-4969-a6c9-e2fc103264b1","type":"Feature","feature_type":"opening","geometry":{"type":"LineString","coordinates":[[30.372899766615468,60.008539712493636],[30.372894589212638,60.008532043230247]]},"properties":{"category":"automobile","unit_categoty":"restroom","unit_restriction":null,"accessibility":null,"access_control":null,"door":{"type":"open","material":"metal","automatic":false},"name":null,"alt_name":null,"display_point":{"type":"Point","coordinates":[30.372899766615468,60.008539712493636]},"level_id":"40feaf3e-79af-4065-94b7-52c686b48356"}},{"id":"4ce8909c-11d1-466b-a29e-7d8feaa1d321","type":"Feature","feature_type":"opening","geometry":{"type":"LineString","coordinates":[[30.372949296486251,60.008613077681566],[30.372944119071921,60.008605408967085]]},"properties":{"category":"automobile","unit_categoty":"administration","unit_restriction":null,"accessibility":null,"access_control":null,"door":{"type":"open","material":"metal","automatic":false},"name":null,"alt_name":null,"display_point":{"type":"Point","coordinates":[30.372949296486251,60.008613077681566]},"level_id":"40feaf3e-79af-4065-94b7-52c686b48356"}},{"id":"117e8ff3-cbf0-4177-ad84-3d0276bd86a6","type":"Feature","feature_type":"opening","geometry":{"type":"LineString","coordinates":[[30.372523039821747,60.00845473143454],[30.372540084786973,60.008451855735224]]},"properties":{"category":"automobile","unit_categoty":"administration","unit_restriction":null,"accessibility":null,"access_control":null,"door":{"type":"open","material":"metal","automatic":false},"name":null,"alt_name":null,"display_point":{"type":"Point","coordinates":[30.372523039821747,60.00845473143454]},"level_id":"40feaf3e-79af-4065-94b7-52c686b48356"}},{"id":"10bc18da-2558-4ec9-a20f-78e3d8f91872","type":"Feature","feature_type":"opening","geometry":{"type":"LineString","coordinates":[[30.374625831960415,60.00843197668835],[30.374620079016676,60.008423455528543]]},"properties":{"category":"automobile","unit_categoty":"classroom","unit_restriction":"restricted","accessibility":null,"access_control":null,"door":{"type":"open","material":"metal","automatic":false},"name":null,"alt_name":null,"display_point":{"type":"Point","coordinates":[30.374625831960415,60.00843197668835]},"level_id":"40feaf3e-79af-4065-94b7-52c686b48356"}},{"id":"fa34cb63-851e-493d-85b5-2c0cb1b4d636","type":"Feature","feature_type":"opening","geometry":{"type":"LineString","coordinates":[[30.374579357870509,60.008479568167274],[30.374571879156136,60.0084684907693]]},"properties":{"category":"automobile","unit_categoty":"classroom","unit_restriction":null,"accessibility":null,"access_control":null,"door":{"type":"open","material":"metal","automatic":false},"name":null,"alt_name":null,"display_point":{"type":"Point","coordinates":[30.374579357870509,60.008479568167274]},"level_id":"40feaf3e-79af-4065-94b7-52c686b48356"}},{"id":"d212186c-3ab2-4b3c-a59b-831fc0b9af89","type":"Feature","feature_type":"opening","geometry":{"type":"LineString","coordinates":[[30.374563116771863,60.008339364789038],[30.374557296042582,60.008330855705083]]},"properties":{"category":"automobile","unit_categoty":"classroom","unit_restriction":null,"accessibility":null,"access_control":null,"door":{"type":"open","material":"metal","automatic":false},"name":null,"alt_name":null,"display_point":{"type":"Point","coordinates":[30.374563116771863,60.008339364789038]},"level_id":"40feaf3e-79af-4065-94b7-52c686b48356"}},{"id":"753c0d2d-5447-45d0-93cd-b8eaa501e1e7","type":"Feature","feature_type":"opening","geometry":{"type":"LineString","coordinates":[[30.374498944998397,60.008245158328442],[30.374493192361751,60.008236637168636]]},"properties":{"category":"automobile","unit_categoty":"classroom","unit_restriction":null,"accessibility":null,"access_control":null,"door":{"type":"open","material":"metal","automatic":false},"name":null,"alt_name":null,"display_point":{"type":"Point","coordinates":[30.374498944998397,60.008245158328442]},"level_id":"40feaf3e-79af-4065-94b7-52c686b48356"}},{"id":"8649b059-e6cd-4caf-a069-f0a212f1b502","type":"Feature","feature_type":"opening","geometry":{"type":"LineString","coordinates":[[30.374466591411782,60.008197235861417],[30.374460838783467,60.008188715250512]]},"properties":{"category":"automobile","unit_categoty":"classroom","unit_restriction":null,"accessibility":null,"access_control":null,"door":{"type":"open","material":"metal","automatic":false},"name":null,"alt_name":null,"display_point":{"type":"Point","coordinates":[30.374466591411782,60.008197235861417]},"level_id":"40feaf3e-79af-4065-94b7-52c686b48356"}},{"id":"ab186bb4-06cc-49e5-ad43-4c626118edcc","type":"Feature","feature_type":"opening","geometry":{"type":"LineString","coordinates":[[30.374854249326365,60.008093672262767],[30.374871294097193,60.008090796563444]]},"properties":{"category":"automobile","unit_categoty":"classroom","unit_restriction":null,"accessibility":null,"access_control":null,"door":{"type":"open","material":"metal","automatic":false},"name":null,"alt_name":null,"display_point":{"type":"Point","coordinates":[30.374854249326365,60.008093672262767]},"level_id":"40feaf3e-79af-4065-94b7-52c686b48356"}},{"id":"5d0ade70-4cfe-40de-848a-735f93c013ce","type":"Feature","feature_type":"opening","geometry":{"type":"LineString","coordinates":[[30.374938305719862,60.008079448831076],[30.374955350757869,60.00807657313176]]},"properties":{"category":"automobile","unit_categoty":"classroom","unit_restriction":null,"accessibility":null,"access_control":null,"door":{"type":"open","material":"metal","automatic":false},"name":null,"alt_name":null,"display_point":{"type":"Point","coordinates":[30.374938305719862,60.008079448831076]},"level_id":"40feaf3e-79af-4065-94b7-52c686b48356"}},{"id":"36358cc4-9370-4b28-a857-e0f93a308503","type":"Feature","feature_type":"opening","geometry":{"type":"LineString","coordinates":[[30.374985779557697,60.008071478494763],[30.375011346970727,60.008067164671331]]},"properties":{"category":"automobile","unit_categoty":"classroom","unit_restriction":null,"accessibility":null,"access_control":null,"door":{"type":"open","material":"metal","automatic":false},"name":null,"alt_name":null,"display_point":{"type":"Point","coordinates":[30.374985779557697,60.008071478494763]},"level_id":"40feaf3e-79af-4065-94b7-52c686b48356"}},{"id":"8b25d991-169b-4e90-a3e6-8ca974ae5906","type":"Feature","feature_type":"opening","geometry":{"type":"LineString","coordinates":[[30.374952744942888,60.008037473720819],[30.374969789969452,60.0080345980215]]},"properties":{"category":"automobile","unit_categoty":"classroom","unit_restriction":null,"accessibility":null,"access_control":null,"door":{"type":"open","material":"metal","automatic":false},"name":null,"alt_name":null,"display_point":{"type":"Point","coordinates":[30.374952744942888,60.008037473720819]},"level_id":"40feaf3e-79af-4065-94b7-52c686b48356"}},{"id":"4b54f652-bad1-46fb-8210-750a81fa1b61","type":"Feature","feature_type":"opening","geometry":{"type":"LineString","coordinates":[[30.374692587883736,60.008082128023361],[30.374709632933119,60.008079252324045]]},"properties":{"category":"automobile","unit_categoty":"classroom","unit_restriction":null,"accessibility":null,"access_control":null,"door":{"type":"open","material":"metal","automatic":false},"name":null,"alt_name":null,"display_point":{"type":"Point","coordinates":[30.374692587883736,60.008082128023361]},"level_id":"40feaf3e-79af-4065-94b7-52c686b48356"}},{"id":"0ddf093d-aabb-4bb2-b714-8790bb5b9d49","type":"Feature","feature_type":"opening","geometry":{"type":"LineString","coordinates":[[30.374625090077529,60.008093516100047],[30.374642134858281,60.008090640400731]]},"properties":{"category":"automobile","unit_categoty":"laboratory","unit_restriction":null,"accessibility":null,"access_control":null,"door":{"type":"open","material":"metal","automatic":false},"name":null,"alt_name":null,"display_point":{"type":"Point","coordinates":[30.374625090077529,60.008093516100047]},"level_id":"40feaf3e-79af-4065-94b7-52c686b48356"}},{"id":"a0f15627-37e7-4ee4-a2c0-d988d15c86ce","type":"Feature","feature_type":"opening","geometry":{"type":"LineString","coordinates":[[30.374527578442532,60.008110086638112],[30.374544623506292,60.008107210938789]]},"properties":{"category":"automobile","unit_categoty":"classroom","unit_restriction":null,"accessibility":null,"access_control":null,"door":{"type":"open","material":"metal","automatic":false},"name":null,"alt_name":null,"display_point":{"type":"Point","coordinates":[30.374527578442532,60.008110086638112]},"level_id":"40feaf3e-79af-4065-94b7-52c686b48356"}},{"id":"cdbd4d85-79e9-496a-b5ca-a66fae554fc3","type":"Feature","feature_type":"opening","geometry":{"type":"LineString","coordinates":[[30.374429360193925,60.008127015060488],[30.374446405266319,60.008124139361172]]},"properties":{"category":"automobile","unit_categoty":"classroom","unit_restriction":null,"accessibility":null,"access_control":null,"door":{"type":"open","material":"metal","automatic":false},"name":null,"alt_name":null,"display_point":{"type":"Point","coordinates":[30.374429360193925,60.008127015060488]},"level_id":"40feaf3e-79af-4065-94b7-52c686b48356"}},{"id":"87d5854b-daaf-4006-a905-f2a7489dde23","type":"Feature","feature_type":"opening","geometry":{"type":"LineString","coordinates":[[30.37437493151511,60.008136388665619],[30.374391976592282,60.0081335129663]]},"properties":{"category":"automobile","unit_categoty":"classroom","unit_restriction":null,"accessibility":null,"access_control":null,"door":{"type":"open","material":"metal","automatic":false},"name":null,"alt_name":null,"display_point":{"type":"Point","coordinates":[30.37437493151511,60.008136388665619]},"level_id":"40feaf3e-79af-4065-94b7-52c686b48356"}},{"id":"10ae279a-abf5-4536-983d-898dbf6e2825","type":"Feature","feature_type":"opening","geometry":{"type":"LineString","coordinates":[[30.374705662925148,60.008549714591936],[30.374699910235378,60.008541193981031]]},"properties":{"category":"automobile","unit_categoty":"classroom","unit_restriction":null,"accessibility":null,"access_control":null,"door":{"type":"open","material":"metal","automatic":false},"name":null,"alt_name":null,"display_point":{"type":"Point","coordinates":[30.374705662925148,60.008549714591936]},"level_id":"40feaf3e-79af-4065-94b7-52c686b48356"}},{"id":"89177ae7-eb9e-4712-8bbe-ab6bf3bd3f07","type":"Feature","feature_type":"opening","geometry":{"type":"LineString","coordinates":[[30.374832024561741,60.008735810047469],[30.374826271565009,60.008727288887663]]},"properties":{"category":"automobile","unit_categoty":"laboratory","unit_restriction":null,"accessibility":null,"access_control":null,"door":{"type":"open","material":"metal","automatic":false},"name":null,"alt_name":null,"display_point":{"type":"Point","coordinates":[30.374832024561741,60.008735810047469]},"level_id":"40feaf3e-79af-4065-94b7-52c686b48356"}},{"id":"11cace92-e2e1-4e88-9531-bf6c7ddfd494","type":"Feature","feature_type":"opening","geometry":{"type":"LineString","coordinates":[[30.374880255583914,60.00880713606324],[30.374874502849266,60.008798615452335]]},"properties":{"category":"automobile","unit_categoty":"classroom","unit_restriction":null,"accessibility":null,"access_control":null,"door":{"type":"open","material":"metal","automatic":false},"name":null,"alt_name":null,"display_point":{"type":"Point","coordinates":[30.374880255583914,60.00880713606324]},"level_id":"40feaf3e-79af-4065-94b7-52c686b48356"}},{"id":"af7ff200-566f-4dcf-b3a2-83cbf69efe54","type":"Feature","feature_type":"opening","geometry":{"type":"LineString","coordinates":[[30.375460342440181,60.008760231261142],[30.375443297247948,60.008763106960458]]},"properties":{"category":"automobile","unit_categoty":"classroom","unit_restriction":null,"accessibility":null,"access_control":null,"door":{"type":"open","material":"metal","automatic":false},"name":null,"alt_name":null,"display_point":{"type":"Point","coordinates":[30.375460342440181,60.008760231261142]},"level_id":"40feaf3e-79af-4065-94b7-52c686b48356"}},{"id":"dd1e1033-c878-4d40-be45-0b419f2065cd","type":"Feature","feature_type":"opening","geometry":{"type":"LineString","coordinates":[[30.375315944053387,60.008744730259274],[30.37533298924642,60.008741854559958]]},"properties":{"category":"automobile","unit_categoty":"classroom","unit_restriction":null,"accessibility":null,"access_control":null,"door":{"type":"open","material":"metal","automatic":false},"name":null,"alt_name":null,"display_point":{"type":"Point","coordinates":[30.375315944053387,60.008744730259274]},"level_id":"40feaf3e-79af-4065-94b7-52c686b48356"}},{"id":"d79d55c6-bab4-4945-814a-21d79db94cd3","type":"Feature","feature_type":"opening","geometry":{"type":"LineString","coordinates":[[30.374926468857385,60.008850333578991],[30.374909423618725,60.008853209827215]]},"properties":{"category":"automobile","unit_categoty":"administration","unit_restriction":null,"accessibility":null,"access_control":null,"door":{"type":"open","material":"metal","automatic":false},"name":null,"alt_name":null,"display_point":{"type":"Point","coordinates":[30.374926468857385,60.008850333578991]},"level_id":"40feaf3e-79af-4065-94b7-52c686b48356"}},{"id":"89deab75-4a90-4cd5-a883-7857ef711222","type":"Feature","feature_type":"opening","geometry":{"type":"LineString","coordinates":[[30.374761992879204,60.008878154693711],[30.374744947900723,60.008881030393027]]},"properties":{"category":"automobile","unit_categoty":"classroom","unit_restriction":null,"accessibility":null,"access_control":null,"door":{"type":"open","material":"metal","automatic":false},"name":null,"alt_name":null,"display_point":{"type":"Point","coordinates":[30.374761992879204,60.008878154693711]},"level_id":"40feaf3e-79af-4065-94b7-52c686b48356"}},{"id":"7001bd0d-ee7c-4713-9dc9-81c7b66346f2","type":"Feature","feature_type":"opening","geometry":{"type":"LineString","coordinates":[[30.373721321880517,60.00901359085519],[30.373738367212166,60.009010715155874]]},"properties":{"category":"automobile","unit_categoty":"administration","unit_restriction":null,"accessibility":null,"access_control":null,"door":{"type":"open","material":"metal","automatic":false},"name":null,"alt_name":null,"display_point":{"type":"Point","coordinates":[30.373721321880517,60.00901359085519]},"level_id":"40feaf3e-79af-4065-94b7-52c686b48356"}},{"id":"29d059e3-77b7-42b0-ab65-91170269d4c7","type":"Feature","feature_type":"opening","geometry":{"type":"LineString","coordinates":[[30.373652122128377,60.009025272594627],[30.3736742806553,60.009021534020839]]},"properties":{"category":"automobile","unit_categoty":"administration","unit_restriction":null,"accessibility":null,"access_control":null,"door":{"type":"open","material":"metal","automatic":false},"name":null,"alt_name":null,"display_point":{"type":"Point","coordinates":[30.373652122128377,60.009025272594627]},"level_id":"40feaf3e-79af-4065-94b7-52c686b48356"}},{"id":"73809d56-f603-43a1-b12b-25dc3b23b17e","type":"Feature","feature_type":"opening","geometry":{"type":"LineString","coordinates":[[30.373775473424828,60.009043178886515],[30.373792518761757,60.00904030263829]]},"properties":{"category":"automobile","unit_categoty":"administration","unit_restriction":null,"accessibility":null,"access_control":null,"door":{"type":"open","material":"metal","automatic":false},"name":null,"alt_name":null,"display_point":{"type":"Point","coordinates":[30.373775473424828,60.009043178886515]},"level_id":"40feaf3e-79af-4065-94b7-52c686b48356"}},{"id":"0a7e79ce-ada4-4ab9-805b-6fe956b12d5e","type":"Feature","feature_type":"opening","geometry":{"type":"LineString","coordinates":[[30.3736447366433,60.009065236526737],[30.373661781717082,60.009062360827421]]},"properties":{"category":"automobile","unit_categoty":"administration","unit_restriction":null,"accessibility":null,"access_control":null,"door":{"type":"open","material":"metal","automatic":false},"name":null,"alt_name":null,"display_point":{"type":"Point","coordinates":[30.3736447366433,60.009065236526737]},"level_id":"40feaf3e-79af-4065-94b7-52c686b48356"}},{"id":"b6ace278-2edb-491f-8745-c6ef05e881b2","type":"Feature","feature_type":"opening","geometry":{"type":"LineString","coordinates":[[30.37354808966888,60.00908154331723],[30.373565134751079,60.009078667069005]]},"properties":{"category":"automobile","unit_categoty":"administration","unit_restriction":null,"accessibility":null,"access_control":null,"door":{"type":"open","material":"metal","automatic":false},"name":null,"alt_name":null,"display_point":{"type":"Point","coordinates":[30.37354808966888,60.00908154331723]},"level_id":"40feaf3e-79af-4065-94b7-52c686b48356"}},{"id":"d9e8acb4-7e70-4f40-8416-ac7423aa7c4d","type":"Feature","feature_type":"opening","geometry":{"type":"LineString","coordinates":[[30.373299454861616,60.009123303806675],[30.373316500514395,60.00912042755845]]},"properties":{"category":"automobile","unit_categoty":"administration","unit_restriction":null,"accessibility":null,"access_control":null,"door":{"type":"open","material":"metal","automatic":false},"name":null,"alt_name":null,"display_point":{"type":"Point","coordinates":[30.373299454861616,60.009123303806675]},"level_id":"40feaf3e-79af-4065-94b7-52c686b48356"}},{"id":"d69294b1-05f0-4a64-8b60-ab3b62dd560e","type":"Feature","feature_type":"opening","geometry":{"type":"LineString","coordinates":[[30.373269026267025,60.009128573817968],[30.373251955905726,60.009131412191927]]},"properties":{"category":"automobile","unit_categoty":"classroom","unit_restriction":"restricted","accessibility":null,"access_control":null,"door":{"type":"open","material":"metal","automatic":false},"name":null,"alt_name":null,"display_point":{"type":"Point","coordinates":[30.373269026267025,60.009128573817968]},"level_id":"40feaf3e-79af-4065-94b7-52c686b48356"}},{"id":"a587440b-a336-4b2c-a887-c765c6836eb7","type":"Feature","feature_type":"opening","geometry":{"type":"LineString","coordinates":[[30.373215839026972,60.008337840487258],[30.373268678392321,60.008328924666678]]},"properties":{"category":"automobile","unit_categoty":"stairs","unit_restriction":null,"accessibility":null,"access_control":null,"door":{"type":"open","material":"metal","automatic":false},"name":null,"alt_name":null,"display_point":{"type":"Point","coordinates":[30.373215839026972,60.008337840487258]},"level_id":"40feaf3e-79af-4065-94b7-52c686b48356"}},{"id":"72e85304-fa01-4d86-ad66-80ad45b0efcf","type":"Feature","feature_type":"opening","geometry":{"type":"LineString","coordinates":[[30.373744506608247,60.009048213418708],[30.373691666457916,60.009057129239288]]},"properties":{"category":"automobile","unit_categoty":"stairs","unit_restriction":null,"accessibility":null,"access_control":null,"door":{"type":"open","material":"metal","automatic":false},"name":null,"alt_name":null,"display_point":{"type":"Point","coordinates":[30.373744506608247,60.009048213418708]},"level_id":"40feaf3e-79af-4065-94b7-52c686b48356"}},{"id":"50a2b868-bbdd-4b4c-9998-ddfaad6c7787","type":"Feature","feature_type":"opening","geometry":{"type":"LineString","coordinates":[[30.374445815617111,60.008931405904576],[30.374392975380132,60.008940321176262]]},"properties":{"category":"automobile","unit_categoty":"stairs","unit_restriction":null,"accessibility":null,"access_control":null,"door":{"type":"open","material":"metal","automatic":false},"name":null,"alt_name":null,"display_point":{"type":"Point","coordinates":[30.374445815617111,60.008931405904576]},"level_id":"40feaf3e-79af-4065-94b7-52c686b48356"}},{"id":"48db97f6-9566-45b2-ba0e-6c3bc18855d4","type":"Feature","feature_type":"opening","geometry":{"type":"LineString","coordinates":[[30.375417388662722,60.008767478418633],[30.375364549236668,60.00877639423922]]},"properties":{"category":"automobile","unit_categoty":"stairs","unit_restriction":null,"accessibility":null,"access_control":null,"door":{"type":"open","material":"metal","automatic":false},"name":null,"alt_name":null,"display_point":{"type":"Point","coordinates":[30.375417388662722,60.008767478418633]},"level_id":"40feaf3e-79af-4065-94b7-52c686b48356"}},{"id":"fc50daff-00b5-4641-bbb9-f266da96b740","type":"Feature","feature_type":"opening","geometry":{"type":"LineString","coordinates":[[30.374881222244323,60.00804925673274],[30.374934061703652,60.008040341186607]]},"properties":{"category":"automobile","unit_categoty":"stairs","unit_restriction":null,"accessibility":null,"access_control":null,"door":{"type":"open","material":"metal","automatic":false},"name":null,"alt_name":null,"display_point":{"type":"Point","coordinates":[30.374881222244323,60.00804925673274]},"level_id":"40feaf3e-79af-4065-94b7-52c686b48356"}},{"id":"30b6dc3a-e13e-41f8-99de-f61f6dc787cb","type":"Feature","feature_type":"opening","geometry":{"type":"LineString","coordinates":[[30.374445718332073,60.008281341421288],[30.374439965699136,60.008272820261482]]},"properties":{"category":"automobile","unit_categoty":"classroom","unit_restriction":"restricted","accessibility":null,"access_control":null,"door":{"type":"open","material":"metal","automatic":false},"name":null,"alt_name":null,"display_point":{"type":"Point","coordinates":[30.374445718332073,60.008281341421288]},"level_id":"40feaf3e-79af-4065-94b7-52c686b48356"}},{"id":"89b818bf-03ac-43b7-837e-ac8d32bd8136","type":"Feature","feature_type":"opening","geometry":{"type":"LineString","coordinates":[[30.372476617044669,60.008462184430407],[30.372493662013852,60.008459308182189]]},"properties":{"category":"automobile","unit_categoty":"administration","unit_restriction":null,"accessibility":null,"access_control":null,"door":{"type":"open","material":"metal","automatic":false},"name":null,"alt_name":null,"display_point":{"type":"Point","coordinates":[30.372476617044669,60.008462184430407]},"level_id":"40feaf3e-79af-4065-94b7-52c686b48356"}},{"id":"8d27c8ce-2b4b-447b-8619-0fc1245fc6ca","type":"Feature","feature_type":"opening","geometry":{"type":"LineString","coordinates":[[30.372237302710115,60.008502562234881],[30.372290142887937,60.008493646963196]]},"properties":{"category":"automobile","unit_categoty":"stairs","unit_restriction":null,"accessibility":null,"access_control":null,"door":{"type":"open","material":"metal","automatic":false},"name":null,"alt_name":null,"display_point":{"type":"Point","coordinates":[30.372237302710115,60.008502562234881]},"level_id":"40feaf3e-79af-4065-94b7-52c686b48356"}},{"id":"6dac99c6-b980-48a7-b223-88d4e27ce762","type":"Feature","feature_type":"opening","geometry":{"type":"LineString","coordinates":[[30.372799551779192,60.008511921019647],[30.372794491328282,60.008504231995772]]},"properties":{"category":"automobile","unit_categoty":"administration","unit_restriction":null,"accessibility":null,"access_control":null,"door":{"type":"open","material":"metal","automatic":false},"name":null,"alt_name":null,"display_point":{"type":"Point","coordinates":[30.372799551779192,60.008511921019647]},"level_id":"40feaf3e-79af-4065-94b7-52c686b48356"}},{"id":"48e7eb1f-35d5-439f-ac58-783b8493826a","type":"Feature","feature_type":"opening","geometry":{"type":"LineString","coordinates":[[30.372763401201542,60.008458654439508],[30.372758341033393,60.008450965964542]]},"properties":{"category":"automobile","unit_categoty":"administration","unit_restriction":null,"accessibility":null,"access_control":null,"door":{"type":"open","material":"metal","automatic":false},"name":null,"alt_name":null,"display_point":{"type":"Point","coordinates":[30.372763401201542,60.008458654439508]},"level_id":"40feaf3e-79af-4065-94b7-52c686b48356"}},{"id":"6c69b6bf-2120-42b9-8c60-f3b9350aca8e","type":"Feature","feature_type":"opening","geometry":{"type":"LineString","coordinates":[[30.37281375516616,60.008532678310246],[30.372808694986496,60.008524989835273]]},"properties":{"category":"automobile","unit_categoty":"administration","unit_restriction":null,"accessibility":null,"access_control":null,"door":{"type":"open","material":"metal","automatic":false},"name":null,"alt_name":null,"display_point":{"type":"Point","coordinates":[30.37281375516616,60.008532678310246]},"level_id":"40feaf3e-79af-4065-94b7-52c686b48356"}},{"id":"5864f9df-e8c6-4a00-b2b6-05598abdcd56","type":"Feature","feature_type":"opening","geometry":{"type":"LineString","coordinates":[[30.372842411448797,60.008575433959621],[30.372837351262529,60.008567745484648]]},"properties":{"category":"automobile","unit_categoty":"administration","unit_restriction":null,"accessibility":null,"access_control":null,"door":{"type":"open","material":"metal","automatic":false},"name":null,"alt_name":null,"display_point":{"type":"Point","coordinates":[30.372842411448797,60.008575433959621]},"level_id":"40feaf3e-79af-4065-94b7-52c686b48356"}},{"id":"9c0af00d-8753-4da0-8496-3045ea55f002","type":"Feature","feature_type":"opening","geometry":{"type":"LineString","coordinates":[[30.37285851294223,60.008599284314862],[30.372853452752267,60.008591595839889]]},"properties":{"category":"automobile","unit_categoty":"administration","unit_restriction":null,"accessibility":null,"access_control":null,"door":{"type":"open","material":"metal","automatic":false},"name":null,"alt_name":null,"display_point":{"type":"Point","coordinates":[30.37285851294223,60.008599284314862]},"level_id":"40feaf3e-79af-4065-94b7-52c686b48356"}},{"id":"35df54d1-416b-480d-8ebe-8b6fd4d090e3","type":"Feature","feature_type":"opening","geometry":{"type":"LineString","coordinates":[[30.372876106852477,60.008625036616685],[30.3728710466585,60.008617348141712]]},"properties":{"category":"automobile","unit_categoty":"administration","unit_restriction":null,"accessibility":null,"access_control":null,"door":{"type":"open","material":"metal","automatic":false},"name":null,"alt_name":null,"display_point":{"type":"Point","coordinates":[30.372876106852477,60.008625036616685]},"level_id":"40feaf3e-79af-4065-94b7-52c686b48356"}},{"id":"d99f94ed-dc82-46de-b10a-775ab48206b6","type":"Feature","feature_type":"opening","geometry":{"type":"LineString","coordinates":[[30.372908038438389,60.008672052845959],[30.372902285969573,60.008663531686153]]},"properties":{"category":"automobile","unit_categoty":"classroom","unit_restriction":"restricted","accessibility":null,"access_control":null,"door":{"type":"open","material":"metal","automatic":false},"name":null,"alt_name":null,"display_point":{"type":"Point","coordinates":[30.372908038438389,60.008672052845959]},"level_id":"40feaf3e-79af-4065-94b7-52c686b48356"}},{"id":"2c684a0e-2d72-4896-a8ae-e202efd5f0b4","type":"Feature","feature_type":"opening","geometry":{"type":"LineString","coordinates":[[30.3729225254239,60.008693793220637],[30.372917465493767,60.008686104745671]]},"properties":{"category":"automobile","unit_categoty":"administration","unit_restriction":null,"accessibility":null,"access_control":null,"door":{"type":"open","material":"metal","automatic":false},"name":null,"alt_name":null,"display_point":{"type":"Point","coordinates":[30.3729225254239,60.008693793220637]},"level_id":"40feaf3e-79af-4065-94b7-52c686b48356"}},{"id":"2b54664d-d14c-4679-8844-652174d5fc02","type":"Feature","feature_type":"opening","geometry":{"type":"LineString","coordinates":[[30.372941292809106,60.00872187286835],[30.372935540057167,60.008713351708543]]},"properties":{"category":"automobile","unit_categoty":"classroom","unit_restriction":"restricted","accessibility":null,"access_control":null,"door":{"type":"open","material":"metal","automatic":false},"name":null,"alt_name":null,"display_point":{"type":"Point","coordinates":[30.372941292809106,60.00872187286835]},"level_id":"40feaf3e-79af-4065-94b7-52c686b48356"}},{"id":"a1387d4f-6e86-43c3-97c6-e9687e7a5f4c","type":"Feature","feature_type":"opening","geometry":{"type":"LineString","coordinates":[[30.372980645617115,60.008779320437554],[30.372975585948186,60.008771631962581]]},"properties":{"category":"automobile","unit_categoty":"administration","unit_restriction":null,"accessibility":null,"access_control":null,"door":{"type":"open","material":"metal","automatic":false},"name":null,"alt_name":null,"display_point":{"type":"Point","coordinates":[30.372980645617115,60.008779320437554]},"level_id":"40feaf3e-79af-4065-94b7-52c686b48356"}},{"id":"2005d1ed-5159-403b-8605-87b252184574","type":"Feature","feature_type":"opening","geometry":{"type":"LineString","coordinates":[[30.373768195372381,60.00900568062368],[30.373785240425448,60.009002804924357]]},"properties":{"category":"automobile","unit_categoty":"administration","unit_restriction":null,"accessibility":null,"access_control":null,"door":{"type":"open","material":"metal","automatic":false},"name":null,"alt_name":null,"display_point":{"type":"Point","coordinates":[30.373768195372381,60.00900568062368]},"level_id":"40feaf3e-79af-4065-94b7-52c686b48356"}},{"id":"b39c9243-6b2e-4165-906e-f88fbccab107","type":"Feature","feature_type":"opening","geometry":{"type":"LineString","coordinates":[[30.373197928516007,60.00898163870152],[30.373192751043998,60.008973969987039]]},"properties":{"category":"automobile","unit_categoty":"restroom","unit_restriction":null,"accessibility":null,"access_control":null,"door":{"type":"open","material":"metal","automatic":false},"name":null,"alt_name":null,"display_point":{"type":"Point","coordinates":[30.373197928516007,60.00898163870152]},"level_id":"40feaf3e-79af-4065-94b7-52c686b48356"}},{"id":"b8323d59-f2bb-4227-99b9-fb7a8ffc8da2","type":"Feature","feature_type":"opening","geometry":{"type":"LineString","coordinates":[[30.373179357207672,60.0089539334052],[30.373174145975945,60.008946271277544]]},"properties":{"category":"automobile","unit_categoty":"administration","unit_restriction":null,"accessibility":null,"access_control":null,"door":{"type":"open","material":"metal","automatic":false},"name":null,"alt_name":null,"display_point":{"type":"Point","coordinates":[30.373179357207672,60.0089539334052]},"level_id":"40feaf3e-79af-4065-94b7-52c686b48356"}},{"id":"ee2ed442-cde3-4e7c-99d3-7d50b3db9032","type":"Feature","feature_type":"opening","geometry":{"type":"LineString","coordinates":[[30.3731520664045,60.008913539133658],[30.37314688894314,60.008905870419177]]},"properties":{"category":"automobile","unit_categoty":"restroom","unit_restriction":null,"accessibility":null,"access_control":null,"door":{"type":"open","material":"metal","automatic":false},"name":null,"alt_name":null,"display_point":{"type":"Point","coordinates":[30.3731520664045,60.008913539133658]},"level_id":"40feaf3e-79af-4065-94b7-52c686b48356"}},{"id":"b6dc03f9-e55c-4e86-b7b2-52b513466f8f","type":"Feature","feature_type":"opening","geometry":{"type":"LineString","coordinates":[[30.372912691518032,60.008388988304389],[30.372929736449375,60.008386112605073]]},"properties":{"category":"automobile","unit_categoty":"administration","unit_restriction":null,"accessibility":null,"access_control":null,"door":{"type":"open","material":"metal","automatic":false},"name":null,"alt_name":null,"display_point":{"type":"Point","coordinates":[30.372912691518032,60.008388988304389]},"level_id":"40feaf3e-79af-4065-94b7-52c686b48356"}},{"id":"3223e62c-7816-4a2d-83e4-5e1b904a68e4","type":"Feature","feature_type":"opening","geometry":{"type":"LineString","coordinates":[[30.372958201761417,60.008381309709662],[30.372975247237818,60.008378433461445]]},"properties":{"category":"automobile","unit_categoty":"administration","unit_restriction":null,"accessibility":null,"access_control":null,"door":{"type":"open","material":"metal","automatic":false},"name":null,"alt_name":null,"display_point":{"type":"Point","coordinates":[30.372958201761417,60.008381309709662]},"level_id":"40feaf3e-79af-4065-94b7-52c686b48356"}},{"id":"1ca39f19-93d1-4fe2-ba89-c3f0692e6b46","type":"Feature","feature_type":"opening","geometry":{"type":"LineString","coordinates":[[30.373003371611826,60.008373688200777],[30.373020416535283,60.008370812501461]]},"properties":{"category":"automobile","unit_categoty":"administration","unit_restriction":null,"accessibility":null,"access_control":null,"door":{"type":"open","material":"metal","automatic":false},"name":null,"alt_name":null,"display_point":{"type":"Point","coordinates":[30.373003371611826,60.008373688200777]},"level_id":"40feaf3e-79af-4065-94b7-52c686b48356"}},{"id":"25c467b9-f311-4713-b0b4-1263ba1009a9","type":"Feature","feature_type":"opening","geometry":{"type":"LineString","coordinates":[[30.3731117781672,60.008355397677263],[30.373128823081231,60.00835252197794]]},"properties":{"category":"automobile","unit_categoty":"administration","unit_restriction":null,"accessibility":null,"access_control":null,"door":{"type":"open","material":"metal","automatic":false},"name":null,"alt_name":null,"display_point":{"type":"Point","coordinates":[30.3731117781672,60.008355397677263]},"level_id":"40feaf3e-79af-4065-94b7-52c686b48356"}},{"id":"858c69ce-a9d9-4cec-8448-17131032857f","type":"Feature","feature_type":"opening","geometry":{"type":"LineString","coordinates":[[30.373160526935827,60.008347172375814],[30.373177571845616,60.008344296676491]]},"properties":{"category":"automobile","unit_categoty":"administration","unit_restriction":null,"accessibility":null,"access_control":null,"door":{"type":"open","material":"metal","automatic":false},"name":null,"alt_name":null,"display_point":{"type":"Point","coordinates":[30.373160526935827,60.008347172375814]},"level_id":"40feaf3e-79af-4065-94b7-52c686b48356"}},{"id":"2096901c-f4eb-4c00-8b67-d52710def0a9","type":"Feature","feature_type":"opening","geometry":{"type":"LineString","coordinates":[[30.373272850362092,60.00833524472813],[30.373281340883086,60.008348049521736]]},"properties":{"category":"automobile","unit_categoty":"administration","unit_restriction":null,"accessibility":null,"access_control":null,"door":{"type":"open","material":"metal","automatic":false},"name":null,"alt_name":null,"display_point":{"type":"Point","coordinates":[30.373272850362092,60.00833524472813]},"level_id":"40feaf3e-79af-4065-94b7-52c686b48356"}},{"id":"5c1d6ba4-a8c1-443e-95c2-321cf5f6fc4a","type":"Feature","feature_type":"opening","geometry":{"type":"LineString","coordinates":[[30.37326298577619,60.008361974625011],[30.37328003095984,60.008359098925688]]},"properties":{"category":"automobile","unit_categoty":"administration","unit_restriction":null,"accessibility":null,"access_control":null,"door":{"type":"open","material":"metal","automatic":false},"name":null,"alt_name":null,"display_point":{"type":"Point","coordinates":[30.37326298577619,60.008361974625011]},"level_id":"40feaf3e-79af-4065-94b7-52c686b48356"}},{"id":"abffda7b-6286-4fe3-8114-fd555a003f35","type":"Feature","feature_type":"opening","geometry":{"type":"LineString","coordinates":[[30.373227639836024,60.008367835804115],[30.373244685022723,60.008364960104792]]},"properties":{"category":"automobile","unit_categoty":"administration","unit_restriction":null,"accessibility":null,"access_control":null,"door":{"type":"open","material":"metal","automatic":false},"name":null,"alt_name":null,"display_point":{"type":"Point","coordinates":[30.373227639836024,60.008367835804115]},"level_id":"40feaf3e-79af-4065-94b7-52c686b48356"}},{"id":"03bae31a-b6bc-4749-8b63-81b61d5a9857","type":"Feature","feature_type":"opening","geometry":{"type":"LineString","coordinates":[[30.373020643795982,60.008838566759692],[30.373015584117873,60.008830878284726]]},"properties":{"category":"automobile","unit_categoty":"administration","unit_restriction":null,"accessibility":null,"access_control":null,"door":{"type":"open","material":"metal","automatic":false},"name":null,"alt_name":null,"display_point":{"type":"Point","coordinates":[30.373020643795982,60.008838566759692]},"level_id":"40feaf3e-79af-4065-94b7-52c686b48356"}},{"id":"5214b805-a718-4e3e-8b5c-68d072ac1b61","type":"Feature","feature_type":"opening","geometry":{"type":"LineString","coordinates":[[30.373065600727813,60.00890515794395],[30.373060540764882,60.008897469468977]]},"properties":{"category":"automobile","unit_categoty":"administration","unit_restriction":null,"accessibility":null,"access_control":null,"door":{"type":"open","material":"metal","automatic":false},"name":null,"alt_name":null,"display_point":{"type":"Point","coordinates":[30.373065600727813,60.00890515794395]},"level_id":"40feaf3e-79af-4065-94b7-52c686b48356"}},{"id":"ecbee0f1-84b9-4f48-a4ae-d47a9153d48f","type":"Feature","feature_type":"opening","geometry":{"type":"LineString","coordinates":[[30.373115136546009,60.008978531914323],[30.37311007684621,60.00897084343935]]},"properties":{"category":"automobile","unit_categoty":"administration","unit_restriction":null,"accessibility":null,"access_control":null,"door":{"type":"open","material":"metal","automatic":false},"name":null,"alt_name":null,"display_point":{"type":"Point","coordinates":[30.373115136546009,60.008978531914323]},"level_id":"40feaf3e-79af-4065-94b7-52c686b48356"}},{"id":"1e32c066-4cd6-4ac3-be81-873731e75958","type":"Feature","feature_type":"opening","geometry":{"type":"LineString","coordinates":[[30.373193050881238,60.0090939402764],[30.373187991163551,60.009086251801435]]},"properties":{"category":"automobile","unit_categoty":"administration","unit_restriction":null,"accessibility":null,"access_control":null,"door":{"type":"open","material":"metal","automatic":false},"name":null,"alt_name":null,"display_point":{"type":"Point","coordinates":[30.373193050881238,60.0090939402764]},"level_id":"40feaf3e-79af-4065-94b7-52c686b48356"}},{"id":"574e0150-5542-4331-afa9-7f448b238d9b","type":"Feature","feature_type":"opening","geometry":{"type":"LineString","coordinates":[[30.373161468599918,60.009047160075127],[30.373156408889479,60.009039471600161]]},"properties":{"category":"automobile","unit_categoty":"administration","unit_restriction":null,"accessibility":null,"access_control":null,"door":{"type":"open","material":"metal","automatic":false},"name":null,"alt_name":null,"display_point":{"type":"Point","coordinates":[30.373161468599918,60.009047160075127]},"level_id":"40feaf3e-79af-4065-94b7-52c686b48356"}},{"id":"f1017c2a-3040-4959-a0e3-546f9ae90654","type":"Feature","feature_type":"opening","geometry":{"type":"LineString","coordinates":[[30.373129685160727,60.009000081270983],[30.373124625457585,60.008992392796017]]},"properties":{"category":"automobile","unit_categoty":"administration","unit_restriction":null,"accessibility":null,"access_control":null,"door":{"type":"open","material":"metal","automatic":false},"name":null,"alt_name":null,"display_point":{"type":"Point","coordinates":[30.373129685160727,60.009000081270983]},"level_id":"40feaf3e-79af-4065-94b7-52c686b48356"}},{"id":"ed05c288-9442-4f9a-8498-9fa3fa2317f8","type":"Feature","feature_type":"opening","geometry":{"type":"LineString","coordinates":[[30.372471228212223,60.008479513825947],[30.372465320996852,60.00847101956235]]},"properties":{"category":"automobile","unit_categoty":"classroom","unit_restriction":"restricted","accessibility":null,"access_control":null,"door":{"type":"open","material":"metal","automatic":false},"name":null,"alt_name":null,"display_point":{"type":"Point","coordinates":[30.372471228212223,60.008479513825947]},"level_id":"40feaf3e-79af-4065-94b7-52c686b48356"}},{"id":"5080e9f8-7da1-42f5-8877-c8529f0f0f5e","type":"Feature","feature_type":"opening","geometry":{"type":"LineString","coordinates":[[30.373677588601097,60.008673765970137],[30.373694633847073,60.008670890270821]]},"properties":{"category":"automobile","unit_categoty":"classroom","unit_restriction":"restricted","accessibility":null,"access_control":null,"door":{"type":"open","material":"metal","automatic":false},"name":null,"alt_name":null,"display_point":{"type":"Point","coordinates":[30.373677588601097,60.008673765970137]},"level_id":"40feaf3e-79af-4065-94b7-52c686b48356"}},{"id":"af55bfb8-b200-4204-90d7-1dd1faa47cb3","type":"Feature","feature_type":"opening","geometry":{"type":"LineString","coordinates":[[30.374745816391766,60.008726123019109],[30.374740638485793,60.008718454304628]]},"properties":{"category":"automobile","unit_categoty":"restroom","unit_restriction":null,"accessibility":null,"access_control":null,"door":{"type":"open","material":"metal","automatic":false},"name":null,"alt_name":null,"display_point":{"type":"Point","coordinates":[30.374745816391766,60.008726123019109]},"level_id":"40feaf3e-79af-4065-94b7-52c686b48356"}},{"id":"25f701d6-daa2-4355-a8b1-a3dbf3a86dd3","type":"Feature","feature_type":"opening","geometry":{"type":"LineString","coordinates":[[30.37472254368717,60.008691371463549],[30.374717332297369,60.008683707689187]]},"properties":{"category":"automobile","unit_categoty":"classroom","unit_restriction":null,"accessibility":null,"access_control":null,"door":{"type":"open","material":"metal","automatic":false},"name":null,"alt_name":null,"display_point":{"type":"Point","coordinates":[30.37472254368717,60.008691371463549]},"level_id":"40feaf3e-79af-4065-94b7-52c686b48356"}},{"id":"f916fa5f-f700-4aaa-af3d-26e028638907","type":"Feature","feature_type":"opening","geometry":{"type":"LineString","coordinates":[[30.374470457935022,60.008318266081183],[30.374465246603819,60.008310602855722]]},"properties":{"category":"automobile","unit_categoty":"classroom","unit_restriction":null,"accessibility":null,"access_control":null,"door":{"type":"open","material":"metal","automatic":false},"name":null,"alt_name":null,"display_point":{"type":"Point","coordinates":[30.374470457935022,60.008318266081183]},"level_id":"40feaf3e-79af-4065-94b7-52c686b48356"}},{"id":"43dd7fda-0d13-484e-a54f-14fb5519ff24","type":"Feature","feature_type":"opening","geometry":{"type":"LineString","coordinates":[[30.374493696616689,60.008352406708454],[30.374488485280107,60.008344743482994]]},"properties":{"category":"automobile","unit_categoty":"restroom","unit_restriction":null,"accessibility":null,"access_control":null,"door":{"type":"open","material":"metal","automatic":false},"name":null,"alt_name":null,"display_point":{"type":"Point","coordinates":[30.374493696616689,60.008352406708454]},"level_id":"40feaf3e-79af-4065-94b7-52c686b48356"}},{"id":"3f6c8533-2aae-4340-b84d-25377dca489a","type":"Feature","feature_type":"opening","geometry":{"type":"LineString","coordinates":[[30.37464335102554,60.00845792494831],[30.374649110837808,60.008466445010313]]},"properties":{"category":"automobile","unit_categoty":"laboratory","unit_restriction":null,"accessibility":null,"access_control":null,"door":{"type":"open","material":"metal","automatic":false},"name":null,"alt_name":null,"display_point":{"type":"Point","coordinates":[30.37464335102554,60.00845792494831]},"level_id":"40feaf3e-79af-4065-94b7-52c686b48356"}},{"id":"da21b372-513a-41f4-a579-c0d224131a87","type":"Feature","feature_type":"opening","geometry":{"type":"LineString","coordinates":[[30.37541067874373,60.008728673768246],[30.375427750829669,60.008725793128811]]},"properties":{"category":"automobile","unit_categoty":"laboratory","unit_restriction":null,"accessibility":null,"access_control":null,"door":{"type":"open","material":"metal","automatic":false},"name":null,"alt_name":null,"display_point":{"type":"Point","coordinates":[30.37541067874373,60.008728673768246]},"level_id":"40feaf3e-79af-4065-94b7-52c686b48356"}},{"id":"5ae05af7-5c3d-4754-9feb-de4c4f3fe5ad","type":"Feature","feature_type":"opening","geometry":{"type":"LineString","coordinates":[[30.375493119011022,60.008714852956423],[30.375510164188654,60.008711977257107]]},"properties":{"category":"automobile","unit_categoty":"laboratory","unit_restriction":null,"accessibility":null,"access_control":null,"door":{"type":"open","material":"metal","automatic":false},"name":null,"alt_name":null,"display_point":{"type":"Point","coordinates":[30.375493119011022,60.008714852956423]},"level_id":"40feaf3e-79af-4065-94b7-52c686b48356"}},{"id":"0867bf65-0127-4943-979c-4e0490bbc3f3","type":"Feature","feature_type":"opening","geometry":{"type":"LineString","coordinates":[[30.375313158343644,60.008785065249363],[30.375296113138614,60.008787940948679]]},"properties":{"category":"automobile","unit_categoty":"classroom","unit_restriction":null,"accessibility":null,"access_control":null,"door":{"type":"open","material":"metal","automatic":false},"name":null,"alt_name":null,"display_point":{"type":"Point","coordinates":[30.375313158343644,60.008785065249363]},"level_id":"40feaf3e-79af-4065-94b7-52c686b48356"}},{"id":"f3b4578c-8ff2-4246-a6a8-d19ae5a66d8d","type":"Feature","feature_type":"opening","geometry":{"type":"LineString","coordinates":[[30.374767968408349,60.008641943906326],[30.374762215428031,60.00863342274652]]},"properties":{"category":"automobile","unit_categoty":"classroom","unit_restriction":null,"accessibility":null,"access_control":null,"door":{"type":"open","material":"metal","automatic":false},"name":null,"alt_name":null,"display_point":{"type":"Point","coordinates":[30.374767968408349,60.008641943906326]},"level_id":"40feaf3e-79af-4065-94b7-52c686b48356"}},{"id":"4014baec-938e-4b25-a44b-16e4d6c43733","type":"Feature","feature_type":"opening","geometry":{"type":"LineString","coordinates":[[30.374514855137,60.008268442765377],[30.374509102221779,60.008259921605571]]},"properties":{"category":"automobile","unit_categoty":"classroom","unit_restriction":null,"accessibility":null,"access_control":null,"door":{"type":"open","material":"metal","automatic":false},"name":null,"alt_name":null,"display_point":{"type":"Point","coordinates":[30.374514855137,60.008268442765377]},"level_id":"40feaf3e-79af-4065-94b7-52c686b48356"}},{"id":"b1ef8362-b431-4c89-9ebf-999d606336dd","type":"Feature","feature_type":"opening","geometry":{"type":"LineString","coordinates":[[30.372616274626122,60.008438716111186],[30.372633319583187,60.008435839862969]]},"properties":{"category":"automobile","unit_categoty":"administration","unit_restriction":null,"accessibility":null,"access_control":null,"door":{"type":"open","material":"metal","automatic":false},"name":null,"alt_name":null,"display_point":{"type":"Point","coordinates":[30.372616274626122,60.008438716111186]},"level_id":"40feaf3e-79af-4065-94b7-52c686b48356"}},{"id":"c81105bf-f6f9-4d4c-9c1a-ceb5e1ab4b6d","type":"Feature","feature_type":"opening","geometry":{"type":"LineString","coordinates":[[30.373063540783441,60.008363536252141],[30.373080585701665,60.008360660552825]]},"properties":{"category":"automobile","unit_categoty":"administration","unit_restriction":null,"accessibility":null,"access_control":null,"door":{"type":"open","material":"metal","automatic":false},"name":null,"alt_name":null,"display_point":{"type":"Point","coordinates":[30.373063540783441,60.008363536252141]},"level_id":"40feaf3e-79af-4065-94b7-52c686b48356"}},{"id":"1ad8f115-b1f3-4b4a-ac0d-be4c26ebb16b","type":"Feature","feature_type":"opening","geometry":{"type":"LineString","coordinates":[[30.37270888652656,60.008423184919693],[30.372725932024576,60.008420309220377]]},"properties":{"category":"automobile","unit_categoty":"administration","unit_restriction":null,"accessibility":null,"access_control":null,"door":{"type":"open","material":"metal","automatic":false},"name":null,"alt_name":null,"display_point":{"type":"Point","coordinates":[30.37270888652656,60.008423184919693]},"level_id":"40feaf3e-79af-4065-94b7-52c686b48356"}},{"id":"80731e10-750f-4c47-972e-4db645c0a0bf","type":"Feature","feature_type":"opening","geometry":{"type":"LineString","coordinates":[[30.375537820635387,60.008723240184061],[30.375543573723437,60.008731761343867]]},"properties":{"category":"automobile","unit_categoty":"classroom","unit_restriction":"restricted","accessibility":null,"access_control":null,"door":{"type":"open","material":"metal","automatic":false},"name":null,"alt_name":null,"display_point":{"type":"Point","coordinates":[30.375537820635387,60.008723240184061]},"level_id":"40feaf3e-79af-4065-94b7-52c686b48356"}},{"id":"095f52af-7478-4bf4-8efc-699f4facc64f","type":"Feature","feature_type":"opening","geometry":{"type":"LineString","coordinates":[[30.374717862525831,60.008859782932646],[30.374723615520121,60.008868303543551]]},"properties":{"category":"automobile","unit_categoty":"classroom","unit_restriction":null,"accessibility":null,"access_control":null,"door":{"type":"open","material":"metal","automatic":false},"name":null,"alt_name":null,"display_point":{"type":"Point","coordinates":[30.374717862525831,60.008859782932646]},"level_id":"40feaf3e-79af-4065-94b7-52c686b48356"}},{"id":"c3bf4d09-765d-49e8-b702-05c54a5f7324","type":"Feature","feature_type":"opening","geometry":{"type":"LineString","coordinates":[[30.374697633887248,60.008654475346574],[30.374692422503237,60.008646812121107]]},"properties":{"category":"automobile","unit_categoty":"classroom","unit_restriction":null,"accessibility":null,"access_control":null,"door":{"type":"open","material":"metal","automatic":false},"name":null,"alt_name":null,"display_point":{"type":"Point","coordinates":[30.374697633887248,60.008654475346574]},"level_id":"40feaf3e-79af-4065-94b7-52c686b48356"}},{"id":"ea29e10c-4130-4ae1-a7f3-b90267bc8832","type":"Feature","feature_type":"opening","geometry":{"type":"LineString","coordinates":[[30.373050068379392,60.008882151251591],[30.373045008694525,60.008874462776618]]},"properties":{"category":"automobile","unit_categoty":"administration","unit_restriction":null,"accessibility":null,"access_control":null,"door":{"type":"open","material":"metal","automatic":false},"name":null,"alt_name":null,"display_point":{"type":"Point","coordinates":[30.373050068379392,60.008882151251591]},"level_id":"40feaf3e-79af-4065-94b7-52c686b48356"}},{"id":"7d5c59f0-b51b-4b68-a850-9db32e4a0410","type":"Feature","feature_type":"opening","geometry":{"type":"LineString","coordinates":[[30.373401044690283,60.00910616323354],[30.373418089785208,60.009103287534224]]},"properties":{"category":"automobile","unit_categoty":"administration","unit_restriction":null,"accessibility":null,"access_control":null,"door":{"type":"open","material":"metal","automatic":false},"name":null,"alt_name":null,"display_point":{"type":"Point","coordinates":[30.373401044690283,60.00910616323354]},"level_id":"40feaf3e-79af-4065-94b7-52c686b48356"}},{"id":"61d70657-8384-42ee-9bf9-1a7caf9f7191","type":"Feature","feature_type":"opening","geometry":{"type":"LineString","coordinates":[[30.373447181785689,60.009098568620871],[30.373464227425671,60.009095692372647]]},"properties":{"category":"automobile","unit_categoty":"administration","unit_restriction":null,"accessibility":null,"access_control":null,"door":{"type":"open","material":"metal","automatic":false},"name":null,"alt_name":null,"display_point":{"type":"Point","coordinates":[30.373447181785689,60.009098568620871]},"level_id":"40feaf3e-79af-4065-94b7-52c686b48356"}},{"id":"b020cca6-802d-476e-9170-0f24027c8d50","type":"Feature","feature_type":"opening","geometry":{"type":"LineString","coordinates":[[30.373597408513181,60.00907331691797],[30.373614453591106,60.009070441218654]]},"properties":{"category":"automobile","unit_categoty":"administration","unit_restriction":null,"accessibility":null,"access_control":null,"door":{"type":"open","material":"metal","automatic":false},"name":null,"alt_name":null,"display_point":{"type":"Point","coordinates":[30.373597408513181,60.00907331691797]},"level_id":"40feaf3e-79af-4065-94b7-52c686b48356"}},{"id":"66c6f8dd-c6e2-447b-90bb-2eb92d7f9070","type":"Feature","feature_type":"opening","geometry":{"type":"LineString","coordinates":[[30.373809216855275,60.009021444549759],[30.37380346423997,60.009012923389953]]},"properties":{"category":"automobile","unit_categoty":"administration","unit_restriction":null,"accessibility":null,"access_control":null,"door":{"type":"open","material":"metal","automatic":false},"name":null,"alt_name":null,"display_point":{"type":"Point","coordinates":[30.373809216855275,60.009021444549759]},"level_id":"40feaf3e-79af-4065-94b7-52c686b48356"}},{"id":"e892517a-5ce2-4cec-a478-00687dd734ac","type":"Feature","feature_type":"opening","geometry":{"type":"LineString","coordinates":[[30.373036169536128,60.008861564669616],[30.37303111040346,60.00885387619465]]},"properties":{"category":"automobile","unit_categoty":"administration","unit_restriction":null,"accessibility":null,"access_control":null,"door":{"type":"open","material":"metal","automatic":false},"name":null,"alt_name":null,"display_point":{"type":"Point","coordinates":[30.373036169536128,60.008861564669616]},"level_id":"40feaf3e-79af-4065-94b7-52c686b48356"}},{"id":"bc6c30e0-73f3-4f3a-863b-4541cff3ecfc","type":"Feature","feature_type":"opening","geometry":{"type":"LineString","coordinates":[[30.372828950543319,60.0085554950824],[30.372823890360124,60.008547807156326]]},"properties":{"category":"automobile","unit_categoty":"administration","unit_restriction":null,"accessibility":null,"access_control":null,"door":{"type":"open","material":"metal","automatic":false},"name":null,"alt_name":null,"display_point":{"type":"Point","coordinates":[30.372828950543319,60.0085554950824]},"level_id":"40feaf3e-79af-4065-94b7-52c686b48356"}},{"id":"487166b5-a850-4880-bb59-6fae83a43e6a","type":"Feature","feature_type":"opening","geometry":{"type":"LineString","coordinates":[[30.373211311214014,60.0091219447245],[30.373205558666996,60.009113423564692]]},"properties":{"category":"automobile","unit_categoty":"administration","unit_restriction":null,"accessibility":null,"access_control":null,"door":{"type":"open","material":"metal","automatic":false},"name":null,"alt_name":null,"display_point":{"type":"Point","coordinates":[30.373211311214014,60.0091219447245]},"level_id":"40feaf3e-79af-4065-94b7-52c686b48356"}},{"id":"8ca8a77f-a377-4596-a69c-140a46e88cfe","type":"Feature","feature_type":"opening","geometry":{"type":"LineString","coordinates":[[30.37436150006301,60.008156879464138],[30.374355747451748,60.008148358304332]]},"properties":{"category":"automobile","unit_categoty":"classroom","unit_restriction":null,"accessibility":null,"access_control":null,"door":{"type":"open","material":"metal","automatic":false},"name":null,"alt_name":null,"display_point":{"type":"Point","coordinates":[30.37436150006301,60.008156879464138]},"level_id":"40feaf3e-79af-4065-94b7-52c686b48356"}},{"id":"fb5e0ebb-c7d1-46e4-ac01-373a22257aa3","type":"Feature","feature_type":"opening","geometry":{"type":"LineString","coordinates":[[30.374788549063883,60.008065652170956],[30.374805594104846,60.008062775922731]]},"properties":{"category":"automobile","unit_categoty":"classroom","unit_restriction":null,"accessibility":null,"access_control":null,"door":{"type":"open","material":"metal","automatic":false},"name":null,"alt_name":null,"display_point":{"type":"Point","coordinates":[30.374788549063883,60.008065652170956]},"level_id":"40feaf3e-79af-4065-94b7-52c686b48356"}},{"id":"559bcb62-fc3e-4d76-b5b3-b27cce36dd69","type":"Feature","feature_type":"opening","geometry":{"type":"LineString","coordinates":[[30.375006234671556,60.008028426712578],[30.375023279693462,60.008025551013262]]},"properties":{"category":"automobile","unit_categoty":"classroom","unit_restriction":null,"accessibility":null,"access_control":null,"door":{"type":"open","material":"metal","automatic":false},"name":null,"alt_name":null,"display_point":{"type":"Point","coordinates":[30.375006234671556,60.008028426712578]},"level_id":"40feaf3e-79af-4065-94b7-52c686b48356"}},{"id":"70f09580-4590-47d9-b95e-5e38379e1b02","type":"Feature","feature_type":"opening","geometry":{"type":"LineString","coordinates":[[30.37505118581813,60.008020755253582],[30.375068230836106,60.008017879005358]]},"properties":{"category":"automobile","unit_categoty":"classroom","unit_restriction":null,"accessibility":null,"access_control":null,"door":{"type":"open","material":"metal","automatic":false},"name":null,"alt_name":null,"display_point":{"type":"Point","coordinates":[30.37505118581813,60.008020755253582]},"level_id":"40feaf3e-79af-4065-94b7-52c686b48356"}},{"id":"5d9cae93-cbb1-417c-8d35-ecc57beef1f4","type":"Feature","feature_type":"opening","geometry":{"type":"LineString","coordinates":[[30.374917429766647,60.008083059510618],[30.374900353432434,60.008085889102141]]},"properties":{"category":"automobile","unit_categoty":"classroom","unit_restriction":"restricted","accessibility":null,"access_control":null,"door":{"type":"open","material":"metal","automatic":false},"name":null,"alt_name":null,"display_point":{"type":"Point","coordinates":[30.374917429766647,60.008083059510618]},"level_id":"40feaf3e-79af-4065-94b7-52c686b48356"}},{"id":"29336d28-ef5d-4e61-9305-c2b64e4f0f1d","type":"Feature","feature_type":"opening","geometry":{"type":"LineString","coordinates":[[30.375065094744645,60.008058078965476],[30.375048064264664,60.008060976620889]]},"properties":{"category":"automobile","unit_categoty":"classroom","unit_restriction":null,"accessibility":null,"access_control":null,"door":{"type":"open","material":"metal","automatic":false},"name":null,"alt_name":null,"display_point":{"type":"Point","coordinates":[30.375065094744645,60.008058078965476]},"level_id":"40feaf3e-79af-4065-94b7-52c686b48356"}},{"id":"5e7e9116-f603-4922-a8e2-45cf0b1ab575","type":"Feature","feature_type":"opening","geometry":{"type":"LineString","coordinates":[[30.374665724623924,60.008490788828752],[30.374671484441937,60.008499308341854]]},"properties":{"category":"automobile","unit_categoty":"classroom","unit_restriction":null,"accessibility":null,"access_control":null,"door":{"type":"open","material":"metal","automatic":false},"name":null,"alt_name":null,"display_point":{"type":"Point","coordinates":[30.374665724623924,60.008490788828752]},"level_id":"40feaf3e-79af-4065-94b7-52c686b48356"}},{"id":"e3c9c44f-bbc9-4063-b71c-e1d5cab4128e","type":"Feature","feature_type":"opening","geometry":{"type":"LineString","coordinates":[[30.375500872906745,60.008753418834296],[30.375517918093976,60.008750543134973]]},"properties":{"category":"automobile","unit_categoty":"laboratory","unit_restriction":null,"accessibility":null,"access_control":null,"door":{"type":"open","material":"metal","automatic":false},"name":null,"alt_name":null,"display_point":{"type":"Point","coordinates":[30.375500872906745,60.008753418834296]},"level_id":"40feaf3e-79af-4065-94b7-52c686b48356"}},{"id":"bd5abacb-85cb-4b59-b0ac-ac1b2047128e","type":"Feature","feature_type":"opening","geometry":{"type":"LineString","coordinates":[[30.375219651122332,60.008800848935927],[30.37520260590917,60.00880372463525]]},"properties":{"category":"automobile","unit_categoty":"classroom","unit_restriction":null,"accessibility":null,"access_control":null,"door":{"type":"open","material":"metal","automatic":false},"name":null,"alt_name":null,"display_point":{"type":"Point","coordinates":[30.375219651122332,60.008800848935927]},"level_id":"40feaf3e-79af-4065-94b7-52c686b48356"}},{"id":"4f98d1a0-d9c0-4b94-92d5-9b5009b03919","type":"Feature","feature_type":"opening","geometry":{"type":"LineString","coordinates":[[30.375058480948333,60.008828042106373],[30.375041435721158,60.008830917805696]]},"properties":{"category":"automobile","unit_categoty":"classroom","unit_restriction":null,"accessibility":null,"access_control":null,"door":{"type":"open","material":"metal","automatic":false},"name":null,"alt_name":null,"display_point":{"type":"Point","coordinates":[30.375058480948333,60.008828042106373]},"level_id":"40feaf3e-79af-4065-94b7-52c686b48356"}},{"id":"01b54abb-6a48-4dae-a950-4540a8033a58","type":"Feature","feature_type":"opening","geometry":{"type":"LineString","coordinates":[[30.37515204699,60.008812235365909],[30.375135001770964,60.008815111614133]]},"properties":{"category":"automobile","unit_categoty":"classroom","unit_restriction":null,"accessibility":null,"access_control":null,"door":{"type":"open","material":"metal","automatic":false},"name":null,"alt_name":null,"display_point":{"type":"Point","coordinates":[30.37515204699,60.008812235365909]},"level_id":"40feaf3e-79af-4065-94b7-52c686b48356"}},{"id":"7b09184a-cfcc-454f-95b2-72b047d16688","type":"Feature","feature_type":"opening","geometry":{"type":"LineString","coordinates":[[30.374975882884716,60.00884199630147],[30.37495883765035,60.008844872549687]]},"properties":{"category":"automobile","unit_categoty":"laboratory","unit_restriction":null,"accessibility":null,"access_control":null,"door":{"type":"open","material":"metal","automatic":false},"name":null,"alt_name":null,"display_point":{"type":"Point","coordinates":[30.374975882884716,60.00884199630147]},"level_id":"40feaf3e-79af-4065-94b7-52c686b48356"}},{"id":"4b216a0e-f5b0-421a-bbb5-423b3768c5b4","type":"Feature","feature_type":"opening","geometry":{"type":"LineString","coordinates":[[30.374866126317713,60.008860496505676],[30.374849081073808,60.008863372205]]},"properties":{"category":"automobile","unit_categoty":"classroom","unit_restriction":null,"accessibility":null,"access_control":null,"door":{"type":"open","material":"metal","automatic":false},"name":null,"alt_name":null,"display_point":{"type":"Point","coordinates":[30.374866126317713,60.008860496505676]},"level_id":"40feaf3e-79af-4065-94b7-52c686b48356"}},{"id":"96147041-348d-47ba-ba33-c5ff6bebfc79","type":"Feature","feature_type":"opening","geometry":{"type":"LineString","coordinates":[[30.374795797010986,60.008682713078159],[30.374801549725415,60.008691233689063]]},"properties":{"category":"automobile","unit_categoty":"classroom","unit_restriction":null,"accessibility":null,"access_control":null,"door":{"type":"open","material":"metal","automatic":false},"name":null,"alt_name":null,"display_point":{"type":"Point","coordinates":[30.374795797010986,60.008682713078159]},"level_id":"40feaf3e-79af-4065-94b7-52c686b48356"}},{"id":"0f044edc-9fe8-4336-8639-58f39a3ad0f6","type":"Feature","feature_type":"opening","geometry":{"type":"LineString","coordinates":[[30.37276182924127,60.008414252083142],[30.372778874185681,60.008411376383819]]},"properties":{"category":"automobile","unit_categoty":"administration","unit_restriction":null,"accessibility":null,"access_control":null,"door":{"type":"open","material":"metal","automatic":false},"name":null,"alt_name":null,"display_point":{"type":"Point","coordinates":[30.37276182924127,60.008414252083142]},"level_id":"40feaf3e-79af-4065-94b7-52c686b48356"}},{"id":"744f70c7-9c30-42da-b4ba-a982a8fecc1d","type":"Feature","feature_type":"opening","geometry":{"type":"LineString","coordinates":[[30.374735658628026,60.008593862257619],[30.374729905930558,60.008585341097813]]},"properties":{"category":"automobile","unit_categoty":"classroom","unit_restriction":null,"accessibility":null,"access_control":null,"door":{"type":"open","material":"metal","automatic":false},"name":null,"alt_name":null,"display_point":{"type":"Point","coordinates":[30.374735658628026,60.008593862257619]},"level_id":"40feaf3e-79af-4065-94b7-52c686b48356"}},{"id":"7bbd6311-6fd6-4e62-bf97-9bdddac843e9","type":"Feature","feature_type":"opening","geometry":{"type":"LineString","coordinates":[[30.372945845059547,60.008607965754152],[30.372940634431181,60.008600301979783]]},"properties":{"category":"automobile","unit_categoty":"classroom","unit_restriction":null,"accessibility":null,"access_control":null,"door":{"type":"open","material":"metal","automatic":false},"name":null,"alt_name":null,"display_point":{"type":"Point","coordinates":[30.372945845059547,60.008607965754152]},"level_id":"0dcdc286-eabe-4b28-b9d7-d80f3c07c803"}},{"id":"12e71bcd-cfaf-41e7-ac5e-afe013d711d7","type":"Feature","feature_type":"opening","geometry":{"type":"LineString","coordinates":[[30.373025484107693,60.008725929805486],[30.373032092457908,60.008735729907734]]},"properties":{"category":"automobile","unit_categoty":"classroom","unit_restriction":"restricted","accessibility":null,"access_control":null,"door":{"type":"open","material":"metal","automatic":false},"name":null,"alt_name":null,"display_point":{"type":"Point","coordinates":[30.373025484107693,60.008725929805486]},"level_id":"0dcdc286-eabe-4b28-b9d7-d80f3c07c803"}},{"id":"558881aa-0c1d-4ba1-a7a4-a89dec823923","type":"Feature","feature_type":"opening","geometry":{"type":"LineString","coordinates":[[30.372899766615468,60.008539712493636],[30.372894589212638,60.008532043230247]]},"properties":{"category":"automobile","unit_categoty":"restroom","unit_restriction":null,"accessibility":null,"access_control":null,"door":{"type":"open","material":"metal","automatic":false},"name":null,"alt_name":null,"display_point":{"type":"Point","coordinates":[30.372899766615468,60.008539712493636]},"level_id":"0dcdc286-eabe-4b28-b9d7-d80f3c07c803"}},{"id":"f78a53c8-be6c-43a8-8975-4997e481f302","type":"Feature","feature_type":"opening","geometry":{"type":"LineString","coordinates":[[30.372522619829226,60.008454897203045],[30.372539664794534,60.00845202095482]]},"properties":{"category":"automobile","unit_categoty":"classroom","unit_restriction":null,"accessibility":null,"access_control":null,"door":{"type":"open","material":"metal","automatic":false},"name":null,"alt_name":null,"display_point":{"type":"Point","coordinates":[30.372522619829226,60.008454897203045]},"level_id":"0dcdc286-eabe-4b28-b9d7-d80f3c07c803"}},{"id":"ae97bdee-54cf-401b-80db-697426a9846a","type":"Feature","feature_type":"opening","geometry":{"type":"LineString","coordinates":[[30.374606211616868,60.00840404030415],[30.374600458678081,60.008395519693245]]},"properties":{"category":"automobile","unit_categoty":"classroom","unit_restriction":null,"accessibility":null,"access_control":null,"door":{"type":"open","material":"metal","automatic":false},"name":null,"alt_name":null,"display_point":{"type":"Point","coordinates":[30.374606211616868,60.00840404030415]},"level_id":"0dcdc286-eabe-4b28-b9d7-d80f3c07c803"}},{"id":"acaace4a-d4dd-4e46-8bb7-c827a356acff","type":"Feature","feature_type":"opening","geometry":{"type":"LineString","coordinates":[[30.374577155698542,60.008360440442985],[30.374571403041791,60.00835191983208]]},"properties":{"category":"automobile","unit_categoty":"classroom","unit_restriction":null,"accessibility":null,"access_control":null,"door":{"type":"open","material":"metal","automatic":false},"name":null,"alt_name":null,"display_point":{"type":"Point","coordinates":[30.374577155698542,60.008360440442985]},"level_id":"0dcdc286-eabe-4b28-b9d7-d80f3c07c803"}},{"id":"1f16a0ec-0f37-4e98-b7f0-cf5f1a4e58dc","type":"Feature","feature_type":"opening","geometry":{"type":"LineString","coordinates":[[30.374467857116475,60.008199110911782],[30.37446210421334,60.008190589751976]]},"properties":{"category":"automobile","unit_categoty":"classroom","unit_restriction":null,"accessibility":null,"access_control":null,"door":{"type":"open","material":"metal","automatic":false},"name":null,"alt_name":null,"display_point":{"type":"Point","coordinates":[30.374467857116475,60.008199110911782]},"level_id":"0dcdc286-eabe-4b28-b9d7-d80f3c07c803"}},{"id":"64bd4930-2e92-4f14-ac91-dbca6adff3ea","type":"Feature","feature_type":"opening","geometry":{"type":"LineString","coordinates":[[30.374453705164079,60.008178149429519],[30.374447952539086,60.008169628269705]]},"properties":{"category":"automobile","unit_categoty":"classroom","unit_restriction":null,"accessibility":null,"access_control":null,"door":{"type":"open","material":"metal","automatic":false},"name":null,"alt_name":null,"display_point":{"type":"Point","coordinates":[30.374453705164079,60.008178149429519]},"level_id":"0dcdc286-eabe-4b28-b9d7-d80f3c07c803"}},{"id":"71b1b503-adaa-450b-9413-3d99393b9c3b","type":"Feature","feature_type":"opening","geometry":{"type":"LineString","coordinates":[[30.374888339415541,60.008087920315219],[30.374905384457904,60.0080850446159]]},"properties":{"category":"automobile","unit_categoty":"classroom","unit_restriction":null,"accessibility":null,"access_control":null,"door":{"type":"open","material":"metal","automatic":false},"name":null,"alt_name":null,"display_point":{"type":"Point","coordinates":[30.374888339415541,60.008087920315219]},"level_id":"0dcdc286-eabe-4b28-b9d7-d80f3c07c803"}},{"id":"0d639ba9-a194-431a-938f-06db30e0761f","type":"Feature","feature_type":"opening","geometry":{"type":"LineString","coordinates":[[30.374936747112383,60.00807975264852],[30.374953791876038,60.0080768769492]]},"properties":{"category":"automobile","unit_categoty":"classroom","unit_restriction":null,"accessibility":null,"access_control":null,"door":{"type":"open","material":"metal","automatic":false},"name":null,"alt_name":null,"display_point":{"type":"Point","coordinates":[30.374936747112383,60.00807975264852]},"level_id":"0dcdc286-eabe-4b28-b9d7-d80f3c07c803"}},{"id":"f382db6e-6916-4c83-9277-8f8594c0bc1d","type":"Feature","feature_type":"opening","geometry":{"type":"LineString","coordinates":[[30.374992654392788,60.008070319761934],[30.375018221804922,60.00806600593851]]},"properties":{"category":"automobile","unit_categoty":"laboratory","unit_restriction":null,"accessibility":null,"access_control":null,"door":{"type":"open","material":"metal","automatic":false},"name":null,"alt_name":null,"display_point":{"type":"Point","coordinates":[30.374992654392788,60.008070319761934]},"level_id":"0dcdc286-eabe-4b28-b9d7-d80f3c07c803"}},{"id":"029c8e8a-04b4-480a-8104-42b5a4491bdc","type":"Feature","feature_type":"opening","geometry":{"type":"LineString","coordinates":[[30.374824121991569,60.008058890792022],[30.374841167029246,60.008056015092706]]},"properties":{"category":"automobile","unit_categoty":"classroom","unit_restriction":null,"accessibility":null,"access_control":null,"door":{"type":"open","material":"metal","automatic":false},"name":null,"alt_name":null,"display_point":{"type":"Point","coordinates":[30.374824121991569,60.008058890792022]},"level_id":"0dcdc286-eabe-4b28-b9d7-d80f3c07c803"}},{"id":"322b2e75-4b4c-4331-b086-2acc19a48601","type":"Feature","feature_type":"opening","geometry":{"type":"LineString","coordinates":[[30.374576288156664,60.008100706720604],[30.374593333215888,60.008097831021281]]},"properties":{"category":"automobile","unit_categoty":"classroom","unit_restriction":null,"accessibility":null,"access_control":null,"door":{"type":"open","material":"metal","automatic":false},"name":null,"alt_name":null,"display_point":{"type":"Point","coordinates":[30.374576288156664,60.008100706720604]},"level_id":"0dcdc286-eabe-4b28-b9d7-d80f3c07c803"}},{"id":"8e001a54-e309-422c-b030-c597003a67fa","type":"Feature","feature_type":"opening","geometry":{"type":"LineString","coordinates":[[30.374526176030802,60.008109162012133],[30.374543221094388,60.008106285763908]]},"properties":{"category":"automobile","unit_categoty":"classroom","unit_restriction":null,"accessibility":null,"access_control":null,"door":{"type":"open","material":"metal","automatic":false},"name":null,"alt_name":null,"display_point":{"type":"Point","coordinates":[30.374526176030802,60.008109162012133]},"level_id":"0dcdc286-eabe-4b28-b9d7-d80f3c07c803"}},{"id":"9476b595-513b-4738-9d62-d3df2de764dc","type":"Feature","feature_type":"opening","geometry":{"type":"LineString","coordinates":[[30.374428167229553,60.008125698243795],[30.374445212301659,60.008122822544479]]},"properties":{"category":"automobile","unit_categoty":"classroom","unit_restriction":null,"accessibility":null,"access_control":null,"door":{"type":"open","material":"metal","automatic":false},"name":null,"alt_name":null,"display_point":{"type":"Point","coordinates":[30.374428167229553,60.008125698243795]},"level_id":"0dcdc286-eabe-4b28-b9d7-d80f3c07c803"}},{"id":"23521874-e86f-497d-911c-847196dbbd9f","type":"Feature","feature_type":"opening","geometry":{"type":"LineString","coordinates":[[30.374316352123678,60.008144563742505],[30.374333397205508,60.008141688043189]]},"properties":{"category":"automobile","unit_categoty":"classroom","unit_restriction":null,"accessibility":null,"access_control":null,"door":{"type":"open","material":"metal","automatic":false},"name":null,"alt_name":null,"display_point":{"type":"Point","coordinates":[30.374316352123678,60.008144563742505]},"level_id":"0dcdc286-eabe-4b28-b9d7-d80f3c07c803"}},{"id":"2adcd96c-4391-41f0-ac51-219c90e1a83e","type":"Feature","feature_type":"opening","geometry":{"type":"LineString","coordinates":[[30.374268001672323,60.008152817037974],[30.374285109892323,60.008150036298758]]},"properties":{"category":"automobile","unit_categoty":"classroom","unit_restriction":null,"accessibility":null,"access_control":null,"door":{"type":"open","material":"metal","automatic":false},"name":null,"alt_name":null,"display_point":{"type":"Point","coordinates":[30.374268001672323,60.008152817037974]},"level_id":"0dcdc286-eabe-4b28-b9d7-d80f3c07c803"}},{"id":"20c49229-afb3-45ad-b734-3ef6a1a183fa","type":"Feature","feature_type":"opening","geometry":{"type":"LineString","coordinates":[[30.37403510956922,60.008192016898043],[30.37405215440101,60.008189140649819]]},"properties":{"category":"automobile","unit_categoty":"classroom","unit_restriction":null,"accessibility":null,"access_control":null,"door":{"type":"open","material":"metal","automatic":false},"name":null,"alt_name":null,"display_point":{"type":"Point","coordinates":[30.37403510956922,60.008192016898043]},"level_id":"0dcdc286-eabe-4b28-b9d7-d80f3c07c803"}},{"id":"173cdbc7-a728-43b8-b28e-e61fcdec4b70","type":"Feature","feature_type":"opening","geometry":{"type":"LineString","coordinates":[[30.37397289485008,60.008202513008442],[30.373989939961774,60.008199637309119]]},"properties":{"category":"automobile","unit_categoty":"classroom","unit_restriction":null,"accessibility":null,"access_control":null,"door":{"type":"open","material":"metal","automatic":false},"name":null,"alt_name":null,"display_point":{"type":"Point","coordinates":[30.37397289485008,60.008202513008442]},"level_id":"0dcdc286-eabe-4b28-b9d7-d80f3c07c803"}},{"id":"95bcce40-bff2-47a0-85aa-c95eb6d44941","type":"Feature","feature_type":"opening","geometry":{"type":"LineString","coordinates":[[30.37473537369597,60.008593721189719],[30.374729620724047,60.008585200029913]]},"properties":{"category":"automobile","unit_categoty":"auditorium","unit_restriction":null,"accessibility":null,"access_control":null,"door":{"type":"open","material":"metal","automatic":false},"name":null,"alt_name":null,"display_point":{"type":"Point","coordinates":[30.37473537369597,60.008593721189719]},"level_id":"0dcdc286-eabe-4b28-b9d7-d80f3c07c803"}},{"id":"44dae646-cac7-43a7-8d12-5b272ebe56d3","type":"Feature","feature_type":"opening","geometry":{"type":"LineString","coordinates":[[30.374766448500846,60.008639158226991],[30.374760695795469,60.008630637616086]]},"properties":{"category":"automobile","unit_categoty":"classroom","unit_restriction":null,"accessibility":null,"access_control":null,"door":{"type":"open","material":"metal","automatic":false},"name":null,"alt_name":null,"display_point":{"type":"Point","coordinates":[30.374766448500846,60.008639158226991]},"level_id":"0dcdc286-eabe-4b28-b9d7-d80f3c07c803"}},{"id":"7f823969-1dd4-4e63-8f45-4f25b9eb1814","type":"Feature","feature_type":"opening","geometry":{"type":"LineString","coordinates":[[30.374450664752182,60.008890779996257],[30.374467709745975,60.008887903748032]]},"properties":{"category":"automobile","unit_categoty":"auditorium","unit_restriction":null,"accessibility":null,"access_control":null,"door":{"type":"open","material":"metal","automatic":false},"name":null,"alt_name":null,"display_point":{"type":"Point","coordinates":[30.374450664752182,60.008890779996257]},"level_id":"0dcdc286-eabe-4b28-b9d7-d80f3c07c803"}},{"id":"af45912e-35ec-4d5a-9acd-384882240fe2","type":"Feature","feature_type":"opening","geometry":{"type":"LineString","coordinates":[[30.374406200188183,60.008898320267591],[30.374423245185852,60.008895444019373]]},"properties":{"category":"automobile","unit_categoty":"classroom","unit_restriction":null,"accessibility":null,"access_control":null,"door":{"type":"open","material":"metal","automatic":false},"name":null,"alt_name":null,"display_point":{"type":"Point","coordinates":[30.374406200188183,60.008898320267591]},"level_id":"0dcdc286-eabe-4b28-b9d7-d80f3c07c803"}},{"id":"79209fb4-aea7-4bcf-836d-74eee85fb3d1","type":"Feature","feature_type":"opening","geometry":{"type":"LineString","coordinates":[[30.3743543251265,60.008906977555178],[30.37437137040315,60.008904101855862]]},"properties":{"category":"automobile","unit_categoty":"classroom","unit_restriction":null,"accessibility":null,"access_control":null,"door":{"type":"open","material":"metal","automatic":false},"name":null,"alt_name":null,"display_point":{"type":"Point","coordinates":[30.3743543251265,60.008906977555178]},"level_id":"0dcdc286-eabe-4b28-b9d7-d80f3c07c803"}},{"id":"454f403e-aec0-4d94-9d4a-8cee66e8cf30","type":"Feature","feature_type":"opening","geometry":{"type":"LineString","coordinates":[[30.374363316665548,60.008945324969922],[30.374346271377917,60.008948201218146]]},"properties":{"category":"automobile","unit_categoty":"laboratory","unit_restriction":null,"accessibility":null,"access_control":null,"door":{"type":"open","material":"metal","automatic":false},"name":null,"alt_name":null,"display_point":{"type":"Point","coordinates":[30.374363316665548,60.008945324969922]},"level_id":"0dcdc286-eabe-4b28-b9d7-d80f3c07c803"}},{"id":"a2904dea-894a-4722-ad59-9793bbb6608d","type":"Feature","feature_type":"opening","geometry":{"type":"LineString","coordinates":[[30.375460342714682,60.008760231261142],[30.375443297522452,60.008763106960458]]},"properties":{"category":"automobile","unit_categoty":"classroom","unit_restriction":null,"accessibility":null,"access_control":null,"door":{"type":"open","material":"metal","automatic":false},"name":null,"alt_name":null,"display_point":{"type":"Point","coordinates":[30.375460342714682,60.008760231261142]},"level_id":"0dcdc286-eabe-4b28-b9d7-d80f3c07c803"}},{"id":"8265f0c1-3ca5-460d-a51c-7cf79fcab4c8","type":"Feature","feature_type":"opening","geometry":{"type":"LineString","coordinates":[[30.375288910558119,60.008749291637656],[30.3753059557535,60.00874641593834]]},"properties":{"category":"automobile","unit_categoty":"classroom","unit_restriction":null,"accessibility":null,"access_control":null,"door":{"type":"open","material":"metal","automatic":false},"name":null,"alt_name":null,"display_point":{"type":"Point","coordinates":[30.375288910558119,60.008749291637656]},"level_id":"0dcdc286-eabe-4b28-b9d7-d80f3c07c803"}},{"id":"0044a064-180f-4733-b11d-7721f08e437d","type":"Feature","feature_type":"opening","geometry":{"type":"LineString","coordinates":[[30.375127337392371,60.008816417452778],[30.375110292171183,60.0088192931521]]},"properties":{"category":"automobile","unit_categoty":"classroom","unit_restriction":null,"accessibility":null,"access_control":null,"door":{"type":"open","material":"metal","automatic":false},"name":null,"alt_name":null,"display_point":{"type":"Point","coordinates":[30.375127337392371,60.008816417452778]},"level_id":"0dcdc286-eabe-4b28-b9d7-d80f3c07c803"}},{"id":"f3f102c0-0339-4d4b-a9b8-aa6c5cf29f88","type":"Feature","feature_type":"opening","geometry":{"type":"LineString","coordinates":[[30.374942000487454,60.008847687869753],[30.374924955524655,60.008850564117971]]},"properties":{"category":"automobile","unit_categoty":"classroom","unit_restriction":null,"accessibility":null,"access_control":null,"door":{"type":"open","material":"metal","automatic":false},"name":null,"alt_name":null,"display_point":{"type":"Point","coordinates":[30.374942000487454,60.008847687869753]},"level_id":"0dcdc286-eabe-4b28-b9d7-d80f3c07c803"}},{"id":"0ac1389b-e23f-4e8e-975b-5e478ed77308","type":"Feature","feature_type":"opening","geometry":{"type":"LineString","coordinates":[[30.374874842600743,60.0088590194095],[30.3748577976321,60.008861895108822]]},"properties":{"category":"automobile","unit_categoty":"classroom","unit_restriction":null,"accessibility":null,"access_control":null,"door":{"type":"open","material":"metal","automatic":false},"name":null,"alt_name":null,"display_point":{"type":"Point","coordinates":[30.374874842600743,60.0088590194095]},"level_id":"0dcdc286-eabe-4b28-b9d7-d80f3c07c803"}},{"id":"f64fe776-75a8-4b20-a4b3-8af5c34a15b6","type":"Feature","feature_type":"opening","geometry":{"type":"LineString","coordinates":[[30.374693993579697,60.00888953234125],[30.374676948320822,60.008892408589475]]},"properties":{"category":"automobile","unit_categoty":"classroom","unit_restriction":null,"accessibility":null,"access_control":null,"door":{"type":"open","material":"metal","automatic":false},"name":null,"alt_name":null,"display_point":{"type":"Point","coordinates":[30.374693993579697,60.00888953234125]},"level_id":"0dcdc286-eabe-4b28-b9d7-d80f3c07c803"}},{"id":"6308a8f3-45bf-47ff-800c-9d2702654f99","type":"Feature","feature_type":"opening","geometry":{"type":"LineString","coordinates":[[30.37454638205536,60.008914437686776],[30.374529337058153,60.008917313935]]},"properties":{"category":"automobile","unit_categoty":"classroom","unit_restriction":null,"accessibility":null,"access_control":null,"door":{"type":"open","material":"metal","automatic":false},"name":null,"alt_name":null,"display_point":{"type":"Point","coordinates":[30.37454638205536,60.008914437686776]},"level_id":"0dcdc286-eabe-4b28-b9d7-d80f3c07c803"}},{"id":"bd937f17-01fa-4dc4-ad1f-2138efb166f3","type":"Feature","feature_type":"opening","geometry":{"type":"LineString","coordinates":[[30.374487064942624,60.008924445823006],[30.374470019665758,60.008927322071223]]},"properties":{"category":"automobile","unit_categoty":"classroom","unit_restriction":null,"accessibility":null,"access_control":null,"door":{"type":"open","material":"metal","automatic":false},"name":null,"alt_name":null,"display_point":{"type":"Point","coordinates":[30.374487064942624,60.008924445823006]},"level_id":"0dcdc286-eabe-4b28-b9d7-d80f3c07c803"}},{"id":"611db1c8-b8f5-47cc-b41a-62899535b96f","type":"Feature","feature_type":"opening","geometry":{"type":"LineString","coordinates":[[30.373652122128377,60.009025272594627],[30.3736742806553,60.009021534020839]]},"properties":{"category":"automobile","unit_categoty":"classroom","unit_restriction":null,"accessibility":null,"access_control":null,"door":{"type":"open","material":"metal","automatic":false},"name":null,"alt_name":null,"display_point":{"type":"Point","coordinates":[30.373652122128377,60.009025272594627]},"level_id":"0dcdc286-eabe-4b28-b9d7-d80f3c07c803"}},{"id":"4692b62e-81d7-4bac-b7c3-e959b0ef3176","type":"Feature","feature_type":"opening","geometry":{"type":"LineString","coordinates":[[30.373793200630107,60.009040187368804],[30.373810245965487,60.009037311669481]]},"properties":{"category":"automobile","unit_categoty":"classroom","unit_restriction":null,"accessibility":null,"access_control":null,"door":{"type":"open","material":"metal","automatic":false},"name":null,"alt_name":null,"display_point":{"type":"Point","coordinates":[30.373793200630107,60.009040187368804]},"level_id":"0dcdc286-eabe-4b28-b9d7-d80f3c07c803"}},{"id":"cbc7f695-f232-40b3-87ee-f8b25c74ddc1","type":"Feature","feature_type":"opening","geometry":{"type":"LineString","coordinates":[[30.373649223695505,60.009064289670214],[30.373666268768847,60.0090614139709]]},"properties":{"category":"automobile","unit_categoty":"classroom","unit_restriction":null,"accessibility":null,"access_control":null,"door":{"type":"open","material":"metal","automatic":false},"name":null,"alt_name":null,"display_point":{"type":"Point","coordinates":[30.373649223695505,60.009064289670214]},"level_id":"0dcdc286-eabe-4b28-b9d7-d80f3c07c803"}},{"id":"288356de-3876-4789-80d2-0d37cfba4492","type":"Feature","feature_type":"opening","geometry":{"type":"LineString","coordinates":[[30.3735384850386,60.0090827838365],[30.373555530670533,60.009079908137181]]},"properties":{"category":"automobile","unit_categoty":"classroom","unit_restriction":null,"accessibility":null,"access_control":null,"door":{"type":"open","material":"metal","automatic":false},"name":null,"alt_name":null,"display_point":{"type":"Point","coordinates":[30.3735384850386,60.0090827838365]},"level_id":"0dcdc286-eabe-4b28-b9d7-d80f3c07c803"}},{"id":"ee4ea47c-d8d0-41fc-b7cc-7574ed135566","type":"Feature","feature_type":"opening","geometry":{"type":"LineString","coordinates":[[30.373299454861616,60.009123303806675],[30.373316500514395,60.00912042755845]]},"properties":{"category":"automobile","unit_categoty":"classroom","unit_restriction":null,"accessibility":null,"access_control":null,"door":{"type":"open","material":"metal","automatic":false},"name":null,"alt_name":null,"display_point":{"type":"Point","coordinates":[30.373299454861616,60.009123303806675]},"level_id":"0dcdc286-eabe-4b28-b9d7-d80f3c07c803"}},{"id":"80b5bc57-f539-4409-81e7-14b4a63368dd","type":"Feature","feature_type":"opening","geometry":{"type":"LineString","coordinates":[[30.373248659927544,60.009131873818788],[30.37326570503572,60.009128998119465]]},"properties":{"category":"automobile","unit_categoty":"administration","unit_restriction":"restricted","accessibility":null,"access_control":null,"door":{"type":"open","material":"metal","automatic":false},"name":null,"alt_name":null,"display_point":{"type":"Point","coordinates":[30.373248659927544,60.009131873818788]},"level_id":"0dcdc286-eabe-4b28-b9d7-d80f3c07c803"}},{"id":"d2166221-22a0-478c-b3a0-a0681d1331e8","type":"Feature","feature_type":"opening","geometry":{"type":"LineString","coordinates":[[30.373215839026972,60.008337840487258],[30.373268678392321,60.008328924666678]]},"properties":{"category":"automobile","unit_categoty":"stairs","unit_restriction":null,"accessibility":null,"access_control":null,"door":{"type":"open","material":"metal","automatic":false},"name":null,"alt_name":null,"display_point":{"type":"Point","coordinates":[30.373215839026972,60.008337840487258]},"level_id":"0dcdc286-eabe-4b28-b9d7-d80f3c07c803"}},{"id":"d302b714-f256-446a-b47a-60e5cf294e44","type":"Feature","feature_type":"opening","geometry":{"type":"LineString","coordinates":[[30.373744506882741,60.00904821396761],[30.373691667006923,60.009057129239288]]},"properties":{"category":"automobile","unit_categoty":"stairs","unit_restriction":null,"accessibility":null,"access_control":null,"door":{"type":"open","material":"metal","automatic":false},"name":null,"alt_name":null,"display_point":{"type":"Point","coordinates":[30.373744506882741,60.00904821396761]},"level_id":"0dcdc286-eabe-4b28-b9d7-d80f3c07c803"}},{"id":"31a59ada-90b2-4604-99bd-18f80430b195","type":"Feature","feature_type":"opening","geometry":{"type":"LineString","coordinates":[[30.374445815617111,60.008931405904576],[30.374392975380132,60.008940321176262]]},"properties":{"category":"automobile","unit_categoty":"stairs","unit_restriction":null,"accessibility":null,"access_control":null,"door":{"type":"open","material":"metal","automatic":false},"name":null,"alt_name":null,"display_point":{"type":"Point","coordinates":[30.374445815617111,60.008931405904576]},"level_id":"0dcdc286-eabe-4b28-b9d7-d80f3c07c803"}},{"id":"145d491a-d7fb-46ef-82b1-30f2be18e9f9","type":"Feature","feature_type":"opening","geometry":{"type":"LineString","coordinates":[[30.375417388937226,60.008767478418633],[30.375364549511168,60.00877639423922]]},"properties":{"category":"automobile","unit_categoty":"stairs","unit_restriction":null,"accessibility":null,"access_control":null,"door":{"type":"open","material":"metal","automatic":false},"name":null,"alt_name":null,"display_point":{"type":"Point","coordinates":[30.375417388937226,60.008767478418633]},"level_id":"0dcdc286-eabe-4b28-b9d7-d80f3c07c803"}},{"id":"808ad622-a453-487a-b09c-05ae07190718","type":"Feature","feature_type":"opening","geometry":{"type":"LineString","coordinates":[[30.374881222518823,60.00804925673274],[30.374934061703652,60.008040341186607]]},"properties":{"category":"automobile","unit_categoty":"stairs","unit_restriction":null,"accessibility":null,"access_control":null,"door":{"type":"open","material":"metal","automatic":false},"name":null,"alt_name":null,"display_point":{"type":"Point","coordinates":[30.374881222518823,60.00804925673274]},"level_id":"0dcdc286-eabe-4b28-b9d7-d80f3c07c803"}},{"id":"6c6587ea-12a2-44ed-95b4-b66f9f763765","type":"Feature","feature_type":"opening","geometry":{"type":"LineString","coordinates":[[30.3744957344909,60.008354862497484],[30.374489981570623,60.008346341886579]]},"properties":{"category":"automobile","unit_categoty":"restroom.family","unit_restriction":null,"accessibility":null,"access_control":null,"door":{"type":"open","material":"metal","automatic":false},"name":null,"alt_name":null,"display_point":{"type":"Point","coordinates":[30.3744957344909,60.008354862497484]},"level_id":"0dcdc286-eabe-4b28-b9d7-d80f3c07c803"}},{"id":"f1f69423-ac29-42cc-aa90-869e4f4017e1","type":"Feature","feature_type":"opening","geometry":{"type":"LineString","coordinates":[[30.372317586043867,60.00848901642312],[30.37233463102686,60.008486140723804]]},"properties":{"category":"automobile","unit_categoty":"classroom","unit_restriction":null,"accessibility":null,"access_control":null,"door":{"type":"open","material":"metal","automatic":false},"name":null,"alt_name":null,"display_point":{"type":"Point","coordinates":[30.372317586043867,60.00848901642312]},"level_id":"0dcdc286-eabe-4b28-b9d7-d80f3c07c803"}},{"id":"d7617dd4-86df-4df3-9f65-5fe8c6b775df","type":"Feature","feature_type":"opening","geometry":{"type":"LineString","coordinates":[[30.372237302710115,60.008502562234881],[30.372290142887937,60.008493646963196]]},"properties":{"category":"automobile","unit_categoty":"stairs","unit_restriction":null,"accessibility":null,"access_control":null,"door":{"type":"open","material":"metal","automatic":false},"name":null,"alt_name":null,"display_point":{"type":"Point","coordinates":[30.372237302710115,60.008502562234881]},"level_id":"0dcdc286-eabe-4b28-b9d7-d80f3c07c803"}},{"id":"79bb17ef-6fea-4c68-b52e-06288409356f","type":"Feature","feature_type":"opening","geometry":{"type":"LineString","coordinates":[[30.372796846692463,60.008508195619513],[30.372791786516636,60.008500507144547]]},"properties":{"category":"automobile","unit_categoty":"classroom","unit_restriction":null,"accessibility":null,"access_control":null,"door":{"type":"open","material":"metal","automatic":false},"name":null,"alt_name":null,"display_point":{"type":"Point","coordinates":[30.372796846692463,60.008508195619513]},"level_id":"0dcdc286-eabe-4b28-b9d7-d80f3c07c803"}},{"id":"61446876-ab60-4687-8ece-106480eb11f9","type":"Feature","feature_type":"opening","geometry":{"type":"LineString","coordinates":[[30.372815970010052,60.008535959099483],[30.37281090982988,60.008528270624517]]},"properties":{"category":"automobile","unit_categoty":"classroom","unit_restriction":null,"accessibility":null,"access_control":null,"door":{"type":"open","material":"metal","automatic":false},"name":null,"alt_name":null,"display_point":{"type":"Point","coordinates":[30.372815970010052,60.008535959099483]},"level_id":"0dcdc286-eabe-4b28-b9d7-d80f3c07c803"}},{"id":"ef027e04-bc4c-4564-9a2f-94bce73c45b0","type":"Feature","feature_type":"opening","geometry":{"type":"LineString","coordinates":[[30.37285851294223,60.008599284314862],[30.372853452752267,60.008591595839889]]},"properties":{"category":"automobile","unit_categoty":"classroom","unit_restriction":null,"accessibility":null,"access_control":null,"door":{"type":"open","material":"metal","automatic":false},"name":null,"alt_name":null,"display_point":{"type":"Point","coordinates":[30.37285851294223,60.008599284314862]},"level_id":"0dcdc286-eabe-4b28-b9d7-d80f3c07c803"}},{"id":"ed421a7b-a622-435b-8931-4cd600b759a3","type":"Feature","feature_type":"opening","geometry":{"type":"LineString","coordinates":[[30.372876106852477,60.008625036616685],[30.3728710472075,60.008617348141712]]},"properties":{"category":"automobile","unit_categoty":"classroom","unit_restriction":null,"accessibility":null,"access_control":null,"door":{"type":"open","material":"metal","automatic":false},"name":null,"alt_name":null,"display_point":{"type":"Point","coordinates":[30.372876106852477,60.008625036616685]},"level_id":"0dcdc286-eabe-4b28-b9d7-d80f3c07c803"}},{"id":"c0b31fcd-ae1b-4c5c-8bc6-7863964174ff","type":"Feature","feature_type":"opening","geometry":{"type":"LineString","coordinates":[[30.372922525972903,60.008693793220637],[30.372917465493767,60.008686104745671]]},"properties":{"category":"automobile","unit_categoty":"classroom","unit_restriction":null,"accessibility":null,"access_control":null,"door":{"type":"open","material":"metal","automatic":false},"name":null,"alt_name":null,"display_point":{"type":"Point","coordinates":[30.372922525972903,60.008693793220637]},"level_id":"0dcdc286-eabe-4b28-b9d7-d80f3c07c803"}},{"id":"1b572c84-0094-4f7f-99ad-736e8af12d92","type":"Feature","feature_type":"opening","geometry":{"type":"LineString","coordinates":[[30.372939322531558,60.008718673865559],[30.372934262597585,60.008710984841684]]},"properties":{"category":"automobile","unit_categoty":"classroom","unit_restriction":"restricted","accessibility":null,"access_control":null,"door":{"type":"open","material":"metal","automatic":false},"name":null,"alt_name":null,"display_point":{"type":"Point","coordinates":[30.372939322531558,60.008718673865559]},"level_id":"0dcdc286-eabe-4b28-b9d7-d80f3c07c803"}},{"id":"95129f19-35d9-4f71-be10-b4e61c136abc","type":"Feature","feature_type":"opening","geometry":{"type":"LineString","coordinates":[[30.372980645617115,60.008779320437554],[30.372975585948186,60.008771631962581]]},"properties":{"category":"automobile","unit_categoty":"classroom","unit_restriction":null,"accessibility":null,"access_control":null,"door":{"type":"open","material":"metal","automatic":false},"name":null,"alt_name":null,"display_point":{"type":"Point","coordinates":[30.372980645617115,60.008779320437554]},"level_id":"0dcdc286-eabe-4b28-b9d7-d80f3c07c803"}},{"id":"9d3e125e-aff3-4330-80fa-f7b085c990f5","type":"Feature","feature_type":"opening","geometry":{"type":"LineString","coordinates":[[30.373760490867362,60.0090069804244],[30.373777536195604,60.009004104725079]]},"properties":{"category":"automobile","unit_categoty":"classroom","unit_restriction":null,"accessibility":null,"access_control":null,"door":{"type":"open","material":"metal","automatic":false},"name":null,"alt_name":null,"display_point":{"type":"Point","coordinates":[30.373760490867362,60.0090069804244]},"level_id":"0dcdc286-eabe-4b28-b9d7-d80f3c07c803"}},{"id":"a2bdde63-8e4e-4eb4-8eb9-2165df181e59","type":"Feature","feature_type":"opening","geometry":{"type":"LineString","coordinates":[[30.373201086823922,60.0089863169961],[30.373195909351196,60.008978647732711]]},"properties":{"category":"automobile","unit_categoty":"restroom","unit_restriction":null,"accessibility":null,"access_control":null,"door":{"type":"open","material":"metal","automatic":false},"name":null,"alt_name":null,"display_point":{"type":"Point","coordinates":[30.373201086823922,60.0089863169961]},"level_id":"0dcdc286-eabe-4b28-b9d7-d80f3c07c803"}},{"id":"ab95f611-8764-4017-ac4d-85d4c67f3da2","type":"Feature","feature_type":"opening","geometry":{"type":"LineString","coordinates":[[30.373179357207672,60.0089539334052],[30.373174145975945,60.008946271277544]]},"properties":{"category":"automobile","unit_categoty":"classroom","unit_restriction":null,"accessibility":null,"access_control":null,"door":{"type":"open","material":"metal","automatic":false},"name":null,"alt_name":null,"display_point":{"type":"Point","coordinates":[30.373179357207672,60.0089539334052]},"level_id":"0dcdc286-eabe-4b28-b9d7-d80f3c07c803"}},{"id":"22d96e1e-b7e8-4de1-a7dc-b66388f7709c","type":"Feature","feature_type":"opening","geometry":{"type":"LineString","coordinates":[[30.3731520664045,60.008913539133658],[30.37314688894314,60.008905870419177]]},"properties":{"category":"automobile","unit_categoty":"restroom","unit_restriction":null,"accessibility":null,"access_control":null,"door":{"type":"open","material":"metal","automatic":false},"name":null,"alt_name":null,"display_point":{"type":"Point","coordinates":[30.3731520664045,60.008913539133658]},"level_id":"0dcdc286-eabe-4b28-b9d7-d80f3c07c803"}},{"id":"12e85140-c3e9-4e30-8f42-266475def342","type":"Feature","feature_type":"opening","geometry":{"type":"LineString","coordinates":[[30.372807220653879,60.008406783718009],[30.37282426559441,60.008403907469784]]},"properties":{"category":"automobile","unit_categoty":"classroom","unit_restriction":"restricted","accessibility":null,"access_control":null,"door":{"type":"open","material":"metal","automatic":false},"name":null,"alt_name":null,"display_point":{"type":"Point","coordinates":[30.372807220653879,60.008406783718009]},"level_id":"0dcdc286-eabe-4b28-b9d7-d80f3c07c803"}},{"id":"2b1db15a-4a3d-4d0d-97fa-ca1a93a1847d","type":"Feature","feature_type":"opening","geometry":{"type":"LineString","coordinates":[[30.372857911875514,60.008398230721866],[30.372874957360622,60.008395355022543]]},"properties":{"category":"automobile","unit_categoty":"administration","unit_restriction":null,"accessibility":null,"access_control":null,"door":{"type":"open","material":"metal","automatic":false},"name":null,"alt_name":null,"display_point":{"type":"Point","coordinates":[30.372857911875514,60.008398230721866]},"level_id":"0dcdc286-eabe-4b28-b9d7-d80f3c07c803"}},{"id":"bee21c12-36eb-4240-a2d6-b50c5e0fe23f","type":"Feature","feature_type":"opening","geometry":{"type":"LineString","coordinates":[[30.372958201761417,60.008381309709662],[30.372975247237818,60.008378433461445]]},"properties":{"category":"automobile","unit_categoty":"administration","unit_restriction":null,"accessibility":null,"access_control":null,"door":{"type":"open","material":"metal","automatic":false},"name":null,"alt_name":null,"display_point":{"type":"Point","coordinates":[30.372958201761417,60.008381309709662]},"level_id":"0dcdc286-eabe-4b28-b9d7-d80f3c07c803"}},{"id":"a92efa45-c228-459d-8017-e771ee1c6299","type":"Feature","feature_type":"opening","geometry":{"type":"LineString","coordinates":[[30.3731117781672,60.008355397677263],[30.373128823081231,60.00835252197794]]},"properties":{"category":"automobile","unit_categoty":"administration","unit_restriction":null,"accessibility":null,"access_control":null,"door":{"type":"open","material":"metal","automatic":false},"name":null,"alt_name":null,"display_point":{"type":"Point","coordinates":[30.3731117781672,60.008355397677263]},"level_id":"0dcdc286-eabe-4b28-b9d7-d80f3c07c803"}},{"id":"991ef36e-319f-41fd-8576-9c78716c171d","type":"Feature","feature_type":"opening","geometry":{"type":"LineString","coordinates":[[30.373160527210327,60.008347172375814],[30.373177572394617,60.008344296676491]]},"properties":{"category":"automobile","unit_categoty":"administration","unit_restriction":null,"accessibility":null,"access_control":null,"door":{"type":"open","material":"metal","automatic":false},"name":null,"alt_name":null,"display_point":{"type":"Point","coordinates":[30.373160527210327,60.008347172375814]},"level_id":"0dcdc286-eabe-4b28-b9d7-d80f3c07c803"}},{"id":"e97a9ee2-a6a2-47e3-9dc1-7e7b3d1aa30b","type":"Feature","feature_type":"opening","geometry":{"type":"LineString","coordinates":[[30.373343591506302,60.008316285092668],[30.373360636674676,60.008313409393345]]},"properties":{"category":"automobile","unit_categoty":"administration","unit_restriction":null,"accessibility":null,"access_control":null,"door":{"type":"open","material":"metal","automatic":false},"name":null,"alt_name":null,"display_point":{"type":"Point","coordinates":[30.373343591506302,60.008316285092668]},"level_id":"0dcdc286-eabe-4b28-b9d7-d80f3c07c803"}},{"id":"108d9d6a-e03d-43a2-a528-838acdba690b","type":"Feature","feature_type":"opening","geometry":{"type":"LineString","coordinates":[[30.373393874680126,60.008307801258219],[30.373410919844126,60.0083049255589]]},"properties":{"category":"automobile","unit_categoty":"administration","unit_restriction":null,"accessibility":null,"access_control":null,"door":{"type":"open","material":"metal","automatic":false},"name":null,"alt_name":null,"display_point":{"type":"Point","coordinates":[30.373393874680126,60.008307801258219]},"level_id":"0dcdc286-eabe-4b28-b9d7-d80f3c07c803"}},{"id":"2c2c8abd-d021-4fdb-a076-e5c8c9d71683","type":"Feature","feature_type":"opening","geometry":{"type":"LineString","coordinates":[[30.373413408818838,60.008336595027863],[30.37343045371491,60.008333719328547]]},"properties":{"category":"automobile","unit_categoty":"administration","unit_restriction":null,"accessibility":null,"access_control":null,"door":{"type":"open","material":"metal","automatic":false},"name":null,"alt_name":null,"display_point":{"type":"Point","coordinates":[30.373413408818838,60.008336595027863]},"level_id":"0dcdc286-eabe-4b28-b9d7-d80f3c07c803"}},{"id":"e99dc4f2-761b-42e3-b355-18c84ba6ddb0","type":"Feature","feature_type":"opening","geometry":{"type":"LineString","coordinates":[[30.373310030424573,60.008354037497284],[30.373327075604148,60.00835116124906]]},"properties":{"category":"automobile","unit_categoty":"administration","unit_restriction":null,"accessibility":null,"access_control":null,"door":{"type":"open","material":"metal","automatic":false},"name":null,"alt_name":null,"display_point":{"type":"Point","coordinates":[30.373310030424573,60.008354037497284]},"level_id":"0dcdc286-eabe-4b28-b9d7-d80f3c07c803"}},{"id":"6dad945b-3998-43b3-8f23-f4d678cc4098","type":"Feature","feature_type":"opening","geometry":{"type":"LineString","coordinates":[[30.373216963910153,60.0083697399463],[30.373234009097807,60.00836686424698]]},"properties":{"category":"automobile","unit_categoty":"administration","unit_restriction":null,"accessibility":null,"access_control":null,"door":{"type":"open","material":"metal","automatic":false},"name":null,"alt_name":null,"display_point":{"type":"Point","coordinates":[30.373216963910153,60.0083697399463]},"level_id":"0dcdc286-eabe-4b28-b9d7-d80f3c07c803"}},{"id":"ecc218e3-bb59-4d0c-9fd7-9a4dc651d208","type":"Feature","feature_type":"opening","geometry":{"type":"LineString","coordinates":[[30.373241877088102,60.008736364438825],[30.373258922643654,60.008733488739509]]},"properties":{"category":"automobile","unit_categoty":"classroom","unit_restriction":null,"accessibility":null,"access_control":null,"door":{"type":"open","material":"metal","automatic":false},"name":null,"alt_name":null,"display_point":{"type":"Point","coordinates":[30.373241877088102,60.008736364438825]},"level_id":"0dcdc286-eabe-4b28-b9d7-d80f3c07c803"}},{"id":"3c173e2c-7014-4618-85e0-811a720886b2","type":"Feature","feature_type":"opening","geometry":{"type":"LineString","coordinates":[[30.373206688823945,60.008720098816013],[30.373223734376822,60.0087172236656]]},"properties":{"category":"automobile","unit_categoty":"classroom","unit_restriction":null,"accessibility":null,"access_control":null,"door":{"type":"open","material":"metal","automatic":false},"name":null,"alt_name":null,"display_point":{"type":"Point","coordinates":[30.373206688823945,60.008720098816013]},"level_id":"0dcdc286-eabe-4b28-b9d7-d80f3c07c803"}},{"id":"00a73a0e-01de-4b8d-8254-f8b4d8a53de8","type":"Feature","feature_type":"opening","geometry":{"type":"LineString","coordinates":[[30.373337267805997,60.008708128902853],[30.373354313075623,60.00870525320353]]},"properties":{"category":"automobile","unit_categoty":"classroom","unit_restriction":null,"accessibility":null,"access_control":null,"door":{"type":"open","material":"metal","automatic":false},"name":null,"alt_name":null,"display_point":{"type":"Point","coordinates":[30.373337267805997,60.008708128902853]},"level_id":"0dcdc286-eabe-4b28-b9d7-d80f3c07c803"}},{"id":"d78a5052-45d2-4522-9ed9-2bb1f0061e9c","type":"Feature","feature_type":"opening","geometry":{"type":"LineString","coordinates":[[30.37333467674619,60.008720715233331],[30.373351722019169,60.008717839534015]]},"properties":{"category":"automobile","unit_categoty":"classroom","unit_restriction":null,"accessibility":null,"access_control":null,"door":{"type":"open","material":"metal","automatic":false},"name":null,"alt_name":null,"display_point":{"type":"Point","coordinates":[30.37333467674619,60.008720715233331]},"level_id":"0dcdc286-eabe-4b28-b9d7-d80f3c07c803"}},{"id":"f121b7ae-19b5-42c4-97ff-c377822c8c92","type":"Feature","feature_type":"opening","geometry":{"type":"LineString","coordinates":[[30.373458320432825,60.008707921417773],[30.373475365422632,60.00870504571845]]},"properties":{"category":"automobile","unit_categoty":"classroom","unit_restriction":null,"accessibility":null,"access_control":null,"door":{"type":"open","material":"metal","automatic":false},"name":null,"alt_name":null,"display_point":{"type":"Point","coordinates":[30.373458320432825,60.008707921417773]},"level_id":"0dcdc286-eabe-4b28-b9d7-d80f3c07c803"}},{"id":"768155a9-d4e1-40a8-a615-81b8d8bca93f","type":"Feature","feature_type":"opening","geometry":{"type":"LineString","coordinates":[[30.373476888962237,60.00869045589446],[30.373493934221241,60.008687580195136]]},"properties":{"category":"automobile","unit_categoty":"classroom","unit_restriction":null,"accessibility":null,"access_control":null,"door":{"type":"open","material":"metal","automatic":false},"name":null,"alt_name":null,"display_point":{"type":"Point","coordinates":[30.373476888962237,60.00869045589446]},"level_id":"0dcdc286-eabe-4b28-b9d7-d80f3c07c803"}},{"id":"8c478023-7810-481f-a935-086edbc8239c","type":"Feature","feature_type":"opening","geometry":{"type":"LineString","coordinates":[[30.373598743183006,60.008686317719771],[30.373615788161143,60.008683442020455]]},"properties":{"category":"automobile","unit_categoty":"classroom","unit_restriction":null,"accessibility":null,"access_control":null,"door":{"type":"open","material":"metal","automatic":false},"name":null,"alt_name":null,"display_point":{"type":"Point","coordinates":[30.373598743183006,60.008686317719771]},"level_id":"0dcdc286-eabe-4b28-b9d7-d80f3c07c803"}},{"id":"3fe6b489-e7d0-474e-be97-b31e0f912f0f","type":"Feature","feature_type":"opening","geometry":{"type":"LineString","coordinates":[[30.373018866195221,60.008835933675208],[30.373013806517516,60.008828245200235]]},"properties":{"category":"automobile","unit_categoty":"classroom","unit_restriction":null,"accessibility":null,"access_control":null,"door":{"type":"open","material":"metal","automatic":false},"name":null,"alt_name":null,"display_point":{"type":"Point","coordinates":[30.373018866195221,60.008835933675208]},"level_id":"0dcdc286-eabe-4b28-b9d7-d80f3c07c803"}},{"id":"55001a1c-3aff-4fe9-8e7e-5c36a8aa0eee","type":"Feature","feature_type":"opening","geometry":{"type":"LineString","coordinates":[[30.372295841894616,60.008525431152748],[30.372312886887936,60.008522555453432]]},"properties":{"category":"automobile","unit_categoty":"classroom","unit_restriction":null,"accessibility":null,"access_control":null,"door":{"type":"open","material":"metal","automatic":false},"name":null,"alt_name":null,"display_point":{"type":"Point","coordinates":[30.372295841894616,60.008525431152748]},"level_id":"0dcdc286-eabe-4b28-b9d7-d80f3c07c803"}},{"id":"ec858add-c16f-41f8-bb16-772d3aca1461","type":"Feature","feature_type":"opening","geometry":{"type":"LineString","coordinates":[[30.373049217183091,60.008880889874028],[30.373044157498406,60.008873201947964]]},"properties":{"category":"automobile","unit_categoty":"classroom","unit_restriction":null,"accessibility":null,"access_control":null,"door":{"type":"open","material":"metal","automatic":false},"name":null,"alt_name":null,"display_point":{"type":"Point","coordinates":[30.373049217183091,60.008880889874028]},"level_id":"0dcdc286-eabe-4b28-b9d7-d80f3c07c803"}},{"id":"c3074841-5ec8-44ec-869e-658c1bb34dd3","type":"Feature","feature_type":"opening","geometry":{"type":"LineString","coordinates":[[30.373110828649789,60.008972994038693],[30.373105768401892,60.008965306112621]]},"properties":{"category":"automobile","unit_categoty":"classroom","unit_restriction":null,"accessibility":null,"access_control":null,"door":{"type":"open","material":"metal","automatic":false},"name":null,"alt_name":null,"display_point":{"type":"Point","coordinates":[30.373110828649789,60.008972994038693]},"level_id":"0dcdc286-eabe-4b28-b9d7-d80f3c07c803"}},{"id":"e378b13b-b5c6-42c5-84e8-6e33f212195b","type":"Feature","feature_type":"opening","geometry":{"type":"LineString","coordinates":[[30.373194000076932,60.009095346015279],[30.373188940359029,60.009087657540306]]},"properties":{"category":"automobile","unit_categoty":"classroom","unit_restriction":null,"accessibility":null,"access_control":null,"door":{"type":"open","material":"metal","automatic":false},"name":null,"alt_name":null,"display_point":{"type":"Point","coordinates":[30.373194000076932,60.009095346015279]},"level_id":"0dcdc286-eabe-4b28-b9d7-d80f3c07c803"}},{"id":"76f6e59d-aa8f-4d4d-8c26-937881aee96e","type":"Feature","feature_type":"opening","geometry":{"type":"LineString","coordinates":[[30.373176627167087,60.009069612925032],[30.37317156745317,60.009061924450066]]},"properties":{"category":"automobile","unit_categoty":"classroom","unit_restriction":null,"accessibility":null,"access_control":null,"door":{"type":"open","material":"metal","automatic":false},"name":null,"alt_name":null,"display_point":{"type":"Point","coordinates":[30.373176627167087,60.009069612925032]},"level_id":"0dcdc286-eabe-4b28-b9d7-d80f3c07c803"}},{"id":"3b54bd57-daec-45b3-aa6c-9e2b0c45d436","type":"Feature","feature_type":"opening","geometry":{"type":"LineString","coordinates":[[30.373146195579849,60.0090245370655],[30.373141135598431,60.009016848041632]]},"properties":{"category":"automobile","unit_categoty":"classroom","unit_restriction":null,"accessibility":null,"access_control":null,"door":{"type":"open","material":"metal","automatic":false},"name":null,"alt_name":null,"display_point":{"type":"Point","coordinates":[30.373146195579849,60.0090245370655]},"level_id":"0dcdc286-eabe-4b28-b9d7-d80f3c07c803"}},{"id":"4b3b5c5a-2e4a-4bf5-8e37-257d082558e5","type":"Feature","feature_type":"opening","geometry":{"type":"LineString","coordinates":[[30.373528586642163,60.0086817338364],[30.373545631896679,60.008678857588173]]},"properties":{"category":"automobile","unit_categoty":"classroom","unit_restriction":null,"accessibility":null,"access_control":null,"door":{"type":"open","material":"metal","automatic":false},"name":null,"alt_name":null,"display_point":{"type":"Point","coordinates":[30.373528586642163,60.0086817338364]},"level_id":"0dcdc286-eabe-4b28-b9d7-d80f3c07c803"}},{"id":"27ff9127-6cd4-4b63-b0e3-b234bf2fa47f","type":"Feature","feature_type":"opening","geometry":{"type":"LineString","coordinates":[[30.373677588601097,60.008673765970137],[30.373694633847073,60.008670890270821]]},"properties":{"category":"automobile","unit_categoty":"classroom","unit_restriction":"restricted","accessibility":null,"access_control":null,"door":{"type":"open","material":"metal","automatic":false},"name":null,"alt_name":null,"display_point":{"type":"Point","coordinates":[30.373677588601097,60.008673765970137]},"level_id":"0dcdc286-eabe-4b28-b9d7-d80f3c07c803"}},{"id":"aeaab199-1c5d-4a46-a012-11a41dde60bc","type":"Feature","feature_type":"opening","geometry":{"type":"LineString","coordinates":[[30.374477159733615,60.00855880112114],[30.374482912670718,60.008567322280953]]},"properties":{"category":"automobile","unit_categoty":"auditorium","unit_restriction":null,"accessibility":null,"access_control":null,"door":{"type":"open","material":"metal","automatic":false},"name":null,"alt_name":null,"display_point":{"type":"Point","coordinates":[30.374477159733615,60.00855880112114]},"level_id":"0dcdc286-eabe-4b28-b9d7-d80f3c07c803"}},{"id":"60f3cc30-9083-4b00-9ac6-ed80c37d9ef3","type":"Feature","feature_type":"opening","geometry":{"type":"LineString","coordinates":[[30.374745816391766,60.008726123019109],[30.374740638485793,60.008718454304628]]},"properties":{"category":"automobile","unit_categoty":"restroom","unit_restriction":null,"accessibility":null,"access_control":null,"door":{"type":"open","material":"metal","automatic":false},"name":null,"alt_name":null,"display_point":{"type":"Point","coordinates":[30.374745816391766,60.008726123019109]},"level_id":"0dcdc286-eabe-4b28-b9d7-d80f3c07c803"}},{"id":"bd063a31-608f-483f-a589-abf604389dad","type":"Feature","feature_type":"opening","geometry":{"type":"LineString","coordinates":[[30.37472254368717,60.008691371463549],[30.374717332297369,60.008683707689187]]},"properties":{"category":"automobile","unit_categoty":"auditorium","unit_restriction":null,"accessibility":null,"access_control":null,"door":{"type":"open","material":"metal","automatic":false},"name":null,"alt_name":null,"display_point":{"type":"Point","coordinates":[30.37472254368717,60.008691371463549]},"level_id":"0dcdc286-eabe-4b28-b9d7-d80f3c07c803"}},{"id":"7ba39df0-3983-4dc7-a369-53db9d45d757","type":"Feature","feature_type":"opening","geometry":{"type":"LineString","coordinates":[[30.374470457935022,60.008318266081183],[30.374465246603819,60.008310602855722]]},"properties":{"category":"automobile","unit_categoty":"classroom","unit_restriction":null,"accessibility":null,"access_control":null,"door":{"type":"open","material":"metal","automatic":false},"name":null,"alt_name":null,"display_point":{"type":"Point","coordinates":[30.374470457935022,60.008318266081183]},"level_id":"0dcdc286-eabe-4b28-b9d7-d80f3c07c803"}},{"id":"caaeebd2-7370-45c8-ae0b-3e1cd36a8b67","type":"Feature","feature_type":"opening","geometry":{"type":"LineString","coordinates":[[30.374444221775576,60.008278983885774],[30.374439010725009,60.008271320660306]]},"properties":{"category":"automobile","unit_categoty":"classroom","unit_restriction":null,"accessibility":null,"access_control":null,"door":{"type":"open","material":"metal","automatic":false},"name":null,"alt_name":null,"display_point":{"type":"Point","coordinates":[30.374444221775576,60.008278983885774]},"level_id":"0dcdc286-eabe-4b28-b9d7-d80f3c07c803"}},{"id":"9e093614-7057-485c-8c3c-8cf2ab6d2269","type":"Feature","feature_type":"opening","geometry":{"type":"LineString","coordinates":[[30.375450242262243,60.008703087783829],[30.375455824322732,60.008711636937655]]},"properties":{"category":"automobile","unit_categoty":"classroom","unit_restriction":null,"accessibility":null,"access_control":null,"door":{"type":"open","material":"metal","automatic":false},"name":null,"alt_name":null,"display_point":{"type":"Point","coordinates":[30.375450242262243,60.008703087783829]},"level_id":"0dcdc286-eabe-4b28-b9d7-d80f3c07c803"}},{"id":"7e0aadf9-d063-4bba-8478-82e581329de2","type":"Feature","feature_type":"opening","geometry":{"type":"LineString","coordinates":[[30.375339152038269,60.008780679519724],[30.3753221068355,60.008783555219047]]},"properties":{"category":"automobile","unit_categoty":"classroom","unit_restriction":null,"accessibility":null,"access_control":null,"door":{"type":"open","material":"metal","automatic":false},"name":null,"alt_name":null,"display_point":{"type":"Point","coordinates":[30.375339152038269,60.008780679519724]},"level_id":"0dcdc286-eabe-4b28-b9d7-d80f3c07c803"}},{"id":"f68577d6-81d1-4c0b-b698-95ec64adb812","type":"Feature","feature_type":"opening","geometry":{"type":"LineString","coordinates":[[30.37479897627858,60.008687871662275],[30.374793223564776,60.00867935105137]]},"properties":{"category":"automobile","unit_categoty":"auditorium","unit_restriction":null,"accessibility":null,"access_control":null,"door":{"type":"open","material":"metal","automatic":false},"name":null,"alt_name":null,"display_point":{"type":"Point","coordinates":[30.37479897627858,60.008687871662275]},"level_id":"0dcdc286-eabe-4b28-b9d7-d80f3c07c803"}},{"id":"e6463278-05a0-4cf4-8261-faa2ce516e7a","type":"Feature","feature_type":"opening","geometry":{"type":"LineString","coordinates":[[30.374509566941843,60.008261172553986],[30.374503814027936,60.00825265139418]]},"properties":{"category":"automobile","unit_categoty":"classroom","unit_restriction":null,"accessibility":null,"access_control":null,"door":{"type":"open","material":"metal","automatic":false},"name":null,"alt_name":null,"display_point":{"type":"Point","coordinates":[30.374509566941843,60.008261172553986]},"level_id":"0dcdc286-eabe-4b28-b9d7-d80f3c07c803"}},{"id":"cf46e91d-4559-4561-8bd2-671cf0e79e0a","type":"Feature","feature_type":"opening","geometry":{"type":"LineString","coordinates":[[30.373063199303118,60.008363593886891],[30.373080244770371,60.008360718187568]]},"properties":{"category":"automobile","unit_categoty":"administration","unit_restriction":null,"accessibility":null,"access_control":null,"door":{"type":"open","material":"metal","automatic":false},"name":null,"alt_name":null,"display_point":{"type":"Point","coordinates":[30.373063199303118,60.008363593886891]},"level_id":"0dcdc286-eabe-4b28-b9d7-d80f3c07c803"}},{"id":"6f9c23a8-52f7-4145-a7c7-bf7e68e9c9f3","type":"Feature","feature_type":"opening","geometry":{"type":"LineString","coordinates":[[30.373807327062508,60.009012176882784],[30.373813233126029,60.009020671695275]]},"properties":{"category":"automobile","unit_categoty":"classroom","unit_restriction":null,"accessibility":null,"access_control":null,"door":{"type":"open","material":"metal","automatic":false},"name":null,"alt_name":null,"display_point":{"type":"Point","coordinates":[30.373807327062508,60.009012176882784]},"level_id":"0dcdc286-eabe-4b28-b9d7-d80f3c07c803"}},{"id":"03be8426-ad35-4dd5-9b71-7cebacbaf3e1","type":"Feature","feature_type":"opening","geometry":{"type":"LineString","coordinates":[[30.372701046189896,60.008424507774315],[30.37271809113961,60.0084216315261]]},"properties":{"category":"automobile","unit_categoty":"classroom","unit_restriction":null,"accessibility":null,"access_control":null,"door":{"type":"open","material":"metal","automatic":false},"name":null,"alt_name":null,"display_point":{"type":"Point","coordinates":[30.372701046189896,60.008424507774315]},"level_id":"0dcdc286-eabe-4b28-b9d7-d80f3c07c803"}},{"id":"aac2083e-84bd-43bc-b9ee-d58a9024b9f2","type":"Feature","feature_type":"opening","geometry":{"type":"LineString","coordinates":[[30.373792856962424,60.008265161427239],[30.373809902098092,60.008262285727916]]},"properties":{"category":"automobile","unit_categoty":"classroom","unit_restriction":"restricted","accessibility":null,"access_control":null,"door":{"type":"open","material":"metal","automatic":false},"name":null,"alt_name":null,"display_point":{"type":"Point","coordinates":[30.373792856962424,60.008265161427239]},"level_id":"0dcdc286-eabe-4b28-b9d7-d80f3c07c803"}},{"id":"60f8c7aa-d26b-45bb-b4c9-f0bdaba34781","type":"Feature","feature_type":"opening","geometry":{"type":"LineString","coordinates":[[30.375034122423791,60.008039499719331],[30.375039875112979,60.008048020604683]]},"properties":{"category":"automobile","unit_categoty":"classroom","unit_restriction":null,"accessibility":null,"access_control":null,"door":{"type":"open","material":"metal","automatic":false},"name":null,"alt_name":null,"display_point":{"type":"Point","coordinates":[30.375034122423791,60.008039499719331]},"level_id":"0dcdc286-eabe-4b28-b9d7-d80f3c07c803"}},{"id":"0ddc0058-bb74-4af7-ad45-ee1e5a2ff348","type":"Feature","feature_type":"opening","geometry":{"type":"LineString","coordinates":[[30.37547039148258,60.008733004058747],[30.375476144562786,60.008741524669652]]},"properties":{"category":"automobile","unit_categoty":"classroom","unit_restriction":null,"accessibility":null,"access_control":null,"door":{"type":"open","material":"metal","automatic":false},"name":null,"alt_name":null,"display_point":{"type":"Point","coordinates":[30.37547039148258,60.008733004058747]},"level_id":"0dcdc286-eabe-4b28-b9d7-d80f3c07c803"}},{"id":"7e73e02f-ce44-4215-aa0b-3df684959147","type":"Feature","feature_type":"opening","geometry":{"type":"LineString","coordinates":[[30.374317842132502,60.008927465883637],[30.374323595081147,60.008935986494542]]},"properties":{"category":"automobile","unit_categoty":"classroom","unit_restriction":null,"accessibility":null,"access_control":null,"door":{"type":"open","material":"metal","automatic":false},"name":null,"alt_name":null,"display_point":{"type":"Point","coordinates":[30.374317842132502,60.008927465883637]},"level_id":"0dcdc286-eabe-4b28-b9d7-d80f3c07c803"}},{"id":"02893812-c57f-470b-aa66-7ac60bdfed11","type":"Feature","feature_type":"opening","geometry":{"type":"LineString","coordinates":[[30.374697633887248,60.008654475346574],[30.374692422503237,60.008646812121107]]},"properties":{"category":"automobile","unit_categoty":"classroom","unit_restriction":null,"accessibility":null,"access_control":null,"door":{"type":"open","material":"metal","automatic":false},"name":null,"alt_name":null,"display_point":{"type":"Point","coordinates":[30.374697633887248,60.008654475346574]},"level_id":"0dcdc286-eabe-4b28-b9d7-d80f3c07c803"}},{"id":"6ebac2fe-9e38-4e8d-9e72-dcee43014cf2","type":"Feature","feature_type":"opening","geometry":{"type":"LineString","coordinates":[[30.373080505317429,60.008927516382649],[30.373075444802062,60.008919827358781]]},"properties":{"category":"automobile","unit_categoty":"classroom","unit_restriction":null,"accessibility":null,"access_control":null,"door":{"type":"open","material":"metal","automatic":false},"name":null,"alt_name":null,"display_point":{"type":"Point","coordinates":[30.373080505317429,60.008927516382649]},"level_id":"0dcdc286-eabe-4b28-b9d7-d80f3c07c803"}},{"id":"f34432fe-3e68-45ec-8cd3-8b6a2043be88","type":"Feature","feature_type":"opening","geometry":{"type":"LineString","coordinates":[[30.37210442476642,60.00855772746818],[30.372121469776385,60.008554851768864]]},"properties":{"category":"automobile","unit_categoty":"classroom","unit_restriction":null,"accessibility":null,"access_control":null,"door":{"type":"open","material":"metal","automatic":false},"name":null,"alt_name":null,"display_point":{"type":"Point","coordinates":[30.37210442476642,60.00855772746818]},"level_id":"0dcdc286-eabe-4b28-b9d7-d80f3c07c803"}},{"id":"186dff61-0f10-452b-b7d5-e3545cd9976b","type":"Feature","feature_type":"opening","geometry":{"type":"LineString","coordinates":[[30.37224027422883,60.008534806953492],[30.372257319776008,60.008531930705267]]},"properties":{"category":"automobile","unit_categoty":"classroom","unit_restriction":null,"accessibility":null,"access_control":null,"door":{"type":"open","material":"metal","automatic":false},"name":null,"alt_name":null,"display_point":{"type":"Point","coordinates":[30.37224027422883,60.008534806953492]},"level_id":"0dcdc286-eabe-4b28-b9d7-d80f3c07c803"}},{"id":"71e86dc1-7a62-4254-aa9b-300e4c524b04","type":"Feature","feature_type":"opening","geometry":{"type":"LineString","coordinates":[[30.372083614978727,60.008528872221468],[30.372100660531164,60.008525996522152]]},"properties":{"category":"automobile","unit_categoty":"classroom","unit_restriction":null,"accessibility":null,"access_control":null,"door":{"type":"open","material":"metal","automatic":false},"name":null,"alt_name":null,"display_point":{"type":"Point","coordinates":[30.372083614978727,60.008528872221468]},"level_id":"0dcdc286-eabe-4b28-b9d7-d80f3c07c803"}},{"id":"7dcaf63c-4e23-4683-a01c-e485f9e1e758","type":"Feature","feature_type":"opening","geometry":{"type":"LineString","coordinates":[[30.372906303658155,60.008669763923237],[30.372901243457246,60.008662075448264]]},"properties":{"category":"automobile","unit_categoty":"classroom","unit_restriction":null,"accessibility":null,"access_control":null,"door":{"type":"open","material":"metal","automatic":false},"name":null,"alt_name":null,"display_point":{"type":"Point","coordinates":[30.372906303658155,60.008669763923237]},"level_id":"0dcdc286-eabe-4b28-b9d7-d80f3c07c803"}},{"id":"ce953d77-90ea-4f80-b8fa-9e115d3d0dcc","type":"Feature","feature_type":"opening","geometry":{"type":"LineString","coordinates":[[30.373959877427637,60.008244540264414],[30.373976922550728,60.0082416645651]]},"properties":{"category":"automobile","unit_categoty":"classroom","unit_restriction":null,"accessibility":null,"access_control":null,"door":{"type":"open","material":"metal","automatic":false},"name":null,"alt_name":null,"display_point":{"type":"Point","coordinates":[30.373959877427637,60.008244540264414]},"level_id":"0dcdc286-eabe-4b28-b9d7-d80f3c07c803"}},{"id":"6e468e3e-e497-45b4-b10d-e355a7cb384b","type":"Feature","feature_type":"opening","geometry":{"type":"LineString","coordinates":[[30.374009045721994,60.008236149743368],[30.374026090840786,60.008233274044045]]},"properties":{"category":"automobile","unit_categoty":"classroom","unit_restriction":null,"accessibility":null,"access_control":null,"door":{"type":"open","material":"metal","automatic":false},"name":null,"alt_name":null,"display_point":{"type":"Point","coordinates":[30.374009045721994,60.008236149743368]},"level_id":"0dcdc286-eabe-4b28-b9d7-d80f3c07c803"}},{"id":"b280d89e-0a17-4d8a-83ec-a935b6f54be2","type":"Feature","feature_type":"opening","geometry":{"type":"LineString","coordinates":[[30.374719304104335,60.008076590422178],[30.374736349151128,60.008073714722862]]},"properties":{"category":"automobile","unit_categoty":"classroom","unit_restriction":null,"accessibility":null,"access_control":null,"door":{"type":"open","material":"metal","automatic":false},"name":null,"alt_name":null,"display_point":{"type":"Point","coordinates":[30.374719304104335,60.008076590422178]},"level_id":"0dcdc286-eabe-4b28-b9d7-d80f3c07c803"}},{"id":"62b12597-439f-4abe-9f9d-1ab4cd908f21","type":"Feature","feature_type":"opening","geometry":{"type":"LineString","coordinates":[[30.374778100519691,60.008066656113321],[30.374795145286871,60.0080637798651]]},"properties":{"category":"automobile","unit_categoty":"classroom","unit_restriction":null,"accessibility":null,"access_control":null,"door":{"type":"open","material":"metal","automatic":false},"name":null,"alt_name":null,"display_point":{"type":"Point","coordinates":[30.374778100519691,60.008066656113321]},"level_id":"0dcdc286-eabe-4b28-b9d7-d80f3c07c803"}},{"id":"3698aa9d-6bed-4673-a592-493ea15dc77c","type":"Feature","feature_type":"opening","geometry":{"type":"LineString","coordinates":[[30.3749529329749,60.008037076864433],[30.374969978001353,60.008034200616216]]},"properties":{"category":"automobile","unit_categoty":"classroom","unit_restriction":null,"accessibility":null,"access_control":null,"door":{"type":"open","material":"metal","automatic":false},"name":null,"alt_name":null,"display_point":{"type":"Point","coordinates":[30.3749529329749,60.008037076864433]},"level_id":"0dcdc286-eabe-4b28-b9d7-d80f3c07c803"}},{"id":"d4b76d2d-82ee-4842-b110-b78edfe7570b","type":"Feature","feature_type":"opening","geometry":{"type":"LineString","coordinates":[[30.375002022482374,60.00802879392824],[30.37501906723006,60.008025918228917]]},"properties":{"category":"automobile","unit_categoty":"classroom","unit_restriction":"restricted","accessibility":null,"access_control":null,"door":{"type":"open","material":"metal","automatic":false},"name":null,"alt_name":null,"display_point":{"type":"Point","coordinates":[30.375002022482374,60.00802879392824]},"level_id":"0dcdc286-eabe-4b28-b9d7-d80f3c07c803"}},{"id":"99338405-fdfc-4a7c-8a54-19feb08a5581","type":"Feature","feature_type":"opening","geometry":{"type":"LineString","coordinates":[[30.374540075145962,60.008305876806645],[30.374534322498732,60.00829735619574]]},"properties":{"category":"automobile","unit_categoty":"classroom","unit_restriction":null,"accessibility":null,"access_control":null,"door":{"type":"open","material":"metal","automatic":false},"name":null,"alt_name":null,"display_point":{"type":"Point","coordinates":[30.374540075145962,60.008305876806645]},"level_id":"0dcdc286-eabe-4b28-b9d7-d80f3c07c803"}},{"id":"ba9e51eb-18b7-4942-acce-dbef21c7ae97","type":"Feature","feature_type":"opening","geometry":{"type":"LineString","coordinates":[[30.374595967612905,60.008388304372083],[30.374590214676807,60.008379783761178]]},"properties":{"category":"automobile","unit_categoty":"classroom","unit_restriction":null,"accessibility":null,"access_control":null,"door":{"type":"open","material":"metal","automatic":false},"name":null,"alt_name":null,"display_point":{"type":"Point","coordinates":[30.374595967612905,60.008388304372083]},"level_id":"0dcdc286-eabe-4b28-b9d7-d80f3c07c803"}},{"id":"fcd672af-fcfa-4768-b2e6-0330efe426fa","type":"Feature","feature_type":"opening","geometry":{"type":"LineString","coordinates":[[30.374574640886266,60.008472581189487],[30.374569429256333,60.008464917964027]]},"properties":{"category":"automobile","unit_categoty":"administration","unit_restriction":null,"accessibility":null,"access_control":null,"door":{"type":"open","material":"metal","automatic":false},"name":null,"alt_name":null,"display_point":{"type":"Point","coordinates":[30.374574640886266,60.008472581189487]},"level_id":"0dcdc286-eabe-4b28-b9d7-d80f3c07c803"}},{"id":"c5837545-e57e-4255-a7f6-aa5548cd084a","type":"Feature","feature_type":"opening","geometry":{"type":"LineString","coordinates":[[30.374648450668424,60.008465309880286],[30.374642697718873,60.00845678872048]]},"properties":{"category":"automobile","unit_categoty":"administration","unit_restriction":null,"accessibility":null,"access_control":null,"door":{"type":"open","material":"metal","automatic":false},"name":null,"alt_name":null,"display_point":{"type":"Point","coordinates":[30.374648450668424,60.008465309880286]},"level_id":"0dcdc286-eabe-4b28-b9d7-d80f3c07c803"}},{"id":"c363573d-6991-4c6a-8548-973f0c333d53","type":"Feature","feature_type":"opening","geometry":{"type":"LineString","coordinates":[[30.374665086687759,60.008489839227714],[30.374659334008427,60.008481318067908]]},"properties":{"category":"automobile","unit_categoty":"classroom","unit_restriction":null,"accessibility":null,"access_control":null,"door":{"type":"open","material":"metal","automatic":false},"name":null,"alt_name":null,"display_point":{"type":"Point","coordinates":[30.374665086687759,60.008489839227714]},"level_id":"0dcdc286-eabe-4b28-b9d7-d80f3c07c803"}},{"id":"9a4056e3-2b60-4ad6-8152-b368d205c969","type":"Feature","feature_type":"opening","geometry":{"type":"LineString","coordinates":[[30.374706379094913,60.008550775071242],[30.374700626404962,60.008542253911429]]},"properties":{"category":"automobile","unit_categoty":"auditorium","unit_restriction":null,"accessibility":null,"access_control":null,"door":{"type":"open","material":"metal","automatic":false},"name":null,"alt_name":null,"display_point":{"type":"Point","coordinates":[30.374706379094913,60.008550775071242]},"level_id":"0dcdc286-eabe-4b28-b9d7-d80f3c07c803"}},{"id":"3d8e9272-f594-444e-a8eb-5f14d742c53f","type":"Feature","feature_type":"opening","geometry":{"type":"LineString","coordinates":[[30.374751106948061,60.008617024838244],[30.374745353972084,60.008608503678431]]},"properties":{"category":"automobile","unit_categoty":"auditorium","unit_restriction":null,"accessibility":null,"access_control":null,"door":{"type":"open","material":"metal","automatic":false},"name":null,"alt_name":null,"display_point":{"type":"Point","coordinates":[30.374751106948061,60.008617024838244]},"level_id":"0dcdc286-eabe-4b28-b9d7-d80f3c07c803"}},{"id":"7a72915a-94ce-4ff7-8d4c-278fe8b68d7c","type":"Feature","feature_type":"opening","geometry":{"type":"LineString","coordinates":[[30.374828782150971,60.008732019327965],[30.374823029154985,60.008723498168159]]},"properties":{"category":"automobile","unit_categoty":"auditorium","unit_restriction":null,"accessibility":null,"access_control":null,"door":{"type":"open","material":"metal","automatic":false},"name":null,"alt_name":null,"display_point":{"type":"Point","coordinates":[30.374828782150971,60.008732019327965]},"level_id":"0dcdc286-eabe-4b28-b9d7-d80f3c07c803"}},{"id":"40e79e9e-3b0d-40c9-9df5-ab0696c98507","type":"Feature","feature_type":"opening","geometry":{"type":"LineString","coordinates":[[30.374848220689351,60.008760811450905],[30.374842467962861,60.0087522902911]]},"properties":{"category":"automobile","unit_categoty":"auditorium","unit_restriction":null,"accessibility":null,"access_control":null,"door":{"type":"open","material":"metal","automatic":false},"name":null,"alt_name":null,"display_point":{"type":"Point","coordinates":[30.374848220689351,60.008760811450905]},"level_id":"0dcdc286-eabe-4b28-b9d7-d80f3c07c803"}},{"id":"d2695f2a-5b46-454d-93b6-e44d1e4a5293","type":"Feature","feature_type":"opening","geometry":{"type":"LineString","coordinates":[[30.374628992378589,60.008900402254142],[30.374611947114087,60.008903278502359]]},"properties":{"category":"automobile","unit_categoty":"classroom","unit_restriction":null,"accessibility":null,"access_control":null,"door":{"type":"open","material":"metal","automatic":false},"name":null,"alt_name":null,"display_point":{"type":"Point","coordinates":[30.374628992378589,60.008900402254142]},"level_id":"0dcdc286-eabe-4b28-b9d7-d80f3c07c803"}},{"id":"aba4afb4-67a0-4c91-984c-bf21ba94cc33","type":"Feature","feature_type":"opening","geometry":{"type":"LineString","coordinates":[[30.374991090597909,60.008839405482462],[30.374974045639377,60.008842281181778]]},"properties":{"category":"automobile","unit_categoty":"classroom","unit_restriction":null,"accessibility":null,"access_control":null,"door":{"type":"open","material":"metal","automatic":false},"name":null,"alt_name":null,"display_point":{"type":"Point","coordinates":[30.374991090597909,60.008839405482462]},"level_id":"0dcdc286-eabe-4b28-b9d7-d80f3c07c803"}},{"id":"224122f3-2a82-4cd2-b511-d43492e008fa","type":"Feature","feature_type":"opening","geometry":{"type":"LineString","coordinates":[[30.375040862285587,60.008831007825677],[30.375023817056881,60.008833883524993]]},"properties":{"category":"automobile","unit_categoty":"classroom","unit_restriction":null,"accessibility":null,"access_control":null,"door":{"type":"open","material":"metal","automatic":false},"name":null,"alt_name":null,"display_point":{"type":"Point","coordinates":[30.375040862285587,60.008831007825677]},"level_id":"0dcdc286-eabe-4b28-b9d7-d80f3c07c803"}},{"id":"70c3d32c-859e-438b-9bf5-660dcc774a97","type":"Feature","feature_type":"opening","geometry":{"type":"LineString","coordinates":[[30.375188814094791,60.008806044845407],[30.375171769153454,60.008808921093625]]},"properties":{"category":"automobile","unit_categoty":"classroom","unit_restriction":null,"accessibility":null,"access_control":null,"door":{"type":"open","material":"metal","automatic":false},"name":null,"alt_name":null,"display_point":{"type":"Point","coordinates":[30.375188814094791,60.008806044845407]},"level_id":"0dcdc286-eabe-4b28-b9d7-d80f3c07c803"}},{"id":"3131718d-0b30-44d0-aab3-f2b2209b8518","type":"Feature","feature_type":"opening","geometry":{"type":"LineString","coordinates":[[30.375375840627314,60.00873462441843],[30.375392885815138,60.008731748719114]]},"properties":{"category":"automobile","unit_categoty":"classroom","unit_restriction":null,"accessibility":null,"access_control":null,"door":{"type":"open","material":"metal","automatic":false},"name":null,"alt_name":null,"display_point":{"type":"Point","coordinates":[30.375375840627314,60.00873462441843]},"level_id":"0dcdc286-eabe-4b28-b9d7-d80f3c07c803"}},{"id":"93bf0126-c487-40ee-b89c-6fc4d8ce0b88","type":"Feature","feature_type":"opening","geometry":{"type":"LineString","coordinates":[[30.375328455299336,60.008742619729809],[30.375345500491274,60.008739743481584]]},"properties":{"category":"automobile","unit_categoty":"classroom","unit_restriction":null,"accessibility":null,"access_control":null,"door":{"type":"open","material":"metal","automatic":false},"name":null,"alt_name":null,"display_point":{"type":"Point","coordinates":[30.375328455299336,60.008742619729809]},"level_id":"0dcdc286-eabe-4b28-b9d7-d80f3c07c803"}},{"id":"a1f53dec-4e04-4b3e-a2a3-72c66eef24b6","type":"Feature","feature_type":"opening","geometry":{"type":"LineString","coordinates":[[30.375422106933815,60.008706410838549],[30.375439152112353,60.008703534590332]]},"properties":{"category":"automobile","unit_categoty":"classroom","unit_restriction":null,"accessibility":null,"access_control":null,"door":{"type":"open","material":"metal","automatic":false},"name":null,"alt_name":null,"display_point":{"type":"Point","coordinates":[30.375422106933815,60.008706410838549]},"level_id":"0dcdc286-eabe-4b28-b9d7-d80f3c07c803"}},{"id":"cf75d249-f9f4-4ca5-bc03-6250e2c96a17","type":"Feature","feature_type":"opening","geometry":{"type":"LineString","coordinates":[[30.377567380421429,60.009175166843541],[30.377600417829385,60.009169269436882]]},"properties":{"category":"automobile","unit_categoty":"stairs","unit_restriction":null,"accessibility":null,"access_control":null,"door":{"type":"open","material":"metal","automatic":false},"name":null,"alt_name":null,"display_point":{"type":"Point","coordinates":[30.377567380421429,60.009175166843541]},"level_id":"871bae75-c12c-49ab-8d82-46024fae6fa0"}},{"id":"cc21aa75-6ebb-4694-898e-91f776e7474c","type":"Feature","feature_type":"opening","geometry":{"type":"LineString","coordinates":[[30.37762683086974,60.009121582997857],[30.377643771192879,60.0091185558015]]},"properties":{"category":"automobile","unit_categoty":"classroom","unit_restriction":null,"accessibility":null,"access_control":null,"door":{"type":"open","material":"metal","automatic":false},"name":null,"alt_name":null,"display_point":{"type":"Point","coordinates":[30.37762683086974,60.009121582997857]},"level_id":"871bae75-c12c-49ab-8d82-46024fae6fa0"}},{"id":"2299ba79-6154-477d-8d94-d1d6f2f91a8f","type":"Feature","feature_type":"opening","geometry":{"type":"LineString","coordinates":[[30.377820118884689,60.0091109540531],[30.3778370608434,60.009107929601242]]},"properties":{"category":"automobile","unit_categoty":"classroom","unit_restriction":null,"accessibility":null,"access_control":null,"door":{"type":"open","material":"metal","automatic":false},"name":null,"alt_name":null,"display_point":{"type":"Point","coordinates":[30.377820118884689,60.0091109540531]},"level_id":"871bae75-c12c-49ab-8d82-46024fae6fa0"}},{"id":"244dd59f-4c0f-432e-b2ce-38e6b280a9e6","type":"Feature","feature_type":"opening","geometry":{"type":"LineString","coordinates":[[30.377620405468473,60.009146603063975],[30.377637347445468,60.009143579161027]]},"properties":{"category":"automobile","unit_categoty":"classroom","unit_restriction":null,"accessibility":null,"access_control":null,"door":{"type":"open","material":"metal","automatic":false},"name":null,"alt_name":null,"display_point":{"type":"Point","coordinates":[30.377620405468473,60.009146603063975]},"level_id":"871bae75-c12c-49ab-8d82-46024fae6fa0"}},{"id":"91f1d056-6103-432c-94af-509a6f269f14","type":"Feature","feature_type":"opening","geometry":{"type":"LineString","coordinates":[[30.377857381983493,60.009087066372494],[30.377863432138096,60.009095535386578]]},"properties":{"category":"automobile","unit_categoty":"classroom","unit_restriction":"restricted","accessibility":null,"access_control":null,"door":{"type":"open","material":"metal","automatic":false},"name":null,"alt_name":null,"display_point":{"type":"Point","coordinates":[30.377857381983493,60.009087066372494]},"level_id":"871bae75-c12c-49ab-8d82-46024fae6fa0"}},{"id":"44bb33be-c3f9-4b6f-a802-73b98b676024","type":"Feature","feature_type":"opening","geometry":{"type":"LineString","coordinates":[[30.3777880522421,60.009092804597479],[30.37780499419765,60.009089780694531]]},"properties":{"category":"automobile","unit_categoty":"classroom","unit_restriction":null,"accessibility":null,"access_control":null,"door":{"type":"open","material":"metal","automatic":false},"name":null,"alt_name":null,"display_point":{"type":"Point","coordinates":[30.3777880522421,60.009092804597479]},"level_id":"871bae75-c12c-49ab-8d82-46024fae6fa0"}},{"id":"a55dc23c-1c3d-4c49-8e22-57073447033e","type":"Feature","feature_type":"opening","geometry":{"type":"LineString","coordinates":[[30.377681939158503,60.0091356195283],[30.377698881129852,60.009132595076451]]},"properties":{"category":"automobile","unit_categoty":"classroom","unit_restriction":null,"accessibility":null,"access_control":null,"door":{"type":"open","material":"metal","automatic":false},"name":null,"alt_name":null,"display_point":{"type":"Point","coordinates":[30.377681939158503,60.0091356195283]},"level_id":"871bae75-c12c-49ab-8d82-46024fae6fa0"}},{"id":"98e7eaa8-fc2d-426f-b43b-1b043fb4f5fb","type":"Feature","feature_type":"opening","geometry":{"type":"LineString","coordinates":[[30.377984422421385,60.009692787780864],[30.378001364521616,60.009689763329014]]},"properties":{"category":"automobile","unit_categoty":"classroom","unit_restriction":null,"accessibility":null,"access_control":null,"door":{"type":"open","material":"metal","automatic":false},"name":null,"alt_name":null,"display_point":{"type":"Point","coordinates":[30.377984422421385,60.009692787780864]},"level_id":"871bae75-c12c-49ab-8d82-46024fae6fa0"}},{"id":"f6d60070-df0f-4b3c-89bb-0b5d5b1e239c","type":"Feature","feature_type":"opening","geometry":{"type":"LineString","coordinates":[[30.377944485108745,60.009723789784594],[30.377961427493279,60.009720765881646]]},"properties":{"category":"automobile","unit_categoty":"classroom","unit_restriction":null,"accessibility":null,"access_control":null,"door":{"type":"open","material":"metal","automatic":false},"name":null,"alt_name":null,"display_point":{"type":"Point","coordinates":[30.377944485108745,60.009723789784594]},"level_id":"871bae75-c12c-49ab-8d82-46024fae6fa0"}},{"id":"ca5b8156-832d-438b-853c-0128f23cf607","type":"Feature","feature_type":"opening","geometry":{"type":"LineString","coordinates":[[30.377880951702,60.009735130106783],[30.37789789381786,60.009732106752736]]},"properties":{"category":"automobile","unit_categoty":"classroom","unit_restriction":null,"accessibility":null,"access_control":null,"door":{"type":"open","material":"metal","automatic":false},"name":null,"alt_name":null,"display_point":{"type":"Point","coordinates":[30.377880951702,60.009735130106783]},"level_id":"871bae75-c12c-49ab-8d82-46024fae6fa0"}},{"id":"b64201e8-7ce1-4982-a92b-13b1ec5096fb","type":"Feature","feature_type":"opening","geometry":{"type":"LineString","coordinates":[[30.377867037205874,60.009708966128208],[30.377883979590127,60.009705941676359]]},"properties":{"category":"automobile","unit_categoty":"classroom","unit_restriction":null,"accessibility":null,"access_control":null,"door":{"type":"open","material":"metal","automatic":false},"name":null,"alt_name":null,"display_point":{"type":"Point","coordinates":[30.377867037205874,60.009708966128208]},"level_id":"871bae75-c12c-49ab-8d82-46024fae6fa0"}},{"id":"cef35204-6b4b-4e2a-b7e7-259eedda4e30","type":"Feature","feature_type":"opening","geometry":{"type":"LineString","coordinates":[[30.377461691468309,60.009174933560054],[30.377478633734324,60.009171909657105]]},"properties":{"category":"automobile","unit_categoty":"classroom","unit_restriction":null,"accessibility":null,"access_control":null,"door":{"type":"open","material":"metal","automatic":false},"name":null,"alt_name":null,"display_point":{"type":"Point","coordinates":[30.377461691468309,60.009174933560054]},"level_id":"871bae75-c12c-49ab-8d82-46024fae6fa0"}},{"id":"0f46e55d-3e59-401f-a02d-3dd8caff0df9","type":"Feature","feature_type":"opening","geometry":{"type":"LineString","coordinates":[[30.37794650269749,60.009680457787773],[30.377879580582196,60.009692403000329]]},"properties":{"category":"automobile","unit_categoty":"stairs","unit_restriction":null,"accessibility":null,"access_control":null,"door":{"type":"open","material":"metal","automatic":false},"name":null,"alt_name":null,"display_point":{"type":"Point","coordinates":[30.37794650269749,60.009680457787773]},"level_id":"871bae75-c12c-49ab-8d82-46024fae6fa0"}},{"id":"8e1be036-ed41-4de0-8326-c54680e9028a","type":"Feature","feature_type":"opening","geometry":{"type":"LineString","coordinates":[[30.377533495345332,60.009181215747248],[30.377600416731369,60.009169269436882]]},"properties":{"category":"automobile","unit_categoty":"stairs","unit_restriction":null,"accessibility":null,"access_control":null,"door":{"type":"open","material":"metal","automatic":false},"name":null,"alt_name":null,"display_point":{"type":"Point","coordinates":[30.377533495345332,60.009181215747248]},"level_id":"4b8e2188-88cf-47f6-a8c9-5e396726590d"}},{"id":"76562b0f-52f7-4be8-8d75-a9893a07eff9","type":"Feature","feature_type":"opening","geometry":{"type":"LineString","coordinates":[[30.377527000332751,60.009139336145992],[30.37754394011602,60.009136309498537]]},"properties":{"category":"automobile","unit_categoty":"classroom","unit_restriction":null,"accessibility":null,"access_control":null,"door":{"type":"open","material":"metal","automatic":false},"name":null,"alt_name":null,"display_point":{"type":"Point","coordinates":[30.377527000332751,60.009139336145992]},"level_id":"4b8e2188-88cf-47f6-a8c9-5e396726590d"}},{"id":"2c08030d-3ed7-4e19-b127-f1079cac777e","type":"Feature","feature_type":"opening","geometry":{"type":"LineString","coordinates":[[30.377817475984017,60.0091114261091],[30.3778344182175,60.009108402206152]]},"properties":{"category":"automobile","unit_categoty":"classroom","unit_restriction":null,"accessibility":null,"access_control":null,"door":{"type":"open","material":"metal","automatic":false},"name":null,"alt_name":null,"display_point":{"type":"Point","coordinates":[30.377817475984017,60.0091114261091]},"level_id":"4b8e2188-88cf-47f6-a8c9-5e396726590d"}},{"id":"b6bd1630-61d7-47ed-aa76-b878d1e371e3","type":"Feature","feature_type":"opening","geometry":{"type":"LineString","coordinates":[[30.377597228454967,60.009150740689755],[30.377614155335472,60.009147694281808]]},"properties":{"category":"automobile","unit_categoty":"classroom","unit_restriction":null,"accessibility":null,"access_control":null,"door":{"type":"open","material":"metal","automatic":false},"name":null,"alt_name":null,"display_point":{"type":"Point","coordinates":[30.377597228454967,60.009150740689755]},"level_id":"4b8e2188-88cf-47f6-a8c9-5e396726590d"}},{"id":"1703ed56-66c1-48f2-9831-5ffa9789ec04","type":"Feature","feature_type":"opening","geometry":{"type":"LineString","coordinates":[[30.377747289318105,60.009100080846792],[30.37776423155189,60.009097056943844]]},"properties":{"category":"automobile","unit_categoty":"classroom","unit_restriction":null,"accessibility":null,"access_control":null,"door":{"type":"open","material":"metal","automatic":false},"name":null,"alt_name":null,"display_point":{"type":"Point","coordinates":[30.377747289318105,60.009100080846792]},"level_id":"4b8e2188-88cf-47f6-a8c9-5e396726590d"}},{"id":"02939067-7f87-4ee2-b83b-e4ebeb5f9866","type":"Feature","feature_type":"opening","geometry":{"type":"LineString","coordinates":[[30.377720058660497,60.009128814786088],[30.37773700117739,60.009125790883139]]},"properties":{"category":"automobile","unit_categoty":"classroom","unit_restriction":null,"accessibility":null,"access_control":null,"door":{"type":"open","material":"metal","automatic":false},"name":null,"alt_name":null,"display_point":{"type":"Point","coordinates":[30.377720058660497,60.009128814786088]},"level_id":"4b8e2188-88cf-47f6-a8c9-5e396726590d"}},{"id":"5cb48b0b-7dc7-4b1c-87fa-c50ce78175de","type":"Feature","feature_type":"opening","geometry":{"type":"LineString","coordinates":[[30.378060662272041,60.009679178845339],[30.378077604639806,60.009676154393489]]},"properties":{"category":"automobile","unit_categoty":"classroom","unit_restriction":null,"accessibility":null,"access_control":null,"door":{"type":"open","material":"metal","automatic":false},"name":null,"alt_name":null,"display_point":{"type":"Point","coordinates":[30.378060662272041,60.009679178845339]},"level_id":"4b8e2188-88cf-47f6-a8c9-5e396726590d"}},{"id":"afb58e0d-690f-44f6-a53a-972b71b44b5b","type":"Feature","feature_type":"opening","geometry":{"type":"LineString","coordinates":[[30.378003782898752,60.009713204752018],[30.378020725003356,60.009710180849069]]},"properties":{"category":"automobile","unit_categoty":"classroom","unit_restriction":null,"accessibility":null,"access_control":null,"door":{"type":"open","material":"metal","automatic":false},"name":null,"alt_name":null,"display_point":{"type":"Point","coordinates":[30.378003782898752,60.009713204752018]},"level_id":"4b8e2188-88cf-47f6-a8c9-5e396726590d"}},{"id":"5b6fab7f-b2ad-457a-b7ea-d69441c1679d","type":"Feature","feature_type":"opening","geometry":{"type":"LineString","coordinates":[[30.377901827417244,60.009724242080118],[30.377895841434142,60.009715761539084]]},"properties":{"category":"automobile","unit_categoty":"classroom","unit_restriction":null,"accessibility":null,"access_control":null,"door":{"type":"open","material":"metal","automatic":false},"name":null,"alt_name":null,"display_point":{"type":"Point","coordinates":[30.377901827417244,60.009724242080118]},"level_id":"4b8e2188-88cf-47f6-a8c9-5e396726590d"}},{"id":"16d4bd82-30f7-46a1-8f70-2f8f5137f86c","type":"Feature","feature_type":"opening","geometry":{"type":"LineString","coordinates":[[30.377491340432812,60.009169641592663],[30.377508282421591,60.009166617140814]]},"properties":{"category":"automobile","unit_categoty":"classroom","unit_restriction":null,"accessibility":null,"access_control":null,"door":{"type":"open","material":"metal","automatic":false},"name":null,"alt_name":null,"display_point":{"type":"Point","coordinates":[30.377491340432812,60.009169641592663]},"level_id":"4b8e2188-88cf-47f6-a8c9-5e396726590d"}},{"id":"f5901a4e-1e72-4bed-b3d7-dea428adcdf4","type":"Feature","feature_type":"opening","geometry":{"type":"LineString","coordinates":[[30.378143556381946,60.009688255494311],[30.378160498473768,60.009685231591362]]},"properties":{"category":"automobile","unit_categoty":"classroom","unit_restriction":null,"accessibility":null,"access_control":null,"door":{"type":"open","material":"metal","automatic":false},"name":null,"alt_name":null,"display_point":{"type":"Point","coordinates":[30.378143556381946,60.009688255494311]},"level_id":"4b8e2188-88cf-47f6-a8c9-5e396726590d"}},{"id":"0906ad72-02a4-42da-94c7-465cfcf9674b","type":"Feature","feature_type":"opening","geometry":{"type":"LineString","coordinates":[[30.378200435661874,60.009654229587632],[30.37821737801686,60.009651205135775]]},"properties":{"category":"automobile","unit_categoty":"classroom","unit_restriction":null,"accessibility":null,"access_control":null,"door":{"type":"open","material":"metal","automatic":false},"name":null,"alt_name":null,"display_point":{"type":"Point","coordinates":[30.378200435661874,60.009654229587632]},"level_id":"4b8e2188-88cf-47f6-a8c9-5e396726590d"}},{"id":"cfd3473d-e364-4f58-abd3-ed75344c1bb1","type":"Feature","feature_type":"opening","geometry":{"type":"LineString","coordinates":[[30.378340208946206,60.009629279232115],[30.37835715101393,60.009626255329167]]},"properties":{"category":"automobile","unit_categoty":"classroom","unit_restriction":null,"accessibility":null,"access_control":null,"door":{"type":"open","material":"metal","automatic":false},"name":null,"alt_name":null,"display_point":{"type":"Point","coordinates":[30.378340208946206,60.009629279232115]},"level_id":"4b8e2188-88cf-47f6-a8c9-5e396726590d"}},{"id":"1f383e58-7088-4144-9c7b-6ef22b4fedef","type":"Feature","feature_type":"opening","geometry":{"type":"LineString","coordinates":[[30.378395271278261,60.009619451135855],[30.378412213340951,60.009616427232906]]},"properties":{"category":"automobile","unit_categoty":"classroom","unit_restriction":null,"accessibility":null,"access_control":null,"door":{"type":"open","material":"metal","automatic":false},"name":null,"alt_name":null,"display_point":{"type":"Point","coordinates":[30.378395271278261,60.009619451135855]},"level_id":"4b8e2188-88cf-47f6-a8c9-5e396726590d"}},{"id":"7aab91e4-7e47-4f60-8873-b5ae018d68e1","type":"Feature","feature_type":"opening","geometry":{"type":"LineString","coordinates":[[30.378283329485189,60.0096633062366],[30.3783002715642,60.009660281784747]]},"properties":{"category":"automobile","unit_categoty":"classroom","unit_restriction":null,"accessibility":null,"access_control":null,"door":{"type":"open","material":"metal","automatic":false},"name":null,"alt_name":null,"display_point":{"type":"Point","coordinates":[30.378283329485189,60.0096633062366]},"level_id":"4b8e2188-88cf-47f6-a8c9-5e396726590d"}},{"id":"6e25d3ba-b9d8-497c-a0d4-ae77a3a4b9b2","type":"Feature","feature_type":"opening","geometry":{"type":"LineString","coordinates":[[30.378427338342831,60.009637601140376],[30.378444280408676,60.009634576688519]]},"properties":{"category":"automobile","unit_categoty":"classroom","unit_restriction":null,"accessibility":null,"access_control":null,"door":{"type":"open","material":"metal","automatic":false},"name":null,"alt_name":null,"display_point":{"type":"Point","coordinates":[30.378427338342831,60.009637601140376]},"level_id":"4b8e2188-88cf-47f6-a8c9-5e396726590d"}},{"id":"10af0c00-245c-4416-b7be-f1bfb29d081b","type":"Feature","feature_type":"opening","geometry":{"type":"LineString","coordinates":[[30.37848240066884,60.009627772495207],[30.378499343004155,60.009624748043358]]},"properties":{"category":"automobile","unit_categoty":"classroom","unit_restriction":null,"accessibility":null,"access_control":null,"door":{"type":"open","material":"metal","automatic":false},"name":null,"alt_name":null,"display_point":{"type":"Point","coordinates":[30.37848240066884,60.009627772495207]},"level_id":"4b8e2188-88cf-47f6-a8c9-5e396726590d"}},{"id":"dc1a8f83-4f05-41d6-99aa-fe1965f591e4","type":"Feature","feature_type":"opening","geometry":{"type":"LineString","coordinates":[[30.378546545475007,60.009530376912068],[30.378552595483956,60.009538847023954]]},"properties":{"category":"automobile","unit_categoty":"classroom","unit_restriction":null,"accessibility":null,"access_control":null,"door":{"type":"open","material":"metal","automatic":false},"name":null,"alt_name":null,"display_point":{"type":"Point","coordinates":[30.378546545475007,60.009530376912068]},"level_id":"4b8e2188-88cf-47f6-a8c9-5e396726590d"}},{"id":"6ad714e3-b85e-4d1d-9d5a-54eafb847312","type":"Feature","feature_type":"opening","geometry":{"type":"LineString","coordinates":[[30.378552900130067,60.00951253209724],[30.378546836123896,60.009504065278769]]},"properties":{"category":"automobile","unit_categoty":"classroom","unit_restriction":null,"accessibility":null,"access_control":null,"door":{"type":"open","material":"metal","automatic":false},"name":null,"alt_name":null,"display_point":{"type":"Point","coordinates":[30.378552900130067,60.00951253209724]},"level_id":"4b8e2188-88cf-47f6-a8c9-5e396726590d"}},{"id":"b23b3aa2-5533-4319-b497-af7c4c59ab59","type":"Feature","feature_type":"opening","geometry":{"type":"LineString","coordinates":[[30.378489375413086,60.009423602234769],[30.378483311148695,60.00941513541629]]},"properties":{"category":"automobile","unit_categoty":"classroom","unit_restriction":null,"accessibility":null,"access_control":null,"door":{"type":"open","material":"metal","automatic":false},"name":null,"alt_name":null,"display_point":{"type":"Point","coordinates":[30.378489375413086,60.009423602234769]},"level_id":"4b8e2188-88cf-47f6-a8c9-5e396726590d"}},{"id":"932874e8-a61f-402e-8ed6-58b43a6aa975","type":"Feature","feature_type":"opening","geometry":{"type":"LineString","coordinates":[[30.378409213030377,60.009311381348532],[30.378403146316025,60.009302915078955]]},"properties":{"category":"automobile","unit_categoty":"classroom","unit_restriction":null,"accessibility":null,"access_control":null,"door":{"type":"open","material":"metal","automatic":false},"name":null,"alt_name":null,"display_point":{"type":"Point","coordinates":[30.378409213030377,60.009311381348532]},"level_id":"4b8e2188-88cf-47f6-a8c9-5e396726590d"}},{"id":"9b18fd63-a626-422d-8ffc-0636604d83d3","type":"Feature","feature_type":"opening","geometry":{"type":"LineString","coordinates":[[30.378360813041262,60.00924362539353],[30.378354746613823,60.009235159123953]]},"properties":{"category":"automobile","unit_categoty":"classroom","unit_restriction":null,"accessibility":null,"access_control":null,"door":{"type":"open","material":"metal","automatic":false},"name":null,"alt_name":null,"display_point":{"type":"Point","coordinates":[30.378360813041262,60.00924362539353]},"level_id":"4b8e2188-88cf-47f6-a8c9-5e396726590d"}},{"id":"0c459f23-8945-4f72-8dfc-521127ed143a","type":"Feature","feature_type":"opening","geometry":{"type":"LineString","coordinates":[[30.378336613495659,60.009209747690484],[30.37833054652539,60.009201280872006]]},"properties":{"category":"automobile","unit_categoty":"classroom","unit_restriction":null,"accessibility":null,"access_control":null,"door":{"type":"open","material":"metal","automatic":false},"name":null,"alt_name":null,"display_point":{"type":"Point","coordinates":[30.378336613495659,60.009209747690484]},"level_id":"4b8e2188-88cf-47f6-a8c9-5e396726590d"}},{"id":"58c597e1-38d4-4d71-b9b9-53220978c333","type":"Feature","feature_type":"opening","geometry":{"type":"LineString","coordinates":[[30.378313701477403,60.009177434907983],[30.378307634787532,60.009168968089504]]},"properties":{"category":"automobile","unit_categoty":"classroom","unit_restriction":null,"accessibility":null,"access_control":null,"door":{"type":"open","material":"metal","automatic":false},"name":null,"alt_name":null,"display_point":{"type":"Point","coordinates":[30.378313701477403,60.009177434907983]},"level_id":"4b8e2188-88cf-47f6-a8c9-5e396726590d"}},{"id":"f95e6883-a10a-4ea5-8d08-c2209296d463","type":"Feature","feature_type":"opening","geometry":{"type":"LineString","coordinates":[[30.378543226431635,60.009418764758514],[30.378537159964754,60.009410297940036]]},"properties":{"category":"automobile","unit_categoty":"classroom","unit_restriction":null,"accessibility":null,"access_control":null,"door":{"type":"open","material":"metal","automatic":false},"name":null,"alt_name":null,"display_point":{"type":"Point","coordinates":[30.378543226431635,60.009418764758514]},"level_id":"4b8e2188-88cf-47f6-a8c9-5e396726590d"}},{"id":"a94753a4-f6f7-42cb-8be8-0c0560c5363a","type":"Feature","feature_type":"opening","geometry":{"type":"LineString","coordinates":[[30.378516001733029,60.009380651725067],[30.378509937469168,60.009372184906596]]},"properties":{"category":"automobile","unit_categoty":"classroom","unit_restriction":null,"accessibility":null,"access_control":null,"door":{"type":"open","material":"metal","automatic":false},"name":null,"alt_name":null,"display_point":{"type":"Point","coordinates":[30.378516001733029,60.009380651725067]},"level_id":"4b8e2188-88cf-47f6-a8c9-5e396726590d"}},{"id":"e7938a51-37c7-4c9c-a18e-bbe7ed103754","type":"Feature","feature_type":"opening","geometry":{"type":"LineString","coordinates":[[30.378435839357202,60.00926843083883],[30.378429772368847,60.009259964020352]]},"properties":{"category":"automobile","unit_categoty":"classroom","unit_restriction":null,"accessibility":null,"access_control":null,"door":{"type":"open","material":"metal","automatic":false},"name":null,"alt_name":null,"display_point":{"type":"Point","coordinates":[30.378435839357202,60.00926843083883]},"level_id":"4b8e2188-88cf-47f6-a8c9-5e396726590d"}},{"id":"dd572849-94e5-4541-821c-3bc1e01919d5","type":"Feature","feature_type":"opening","geometry":{"type":"LineString","coordinates":[[30.378385927020151,60.009198557767533],[30.378379860593633,60.009190091497956]]},"properties":{"category":"automobile","unit_categoty":"classroom","unit_restriction":null,"accessibility":null,"access_control":null,"door":{"type":"open","material":"metal","automatic":false},"name":null,"alt_name":null,"display_point":{"type":"Point","coordinates":[30.378385927020151,60.009198557767533]},"level_id":"4b8e2188-88cf-47f6-a8c9-5e396726590d"}},{"id":"700bcf5b-a584-40d1-ab96-989843b3c929","type":"Feature","feature_type":"opening","geometry":{"type":"LineString","coordinates":[[30.378334502439731,60.009126567031039],[30.3783284360264,60.009118100761462]]},"properties":{"category":"automobile","unit_categoty":"classroom","unit_restriction":null,"accessibility":null,"access_control":null,"door":{"type":"open","material":"metal","automatic":false},"name":null,"alt_name":null,"display_point":{"type":"Point","coordinates":[30.378334502439731,60.009126567031039]},"level_id":"4b8e2188-88cf-47f6-a8c9-5e396726590d"}},{"id":"40b29804-20be-40a7-bba1-b1fa426f99fa","type":"Feature","feature_type":"opening","geometry":{"type":"LineString","coordinates":[[30.378529042142247,60.0089844106583],[30.378545984310634,60.00898138620645]]},"properties":{"category":"automobile","unit_categoty":"classroom","unit_restriction":null,"accessibility":null,"access_control":null,"door":{"type":"open","material":"metal","automatic":false},"name":null,"alt_name":null,"display_point":{"type":"Point","coordinates":[30.378529042142247,60.0089844106583]},"level_id":"4b8e2188-88cf-47f6-a8c9-5e396726590d"}},{"id":"82b961bd-0c9a-4b13-9d41-0363d4dc2246","type":"Feature","feature_type":"opening","geometry":{"type":"LineString","coordinates":[[30.378588339450346,60.008973825625723],[30.378605281338807,60.008970801173874]]},"properties":{"category":"automobile","unit_categoty":"classroom","unit_restriction":null,"accessibility":null,"access_control":null,"door":{"type":"open","material":"metal","automatic":false},"name":null,"alt_name":null,"display_point":{"type":"Point","coordinates":[30.378588339450346,60.008973825625723]},"level_id":"4b8e2188-88cf-47f6-a8c9-5e396726590d"}},{"id":"381e90a7-b678-404a-aa38-5cdc5ec38cb5","type":"Feature","feature_type":"opening","geometry":{"type":"LineString","coordinates":[[30.378808585526684,60.008934511045069],[30.378825527395037,60.008931487142121]]},"properties":{"category":"automobile","unit_categoty":"classroom","unit_restriction":null,"accessibility":null,"access_control":null,"door":{"type":"open","material":"metal","automatic":false},"name":null,"alt_name":null,"display_point":{"type":"Point","coordinates":[30.378808585526684,60.008934511045069]},"level_id":"4b8e2188-88cf-47f6-a8c9-5e396726590d"}},{"id":"e64550e5-0ed7-4239-8a5d-d90d2f09dd5d","type":"Feature","feature_type":"opening","geometry":{"type":"LineString","coordinates":[[30.378950283727949,60.008958549124912],[30.378956333461726,60.008967018138996]]},"properties":{"category":"automobile","unit_categoty":"classroom","unit_restriction":"restricted","accessibility":null,"access_control":null,"door":{"type":"open","material":"metal","automatic":false},"name":null,"alt_name":null,"display_point":{"type":"Point","coordinates":[30.378950283727949,60.008958549124912]},"level_id":"4b8e2188-88cf-47f6-a8c9-5e396726590d"}},{"id":"16079c98-85b7-46e6-ad7d-49f589acbc4b","type":"Feature","feature_type":"opening","geometry":{"type":"LineString","coordinates":[[30.378437678324985,60.008976845137454],[30.3784546182995,60.008973819038893]]},"properties":{"category":"automobile","unit_categoty":"classroom","unit_restriction":null,"accessibility":null,"access_control":null,"door":{"type":"open","material":"metal","automatic":false},"name":null,"alt_name":null,"display_point":{"type":"Point","coordinates":[30.378437678324985,60.008976845137454]},"level_id":"4b8e2188-88cf-47f6-a8c9-5e396726590d"}},{"id":"ea855bf3-8c73-482c-a27c-2221b7e5b96f","type":"Feature","feature_type":"opening","geometry":{"type":"LineString","coordinates":[[30.378573214548748,60.008952652267155],[30.3785901542363,60.008949625070791]]},"properties":{"category":"automobile","unit_categoty":"classroom","unit_restriction":null,"accessibility":null,"access_control":null,"door":{"type":"open","material":"metal","automatic":false},"name":null,"alt_name":null,"display_point":{"type":"Point","coordinates":[30.378573214548748,60.008952652267155]},"level_id":"4b8e2188-88cf-47f6-a8c9-5e396726590d"}},{"id":"7b0e27b4-34be-4c6c-81d5-0f740292d50e","type":"Feature","feature_type":"opening","geometry":{"type":"LineString","coordinates":[[30.378793460289071,60.008913337686508],[30.378810400505479,60.008910310490144]]},"properties":{"category":"automobile","unit_categoty":"classroom","unit_restriction":null,"accessibility":null,"access_control":null,"door":{"type":"open","material":"metal","automatic":false},"name":null,"alt_name":null,"display_point":{"type":"Point","coordinates":[30.378793460289071,60.008913337686508]},"level_id":"4b8e2188-88cf-47f6-a8c9-5e396726590d"}},{"id":"cd4b8958-80c5-47c8-81de-ea98ef8d2d53","type":"Feature","feature_type":"opening","geometry":{"type":"LineString","coordinates":[[30.378924760720846,60.008889900105814],[30.378941700925246,60.00888687290945]]},"properties":{"category":"automobile","unit_categoty":"classroom","unit_restriction":null,"accessibility":null,"access_control":null,"door":{"type":"open","material":"metal","automatic":false},"name":null,"alt_name":null,"display_point":{"type":"Point","coordinates":[30.378924760720846,60.008889900105814]},"level_id":"4b8e2188-88cf-47f6-a8c9-5e396726590d"}},{"id":"77e1b21f-8bf6-48bf-add8-c2591d747448","type":"Feature","feature_type":"opening","geometry":{"type":"LineString","coordinates":[[30.379052127922975,60.008874327746646],[30.379058183426579,60.008882795662927]]},"properties":{"category":"automobile","unit_categoty":"classroom","unit_restriction":null,"accessibility":null,"access_control":null,"door":{"type":"open","material":"metal","automatic":false},"name":null,"alt_name":null,"display_point":{"type":"Point","coordinates":[30.379052127922975,60.008874327746646]},"level_id":"4b8e2188-88cf-47f6-a8c9-5e396726590d"}},{"id":"46d3ce40-8047-4469-a0e6-c7bbc76d35c8","type":"Feature","feature_type":"opening","geometry":{"type":"LineString","coordinates":[[30.377450802721334,60.00915300381407],[30.377467744707726,60.009149979911122]]},"properties":{"category":"automobile","unit_categoty":"classroom","unit_restriction":null,"accessibility":null,"access_control":null,"door":{"type":"open","material":"metal","automatic":false},"name":null,"alt_name":null,"display_point":{"type":"Point","coordinates":[30.377450802721334,60.00915300381407]},"level_id":"4b8e2188-88cf-47f6-a8c9-5e396726590d"}},{"id":"f79778a2-e0ca-4a69-8f50-15da8435e0e4","type":"Feature","feature_type":"opening","geometry":{"type":"LineString","coordinates":[[30.37796995465694,60.00908420823805],[30.37798689660195,60.0090811837862]]},"properties":{"category":"automobile","unit_categoty":"classroom","unit_restriction":null,"accessibility":null,"access_control":null,"door":{"type":"open","material":"metal","automatic":false},"name":null,"alt_name":null,"display_point":{"type":"Point","coordinates":[30.37796995465694,60.00908420823805]},"level_id":"4b8e2188-88cf-47f6-a8c9-5e396726590d"}},{"id":"c97d4c33-5efe-4ccc-a218-86f0f52ed44b","type":"Feature","feature_type":"opening","geometry":{"type":"LineString","coordinates":[[30.378105491546258,60.00906001481885],[30.3781224334789,60.0090569909159]]},"properties":{"category":"automobile","unit_categoty":"classroom","unit_restriction":null,"accessibility":null,"access_control":null,"door":{"type":"open","material":"metal","automatic":false},"name":null,"alt_name":null,"display_point":{"type":"Point","coordinates":[30.378105491546258,60.00906001481885]},"level_id":"4b8e2188-88cf-47f6-a8c9-5e396726590d"}},{"id":"d8b99a71-7aaf-4ca5-94a2-94c7a67803dd","type":"Feature","feature_type":"opening","geometry":{"type":"LineString","coordinates":[[30.377954829653525,60.00906303433058],[30.377971771868332,60.009060010427632]]},"properties":{"category":"automobile","unit_categoty":"classroom","unit_restriction":null,"accessibility":null,"access_control":null,"door":{"type":"open","material":"metal","automatic":false},"name":null,"alt_name":null,"display_point":{"type":"Point","coordinates":[30.377954829653525,60.00906303433058]},"level_id":"4b8e2188-88cf-47f6-a8c9-5e396726590d"}},{"id":"dd5291be-fa02-43e2-bb0c-c361d2f2ded1","type":"Feature","feature_type":"opening","geometry":{"type":"LineString","coordinates":[[30.378039540437538,60.009047914266937],[30.37805648237007,60.00904488981508]]},"properties":{"category":"automobile","unit_categoty":"classroom","unit_restriction":null,"accessibility":null,"access_control":null,"door":{"type":"open","material":"metal","automatic":false},"name":null,"alt_name":null,"display_point":{"type":"Point","coordinates":[30.378039540437538,60.009047914266937]},"level_id":"4b8e2188-88cf-47f6-a8c9-5e396726590d"}},{"id":"84b9718c-6cfd-4b5c-9655-36fe2ddd4b35","type":"Feature","feature_type":"opening","geometry":{"type":"LineString","coordinates":[[30.378094602604776,60.009038085621768],[30.3781115445323,60.009035061718819]]},"properties":{"category":"automobile","unit_categoty":"classroom","unit_restriction":null,"accessibility":null,"access_control":null,"door":{"type":"open","material":"metal","automatic":false},"name":null,"alt_name":null,"display_point":{"type":"Point","coordinates":[30.378094602604776,60.009038085621768]},"level_id":"4b8e2188-88cf-47f6-a8c9-5e396726590d"}},{"id":"380f9274-9fa4-4b8f-9db9-2615854650ad","type":"Feature","feature_type":"opening","geometry":{"type":"LineString","coordinates":[[30.378145428108137,60.00902901281512],[30.378162370305489,60.00902598836327]]},"properties":{"category":"automobile","unit_categoty":"classroom","unit_restriction":null,"accessibility":null,"access_control":null,"door":{"type":"open","material":"metal","automatic":false},"name":null,"alt_name":null,"display_point":{"type":"Point","coordinates":[30.378145428108137,60.00902901281512]},"level_id":"4b8e2188-88cf-47f6-a8c9-5e396726590d"}},{"id":"99febda1-9842-440c-8850-f4d801a3d3fc","type":"Feature","feature_type":"opening","geometry":{"type":"LineString","coordinates":[[30.377775120393547,60.009118986140926],[30.377792062630878,60.009115961689076]]},"properties":{"category":"automobile","unit_categoty":"restroom","unit_restriction":null,"accessibility":null,"access_control":null,"door":{"type":"open","material":"metal","automatic":false},"name":null,"alt_name":null,"display_point":{"type":"Point","coordinates":[30.377775120393547,60.009118986140926]},"level_id":"4b8e2188-88cf-47f6-a8c9-5e396726590d"}},{"id":"e965eaf3-09dc-40f9-8163-2441cb7aa180","type":"Feature","feature_type":"opening","geometry":{"type":"LineString","coordinates":[[30.378660306363965,60.009428901337884],[30.378677248365697,60.009425876886034]]},"properties":{"category":"automobile","unit_categoty":"restroom","unit_restriction":null,"accessibility":null,"access_control":null,"door":{"type":"open","material":"metal","automatic":false},"name":null,"alt_name":null,"display_point":{"type":"Point","coordinates":[30.378660306363965,60.009428901337884]},"level_id":"4b8e2188-88cf-47f6-a8c9-5e396726590d"}},{"id":"40e749cd-42bd-4820-85b5-ff1a5d31bfc1","type":"Feature","feature_type":"opening","geometry":{"type":"LineString","coordinates":[[30.378600701477843,60.0094992245091],[30.378606751765354,60.009507694072084]]},"properties":{"category":"automobile","unit_categoty":"classroom","unit_restriction":"restricted","accessibility":null,"access_control":null,"door":{"type":"open","material":"metal","automatic":false},"name":null,"alt_name":null,"display_point":{"type":"Point","coordinates":[30.378600701477843,60.0094992245091]},"level_id":"4b8e2188-88cf-47f6-a8c9-5e396726590d"}},{"id":"ea9fb5ec-5d1a-4678-88bc-6d2a01248253","type":"Feature","feature_type":"opening","geometry":{"type":"LineString","coordinates":[[30.378571360211733,60.009444778337851],[30.3785883022216,60.009441753886]]},"properties":{"category":"automobile","unit_categoty":"restroom","unit_restriction":null,"accessibility":null,"access_control":null,"door":{"type":"open","material":"metal","automatic":false},"name":null,"alt_name":null,"display_point":{"type":"Point","coordinates":[30.378571360211733,60.009444778337851]},"level_id":"4b8e2188-88cf-47f6-a8c9-5e396726590d"}},{"id":"e63f4cc3-c7a0-4e36-a0ec-db04e399e117","type":"Feature","feature_type":"opening","geometry":{"type":"LineString","coordinates":[[30.377669232747589,60.009137887592736],[30.377686174720122,60.009134863689788]]},"properties":{"category":"automobile","unit_categoty":"restroom","unit_restriction":null,"accessibility":null,"access_control":null,"door":{"type":"open","material":"metal","automatic":false},"name":null,"alt_name":null,"display_point":{"type":"Point","coordinates":[30.377669232747589,60.009137887592736]},"level_id":"4b8e2188-88cf-47f6-a8c9-5e396726590d"}},{"id":"817d0ea9-d5c8-46ad-bc5a-4c2414f78190","type":"Feature","feature_type":"opening","geometry":{"type":"LineString","coordinates":[[30.37794650269749,60.009680457787773],[30.377879580582196,60.009692403000329]]},"properties":{"category":"automobile","unit_categoty":"stairs","unit_restriction":null,"accessibility":null,"access_control":null,"door":{"type":"open","material":"metal","automatic":false},"name":null,"alt_name":null,"display_point":{"type":"Point","coordinates":[30.37794650269749,60.009680457787773]},"level_id":"4b8e2188-88cf-47f6-a8c9-5e396726590d"}},{"id":"1824ce21-f482-4c55-9ca3-a66dd814c5e1","type":"Feature","feature_type":"opening","geometry":{"type":"LineString","coordinates":[[30.379007454193566,60.00891811149009],[30.379074375047288,60.008906166826435]]},"properties":{"category":"automobile","unit_categoty":"stairs","unit_restriction":null,"accessibility":null,"access_control":null,"door":{"type":"open","material":"metal","automatic":false},"name":null,"alt_name":null,"display_point":{"type":"Point","coordinates":[30.379007454193566,60.00891811149009]},"level_id":"4b8e2188-88cf-47f6-a8c9-5e396726590d"}},{"id":"297ce5a8-a92d-45f7-b55c-ca6120f39d17","type":"Feature","feature_type":"opening","geometry":{"type":"LineString","coordinates":[[30.377636260233551,60.009098413830415],[30.377642310086372,60.0091068828445]]},"properties":{"category":"automobile","unit_categoty":"classroom","unit_restriction":null,"accessibility":null,"access_control":null,"door":{"type":"open","material":"metal","automatic":false},"name":null,"alt_name":null,"display_point":{"type":"Point","coordinates":[30.377636260233551,60.009098413830415]},"level_id":"b79df9a4-80fb-4310-b230-7f5c69d8c4e8"}},{"id":"065a9b1d-04e1-47f0-958f-44767012dc08","type":"Feature","feature_type":"opening","geometry":{"type":"LineString","coordinates":[[30.377821711268034,60.009110670270587],[30.377838653501104,60.009107645818737]]},"properties":{"category":"automobile","unit_categoty":"classroom","unit_restriction":null,"accessibility":null,"access_control":null,"door":{"type":"open","material":"metal","automatic":false},"name":null,"alt_name":null,"display_point":{"type":"Point","coordinates":[30.377821711268034,60.009110670270587]},"level_id":"b79df9a4-80fb-4310-b230-7f5c69d8c4e8"}},{"id":"2fba1586-1df0-413b-99bd-02d40a0000b0","type":"Feature","feature_type":"opening","geometry":{"type":"LineString","coordinates":[[30.377614170708565,60.009147716237905],[30.377631112686132,60.009144692334957]]},"properties":{"category":"automobile","unit_categoty":"classroom","unit_restriction":null,"accessibility":null,"access_control":null,"door":{"type":"open","material":"metal","automatic":false},"name":null,"alt_name":null,"display_point":{"type":"Point","coordinates":[30.377614170708565,60.009147716237905]},"level_id":"b79df9a4-80fb-4310-b230-7f5c69d8c4e8"}},{"id":"8fca7bc0-9fdb-4299-8e4d-8ebf202241a7","type":"Feature","feature_type":"opening","geometry":{"type":"LineString","coordinates":[[30.377823528534364,60.009086471911267],[30.377840470761154,60.009083447459417]]},"properties":{"category":"automobile","unit_categoty":"classroom","unit_restriction":null,"accessibility":null,"access_control":null,"door":{"type":"open","material":"metal","automatic":false},"name":null,"alt_name":null,"display_point":{"type":"Point","coordinates":[30.377823528534364,60.009086471911267]},"level_id":"b79df9a4-80fb-4310-b230-7f5c69d8c4e8"}},{"id":"5e548b02-b0df-41a6-8acc-51ebe896dab6","type":"Feature","feature_type":"opening","geometry":{"type":"LineString","coordinates":[[30.378060662272041,60.009679178845339],[30.378077604639806,60.009676154393489]]},"properties":{"category":"automobile","unit_categoty":"classroom","unit_restriction":null,"accessibility":null,"access_control":null,"door":{"type":"open","material":"metal","automatic":false},"name":null,"alt_name":null,"display_point":{"type":"Point","coordinates":[30.378060662272041,60.009679178845339]},"level_id":"b79df9a4-80fb-4310-b230-7f5c69d8c4e8"}},{"id":"0d74890c-3567-4bbf-b6fa-f29cfd9b3fa4","type":"Feature","feature_type":"opening","geometry":{"type":"LineString","coordinates":[[30.377931778593844,60.009726057849036],[30.377948720705056,60.009723034494989]]},"properties":{"category":"automobile","unit_categoty":"classroom","unit_restriction":null,"accessibility":null,"access_control":null,"door":{"type":"open","material":"metal","automatic":false},"name":null,"alt_name":null,"display_point":{"type":"Point","coordinates":[30.377931778593844,60.009726057849036]},"level_id":"b79df9a4-80fb-4310-b230-7f5c69d8c4e8"}},{"id":"d25d9e91-eb07-43c1-860c-ef12a1df948c","type":"Feature","feature_type":"opening","geometry":{"type":"LineString","coordinates":[[30.377867037205874,60.009708966128208],[30.377883979590127,60.009705941676359]]},"properties":{"category":"automobile","unit_categoty":"classroom","unit_restriction":null,"accessibility":null,"access_control":null,"door":{"type":"open","material":"metal","automatic":false},"name":null,"alt_name":null,"display_point":{"type":"Point","coordinates":[30.377867037205874,60.009708966128208]},"level_id":"b79df9a4-80fb-4310-b230-7f5c69d8c4e8"}},{"id":"a875ebac-1ffe-4799-bfae-665f5482a920","type":"Feature","feature_type":"opening","geometry":{"type":"LineString","coordinates":[[30.377480451402374,60.009147711846687],[30.377497393386033,60.00914468739483]]},"properties":{"category":"automobile","unit_categoty":"classroom","unit_restriction":null,"accessibility":null,"access_control":null,"door":{"type":"open","material":"metal","automatic":false},"name":null,"alt_name":null,"display_point":{"type":"Point","coordinates":[30.377480451402374,60.009147711846687]},"level_id":"b79df9a4-80fb-4310-b230-7f5c69d8c4e8"}},{"id":"a7687890-be70-4e98-b70f-483168a77572","type":"Feature","feature_type":"opening","geometry":{"type":"LineString","coordinates":[[30.378147791973706,60.0096875002047],[30.378164734065116,60.009684475752849]]},"properties":{"category":"automobile","unit_categoty":"classroom","unit_restriction":null,"accessibility":null,"access_control":null,"door":{"type":"open","material":"metal","automatic":false},"name":null,"alt_name":null,"display_point":{"type":"Point","coordinates":[30.378147791973706,60.0096875002047]},"level_id":"b79df9a4-80fb-4310-b230-7f5c69d8c4e8"}},{"id":"5260305e-9c9a-4cca-b02c-9bf0bff64a91","type":"Feature","feature_type":"opening","geometry":{"type":"LineString","coordinates":[[30.378191964483776,60.009655741264652],[30.378208906565028,60.0096527168128]]},"properties":{"category":"automobile","unit_categoty":"classroom","unit_restriction":null,"accessibility":null,"access_control":null,"door":{"type":"open","material":"metal","automatic":false},"name":null,"alt_name":null,"display_point":{"type":"Point","coordinates":[30.378191964483776,60.009655741264652]},"level_id":"b79df9a4-80fb-4310-b230-7f5c69d8c4e8"}},{"id":"d174a24f-6a29-4099-8b4d-170db21ced06","type":"Feature","feature_type":"opening","geometry":{"type":"LineString","coordinates":[[30.378340208946206,60.009629279232115],[30.37835715101393,60.009626255329167]]},"properties":{"category":"automobile","unit_categoty":"classroom","unit_restriction":null,"accessibility":null,"access_control":null,"door":{"type":"open","material":"metal","automatic":false},"name":null,"alt_name":null,"display_point":{"type":"Point","coordinates":[30.378340208946206,60.009629279232115]},"level_id":"b79df9a4-80fb-4310-b230-7f5c69d8c4e8"}},{"id":"9f45b919-bbb8-4a16-bb99-1dba9968d921","type":"Feature","feature_type":"opening","geometry":{"type":"LineString","coordinates":[[30.378399506862714,60.009618695297341],[30.378416448925016,60.009615671394393]]},"properties":{"category":"automobile","unit_categoty":"classroom","unit_restriction":null,"accessibility":null,"access_control":null,"door":{"type":"open","material":"metal","automatic":false},"name":null,"alt_name":null,"display_point":{"type":"Point","coordinates":[30.378399506862714,60.009618695297341]},"level_id":"b79df9a4-80fb-4310-b230-7f5c69d8c4e8"}},{"id":"a84679b5-71a8-46c3-b063-aaf6a19e0779","type":"Feature","feature_type":"opening","geometry":{"type":"LineString","coordinates":[[30.378423102757488,60.009638356978883],[30.378440044823719,60.009635332527033]]},"properties":{"category":"automobile","unit_categoty":"classroom","unit_restriction":null,"accessibility":null,"access_control":null,"door":{"type":"open","material":"metal","automatic":false},"name":null,"alt_name":null,"display_point":{"type":"Point","coordinates":[30.378423102757488,60.009638356978883]},"level_id":"b79df9a4-80fb-4310-b230-7f5c69d8c4e8"}},{"id":"3bd511c7-1a3c-40c8-9d7d-0e583418eb43","type":"Feature","feature_type":"opening","geometry":{"type":"LineString","coordinates":[[30.378634879983977,60.009600554624157],[30.378651822305375,60.009597530721209]]},"properties":{"category":"automobile","unit_categoty":"classroom","unit_restriction":null,"accessibility":null,"access_control":null,"door":{"type":"open","material":"metal","automatic":false},"name":null,"alt_name":null,"display_point":{"type":"Point","coordinates":[30.378634879983977,60.009600554624157]},"level_id":"b79df9a4-80fb-4310-b230-7f5c69d8c4e8"}},{"id":"d6a5de83-d287-40fe-b431-3c09bb6af169","type":"Feature","feature_type":"opening","geometry":{"type":"LineString","coordinates":[[30.378515087477272,60.009459597054118],[30.378509121752689,60.009451113219669]]},"properties":{"category":"automobile","unit_categoty":"classroom","unit_restriction":null,"accessibility":null,"access_control":null,"door":{"type":"open","material":"metal","automatic":false},"name":null,"alt_name":null,"display_point":{"type":"Point","coordinates":[30.378515087477272,60.009459597054118]},"level_id":"b79df9a4-80fb-4310-b230-7f5c69d8c4e8"}},{"id":"60069ebe-ca1b-4033-9da3-dbe20d289096","type":"Feature","feature_type":"opening","geometry":{"type":"LineString","coordinates":[[30.378410725660324,60.009313499013729],[30.378404658671052,60.009305032195257]]},"properties":{"category":"automobile","unit_categoty":"classroom","unit_restriction":null,"accessibility":null,"access_control":null,"door":{"type":"open","material":"metal","automatic":false},"name":null,"alt_name":null,"display_point":{"type":"Point","coordinates":[30.378410725660324,60.009313499013729]},"level_id":"b79df9a4-80fb-4310-b230-7f5c69d8c4e8"}},{"id":"c64b68e1-9c63-4ff3-8dd2-24ae3eb072e7","type":"Feature","feature_type":"opening","geometry":{"type":"LineString","coordinates":[[30.378385012886156,60.009277503096577],[30.378378946452514,60.009269036827007]]},"properties":{"category":"automobile","unit_categoty":"classroom","unit_restriction":null,"accessibility":null,"access_control":null,"door":{"type":"open","material":"metal","automatic":false},"name":null,"alt_name":null,"display_point":{"type":"Point","coordinates":[30.378385012886156,60.009277503096577]},"level_id":"b79df9a4-80fb-4310-b230-7f5c69d8c4e8"}},{"id":"439b619a-ad0f-4c58-b1e6-e5c369fab4f2","type":"Feature","feature_type":"opening","geometry":{"type":"LineString","coordinates":[[30.378312413700343,60.00917586998743],[30.378306349206788,60.009167402620051]]},"properties":{"category":"automobile","unit_categoty":"classroom","unit_restriction":null,"accessibility":null,"access_control":null,"door":{"type":"open","material":"metal","automatic":false},"name":null,"alt_name":null,"display_point":{"type":"Point","coordinates":[30.378312413700343,60.00917586998743]},"level_id":"b79df9a4-80fb-4310-b230-7f5c69d8c4e8"}},{"id":"12ecedc2-8313-4d5e-9f3b-f53ae7e08039","type":"Feature","feature_type":"opening","geometry":{"type":"LineString","coordinates":[[30.378461551880967,60.00930442620708],[30.378455487631065,60.0092959593886]]},"properties":{"category":"automobile","unit_categoty":"classroom","unit_restriction":null,"accessibility":null,"access_control":null,"door":{"type":"open","material":"metal","automatic":false},"name":null,"alt_name":null,"display_point":{"type":"Point","coordinates":[30.378461551880967,60.00930442620708]},"level_id":"b79df9a4-80fb-4310-b230-7f5c69d8c4e8"}},{"id":"60933312-18d8-4543-9708-70468955a096","type":"Feature","feature_type":"opening","geometry":{"type":"LineString","coordinates":[[30.378435839357202,60.00926843083883],[30.378429789387969,60.009259961275845]]},"properties":{"category":"automobile","unit_categoty":"classroom","unit_restriction":null,"accessibility":null,"access_control":null,"door":{"type":"open","material":"metal","automatic":false},"name":null,"alt_name":null,"display_point":{"type":"Point","coordinates":[30.378435839357202,60.00926843083883]},"level_id":"b79df9a4-80fb-4310-b230-7f5c69d8c4e8"}},{"id":"20e85085-31df-494e-9784-25895e6ab3a2","type":"Feature","feature_type":"opening","geometry":{"type":"LineString","coordinates":[[30.378385927020151,60.009198557767533],[30.378379860593633,60.009190091497956]]},"properties":{"category":"automobile","unit_categoty":"classroom","unit_restriction":null,"accessibility":null,"access_control":null,"door":{"type":"open","material":"metal","automatic":false},"name":null,"alt_name":null,"display_point":{"type":"Point","coordinates":[30.378385927020151,60.009198557767533]},"level_id":"b79df9a4-80fb-4310-b230-7f5c69d8c4e8"}},{"id":"3be418e3-1e74-439d-aa75-19d9da45976e","type":"Feature","feature_type":"opening","geometry":{"type":"LineString","coordinates":[[30.378334502439731,60.009126567031039],[30.3783284360264,60.009118100761462]]},"properties":{"category":"automobile","unit_categoty":"classroom","unit_restriction":null,"accessibility":null,"access_control":null,"door":{"type":"open","material":"metal","automatic":false},"name":null,"alt_name":null,"display_point":{"type":"Point","coordinates":[30.378334502439731,60.009126567031039]},"level_id":"b79df9a4-80fb-4310-b230-7f5c69d8c4e8"}},{"id":"6bc26be7-d24f-4f18-a318-eb1c624002ac","type":"Feature","feature_type":"opening","geometry":{"type":"LineString","coordinates":[[30.378605281338807,60.008970801173874],[30.378622223225747,60.008967777270925]]},"properties":{"category":"automobile","unit_categoty":"classroom","unit_restriction":null,"accessibility":null,"access_control":null,"door":{"type":"open","material":"metal","automatic":false},"name":null,"alt_name":null,"display_point":{"type":"Point","coordinates":[30.378605281338807,60.008970801173874]},"level_id":"b79df9a4-80fb-4310-b230-7f5c69d8c4e8"}},{"id":"95be0abf-8b29-4fca-9f6e-e9cd38e9c8a2","type":"Feature","feature_type":"opening","geometry":{"type":"LineString","coordinates":[[30.378664578622566,60.0089602172391],[30.378681520504085,60.008957193336151]]},"properties":{"category":"automobile","unit_categoty":"classroom","unit_restriction":null,"accessibility":null,"access_control":null,"door":{"type":"open","material":"metal","automatic":false},"name":null,"alt_name":null,"display_point":{"type":"Point","coordinates":[30.378664578622566,60.0089602172391]},"level_id":"b79df9a4-80fb-4310-b230-7f5c69d8c4e8"}},{"id":"f6b140f0-6990-455d-9beb-20e097e0ef91","type":"Feature","feature_type":"opening","geometry":{"type":"LineString","coordinates":[[30.378812821062581,60.008933755755464],[30.378829762930515,60.008930731303614]]},"properties":{"category":"automobile","unit_categoty":"classroom","unit_restriction":null,"accessibility":null,"access_control":null,"door":{"type":"open","material":"metal","automatic":false},"name":null,"alt_name":null,"display_point":{"type":"Point","coordinates":[30.378812821062581,60.008933755755464]},"level_id":"b79df9a4-80fb-4310-b230-7f5c69d8c4e8"}},{"id":"12ec102c-8209-4525-88d1-c022dbe0d8ac","type":"Feature","feature_type":"opening","geometry":{"type":"LineString","coordinates":[[30.378968325029263,60.00895179597952],[30.378985266894706,60.008948771527663]]},"properties":{"category":"automobile","unit_categoty":"classroom","unit_restriction":"restricted","accessibility":null,"access_control":null,"door":{"type":"open","material":"metal","automatic":false},"name":null,"alt_name":null,"display_point":{"type":"Point","coordinates":[30.378968325029263,60.00895179597952]},"level_id":"b79df9a4-80fb-4310-b230-7f5c69d8c4e8"}},{"id":"731675c2-d2e9-4211-8533-faec41583e69","type":"Feature","feature_type":"opening","geometry":{"type":"LineString","coordinates":[[30.378509681990511,60.008963992589344],[30.378526621683907,60.008960965941881]]},"properties":{"category":"automobile","unit_categoty":"classroom","unit_restriction":null,"accessibility":null,"access_control":null,"door":{"type":"open","material":"metal","automatic":false},"name":null,"alt_name":null,"display_point":{"type":"Point","coordinates":[30.378509681990511,60.008963992589344]},"level_id":"b79df9a4-80fb-4310-b230-7f5c69d8c4e8"}},{"id":"3e54c3e4-1579-4c45-ae0d-1f438d08a39e","type":"Feature","feature_type":"opening","geometry":{"type":"LineString","coordinates":[[30.378717221471938,60.008926946622033],[30.37873416169532,60.008923919425669]]},"properties":{"category":"automobile","unit_categoty":"classroom","unit_restriction":null,"accessibility":null,"access_control":null,"door":{"type":"open","material":"metal","automatic":false},"name":null,"alt_name":null,"display_point":{"type":"Point","coordinates":[30.378717221471938,60.008926946622033]},"level_id":"b79df9a4-80fb-4310-b230-7f5c69d8c4e8"}},{"id":"1dbcaf09-293f-47d4-8c7c-a6e1a22e7533","type":"Feature","feature_type":"opening","geometry":{"type":"LineString","coordinates":[[30.378814637961487,60.008909557945046],[30.378831577901426,60.008906530199781]]},"properties":{"category":"automobile","unit_categoty":"classroom","unit_restriction":null,"accessibility":null,"access_control":null,"door":{"type":"open","material":"metal","automatic":false},"name":null,"alt_name":null,"display_point":{"type":"Point","coordinates":[30.378814637961487,60.008909557945046]},"level_id":"b79df9a4-80fb-4310-b230-7f5c69d8c4e8"}},{"id":"4cd4e41b-7c89-4777-8ce0-2bba9ad41e33","type":"Feature","feature_type":"opening","geometry":{"type":"LineString","coordinates":[[30.379009470786862,60.008874779493269],[30.379026410434474,60.008871751748]]},"properties":{"category":"automobile","unit_categoty":"classroom","unit_restriction":null,"accessibility":null,"access_control":null,"door":{"type":"open","material":"metal","automatic":false},"name":null,"alt_name":null,"display_point":{"type":"Point","coordinates":[30.379009470786862,60.008874779493269]},"level_id":"b79df9a4-80fb-4310-b230-7f5c69d8c4e8"}},{"id":"47bc4b63-c318-4c90-aac0-79426f366a18","type":"Feature","feature_type":"opening","geometry":{"type":"LineString","coordinates":[[30.379052127922975,60.008874327746646],[30.379058183426579,60.008882795662927]]},"properties":{"category":"automobile","unit_categoty":"classroom","unit_restriction":null,"accessibility":null,"access_control":null,"door":{"type":"open","material":"metal","automatic":false},"name":null,"alt_name":null,"display_point":{"type":"Point","coordinates":[30.379052127922975,60.008874327746646]},"level_id":"b79df9a4-80fb-4310-b230-7f5c69d8c4e8"}},{"id":"1e03ffa3-9445-4f6e-ac8b-7b06eabc4d5f","type":"Feature","feature_type":"opening","geometry":{"type":"LineString","coordinates":[[30.378109726549187,60.009059258980336],[30.378126668755922,60.009056234528487]]},"properties":{"category":"automobile","unit_categoty":"classroom","unit_restriction":null,"accessibility":null,"access_control":null,"door":{"type":"open","material":"metal","automatic":false},"name":null,"alt_name":null,"display_point":{"type":"Point","coordinates":[30.378109726549187,60.009059258980336]},"level_id":"b79df9a4-80fb-4310-b230-7f5c69d8c4e8"}},{"id":"39bed1f3-abb1-445e-98ff-c1d778ecdf68","type":"Feature","feature_type":"opening","geometry":{"type":"LineString","coordinates":[[30.378043213255086,60.0090471057338],[30.378060155187242,60.009044081281949]]},"properties":{"category":"automobile","unit_categoty":"classroom","unit_restriction":null,"accessibility":null,"access_control":null,"door":{"type":"open","material":"metal","automatic":false},"name":null,"alt_name":null,"display_point":{"type":"Point","coordinates":[30.378043213255086,60.0090471057338]},"level_id":"b79df9a4-80fb-4310-b230-7f5c69d8c4e8"}},{"id":"4a5c5a1e-659f-4842-a893-5d356554974a","type":"Feature","feature_type":"opening","geometry":{"type":"LineString","coordinates":[[30.377874354935628,60.009077399653521],[30.37789129715777,60.009074375201671]]},"properties":{"category":"automobile","unit_categoty":"classroom","unit_restriction":null,"accessibility":null,"access_control":null,"door":{"type":"open","material":"metal","automatic":false},"name":null,"alt_name":null,"display_point":{"type":"Point","coordinates":[30.377874354935628,60.009077399653521]},"level_id":"b79df9a4-80fb-4310-b230-7f5c69d8c4e8"}},{"id":"f7d8c2c3-e66e-4411-8a90-1b2b1490a6a4","type":"Feature","feature_type":"opening","geometry":{"type":"LineString","coordinates":[[30.3780988376064,60.00903732923436],[30.378115779533509,60.0090343047825]]},"properties":{"category":"automobile","unit_categoty":"classroom","unit_restriction":null,"accessibility":null,"access_control":null,"door":{"type":"open","material":"metal","automatic":false},"name":null,"alt_name":null,"display_point":{"type":"Point","coordinates":[30.3780988376064,60.00903732923436]},"level_id":"b79df9a4-80fb-4310-b230-7f5c69d8c4e8"}},{"id":"e3eae09b-4408-421c-9913-6416042dd674","type":"Feature","feature_type":"opening","geometry":{"type":"LineString","coordinates":[[30.378660306363965,60.009428901337884],[30.378677248365697,60.009425876886034]]},"properties":{"category":"automobile","unit_categoty":"restroom","unit_restriction":null,"accessibility":null,"access_control":null,"door":{"type":"open","material":"metal","automatic":false},"name":null,"alt_name":null,"display_point":{"type":"Point","coordinates":[30.378660306363965,60.009428901337884]},"level_id":"b79df9a4-80fb-4310-b230-7f5c69d8c4e8"}},{"id":"3a692f20-81f3-4fdd-ab2b-5607acfe544c","type":"Feature","feature_type":"opening","geometry":{"type":"LineString","coordinates":[[30.378668165782027,60.009513443275111],[30.378674215804942,60.0095219122892]]},"properties":{"category":"automobile","unit_categoty":"classroom","unit_restriction":"restricted","accessibility":null,"access_control":null,"door":{"type":"open","material":"metal","automatic":false},"name":null,"alt_name":null,"display_point":{"type":"Point","coordinates":[30.378668165782027,60.009513443275111]},"level_id":"b79df9a4-80fb-4310-b230-7f5c69d8c4e8"}},{"id":"b09cc6ec-d27a-47c1-b55f-da31957bd804","type":"Feature","feature_type":"opening","geometry":{"type":"LineString","coordinates":[[30.378571360211733,60.009444778337851],[30.3785883022216,60.009441753886]]},"properties":{"category":"automobile","unit_categoty":"restroom","unit_restriction":null,"accessibility":null,"access_control":null,"door":{"type":"open","material":"metal","automatic":false},"name":null,"alt_name":null,"display_point":{"type":"Point","coordinates":[30.378571360211733,60.009444778337851]},"level_id":"b79df9a4-80fb-4310-b230-7f5c69d8c4e8"}},{"id":"10fa72e1-1f4a-4d4d-b160-059df6a2ebab","type":"Feature","feature_type":"opening","geometry":{"type":"LineString","coordinates":[[30.37848240066884,60.009627772495207],[30.378499343004155,60.009624748043358]]},"properties":{"category":"automobile","unit_categoty":"classroom","unit_restriction":null,"accessibility":null,"access_control":null,"door":{"type":"open","material":"metal","automatic":false},"name":null,"alt_name":null,"display_point":{"type":"Point","coordinates":[30.37848240066884,60.009627772495207]},"level_id":"b79df9a4-80fb-4310-b230-7f5c69d8c4e8"}},{"id":"34510a79-a77d-43ac-b8ad-ec712d06c86a","type":"Feature","feature_type":"opening","geometry":{"type":"LineString","coordinates":[[30.378003782898752,60.009713204752018],[30.378020725003356,60.009710180849069]]},"properties":{"category":"automobile","unit_categoty":"classroom","unit_restriction":null,"accessibility":null,"access_control":null,"door":{"type":"open","material":"metal","automatic":false},"name":null,"alt_name":null,"display_point":{"type":"Point","coordinates":[30.378003782898752,60.009713204752018]},"level_id":"b79df9a4-80fb-4310-b230-7f5c69d8c4e8"}},{"id":"9cecaee4-9999-482f-a6bb-6e35c9b32d9e","type":"Feature","feature_type":"opening","geometry":{"type":"LineString","coordinates":[[30.378360813041262,60.00924362539353],[30.378354746613823,60.009235159123953]]},"properties":{"category":"automobile","unit_categoty":"classroom","unit_restriction":null,"accessibility":null,"access_control":null,"door":{"type":"open","material":"metal","automatic":false},"name":null,"alt_name":null,"display_point":{"type":"Point","coordinates":[30.378360813041262,60.00924362539353]},"level_id":"b79df9a4-80fb-4310-b230-7f5c69d8c4e8"}},{"id":"1f224470-f64c-49a2-8b5d-3d162e59bd69","type":"Feature","feature_type":"opening","geometry":{"type":"LineString","coordinates":[[30.377984422421385,60.009692787780864],[30.378001364521616,60.009689763329014]]},"properties":{"category":"automobile","unit_categoty":"administration","unit_restriction":null,"accessibility":null,"access_control":null,"door":{"type":"open","material":"metal","automatic":false},"name":null,"alt_name":null,"display_point":{"type":"Point","coordinates":[30.377984422421385,60.009692787780864]},"level_id":"b79df9a4-80fb-4310-b230-7f5c69d8c4e8"}},{"id":"caf71b46-f600-4a42-80aa-f45da05015ba","type":"Feature","feature_type":"opening","geometry":{"type":"LineString","coordinates":[[30.378287565073727,60.009662550398083],[30.37830450770139,60.009659526495135]]},"properties":{"category":"automobile","unit_categoty":"administration","unit_restriction":null,"accessibility":null,"access_control":null,"door":{"type":"open","material":"metal","automatic":false},"name":null,"alt_name":null,"display_point":{"type":"Point","coordinates":[30.378287565073727,60.009662550398083]},"level_id":"b79df9a4-80fb-4310-b230-7f5c69d8c4e8"}},{"id":"7a404243-e1bd-4465-b1d9-171f797365ba","type":"Feature","feature_type":"opening","geometry":{"type":"LineString","coordinates":[[30.378369910175937,60.008988941847058],[30.378386849882119,60.008985915199595]]},"properties":{"category":"automobile","unit_categoty":"classroom","unit_restriction":null,"accessibility":null,"access_control":null,"door":{"type":"open","material":"metal","automatic":false},"name":null,"alt_name":null,"display_point":{"type":"Point","coordinates":[30.378369910175937,60.008988941847058]},"level_id":"b79df9a4-80fb-4310-b230-7f5c69d8c4e8"}},{"id":"e4b01e90-2a09-48db-ae36-b356c6eb8716","type":"Feature","feature_type":"opening","geometry":{"type":"LineString","coordinates":[[30.378577450088436,60.00895189587974],[30.378594390050136,60.008948869232285]]},"properties":{"category":"automobile","unit_categoty":"classroom","unit_restriction":null,"accessibility":null,"access_control":null,"door":{"type":"open","material":"metal","automatic":false},"name":null,"alt_name":null,"display_point":{"type":"Point","coordinates":[30.378577450088436,60.00895189587974]},"level_id":"b79df9a4-80fb-4310-b230-7f5c69d8c4e8"}},{"id":"37973d46-6bcd-4fa4-bd83-034ffeff8fe2","type":"Feature","feature_type":"opening","geometry":{"type":"LineString","coordinates":[[30.378461274002127,60.008996506818995],[30.378478216176742,60.008993482916047]]},"properties":{"category":"automobile","unit_categoty":"classroom","unit_restriction":null,"accessibility":null,"access_control":null,"door":{"type":"open","material":"metal","automatic":false},"name":null,"alt_name":null,"display_point":{"type":"Point","coordinates":[30.378461274002127,60.008996506818995]},"level_id":"b79df9a4-80fb-4310-b230-7f5c69d8c4e8"}},{"id":"d650b0d0-38b5-4e32-8181-a885a6418520","type":"Feature","feature_type":"opening","geometry":{"type":"LineString","coordinates":[[30.378389871450032,60.009056999149436],[30.378395921670123,60.00906546926133]]},"properties":{"category":"automobile","unit_categoty":"classroom","unit_restriction":null,"accessibility":null,"access_control":null,"door":{"type":"open","material":"metal","automatic":false},"name":null,"alt_name":null,"display_point":{"type":"Point","coordinates":[30.378389871450032,60.009056999149436]},"level_id":"b79df9a4-80fb-4310-b230-7f5c69d8c4e8"}},{"id":"bab835ca-067d-4de0-b6aa-659812a0de65","type":"Feature","feature_type":"opening","geometry":{"type":"LineString","coordinates":[[30.378376563929425,60.009011627980449],[30.378393506111784,60.0090086040775]]},"properties":{"category":"automobile","unit_categoty":"classroom","unit_restriction":null,"accessibility":null,"access_control":null,"door":{"type":"open","material":"metal","automatic":false},"name":null,"alt_name":null,"display_point":{"type":"Point","coordinates":[30.378376563929425,60.009011627980449]},"level_id":"b79df9a4-80fb-4310-b230-7f5c69d8c4e8"}},{"id":"60ca7f0c-3573-4850-a83b-923906e4426b","type":"Feature","feature_type":"opening","geometry":{"type":"LineString","coordinates":[[30.378253426665815,60.009093292022747],[30.378247376735985,60.009084823008664]]},"properties":{"category":"automobile","unit_categoty":"classroom","unit_restriction":"restricted","accessibility":null,"access_control":null,"door":{"type":"open","material":"metal","automatic":false},"name":null,"alt_name":null,"display_point":{"type":"Point","coordinates":[30.378253426665815,60.009093292022747]},"level_id":"b79df9a4-80fb-4310-b230-7f5c69d8c4e8"}},{"id":"09a7d619-2bf3-47f2-ba2f-78f518550a38","type":"Feature","feature_type":"opening","geometry":{"type":"LineString","coordinates":[[30.37772429422122,60.009128058398673],[30.377741236188719,60.009125034495725]]},"properties":{"category":"automobile","unit_categoty":"classroom","unit_restriction":"restricted","accessibility":null,"access_control":null,"door":{"type":"open","material":"metal","automatic":false},"name":null,"alt_name":null,"display_point":{"type":"Point","coordinates":[30.37772429422122,60.009128058398673]},"level_id":"b79df9a4-80fb-4310-b230-7f5c69d8c4e8"}},{"id":"40f2a09e-5c0d-49e7-8c35-f8f6c5848d2c","type":"Feature","feature_type":"opening","geometry":{"type":"LineString","coordinates":[[30.377574541658628,60.009118979554096],[30.377568491813378,60.009110510540012]]},"properties":{"category":"automobile","unit_categoty":"classroom","unit_restriction":null,"accessibility":null,"access_control":null,"door":{"type":"open","material":"metal","automatic":false},"name":null,"alt_name":null,"display_point":{"type":"Point","coordinates":[30.377574541658628,60.009118979554096]},"level_id":"b79df9a4-80fb-4310-b230-7f5c69d8c4e8"}},{"id":"87d41d30-e7e3-4e4c-b3a7-010e2b767557","type":"Feature","feature_type":"opening","geometry":{"type":"LineString","coordinates":[[30.3775893676574,60.009099621964445],[30.377606309623761,60.009096597512595]]},"properties":{"category":"automobile","unit_categoty":"classroom","unit_restriction":null,"accessibility":null,"access_control":null,"door":{"type":"open","material":"metal","automatic":false},"name":null,"alt_name":null,"display_point":{"type":"Point","coordinates":[30.3775893676574,60.009099621964445]},"level_id":"b79df9a4-80fb-4310-b230-7f5c69d8c4e8"}},{"id":"ede627d7-27c0-4c73-863f-dacc2efc7785","type":"Feature","feature_type":"opening","geometry":{"type":"LineString","coordinates":[[30.378876353265234,60.008922414335473],[30.378893295401856,60.008919389883623]]},"properties":{"category":"automobile","unit_categoty":"classroom","unit_restriction":null,"accessibility":null,"access_control":null,"door":{"type":"open","material":"metal","automatic":false},"name":null,"alt_name":null,"display_point":{"type":"Point","coordinates":[30.378876353265234,60.008922414335473]},"level_id":"b79df9a4-80fb-4310-b230-7f5c69d8c4e8"}},{"id":"2b621bb6-8455-471e-8833-088600334394","type":"Feature","feature_type":"opening","geometry":{"type":"LineString","coordinates":[[30.373306063778529,60.009124655753119],[30.373319700081304,60.00912235530344]]},"properties":{"category":"automobile","unit_categoty":"classroom","unit_restriction":null,"accessibility":null,"access_control":null,"door":{"type":"open","material":"metal","automatic":false},"name":null,"alt_name":null,"display_point":{"type":"Point","coordinates":[30.373306063778529,60.009124655753119]},"level_id":"606db31c-6ae7-4b75-97b3-e56c573fc7f1"}},{"id":"87113f56-61de-4325-90d8-63dac5d0e40c","type":"Feature","feature_type":"opening","geometry":{"type":"LineString","coordinates":[[30.37329220409827,60.009135062392438],[30.373287601666995,60.009128245025465]]},"properties":{"category":"automobile","unit_categoty":"classroom","unit_restriction":null,"accessibility":null,"access_control":null,"door":{"type":"open","material":"metal","automatic":false},"name":null,"alt_name":null,"display_point":{"type":"Point","coordinates":[30.37329220409827,60.009135062392438]},"level_id":"606db31c-6ae7-4b75-97b3-e56c573fc7f1"}},{"id":"476e4116-a75c-4520-a63b-a680d92fc04b","type":"Feature","feature_type":"opening","geometry":{"type":"LineString","coordinates":[[30.373309536600114,60.009132612641324],[30.373326581705836,60.009129736942008]]},"properties":{"category":"automobile","unit_categoty":"classroom","unit_restriction":null,"accessibility":null,"access_control":null,"door":{"type":"open","material":"metal","automatic":false},"name":null,"alt_name":null,"display_point":{"type":"Point","coordinates":[30.373309536600114,60.009132612641324]},"level_id":"606db31c-6ae7-4b75-97b3-e56c573fc7f1"}},{"id":"c1844a62-20c6-4a1d-9b11-8561d9877c54","type":"Feature","feature_type":"opening","geometry":{"type":"LineString","coordinates":[[30.373341635838116,60.0091267223704],[30.373337033402326,60.009119905003431]]},"properties":{"category":"automobile","unit_categoty":"classroom","unit_restriction":null,"accessibility":null,"access_control":null,"door":{"type":"open","material":"metal","automatic":false},"name":null,"alt_name":null,"display_point":{"type":"Point","coordinates":[30.373341635838116,60.0091267223704]},"level_id":"606db31c-6ae7-4b75-97b3-e56c573fc7f1"}},{"id":"c124c02f-7242-406d-be0d-9e451a8ae6aa","type":"Feature","feature_type":"opening","geometry":{"type":"LineString","coordinates":[[30.373826796878269,60.009036796799094],[30.373840433144832,60.00903449580052]]},"properties":{"category":"automobile","unit_categoty":"classroom","unit_restriction":null,"accessibility":null,"access_control":null,"door":{"type":"open","material":"metal","automatic":false},"name":null,"alt_name":null,"display_point":{"type":"Point","coordinates":[30.373826796878269,60.009036796799094]},"level_id":"606db31c-6ae7-4b75-97b3-e56c573fc7f1"}},{"id":"23dce518-387f-4e96-ab36-d4d0451e3da9","type":"Feature","feature_type":"opening","geometry":{"type":"LineString","coordinates":[[30.373815802515246,60.009050041812372],[30.373811200584914,60.009043224994308]]},"properties":{"category":"automobile","unit_categoty":"classroom","unit_restriction":null,"accessibility":null,"access_control":null,"door":{"type":"open","material":"metal","automatic":false},"name":null,"alt_name":null,"display_point":{"type":"Point","coordinates":[30.373815802515246,60.009050041812372]},"level_id":"606db31c-6ae7-4b75-97b3-e56c573fc7f1"}},{"id":"ff8a8894-57c8-4a50-8320-13079db4b0ef","type":"Feature","feature_type":"opening","geometry":{"type":"LineString","coordinates":[[30.37383544730935,60.009052422401787],[30.373852492646044,60.009049546702471]]},"properties":{"category":"automobile","unit_categoty":"classroom","unit_restriction":null,"accessibility":null,"access_control":null,"door":{"type":"open","material":"metal","automatic":false},"name":null,"alt_name":null,"display_point":{"type":"Point","coordinates":[30.37383544730935,60.009052422401787]},"level_id":"606db31c-6ae7-4b75-97b3-e56c573fc7f1"}},{"id":"a113ec5e-861e-470c-af31-9b872c709b62","type":"Feature","feature_type":"opening","geometry":{"type":"LineString","coordinates":[[30.373865233851024,60.009041701790338],[30.37386063191618,60.009034884972273]]},"properties":{"category":"automobile","unit_categoty":"classroom","unit_restriction":null,"accessibility":null,"access_control":null,"door":{"type":"open","material":"metal","automatic":false},"name":null,"alt_name":null,"display_point":{"type":"Point","coordinates":[30.373865233851024,60.009041701790338]},"level_id":"606db31c-6ae7-4b75-97b3-e56c573fc7f1"}},{"id":"9970863a-f580-46e9-a3f5-a8e53ec82001","type":"Feature","feature_type":"opening","geometry":{"type":"LineString","coordinates":[[30.373279047524242,60.00908745170193],[30.37329609261965,60.009084576002614]]},"properties":{"category":"automobile","unit_categoty":"administration","unit_restriction":null,"accessibility":null,"access_control":null,"door":{"type":"open","material":"metal","automatic":false},"name":null,"alt_name":null,"display_point":{"type":"Point","coordinates":[30.373279047524242,60.00908745170193]},"level_id":"606db31c-6ae7-4b75-97b3-e56c573fc7f1"}},{"id":"946154ce-8599-4d75-b5bf-2e39922b752c","type":"Feature","feature_type":"opening","geometry":{"type":"LineString","coordinates":[[30.373306725136572,60.009022984220806],[30.373323770214164,60.009020108521483]]},"properties":{"category":"automobile","unit_categoty":"classroom","unit_restriction":null,"accessibility":null,"access_control":null,"door":{"type":"open","material":"metal","automatic":false},"name":null,"alt_name":null,"display_point":{"type":"Point","coordinates":[30.373306725136572,60.009022984220806]},"level_id":"606db31c-6ae7-4b75-97b3-e56c573fc7f1"}},{"id":"5ca8de37-0809-4ccb-b120-2b3c69f2f60c","type":"Feature","feature_type":"opening","geometry":{"type":"LineString","coordinates":[[30.37325132793789,60.00903233092972],[30.3732683730203,60.0090294552304]]},"properties":{"category":"automobile","unit_categoty":"classroom","unit_restriction":null,"accessibility":null,"access_control":null,"door":{"type":"open","material":"metal","automatic":false},"name":null,"alt_name":null,"display_point":{"type":"Point","coordinates":[30.37325132793789,60.00903233092972]},"level_id":"606db31c-6ae7-4b75-97b3-e56c573fc7f1"}},{"id":"ab0f8bde-4a7a-4cd2-af2a-fd4da4fd6481","type":"Feature","feature_type":"opening","geometry":{"type":"LineString","coordinates":[[30.371432273570921,60.007808732945279],[30.371423645128782,60.00779595148002]]},"properties":{"category":"automobile","unit_categoty":"stairs","unit_restriction":null,"accessibility":null,"access_control":null,"door":{"type":"open","material":"metal","automatic":false},"name":null,"alt_name":null,"display_point":{"type":"Point","coordinates":[30.371432273570921,60.007808732945279]},"level_id":"c0fb6195-5d7e-46cc-bfb0-58466f979550"}},{"id":"d0714ca2-43b1-4fa3-9ef4-6de21328f979","type":"Feature","feature_type":"opening","geometry":{"type":"LineString","coordinates":[[30.372942885376915,60.007458939993874],[30.373096289183863,60.007433056778844]]},"properties":{"category":"automobile","unit_categoty":"stairs","unit_restriction":null,"accessibility":null,"access_control":null,"door":{"type":"open","material":"metal","automatic":false},"name":null,"alt_name":null,"display_point":{"type":"Point","coordinates":[30.372942885376915,60.007458939993874]},"level_id":"c0fb6195-5d7e-46cc-bfb0-58466f979550"}},{"id":"75262525-5abf-4fa7-8cf1-b8c6096f5838","type":"Feature","feature_type":"opening","geometry":{"type":"LineString","coordinates":[[30.374337148518915,60.006768094262895],[30.374354193245139,60.006765218289125]]},"properties":{"category":"automobile","unit_categoty":"library","unit_restriction":null,"accessibility":null,"access_control":null,"door":{"type":"open","material":"metal","automatic":false},"name":null,"alt_name":null,"display_point":{"type":"Point","coordinates":[30.374337148518915,60.006768094262895]},"level_id":"c0fb6195-5d7e-46cc-bfb0-58466f979550"}},{"id":"d2703683-55ca-4f10-a881-b456401ed76b","type":"Feature","feature_type":"opening","geometry":{"type":"LineString","coordinates":[[30.371132729989395,60.007308764706963],[30.371149774719775,60.007305888733192]]},"properties":{"category":"automobile","unit_categoty":"auditorium","unit_restriction":null,"accessibility":null,"access_control":null,"door":{"type":"open","material":"metal","automatic":false},"name":null,"alt_name":null,"display_point":{"type":"Point","coordinates":[30.371132729989395,60.007308764706963]},"level_id":"c0fb6195-5d7e-46cc-bfb0-58466f979550"}},{"id":"9119f655-8827-490a-a45d-ee2672d32e16","type":"Feature","feature_type":"opening","geometry":{"type":"LineString","coordinates":[[30.3715509390026,60.008082949181251],[30.37156798446328,60.008080073481928]]},"properties":{"category":"automobile","unit_categoty":"auditorium","unit_restriction":null,"accessibility":null,"access_control":null,"door":{"type":"open","material":"metal","automatic":false},"name":null,"alt_name":null,"display_point":{"type":"Point","coordinates":[30.3715509390026,60.008082949181251]},"level_id":"c0fb6195-5d7e-46cc-bfb0-58466f979550"}},{"id":"bae24d8d-5f44-4c15-be12-22bce6c98574","type":"Feature","feature_type":"opening","geometry":{"type":"LineString","coordinates":[[30.375008401237114,60.007523318552821],[30.375002648323118,60.007514797667469]]},"properties":{"category":"automobile","unit_categoty":"classroom","unit_restriction":null,"accessibility":null,"access_control":null,"door":{"type":"open","material":"metal","automatic":false},"name":null,"alt_name":null,"display_point":{"type":"Point","coordinates":[30.375008401237114,60.007523318552821]},"level_id":"c0fb6195-5d7e-46cc-bfb0-58466f979550"}},{"id":"86f028cc-d399-49ad-ab8c-7c4f2f23ea80","type":"Feature","feature_type":"opening","geometry":{"type":"LineString","coordinates":[[30.374940222204689,60.007534821899],[30.374934469298477,60.007526301013648]]},"properties":{"category":"automobile","unit_categoty":"classroom","unit_restriction":null,"accessibility":null,"access_control":null,"door":{"type":"open","material":"metal","automatic":false},"name":null,"alt_name":null,"display_point":{"type":"Point","coordinates":[30.374940222204689,60.007534821899]},"level_id":"c0fb6195-5d7e-46cc-bfb0-58466f979550"}},{"id":"beb070bd-53f6-416f-9ab9-44daf31cb815","type":"Feature","feature_type":"opening","geometry":{"type":"LineString","coordinates":[[30.374945017098614,60.0076052002349],[30.374962061739623,60.007602324535576]]},"properties":{"category":"automobile","unit_categoty":"classroom","unit_restriction":null,"accessibility":null,"access_control":null,"door":{"type":"open","material":"metal","automatic":false},"name":null,"alt_name":null,"display_point":{"type":"Point","coordinates":[30.374945017098614,60.0076052002349]},"level_id":"c0fb6195-5d7e-46cc-bfb0-58466f979550"}},{"id":"493184eb-bf03-47ef-9877-0d5f905439cc","type":"Feature","feature_type":"opening","geometry":{"type":"LineString","coordinates":[[30.371623381102289,60.008070726773013],[30.3716404260077,60.008067850524796]]},"properties":{"category":"automobile","unit_categoty":"classroom","unit_restriction":null,"accessibility":null,"access_control":null,"door":{"type":"open","material":"metal","automatic":false},"name":null,"alt_name":null,"display_point":{"type":"Point","coordinates":[30.371623381102289,60.008070726773013]},"level_id":"c0fb6195-5d7e-46cc-bfb0-58466f979550"}},{"id":"0b7d27a5-4b08-413a-872e-7ad546e7d0fa","type":"Feature","feature_type":"opening","geometry":{"type":"LineString","coordinates":[[30.373150089504339,60.007210418973884],[30.37318417928649,60.007204667026343]]},"properties":{"category":"automobile","unit_categoty":"foodservice.coffee","unit_restriction":null,"accessibility":null,"access_control":null,"door":{"type":"open","material":"metal","automatic":false},"name":null,"alt_name":null,"display_point":{"type":"Point","coordinates":[30.373150089504339,60.007210418973884]},"level_id":"c0fb6195-5d7e-46cc-bfb0-58466f979550"}},{"id":"8b971276-b8a5-45b5-aa6c-9f8f07f477ac","type":"Feature","feature_type":"opening","geometry":{"type":"LineString","coordinates":[[30.372596132595682,60.007303885788581],[30.372630222199671,60.007298134115494]]},"properties":{"category":"automobile","unit_categoty":"shop","unit_restriction":null,"accessibility":null,"access_control":null,"door":{"type":"open","material":"metal","automatic":false},"name":null,"alt_name":null,"display_point":{"type":"Point","coordinates":[30.372596132595682,60.007303885788581]},"level_id":"c0fb6195-5d7e-46cc-bfb0-58466f979550"}},{"id":"5c99cece-97d9-42df-ad25-dc380ec107a5","type":"Feature","feature_type":"opening","geometry":{"type":"LineString","coordinates":[[30.372947975106069,60.007382107664355],[30.37299910966167,60.007373479743045]]},"properties":{"category":"automobile","unit_categoty":"walkway","unit_restriction":null,"accessibility":null,"access_control":null,"door":{"type":"open","material":"metal","automatic":false},"name":null,"alt_name":null,"display_point":{"type":"Point","coordinates":[30.372947975106069,60.007382107664355]},"level_id":"c0fb6195-5d7e-46cc-bfb0-58466f979550"}},{"id":"5300bf06-0f2e-4c05-93e3-6e952a992ebc","type":"Feature","feature_type":"opening","geometry":{"type":"LineString","coordinates":[[30.371687194100588,60.008045722350623],[30.371681441569006,60.008037201465264]]},"properties":{"category":"automobile","unit_categoty":"restroom.female","unit_restriction":null,"accessibility":null,"access_control":null,"door":{"type":"open","material":"metal","automatic":false},"name":null,"alt_name":null,"display_point":{"type":"Point","coordinates":[30.371687194100588,60.008045722350623]},"level_id":"c0fb6195-5d7e-46cc-bfb0-58466f979550"}},{"id":"ada3db01-f363-4e21-b479-47d69d55745b","type":"Feature","feature_type":"opening","geometry":{"type":"LineString","coordinates":[[30.37194596996633,60.007655619384181],[30.371963014750726,60.007652743410411]]},"properties":{"category":"automobile","unit_categoty":"restroom.female","unit_restriction":null,"accessibility":null,"access_control":null,"door":{"type":"open","material":"metal","automatic":false},"name":null,"alt_name":null,"display_point":{"type":"Point","coordinates":[30.37194596996633,60.007655619384181]},"level_id":"c0fb6195-5d7e-46cc-bfb0-58466f979550"}},{"id":"6689fa88-035d-490f-949c-739210cee16b","type":"Feature","feature_type":"opening","geometry":{"type":"LineString","coordinates":[[30.374110669469697,60.007290379223342],[30.374127714065857,60.007287503249572]]},"properties":{"category":"automobile","unit_categoty":"restroom.female","unit_restriction":null,"accessibility":null,"access_control":null,"door":{"type":"open","material":"metal","automatic":false},"name":null,"alt_name":null,"display_point":{"type":"Point","coordinates":[30.374110669469697,60.007290379223342]},"level_id":"c0fb6195-5d7e-46cc-bfb0-58466f979550"}},{"id":"c1c6c25a-bbbd-422b-b3e1-3f3dea587673","type":"Feature","feature_type":"opening","geometry":{"type":"LineString","coordinates":[[30.374142309473051,60.007527076338192],[30.374159354403321,60.007524200638869]]},"properties":{"category":"automobile","unit_categoty":"laboratory","unit_restriction":null,"accessibility":null,"access_control":null,"door":{"type":"open","material":"metal","automatic":false},"name":null,"alt_name":null,"display_point":{"type":"Point","coordinates":[30.374142309473051,60.007527076338192]},"level_id":"c0fb6195-5d7e-46cc-bfb0-58466f979550"}},{"id":"c505856d-3790-4dc4-90d4-abc694fb385d","type":"Feature","feature_type":"opening","geometry":{"type":"LineString","coordinates":[[30.374058843163368,60.007586244441754],[30.374053090640718,60.007577723556395]]},"properties":{"category":"automobile","unit_categoty":"laboratory","unit_restriction":null,"accessibility":null,"access_control":null,"door":{"type":"open","material":"metal","automatic":false},"name":null,"alt_name":null,"display_point":{"type":"Point","coordinates":[30.374058843163368,60.007586244441754]},"level_id":"c0fb6195-5d7e-46cc-bfb0-58466f979550"}},{"id":"8ea05ce7-a245-48cc-863b-e0444319f145","type":"Feature","feature_type":"opening","geometry":{"type":"LineString","coordinates":[[30.374297471218608,60.007545981906773],[30.374291718668722,60.007537461021414]]},"properties":{"category":"automobile","unit_categoty":"laboratory","unit_restriction":null,"accessibility":null,"access_control":null,"door":{"type":"open","material":"metal","automatic":false},"name":null,"alt_name":null,"display_point":{"type":"Point","coordinates":[30.374297471218608,60.007545981906773]},"level_id":"c0fb6195-5d7e-46cc-bfb0-58466f979550"}},{"id":"03a914d4-229b-452b-bcdf-55dc9998ca98","type":"Feature","feature_type":"opening","geometry":{"type":"LineString","coordinates":[[30.3743047346196,60.00752528993555],[30.374319697777409,60.00752029766884]]},"properties":{"category":"automobile","unit_categoty":"classroom","unit_restriction":null,"accessibility":null,"access_control":null,"door":{"type":"open","material":"metal","automatic":false},"name":null,"alt_name":null,"display_point":{"type":"Point","coordinates":[30.3743047346196,60.00752528993555]},"level_id":"c0fb6195-5d7e-46cc-bfb0-58466f979550"}},{"id":"7ddc65d2-00ea-4494-b627-b30e88db3c52","type":"Feature","feature_type":"opening","geometry":{"type":"LineString","coordinates":[[30.374408262540474,60.007527288488944],[30.374402509977941,60.007518767603585]]},"properties":{"category":"automobile","unit_categoty":"laboratory","unit_restriction":null,"accessibility":null,"access_control":null,"door":{"type":"open","material":"metal","automatic":false},"name":null,"alt_name":null,"display_point":{"type":"Point","coordinates":[30.374408262540474,60.007527288488944]},"level_id":"c0fb6195-5d7e-46cc-bfb0-58466f979550"}},{"id":"41283404-aace-4756-85a5-cddee2d93791","type":"Feature","feature_type":"opening","geometry":{"type":"LineString","coordinates":[[30.374041638109382,60.007377959334974],[30.374058683005607,60.007375083635658]]},"properties":{"category":"automobile","unit_categoty":"laboratory","unit_restriction":null,"accessibility":null,"access_control":null,"door":{"type":"open","material":"metal","automatic":false},"name":null,"alt_name":null,"display_point":{"type":"Point","coordinates":[30.374041638109382,60.007377959334974]},"level_id":"c0fb6195-5d7e-46cc-bfb0-58466f979550"}},{"id":"97ceb97f-9670-4b4b-a845-9b4929ae23ff","type":"Feature","feature_type":"opening","geometry":{"type":"LineString","coordinates":[[30.374067931968273,60.007510862861096],[30.374079915570949,60.007498776031738]]},"properties":{"category":"automobile","unit_categoty":"stairs","unit_restriction":null,"accessibility":null,"access_control":null,"door":{"type":"open","material":"metal","automatic":false},"name":null,"alt_name":null,"display_point":{"type":"Point","coordinates":[30.374067931968273,60.007510862861096]},"level_id":"c0fb6195-5d7e-46cc-bfb0-58466f979550"}},{"id":"c8ba7df2-d381-4365-987e-b2fa78e12f31","type":"Feature","feature_type":"opening","geometry":{"type":"LineString","coordinates":[[30.374198865096041,60.007488771737833],[30.374174678421646,60.007482790623563]]},"properties":{"category":"automobile","unit_categoty":"stairs","unit_restriction":null,"accessibility":null,"access_control":null,"door":{"type":"open","material":"metal","automatic":false},"name":null,"alt_name":null,"display_point":{"type":"Point","coordinates":[30.374198865096041,60.007488771737833]},"level_id":"c0fb6195-5d7e-46cc-bfb0-58466f979550"}},{"id":"f82af71a-cee2-4b6a-bec2-6d2ae3d9978a","type":"Feature","feature_type":"opening","geometry":{"type":"LineString","coordinates":[[30.37210704250133,60.0077043748105],[30.372124087840284,60.007701498836731]]},"properties":{"category":"automobile","unit_categoty":"classroom","unit_restriction":null,"accessibility":null,"access_control":null,"door":{"type":"open","material":"metal","automatic":false},"name":null,"alt_name":null,"display_point":{"type":"Point","coordinates":[30.37210704250133,60.0077043748105]},"level_id":"c0fb6195-5d7e-46cc-bfb0-58466f979550"}},{"id":"8626c8da-f18f-419b-bd53-7a143447b7bc","type":"Feature","feature_type":"opening","geometry":{"type":"LineString","coordinates":[[30.371255488430545,60.007750764742212],[30.371249735980243,60.007742243582406]]},"properties":{"category":"automobile","unit_categoty":"classroom","unit_restriction":null,"accessibility":null,"access_control":null,"door":{"type":"open","material":"metal","automatic":false},"name":null,"alt_name":null,"display_point":{"type":"Point","coordinates":[30.371255488430545,60.007750764742212]},"level_id":"c0fb6195-5d7e-46cc-bfb0-58466f979550"}},{"id":"493acfe7-5b1d-4ee2-a2b2-fb55dd9e7996","type":"Feature","feature_type":"opening","geometry":{"type":"LineString","coordinates":[[30.37130438294556,60.007823192953872],[30.371298630482645,60.007814672068513]]},"properties":{"category":"automobile","unit_categoty":"classroom","unit_restriction":null,"accessibility":null,"access_control":null,"door":{"type":"open","material":"metal","automatic":false},"name":null,"alt_name":null,"display_point":{"type":"Point","coordinates":[30.37130438294556,60.007823192953872]},"level_id":"c0fb6195-5d7e-46cc-bfb0-58466f979550"}},{"id":"55ee3788-1d4f-4341-81a0-a4d4b90283bb","type":"Feature","feature_type":"opening","geometry":{"type":"LineString","coordinates":[[30.371212345912827,60.007686857141465],[30.371206593473623,60.007678336256106]]},"properties":{"category":"automobile","unit_categoty":"classroom","unit_restriction":null,"accessibility":null,"access_control":null,"door":{"type":"open","material":"metal","automatic":false},"name":null,"alt_name":null,"display_point":{"type":"Point","coordinates":[30.371212345912827,60.007686857141465]},"level_id":"c0fb6195-5d7e-46cc-bfb0-58466f979550"}},{"id":"4bc181f0-d537-41c8-ba56-26ebf64fd8e6","type":"Feature","feature_type":"opening","geometry":{"type":"LineString","coordinates":[[30.371233916886766,60.007718810941839],[30.371228164716506,60.007710290056487]]},"properties":{"category":"automobile","unit_categoty":"administration","unit_restriction":null,"accessibility":null,"access_control":null,"door":{"type":"open","material":"metal","automatic":false},"name":null,"alt_name":null,"display_point":{"type":"Point","coordinates":[30.371233916886766,60.007718810941839]},"level_id":"c0fb6195-5d7e-46cc-bfb0-58466f979550"}},{"id":"6db550b2-fd4a-4d71-8296-3e982e2b4f7a","type":"Feature","feature_type":"opening","geometry":{"type":"LineString","coordinates":[[30.371363245578181,60.0077064812232],[30.371357493117831,60.007697960337843]]},"properties":{"category":"automobile","unit_categoty":"administration","unit_restriction":null,"accessibility":null,"access_control":null,"door":{"type":"open","material":"metal","automatic":false},"name":null,"alt_name":null,"display_point":{"type":"Point","coordinates":[30.371363245578181,60.0077064812232]},"level_id":"c0fb6195-5d7e-46cc-bfb0-58466f979550"}},{"id":"ba447e58-6fec-4442-be3f-7a3fabf703cd","type":"Feature","feature_type":"opening","geometry":{"type":"LineString","coordinates":[[30.371312053822283,60.007802915403907],[30.371329098672202,60.007800039430137]]},"properties":{"category":"automobile","unit_categoty":"classroom","unit_restriction":null,"accessibility":null,"access_control":null,"door":{"type":"open","material":"metal","automatic":false},"name":null,"alt_name":null,"display_point":{"type":"Point","coordinates":[30.371312053822283,60.007802915403907]},"level_id":"c0fb6195-5d7e-46cc-bfb0-58466f979550"}},{"id":"ed6e3d53-5a3f-47ea-8a7b-ab624a23d7cf","type":"Feature","feature_type":"opening","geometry":{"type":"LineString","coordinates":[[30.371296234966721,60.00777948276334],[30.371313279811289,60.007776606789569]]},"properties":{"category":"automobile","unit_categoty":"classroom","unit_restriction":null,"accessibility":null,"access_control":null,"door":{"type":"open","material":"metal","automatic":false},"name":null,"alt_name":null,"display_point":{"type":"Point","coordinates":[30.371296234966721,60.00777948276334]},"level_id":"c0fb6195-5d7e-46cc-bfb0-58466f979550"}},{"id":"442fb860-4856-4b50-9597-1a61f4ae623a","type":"Feature","feature_type":"opening","geometry":{"type":"LineString","coordinates":[[30.371206328681971,60.007642787694358],[30.371223373495223,60.007639911720588]]},"properties":{"category":"automobile","unit_categoty":"classroom","unit_restriction":null,"accessibility":null,"access_control":null,"door":{"type":"open","material":"metal","automatic":false},"name":null,"alt_name":null,"display_point":{"type":"Point","coordinates":[30.371206328681971,60.007642787694358]},"level_id":"c0fb6195-5d7e-46cc-bfb0-58466f979550"}},{"id":"13ad4166-c6da-4047-8317-a08c1ce2fec5","type":"Feature","feature_type":"opening","geometry":{"type":"LineString","coordinates":[[30.371268117015056,60.007632362666811],[30.371285161822936,60.007629486693041]]},"properties":{"category":"automobile","unit_categoty":"classroom","unit_restriction":null,"accessibility":null,"access_control":null,"door":{"type":"open","material":"metal","automatic":false},"name":null,"alt_name":null,"display_point":{"type":"Point","coordinates":[30.371268117015056,60.007632362666811]},"level_id":"c0fb6195-5d7e-46cc-bfb0-58466f979550"}},{"id":"4037c6dd-8ec6-42fc-a6b8-ddc01acdd029","type":"Feature","feature_type":"opening","geometry":{"type":"LineString","coordinates":[[30.371269770339957,60.007568015395293],[30.371264018178188,60.007559494509941]]},"properties":{"category":"automobile","unit_categoty":"classroom","unit_restriction":null,"accessibility":null,"access_control":null,"door":{"type":"open","material":"metal","automatic":false},"name":null,"alt_name":null,"display_point":{"type":"Point","coordinates":[30.371269770339957,60.007568015395293]},"level_id":"c0fb6195-5d7e-46cc-bfb0-58466f979550"}},{"id":"3539ab86-0b21-48a9-98f5-15d3fee5e385","type":"Feature","feature_type":"opening","geometry":{"type":"LineString","coordinates":[[30.371247480275315,60.007534996724395],[30.371241727844808,60.007526475564589]]},"properties":{"category":"automobile","unit_categoty":"classroom","unit_restriction":null,"accessibility":null,"access_control":null,"door":{"type":"open","material":"metal","automatic":false},"name":null,"alt_name":null,"display_point":{"type":"Point","coordinates":[30.371247480275315,60.007534996724395]},"level_id":"c0fb6195-5d7e-46cc-bfb0-58466f979550"}},{"id":"7e6ef13e-07ca-4b5d-a396-a42a4c4a2fe1","type":"Feature","feature_type":"opening","geometry":{"type":"LineString","coordinates":[[30.371225190232941,60.007501977779043],[30.371219437808161,60.007493456893691]]},"properties":{"category":"automobile","unit_categoty":"classroom","unit_restriction":null,"accessibility":null,"access_control":null,"door":{"type":"open","material":"metal","automatic":false},"name":null,"alt_name":null,"display_point":{"type":"Point","coordinates":[30.371225190232941,60.007501977779043]},"level_id":"c0fb6195-5d7e-46cc-bfb0-58466f979550"}},{"id":"f24a3b4a-5fd3-4fe2-93a8-01f6197289e6","type":"Feature","feature_type":"opening","geometry":{"type":"LineString","coordinates":[[30.371202900212808,60.007468959108145],[30.371197147793787,60.007460437948339]]},"properties":{"category":"automobile","unit_categoty":"classroom","unit_restriction":null,"accessibility":null,"access_control":null,"door":{"type":"open","material":"metal","automatic":false},"name":null,"alt_name":null,"display_point":{"type":"Point","coordinates":[30.371202900212808,60.007468959108145]},"level_id":"c0fb6195-5d7e-46cc-bfb0-58466f979550"}},{"id":"102890e8-6ab4-4fe4-a889-be364e3c0f04","type":"Feature","feature_type":"opening","geometry":{"type":"LineString","coordinates":[[30.371180609940446,60.007435940162793],[30.371174857801648,60.007427419277434]]},"properties":{"category":"automobile","unit_categoty":"classroom","unit_restriction":null,"accessibility":null,"access_control":null,"door":{"type":"open","material":"metal","automatic":false},"name":null,"alt_name":null,"display_point":{"type":"Point","coordinates":[30.371180609940446,60.007435940162793]},"level_id":"c0fb6195-5d7e-46cc-bfb0-58466f979550"}},{"id":"59a8cc1c-171b-4dc5-bf80-c34ac8d75c2e","type":"Feature","feature_type":"opening","geometry":{"type":"LineString","coordinates":[[30.37115831996482,60.007402921491895],[30.371152567831782,60.007394400332089]]},"properties":{"category":"automobile","unit_categoty":"classroom","unit_restriction":null,"accessibility":null,"access_control":null,"door":{"type":"open","material":"metal","automatic":false},"name":null,"alt_name":null,"display_point":{"type":"Point","coordinates":[30.37115831996482,60.007402921491895]},"level_id":"c0fb6195-5d7e-46cc-bfb0-58466f979550"}},{"id":"fcbda727-2a22-4eb2-a3c6-ffa7e28e4221","type":"Feature","feature_type":"opening","geometry":{"type":"LineString","coordinates":[[30.371136029736963,60.007369902546543],[30.371130277609652,60.007361381661184]]},"properties":{"category":"automobile","unit_categoty":"classroom","unit_restriction":null,"accessibility":null,"access_control":null,"door":{"type":"open","material":"metal","automatic":false},"name":null,"alt_name":null,"display_point":{"type":"Point","coordinates":[30.371136029736963,60.007369902546543]},"level_id":"c0fb6195-5d7e-46cc-bfb0-58466f979550"}},{"id":"cecbb076-af06-4dd3-83cb-e0d9b7680f8d","type":"Feature","feature_type":"opening","geometry":{"type":"LineString","coordinates":[[30.371447373627177,60.007831100715322],[30.371441621145166,60.007822579555516]]},"properties":{"category":"automobile","unit_categoty":"administration","unit_restriction":null,"accessibility":null,"access_control":null,"door":{"type":"open","material":"metal","automatic":false},"name":null,"alt_name":null,"display_point":{"type":"Point","coordinates":[30.371447373627177,60.007831100715322]},"level_id":"c0fb6195-5d7e-46cc-bfb0-58466f979550"}},{"id":"36555080-c14e-4fe0-a3b4-d1ea2ff98537","type":"Feature","feature_type":"opening","geometry":{"type":"LineString","coordinates":[[30.371469663891386,60.00786411938622],[30.371463911403616,60.007855598500861]]},"properties":{"category":"automobile","unit_categoty":"classroom","unit_restriction":null,"accessibility":null,"access_control":null,"door":{"type":"open","material":"metal","automatic":false},"name":null,"alt_name":null,"display_point":{"type":"Point","coordinates":[30.371469663891386,60.00786411938622]},"level_id":"c0fb6195-5d7e-46cc-bfb0-58466f979550"}},{"id":"c033b4ee-fd78-43c8-9fb1-83277fd4d2fc","type":"Feature","feature_type":"opening","geometry":{"type":"LineString","coordinates":[[30.371491954177831,60.007897138331572],[30.371486201958835,60.007888617171766]]},"properties":{"category":"automobile","unit_categoty":"classroom","unit_restriction":null,"accessibility":null,"access_control":null,"door":{"type":"open","material":"metal","automatic":false},"name":null,"alt_name":null,"display_point":{"type":"Point","coordinates":[30.371491954177831,60.007897138331572]},"level_id":"c0fb6195-5d7e-46cc-bfb0-58466f979550"}},{"id":"dba449c8-c3ee-4563-9077-24833b906559","type":"Feature","feature_type":"opening","geometry":{"type":"LineString","coordinates":[[30.371580396961928,60.008028148419093],[30.371574644720145,60.008019627259287]]},"properties":{"category":"automobile","unit_categoty":"classroom","unit_restriction":"restricted","accessibility":null,"access_control":null,"door":{"type":"open","material":"metal","automatic":false},"name":null,"alt_name":null,"display_point":{"type":"Point","coordinates":[30.371580396961928,60.008028148419093]},"level_id":"c0fb6195-5d7e-46cc-bfb0-58466f979550"}},{"id":"3f70fc87-9cb7-4028-9270-75f7b0a2187b","type":"Feature","feature_type":"opening","geometry":{"type":"LineString","coordinates":[[30.371512806498849,60.00792802671252],[30.371507054274467,60.007919505827161]]},"properties":{"category":"automobile","unit_categoty":"classroom","unit_restriction":null,"accessibility":null,"access_control":null,"door":{"type":"open","material":"metal","automatic":false},"name":null,"alt_name":null,"display_point":{"type":"Point","coordinates":[30.371512806498849,60.00792802671252]},"level_id":"c0fb6195-5d7e-46cc-bfb0-58466f979550"}},{"id":"9be2167d-9424-4b01-823e-af7d37accc6a","type":"Feature","feature_type":"opening","geometry":{"type":"LineString","coordinates":[[30.371558825719728,60.00799619461872],[30.37155307320899,60.007987673733368]]},"properties":{"category":"automobile","unit_categoty":"classroom","unit_restriction":null,"accessibility":null,"access_control":null,"door":{"type":"open","material":"metal","automatic":false},"name":null,"alt_name":null,"display_point":{"type":"Point","coordinates":[30.371558825719728,60.00799619461872]},"level_id":"c0fb6195-5d7e-46cc-bfb0-58466f979550"}},{"id":"ed9f5dd2-8eee-40ef-8e8c-c95e93602d69","type":"Feature","feature_type":"opening","geometry":{"type":"LineString","coordinates":[[30.371535816234672,60.007962110802843],[30.371530063729878,60.007953589643037]]},"properties":{"category":"automobile","unit_categoty":"classroom","unit_restriction":null,"accessibility":null,"access_control":null,"door":{"type":"open","material":"metal","automatic":false},"name":null,"alt_name":null,"display_point":{"type":"Point","coordinates":[30.371535816234672,60.007962110802843]},"level_id":"c0fb6195-5d7e-46cc-bfb0-58466f979550"}},{"id":"3063baad-d691-43c5-b95f-530dd5d2bdc3","type":"Feature","feature_type":"opening","geometry":{"type":"LineString","coordinates":[[30.371198245461798,60.007321439410717],[30.371192493330685,60.007312918525365]]},"properties":{"category":"automobile","unit_categoty":"classroom","unit_restriction":null,"accessibility":null,"access_control":null,"door":{"type":"open","material":"metal","automatic":false},"name":null,"alt_name":null,"display_point":{"type":"Point","coordinates":[30.371198245461798,60.007321439410717]},"level_id":"c0fb6195-5d7e-46cc-bfb0-58466f979550"}},{"id":"b3a0d819-63c1-4e84-9f63-0a15316349a7","type":"Feature","feature_type":"opening","geometry":{"type":"LineString","coordinates":[[30.372176076901095,60.007616794698862],[30.372193121665486,60.007613918725092]]},"properties":{"category":"automobile","unit_categoty":"security","unit_restriction":null,"accessibility":null,"access_control":null,"door":{"type":"open","material":"metal","automatic":false},"name":null,"alt_name":null,"display_point":{"type":"Point","coordinates":[30.372176076901095,60.007616794698862]},"level_id":"c0fb6195-5d7e-46cc-bfb0-58466f979550"}},{"id":"22c39755-68c9-4a8b-897d-d55da088271b","type":"Feature","feature_type":"opening","geometry":{"type":"LineString","coordinates":[[30.371991994408315,60.007533955182218],[30.372009039708356,60.007531079208448]]},"properties":{"category":"automobile","unit_categoty":"classroom","unit_restriction":null,"accessibility":null,"access_control":null,"door":{"type":"open","material":"metal","automatic":false},"name":null,"alt_name":null,"display_point":{"type":"Point","coordinates":[30.371991994408315,60.007533955182218]},"level_id":"c0fb6195-5d7e-46cc-bfb0-58466f979550"}},{"id":"4ab2ad92-d0bc-402e-80b3-0456a84b2d1e","type":"Feature","feature_type":"opening","geometry":{"type":"LineString","coordinates":[[30.3720150039795,60.007568038998095],[30.37203204928732,60.007565163024324]]},"properties":{"category":"automobile","unit_categoty":"classroom","unit_restriction":null,"accessibility":null,"access_control":null,"door":{"type":"open","material":"metal","automatic":false},"name":null,"alt_name":null,"display_point":{"type":"Point","coordinates":[30.3720150039795,60.007568038998095]},"level_id":"c0fb6195-5d7e-46cc-bfb0-58466f979550"}},{"id":"06b7f4c6-83d9-44a8-898b-9a6c6c9437bf","type":"Feature","feature_type":"opening","geometry":{"type":"LineString","coordinates":[[30.371978677381517,60.00755993088729],[30.371972924854632,60.007551410001938]]},"properties":{"category":"automobile","unit_categoty":"classroom","unit_restriction":null,"accessibility":null,"access_control":null,"door":{"type":"open","material":"metal","automatic":false},"name":null,"alt_name":null,"display_point":{"type":"Point","coordinates":[30.371978677381517,60.00755993088729]},"level_id":"c0fb6195-5d7e-46cc-bfb0-58466f979550"}},{"id":"b9cde563-8de5-4887-854f-8204292b2b9d","type":"Feature","feature_type":"opening","geometry":{"type":"LineString","coordinates":[[30.372051118829368,60.007547708204605],[30.372045366294213,60.007539187319253]]},"properties":{"category":"automobile","unit_categoty":"classroom","unit_restriction":null,"accessibility":null,"access_control":null,"door":{"type":"open","material":"metal","automatic":false},"name":null,"alt_name":null,"display_point":{"type":"Point","coordinates":[30.372051118829368,60.007547708204605]},"level_id":"c0fb6195-5d7e-46cc-bfb0-58466f979550"}},{"id":"33789db0-97fb-4cbb-a9ea-68b3707cb0ed","type":"Feature","feature_type":"opening","geometry":{"type":"LineString","coordinates":[[30.371821117890669,60.0076007524793],[30.371838162666357,60.007597876505528]]},"properties":{"category":"automobile","unit_categoty":"classroom","unit_restriction":null,"accessibility":null,"access_control":null,"door":{"type":"open","material":"metal","automatic":false},"name":null,"alt_name":null,"display_point":{"type":"Point","coordinates":[30.371821117890669,60.0076007524793]},"level_id":"c0fb6195-5d7e-46cc-bfb0-58466f979550"}},{"id":"fe8a20a5-589b-4958-a529-c16c7f43a120","type":"Feature","feature_type":"opening","geometry":{"type":"LineString","coordinates":[[30.371755068341521,60.0076118965689],[30.371772113671934,60.00760902086958]]},"properties":{"category":"automobile","unit_categoty":"classroom","unit_restriction":null,"accessibility":null,"access_control":null,"door":{"type":"open","material":"metal","automatic":false},"name":null,"alt_name":null,"display_point":{"type":"Point","coordinates":[30.371755068341521,60.0076118965689]},"level_id":"c0fb6195-5d7e-46cc-bfb0-58466f979550"}},{"id":"e3635ef9-3d1d-4fce-9182-442dfbe558c0","type":"Feature","feature_type":"opening","geometry":{"type":"LineString","coordinates":[[30.3716890193191,60.007623040932955],[30.371706064106277,60.007620164959185]]},"properties":{"category":"automobile","unit_categoty":"classroom","unit_restriction":null,"accessibility":null,"access_control":null,"door":{"type":"open","material":"metal","automatic":false},"name":null,"alt_name":null,"display_point":{"type":"Point","coordinates":[30.3716890193191,60.007623040932955]},"level_id":"c0fb6195-5d7e-46cc-bfb0-58466f979550"}},{"id":"fb061eb5-1f1e-4845-9cfb-92884e712d22","type":"Feature","feature_type":"opening","geometry":{"type":"LineString","coordinates":[[30.37155692065852,60.007645329112158],[30.371573965457184,60.007642453138388]]},"properties":{"category":"automobile","unit_categoty":"classroom","unit_restriction":null,"accessibility":null,"access_control":null,"door":{"type":"open","material":"metal","automatic":false},"name":null,"alt_name":null,"display_point":{"type":"Point","coordinates":[30.37155692065852,60.007645329112158]},"level_id":"c0fb6195-5d7e-46cc-bfb0-58466f979550"}},{"id":"8cb56ea0-cba7-4bcc-ada0-9b806cf7057f","type":"Feature","feature_type":"opening","geometry":{"type":"LineString","coordinates":[[30.3714567814071,60.007662224874849],[30.371473826214459,60.007659349175533]]},"properties":{"category":"automobile","unit_categoty":"restroom.male","unit_restriction":null,"accessibility":null,"access_control":null,"door":{"type":"open","material":"metal","automatic":false},"name":null,"alt_name":null,"display_point":{"type":"Point","coordinates":[30.3714567814071,60.007662224874849]},"level_id":"c0fb6195-5d7e-46cc-bfb0-58466f979550"}},{"id":"d89ef3f7-55d0-48af-ac67-6c81e7581ec5","type":"Feature","feature_type":"opening","geometry":{"type":"LineString","coordinates":[[30.372211021086979,60.007534966260316],[30.372228065828764,60.007532090286546]]},"properties":{"category":"automobile","unit_categoty":"classroom","unit_restriction":null,"accessibility":null,"access_control":null,"door":{"type":"open","material":"metal","automatic":false},"name":null,"alt_name":null,"display_point":{"type":"Point","coordinates":[30.372211021086979,60.007534966260316]},"level_id":"c0fb6195-5d7e-46cc-bfb0-58466f979550"}},{"id":"da476923-04d4-4bce-ab57-768cf6d6bc43","type":"Feature","feature_type":"opening","geometry":{"type":"LineString","coordinates":[[30.372277069933507,60.007523821896264],[30.372294115218526,60.007520946196941]]},"properties":{"category":"automobile","unit_categoty":"classroom","unit_restriction":null,"accessibility":null,"access_control":null,"door":{"type":"open","material":"metal","automatic":false},"name":null,"alt_name":null,"display_point":{"type":"Point","coordinates":[30.372277069933507,60.007523821896264]},"level_id":"c0fb6195-5d7e-46cc-bfb0-58466f979550"}},{"id":"3051891a-379e-45c0-890c-333db73e82ef","type":"Feature","feature_type":"opening","geometry":{"type":"LineString","coordinates":[[30.37240916810876,60.007501533717054],[30.372426212833311,60.007498657743284]]},"properties":{"category":"automobile","unit_categoty":"classroom","unit_restriction":null,"accessibility":null,"access_control":null,"door":{"type":"open","material":"metal","automatic":false},"name":null,"alt_name":null,"display_point":{"type":"Point","coordinates":[30.37240916810876,60.007501533717054]},"level_id":"c0fb6195-5d7e-46cc-bfb0-58466f979550"}},{"id":"eebcc17b-f80d-4afe-a21b-9cc9741cc9e0","type":"Feature","feature_type":"opening","geometry":{"type":"LineString","coordinates":[[30.372343119306755,60.007512677806659],[30.372360164037055,60.007509801832889]]},"properties":{"category":"automobile","unit_categoty":"classroom","unit_restriction":null,"accessibility":null,"access_control":null,"door":{"type":"open","material":"metal","automatic":false},"name":null,"alt_name":null,"display_point":{"type":"Point","coordinates":[30.372343119306755,60.007512677806659]},"level_id":"c0fb6195-5d7e-46cc-bfb0-58466f979550"}},{"id":"41a71d89-ebd5-402a-bda5-3644eb06fda3","type":"Feature","feature_type":"opening","geometry":{"type":"LineString","coordinates":[[30.37247554958088,60.007490333364963],[30.372492638765646,60.007487524631728]]},"properties":{"category":"automobile","unit_categoty":"classroom","unit_restriction":null,"accessibility":null,"access_control":null,"door":{"type":"open","material":"metal","automatic":false},"name":null,"alt_name":null,"display_point":{"type":"Point","coordinates":[30.37247554958088,60.007490333364963]},"level_id":"c0fb6195-5d7e-46cc-bfb0-58466f979550"}},{"id":"e8e44eb7-bf9c-40c2-a1e7-19a97f239207","type":"Feature","feature_type":"opening","geometry":{"type":"LineString","coordinates":[[30.37254126619499,60.007479245537851],[30.372558310908055,60.007476369564081]]},"properties":{"category":"automobile","unit_categoty":"classroom","unit_restriction":null,"accessibility":null,"access_control":null,"door":{"type":"open","material":"metal","automatic":false},"name":null,"alt_name":null,"display_point":{"type":"Point","coordinates":[30.37254126619499,60.007479245537851]},"level_id":"c0fb6195-5d7e-46cc-bfb0-58466f979550"}},{"id":"a3f52414-618a-4b66-84af-d5b529e3f25c","type":"Feature","feature_type":"opening","geometry":{"type":"LineString","coordinates":[[30.372607314930232,60.0074681011738],[30.372624360186538,60.007465225474476]]},"properties":{"category":"automobile","unit_categoty":"classroom","unit_restriction":null,"accessibility":null,"access_control":null,"door":{"type":"open","material":"metal","automatic":false},"name":null,"alt_name":null,"display_point":{"type":"Point","coordinates":[30.372607314930232,60.0074681011738]},"level_id":"c0fb6195-5d7e-46cc-bfb0-58466f979550"}},{"id":"51d98d73-54f3-4d7b-b85f-555867276bea","type":"Feature","feature_type":"opening","geometry":{"type":"LineString","coordinates":[[30.37268721304665,60.007454620681422],[30.372704257747035,60.0074517444332]]},"properties":{"category":"automobile","unit_categoty":"classroom","unit_restriction":null,"accessibility":null,"access_control":null,"door":{"type":"open","material":"metal","automatic":false},"name":null,"alt_name":null,"display_point":{"type":"Point","coordinates":[30.37268721304665,60.007454620681422]},"level_id":"c0fb6195-5d7e-46cc-bfb0-58466f979550"}},{"id":"d002402d-e225-455e-b65e-a78f33592975","type":"Feature","feature_type":"opening","geometry":{"type":"LineString","coordinates":[[30.373280587291024,60.007354503091612],[30.373297632214296,60.007351627117842]]},"properties":{"category":"automobile","unit_categoty":"classroom","unit_restriction":null,"accessibility":null,"access_control":null,"door":{"type":"open","material":"metal","automatic":false},"name":null,"alt_name":null,"display_point":{"type":"Point","coordinates":[30.373280587291024,60.007354503091612]},"level_id":"c0fb6195-5d7e-46cc-bfb0-58466f979550"}},{"id":"008a2203-f260-4ff6-8384-0e1f5ff012a4","type":"Feature","feature_type":"opening","geometry":{"type":"LineString","coordinates":[[30.37347873350609,60.00732107054835],[30.373495778137627,60.007318194849034]]},"properties":{"category":"automobile","unit_categoty":"classroom","unit_restriction":null,"accessibility":null,"access_control":null,"door":{"type":"open","material":"metal","automatic":false},"name":null,"alt_name":null,"display_point":{"type":"Point","coordinates":[30.37347873350609,60.00732107054835]},"level_id":"c0fb6195-5d7e-46cc-bfb0-58466f979550"}},{"id":"c8916455-a6ef-4fbd-88b2-81deab334110","type":"Feature","feature_type":"opening","geometry":{"type":"LineString","coordinates":[[30.373544782199929,60.007309926458746],[30.373561826825732,60.007307050484975]]},"properties":{"category":"automobile","unit_categoty":"classroom","unit_restriction":null,"accessibility":null,"access_control":null,"door":{"type":"open","material":"metal","automatic":false},"name":null,"alt_name":null,"display_point":{"type":"Point","coordinates":[30.373544782199929,60.007309926458746]},"level_id":"c0fb6195-5d7e-46cc-bfb0-58466f979550"}},{"id":"6a658240-6709-4622-bad3-15bab942ea27","type":"Feature","feature_type":"opening","geometry":{"type":"LineString","coordinates":[[30.373381790935074,60.007337427288952],[30.373398835849546,60.007334551315182]]},"properties":{"category":"automobile","unit_categoty":"classroom","unit_restriction":null,"accessibility":null,"access_control":null,"door":{"type":"open","material":"metal","automatic":false},"name":null,"alt_name":null,"display_point":{"type":"Point","coordinates":[30.373381790935074,60.007337427288952]},"level_id":"c0fb6195-5d7e-46cc-bfb0-58466f979550"}},{"id":"c45389b2-5d68-4ae3-9531-4c5fc692681d","type":"Feature","feature_type":"opening","geometry":{"type":"LineString","coordinates":[[30.373635332752571,60.007294648036776],[30.373652377370494,60.00729177233746]]},"properties":{"category":"automobile","unit_categoty":"classroom","unit_restriction":null,"accessibility":null,"access_control":null,"door":{"type":"open","material":"metal","automatic":false},"name":null,"alt_name":null,"display_point":{"type":"Point","coordinates":[30.373635332752571,60.007294648036776]},"level_id":"c0fb6195-5d7e-46cc-bfb0-58466f979550"}},{"id":"89cde6ea-6be6-427c-b984-b7c1a1e7186b","type":"Feature","feature_type":"opening","geometry":{"type":"LineString","coordinates":[[30.373926585462463,60.0072075397067],[30.373943630319776,60.007204664007375]]},"properties":{"category":"automobile","unit_categoty":"classroom","unit_restriction":null,"accessibility":null,"access_control":null,"door":{"type":"open","material":"metal","automatic":false},"name":null,"alt_name":null,"display_point":{"type":"Point","coordinates":[30.373926585462463,60.0072075397067]},"level_id":"c0fb6195-5d7e-46cc-bfb0-58466f979550"}},{"id":"862f1f1a-7ee1-4606-a5ec-7be9a67f9414","type":"Feature","feature_type":"opening","geometry":{"type":"LineString","coordinates":[[30.373949595916972,60.007241623522575],[30.373966640782065,60.007238747823251]]},"properties":{"category":"automobile","unit_categoty":"classroom","unit_restriction":null,"accessibility":null,"access_control":null,"door":{"type":"open","material":"metal","automatic":false},"name":null,"alt_name":null,"display_point":{"type":"Point","coordinates":[30.373949595916972,60.007241623522575]},"level_id":"c0fb6195-5d7e-46cc-bfb0-58466f979550"}},{"id":"039512b6-2344-4bac-86be-71016f0a0d34","type":"Feature","feature_type":"opening","geometry":{"type":"LineString","coordinates":[[30.37391326953561,60.00723351541177],[30.373907516925144,60.007224994526418]]},"properties":{"category":"automobile","unit_categoty":"classroom","unit_restriction":null,"accessibility":null,"access_control":null,"door":{"type":"open","material":"metal","automatic":false},"name":null,"alt_name":null,"display_point":{"type":"Point","coordinates":[30.37391326953561,60.00723351541177]},"level_id":"c0fb6195-5d7e-46cc-bfb0-58466f979550"}},{"id":"2eacc2c6-93e4-47be-a755-f4aac9c592cc","type":"Feature","feature_type":"opening","geometry":{"type":"LineString","coordinates":[[30.373985709719491,60.007221293003539],[30.373979957100754,60.00721277211818]]},"properties":{"category":"automobile","unit_categoty":"classroom","unit_restriction":null,"accessibility":null,"access_control":null,"door":{"type":"open","material":"metal","automatic":false},"name":null,"alt_name":null,"display_point":{"type":"Point","coordinates":[30.373985709719491,60.007221293003539]},"level_id":"c0fb6195-5d7e-46cc-bfb0-58466f979550"}},{"id":"c57a1ffa-4014-4ff0-9717-eb5ea484b1fa","type":"Feature","feature_type":"opening","geometry":{"type":"LineString","coordinates":[[30.37162296972544,60.007634185022553],[30.371640015067356,60.007631309048783]]},"properties":{"category":"automobile","unit_categoty":"classroom","unit_restriction":null,"accessibility":null,"access_control":null,"door":{"type":"open","material":"metal","automatic":false},"name":null,"alt_name":null,"display_point":{"type":"Point","coordinates":[30.37162296972544,60.007634185022553]},"level_id":"c0fb6195-5d7e-46cc-bfb0-58466f979550"}},{"id":"956bf507-cfaf-4aa5-8f0b-317c8d0cab68","type":"Feature","feature_type":"opening","geometry":{"type":"LineString","coordinates":[[30.374143480174919,60.007208910315818],[30.374160525023157,60.007206034342047]]},"properties":{"category":"automobile","unit_categoty":"classroom","unit_restriction":null,"accessibility":null,"access_control":null,"door":{"type":"open","material":"metal","automatic":false},"name":null,"alt_name":null,"display_point":{"type":"Point","coordinates":[30.374143480174919,60.007208910315818]},"level_id":"c0fb6195-5d7e-46cc-bfb0-58466f979550"}},{"id":"e7dfd4a0-1f5e-4193-841f-55f056601504","type":"Feature","feature_type":"opening","geometry":{"type":"LineString","coordinates":[[30.374205267639788,60.007198485013824],[30.374222312208154,60.007195609040053]]},"properties":{"category":"automobile","unit_categoty":"classroom","unit_restriction":null,"accessibility":null,"access_control":null,"door":{"type":"open","material":"metal","automatic":false},"name":null,"alt_name":null,"display_point":{"type":"Point","coordinates":[30.374205267639788,60.007198485013824]},"level_id":"c0fb6195-5d7e-46cc-bfb0-58466f979550"}},{"id":"ad779db3-aa18-4408-a7ae-b0d1ffe4382d","type":"Feature","feature_type":"opening","geometry":{"type":"LineString","coordinates":[[30.37426705481068,60.007188059986277],[30.374284099648168,60.007185184012506]]},"properties":{"category":"automobile","unit_categoty":"classroom","unit_restriction":null,"accessibility":null,"access_control":null,"door":{"type":"open","material":"metal","automatic":false},"name":null,"alt_name":null,"display_point":{"type":"Point","coordinates":[30.37426705481068,60.007188059986277]},"level_id":"c0fb6195-5d7e-46cc-bfb0-58466f979550"}},{"id":"ef6a093c-8bf0-43cf-a6a0-c570fee9e9c6","type":"Feature","feature_type":"opening","geometry":{"type":"LineString","coordinates":[[30.374328841962097,60.007177634684275],[30.374345886794213,60.007174758984959]]},"properties":{"category":"automobile","unit_categoty":"classroom","unit_restriction":null,"accessibility":null,"access_control":null,"door":{"type":"open","material":"metal","automatic":false},"name":null,"alt_name":null,"display_point":{"type":"Point","coordinates":[30.374328841962097,60.007177634684275]},"level_id":"c0fb6195-5d7e-46cc-bfb0-58466f979550"}},{"id":"88aff3f0-4476-4cb5-a2d7-3efa00bacebd","type":"Feature","feature_type":"opening","geometry":{"type":"LineString","coordinates":[[30.374390629094037,60.007167209656728],[30.374407673920782,60.007164333682958]]},"properties":{"category":"automobile","unit_categoty":"classroom","unit_restriction":null,"accessibility":null,"access_control":null,"door":{"type":"open","material":"metal","automatic":false},"name":null,"alt_name":null,"display_point":{"type":"Point","coordinates":[30.374390629094037,60.007167209656728]},"level_id":"c0fb6195-5d7e-46cc-bfb0-58466f979550"}},{"id":"e02ef7b1-a41c-4ee5-9b0f-4a2b0c4c55fc","type":"Feature","feature_type":"opening","geometry":{"type":"LineString","coordinates":[[30.374452416480995,60.007156784354734],[30.374469461027871,60.007153908380964]]},"properties":{"category":"automobile","unit_categoty":"classroom","unit_restriction":null,"accessibility":null,"access_control":null,"door":{"type":"open","material":"metal","automatic":false},"name":null,"alt_name":null,"display_point":{"type":"Point","coordinates":[30.374452416480995,60.007156784354734]},"level_id":"c0fb6195-5d7e-46cc-bfb0-58466f979550"}},{"id":"f4796e2c-c8ba-4faa-8607-cf948bece6ff","type":"Feature","feature_type":"opening","geometry":{"type":"LineString","coordinates":[[30.37451420357398,60.007146359327187],[30.374531248389982,60.007143483353417]]},"properties":{"category":"automobile","unit_categoty":"restroom.male","unit_restriction":null,"accessibility":null,"access_control":null,"door":{"type":"open","material":"metal","automatic":false},"name":null,"alt_name":null,"display_point":{"type":"Point","coordinates":[30.37451420357398,60.007146359327187]},"level_id":"c0fb6195-5d7e-46cc-bfb0-58466f979550"}},{"id":"645f47c2-72a7-4164-9255-b0f54f67cfa5","type":"Feature","feature_type":"opening","geometry":{"type":"LineString","coordinates":[[30.37388269517724,60.007328844377632],[30.373899740067717,60.007325968678316]]},"properties":{"category":"automobile","unit_categoty":"classroom","unit_restriction":null,"accessibility":null,"access_control":null,"door":{"type":"open","material":"metal","automatic":false},"name":null,"alt_name":null,"display_point":{"type":"Point","coordinates":[30.37388269517724,60.007328844377632]},"level_id":"c0fb6195-5d7e-46cc-bfb0-58466f979550"}},{"id":"b8f7985c-3c16-4068-bcb1-18abe0adcd1a","type":"Feature","feature_type":"opening","geometry":{"type":"LineString","coordinates":[[30.374492177756075,60.007053973026728],[30.374486425086648,60.007045452141369]]},"properties":{"category":"automobile","unit_categoty":"classroom","unit_restriction":"restricted","accessibility":null,"access_control":null,"door":{"type":"open","material":"metal","automatic":false},"name":null,"alt_name":null,"display_point":{"type":"Point","coordinates":[30.374492177756075,60.007053973026728]},"level_id":"c0fb6195-5d7e-46cc-bfb0-58466f979550"}},{"id":"b7839160-764f-427a-83d7-3d02252138c2","type":"Feature","feature_type":"opening","geometry":{"type":"LineString","coordinates":[[30.374317440963381,60.006795148286606],[30.374311688338974,60.006786627401247]]},"properties":{"category":"automobile","unit_categoty":"classroom","unit_restriction":"restricted","accessibility":null,"access_control":null,"door":{"type":"open","material":"metal","automatic":false},"name":null,"alt_name":null,"display_point":{"type":"Point","coordinates":[30.374317440963381,60.006795148286606]},"level_id":"c0fb6195-5d7e-46cc-bfb0-58466f979550"}},{"id":"a9a0b7f3-d191-4417-bab8-5ef996486410","type":"Feature","feature_type":"opening","geometry":{"type":"LineString","coordinates":[[30.374426393924324,60.006815917927504],[30.374420641284075,60.006807397042152]]},"properties":{"category":"automobile","unit_categoty":"classroom","unit_restriction":null,"accessibility":null,"access_control":null,"door":{"type":"open","material":"metal","automatic":false},"name":null,"alt_name":null,"display_point":{"type":"Point","coordinates":[30.374426393924324,60.006815917927504]},"level_id":"c0fb6195-5d7e-46cc-bfb0-58466f979550"}},{"id":"4c4a4845-3362-439e-9c38-4891ea09c27e","type":"Feature","feature_type":"opening","geometry":{"type":"LineString","coordinates":[[30.374448685470753,60.006848936872856],[30.374442932824763,60.00684041571305]]},"properties":{"category":"automobile","unit_categoty":"classroom","unit_restriction":null,"accessibility":null,"access_control":null,"door":{"type":"open","material":"metal","automatic":false},"name":null,"alt_name":null,"display_point":{"type":"Point","coordinates":[30.374448685470753,60.006848936872856]},"level_id":"c0fb6195-5d7e-46cc-bfb0-58466f979550"}},{"id":"09677f5b-f85a-48cf-a55f-9a55134fdfd2","type":"Feature","feature_type":"opening","geometry":{"type":"LineString","coordinates":[[30.37447097703944,60.006881955543754],[30.374465224387702,60.0068734346584]]},"properties":{"category":"automobile","unit_categoty":"classroom","unit_restriction":null,"accessibility":null,"access_control":null,"door":{"type":"open","material":"metal","automatic":false},"name":null,"alt_name":null,"display_point":{"type":"Point","coordinates":[30.37447097703944,60.006881955543754]},"level_id":"c0fb6195-5d7e-46cc-bfb0-58466f979550"}},{"id":"0c399fb7-f3b9-4be7-ab9a-dd37bcb9fab3","type":"Feature","feature_type":"opening","geometry":{"type":"LineString","coordinates":[[30.374493268493129,60.006914974489106],[30.374487515835654,60.0069064533293]]},"properties":{"category":"automobile","unit_categoty":"classroom","unit_restriction":null,"accessibility":null,"access_control":null,"door":{"type":"open","material":"metal","automatic":false},"name":null,"alt_name":null,"display_point":{"type":"Point","coordinates":[30.374493268493129,60.006914974489106]},"level_id":"c0fb6195-5d7e-46cc-bfb0-58466f979550"}},{"id":"9fc8c2bf-376a-4771-825c-9abedf17c150","type":"Feature","feature_type":"opening","geometry":{"type":"LineString","coordinates":[[30.374515560106328,60.006947993160004],[30.374509807443104,60.006939472274652]]},"properties":{"category":"automobile","unit_categoty":"classroom","unit_restriction":null,"accessibility":null,"access_control":null,"door":{"type":"open","material":"metal","automatic":false},"name":null,"alt_name":null,"display_point":{"type":"Point","coordinates":[30.374515560106328,60.006947993160004]},"level_id":"c0fb6195-5d7e-46cc-bfb0-58466f979550"}},{"id":"507e5ef1-25f5-48f5-828f-574f1d07fd36","type":"Feature","feature_type":"opening","geometry":{"type":"LineString","coordinates":[[30.374586749556446,60.007053440317016],[30.374580996874879,60.007044919431657]]},"properties":{"category":"automobile","unit_categoty":"auditorium","unit_restriction":null,"accessibility":null,"access_control":null,"door":{"type":"open","material":"metal","automatic":false},"name":null,"alt_name":null,"display_point":{"type":"Point","coordinates":[30.374586749556446,60.007053440317016]},"level_id":"c0fb6195-5d7e-46cc-bfb0-58466f979550"}},{"id":"5d04fbda-d051-4f51-aa06-96b8a9e18118","type":"Feature","feature_type":"opening","geometry":{"type":"LineString","coordinates":[[30.374655781850809,60.007155692039092],[30.374644276453594,60.007138649993927]]},"properties":{"category":"automobile","unit_categoty":"walkway","unit_restriction":null,"accessibility":null,"access_control":null,"door":{"type":"open","material":"metal","automatic":false},"name":null,"alt_name":null,"display_point":{"type":"Point","coordinates":[30.374655781850809,60.007155692039092]},"level_id":"c0fb6195-5d7e-46cc-bfb0-58466f979550"}},{"id":"4b59e1fc-6055-414c-9a08-12cf32fd0c9a","type":"Feature","feature_type":"opening","geometry":{"type":"LineString","coordinates":[[30.374534256306344,60.006975686380478],[30.374528503638306,60.006967165495119]]},"properties":{"category":"automobile","unit_categoty":"classroom","unit_restriction":null,"accessibility":null,"access_control":null,"door":{"type":"open","material":"metal","automatic":false},"name":null,"alt_name":null,"display_point":{"type":"Point","coordinates":[30.374534256306344,60.006975686380478]},"level_id":"c0fb6195-5d7e-46cc-bfb0-58466f979550"}},{"id":"d8675d00-2570-427d-b3cc-3587b37668f6","type":"Feature","feature_type":"opening","geometry":{"type":"LineString","coordinates":[[30.374717623428104,60.007247292585859],[30.374711870712822,60.007238771700507]]},"properties":{"category":"automobile","unit_categoty":"auditorium","unit_restriction":null,"accessibility":null,"access_control":null,"door":{"type":"open","material":"metal","automatic":false},"name":null,"alt_name":null,"display_point":{"type":"Point","coordinates":[30.374717623428104,60.007247292585859]},"level_id":"c0fb6195-5d7e-46cc-bfb0-58466f979550"}},{"id":"b0b3a885-40d5-4e2a-bb48-d097a3516263","type":"Feature","feature_type":"opening","geometry":{"type":"LineString","coordinates":[[30.374739915265291,60.007280311256764],[30.374734162544264,60.007271790371405]]},"properties":{"category":"automobile","unit_categoty":"classroom","unit_restriction":null,"accessibility":null,"access_control":null,"door":{"type":"open","material":"metal","automatic":false},"name":null,"alt_name":null,"display_point":{"type":"Point","coordinates":[30.374739915265291,60.007280311256764]},"level_id":"c0fb6195-5d7e-46cc-bfb0-58466f979550"}},{"id":"c0079e06-24c6-4ee5-ac9f-bcde7b2f7448","type":"Feature","feature_type":"opening","geometry":{"type":"LineString","coordinates":[[30.374784498869179,60.007346348873014],[30.374778746136666,60.007337827987655]]},"properties":{"category":"automobile","unit_categoty":"classroom","unit_restriction":null,"accessibility":null,"access_control":null,"door":{"type":"open","material":"metal","automatic":false},"name":null,"alt_name":null,"display_point":{"type":"Point","coordinates":[30.374784498869179,60.007346348873014]},"level_id":"c0fb6195-5d7e-46cc-bfb0-58466f979550"}},{"id":"e62226ac-c520-47c1-bab2-4f9d158a3aa4","type":"Feature","feature_type":"opening","geometry":{"type":"LineString","coordinates":[[30.374806790910377,60.007379367818359],[30.374801038034875,60.007370846658553]]},"properties":{"category":"automobile","unit_categoty":"classroom","unit_restriction":null,"accessibility":null,"access_control":null,"door":{"type":"open","material":"metal","automatic":false},"name":null,"alt_name":null,"display_point":{"type":"Point","coordinates":[30.374806790910377,60.007379367818359]},"level_id":"c0fb6195-5d7e-46cc-bfb0-58466f979550"}},{"id":"f7639659-f57c-42c3-88ed-809dc15a15d1","type":"Feature","feature_type":"opening","geometry":{"type":"LineString","coordinates":[[30.374762207124729,60.007313330202109],[30.374756454397961,60.0073048090423]]},"properties":{"category":"automobile","unit_categoty":"classroom","unit_restriction":null,"accessibility":null,"access_control":null,"door":{"type":"open","material":"metal","automatic":false},"name":null,"alt_name":null,"display_point":{"type":"Point","coordinates":[30.374762207124729,60.007313330202109]},"level_id":"c0fb6195-5d7e-46cc-bfb0-58466f979550"}},{"id":"8ed34b65-eefe-4a4e-94c1-f5f0b8ead4bd","type":"Feature","feature_type":"opening","geometry":{"type":"LineString","coordinates":[[30.37492839635388,60.007475121909081],[30.37494544096209,60.007472246209758]]},"properties":{"category":"automobile","unit_categoty":"classroom","unit_restriction":null,"accessibility":null,"access_control":null,"door":{"type":"open","material":"metal","automatic":false},"name":null,"alt_name":null,"display_point":{"type":"Point","coordinates":[30.37492839635388,60.007475121909081]},"level_id":"c0fb6195-5d7e-46cc-bfb0-58466f979550"}},{"id":"2f58d5db-2efe-47ab-ba15-e0a7855ca70f","type":"Feature","feature_type":"opening","geometry":{"type":"LineString","coordinates":[[30.374837352159918,60.007424635519257],[30.374831599551037,60.007416114359451]]},"properties":{"category":"automobile","unit_categoty":"classroom","unit_restriction":null,"accessibility":null,"access_control":null,"door":{"type":"open","material":"metal","automatic":false},"name":null,"alt_name":null,"display_point":{"type":"Point","coordinates":[30.374837352159918,60.007424635519257]},"level_id":"c0fb6195-5d7e-46cc-bfb0-58466f979550"}},{"id":"9cbcea2c-4b8e-482b-b64f-4cf6196fad7e","type":"Feature","feature_type":"opening","geometry":{"type":"LineString","coordinates":[[30.372829963099168,60.007477992942732],[30.372847008073855,60.007475116968962]]},"properties":{"category":"automobile","unit_categoty":"walkway","unit_restriction":null,"accessibility":null,"access_control":null,"door":{"type":"open","material":"metal","automatic":false},"name":null,"alt_name":null,"display_point":{"type":"Point","coordinates":[30.372829963099168,60.007477992942732]},"level_id":"c0fb6195-5d7e-46cc-bfb0-58466f979550"}},{"id":"2eb8d325-4507-45ef-acaf-073a4901b412","type":"Feature","feature_type":"opening","geometry":{"type":"LineString","coordinates":[[30.373070719610993,60.007627202710438],[30.373064967074829,60.007618681825079]]},"properties":{"category":"automobile","unit_categoty":"classroom","unit_restriction":null,"accessibility":null,"access_control":null,"door":{"type":"open","material":"metal","automatic":false},"name":null,"alt_name":null,"display_point":{"type":"Point","coordinates":[30.373070719610993,60.007627202710438]},"level_id":"c0fb6195-5d7e-46cc-bfb0-58466f979550"}},{"id":"b431de34-d8fe-4acd-bf56-6c6d1dac4221","type":"Feature","feature_type":"opening","geometry":{"type":"LineString","coordinates":[[30.373198670732275,60.007605802655206],[30.373192918181495,60.0075972814954]]},"properties":{"category":"automobile","unit_categoty":"classroom","unit_restriction":null,"accessibility":null,"access_control":null,"door":{"type":"open","material":"metal","automatic":false},"name":null,"alt_name":null,"display_point":{"type":"Point","coordinates":[30.373198670732275,60.007605802655206]},"level_id":"c0fb6195-5d7e-46cc-bfb0-58466f979550"}},{"id":"e230fef9-027e-4093-ab97-2ed795fe8a6a","type":"Feature","feature_type":"opening","geometry":{"type":"LineString","coordinates":[[30.373111734236307,60.007596553650906],[30.373128779229297,60.007593677677136]]},"properties":{"category":"automobile","unit_categoty":"classroom","unit_restriction":null,"accessibility":null,"access_control":null,"door":{"type":"open","material":"metal","automatic":false},"name":null,"alt_name":null,"display_point":{"type":"Point","coordinates":[30.373111734236307,60.007596553650906]},"level_id":"c0fb6195-5d7e-46cc-bfb0-58466f979550"}},{"id":"e0d04da8-2247-4013-827d-c84bee1eea27","type":"Feature","feature_type":"opening","geometry":{"type":"LineString","coordinates":[[30.373235033050442,60.007561512549366],[30.37322928049883,60.007552991389559]]},"properties":{"category":"automobile","unit_categoty":"classroom","unit_restriction":null,"accessibility":null,"access_control":null,"door":{"type":"open","material":"metal","automatic":false},"name":null,"alt_name":null,"display_point":{"type":"Point","coordinates":[30.373235033050442,60.007561512549366]},"level_id":"c0fb6195-5d7e-46cc-bfb0-58466f979550"}},{"id":"ba7b8d03-86b0-4045-a531-117c40cb618b","type":"Feature","feature_type":"opening","geometry":{"type":"LineString","coordinates":[[30.373115464788533,60.007429821548492],[30.373149554412276,60.007424069600951]]},"properties":{"category":"automobile","unit_categoty":"wardrobe","unit_restriction":null,"accessibility":null,"access_control":null,"door":{"type":"open","material":"metal","automatic":false},"name":null,"alt_name":null,"display_point":{"type":"Point","coordinates":[30.373115464788533,60.007429821548492]},"level_id":"c0fb6195-5d7e-46cc-bfb0-58466f979550"}},{"id":"e274e0c0-3080-47d7-afcd-a4bb89756d47","type":"Feature","feature_type":"opening","geometry":{"type":"LineString","coordinates":[[30.373192166639488,60.007416879803756],[30.37320921158268,60.007414003829986]]},"properties":{"category":"automobile","unit_categoty":"shop","unit_restriction":null,"accessibility":null,"access_control":null,"door":{"type":"open","material":"metal","automatic":false},"name":null,"alt_name":null,"display_point":{"type":"Point","coordinates":[30.373192166639488,60.007416879803756]},"level_id":"c0fb6195-5d7e-46cc-bfb0-58466f979550"}},{"id":"4aeea3e8-ae39-4bb7-9912-29df5793234e","type":"Feature","feature_type":"opening","geometry":{"type":"LineString","coordinates":[[30.372889620092341,60.00746792717176],[30.372923710029852,60.007462175498667]]},"properties":{"category":"automobile","unit_categoty":"wardrobe","unit_restriction":null,"accessibility":null,"access_control":null,"door":{"type":"open","material":"metal","automatic":false},"name":null,"alt_name":null,"display_point":{"type":"Point","coordinates":[30.372889620092341,60.00746792717176]},"level_id":"c0fb6195-5d7e-46cc-bfb0-58466f979550"}},{"id":"d0f52391-1d07-40f0-8084-17c6289f6611","type":"Feature","feature_type":"opening","geometry":{"type":"LineString","coordinates":[[30.37219188875742,60.007924975364453],[30.372208933600536,60.007922099390683]]},"properties":{"category":"automobile","unit_categoty":"walkway","unit_restriction":null,"accessibility":null,"access_control":null,"door":{"type":"open","material":"metal","automatic":false},"name":null,"alt_name":null,"display_point":{"type":"Point","coordinates":[30.37219188875742,60.007924975364453]},"level_id":"c0fb6195-5d7e-46cc-bfb0-58466f979550"}},{"id":"359c73f1-c41b-41b3-b8b8-91300010a10f","type":"Feature","feature_type":"opening","geometry":{"type":"LineString","coordinates":[[30.372306942380419,60.007905563159021],[30.372323987213534,60.007902687185251]]},"properties":{"category":"automobile","unit_categoty":"walkway","unit_restriction":null,"accessibility":null,"access_control":null,"door":{"type":"open","material":"metal","automatic":false},"name":null,"alt_name":null,"display_point":{"type":"Point","coordinates":[30.372306942380419,60.007905563159021]},"level_id":"c0fb6195-5d7e-46cc-bfb0-58466f979550"}},{"id":"8afd414e-8875-4aa1-b986-8a6d55add22d","type":"Feature","feature_type":"opening","geometry":{"type":"LineString","coordinates":[[30.375019442585202,60.007497489130223],[30.374996719163253,60.007463831262555]]},"properties":{"category":"automobile","unit_categoty":"stairs","unit_restriction":null,"accessibility":null,"access_control":null,"door":{"type":"open","material":"metal","automatic":false},"name":null,"alt_name":null,"display_point":{"type":"Point","coordinates":[30.375019442585202,60.007497489130223]},"level_id":"c0fb6195-5d7e-46cc-bfb0-58466f979550"}},{"id":"76573b98-3364-4a20-abd7-dcf094286c5d","type":"Feature","feature_type":"opening","geometry":{"type":"LineString","coordinates":[[30.371491137699007,60.008092801703661],[30.371468415867945,60.008059143836]]},"properties":{"category":"automobile","unit_categoty":"stairs","unit_restriction":null,"accessibility":null,"access_control":null,"door":{"type":"open","material":"metal","automatic":false},"name":null,"alt_name":null,"display_point":{"type":"Point","coordinates":[30.371491137699007,60.008092801703661]},"level_id":"c0fb6195-5d7e-46cc-bfb0-58466f979550"}},{"id":"cf1ee9ab-9260-44b1-b918-561c02ceb5f7","type":"Feature","feature_type":"opening","geometry":{"type":"LineString","coordinates":[[30.371002191133517,60.007368518763762],[30.370979469525558,60.007334860896094]]},"properties":{"category":"automobile","unit_categoty":"stairs","unit_restriction":null,"accessibility":null,"access_control":null,"door":{"type":"open","material":"metal","automatic":false},"name":null,"alt_name":null,"display_point":{"type":"Point","coordinates":[30.371002191133517,60.007368518763762]},"level_id":"c0fb6195-5d7e-46cc-bfb0-58466f979550"}},{"id":"88a98a17-cf6c-45f5-967c-483ea3e87dd6","type":"Feature","feature_type":"opening","geometry":{"type":"LineString","coordinates":[[30.374530461785803,60.00677320591587],[30.37450773872424,60.0067395480482]]},"properties":{"category":"automobile","unit_categoty":"stairs","unit_restriction":null,"accessibility":null,"access_control":null,"door":{"type":"open","material":"metal","automatic":false},"name":null,"alt_name":null,"display_point":{"type":"Point","coordinates":[30.374530461785803,60.00677320591587]},"level_id":"c0fb6195-5d7e-46cc-bfb0-58466f979550"}},{"id":"3386240c-a07b-42fa-961b-a577947421eb","type":"Feature","feature_type":"opening","geometry":{"type":"LineString","coordinates":[[30.374806419729669,60.00751943150096],[30.374800666842031,60.0075109106156]]},"properties":{"category":"automobile","unit_categoty":"classroom","unit_restriction":"restricted","accessibility":null,"access_control":null,"door":{"type":"open","material":"metal","automatic":false},"name":null,"alt_name":null,"display_point":{"type":"Point","coordinates":[30.374806419729669,60.00751943150096]},"level_id":"c0fb6195-5d7e-46cc-bfb0-58466f979550"}},{"id":"7f4011ba-af5f-4ed7-b93f-2b79922b2b1c","type":"Feature","feature_type":"opening","geometry":{"type":"LineString","coordinates":[[30.371978994354432,60.007640555857478],[30.372029277189604,60.007632071748574]]},"properties":{"category":"automobile","unit_categoty":"stairs","unit_restriction":null,"accessibility":null,"access_control":null,"door":{"type":"open","material":"metal","automatic":false},"name":null,"alt_name":null,"display_point":{"type":"Point","coordinates":[30.371978994354432,60.007640555857478]},"level_id":"c0fb6195-5d7e-46cc-bfb0-58466f979550"}},{"id":"c976e46f-e980-4a95-b105-a90d4f8d9b1a","type":"Feature","feature_type":"opening","geometry":{"type":"LineString","coordinates":[[30.372098309423851,60.007620424315533],[30.372148592228402,60.007611940481084]]},"properties":{"category":"automobile","unit_categoty":"stairs","unit_restriction":null,"accessibility":null,"access_control":null,"door":{"type":"open","material":"metal","automatic":false},"name":null,"alt_name":null,"display_point":{"type":"Point","coordinates":[30.372098309423851,60.007620424315533]},"level_id":"c0fb6195-5d7e-46cc-bfb0-58466f979550"}},{"id":"d103b63d-2e66-48b6-a279-50118dec6b3a","type":"Feature","feature_type":"opening","geometry":{"type":"LineString","coordinates":[[30.372030129236215,60.007631928210614],[30.372097457377524,60.007620568127948]]},"properties":{"category":"automobile","unit_categoty":"stairs","unit_restriction":null,"accessibility":null,"access_control":null,"door":{"type":"open","material":"metal","automatic":false},"name":null,"alt_name":null,"display_point":{"type":"Point","coordinates":[30.372030129236215,60.007631928210614]},"level_id":"c0fb6195-5d7e-46cc-bfb0-58466f979550"}},{"id":"e1c4062f-d66d-43de-afd6-964e26bbf258","type":"Feature","feature_type":"opening","geometry":{"type":"LineString","coordinates":[[30.373913588727817,60.007314140381951],[30.373963871066707,60.007305656273054]]},"properties":{"category":"automobile","unit_categoty":"stairs","unit_restriction":null,"accessibility":null,"access_control":null,"door":{"type":"open","material":"metal","automatic":false},"name":null,"alt_name":null,"display_point":{"type":"Point","coordinates":[30.373913588727817,60.007314140381951]},"level_id":"c0fb6195-5d7e-46cc-bfb0-58466f979550"}},{"id":"6f38f99f-6056-4856-b94e-3cea7c4eeed5","type":"Feature","feature_type":"opening","geometry":{"type":"LineString","coordinates":[[30.374032902345132,60.007294009114467],[30.374083184653415,60.007285525005564]]},"properties":{"category":"automobile","unit_categoty":"stairs","unit_restriction":null,"accessibility":null,"access_control":null,"door":{"type":"open","material":"metal","automatic":false},"name":null,"alt_name":null,"display_point":{"type":"Point","coordinates":[30.374032902345132,60.007294009114467]},"level_id":"c0fb6195-5d7e-46cc-bfb0-58466f979550"}},{"id":"a8012440-ace1-4c14-9c4d-68b498730ca3","type":"Feature","feature_type":"opening","geometry":{"type":"LineString","coordinates":[[30.373964723104915,60.007305512735094],[30.374032050307214,60.007294152926875]]},"properties":{"category":"automobile","unit_categoty":"stairs","unit_restriction":null,"accessibility":null,"access_control":null,"door":{"type":"open","material":"metal","automatic":false},"name":null,"alt_name":null,"display_point":{"type":"Point","coordinates":[30.373964723104915,60.007305512735094]},"level_id":"c0fb6195-5d7e-46cc-bfb0-58466f979550"}},{"id":"115949ef-1502-4b76-a2f0-c1cc9e6eb98d","type":"Feature","feature_type":"opening","geometry":{"type":"LineString","coordinates":[[30.374492177756075,60.007053973026728],[30.374486425086648,60.007045452141369]]},"properties":{"category":"automobile","unit_categoty":"classroom","unit_restriction":"restricted","accessibility":null,"access_control":null,"door":{"type":"open","material":"metal","automatic":false},"name":null,"alt_name":null,"display_point":{"type":"Point","coordinates":[30.374492177756075,60.007053973026728]},"level_id":"2ee0f755-3993-4667-a616-c79bd2b7985e"}},{"id":"503f5823-8f79-4bcf-a66c-33404b754f65","type":"Feature","feature_type":"opening","geometry":{"type":"LineString","coordinates":[[30.372870018718704,60.007471234582766],[30.372942459355709,60.007459011900075]]},"properties":{"category":"automobile","unit_categoty":"stairs","unit_restriction":null,"accessibility":null,"access_control":null,"door":{"type":"open","material":"metal","automatic":false},"name":null,"alt_name":null,"display_point":{"type":"Point","coordinates":[30.372870018718704,60.007471234582766]},"level_id":"2ee0f755-3993-4667-a616-c79bd2b7985e"}},{"id":"ede492ad-607c-4dc0-ba29-57c8fee868d5","type":"Feature","feature_type":"opening","geometry":{"type":"LineString","coordinates":[[30.373096715204735,60.007432984872636],[30.37316915603245,60.0074207624644]]},"properties":{"category":"automobile","unit_categoty":"stairs","unit_restriction":null,"accessibility":null,"access_control":null,"door":{"type":"open","material":"metal","automatic":false},"name":null,"alt_name":null,"display_point":{"type":"Point","coordinates":[30.373096715204735,60.007432984872636]},"level_id":"2ee0f755-3993-4667-a616-c79bd2b7985e"}},{"id":"a190cb2a-fb12-4d01-8b2e-3bb8ac56809f","type":"Feature","feature_type":"opening","geometry":{"type":"LineString","coordinates":[[30.375019442585202,60.007497489130223],[30.374996719163253,60.007463831262555]]},"properties":{"category":"automobile","unit_categoty":"stairs","unit_restriction":null,"accessibility":null,"access_control":null,"door":{"type":"open","material":"metal","automatic":false},"name":null,"alt_name":null,"display_point":{"type":"Point","coordinates":[30.375019442585202,60.007497489130223]},"level_id":"2ee0f755-3993-4667-a616-c79bd2b7985e"}},{"id":"b6b716ea-9153-479d-b5f3-b15908e48107","type":"Feature","feature_type":"opening","geometry":{"type":"LineString","coordinates":[[30.371491137699007,60.008092801703661],[30.371468415867945,60.008059143836]]},"properties":{"category":"automobile","unit_categoty":"stairs","unit_restriction":null,"accessibility":null,"access_control":null,"door":{"type":"open","material":"metal","automatic":false},"name":null,"alt_name":null,"display_point":{"type":"Point","coordinates":[30.371491137699007,60.008092801703661]},"level_id":"2ee0f755-3993-4667-a616-c79bd2b7985e"}},{"id":"48feaf45-1979-4a51-b13d-1f9e006129ef","type":"Feature","feature_type":"opening","geometry":{"type":"LineString","coordinates":[[30.371002191133517,60.007368518763762],[30.370979469525558,60.007334860896094]]},"properties":{"category":"automobile","unit_categoty":"stairs","unit_restriction":null,"accessibility":null,"access_control":null,"door":{"type":"open","material":"metal","automatic":false},"name":null,"alt_name":null,"display_point":{"type":"Point","coordinates":[30.371002191133517,60.007368518763762]},"level_id":"2ee0f755-3993-4667-a616-c79bd2b7985e"}},{"id":"e7adf39d-08fa-4ea5-8b29-203a324fbfae","type":"Feature","feature_type":"opening","geometry":{"type":"LineString","coordinates":[[30.374530461785803,60.00677320591587],[30.37450773872424,60.0067395480482]]},"properties":{"category":"automobile","unit_categoty":"stairs","unit_restriction":null,"accessibility":null,"access_control":null,"door":{"type":"open","material":"metal","automatic":false},"name":null,"alt_name":null,"display_point":{"type":"Point","coordinates":[30.374530461785803,60.00677320591587]},"level_id":"2ee0f755-3993-4667-a616-c79bd2b7985e"}},{"id":"c33612f6-12e5-4185-a39c-87dbe265fb2d","type":"Feature","feature_type":"opening","geometry":{"type":"LineString","coordinates":[[30.3715509390026,60.008082949181251],[30.37156798446328,60.008080073481928]]},"properties":{"category":"automobile","unit_categoty":"auditorium","unit_restriction":null,"accessibility":null,"access_control":null,"door":{"type":"open","material":"metal","automatic":false},"name":null,"alt_name":null,"display_point":{"type":"Point","coordinates":[30.3715509390026,60.008082949181251]},"level_id":"2ee0f755-3993-4667-a616-c79bd2b7985e"}},{"id":"f1259be7-5b3d-49b0-ac44-d1dee0c599af","type":"Feature","feature_type":"opening","geometry":{"type":"LineString","coordinates":[[30.374951407417697,60.007509205724958],[30.374934362525725,60.007512081698728]]},"properties":{"category":"automobile","unit_categoty":"auditorium","unit_restriction":null,"accessibility":null,"access_control":null,"door":{"type":"open","material":"metal","automatic":false},"name":null,"alt_name":null,"display_point":{"type":"Point","coordinates":[30.374951407417697,60.007509205724958]},"level_id":"2ee0f755-3993-4667-a616-c79bd2b7985e"}},{"id":"7148c4f4-3f08-472d-8c28-80d89e7f6c5d","type":"Feature","feature_type":"opening","geometry":{"type":"LineString","coordinates":[[30.374849138318126,60.007526461293125],[30.37486618321751,60.007523585319355]]},"properties":{"category":"automobile","unit_categoty":"auditorium","unit_restriction":null,"accessibility":null,"access_control":null,"door":{"type":"open","material":"metal","automatic":false},"name":null,"alt_name":null,"display_point":{"type":"Point","coordinates":[30.374849138318126,60.007526461293125]},"level_id":"2ee0f755-3993-4667-a616-c79bd2b7985e"}},{"id":"ad8db4a8-28c0-42a6-a348-74e1742adeee","type":"Feature","feature_type":"opening","geometry":{"type":"LineString","coordinates":[[30.374917531444993,60.007543396576786],[30.374911778540959,60.007534875691434]]},"properties":{"category":"automobile","unit_categoty":"auditorium","unit_restriction":null,"accessibility":null,"access_control":null,"door":{"type":"open","material":"metal","automatic":false},"name":null,"alt_name":null,"display_point":{"type":"Point","coordinates":[30.374917531444993,60.007543396576786]},"level_id":"2ee0f755-3993-4667-a616-c79bd2b7985e"}},{"id":"cb512124-b561-4e73-ad96-44c878487f74","type":"Feature","feature_type":"opening","geometry":{"type":"LineString","coordinates":[[30.371623381102289,60.008070726773013],[30.3716404260077,60.008067850524796]]},"properties":{"category":"automobile","unit_categoty":"auditorium","unit_restriction":null,"accessibility":null,"access_control":null,"door":{"type":"open","material":"metal","automatic":false},"name":null,"alt_name":null,"display_point":{"type":"Point","coordinates":[30.371623381102289,60.008070726773013]},"level_id":"2ee0f755-3993-4667-a616-c79bd2b7985e"}},{"id":"1e84b0f2-ff7d-46f2-9508-985737d4723f","type":"Feature","feature_type":"opening","geometry":{"type":"LineString","coordinates":[[30.371687194100588,60.008045722350623],[30.371681441569006,60.008037201465264]]},"properties":{"category":"automobile","unit_categoty":"restroom.female","unit_restriction":null,"accessibility":null,"access_control":null,"door":{"type":"open","material":"metal","automatic":false},"name":null,"alt_name":null,"display_point":{"type":"Point","coordinates":[30.371687194100588,60.008045722350623]},"level_id":"2ee0f755-3993-4667-a616-c79bd2b7985e"}},{"id":"58d9f837-0ad1-498b-aaab-29bb84eba2f3","type":"Feature","feature_type":"opening","geometry":{"type":"LineString","coordinates":[[30.374512072937566,60.007146718858216],[30.374529117753749,60.007143842884446]]},"properties":{"category":"automobile","unit_categoty":"restroom.male","unit_restriction":null,"accessibility":null,"access_control":null,"door":{"type":"open","material":"metal","automatic":false},"name":null,"alt_name":null,"display_point":{"type":"Point","coordinates":[30.374512072937566,60.007146718858216]},"level_id":"2ee0f755-3993-4667-a616-c79bd2b7985e"}},{"id":"47b0b136-ec0c-4c9f-a394-a3ad68a4b4d2","type":"Feature","feature_type":"opening","geometry":{"type":"LineString","coordinates":[[30.371452520067773,60.007662943936907],[30.3714695648755,60.007660068237584]]},"properties":{"category":"automobile","unit_categoty":"restroom.male","unit_restriction":null,"accessibility":null,"access_control":null,"door":{"type":"open","material":"metal","automatic":false},"name":null,"alt_name":null,"display_point":{"type":"Point","coordinates":[30.371452520067773,60.007662943936907]},"level_id":"2ee0f755-3993-4667-a616-c79bd2b7985e"}},{"id":"78b7219e-2734-48ef-96b4-9775955dd6ef","type":"Feature","feature_type":"opening","geometry":{"type":"LineString","coordinates":[[30.374058843163368,60.007586244441754],[30.374053090640718,60.007577723556395]]},"properties":{"category":"automobile","unit_categoty":"classroom","unit_restriction":null,"accessibility":null,"access_control":null,"door":{"type":"open","material":"metal","automatic":false},"name":null,"alt_name":null,"display_point":{"type":"Point","coordinates":[30.374058843163368,60.007586244441754]},"level_id":"2ee0f755-3993-4667-a616-c79bd2b7985e"}},{"id":"ce3adc34-40c4-4b92-bc4f-ec5163c95a2f","type":"Feature","feature_type":"opening","geometry":{"type":"LineString","coordinates":[[30.374297471218608,60.007545981906773],[30.374291718668722,60.007537461021414]]},"properties":{"category":"automobile","unit_categoty":"classroom","unit_restriction":null,"accessibility":null,"access_control":null,"door":{"type":"open","material":"metal","automatic":false},"name":null,"alt_name":null,"display_point":{"type":"Point","coordinates":[30.374297471218608,60.007545981906773]},"level_id":"2ee0f755-3993-4667-a616-c79bd2b7985e"}},{"id":"a4630ce1-6846-46b8-b38d-0b8b148a9f7e","type":"Feature","feature_type":"opening","geometry":{"type":"LineString","coordinates":[[30.374408262540474,60.007527288488944],[30.374402509977941,60.007518767603585]]},"properties":{"category":"automobile","unit_categoty":"classroom","unit_restriction":null,"accessibility":null,"access_control":null,"door":{"type":"open","material":"metal","automatic":false},"name":null,"alt_name":null,"display_point":{"type":"Point","coordinates":[30.374408262540474,60.007527288488944]},"level_id":"2ee0f755-3993-4667-a616-c79bd2b7985e"}},{"id":"e7b9e024-29b0-40d1-b36c-33440fdbd21f","type":"Feature","feature_type":"opening","geometry":{"type":"LineString","coordinates":[[30.374770464892492,60.007466175349968],[30.374764712288616,60.007457654464609]]},"properties":{"category":"automobile","unit_categoty":"classroom","unit_restriction":null,"accessibility":null,"access_control":null,"door":{"type":"open","material":"metal","automatic":false},"name":null,"alt_name":null,"display_point":{"type":"Point","coordinates":[30.374770464892492,60.007466175349968]},"level_id":"2ee0f755-3993-4667-a616-c79bd2b7985e"}},{"id":"d58716e2-2e8e-493a-85f8-21f2b4a1725f","type":"Feature","feature_type":"opening","geometry":{"type":"LineString","coordinates":[[30.371198245461798,60.007321439410717],[30.371192493330685,60.007312918525365]]},"properties":{"category":"automobile","unit_categoty":"restroom.female","unit_restriction":null,"accessibility":null,"access_control":null,"door":{"type":"open","material":"metal","automatic":false},"name":null,"alt_name":null,"display_point":{"type":"Point","coordinates":[30.371198245461798,60.007321439410717]},"level_id":"2ee0f755-3993-4667-a616-c79bd2b7985e"}},{"id":"e2579d97-5d20-4229-a62d-f98ec67f2fb5","type":"Feature","feature_type":"opening","geometry":{"type":"LineString","coordinates":[[30.371979847532526,60.0076214288068],[30.372030982399423,60.007612800885489]]},"properties":{"category":"automobile","unit_categoty":"walkway","unit_restriction":null,"accessibility":null,"access_control":null,"door":{"type":"open","material":"metal","automatic":false},"name":null,"alt_name":null,"display_point":{"type":"Point","coordinates":[30.371979847532526,60.0076214288068]},"level_id":"2ee0f755-3993-4667-a616-c79bd2b7985e"}},{"id":"a790a89e-1c83-4d22-bf0d-e3a16bed4aba","type":"Feature","feature_type":"opening","geometry":{"type":"LineString","coordinates":[[30.372069333266335,60.007606330150345],[30.372120468109873,60.007597702503489]]},"properties":{"category":"automobile","unit_categoty":"walkway","unit_restriction":null,"accessibility":null,"access_control":null,"door":{"type":"open","material":"metal","automatic":false},"name":null,"alt_name":null,"display_point":{"type":"Point","coordinates":[30.372069333266335,60.007606330150345]},"level_id":"2ee0f755-3993-4667-a616-c79bd2b7985e"}},{"id":"b2004da2-4de5-4f4d-9ba9-a7ef244d2115","type":"Feature","feature_type":"opening","geometry":{"type":"LineString","coordinates":[[30.373914441067779,60.00729501333128],[30.373965575429981,60.007286385684424]]},"properties":{"category":"automobile","unit_categoty":"walkway","unit_restriction":null,"accessibility":null,"access_control":null,"door":{"type":"open","material":"metal","automatic":false},"name":null,"alt_name":null,"display_point":{"type":"Point","coordinates":[30.373914441067779,60.00729501333128]},"level_id":"2ee0f755-3993-4667-a616-c79bd2b7985e"}},{"id":"c6ce8972-b2cb-4783-93d3-e0fd86c41bab","type":"Feature","feature_type":"opening","geometry":{"type":"LineString","coordinates":[[30.374003926467378,60.007279914674825],[30.374055060806235,60.007271287027969]]},"properties":{"category":"automobile","unit_categoty":"walkway","unit_restriction":null,"accessibility":null,"access_control":null,"door":{"type":"open","material":"metal","automatic":false},"name":null,"alt_name":null,"display_point":{"type":"Point","coordinates":[30.374003926467378,60.007279914674825]},"level_id":"2ee0f755-3993-4667-a616-c79bd2b7985e"}},{"id":"9e4055fc-67d5-440b-abd9-f25d8fb466a9","type":"Feature","feature_type":"opening","geometry":{"type":"LineString","coordinates":[[30.372806526428118,60.007481947235135],[30.372870444740066,60.007471162676559]]},"properties":{"category":"automobile","unit_categoty":"walkway","unit_restriction":null,"accessibility":null,"access_control":null,"door":{"type":"open","material":"metal","automatic":false},"name":null,"alt_name":null,"display_point":{"type":"Point","coordinates":[30.372806526428118,60.007481947235135]},"level_id":"2ee0f755-3993-4667-a616-c79bd2b7985e"}},{"id":"e541639f-14a9-43b8-8838-4c40b9e4b4ec","type":"Feature","feature_type":"opening","geometry":{"type":"LineString","coordinates":[[30.373168730011738,60.007420834370606],[30.37323264820558,60.007410049537583]]},"properties":{"category":"automobile","unit_categoty":"walkway","unit_restriction":null,"accessibility":null,"access_control":null,"door":{"type":"open","material":"metal","automatic":false},"name":null,"alt_name":null,"display_point":{"type":"Point","coordinates":[30.373168730011738,60.007420834370606]},"level_id":"2ee0f755-3993-4667-a616-c79bd2b7985e"}},{"id":"ae254155-6656-4b60-b6f0-7755ffd781ae","type":"Feature","feature_type":"opening","geometry":{"type":"LineString","coordinates":[[30.372213786025782,60.007714839359011],[30.3722308308138,60.00771196338524]]},"properties":{"category":"automobile","unit_categoty":"auditorium","unit_restriction":null,"accessibility":null,"access_control":null,"door":{"type":"open","material":"metal","automatic":false},"name":null,"alt_name":null,"display_point":{"type":"Point","coordinates":[30.372213786025782,60.007714839359011]},"level_id":"2ee0f755-3993-4667-a616-c79bd2b7985e"}},{"id":"f30066e2-2dc7-4bf6-9d39-ec36e09ab8f5","type":"Feature","feature_type":"opening","geometry":{"type":"LineString","coordinates":[[30.372034813740676,60.007745036397473],[30.372051858544257,60.0077421604237]]},"properties":{"category":"automobile","unit_categoty":"auditorium","unit_restriction":null,"accessibility":null,"access_control":null,"door":{"type":"open","material":"metal","automatic":false},"name":null,"alt_name":null,"display_point":{"type":"Point","coordinates":[30.372034813740676,60.007745036397473]},"level_id":"2ee0f755-3993-4667-a616-c79bd2b7985e"}},{"id":"b290262e-7b8c-41c1-a93a-f53325cd9b33","type":"Feature","feature_type":"opening","geometry":{"type":"LineString","coordinates":[[30.372249361594211,60.007699060612566],[30.372254030059416,60.007690375330967]]},"properties":{"category":"automobile","unit_categoty":"classroom","unit_restriction":null,"accessibility":null,"access_control":null,"door":{"type":"open","material":"metal","automatic":false},"name":null,"alt_name":null,"display_point":{"type":"Point","coordinates":[30.372249361594211,60.007699060612566]},"level_id":"2ee0f755-3993-4667-a616-c79bd2b7985e"}},{"id":"857ac6b8-4a10-48ca-ba91-13ea1b72feab","type":"Feature","feature_type":"opening","geometry":{"type":"LineString","coordinates":[[30.372004216212225,60.007740318307476],[30.371989974956747,60.007734823520678]]},"properties":{"category":"automobile","unit_categoty":"classroom","unit_restriction":null,"accessibility":null,"access_control":null,"door":{"type":"open","material":"metal","automatic":false},"name":null,"alt_name":null,"display_point":{"type":"Point","coordinates":[30.372004216212225,60.007740318307476]},"level_id":"2ee0f755-3993-4667-a616-c79bd2b7985e"}},{"id":"9b8efa5c-a8ca-4035-9f06-40c46d70811a","type":"Feature","feature_type":"opening","geometry":{"type":"LineString","coordinates":[[30.372063151066754,60.007730763290127],[30.37205739878863,60.007722242404768]]},"properties":{"category":"automobile","unit_categoty":"room","unit_restriction":"restricted","accessibility":null,"access_control":null,"door":{"type":"open","material":"metal","automatic":false},"name":null,"alt_name":null,"display_point":{"type":"Point","coordinates":[30.372063151066754,60.007730763290127]},"level_id":"2ee0f755-3993-4667-a616-c79bd2b7985e"}},{"id":"b7a6f251-3f2b-4609-a580-abaee08ae056","type":"Feature","feature_type":"opening","geometry":{"type":"LineString","coordinates":[[30.372190988942094,60.007709194172975],[30.372185236649386,60.007700673013169]]},"properties":{"category":"automobile","unit_categoty":"room","unit_restriction":"restricted","accessibility":null,"access_control":null,"door":{"type":"open","material":"metal","automatic":false},"name":null,"alt_name":null,"display_point":{"type":"Point","coordinates":[30.372190988942094,60.007709194172975]},"level_id":"2ee0f755-3993-4667-a616-c79bd2b7985e"}},{"id":"7103d101-4734-4e7b-8db7-aa59b20b1ff5","type":"Feature","feature_type":"opening","geometry":{"type":"LineString","coordinates":[[30.372336238324174,60.007924348792443],[30.372330485719534,60.007915827907084]]},"properties":{"category":"automobile","unit_categoty":"room","unit_restriction":"restricted","accessibility":null,"access_control":null,"door":{"type":"open","material":"metal","automatic":false},"name":null,"alt_name":null,"display_point":{"type":"Point","coordinates":[30.372336238324174,60.007924348792443]},"level_id":"2ee0f755-3993-4667-a616-c79bd2b7985e"}},{"id":"2c75c538-4329-4746-8e43-cd5f2888bf87","type":"Feature","feature_type":"opening","geometry":{"type":"LineString","coordinates":[[30.372208400080343,60.007945918458489],[30.372202647490305,60.007937397298683]]},"properties":{"category":"automobile","unit_categoty":"room","unit_restriction":"restricted","accessibility":null,"access_control":null,"door":{"type":"open","material":"metal","automatic":false},"name":null,"alt_name":null,"display_point":{"type":"Point","coordinates":[30.372208400080343,60.007945918458489]},"level_id":"2ee0f755-3993-4667-a616-c79bd2b7985e"}},{"id":"4466d534-3adb-48a4-9f7c-cd3894397aab","type":"Feature","feature_type":"opening","geometry":{"type":"LineString","coordinates":[[30.371991989169604,60.007723787290388],[30.372009033969569,60.007720911316618]]},"properties":{"category":"automobile","unit_categoty":"walkway","unit_restriction":null,"accessibility":null,"access_control":null,"door":{"type":"open","material":"metal","automatic":false},"name":null,"alt_name":null,"display_point":{"type":"Point","coordinates":[30.371991989169604,60.007723787290388]},"level_id":"2ee0f755-3993-4667-a616-c79bd2b7985e"}},{"id":"05576ea5-96c1-4d84-89e5-79db8d934e45","type":"Feature","feature_type":"opening","geometry":{"type":"LineString","coordinates":[[30.372222096314506,60.007684962605062],[30.372239141094461,60.007682086631291]]},"properties":{"category":"automobile","unit_categoty":"walkway","unit_restriction":null,"accessibility":null,"access_control":null,"door":{"type":"open","material":"metal","automatic":false},"name":null,"alt_name":null,"display_point":{"type":"Point","coordinates":[30.372222096314506,60.007684962605062]},"level_id":"2ee0f755-3993-4667-a616-c79bd2b7985e"}},{"id":"d1c0edc3-40a5-4728-ac68-a52fe9f4a32a","type":"Feature","feature_type":"opening","geometry":{"type":"LineString","coordinates":[[30.371823248556336,60.00760039294827],[30.371840293331839,60.0075975169745]]},"properties":{"category":"automobile","unit_categoty":"classroom","unit_restriction":null,"accessibility":null,"access_control":null,"door":{"type":"open","material":"metal","automatic":false},"name":null,"alt_name":null,"display_point":{"type":"Point","coordinates":[30.371823248556336,60.00760039294827]},"level_id":"2ee0f755-3993-4667-a616-c79bd2b7985e"}},{"id":"a5f99a10-3129-4efb-bbb4-d0cbdd5b3e6c","type":"Feature","feature_type":"opening","geometry":{"type":"LineString","coordinates":[[30.371895689528227,60.007588170265585],[30.371912734297418,60.007585294566269]]},"properties":{"category":"automobile","unit_categoty":"auditorium","unit_restriction":null,"accessibility":null,"access_control":null,"door":{"type":"open","material":"metal","automatic":false},"name":null,"alt_name":null,"display_point":{"type":"Point","coordinates":[30.371895689528227,60.007588170265585]},"level_id":"2ee0f755-3993-4667-a616-c79bd2b7985e"}},{"id":"26ebda60-eb22-4348-9356-98efcc8033cb","type":"Feature","feature_type":"opening","geometry":{"type":"LineString","coordinates":[[30.372134318907136,60.007547907730604],[30.37215136365559,60.007545031756834]]},"properties":{"category":"automobile","unit_categoty":"auditorium","unit_restriction":null,"accessibility":null,"access_control":null,"door":{"type":"open","material":"metal","automatic":false},"name":null,"alt_name":null,"display_point":{"type":"Point","coordinates":[30.372134318907136,60.007547907730604]},"level_id":"2ee0f755-3993-4667-a616-c79bd2b7985e"}},{"id":"e9bbee3e-3f33-43c4-84f0-e28540d651ac","type":"Feature","feature_type":"opening","geometry":{"type":"LineString","coordinates":[[30.373689663118967,60.00728548136783],[30.373706707732172,60.00728260539406]]},"properties":{"category":"automobile","unit_categoty":"classroom","unit_restriction":null,"accessibility":null,"access_control":null,"door":{"type":"open","material":"metal","automatic":false},"name":null,"alt_name":null,"display_point":{"type":"Point","coordinates":[30.373689663118967,60.00728548136783]},"level_id":"2ee0f755-3993-4667-a616-c79bd2b7985e"}},{"id":"5086c3ef-3600-418e-9bbc-8b2eebe95726","type":"Feature","feature_type":"opening","geometry":{"type":"LineString","coordinates":[[30.373755711467243,60.007274337003778],[30.373772756349194,60.007271461304455]]},"properties":{"category":"automobile","unit_categoty":"classroom","unit_restriction":null,"accessibility":null,"access_control":null,"door":{"type":"open","material":"metal","automatic":false},"name":null,"alt_name":null,"display_point":{"type":"Point","coordinates":[30.373755711467243,60.007274337003778]},"level_id":"2ee0f755-3993-4667-a616-c79bd2b7985e"}},{"id":"b31245fd-4bf4-4577-a86a-acd2b1b4a145","type":"Feature","feature_type":"opening","geometry":{"type":"LineString","coordinates":[[30.373555435159851,60.007308129078062],[30.373572480059224,60.007305253104292]]},"properties":{"category":"automobile","unit_categoty":"classroom","unit_restriction":null,"accessibility":null,"access_control":null,"door":{"type":"open","material":"metal","automatic":false},"name":null,"alt_name":null,"display_point":{"type":"Point","coordinates":[30.373555435159851,60.007308129078062]},"level_id":"2ee0f755-3993-4667-a616-c79bd2b7985e"}},{"id":"4add5e4a-e196-4ad5-9f50-19a20eb96a83","type":"Feature","feature_type":"opening","geometry":{"type":"LineString","coordinates":[[30.37335728902233,60.00734156134687],[30.373374333938933,60.0073386853731]]},"properties":{"category":"automobile","unit_categoty":"classroom","unit_restriction":null,"accessibility":null,"access_control":null,"door":{"type":"open","material":"metal","automatic":false},"name":null,"alt_name":null,"display_point":{"type":"Point","coordinates":[30.37335728902233,60.00734156134687]},"level_id":"2ee0f755-3993-4667-a616-c79bd2b7985e"}},{"id":"0b493704-7069-4d3a-8421-c02bf9c1cea9","type":"Feature","feature_type":"opening","geometry":{"type":"LineString","coordinates":[[30.372707453731117,60.007451205411108],[30.37272449870423,60.007448329437338]]},"properties":{"category":"automobile","unit_categoty":"classroom","unit_restriction":null,"accessibility":null,"access_control":null,"door":{"type":"open","material":"metal","automatic":false},"name":null,"alt_name":null,"display_point":{"type":"Point","coordinates":[30.372707453731117,60.007451205411108]},"level_id":"2ee0f755-3993-4667-a616-c79bd2b7985e"}},{"id":"07ac6955-13b5-487b-9937-658a9781eeae","type":"Feature","feature_type":"opening","geometry":{"type":"LineString","coordinates":[[30.371761460340597,60.007610818250271],[30.371778505121473,60.0076079422765]]},"properties":{"category":"automobile","unit_categoty":"classroom","unit_restriction":null,"accessibility":null,"access_control":null,"door":{"type":"open","material":"metal","automatic":false},"name":null,"alt_name":null,"display_point":{"type":"Point","coordinates":[30.371761460340597,60.007610818250271]},"level_id":"2ee0f755-3993-4667-a616-c79bd2b7985e"}},{"id":"6dbe4e86-3da6-415f-819b-a6995112e238","type":"Feature","feature_type":"opening","geometry":{"type":"LineString","coordinates":[[30.371699672105393,60.007621243277818],[30.371716717440627,60.007618367578495]]},"properties":{"category":"automobile","unit_categoty":"classroom","unit_restriction":null,"accessibility":null,"access_control":null,"door":{"type":"open","material":"metal","automatic":false},"name":null,"alt_name":null,"display_point":{"type":"Point","coordinates":[30.371699672105393,60.007621243277818]},"level_id":"2ee0f755-3993-4667-a616-c79bd2b7985e"}},{"id":"d185fea1-7a09-4df1-a0f6-b61e145c097b","type":"Feature","feature_type":"opening","geometry":{"type":"LineString","coordinates":[[30.371637884399696,60.007631668579812],[30.371654929191319,60.007628792606042]]},"properties":{"category":"automobile","unit_categoty":"classroom","unit_restriction":null,"accessibility":null,"access_control":null,"door":{"type":"open","material":"metal","automatic":false},"name":null,"alt_name":null,"display_point":{"type":"Point","coordinates":[30.371637884399696,60.007631668579812]},"level_id":"2ee0f755-3993-4667-a616-c79bd2b7985e"}},{"id":"d090081d-5dab-4923-bb7e-9e65b194cefd","type":"Feature","feature_type":"opening","geometry":{"type":"LineString","coordinates":[[30.371576096125537,60.007642093607359],[30.371593141471529,60.007639217633589]]},"properties":{"category":"automobile","unit_categoty":"classroom","unit_restriction":null,"accessibility":null,"access_control":null,"door":{"type":"open","material":"metal","automatic":false},"name":null,"alt_name":null,"display_point":{"type":"Point","coordinates":[30.371576096125537,60.007642093607359]},"level_id":"2ee0f755-3993-4667-a616-c79bd2b7985e"}},{"id":"9e7c4668-59fe-4bdf-91ac-56b970154c1f","type":"Feature","feature_type":"opening","geometry":{"type":"LineString","coordinates":[[30.371514308380885,60.00765251890936],[30.371531353183254,60.00764964293559]]},"properties":{"category":"automobile","unit_categoty":"classroom","unit_restriction":null,"accessibility":null,"access_control":null,"door":{"type":"open","material":"metal","automatic":false},"name":null,"alt_name":null,"display_point":{"type":"Point","coordinates":[30.371514308380885,60.00765251890936]},"level_id":"2ee0f755-3993-4667-a616-c79bd2b7985e"}},{"id":"edbda3c4-e9a4-49dc-b224-b8a5d97217b4","type":"Feature","feature_type":"opening","geometry":{"type":"LineString","coordinates":[[30.3713406864534,60.007732830181858],[30.371348672038479,60.007724771197815]]},"properties":{"category":"automobile","unit_categoty":"auditorium","unit_restriction":null,"accessibility":null,"access_control":null,"door":{"type":"open","material":"metal","automatic":false},"name":null,"alt_name":null,"display_point":{"type":"Point","coordinates":[30.3713406864534,60.007732830181858]},"level_id":"2ee0f755-3993-4667-a616-c79bd2b7985e"}},{"id":"11dde980-b014-4a13-872f-4d1414ca7890","type":"Feature","feature_type":"opening","geometry":{"type":"LineString","coordinates":[[30.371336641216384,60.007667071682448],[30.371330888762888,60.007658550797089]]},"properties":{"category":"automobile","unit_categoty":"classroom","unit_restriction":null,"accessibility":null,"access_control":null,"door":{"type":"open","material":"metal","automatic":false},"name":null,"alt_name":null,"display_point":{"type":"Point","coordinates":[30.371336641216384,60.007667071682448]},"level_id":"2ee0f755-3993-4667-a616-c79bd2b7985e"}},{"id":"22721b29-0821-4983-a873-d1f153d336d4","type":"Feature","feature_type":"opening","geometry":{"type":"LineString","coordinates":[[30.371284628521455,60.0076533054864],[30.371301673334013,60.00765042951263]]},"properties":{"category":"automobile","unit_categoty":"classroom","unit_restriction":null,"accessibility":null,"access_control":null,"door":{"type":"open","material":"metal","automatic":false},"name":null,"alt_name":null,"display_point":{"type":"Point","coordinates":[30.371284628521455,60.0076533054864]},"level_id":"2ee0f755-3993-4667-a616-c79bd2b7985e"}},{"id":"a86d6f0e-ae45-487b-9d26-bf46338de85b","type":"Feature","feature_type":"opening","geometry":{"type":"LineString","coordinates":[[30.371224546940535,60.00760649344879],[30.371218794781246,60.007597972563438]]},"properties":{"category":"automobile","unit_categoty":"classroom","unit_restriction":null,"accessibility":null,"access_control":null,"door":{"type":"open","material":"metal","automatic":false},"name":null,"alt_name":null,"display_point":{"type":"Point","coordinates":[30.371224546940535,60.00760649344879]},"level_id":"2ee0f755-3993-4667-a616-c79bd2b7985e"}},{"id":"d2ea3831-9ac9-44c0-934a-22c3c63bf922","type":"Feature","feature_type":"opening","geometry":{"type":"LineString","coordinates":[[30.371362602776419,60.00781099689295],[30.371356850581563,60.007802476007591]]},"properties":{"category":"automobile","unit_categoty":"classroom","unit_restriction":null,"accessibility":null,"access_control":null,"door":{"type":"open","material":"metal","automatic":false},"name":null,"alt_name":null,"display_point":{"type":"Point","coordinates":[30.371362602776419,60.00781099689295]},"level_id":"2ee0f755-3993-4667-a616-c79bd2b7985e"}},{"id":"07957a72-4638-42bd-af27-38fee4524931","type":"Feature","feature_type":"opening","geometry":{"type":"LineString","coordinates":[[30.371426521367287,60.007800212059919],[30.37142076916513,60.007791691174567]]},"properties":{"category":"automobile","unit_categoty":"stairs","unit_restriction":null,"accessibility":null,"access_control":null,"door":{"type":"open","material":"metal","automatic":false},"name":null,"alt_name":null,"display_point":{"type":"Point","coordinates":[30.371426521367287,60.007800212059919]},"level_id":"2ee0f755-3993-4667-a616-c79bd2b7985e"}},{"id":"f0c87ea5-cb7d-435d-b5f3-92fc3294459d","type":"Feature","feature_type":"opening","geometry":{"type":"LineString","coordinates":[[30.37137834558775,60.007728848993246],[30.371372593123525,60.007720327833432]]},"properties":{"category":"automobile","unit_categoty":"classroom","unit_restriction":null,"accessibility":null,"access_control":null,"door":{"type":"open","material":"metal","automatic":false},"name":null,"alt_name":null,"display_point":{"type":"Point","coordinates":[30.37137834558775,60.007728848993246]},"level_id":"2ee0f755-3993-4667-a616-c79bd2b7985e"}},{"id":"477e7238-5583-48d5-9ac2-e3a54730c02e","type":"Feature","feature_type":"opening","geometry":{"type":"LineString","coordinates":[[30.371269770339957,60.007568015395293],[30.371264018178188,60.007559494509941]]},"properties":{"category":"automobile","unit_categoty":"classroom","unit_restriction":null,"accessibility":null,"access_control":null,"door":{"type":"open","material":"metal","automatic":false},"name":null,"alt_name":null,"display_point":{"type":"Point","coordinates":[30.371269770339957,60.007568015395293]},"level_id":"2ee0f755-3993-4667-a616-c79bd2b7985e"}},{"id":"6ee84f70-5e68-4df0-82d4-658a7c8d68d2","type":"Feature","feature_type":"opening","geometry":{"type":"LineString","coordinates":[[30.371247480275315,60.007534996724395],[30.371241727844808,60.007526475564589]]},"properties":{"category":"automobile","unit_categoty":"classroom","unit_restriction":null,"accessibility":null,"access_control":null,"door":{"type":"open","material":"metal","automatic":false},"name":null,"alt_name":null,"display_point":{"type":"Point","coordinates":[30.371247480275315,60.007534996724395]},"level_id":"2ee0f755-3993-4667-a616-c79bd2b7985e"}},{"id":"e0ace0eb-ead7-4e4b-8f9b-58ae9b123d03","type":"Feature","feature_type":"opening","geometry":{"type":"LineString","coordinates":[[30.371225190232941,60.007501977779043],[30.371219437808161,60.007493456893691]]},"properties":{"category":"automobile","unit_categoty":"classroom","unit_restriction":null,"accessibility":null,"access_control":null,"door":{"type":"open","material":"metal","automatic":false},"name":null,"alt_name":null,"display_point":{"type":"Point","coordinates":[30.371225190232941,60.007501977779043]},"level_id":"2ee0f755-3993-4667-a616-c79bd2b7985e"}},{"id":"67fc221d-2143-4ce6-bf8b-21b3e4062667","type":"Feature","feature_type":"opening","geometry":{"type":"LineString","coordinates":[[30.371202900212808,60.007468959108145],[30.371197147793787,60.007460437948339]]},"properties":{"category":"automobile","unit_categoty":"classroom","unit_restriction":null,"accessibility":null,"access_control":null,"door":{"type":"open","material":"metal","automatic":false},"name":null,"alt_name":null,"display_point":{"type":"Point","coordinates":[30.371202900212808,60.007468959108145]},"level_id":"2ee0f755-3993-4667-a616-c79bd2b7985e"}},{"id":"dfad2836-3784-48d7-91ad-da67bb5347bc","type":"Feature","feature_type":"opening","geometry":{"type":"LineString","coordinates":[[30.371180609940446,60.007435940162793],[30.371174857801648,60.007427419277434]]},"properties":{"category":"automobile","unit_categoty":"classroom","unit_restriction":null,"accessibility":null,"access_control":null,"door":{"type":"open","material":"metal","automatic":false},"name":null,"alt_name":null,"display_point":{"type":"Point","coordinates":[30.371180609940446,60.007435940162793]},"level_id":"2ee0f755-3993-4667-a616-c79bd2b7985e"}},{"id":"2c555acc-71c9-45fa-a046-1d85d48c671b","type":"Feature","feature_type":"opening","geometry":{"type":"LineString","coordinates":[[30.37115831996482,60.007402921491895],[30.371152567831782,60.007394400332089]]},"properties":{"category":"automobile","unit_categoty":"classroom","unit_restriction":null,"accessibility":null,"access_control":null,"door":{"type":"open","material":"metal","automatic":false},"name":null,"alt_name":null,"display_point":{"type":"Point","coordinates":[30.37115831996482,60.007402921491895]},"level_id":"2ee0f755-3993-4667-a616-c79bd2b7985e"}},{"id":"4f0d11ff-8f77-4d9c-bbae-862e41d9b133","type":"Feature","feature_type":"opening","geometry":{"type":"LineString","coordinates":[[30.371136029736963,60.007369902546543],[30.371130277609652,60.007361381661184]]},"properties":{"category":"automobile","unit_categoty":"classroom","unit_restriction":null,"accessibility":null,"access_control":null,"door":{"type":"open","material":"metal","automatic":false},"name":null,"alt_name":null,"display_point":{"type":"Point","coordinates":[30.371136029736963,60.007369902546543]},"level_id":"2ee0f755-3993-4667-a616-c79bd2b7985e"}},{"id":"c5e3b07b-eac0-4c97-8f5c-594fa10c5e76","type":"Feature","feature_type":"opening","geometry":{"type":"LineString","coordinates":[[30.371581116095207,60.008029213289618],[30.371575363578724,60.008020692404266]]},"properties":{"category":"automobile","unit_categoty":"classroom","unit_restriction":null,"accessibility":null,"access_control":null,"door":{"type":"open","material":"metal","automatic":false},"name":null,"alt_name":null,"display_point":{"type":"Point","coordinates":[30.371581116095207,60.008029213289618]},"level_id":"2ee0f755-3993-4667-a616-c79bd2b7985e"}},{"id":"c2c964f3-9f7e-4a2a-bd77-09e3b0f06ea0","type":"Feature","feature_type":"opening","geometry":{"type":"LineString","coordinates":[[30.371558825719728,60.00799619461872],[30.37155307320899,60.007987673733368]]},"properties":{"category":"automobile","unit_categoty":"classroom","unit_restriction":null,"accessibility":null,"access_control":null,"door":{"type":"open","material":"metal","automatic":false},"name":null,"alt_name":null,"display_point":{"type":"Point","coordinates":[30.371558825719728,60.00799619461872]},"level_id":"2ee0f755-3993-4667-a616-c79bd2b7985e"}},{"id":"2112f128-7fac-4d8e-a68c-49b167aa5198","type":"Feature","feature_type":"opening","geometry":{"type":"LineString","coordinates":[[30.371536535092005,60.007963175947822],[30.37153078286152,60.007954654788016]]},"properties":{"category":"automobile","unit_categoty":"classroom","unit_restriction":null,"accessibility":null,"access_control":null,"door":{"type":"open","material":"metal","automatic":false},"name":null,"alt_name":null,"display_point":{"type":"Point","coordinates":[30.371536535092005,60.007963175947822]},"level_id":"2ee0f755-3993-4667-a616-c79bd2b7985e"}},{"id":"3501b261-ded0-4b88-8bf4-91bf175b4c28","type":"Feature","feature_type":"opening","geometry":{"type":"LineString","coordinates":[[30.371514244761048,60.00793015700247],[30.371508492261793,60.007921636117118]]},"properties":{"category":"automobile","unit_categoty":"classroom","unit_restriction":null,"accessibility":null,"access_control":null,"door":{"type":"open","material":"metal","automatic":false},"name":null,"alt_name":null,"display_point":{"type":"Point","coordinates":[30.371514244761048,60.00793015700247]},"level_id":"2ee0f755-3993-4667-a616-c79bd2b7985e"}},{"id":"a8bfcf65-752d-4939-baaf-ccb67a6c2a42","type":"Feature","feature_type":"opening","geometry":{"type":"LineString","coordinates":[[30.371491954177831,60.007897138331572],[30.371486201958835,60.007888617171766]]},"properties":{"category":"automobile","unit_categoty":"classroom","unit_restriction":null,"accessibility":null,"access_control":null,"door":{"type":"open","material":"metal","automatic":false},"name":null,"alt_name":null,"display_point":{"type":"Point","coordinates":[30.371491954177831,60.007897138331572]},"level_id":"2ee0f755-3993-4667-a616-c79bd2b7985e"}},{"id":"fd3ec6e3-3a1b-462b-9757-040384bcbeaa","type":"Feature","feature_type":"opening","geometry":{"type":"LineString","coordinates":[[30.371469663891386,60.00786411938622],[30.371463911403616,60.007855598500861]]},"properties":{"category":"automobile","unit_categoty":"classroom","unit_restriction":null,"accessibility":null,"access_control":null,"door":{"type":"open","material":"metal","automatic":false},"name":null,"alt_name":null,"display_point":{"type":"Point","coordinates":[30.371469663891386,60.00786411938622]},"level_id":"2ee0f755-3993-4667-a616-c79bd2b7985e"}},{"id":"1f5cb11c-fa3a-475e-bdaf-ea1c2625e73b","type":"Feature","feature_type":"opening","geometry":{"type":"LineString","coordinates":[[30.371447373627177,60.007831100715322],[30.371441621145166,60.007822579555516]]},"properties":{"category":"automobile","unit_categoty":"classroom","unit_restriction":null,"accessibility":null,"access_control":null,"door":{"type":"open","material":"metal","automatic":false},"name":null,"alt_name":null,"display_point":{"type":"Point","coordinates":[30.371447373627177,60.007831100715322]},"level_id":"2ee0f755-3993-4667-a616-c79bd2b7985e"}},{"id":"f5dc2c33-598e-47b6-97d5-3b57bcb0c017","type":"Feature","feature_type":"opening","geometry":{"type":"LineString","coordinates":[[30.373926585638706,60.007397371814861],[30.37394363054494,60.007394495841091]]},"properties":{"category":"automobile","unit_categoty":"classroom","unit_restriction":null,"accessibility":null,"access_control":null,"door":{"type":"open","material":"metal","automatic":false},"name":null,"alt_name":null,"display_point":{"type":"Point","coordinates":[30.373926585638706,60.007397371814861]},"level_id":"2ee0f755-3993-4667-a616-c79bd2b7985e"}},{"id":"f5ab500c-9686-4bd5-ac48-273f7a668055","type":"Feature","feature_type":"opening","geometry":{"type":"LineString","coordinates":[[30.374146170746,60.0073781187911],[30.374140418092956,60.007369597631296]]},"properties":{"category":"automobile","unit_categoty":"classroom","unit_restriction":null,"accessibility":null,"access_control":null,"door":{"type":"open","material":"metal","automatic":false},"name":null,"alt_name":null,"display_point":{"type":"Point","coordinates":[30.374146170746,60.0073781187911]},"level_id":"2ee0f755-3993-4667-a616-c79bd2b7985e"}},{"id":"98633391-cbe2-4b92-a54d-ddd9252bfeb2","type":"Feature","feature_type":"opening","geometry":{"type":"LineString","coordinates":[[30.374156690787022,60.007358547129542],[30.374173735398745,60.007355671155771]]},"properties":{"category":"automobile","unit_categoty":"classroom","unit_restriction":null,"accessibility":null,"access_control":null,"door":{"type":"open","material":"metal","automatic":false},"name":null,"alt_name":null,"display_point":{"type":"Point","coordinates":[30.374156690787022,60.007358547129542]},"level_id":"2ee0f755-3993-4667-a616-c79bd2b7985e"}},{"id":"e8b51cc9-57d8-4e8e-ba8e-6134ff05a337","type":"Feature","feature_type":"opening","geometry":{"type":"LineString","coordinates":[[30.374353079551472,60.007470158185292],[30.374370124457915,60.007467282211522]]},"properties":{"category":"automobile","unit_categoty":"classroom","unit_restriction":null,"accessibility":null,"access_control":null,"door":{"type":"open","material":"metal","automatic":false},"name":null,"alt_name":null,"display_point":{"type":"Point","coordinates":[30.374353079551472,60.007470158185292]},"level_id":"2ee0f755-3993-4667-a616-c79bd2b7985e"}},{"id":"53b871f3-fecb-4a5d-b7d3-c1fb7b9ce3c0","type":"Feature","feature_type":"opening","geometry":{"type":"LineString","coordinates":[[30.374334064098317,60.007494722388017],[30.374351108737418,60.007491846688694]]},"properties":{"category":"automobile","unit_categoty":"classroom","unit_restriction":null,"accessibility":null,"access_control":null,"door":{"type":"open","material":"metal","automatic":false},"name":null,"alt_name":null,"display_point":{"type":"Point","coordinates":[30.374334064098317,60.007494722388017]},"level_id":"2ee0f755-3993-4667-a616-c79bd2b7985e"}},{"id":"0ca5de94-8bf2-4bec-9667-21f81e47f7a1","type":"Feature","feature_type":"opening","geometry":{"type":"LineString","coordinates":[[30.373261411716268,60.007357738321957],[30.3732784566412,60.007354862622634]]},"properties":{"category":"automobile","unit_categoty":"classroom","unit_restriction":null,"accessibility":null,"access_control":null,"door":{"type":"open","material":"metal","automatic":false},"name":null,"alt_name":null,"display_point":{"type":"Point","coordinates":[30.373261411716268,60.007357738321957]},"level_id":"2ee0f755-3993-4667-a616-c79bd2b7985e"}},{"id":"591ee5a9-3546-4b8b-bd99-94175a7b3390","type":"Feature","feature_type":"opening","geometry":{"type":"LineString","coordinates":[[30.373949595916972,60.007241623522575],[30.373966640782065,60.007238747823251]]},"properties":{"category":"automobile","unit_categoty":"auditorium","unit_restriction":null,"accessibility":null,"access_control":null,"door":{"type":"open","material":"metal","automatic":false},"name":null,"alt_name":null,"display_point":{"type":"Point","coordinates":[30.373949595916972,60.007241623522575]},"level_id":"2ee0f755-3993-4667-a616-c79bd2b7985e"}},{"id":"c6fcd5b3-5552-459a-8549-e96446684625","type":"Feature","feature_type":"opening","geometry":{"type":"LineString","coordinates":[[30.374145610815344,60.007208550784796],[30.374162655663394,60.007205674811026]]},"properties":{"category":"automobile","unit_categoty":"classroom","unit_restriction":null,"accessibility":null,"access_control":null,"door":{"type":"open","material":"metal","automatic":false},"name":null,"alt_name":null,"display_point":{"type":"Point","coordinates":[30.374145610815344,60.007208550784796]},"level_id":"2ee0f755-3993-4667-a616-c79bd2b7985e"}},{"id":"ff77c340-34c7-48de-b0fe-9b65926a5237","type":"Feature","feature_type":"opening","geometry":{"type":"LineString","coordinates":[[30.373623614473946,60.007296625457428],[30.373640659092892,60.007293749483658]]},"properties":{"category":"automobile","unit_categoty":"classroom","unit_restriction":null,"accessibility":null,"access_control":null,"door":{"type":"open","material":"metal","automatic":false},"name":null,"alt_name":null,"display_point":{"type":"Point","coordinates":[30.373623614473946,60.007296625457428]},"level_id":"2ee0f755-3993-4667-a616-c79bd2b7985e"}},{"id":"22d9ef4a-f55b-4c72-bb21-dd61ef579862","type":"Feature","feature_type":"opening","geometry":{"type":"LineString","coordinates":[[30.374211659284473,60.007197406695191],[30.374228704126779,60.007194530721421]]},"properties":{"category":"automobile","unit_categoty":"classroom","unit_restriction":null,"accessibility":null,"access_control":null,"door":{"type":"open","material":"metal","automatic":false},"name":null,"alt_name":null,"display_point":{"type":"Point","coordinates":[30.374211659284473,60.007197406695191]},"level_id":"2ee0f755-3993-4667-a616-c79bd2b7985e"}},{"id":"a6ac7ed6-3106-4d6f-bdfa-b1dddbd5c7a6","type":"Feature","feature_type":"opening","geometry":{"type":"LineString","coordinates":[[30.374277707731348,60.007186262331139],[30.374294752567909,60.007183386631816]]},"properties":{"category":"automobile","unit_categoty":"classroom","unit_restriction":null,"accessibility":null,"access_control":null,"door":{"type":"open","material":"metal","automatic":false},"name":null,"alt_name":null,"display_point":{"type":"Point","coordinates":[30.374277707731348,60.007186262331139]},"level_id":"2ee0f755-3993-4667-a616-c79bd2b7985e"}},{"id":"72cd14d6-204d-41ba-a8a9-f8026eb97bec","type":"Feature","feature_type":"opening","geometry":{"type":"LineString","coordinates":[[30.374343756155969,60.007175118241534],[30.374360800986789,60.007172242267764]]},"properties":{"category":"automobile","unit_categoty":"classroom","unit_restriction":null,"accessibility":null,"access_control":null,"door":{"type":"open","material":"metal","automatic":false},"name":null,"alt_name":null,"display_point":{"type":"Point","coordinates":[30.374343756155969,60.007175118241534]},"level_id":"2ee0f755-3993-4667-a616-c79bd2b7985e"}},{"id":"06363596-20c9-4690-9b1c-ff1f9c67d18f","type":"Feature","feature_type":"opening","geometry":{"type":"LineString","coordinates":[[30.374409804558333,60.007163974151929],[30.374426849383408,60.007161098178159]]},"properties":{"category":"automobile","unit_categoty":"classroom","unit_restriction":null,"accessibility":null,"access_control":null,"door":{"type":"open","material":"metal","automatic":false},"name":null,"alt_name":null,"display_point":{"type":"Point","coordinates":[30.374409804558333,60.007163974151929]},"level_id":"2ee0f755-3993-4667-a616-c79bd2b7985e"}},{"id":"7cb043e2-f21b-4e8a-976c-22d4599f925c","type":"Feature","feature_type":"opening","geometry":{"type":"LineString","coordinates":[[30.374803543285665,60.007515170921053],[30.374797790673266,60.007506650035694]]},"properties":{"category":"automobile","unit_categoty":"classroom","unit_restriction":"restricted","accessibility":null,"access_control":null,"door":{"type":"open","material":"metal","automatic":false},"name":null,"alt_name":null,"display_point":{"type":"Point","coordinates":[30.374803543285665,60.007515170921053]},"level_id":"2ee0f755-3993-4667-a616-c79bd2b7985e"}},{"id":"f42c68aa-e092-411c-9d0c-1236f0d1dc4e","type":"Feature","feature_type":"opening","geometry":{"type":"LineString","coordinates":[[30.372211021086979,60.007534966260316],[30.372228065828764,60.007532090286546]]},"properties":{"category":"automobile","unit_categoty":"classroom","unit_restriction":null,"accessibility":null,"access_control":null,"door":{"type":"open","material":"metal","automatic":false},"name":null,"alt_name":null,"display_point":{"type":"Point","coordinates":[30.372211021086979,60.007534966260316]},"level_id":"2ee0f755-3993-4667-a616-c79bd2b7985e"}},{"id":"586a9291-aaa5-4a0e-9f72-81a28278bcae","type":"Feature","feature_type":"opening","geometry":{"type":"LineString","coordinates":[[30.372277069933507,60.007523821896264],[30.372294115218526,60.007520946196941]]},"properties":{"category":"automobile","unit_categoty":"classroom","unit_restriction":null,"accessibility":null,"access_control":null,"door":{"type":"open","material":"metal","automatic":false},"name":null,"alt_name":null,"display_point":{"type":"Point","coordinates":[30.372277069933507,60.007523821896264]},"level_id":"2ee0f755-3993-4667-a616-c79bd2b7985e"}},{"id":"975c95fe-5fd3-47ba-bc05-6aee0ddda449","type":"Feature","feature_type":"opening","geometry":{"type":"LineString","coordinates":[[30.372343119306755,60.007512677806659],[30.372360164037055,60.007509801832889]]},"properties":{"category":"automobile","unit_categoty":"classroom","unit_restriction":null,"accessibility":null,"access_control":null,"door":{"type":"open","material":"metal","automatic":false},"name":null,"alt_name":null,"display_point":{"type":"Point","coordinates":[30.372343119306755,60.007512677806659]},"level_id":"2ee0f755-3993-4667-a616-c79bd2b7985e"}},{"id":"88fa12ec-0568-4dca-bbe0-aac53bbdab99","type":"Feature","feature_type":"opening","geometry":{"type":"LineString","coordinates":[[30.37240916810876,60.007501533717054],[30.372426212833311,60.007498657743284]]},"properties":{"category":"automobile","unit_categoty":"classroom","unit_restriction":null,"accessibility":null,"access_control":null,"door":{"type":"open","material":"metal","automatic":false},"name":null,"alt_name":null,"display_point":{"type":"Point","coordinates":[30.37240916810876,60.007501533717054]},"level_id":"2ee0f755-3993-4667-a616-c79bd2b7985e"}},{"id":"0162ed4d-e094-4cfc-8520-8f8a1bbd515d","type":"Feature","feature_type":"opening","geometry":{"type":"LineString","coordinates":[[30.372473086778918,60.007490749158485],[30.372490131497912,60.007487873184715]]},"properties":{"category":"automobile","unit_categoty":"classroom","unit_restriction":null,"accessibility":null,"access_control":null,"door":{"type":"open","material":"metal","automatic":false},"name":null,"alt_name":null,"display_point":{"type":"Point","coordinates":[30.372473086778918,60.007490749158485]},"level_id":"2ee0f755-3993-4667-a616-c79bd2b7985e"}},{"id":"fda4f7ab-af36-4907-a9b5-27face301d5c","type":"Feature","feature_type":"opening","geometry":{"type":"LineString","coordinates":[[30.372545527510646,60.007478526475794],[30.372562572223341,60.007475650502023]]},"properties":{"category":"automobile","unit_categoty":"classroom","unit_restriction":null,"accessibility":null,"access_control":null,"door":{"type":"open","material":"metal","automatic":false},"name":null,"alt_name":null,"display_point":{"type":"Point","coordinates":[30.372545527510646,60.007478526475794]},"level_id":"2ee0f755-3993-4667-a616-c79bd2b7985e"}},{"id":"eb5a3e75-17bf-4dae-9a71-af56950984fb","type":"Feature","feature_type":"opening","geometry":{"type":"LineString","coordinates":[[30.372609445587344,60.007467741917225],[30.372626490843476,60.007464865943454]]},"properties":{"category":"automobile","unit_categoty":"classroom","unit_restriction":null,"accessibility":null,"access_control":null,"door":{"type":"open","material":"metal","automatic":false},"name":null,"alt_name":null,"display_point":{"type":"Point","coordinates":[30.372609445587344,60.007467741917225]},"level_id":"2ee0f755-3993-4667-a616-c79bd2b7985e"}},{"id":"e9c89890-fec6-4d00-97bc-dab9cf11133f","type":"Feature","feature_type":"opening","geometry":{"type":"LineString","coordinates":[[30.37291412286643,60.007416335018192],[30.372931167821569,60.007413459044422]]},"properties":{"category":"automobile","unit_categoty":"classroom","unit_restriction":null,"accessibility":null,"access_control":null,"door":{"type":"open","material":"metal","automatic":false},"name":null,"alt_name":null,"display_point":{"type":"Point","coordinates":[30.37291412286643,60.007416335018192]},"level_id":"2ee0f755-3993-4667-a616-c79bd2b7985e"}},{"id":"f55a3bcb-130c-4dd7-acb5-617ed9256a18","type":"Feature","feature_type":"opening","geometry":{"type":"LineString","coordinates":[[30.373050481917037,60.007393327776931],[30.373067526585821,60.007390451803161]]},"properties":{"category":"automobile","unit_categoty":"classroom","unit_restriction":null,"accessibility":null,"access_control":null,"door":{"type":"open","material":"metal","automatic":false},"name":null,"alt_name":null,"display_point":{"type":"Point","coordinates":[30.373050481917037,60.007393327776931]},"level_id":"2ee0f755-3993-4667-a616-c79bd2b7985e"}},{"id":"01ff34eb-c38c-4ba9-8a05-373162f80bf0","type":"Feature","feature_type":"opening","geometry":{"type":"LineString","coordinates":[[30.372982302403589,60.007404831397558],[30.372999347352803,60.007401955423788]]},"properties":{"category":"automobile","unit_categoty":"classroom","unit_restriction":null,"accessibility":null,"access_control":null,"door":{"type":"open","material":"metal","automatic":false},"name":null,"alt_name":null,"display_point":{"type":"Point","coordinates":[30.372982302403589,60.007404831397558]},"level_id":"2ee0f755-3993-4667-a616-c79bd2b7985e"}},{"id":"7b83a9b6-cc09-48b2-a598-b2c5b2c6d220","type":"Feature","feature_type":"opening","geometry":{"type":"LineString","coordinates":[[30.374439416579527,60.006750838694728],[30.374422371860714,60.0067537146685]]},"properties":{"category":"automobile","unit_categoty":"auditorium","unit_restriction":null,"accessibility":null,"access_control":null,"door":{"type":"open","material":"metal","automatic":false},"name":null,"alt_name":null,"display_point":{"type":"Point","coordinates":[30.374439416579527,60.006750838694728]},"level_id":"2ee0f755-3993-4667-a616-c79bd2b7985e"}},{"id":"3c7e9375-34a5-4309-9bd4-b9ab2fb3ca36","type":"Feature","feature_type":"opening","geometry":{"type":"LineString","coordinates":[[30.374337148518915,60.006768094262895],[30.374354193245139,60.006765218289125]]},"properties":{"category":"automobile","unit_categoty":"auditorium","unit_restriction":null,"accessibility":null,"access_control":null,"door":{"type":"open","material":"metal","automatic":false},"name":null,"alt_name":null,"display_point":{"type":"Point","coordinates":[30.374337148518915,60.006768094262895]},"level_id":"2ee0f755-3993-4667-a616-c79bd2b7985e"}},{"id":"a31785c9-ed97-4913-b987-8e896d3bc133","type":"Feature","feature_type":"opening","geometry":{"type":"LineString","coordinates":[[30.374376058406714,60.0067413594259],[30.374370305779433,60.006732838540543]]},"properties":{"category":"automobile","unit_categoty":"auditorium","unit_restriction":null,"accessibility":null,"access_control":null,"door":{"type":"open","material":"metal","automatic":false},"name":null,"alt_name":null,"display_point":{"type":"Point","coordinates":[30.374376058406714,60.0067413594259]},"level_id":"2ee0f755-3993-4667-a616-c79bd2b7985e"}},{"id":"33c1daca-51bc-48b5-837d-516578467451","type":"Feature","feature_type":"opening","geometry":{"type":"LineString","coordinates":[[30.374652905432324,60.007151431459185],[30.374647152733719,60.007142910573833]]},"properties":{"category":"automobile","unit_categoty":"laboratory","unit_restriction":null,"accessibility":null,"access_control":null,"door":{"type":"open","material":"metal","automatic":false},"name":null,"alt_name":null,"display_point":{"type":"Point","coordinates":[30.374652905432324,60.007151431459185]},"level_id":"2ee0f755-3993-4667-a616-c79bd2b7985e"}},{"id":"ee6e459a-920b-44f0-8da7-b4de07fde5e5","type":"Feature","feature_type":"opening","geometry":{"type":"LineString","coordinates":[[30.374601850232509,60.007075807812605],[30.374596097547055,60.007067286927246]]},"properties":{"category":"automobile","unit_categoty":"classroom","unit_restriction":null,"accessibility":null,"access_control":null,"door":{"type":"open","material":"metal","automatic":false},"name":null,"alt_name":null,"display_point":{"type":"Point","coordinates":[30.374601850232509,60.007075807812605]},"level_id":"2ee0f755-3993-4667-a616-c79bd2b7985e"}},{"id":"a44010fb-1a2e-45c8-8d64-17bfc96a5bd2","type":"Feature","feature_type":"opening","geometry":{"type":"LineString","coordinates":[[30.374532099072812,60.00697249094555],[30.374526346405329,60.0069639700602]]},"properties":{"category":"automobile","unit_categoty":"classroom","unit_restriction":null,"accessibility":null,"access_control":null,"door":{"type":"open","material":"metal","automatic":false},"name":null,"alt_name":null,"display_point":{"type":"Point","coordinates":[30.374532099072812,60.00697249094555]},"level_id":"2ee0f755-3993-4667-a616-c79bd2b7985e"}},{"id":"143fc11a-f0d9-47fa-971e-4492e203615a","type":"Feature","feature_type":"opening","geometry":{"type":"LineString","coordinates":[[30.374509807443104,60.006939472274652],[30.374504054781365,60.006930951114846]]},"properties":{"category":"automobile","unit_categoty":"classroom","unit_restriction":null,"accessibility":null,"access_control":null,"door":{"type":"open","material":"metal","automatic":false},"name":null,"alt_name":null,"display_point":{"type":"Point","coordinates":[30.374509807443104,60.006939472274652]},"level_id":"2ee0f755-3993-4667-a616-c79bd2b7985e"}},{"id":"d10a26ac-1856-498d-99bf-d1c1077d2fa4","type":"Feature","feature_type":"opening","geometry":{"type":"LineString","coordinates":[[30.37456086243246,60.007015095921233],[30.374555109757566,60.007006575035881]]},"properties":{"category":"automobile","unit_categoty":"classroom","unit_restriction":null,"accessibility":null,"access_control":null,"door":{"type":"open","material":"metal","automatic":false},"name":null,"alt_name":null,"display_point":{"type":"Point","coordinates":[30.37456086243246,60.007015095921233]},"level_id":"2ee0f755-3993-4667-a616-c79bd2b7985e"}},{"id":"59a3b1e8-5823-4458-ae67-e8e3d9ff4c84","type":"Feature","feature_type":"opening","geometry":{"type":"LineString","coordinates":[[30.374426393924324,60.006815917927504],[30.374420641284075,60.006807397042152]]},"properties":{"category":"automobile","unit_categoty":"classroom","unit_restriction":null,"accessibility":null,"access_control":null,"door":{"type":"open","material":"metal","automatic":false},"name":null,"alt_name":null,"display_point":{"type":"Point","coordinates":[30.374426393924324,60.006815917927504]},"level_id":"2ee0f755-3993-4667-a616-c79bd2b7985e"}},{"id":"a783a3a8-02e4-4e92-b79e-977fa0d4174b","type":"Feature","feature_type":"opening","geometry":{"type":"LineString","coordinates":[[30.374468100644762,60.006877694963855],[30.37446234799377,60.006869174078496]]},"properties":{"category":"automobile","unit_categoty":"classroom","unit_restriction":null,"accessibility":null,"access_control":null,"door":{"type":"open","material":"metal","automatic":false},"name":null,"alt_name":null,"display_point":{"type":"Point","coordinates":[30.374468100644762,60.006877694963855]},"level_id":"2ee0f755-3993-4667-a616-c79bd2b7985e"}},{"id":"72fc6714-49c2-467a-abef-e635c6b80a8e","type":"Feature","feature_type":"opening","geometry":{"type":"LineString","coordinates":[[30.374692108280449,60.00716380014989],[30.374709153093207,60.007160924176119]]},"properties":{"category":"automobile","unit_categoty":"classroom","unit_restriction":null,"accessibility":null,"access_control":null,"door":{"type":"open","material":"metal","automatic":false},"name":null,"alt_name":null,"display_point":{"type":"Point","coordinates":[30.374692108280449,60.00716380014989]},"level_id":"2ee0f755-3993-4667-a616-c79bd2b7985e"}},{"id":"de266efb-6fe5-4cc3-af29-7ddcc093eec0","type":"Feature","feature_type":"opening","geometry":{"type":"LineString","coordinates":[[30.374708275249368,60.007233445975622],[30.374702522536495,60.00722492509027]]},"properties":{"category":"automobile","unit_categoty":"classroom","unit_restriction":null,"accessibility":null,"access_control":null,"door":{"type":"open","material":"metal","automatic":false},"name":null,"alt_name":null,"display_point":{"type":"Point","coordinates":[30.374708275249368,60.007233445975622]},"level_id":"2ee0f755-3993-4667-a616-c79bd2b7985e"}},{"id":"93e44a95-1c82-4849-ac14-9b6fd611b5d7","type":"Feature","feature_type":"opening","geometry":{"type":"LineString","coordinates":[[30.374752858927327,60.007299483591879],[30.374747106202967,60.00729096270652]]},"properties":{"category":"automobile","unit_categoty":"classroom","unit_restriction":null,"accessibility":null,"access_control":null,"door":{"type":"open","material":"metal","automatic":false},"name":null,"alt_name":null,"display_point":{"type":"Point","coordinates":[30.374752858927327,60.007299483591879]},"level_id":"2ee0f755-3993-4667-a616-c79bd2b7985e"}},{"id":"178f4b49-51cc-4bc8-8826-54706519626f","type":"Feature","feature_type":"opening","geometry":{"type":"LineString","coordinates":[[30.374730567077219,60.007266464920974],[30.374724814358604,60.007257943761168]]},"properties":{"category":"automobile","unit_categoty":"classroom","unit_restriction":null,"accessibility":null,"access_control":null,"door":{"type":"open","material":"metal","automatic":false},"name":null,"alt_name":null,"display_point":{"type":"Point","coordinates":[30.374730567077219,60.007266464920974]},"level_id":"2ee0f755-3993-4667-a616-c79bd2b7985e"}},{"id":"fed2af6e-c449-44b9-8173-a38b71b5e856","type":"Feature","feature_type":"opening","geometry":{"type":"LineString","coordinates":[[30.374798880775568,60.007367651498079],[30.37479312803935,60.007359130338273]]},"properties":{"category":"automobile","unit_categoty":"classroom","unit_restriction":null,"accessibility":null,"access_control":null,"door":{"type":"open","material":"metal","automatic":false},"name":null,"alt_name":null,"display_point":{"type":"Point","coordinates":[30.374798880775568,60.007367651498079]},"level_id":"2ee0f755-3993-4667-a616-c79bd2b7985e"}},{"id":"aa0a304c-718d-4441-b918-00c71f29c339","type":"Feature","feature_type":"opening","geometry":{"type":"LineString","coordinates":[[30.374820453652518,60.007399605024],[30.374814700773495,60.007391084138646]]},"properties":{"category":"automobile","unit_categoty":"classroom","unit_restriction":null,"accessibility":null,"access_control":null,"door":{"type":"open","material":"metal","automatic":false},"name":null,"alt_name":null,"display_point":{"type":"Point","coordinates":[30.374820453652518,60.007399605024]},"level_id":"2ee0f755-3993-4667-a616-c79bd2b7985e"}},{"id":"bfa61a9e-924a-48cf-b5bd-3b9fb55dc017","type":"Feature","feature_type":"opening","geometry":{"type":"LineString","coordinates":[[30.374870070991765,60.007473098655083],[30.374864318374453,60.007464577495277]]},"properties":{"category":"automobile","unit_categoty":"classroom","unit_restriction":null,"accessibility":null,"access_control":null,"door":{"type":"open","material":"metal","automatic":false},"name":null,"alt_name":null,"display_point":{"type":"Point","coordinates":[30.374870070991765,60.007473098655083]},"level_id":"2ee0f755-3993-4667-a616-c79bd2b7985e"}},{"id":"cc762e8b-ec03-4fe9-a0bf-38ec9935d95a","type":"Feature","feature_type":"opening","geometry":{"type":"LineString","coordinates":[[30.374317440963381,60.006795148286606],[30.374311688338974,60.006786627401247]]},"properties":{"category":"automobile","unit_categoty":"restroom.female","unit_restriction":null,"accessibility":null,"access_control":null,"door":{"type":"open","material":"metal","automatic":false},"name":null,"alt_name":null,"display_point":{"type":"Point","coordinates":[30.374317440963381,60.006795148286606]},"level_id":"2ee0f755-3993-4667-a616-c79bd2b7985e"}},{"id":"3d171465-9e19-4d28-ae6a-005fc754890c","type":"Feature","feature_type":"opening","geometry":{"type":"LineString","coordinates":[[30.372981659078409,60.007699178901021],[30.372998703829005,60.007696302927251]]},"properties":{"category":"automobile","unit_categoty":"classroom","unit_restriction":"restricted","accessibility":null,"access_control":null,"door":{"type":"open","material":"metal","automatic":false},"name":null,"alt_name":null,"display_point":{"type":"Point","coordinates":[30.372981659078409,60.007699178901021]},"level_id":"2ee0f755-3993-4667-a616-c79bd2b7985e"}},{"id":"c5eff849-f0c0-4bb8-bb2a-2fa39141af05","type":"Feature","feature_type":"opening","geometry":{"type":"LineString","coordinates":[[30.373211659154176,60.007646134626334],[30.373205906735457,60.007637613740975]]},"properties":{"category":"automobile","unit_categoty":"classroom","unit_restriction":null,"accessibility":null,"access_control":null,"door":{"type":"open","material":"metal","automatic":false},"name":null,"alt_name":null,"display_point":{"type":"Point","coordinates":[30.373211659154176,60.007646134626334]},"level_id":"2ee0f755-3993-4667-a616-c79bd2b7985e"}},{"id":"95cc7abe-134d-4bc9-bf1b-44d57c82856d","type":"Feature","feature_type":"opening","geometry":{"type":"LineString","coordinates":[[30.373301145189213,60.007631036244327],[30.37329539276028,60.007622515358968]]},"properties":{"category":"automobile","unit_categoty":"classroom","unit_restriction":"restricted","accessibility":null,"access_control":null,"door":{"type":"open","material":"metal","automatic":false},"name":null,"alt_name":null,"display_point":{"type":"Point","coordinates":[30.373301145189213,60.007631036244327]},"level_id":"2ee0f755-3993-4667-a616-c79bd2b7985e"}},{"id":"a1fcfd7b-b478-4736-a808-98a1f13da14c","type":"Feature","feature_type":"opening","geometry":{"type":"LineString","coordinates":[[30.373198819196332,60.00792592990561],[30.373215864270414,60.00792305393184]]},"properties":{"category":"automobile","unit_categoty":"classroom","unit_restriction":"restricted","accessibility":null,"access_control":null,"door":{"type":"open","material":"metal","automatic":false},"name":null,"alt_name":null,"display_point":{"type":"Point","coordinates":[30.373198819196332,60.00792592990561]},"level_id":"2ee0f755-3993-4667-a616-c79bd2b7985e"}},{"id":"90633df3-f3e7-4f1c-85e3-9dc5c3e227c3","type":"Feature","feature_type":"opening","geometry":{"type":"LineString","coordinates":[[30.373441710332656,60.007884948308572],[30.373458755111116,60.0078820723348]]},"properties":{"category":"automobile","unit_categoty":"classroom","unit_restriction":"restricted","accessibility":null,"access_control":null,"door":{"type":"open","material":"metal","automatic":false},"name":null,"alt_name":null,"display_point":{"type":"Point","coordinates":[30.373441710332656,60.007884948308572]},"level_id":"2ee0f755-3993-4667-a616-c79bd2b7985e"}},{"id":"203c3764-8314-4493-b333-c02402c9cb2f","type":"Feature","feature_type":"opening","geometry":{"type":"LineString","coordinates":[[30.373201322405158,60.0079753379768],[30.37319556995914,60.007966817091443]]},"properties":{"category":"automobile","unit_categoty":"stairs","unit_restriction":null,"accessibility":null,"access_control":null,"door":{"type":"open","material":"metal","automatic":false},"name":null,"alt_name":null,"display_point":{"type":"Point","coordinates":[30.373201322405158,60.0079753379768]},"level_id":"2ee0f755-3993-4667-a616-c79bd2b7985e"}},{"id":"d9085ee2-9a33-4829-8a21-9cdeafe2881d","type":"Feature","feature_type":"opening","geometry":{"type":"LineString","coordinates":[[30.373133359428497,60.00763561710874],[30.37315892679386,60.007631303285308]]},"properties":{"category":"automobile","unit_categoty":"classroom","unit_restriction":null,"accessibility":null,"access_control":null,"door":{"type":"open","material":"metal","automatic":false},"name":null,"alt_name":null,"display_point":{"type":"Point","coordinates":[30.373133359428497,60.00763561710874]},"level_id":"2ee0f755-3993-4667-a616-c79bd2b7985e"}},{"id":"370e0b6b-679e-4e3d-87d0-34fed58ca5c3","type":"Feature","feature_type":"opening","geometry":{"type":"LineString","coordinates":[[30.37325986446055,60.007626136742111],[30.373252673863171,60.0076154855668]]},"properties":{"category":"automobile","unit_categoty":"stairs","unit_restriction":null,"accessibility":null,"access_control":null,"door":{"type":"open","material":"metal","automatic":false},"name":null,"alt_name":null,"display_point":{"type":"Point","coordinates":[30.37325986446055,60.007626136742111]},"level_id":"2ee0f755-3993-4667-a616-c79bd2b7985e"}},{"id":"4832fc88-4aed-4da5-96c7-ca8cdfba1f99","type":"Feature","feature_type":"opening","geometry":{"type":"LineString","coordinates":[[30.371028329816909,60.007326379531712],[30.371045374556363,60.007323503557942]]},"properties":{"category":"automobile","unit_categoty":"classroom","unit_restriction":null,"accessibility":null,"access_control":null,"door":{"type":"open","material":"metal","automatic":false},"name":null,"alt_name":null,"display_point":{"type":"Point","coordinates":[30.371028329816909,60.007326379531712]},"level_id":"2ee0f755-3993-4667-a616-c79bd2b7985e"}},{"id":"cf3e1b68-5a16-4ca7-9d67-3c7a3fbbec39","type":"Feature","feature_type":"opening","geometry":{"type":"LineString","coordinates":[[30.370973520775074,60.007319017104727],[30.37096776867314,60.007310495944921]]},"properties":{"category":"automobile","unit_categoty":"classroom","unit_restriction":"restricted","accessibility":null,"access_control":null,"door":{"type":"open","material":"metal","automatic":false},"name":null,"alt_name":null,"display_point":{"type":"Point","coordinates":[30.370973520775074,60.007319017104727]},"level_id":"2ee0f755-3993-4667-a616-c79bd2b7985e"}},{"id":"bd250a02-dc59-42c8-a12e-729174bbb33d","type":"Feature","feature_type":"opening","geometry":{"type":"LineString","coordinates":[[30.370918874356693,60.007238067733262],[30.370913122268821,60.00722954684791]]},"properties":{"category":"automobile","unit_categoty":"classroom","unit_restriction":"restricted","accessibility":null,"access_control":null,"door":{"type":"open","material":"metal","automatic":false},"name":null,"alt_name":null,"display_point":{"type":"Point","coordinates":[30.370918874356693,60.007238067733262]},"level_id":"2ee0f755-3993-4667-a616-c79bd2b7985e"}},{"id":"11a36068-4094-4469-ab4d-a129f6154cd0","type":"Feature","feature_type":"opening","geometry":{"type":"LineString","coordinates":[[30.371021143761165,60.007220812439542],[30.371015391661619,60.00721229155419]]},"properties":{"category":"automobile","unit_categoty":"classroom","unit_restriction":"restricted","accessibility":null,"access_control":null,"door":{"type":"open","material":"metal","automatic":false},"name":null,"alt_name":null,"display_point":{"type":"Point","coordinates":[30.371021143761165,60.007220812439542]},"level_id":"2ee0f755-3993-4667-a616-c79bd2b7985e"}},{"id":"4b4ec664-c1f3-4720-8011-c9895748d2a0","type":"Feature","feature_type":"opening","geometry":{"type":"LineString","coordinates":[[30.371075790290448,60.007301761811007],[30.371070038176839,60.0072932406512]]},"properties":{"category":"automobile","unit_categoty":"classroom","unit_restriction":"restricted","accessibility":null,"access_control":null,"door":{"type":"open","material":"metal","automatic":false},"name":null,"alt_name":null,"display_point":{"type":"Point","coordinates":[30.371075790290448,60.007301761811007]},"level_id":"2ee0f755-3993-4667-a616-c79bd2b7985e"}},{"id":"d752c90d-a2d7-4519-a657-b700f9ca8379","type":"Feature","feature_type":"opening","geometry":{"type":"LineString","coordinates":[[30.370989502487941,60.007268862800814],[30.371006547214265,60.007265986827043]]},"properties":{"category":"automobile","unit_categoty":"classroom","unit_restriction":"restricted","accessibility":null,"access_control":null,"door":{"type":"open","material":"metal","automatic":false},"name":null,"alt_name":null,"display_point":{"type":"Point","coordinates":[30.370989502487941,60.007268862800814]},"level_id":"2ee0f755-3993-4667-a616-c79bd2b7985e"}},{"id":"310359fd-bf1f-4700-a225-9a4efc4b66b4","type":"Feature","feature_type":"opening","geometry":{"type":"LineString","coordinates":[[30.371056376604116,60.007273003445562],[30.371050624220995,60.0072644825602]]},"properties":{"category":"automobile","unit_categoty":"classroom","unit_restriction":"restricted","accessibility":null,"access_control":null,"door":{"type":"open","material":"metal","automatic":false},"name":null,"alt_name":null,"display_point":{"type":"Point","coordinates":[30.371056376604116,60.007273003445562]},"level_id":"2ee0f755-3993-4667-a616-c79bd2b7985e"}},{"id":"ce82a14c-2650-4df3-9a2e-45942fc8f1db","type":"Feature","feature_type":"opening","geometry":{"type":"LineString","coordinates":[[30.370836256662724,60.007316075262672],[30.370853301956885,60.007313199014455]]},"properties":{"category":"automobile","unit_categoty":"classroom","unit_restriction":"restricted","accessibility":null,"access_control":null,"door":{"type":"open","material":"metal","automatic":false},"name":null,"alt_name":null,"display_point":{"type":"Point","coordinates":[30.370836256662724,60.007316075262672]},"level_id":"2ee0f755-3993-4667-a616-c79bd2b7985e"}},{"id":"260bbfbf-dca8-4379-8620-df47ceee6e52","type":"Feature","feature_type":"opening","geometry":{"type":"LineString","coordinates":[[30.3708943432733,60.00728610492088],[30.370888591184411,60.007277584035521]]},"properties":{"category":"automobile","unit_categoty":"classroom","unit_restriction":"restricted","accessibility":null,"access_control":null,"door":{"type":"open","material":"metal","automatic":false},"name":null,"alt_name":null,"display_point":{"type":"Point","coordinates":[30.3708943432733,60.00728610492088]},"level_id":"2ee0f755-3993-4667-a616-c79bd2b7985e"}},{"id":"687b5e95-6045-46ef-9a6b-ba145370de5f","type":"Feature","feature_type":"opening","geometry":{"type":"LineString","coordinates":[[30.370954107128139,60.007290258739282],[30.370948354756692,60.007281737853923]]},"properties":{"category":"automobile","unit_categoty":"classroom","unit_restriction":"restricted","accessibility":null,"access_control":null,"door":{"type":"open","material":"metal","automatic":false},"name":null,"alt_name":null,"display_point":{"type":"Point","coordinates":[30.370954107128139,60.007290258739282]},"level_id":"2ee0f755-3993-4667-a616-c79bd2b7985e"}},{"id":"2aa5d194-9d7d-47b6-8849-18b4d18c8e08","type":"Feature","feature_type":"opening","geometry":{"type":"LineString","coordinates":[[30.370894850853979,60.007258731436018],[30.370911895581809,60.007255855462247]]},"properties":{"category":"automobile","unit_categoty":"classroom","unit_restriction":"restricted","accessibility":null,"access_control":null,"door":{"type":"open","material":"metal","automatic":false},"name":null,"alt_name":null,"display_point":{"type":"Point","coordinates":[30.370894850853979,60.007258731436018]},"level_id":"2ee0f755-3993-4667-a616-c79bd2b7985e"}},{"id":"dbbe8033-eb2a-4485-9870-f874c2310556","type":"Feature","feature_type":"opening","geometry":{"type":"LineString","coordinates":[[30.373150613927521,60.007945927515379],[30.373143423175712,60.007935276614525]]},"properties":{"category":"automobile","unit_categoty":"stairs","unit_restriction":null,"accessibility":null,"access_control":null,"door":{"type":"open","material":"metal","automatic":false},"name":null,"alt_name":null,"display_point":{"type":"Point","coordinates":[30.373150613927521,60.007945927515379]},"level_id":"2ee0f755-3993-4667-a616-c79bd2b7985e"}},{"id":"d033eed5-8822-45b8-a197-a2f87b210576","type":"Feature","feature_type":"opening","geometry":{"type":"LineString","coordinates":[[30.373516654484973,60.007922133971533],[30.373510902002959,60.007913613086174]]},"properties":{"category":"automobile","unit_categoty":"stairs","unit_restriction":null,"accessibility":null,"access_control":null,"door":{"type":"open","material":"metal","automatic":false},"name":null,"alt_name":null,"display_point":{"type":"Point","coordinates":[30.373516654484973,60.007922133971533]},"level_id":"2ee0f755-3993-4667-a616-c79bd2b7985e"}},{"id":"68fe3e8e-d87d-4f7a-ade8-5ff9fb5eadd9","type":"Feature","feature_type":"opening","geometry":{"type":"LineString","coordinates":[[30.373521342121816,60.007883376801196],[30.373514151317117,60.007872725625887]]},"properties":{"category":"automobile","unit_categoty":"stairs","unit_restriction":null,"accessibility":null,"access_control":null,"door":{"type":"open","material":"metal","automatic":false},"name":null,"alt_name":null,"display_point":{"type":"Point","coordinates":[30.373521342121816,60.007883376801196]},"level_id":"2ee0f755-3993-4667-a616-c79bd2b7985e"}},{"id":"48bcf872-3894-4186-a2a5-fb15d1232748","type":"Feature","feature_type":"opening","geometry":{"type":"LineString","coordinates":[[30.373913588727817,60.007314140381951],[30.373963871066707,60.007305656273054]]},"properties":{"category":"automobile","unit_categoty":"stairs","unit_restriction":null,"accessibility":null,"access_control":null,"door":{"type":"open","material":"metal","automatic":false},"name":null,"alt_name":null,"display_point":{"type":"Point","coordinates":[30.373913588727817,60.007314140381951]},"level_id":"2ee0f755-3993-4667-a616-c79bd2b7985e"}},{"id":"b9780b80-6c77-47cf-9db5-8956722e3ff6","type":"Feature","feature_type":"opening","geometry":{"type":"LineString","coordinates":[[30.374032902345132,60.007294009114467],[30.374083184653415,60.007285525005564]]},"properties":{"category":"automobile","unit_categoty":"stairs","unit_restriction":null,"accessibility":null,"access_control":null,"door":{"type":"open","material":"metal","automatic":false},"name":null,"alt_name":null,"display_point":{"type":"Point","coordinates":[30.374032902345132,60.007294009114467]},"level_id":"2ee0f755-3993-4667-a616-c79bd2b7985e"}},{"id":"6a1cc181-8456-4b9b-a1df-3dd66a15839c","type":"Feature","feature_type":"opening","geometry":{"type":"LineString","coordinates":[[30.373964723104915,60.007305512735094],[30.374032050307214,60.007294152926875]]},"properties":{"category":"automobile","unit_categoty":"stairs","unit_restriction":null,"accessibility":null,"access_control":null,"door":{"type":"open","material":"metal","automatic":false},"name":null,"alt_name":null,"display_point":{"type":"Point","coordinates":[30.373964723104915,60.007305512735094]},"level_id":"2ee0f755-3993-4667-a616-c79bd2b7985e"}},{"id":"5a99236f-e458-4b30-98ea-e365469bc2ff","type":"Feature","feature_type":"opening","geometry":{"type":"LineString","coordinates":[[30.371978994354432,60.007640555857478],[30.372029277189604,60.007632071748574]]},"properties":{"category":"automobile","unit_categoty":"stairs","unit_restriction":null,"accessibility":null,"access_control":null,"door":{"type":"open","material":"metal","automatic":false},"name":null,"alt_name":null,"display_point":{"type":"Point","coordinates":[30.371978994354432,60.007640555857478]},"level_id":"2ee0f755-3993-4667-a616-c79bd2b7985e"}},{"id":"2a761d8d-0779-420c-bfff-60936676ace2","type":"Feature","feature_type":"opening","geometry":{"type":"LineString","coordinates":[[30.372098309423851,60.007620424315533],[30.372148592228402,60.007611940481084]]},"properties":{"category":"automobile","unit_categoty":"stairs","unit_restriction":null,"accessibility":null,"access_control":null,"door":{"type":"open","material":"metal","automatic":false},"name":null,"alt_name":null,"display_point":{"type":"Point","coordinates":[30.372098309423851,60.007620424315533]},"level_id":"2ee0f755-3993-4667-a616-c79bd2b7985e"}},{"id":"90ae6c27-d5b3-4bd0-a83a-bce333647cf2","type":"Feature","feature_type":"opening","geometry":{"type":"LineString","coordinates":[[30.372030129236215,60.007631928210614],[30.372097457377524,60.007620568127948]]},"properties":{"category":"automobile","unit_categoty":"stairs","unit_restriction":null,"accessibility":null,"access_control":null,"door":{"type":"open","material":"metal","automatic":false},"name":null,"alt_name":null,"display_point":{"type":"Point","coordinates":[30.372030129236215,60.007631928210614]},"level_id":"2ee0f755-3993-4667-a616-c79bd2b7985e"}},{"id":"07c53c33-6b0d-4f9a-b749-e083596107bb","type":"Feature","feature_type":"opening","geometry":{"type":"LineString","coordinates":[[30.373293810890619,60.00762017209491],[30.37328690753915,60.007609946867817]]},"properties":{"category":"automobile","unit_categoty":"stairs","unit_restriction":null,"accessibility":null,"access_control":null,"door":{"type":"open","material":"metal","automatic":false},"name":null,"alt_name":null,"display_point":{"type":"Point","coordinates":[30.373293810890619,60.00762017209491]},"level_id":"0944b72f-5338-4ba5-85ee-4631c772ecf2"}},{"id":"a94abec0-4041-4679-bd01-ae458f7e7d1d","type":"Feature","feature_type":"opening","geometry":{"type":"LineString","coordinates":[[30.371542416820688,60.00808438730536],[30.371559461733138,60.008081511057142]]},"properties":{"category":"automobile","unit_categoty":"auditorium","unit_restriction":null,"accessibility":null,"access_control":null,"door":{"type":"open","material":"metal","automatic":false},"name":null,"alt_name":null,"display_point":{"type":"Point","coordinates":[30.371542416820688,60.00808438730536]},"level_id":"0944b72f-5338-4ba5-85ee-4631c772ecf2"}},{"id":"7f91966e-7bbc-477f-af7c-2cbff65e974c","type":"Feature","feature_type":"opening","geometry":{"type":"LineString","coordinates":[[30.374964191017082,60.007507048813238],[30.374947146126221,60.007509924787009]]},"properties":{"category":"automobile","unit_categoty":"auditorium","unit_restriction":null,"accessibility":null,"access_control":null,"door":{"type":"open","material":"metal","automatic":false},"name":null,"alt_name":null,"display_point":{"type":"Point","coordinates":[30.374964191017082,60.007507048813238]},"level_id":"0944b72f-5338-4ba5-85ee-4631c772ecf2"}},{"id":"24d24c00-fd0f-49be-ab80-71b1c96efd50","type":"Feature","feature_type":"opening","geometry":{"type":"LineString","coordinates":[[30.37210704250133,60.0077043748105],[30.372124087840284,60.007701498836731]]},"properties":{"category":"automobile","unit_categoty":"auditorium","unit_restriction":null,"accessibility":null,"access_control":null,"door":{"type":"open","material":"metal","automatic":false},"name":null,"alt_name":null,"display_point":{"type":"Point","coordinates":[30.37210704250133,60.0077043748105]},"level_id":"0944b72f-5338-4ba5-85ee-4631c772ecf2"}},{"id":"05734cb5-99f7-4304-9e76-186e90d26a3a","type":"Feature","feature_type":"opening","geometry":{"type":"LineString","coordinates":[[30.374041638109382,60.007377959334974],[30.374058683005607,60.007375083635658]]},"properties":{"category":"automobile","unit_categoty":"auditorium","unit_restriction":null,"accessibility":null,"access_control":null,"door":{"type":"open","material":"metal","automatic":false},"name":null,"alt_name":null,"display_point":{"type":"Point","coordinates":[30.374041638109382,60.007377959334974]},"level_id":"0944b72f-5338-4ba5-85ee-4631c772ecf2"}},{"id":"97a81904-9d3a-4ad8-80e8-9e3abd8b3425","type":"Feature","feature_type":"opening","geometry":{"type":"LineString","coordinates":[[30.371895901767537,60.007616609169872],[30.371890149246386,60.00760808828452]]},"properties":{"category":"automobile","unit_categoty":"classroom","unit_restriction":null,"accessibility":null,"access_control":null,"door":{"type":"open","material":"metal","automatic":false},"name":null,"alt_name":null,"display_point":{"type":"Point","coordinates":[30.371895901767537,60.007616609169872]},"level_id":"0944b72f-5338-4ba5-85ee-4631c772ecf2"}},{"id":"9be0a308-0f57-429f-ae0e-5bb4f1d85481","type":"Feature","feature_type":"opening","geometry":{"type":"LineString","coordinates":[[30.37218566551179,60.007567718713581],[30.372179912957563,60.007559197828229]]},"properties":{"category":"automobile","unit_categoty":"classroom","unit_restriction":null,"accessibility":null,"access_control":null,"door":{"type":"open","material":"metal","automatic":false},"name":null,"alt_name":null,"display_point":{"type":"Point","coordinates":[30.37218566551179,60.007567718713581]},"level_id":"0944b72f-5338-4ba5-85ee-4631c772ecf2"}},{"id":"158c48d4-1a45-426a-a513-c25bfee558b3","type":"Feature","feature_type":"opening","geometry":{"type":"LineString","coordinates":[[30.373830495576083,60.007290193968807],[30.373824742971351,60.007281673083448]]},"properties":{"category":"automobile","unit_categoty":"classroom","unit_restriction":null,"accessibility":null,"access_control":null,"door":{"type":"open","material":"metal","automatic":false},"name":null,"alt_name":null,"display_point":{"type":"Point","coordinates":[30.373830495576083,60.007290193968807]},"level_id":"0944b72f-5338-4ba5-85ee-4631c772ecf2"}},{"id":"f697bbf6-bb6e-43bf-a36f-bac95a80c032","type":"Feature","feature_type":"opening","geometry":{"type":"LineString","coordinates":[[30.374120257009452,60.007241303512515],[30.374114504371644,60.007232782627156]]},"properties":{"category":"automobile","unit_categoty":"classroom","unit_restriction":null,"accessibility":null,"access_control":null,"door":{"type":"open","material":"metal","automatic":false},"name":null,"alt_name":null,"display_point":{"type":"Point","coordinates":[30.374120257009452,60.007241303512515]},"level_id":"0944b72f-5338-4ba5-85ee-4631c772ecf2"}},{"id":"af7242d5-c775-47d8-8816-cc645609daf7","type":"Feature","feature_type":"opening","geometry":{"type":"LineString","coordinates":[[30.374435155331337,60.006751557756786],[30.374452200049038,60.006748681783016]]},"properties":{"category":"automobile","unit_categoty":"auditorium","unit_restriction":null,"accessibility":null,"access_control":null,"door":{"type":"open","material":"metal","automatic":false},"name":null,"alt_name":null,"display_point":{"type":"Point","coordinates":[30.374435155331337,60.006751557756786]},"level_id":"0944b72f-5338-4ba5-85ee-4631c772ecf2"}},{"id":"747bb342-1f95-4e3c-9b9f-9ff0dfdde474","type":"Feature","feature_type":"opening","geometry":{"type":"LineString","coordinates":[[30.371030460478032,60.00732602027513],[30.3710475052173,60.00732314430136]]},"properties":{"category":"automobile","unit_categoty":"auditorium","unit_restriction":null,"accessibility":null,"access_control":null,"door":{"type":"open","material":"metal","automatic":false},"name":null,"alt_name":null,"display_point":{"type":"Point","coordinates":[30.371030460478032,60.00732602027513]},"level_id":"0944b72f-5338-4ba5-85ee-4631c772ecf2"}},{"id":"40cbeecb-9868-4c0b-b4cf-51bef1e307b2","type":"Feature","feature_type":"opening","geometry":{"type":"LineString","coordinates":[[30.37105346948141,60.007360104091006],[30.371070514228464,60.007357228117236]]},"properties":{"category":"automobile","unit_categoty":"classroom","unit_restriction":null,"accessibility":null,"access_control":null,"door":{"type":"open","material":"metal","automatic":false},"name":null,"alt_name":null,"display_point":{"type":"Point","coordinates":[30.37105346948141,60.007360104091006]},"level_id":"0944b72f-5338-4ba5-85ee-4631c772ecf2"}},{"id":"24ff6cac-1874-49e4-8ef6-e58d568ff012","type":"Feature","feature_type":"opening","geometry":{"type":"LineString","coordinates":[[30.37445816588928,60.006785641572662],[30.374475210614762,60.006782765598892]]},"properties":{"category":"automobile","unit_categoty":"classroom","unit_restriction":null,"accessibility":null,"access_control":null,"door":{"type":"open","material":"metal","automatic":false},"name":null,"alt_name":null,"display_point":{"type":"Point","coordinates":[30.37445816588928,60.006785641572662]},"level_id":"0944b72f-5338-4ba5-85ee-4631c772ecf2"}},{"id":"e077e398-f2bb-4972-ad86-b38606e855e9","type":"Feature","feature_type":"opening","geometry":{"type":"LineString","coordinates":[[30.371519407313411,60.008050303489483],[30.371536452218077,60.008047427241266]]},"properties":{"category":"automobile","unit_categoty":"classroom","unit_restriction":null,"accessibility":null,"access_control":null,"door":{"type":"open","material":"metal","automatic":false},"name":null,"alt_name":null,"display_point":{"type":"Point","coordinates":[30.371519407313411,60.008050303489483]},"level_id":"0944b72f-5338-4ba5-85ee-4631c772ecf2"}},{"id":"cb511d70-4439-499a-97c3-ca8f49a6a9c8","type":"Feature","feature_type":"opening","geometry":{"type":"LineString","coordinates":[[30.374924135064347,60.007475840971139],[30.374941179947427,60.007472964997369]]},"properties":{"category":"automobile","unit_categoty":"classroom","unit_restriction":null,"accessibility":null,"access_control":null,"door":{"type":"open","material":"metal","automatic":false},"name":null,"alt_name":null,"display_point":{"type":"Point","coordinates":[30.374924135064347,60.007475840971139]},"level_id":"0944b72f-5338-4ba5-85ee-4631c772ecf2"}},{"id":"f8688b22-354f-449c-aa29-a7a5d63ade2f","type":"Feature","feature_type":"opening","geometry":{"type":"LineString","coordinates":[[30.371426521367287,60.007800212059919],[30.37142076916513,60.007791691174567]]},"properties":{"category":"automobile","unit_categoty":"stairs","unit_restriction":null,"accessibility":null,"access_control":null,"door":{"type":"open","material":"metal","automatic":false},"name":null,"alt_name":null,"display_point":{"type":"Point","coordinates":[30.371426521367287,60.007800212059919]},"level_id":"0944b72f-5338-4ba5-85ee-4631c772ecf2"}},{"id":"7e1a53ce-ef22-4e75-9702-1ae7dd001afb","type":"Feature","feature_type":"opening","geometry":{"type":"LineString","coordinates":[[30.374394141843197,60.006782206816318],[30.374388389210033,60.006773685930959]]},"properties":{"category":"automobile","unit_categoty":"classroom","unit_restriction":"restricted","accessibility":null,"access_control":null,"door":{"type":"open","material":"metal","automatic":false},"name":null,"alt_name":null,"display_point":{"type":"Point","coordinates":[30.374394141843197,60.006782206816318]},"level_id":"0944b72f-5338-4ba5-85ee-4631c772ecf2"}},{"id":"3362d8ef-98d0-4bf5-acf5-d904e0b70dbc","type":"Feature","feature_type":"opening","geometry":{"type":"LineString","coordinates":[[30.374883121353687,60.007506490030664],[30.374877368457291,60.007497969145312]]},"properties":{"category":"automobile","unit_categoty":"classroom","unit_restriction":"restricted","accessibility":null,"access_control":null,"door":{"type":"open","material":"metal","automatic":false},"name":null,"alt_name":null,"display_point":{"type":"Point","coordinates":[30.374883121353687,60.007506490030664]},"level_id":"0944b72f-5338-4ba5-85ee-4631c772ecf2"}},{"id":"14f5633c-c4f3-4c94-865a-b8b0b8b17e13","type":"Feature","feature_type":"opening","geometry":{"type":"LineString","coordinates":[[30.371610491225969,60.008058663820911],[30.371604738703141,60.008050142935552]]},"properties":{"category":"automobile","unit_categoty":"classroom","unit_restriction":"restricted","accessibility":null,"access_control":null,"door":{"type":"open","material":"metal","automatic":false},"name":null,"alt_name":null,"display_point":{"type":"Point","coordinates":[30.371610491225969,60.008058663820911]},"level_id":"0944b72f-5338-4ba5-85ee-4631c772ecf2"}},{"id":"d1be2b3f-cde2-4c01-b717-1893a9f217c6","type":"Feature","feature_type":"opening","geometry":{"type":"LineString","coordinates":[[30.371121543331409,60.007334380881005],[30.371115791209053,60.007325859995653]]},"properties":{"category":"automobile","unit_categoty":"classroom","unit_restriction":"restricted","accessibility":null,"access_control":null,"door":{"type":"open","material":"metal","automatic":false},"name":null,"alt_name":null,"display_point":{"type":"Point","coordinates":[30.371121543331409,60.007334380881005]},"level_id":"0944b72f-5338-4ba5-85ee-4631c772ecf2"}},{"id":"441bf346-e573-4572-a732-b3fc2f6b87ec","type":"Feature","feature_type":"opening","geometry":{"type":"LineString","coordinates":[[30.375019442585202,60.007497489130223],[30.374996719163253,60.007463831262555]]},"properties":{"category":"automobile","unit_categoty":"stairs","unit_restriction":null,"accessibility":null,"access_control":null,"door":{"type":"open","material":"metal","automatic":false},"name":null,"alt_name":null,"display_point":{"type":"Point","coordinates":[30.375019442585202,60.007497489130223]},"level_id":"0944b72f-5338-4ba5-85ee-4631c772ecf2"}},{"id":"728dc722-317f-4312-891c-f295e1314e15","type":"Feature","feature_type":"opening","geometry":{"type":"LineString","coordinates":[[30.371491137699007,60.008092801703661],[30.371468415867945,60.008059143836]]},"properties":{"category":"automobile","unit_categoty":"stairs","unit_restriction":null,"accessibility":null,"access_control":null,"door":{"type":"open","material":"metal","automatic":false},"name":null,"alt_name":null,"display_point":{"type":"Point","coordinates":[30.371491137699007,60.008092801703661]},"level_id":"0944b72f-5338-4ba5-85ee-4631c772ecf2"}},{"id":"5aeb12e8-8ee1-4593-a331-9cc66ba31667","type":"Feature","feature_type":"opening","geometry":{"type":"LineString","coordinates":[[30.371002191133517,60.007368518763762],[30.370979469525558,60.007334860896094]]},"properties":{"category":"automobile","unit_categoty":"stairs","unit_restriction":null,"accessibility":null,"access_control":null,"door":{"type":"open","material":"metal","automatic":false},"name":null,"alt_name":null,"display_point":{"type":"Point","coordinates":[30.371002191133517,60.007368518763762]},"level_id":"0944b72f-5338-4ba5-85ee-4631c772ecf2"}},{"id":"806c7bcf-7bd3-45b6-8c50-72d04d0acd5b","type":"Feature","feature_type":"opening","geometry":{"type":"LineString","coordinates":[[30.374530461785803,60.00677320591587],[30.37450773872424,60.0067395480482]]},"properties":{"category":"automobile","unit_categoty":"stairs","unit_restriction":null,"accessibility":null,"access_control":null,"door":{"type":"open","material":"metal","automatic":false},"name":null,"alt_name":null,"display_point":{"type":"Point","coordinates":[30.374530461785803,60.00677320591587]},"level_id":"0944b72f-5338-4ba5-85ee-4631c772ecf2"}},{"id":"cfd7985c-3794-4cfc-a8f0-7de85fd4c751","type":"Feature","feature_type":"opening","geometry":{"type":"LineString","coordinates":[[30.373913588727817,60.007314140381951],[30.373963871066707,60.007305656273054]]},"properties":{"category":"automobile","unit_categoty":"stairs","unit_restriction":null,"accessibility":null,"access_control":null,"door":{"type":"open","material":"metal","automatic":false},"name":null,"alt_name":null,"display_point":{"type":"Point","coordinates":[30.373913588727817,60.007314140381951]},"level_id":"0944b72f-5338-4ba5-85ee-4631c772ecf2"}},{"id":"6b2e59bf-e703-4d3e-9097-5ef0d9c7242e","type":"Feature","feature_type":"opening","geometry":{"type":"LineString","coordinates":[[30.374032902345132,60.007294009114467],[30.374083184653415,60.007285525005564]]},"properties":{"category":"automobile","unit_categoty":"stairs","unit_restriction":null,"accessibility":null,"access_control":null,"door":{"type":"open","material":"metal","automatic":false},"name":null,"alt_name":null,"display_point":{"type":"Point","coordinates":[30.374032902345132,60.007294009114467]},"level_id":"0944b72f-5338-4ba5-85ee-4631c772ecf2"}},{"id":"65cef884-a453-429c-8fb2-9938ac29a577","type":"Feature","feature_type":"opening","geometry":{"type":"LineString","coordinates":[[30.371978994354432,60.007640555857478],[30.372029277189604,60.007632071748574]]},"properties":{"category":"automobile","unit_categoty":"stairs","unit_restriction":null,"accessibility":null,"access_control":null,"door":{"type":"open","material":"metal","automatic":false},"name":null,"alt_name":null,"display_point":{"type":"Point","coordinates":[30.371978994354432,60.007640555857478]},"level_id":"0944b72f-5338-4ba5-85ee-4631c772ecf2"}},{"id":"3772cbc8-9506-403f-9b66-114251158ed3","type":"Feature","feature_type":"opening","geometry":{"type":"LineString","coordinates":[[30.372098309423851,60.007620424315533],[30.372148592228402,60.007611940481084]]},"properties":{"category":"automobile","unit_categoty":"stairs","unit_restriction":null,"accessibility":null,"access_control":null,"door":{"type":"open","material":"metal","automatic":false},"name":null,"alt_name":null,"display_point":{"type":"Point","coordinates":[30.372098309423851,60.007620424315533]},"level_id":"0944b72f-5338-4ba5-85ee-4631c772ecf2"}}]}