{"type":"FeatureCollection","name":"unit","features":[{"id":"f7c1d310-dbe6-4c2b-96b0-8103413b991c","type":"Feature","feature_type":"unit","geometry":{"type":"Polygon","coordinates":[[[30.377631106596393,60.009211538758791],[30.377600857306991,60.009169191492752],[30.377533088533323,60.009181288202356],[30.377555775605607,60.009213048789107],[30.377589659872463,60.009206999885407],[30.377573022911506,60.009183709410543],[30.377573039930642,60.009183706666029],[30.377589682931021,60.009207005374428],[30.377555781645018,60.009213057022642],[30.377563338059371,60.009223635468388],[30.377631106596393,60.009211538758791]]]},"properties":{"category":"stairs","name":null,"alt_name":null,"restriction":null,"accessibility":null,"level_id":"b79df9a4-80fb-4310-b230-7f5c69d8c4e8","display_point":{"type":"Point","coordinates":[30.377563338059371,60.009223635468388]}}},{"id":"b0994e40-9efc-45df-9a2a-2645afea795e","type":"Feature","feature_type":"unit","geometry":{"type":"Polygon","coordinates":[[[30.377848890609787,60.009650134227329],[30.37787914055248,60.009692482042269],[30.37794690923759,60.009680384783763],[30.377924221817185,60.009648624197013],[30.377890337354682,60.009654673100712],[30.377906974820345,60.009677963575577],[30.377906958075627,60.009677966868992],[30.377890314295946,60.009654667611692],[30.377924216052168,60.009648615414577],[30.377916659531568,60.009638037517725],[30.377848890609787,60.009650134227329]]]},"properties":{"category":"stairs","name":null,"alt_name":null,"restriction":null,"accessibility":null,"level_id":"b79df9a4-80fb-4310-b230-7f5c69d8c4e8","display_point":{"type":"Point","coordinates":[30.377916659531568,60.009638037517725]}}},{"id":"6649877f-ed66-4f79-b0de-a1722c96eed3","type":"Feature","feature_type":"unit","geometry":{"type":"Polygon","coordinates":[[[30.379105065732148,60.008948435599436],[30.37907481534485,60.008906087784496],[30.379007047659325,60.0089181844941],[30.379029734800092,60.008949944531949],[30.379063618797435,60.008943896726052],[30.379046981109074,60.008920605153385],[30.379046998128079,60.008920602408871],[30.379063641856021,60.008943902215073],[30.379029741114202,60.008949953314385],[30.379037297459728,60.008960531760138],[30.379105065732148,60.008948435599436]]]},"properties":{"category":"stairs","name":null,"alt_name":null,"restriction":null,"accessibility":null,"level_id":"b79df9a4-80fb-4310-b230-7f5c69d8c4e8","display_point":{"type":"Point","coordinates":[30.379037297459728,60.008960531760138]}}},{"id":"7de1c7b1-5439-428b-beb0-e33e9817a50c","type":"Feature","feature_type":"unit","geometry":{"type":"Polygon","coordinates":[[[30.377842882908958,60.009173736952967],[30.377800533474485,60.009114450012049],[30.377749707583654,60.009123522818705],[30.377761807050014,60.009140461395774],[30.377744865079507,60.009143485298722],[30.377775114449374,60.009185833113662],[30.377842882908958,60.009173736952967]]]},"properties":{"category":"restroom","name":{"ru":"Туалет мужской","en":"Restroom male"},"alt_name":{"ru":"Туалет М.","en":"Restroom M."},"restriction":null,"accessibility":null,"level_id":"b79df9a4-80fb-4310-b230-7f5c69d8c4e8","display_point":{"type":"Point","coordinates":[30.377788015708507,60.00915011384329]}}},{"id":"80d5bb82-bb51-4cf1-8ed4-8360986a2254","type":"Feature","feature_type":"unit","geometry":{"type":"Polygon","coordinates":[[[30.377775114449374,60.009185833113662],[30.377744865079507,60.009143485298722],[30.377723687820108,60.009147266137987],[30.377711587813234,60.009130327012016],[30.377664997185583,60.00913864343125],[30.377707346514036,60.009197929823266],[30.377775114449374,60.009185833113662]]]},"properties":{"category":"restroom","name":{"ru":"Туалет женский","en":"Restroom female"},"alt_name":{"ru":"Туалет Ж.","en":"Restroom F."},"restriction":null,"accessibility":null,"level_id":"b79df9a4-80fb-4310-b230-7f5c69d8c4e8","display_point":{"type":"Point","coordinates":[30.377718570880489,60.009162508057955]}}},{"id":"1b22e302-4250-435d-8516-81187360c8fa","type":"Feature","feature_type":"unit","geometry":{"type":"Polygon","coordinates":[[[30.377453220334729,60.009176445785975],[30.377495569497583,60.009235732726893],[30.377563338059371,60.009223635468388],[30.377520988843518,60.009164348527477],[30.377453220334729,60.009176445785975]]]},"properties":{"category":"classroom","name":{"ru":"Кабинет 301","en":"Classroom 301"},"alt_name":{"ru":"301","en":"301"},"restriction":null,"accessibility":null,"level_id":"b79df9a4-80fb-4310-b230-7f5c69d8c4e8","display_point":{"type":"Point","coordinates":[30.377508279589154,60.009200040352731]}}},{"id":"4700d391-b8ae-47a5-87ca-c450dae9cea1","type":"Feature","feature_type":"unit","geometry":{"type":"Polygon","coordinates":[[[30.377438095750147,60.009155271878505],[30.377453220334729,60.009176445785975],[30.377520988843518,60.009164348527477],[30.377505864514553,60.00914317571781],[30.377438095750147,60.009155271878505]]]},"properties":{"category":"classroom","name":{"ru":"Кабинет 302","en":"Classroom 302"},"alt_name":{"ru":"302","en":"302"},"restriction":null,"accessibility":null,"level_id":"b79df9a4-80fb-4310-b230-7f5c69d8c4e8","display_point":{"type":"Point","coordinates":[30.377479542431242,60.009159810202988]}}},{"id":"770d27cc-cf0c-4f3e-9d88-5b9bcca12964","type":"Feature","feature_type":"unit","geometry":{"type":"Polygon","coordinates":[[[30.374595638391174,60.008503682544536],[30.374489958901258,60.0085215130879],[30.374508367860898,60.008548780360165],[30.374579957048052,60.008536701764342],[30.3745616630772,60.008509605200707],[30.374561492886315,60.008509633743628],[30.374579729212343,60.0085366452274],[30.374508480681719,60.008548666737383],[30.374490187011336,60.008521570173748],[30.374595696035929,60.008503768173306],[30.37462555302103,60.008547991587513],[30.374485783375356,60.008571574627318],[30.37444436324418,60.008510223264729],[30.374584132774974,60.008486640773825],[30.374595638391174,60.008503682544536]]]},"properties":{"category":"stairs","name":null,"alt_name":null,"restriction":null,"accessibility":null,"level_id":"d0b5e4eb-482d-4e66-a50e-4fa7c32115ec","display_point":{"type":"Point","coordinates":[30.374546240380003,60.00852934647309]}}},{"id":"db4e33d7-13a4-4b5f-ba9f-8596684c68f6","type":"Feature","feature_type":"unit","geometry":{"type":"Polygon","coordinates":[[[30.374595638391174,60.008503682544536],[30.374489958901258,60.0085215130879],[30.374508367860898,60.008548780360165],[30.374579957048052,60.008536701764342],[30.3745616630772,60.008509605200707],[30.374561492611814,60.008509633743628],[30.374579728937839,60.0085366452274],[30.374508480681719,60.008548666737383],[30.374490187011336,60.008521570173748],[30.374595696035929,60.008503768173306],[30.37462555302103,60.008547991587513],[30.374485783375356,60.008571574627318],[30.37444436324418,60.008510223264729],[30.374584132774974,60.008486640773825],[30.374595638391174,60.008503682544536]]]},"properties":{"category":"stairs","name":null,"alt_name":null,"restriction":null,"accessibility":null,"level_id":"40feaf3e-79af-4065-94b7-52c686b48356","display_point":{"type":"Point","coordinates":[30.374546240380003,60.00852934647309]}}},{"id":"cfb16c24-3b66-4b27-a37b-1f06dfe22959","type":"Feature","feature_type":"unit","geometry":{"type":"Polygon","coordinates":[[[30.374595638391174,60.008503682544536],[30.374489958901258,60.0085215130879],[30.374508367860898,60.008548780360165],[30.374579957048052,60.008536701764342],[30.3745616630772,60.008509605200707],[30.374561492886315,60.008509633743628],[30.374579729212343,60.0085366452274],[30.374508480681719,60.008548666737383],[30.374490187011336,60.008521570173748],[30.374595696035929,60.008503768173306],[30.37462555302103,60.008547991587513],[30.374485783375356,60.008571574627318],[30.37444436324418,60.008510223264729],[30.374584132774974,60.008486640773825],[30.374595638391174,60.008503682544536]]]},"properties":{"category":"stairs","name":null,"alt_name":null,"restriction":null,"accessibility":null,"level_id":"0dcdc286-eabe-4b28-b9d7-d80f3c07c803","display_point":{"type":"Point","coordinates":[30.374546240380003,60.00852934647309]}}},{"id":"6c04a44a-9cd4-498f-abf1-3887b0197d89","type":"Feature","feature_type":"unit","geometry":{"type":"Polygon","coordinates":[[[30.379220822284722,60.006521263587643],[30.37937984630323,60.006494431320476],[30.379360860239437,60.006466312151794],[30.379238822680961,60.006486903673888],[30.379248315825119,60.00650096353268],[30.379315753561134,60.006489489552777],[30.379315868584793,60.0064896597125],[30.379248202466947,60.00650107715547],[30.379238652222824,60.006486932491264],[30.379201836280828,60.006493144418961],[30.379220822284722,60.006521263587643]]]},"properties":{"category":"stairs","name":null,"alt_name":null,"restriction":null,"accessibility":null,"level_id":"afe8614a-54b2-4468-89de-a68def1a26e7","display_point":{"type":"Point","coordinates":[30.379303977151935,60.006504385664272]}}},{"id":"bc290a42-b42c-4cbf-84e4-bbf99de79886","type":"Feature","feature_type":"unit","geometry":{"type":"Polygon","coordinates":[[[30.373051302386173,60.00876425526414],[30.373156982377253,60.008746424720776],[30.373175390849976,60.008773691993035],[30.373103801424325,60.008785770588858],[30.3730855079893,60.008758674574125],[30.373085678730479,60.0087586454823],[30.373103914522467,60.008785656966076],[30.373175163563637,60.008773636004996],[30.373156870102761,60.00874653889246],[30.373051359754655,60.0087643408929],[30.373081216099315,60.008808564856011],[30.373220986746563,60.008784982365107],[30.373179567654915,60.008723631002525],[30.373039797122548,60.008747213493429],[30.373051302386173,60.00876425526414]]]},"properties":{"category":"stairs","name":null,"alt_name":null,"restriction":null,"accessibility":null,"level_id":"d0b5e4eb-482d-4e66-a50e-4fa7c32115ec","display_point":{"type":"Point","coordinates":[30.373119110149155,60.008765859156753]}}},{"id":"01f9eda4-1bf2-45e8-ae3d-d084788fb89b","type":"Feature","feature_type":"unit","geometry":{"type":"Polygon","coordinates":[[[30.373051347953982,60.008764239894873],[30.373157028494045,60.008746408802608],[30.373175436966768,60.008773676623768],[30.373103846992137,60.008785755219591],[30.373085553557111,60.008758658655957],[30.373085724298274,60.008758630113036],[30.373103960090294,60.008785641047908],[30.373175209131439,60.008773620086828],[30.373156915945035,60.008746523523193],[30.373051405596968,60.008764325523636],[30.373081261667167,60.00880854893785],[30.373221032863352,60.008784966995847],[30.373179613771672,60.008723615633258],[30.37303984269035,60.008747198124162],[30.373051347953982,60.008764239894873]]]},"properties":{"category":"stairs","name":null,"alt_name":null,"restriction":null,"accessibility":null,"level_id":"40feaf3e-79af-4065-94b7-52c686b48356","display_point":{"type":"Point","coordinates":[30.373119155991454,60.008765843787486]}}},{"id":"c8ca1396-ac9f-46c1-add3-f9d6570e0992","type":"Feature","feature_type":"unit","geometry":{"type":"Polygon","coordinates":[[[30.373051302386173,60.00876425526414],[30.373156982377253,60.008746424720776],[30.373175390849976,60.008773691993035],[30.373103801424325,60.008785770588858],[30.3730855079893,60.008758674574125],[30.373085678730479,60.0087586454823],[30.373103914522467,60.008785656966076],[30.373175163563637,60.008773636004996],[30.373156870102761,60.00874653889246],[30.373051359754655,60.0087643408929],[30.373081216099315,60.008808564856011],[30.373220986746563,60.008784982365107],[30.373179567654915,60.008723631002525],[30.373039797122548,60.008747213493429],[30.373051302386173,60.00876425526414]]]},"properties":{"category":"stairs","name":null,"alt_name":null,"restriction":null,"accessibility":null,"level_id":"0dcdc286-eabe-4b28-b9d7-d80f3c07c803","display_point":{"type":"Point","coordinates":[30.373119110149155,60.008765859156753]}}},{"id":"f918cd54-fa50-498d-a212-dca835ae422f","type":"Feature","feature_type":"unit","geometry":{"type":"Polygon","coordinates":[[[30.38105632993722,60.007320574340639],[30.381036192903029,60.007290750830222],[30.380895575627338,60.007314477133534],[30.380966057051271,60.007418859145567],[30.381106673974596,60.007395132842248],[30.381085097787835,60.007363179316329],[30.381144753695708,60.007353113545356],[30.381139000554988,60.00734459238555],[30.381658856941279,60.00725687724394],[30.381660295515651,60.007259007533889],[30.381698645235431,60.007252536798745],[30.381702960413396,60.0072589276686],[30.3817711379853,60.007247424047968],[30.381766822801502,60.007241033178111],[30.381805173049404,60.00723456216852],[30.381803734470896,60.007232431878563],[30.382323589094185,60.007144716736953],[30.382329342370124,60.007153237896766],[30.382388997899337,60.007143172400241],[30.382360229304552,60.007100567424558],[30.382300573809385,60.007110632921083],[30.382306328177346,60.007119153806435],[30.381786473732074,60.007206868948046],[30.381786415530176,60.007206783593737],[30.381837548797385,60.007198155946874],[30.381797331221136,60.007138594554789],[30.381545926154374,60.007181014275936],[30.381586143530033,60.007240575668021],[30.381637276849492,60.007231948021158],[30.38163733505122,60.007232033375473],[30.381121740043792,60.007319029455026],[30.381115985811043,60.007310508569674],[30.38105632993722,60.007320574340639]]]},"properties":{"category":"walkway","name":null,"alt_name":null,"restriction":null,"accessibility":null,"level_id":"fc8f18cb-4412-4285-b130-f8c5a9ef021e","display_point":{"type":"Point","coordinates":[30.381809872217048,60.007211395745578]}}},{"id":"053908bd-c925-4d16-a3ef-7ac8d0e8a0c1","type":"Feature","feature_type":"unit","geometry":{"type":"Polygon","coordinates":[[[30.381443659557036,60.007198269569656],[30.381483935052653,60.00725791631605],[30.381586201731704,60.00724066102233],[30.381545926154374,60.007181014275936],[30.381443659557036,60.007198269569656]]]},"properties":{"category":"auditorium","name":{"ru":"Кабинет 104","en":"Classroom 104"},"alt_name":{"ru":"104","en":"104"},"restriction":null,"accessibility":null,"level_id":"fc8f18cb-4412-4285-b130-f8c5a9ef021e","display_point":{"type":"Point","coordinates":[30.381514930621517,60.007219465158769]}}},{"id":"c2dd51b3-fb63-4cc1-b9e1-474c2e06a423","type":"Feature","feature_type":"unit","geometry":{"type":"Polygon","coordinates":[[[30.381192254036645,60.0072406892908],[30.381232528782395,60.0073003360372],[30.381432801693148,60.007266544237361],[30.381392526238386,60.007206897490967],[30.381192254036645,60.0072406892908]]]},"properties":{"category":"foodservice.coffee","name":{"ru":"Кафе «Лето»","en":"Coffee “Leto”"},"alt_name":{"ru":"Лето","en":"Leto"},"restriction":null,"accessibility":null,"level_id":"fc8f18cb-4412-4285-b130-f8c5a9ef021e","display_point":{"type":"Point","coordinates":[30.381312527292398,60.007253616764082]}}},{"id":"2bc66941-1e3a-4279-9b5a-a673003a57f2","type":"Feature","feature_type":"unit","geometry":{"type":"Polygon","coordinates":[[[30.381394667712524,60.0073014538768],[30.381434942677828,60.007361100897647],[30.381541470738302,60.007343126267415],[30.381501195687878,60.007283479246574],[30.381394667712524,60.0073014538768]]]},"properties":{"category":"auditorium","name":{"ru":"Кабинет 102","en":"Classroom 102"},"alt_name":{"ru":"102","en":"102"},"restriction":null,"accessibility":null,"level_id":"fc8f18cb-4412-4285-b130-f8c5a9ef021e","display_point":{"type":"Point","coordinates":[30.381468068927806,60.007322290209331]}}},{"id":"27d4777c-a547-40cb-bfd1-53c43bd1b0f2","type":"Feature","feature_type":"unit","geometry":{"type":"Polygon","coordinates":[[[30.381392526238386,60.007206897490967],[30.381432801693148,60.007266544237361],[30.381483935052653,60.00725791631605],[30.381443659557036,60.007198269569656],[30.381392526238386,60.007206897490967]]]},"properties":{"category":"auditorium","name":null,"alt_name":null,"restriction":"restricted","accessibility":null,"level_id":"fc8f18cb-4412-4285-b130-f8c5a9ef021e","display_point":{"type":"Point","coordinates":[30.381433742520873,60.007231384298464]}}},{"id":"aec54fe7-cb61-47d2-aa47-848ee03f7a26","type":"Feature","feature_type":"unit","geometry":{"type":"Polygon","coordinates":[[[30.381202917101145,60.007333807826974],[30.381243191913239,60.007393454847822],[30.381434942677828,60.007361100897647],[30.381394667712524,60.0073014538768],[30.381202917101145,60.007333807826974]]]},"properties":{"category":"auditorium","name":{"ru":"Кабинет 101","en":"Classroom 101"},"alt_name":{"ru":"101","en":"101"},"restriction":null,"accessibility":null,"level_id":"fc8f18cb-4412-4285-b130-f8c5a9ef021e","display_point":{"type":"Point","coordinates":[30.38131892986555,60.007347454362311]}}},{"id":"1bcd1923-6dad-434f-aefe-fb3e9517733d","type":"Feature","feature_type":"unit","geometry":{"type":"Polygon","coordinates":[[[30.381139000554988,60.00734459238555],[30.381179275316011,60.007404239406391],[30.381243191913239,60.007393454847822],[30.381202917101145,60.007333807826974],[30.381139000554988,60.00734459238555]]]},"properties":{"category":"auditorium","name":{"ru":"Кабинет 101а","en":"Classroom 101а"},"alt_name":{"ru":"101а","en":"101а"},"restriction":null,"accessibility":null,"level_id":"fc8f18cb-4412-4285-b130-f8c5a9ef021e","display_point":{"type":"Point","coordinates":[30.381191096214859,60.007369023479455]}}},{"id":"7d2e9510-2850-4994-b2c3-9c35ba192b9f","type":"Feature","feature_type":"unit","geometry":{"type":"Polygon","coordinates":[[[30.381081464837571,60.007259382708632],[30.381121740043792,60.007319029455026],[30.381232528782395,60.0073003360372],[30.381192254036645,60.0072406892908],[30.381081464837571,60.007259382708632]]]},"properties":{"category":"auditorium","name":null,"alt_name":null,"restriction":"restricted","accessibility":null,"level_id":"fc8f18cb-4412-4285-b130-f8c5a9ef021e","display_point":{"type":"Point","coordinates":[30.381156997061083,60.007279859235688]}}},{"id":"a323b807-11c1-45d0-91ae-758a4460492e","type":"Feature","feature_type":"unit","geometry":{"type":"Polygon","coordinates":[[[30.381501195687878,60.007283479246574],[30.381541470738302,60.007343126267415],[30.381699132117678,60.00731652426478],[30.381658856941279,60.00725687724394],[30.381501195687878,60.007283479246574]]]},"properties":{"category":"auditorium","name":{"ru":"Кабинет 103","en":"Classroom 103"},"alt_name":{"ru":"103","en":"103"},"restriction":null,"accessibility":null,"level_id":"fc8f18cb-4412-4285-b130-f8c5a9ef021e","display_point":{"type":"Point","coordinates":[30.381600164152552,60.007300001755681]}}},{"id":"935456ee-621a-41c4-aa7e-763d812b6085","type":"Feature","feature_type":"unit","geometry":{"type":"Polygon","coordinates":[[[30.381803734470896,60.007232431878563],[30.381844009763054,60.007292078899411],[30.382001670899083,60.007265476896777],[30.38196139548095,60.007205829875929],[30.381803734470896,60.007232431878563]]]},"properties":{"category":"auditorium","name":{"ru":"Кабинет 105","en":"Classroom 105"},"alt_name":{"ru":"105","en":"105"},"restriction":null,"accessibility":null,"level_id":"fc8f18cb-4412-4285-b130-f8c5a9ef021e","display_point":{"type":"Point","coordinates":[30.381902702934763,60.00724895438767]}}},{"id":"1792a3fa-49fc-421f-bfe5-24a5ab3d152e","type":"Feature","feature_type":"unit","geometry":{"type":"Polygon","coordinates":[[[30.38196139548095,60.007205829875929],[30.382001670899083,60.007265476896777],[30.382201943311355,60.00723168509694],[30.38216166718421,60.0071720380761],[30.38196139548095,60.007205829875929]]]},"properties":{"category":"auditorium","name":{"ru":"Кабинет 107","en":"Classroom 107"},"alt_name":{"ru":"107","en":"107"},"restriction":null,"accessibility":null,"level_id":"fc8f18cb-4412-4285-b130-f8c5a9ef021e","display_point":{"type":"Point","coordinates":[30.38208166937266,60.007218757623662]}}},{"id":"87b88867-bc11-49d4-9a28-fe853790eb0a","type":"Feature","feature_type":"unit","geometry":{"type":"Polygon","coordinates":[[[30.38216166718421,60.0071720380761],[30.382201943311355,60.00723168509694],[30.382363864801714,60.0072043637578],[30.382323589094185,60.007144716736953],[30.38216166718421,60.0071720380761]]]},"properties":{"category":"auditorium","name":{"ru":"Кабинет 111","en":"Classroom 111"},"alt_name":{"ru":"111","en":"111"},"restriction":null,"accessibility":null,"level_id":"fc8f18cb-4412-4285-b130-f8c5a9ef021e","display_point":{"type":"Point","coordinates":[30.382260635647093,60.007188560310752]}}},{"id":"aec275ca-ee04-4abf-abde-0d1e077ae20b","type":"Feature","feature_type":"unit","geometry":{"type":"Polygon","coordinates":[[[30.381797331221136,60.007138594554789],[30.381837606999344,60.00719824130119],[30.381944134688137,60.007180266945412],[30.381903858824813,60.007120620199018],[30.381797331221136,60.007138594554789]]]},"properties":{"category":"auditorium","name":{"ru":"Кабинет 106","en":"Classroom 106"},"alt_name":{"ru":"106","en":"106"},"restriction":null,"accessibility":null,"level_id":"fc8f18cb-4412-4285-b130-f8c5a9ef021e","display_point":{"type":"Point","coordinates":[30.3818707329315,60.007159430612873]}}},{"id":"4dbda7e4-7d7a-4115-ac23-e86fa3b37b32","type":"Feature","feature_type":"unit","geometry":{"type":"Polygon","coordinates":[[[30.381903858824813,60.007120620199018],[30.381944134688137,60.007180266945412],[30.382093273135581,60.007155102792439],[30.382052997153096,60.007095456046045],[30.381903858824813,60.007120620199018]]]},"properties":{"category":"auditorium","name":{"ru":"Кабинет 108","en":"Classroom 108"},"alt_name":{"ru":"108","en":"108"},"restriction":null,"accessibility":null,"level_id":"fc8f18cb-4412-4285-b130-f8c5a9ef021e","display_point":{"type":"Point","coordinates":[30.381998565955513,60.007137861495728]}}},{"id":"e9ec6c18-6b61-4fb2-a233-0dd9be5ed395","type":"Feature","feature_type":"unit","geometry":{"type":"Polygon","coordinates":[[[30.382052997153096,60.007095456046045],[30.382093273135581,60.007155102792439],[30.382306328177346,60.007119153806435],[30.382266052024626,60.007059507060042],[30.382052997153096,60.007095456046045]]]},"properties":{"category":"auditorium","name":{"ru":"Кабинет 110","en":"Classroom 110"},"alt_name":{"ru":"110","en":"110"},"restriction":null,"accessibility":null,"level_id":"fc8f18cb-4412-4285-b130-f8c5a9ef021e","display_point":{"type":"Point","coordinates":[30.382177532598,60.007107664182818]}}},{"id":"2850c2e0-e4d1-4d87-86a9-df9e63e58835","type":"Feature","feature_type":"unit","geometry":{"type":"Polygon","coordinates":[[[30.380645284131582,60.007316368650969],[30.38066973663053,60.0073525827568],[30.380754958799734,60.0073382031624],[30.380730506808437,60.007301989056572],[30.380645284131582,60.007316368650969]]]},"properties":{"category":"auditorium","name":{"ru":"Кабинет ","en":"Classroom "},"alt_name":null,"restriction":"restricted","accessibility":null,"level_id":"fc8f18cb-4412-4285-b130-f8c5a9ef021e","display_point":{"type":"Point","coordinates":[30.380700121182123,60.00732728604391]}}},{"id":"e2411aba-e767-4e3b-87f4-83dcc90184aa","type":"Feature","feature_type":"unit","geometry":{"type":"Polygon","coordinates":[[[30.380814614735346,60.00732813766588],[30.3808505740894,60.007381393816871],[30.380931535588143,60.007367733284525],[30.380895575627338,60.007314477133534],[30.380814614735346,60.00732813766588]]]},"properties":{"category":"auditorium","name":{"ru":"Кабинет ","en":"Classroom "},"alt_name":null,"restriction":"restricted","accessibility":null,"level_id":"fc8f18cb-4412-4285-b130-f8c5a9ef021e","display_point":{"type":"Point","coordinates":[30.380874486202554,60.0073465107992]}}},{"id":"4f071b91-142f-4185-9577-08ae8c05a962","type":"Feature","feature_type":"unit","geometry":{"type":"Polygon","coordinates":[[[30.380854261118419,60.007492299807573],[30.380874398680934,60.007522123318],[30.381019277081457,60.007497678227075],[30.380999139461064,60.007467854716651],[30.380854261118419,60.007492299807573]]]},"properties":{"category":"auditorium","name":{"ru":"Кабинет ","en":"Classroom "},"alt_name":null,"restriction":"restricted","accessibility":null,"level_id":"fc8f18cb-4412-4285-b130-f8c5a9ef021e","display_point":{"type":"Point","coordinates":[30.380936769096571,60.0074949888801]}}},{"id":"0670c630-e4b4-4181-ae55-4e5e3f3fd5cf","type":"Feature","feature_type":"unit","geometry":{"type":"Polygon","coordinates":[[[30.380773299451246,60.00750596033992],[30.3808883498269,60.007486547860033],[30.380855267489824,60.007437552288941],[30.380740216640692,60.007456964768828],[30.380773299451246,60.00750596033992]]]},"properties":{"category":"auditorium","name":{"ru":"Кабинет ","en":"Classroom "},"alt_name":null,"restriction":"restricted","accessibility":null,"level_id":"fc8f18cb-4412-4285-b130-f8c5a9ef021e","display_point":{"type":"Point","coordinates":[30.380814283766227,60.00747175631443]}}},{"id":"5a6255d0-3d14-4e7c-8183-5fc04af234e6","type":"Feature","feature_type":"unit","geometry":{"type":"Polygon","coordinates":[[[30.380814614735346,60.00732813766588],[30.380784786769798,60.007333170276915],[30.380819308101461,60.00738429613795],[30.380838007064025,60.007411989358424],[30.380948796038542,60.007393296215042],[30.380931535588143,60.007367733284525],[30.3808505740894,60.007381393816871],[30.380814614735346,60.00732813766588]]]},"properties":{"category":"walkway","name":null,"alt_name":null,"restriction":null,"accessibility":null,"level_id":"fc8f18cb-4412-4285-b130-f8c5a9ef021e","display_point":{"type":"Point","coordinates":[30.380842159968079,60.007397050981453]}}},{"id":"cb655548-de2a-4733-9f70-2f522eaac413","type":"Feature","feature_type":"unit","geometry":{"type":"Polygon","coordinates":[[[30.38245625461137,60.007010803505],[30.382480707988844,60.007047017610823],[30.38270654489909,60.007008911987555],[30.382682091961051,60.006972697881729],[30.38245625461137,60.007010803505]]]},"properties":{"category":"auditorium","name":{"ru":"Кабинет ","en":"Classroom "},"alt_name":null,"restriction":"restricted","accessibility":null,"level_id":"fc8f18cb-4412-4285-b130-f8c5a9ef021e","display_point":{"type":"Point","coordinates":[30.382581400031548,60.00700985802073]}}},{"id":"db305649-beb4-41d8-b5dc-8982d3e2c143","type":"Feature","feature_type":"unit","geometry":{"type":"Polygon","coordinates":[[[30.382666240317434,60.007131987417416],[30.382699324392103,60.0071809829885],[30.382810112453644,60.007162289570672],[30.382777028855255,60.007113293999588],[30.382666240317434,60.007131987417416]]]},"properties":{"category":"auditorium","name":{"ru":"Кабинет ","en":"Classroom "},"alt_name":null,"restriction":"restricted","accessibility":null,"level_id":"fc8f18cb-4412-4285-b130-f8c5a9ef021e","display_point":{"type":"Point","coordinates":[30.382738176369063,60.007147138494048]}}},{"id":"bd9f5554-f4bb-4a25-855b-b08f6acc8a0f","type":"Feature","feature_type":"unit","geometry":{"type":"Polygon","coordinates":[[[30.382516668531498,60.007100273761814],[30.382584274530405,60.007200395193941],[30.382699324392103,60.0071809829885],[30.382631718238894,60.007080861556382],[30.382516668531498,60.007100273761814]]]},"properties":{"category":"auditorium","name":null,"alt_name":null,"restriction":"restricted","accessibility":null,"level_id":"fc8f18cb-4412-4285-b130-f8c5a9ef021e","display_point":{"type":"Point","coordinates":[30.382607996680562,60.007140628237934]}}},{"id":"ac850628-cdfb-46b6-9cb3-023e80b726b9","type":"Feature","feature_type":"unit","geometry":{"type":"Polygon","coordinates":[[[30.382584274530405,60.007200395193941],[30.382604412784076,60.007230218704365],[30.382749289905885,60.007205773613443],[30.382729151594333,60.007175950103019],[30.382584274530405,60.007200395193941]]]},"properties":{"category":"auditorium","name":{"ru":"Кабинет ","en":"Classroom "},"alt_name":null,"restriction":"restricted","accessibility":null,"level_id":"fc8f18cb-4412-4285-b130-f8c5a9ef021e","display_point":{"type":"Point","coordinates":[30.382666782214773,60.007203084266465]}}},{"id":"a1b692bd-858e-4e66-bfab-daa3fede1874","type":"Feature","feature_type":"unit","geometry":{"type":"Polygon","coordinates":[[[30.381085097787835,60.007363179316329],[30.381119619367283,60.007414305177363],[30.381179275316011,60.007404239406391],[30.381144753695708,60.007353113545356],[30.381085097787835,60.007363179316329]]]},"properties":{"category":"restroom.female","name":{"ru":"Туалет женский","en":"Restroom female"},"alt_name":{"ru":"Туалет Ж.","en":"Restroom F."},"restriction":null,"accessibility":null,"level_id":"fc8f18cb-4412-4285-b130-f8c5a9ef021e","display_point":{"type":"Point","coordinates":[30.381132186811804,60.007383709361356]}}},{"id":"face2241-6556-4e2d-bcf9-d608b567fc22","type":"Feature","feature_type":"unit","geometry":{"type":"Polygon","coordinates":[[[30.382329342370124,60.007153237896766],[30.382363864801714,60.0072043637578],[30.382423520371784,60.007194298261282],[30.382388997899337,60.007143172400241],[30.382329342370124,60.007153237896766]]]},"properties":{"category":"restroom.male","name":{"ru":"Туалет мужской","en":"Restroom male"},"alt_name":{"ru":"Туалет М.","en":"Restroom M."},"restriction":null,"accessibility":null,"level_id":"fc8f18cb-4412-4285-b130-f8c5a9ef021e","display_point":{"type":"Point","coordinates":[30.382376431630849,60.007173768216248]}}},{"id":"c1038e2d-f8c0-4215-b84d-ae2b5f0a1fcc","type":"Feature","feature_type":"unit","geometry":{"type":"Polygon","coordinates":[[[30.380944480924704,60.00738690561964],[30.380966057051271,60.007418859145567],[30.381106673974596,60.007395132842248],[30.381085097787835,60.007363179316329],[30.380944480924704,60.00738690561964]]]},"properties":{"category":"auditorium","name":{"ru":"Кабинет 100.1","en":"Classroom 100.1"},"alt_name":{"ru":"100.1","en":"100.1"},"restriction":null,"accessibility":null,"level_id":"fc8f18cb-4412-4285-b130-f8c5a9ef021e","display_point":{"type":"Point","coordinates":[30.381025577444593,60.007391019093717]}}},{"id":"0d4e8b6d-13d0-41fa-b02f-1a17c69b5b23","type":"Feature","feature_type":"unit","geometry":{"type":"Polygon","coordinates":[[[30.380895575627338,60.007314477133534],[30.380915713154341,60.007344300643958],[30.38105632993722,60.007320574340639],[30.381036192903029,60.007290750830222],[30.380895575627338,60.007314477133534]]]},"properties":{"category":"auditorium","name":{"ru":"Кабинет 100а","en":"Classroom 100а"},"alt_name":{"ru":"100а","en":"100а"},"restriction":null,"accessibility":null,"level_id":"fc8f18cb-4412-4285-b130-f8c5a9ef021e","display_point":{"type":"Point","coordinates":[30.380975953327567,60.007317525737086]}}},{"id":"cdeeeb68-12b8-4288-bd8e-39bb50e9ceef","type":"Feature","feature_type":"unit","geometry":{"type":"Polygon","coordinates":[[[30.380688435521506,60.007380275977269],[30.380722956254289,60.007431401838311],[30.380838007064025,60.007411989358424],[30.380803485703456,60.007360863497382],[30.380688435521506,60.007380275977269]]]},"properties":{"category":"auditorium","name":{"ru":"Кабинет ","en":"Classroom "},"alt_name":null,"restriction":"restricted","accessibility":null,"level_id":"fc8f18cb-4412-4285-b130-f8c5a9ef021e","display_point":{"type":"Point","coordinates":[30.380763220725843,60.00739613266785]}}},{"id":"d6d73370-82af-4312-a8f5-d0d71e82c7cd","type":"Feature","feature_type":"unit","geometry":{"type":"Polygon","coordinates":[[[30.38066973663053,60.0073525827568],[30.380688435521506,60.007380275977269],[30.380803485703456,60.007360863497382],[30.380784786769798,60.007333170276915],[30.38066973663053,60.0073525827568]]]},"properties":{"category":"auditorium","name":null,"alt_name":null,"restriction":"restricted","accessibility":null,"level_id":"fc8f18cb-4412-4285-b130-f8c5a9ef021e","display_point":{"type":"Point","coordinates":[30.380736610888309,60.007356723127096]}}},{"id":"79dad106-f0a0-4db4-8c93-997d723d12e9","type":"Feature","feature_type":"unit","geometry":{"type":"Polygon","coordinates":[[[30.3807876833211,60.007527262964985],[30.380868644462378,60.007513602432638],[30.380854261118419,60.007492299807573],[30.380773299451246,60.00750596033992],[30.3807876833211,60.007527262964985]]]},"properties":{"category":"walkway","name":null,"alt_name":null,"restriction":null,"accessibility":null,"level_id":"fc8f18cb-4412-4285-b130-f8c5a9ef021e","display_point":{"type":"Point","coordinates":[30.380820971679551,60.007509781249048]}}},{"id":"41df05f6-798d-45a1-88b0-6924df291abc","type":"Feature","feature_type":"unit","geometry":{"type":"Polygon","coordinates":[[[30.382631718238894,60.007080861556382],[30.382666240317434,60.007131987417416],[30.382777028855255,60.007113293999588],[30.38274250615185,60.007062168138546],[30.382631718238894,60.007080861556382]]]},"properties":{"category":"auditorium","name":{"ru":"Кабинет ","en":"Classroom "},"alt_name":null,"restriction":"restricted","accessibility":null,"level_id":"fc8f18cb-4412-4285-b130-f8c5a9ef021e","display_point":{"type":"Point","coordinates":[30.382703653678021,60.007096012633006]}}},{"id":"3a9a9b30-3cc2-4d3f-8ec7-2567ef0f3a9b","type":"Feature","feature_type":"unit","geometry":{"type":"Polygon","coordinates":[[[30.382595757614162,60.007027605405391],[30.382631718238894,60.007080861556382],[30.38274250615185,60.007062168138546],[30.38270654489909,60.007008911987555],[30.382595757614162,60.007027605405391]]]},"properties":{"category":"auditorium","name":{"ru":"Кабинет ","en":"Classroom "},"alt_name":null,"restriction":"restricted","accessibility":null,"level_id":"fc8f18cb-4412-4285-b130-f8c5a9ef021e","display_point":{"type":"Point","coordinates":[30.382667720301626,60.007046311447972]}}},{"id":"90378b72-90f0-4977-a646-c5cc985466d7","type":"Feature","feature_type":"unit","geometry":{"type":"Polygon","coordinates":[[[30.382743536022318,60.007197252728083],[30.382824496904732,60.007183592195744],[30.382810112453644,60.007162289570672],[30.382729151594333,60.007175950103019],[30.382743536022318,60.007197252728083]]]},"properties":{"category":"walkway","name":null,"alt_name":null,"restriction":null,"accessibility":null,"level_id":"fc8f18cb-4412-4285-b130-f8c5a9ef021e","display_point":{"type":"Point","coordinates":[30.382776824795787,60.007179771286609]}}},{"id":"8da6909f-24d6-4129-a4b6-092bedf2eb37","type":"Feature","feature_type":"unit","geometry":{"type":"Polygon","coordinates":[[[30.380730506808437,60.007301989056572],[30.380754958799734,60.0073382031624],[30.380810353519248,60.007328856453483],[30.380785901501074,60.007292642347657],[30.380730506808437,60.007301989056572]]]},"properties":{"category":"auditorium","name":{"ru":"Кабинет ","en":"Classroom "},"alt_name":null,"restriction":"restricted","accessibility":null,"level_id":"fc8f18cb-4412-4285-b130-f8c5a9ef021e","display_point":{"type":"Point","coordinates":[30.380770429606752,60.007315422892255]}}},{"id":"2619a0c8-f6b4-4618-adde-0b5d0df519a2","type":"Feature","feature_type":"unit","geometry":{"type":"Polygon","coordinates":[[[30.380785901501074,60.007292642347657],[30.380810353519248,60.007328856453483],[30.380895575627338,60.007314477133534],[30.380871123567825,60.007278263027708],[30.380785901501074,60.007292642347657]]]},"properties":{"category":"auditorium","name":{"ru":"Кабинет ","en":"Classroom "},"alt_name":null,"restriction":"restricted","accessibility":null,"level_id":"fc8f18cb-4412-4285-b130-f8c5a9ef021e","display_point":{"type":"Point","coordinates":[30.380840738006164,60.0073035597406]}}},{"id":"28a17921-4220-4b0b-8be6-65639d469404","type":"Feature","feature_type":"unit","geometry":{"type":"Polygon","coordinates":[[[30.3808883498269,60.007486547860033],[30.380999139461064,60.007467854716651],[30.380948796038542,60.007393296215042],[30.380838007064025,60.007411989358424],[30.3808883498269,60.007486547860033]]]},"properties":{"category":"auditorium","name":{"ru":"Кабинет ","en":"Classroom "},"alt_name":null,"restriction":"restricted","accessibility":null,"level_id":"fc8f18cb-4412-4285-b130-f8c5a9ef021e","display_point":{"type":"Point","coordinates":[30.380925072847528,60.0074530628966]}}},{"id":"679efba5-1042-486c-b24c-f565b9b46aa1","type":"Feature","feature_type":"unit","geometry":{"type":"Polygon","coordinates":[[[30.380722956254289,60.007431401838311],[30.380740216640692,60.007456964768828],[30.380855267489824,60.007437552288941],[30.380838007064025,60.007411989358424],[30.380722956254289,60.007431401838311]]]},"properties":{"category":"auditorium","name":{"ru":"Кабинет ","en":"Classroom "},"alt_name":null,"restriction":"restricted","accessibility":null,"level_id":"fc8f18cb-4412-4285-b130-f8c5a9ef021e","display_point":{"type":"Point","coordinates":[30.380789111319988,60.007434477063626]}}},{"id":"de6b90d5-dd0c-4831-942c-2cb49676f5f8","type":"Feature","feature_type":"unit","geometry":{"type":"Polygon","coordinates":[[[30.38105632993722,60.007320574340639],[30.381115985811043,60.007310508569674],[30.38110886604802,60.007299963606968],[30.381091533632322,60.007274294463848],[30.3810617463384,60.007279336406221],[30.381078990894057,60.007304886163084],[30.381078966738777,60.007304890279848],[30.381061706261093,60.007279326800429],[30.381091530337709,60.007274287328116],[30.381081464837571,60.007259382708632],[30.381021809004604,60.007269448479605],[30.38105632993722,60.007320574340639]]]},"properties":{"category":"stairs","name":null,"alt_name":null,"restriction":null,"accessibility":null,"level_id":"fc8f18cb-4412-4285-b130-f8c5a9ef021e","display_point":{"type":"Point","coordinates":[30.381077174988963,60.007288809088216]}}},{"id":"ec92cac2-736a-476e-a9b3-580da7a4f46e","type":"Feature","feature_type":"unit","geometry":{"type":"Polygon","coordinates":[[[30.382300573809385,60.007110632921083],[30.382360229304552,60.007100567424558],[30.38235310936577,60.007090022461853],[30.382335776522233,60.007064353318732],[30.382305989966653,60.007069394986658],[30.382323234399223,60.007094945017968],[30.3823232102441,60.007094949134739],[30.382305949340303,60.007069385380866],[30.382335772678505,60.007064346183],[30.382325707478937,60.007049441563524],[30.382266052024626,60.007059507060042],[30.382300573809385,60.007110632921083]]]},"properties":{"category":"stairs","name":null,"alt_name":null,"restriction":null,"accessibility":null,"level_id":"fc8f18cb-4412-4285-b130-f8c5a9ef021e","display_point":{"type":"Point","coordinates":[30.382321418746436,60.007078867668653]}}},{"id":"2fa0d1d9-3433-42b6-b00a-f77796ef8636","type":"Feature","feature_type":"unit","geometry":{"type":"Polygon","coordinates":[[[30.381702960413396,60.0072589276686],[30.381720221682521,60.007284490599119],[30.381788398728784,60.007272986978492],[30.3817711379853,60.007247424047968],[30.381702960413396,60.0072589276686]]]},"properties":{"category":"elevator","name":null,"alt_name":null,"restriction":null,"accessibility":null,"level_id":"fc8f18cb-4412-4285-b130-f8c5a9ef021e","display_point":{"type":"Point","coordinates":[30.381745679841032,60.00726595718632]}}},{"id":"95412558-610d-4244-ae5f-19ff69cc3dc3","type":"Feature","feature_type":"unit","geometry":{"type":"Polygon","coordinates":[[[30.381805173049404,60.00723456216852],[30.381766822801502,60.007241033178111],[30.381788398728784,60.007272986978492],[30.381681871397333,60.007290961334263],[30.381699132117678,60.00731652426478],[30.381844009763054,60.007292078899411],[30.3818267489931,60.007266515968894],[30.381805173049404,60.00723456216852]]]},"properties":{"category":"stairs","name":null,"alt_name":null,"restriction":null,"accessibility":null,"level_id":"fc8f18cb-4412-4285-b130-f8c5a9ef021e","display_point":{"type":"Point","coordinates":[30.381760090688644,60.007290814502888]}}},{"id":"b56cd607-9b64-4abc-87ae-0eecd163ee35","type":"Feature","feature_type":"unit","geometry":{"type":"Polygon","coordinates":[[[30.381698645235431,60.007252536798745],[30.381660295515651,60.007259007533889],[30.381681871397333,60.007290961334263],[30.381720221682521,60.007284490599119],[30.381698645235431,60.007252536798745]]]},"properties":{"category":"stairs","name":null,"alt_name":null,"restriction":null,"accessibility":null,"level_id":"fc8f18cb-4412-4285-b130-f8c5a9ef021e","display_point":{"type":"Point","coordinates":[30.381690258044337,60.007271749203731]}}},{"id":"4f247761-2844-474e-a58d-ed1b083951a4","type":"Feature","feature_type":"unit","geometry":{"type":"Polygon","coordinates":[[[30.382480707988844,60.007047017610823],[30.382516668531498,60.007100273761814],[30.382593368160936,60.007087332291526],[30.382557407014573,60.007034076140535],[30.382480707988844,60.007047017610823]]]},"properties":{"category":"auditorium","name":null,"alt_name":null,"restriction":"restricted","accessibility":null,"level_id":"fc8f18cb-4412-4285-b130-f8c5a9ef021e","display_point":{"type":"Point","coordinates":[30.38253703778323,60.007067174951175]}}},{"id":"483bc921-2180-4ca8-9c04-5a0e21a67506","type":"Feature","feature_type":"unit","geometry":{"type":"Polygon","coordinates":[[[30.382557407014573,60.007034076140535],[30.382593368160936,60.007087332291526],[30.382631718238894,60.007080861556382],[30.382595757614162,60.007027605405391],[30.382557407014573,60.007034076140535]]]},"properties":{"category":"auditorium","name":{"ru":"Кабинет ","en":"Classroom "},"alt_name":null,"restriction":"restricted","accessibility":null,"level_id":"fc8f18cb-4412-4285-b130-f8c5a9ef021e","display_point":{"type":"Point","coordinates":[30.382556905085551,60.007061449899844]}}},{"id":"ee57697e-c3b9-483c-b1bf-7c622b471eec","type":"Feature","feature_type":"unit","geometry":{"type":"Polygon","coordinates":[[[30.382340091749445,60.007070743914134],[30.382410574644219,60.007175125926167],[30.382551190531245,60.007151399622849],[30.382480707988844,60.007047017610823],[30.382340091749445,60.007070743914134]]]},"properties":{"category":"auditorium","name":{"ru":"Кабинет 109","en":"Classroom 109"},"alt_name":{"ru":"109","en":"109"},"restriction":null,"accessibility":null,"level_id":"fc8f18cb-4412-4285-b130-f8c5a9ef021e","display_point":{"type":"Point","coordinates":[30.38244564135049,60.007111071768492]}}},{"id":"adbe52c8-b348-40a7-a2c8-b8627ca5fb7c","type":"Feature","feature_type":"unit","geometry":{"type":"Polygon","coordinates":[[[30.380812135975976,60.007563477070811],[30.380893097705528,60.007549816538464],[30.380882453491441,60.007534052886832],[30.380856886667381,60.007538366710264],[30.380856814739651,60.007538260223214],[30.380882381014683,60.007533946399782],[30.380868644462378,60.007513602432638],[30.3807876833211,60.007527262964985],[30.380812135975976,60.007563477070811]]]},"properties":{"category":"stairs","name":null,"alt_name":null,"restriction":null,"accessibility":null,"level_id":"fc8f18cb-4412-4285-b130-f8c5a9ef021e","display_point":{"type":"Point","coordinates":[30.380840389955321,60.0075385396145]}}},{"id":"15256f2b-8fb1-475e-b5ea-4c4ac50b682c","type":"Feature","feature_type":"unit","geometry":{"type":"Polygon","coordinates":[[[30.380893097705528,60.007549816538464],[30.3810379761598,60.007525371447549],[30.381019277081457,60.007497678227075],[30.380874398680934,60.007522123318],[30.380893097705528,60.007549816538464]]]},"properties":{"category":"walkway","name":null,"alt_name":null,"restriction":null,"accessibility":null,"level_id":"fc8f18cb-4412-4285-b130-f8c5a9ef021e","display_point":{"type":"Point","coordinates":[30.380926386047495,60.007532335096982]}}},{"id":"66a571a4-0717-4b23-b1a0-f4b8e060ee25","type":"Feature","feature_type":"unit","geometry":{"type":"Polygon","coordinates":[[[30.382623112450457,60.007257911924832],[30.382767989626011,60.007233466833917],[30.382749289905885,60.007205773613443],[30.382604412784076,60.007230218704365],[30.382623112450457,60.007257911924832]]]},"properties":{"category":"walkway","name":null,"alt_name":null,"restriction":null,"accessibility":null,"level_id":"fc8f18cb-4412-4285-b130-f8c5a9ef021e","display_point":{"type":"Point","coordinates":[30.382656400737289,60.00724043048335]}}},{"id":"a6edf585-325c-4c51-9c09-97480eb8273e","type":"Feature","feature_type":"unit","geometry":{"type":"Polygon","coordinates":[[[30.382757111653795,60.00721735682491],[30.382778417591542,60.007213761789082],[30.382778507092887,60.0072138948979],[30.3827572011551,60.00721748993373],[30.382767989626011,60.007233466833917],[30.3828489505477,60.00721980630157],[30.382824496904732,60.007183592195744],[30.382743536022318,60.007197252728083],[30.382757111653795,60.00721735682491]]]},"properties":{"category":"stairs","name":null,"alt_name":null,"restriction":null,"accessibility":null,"level_id":"fc8f18cb-4412-4285-b130-f8c5a9ef021e","display_point":{"type":"Point","coordinates":[30.382796243825,60.0072085293776]}}},{"id":"9b9e9fc9-28f4-43b1-84bb-d02d4e87e6b3","type":"Feature","feature_type":"unit","geometry":{"type":"Polygon","coordinates":[[[30.38105632993722,60.007320574340639],[30.381036192903029,60.007290750830222],[30.380895575627338,60.007314477133534],[30.380966057051271,60.007418859145567],[30.381106673974596,60.007395132842248],[30.381085097787835,60.007363179316329],[30.381144753695708,60.007353113545356],[30.381139000554988,60.00734459238555],[30.381658856941279,60.00725687724394],[30.381660295515651,60.007259007533889],[30.381698645235431,60.007252536798745],[30.381702960413396,60.0072589276686],[30.3817711379853,60.007247424047968],[30.381766822801502,60.007241033178111],[30.381805173049404,60.00723456216852],[30.381803734470896,60.007232431878563],[30.382323589094185,60.007144716736953],[30.382329342370124,60.007153237896766],[30.382388997899337,60.007143172400241],[30.382529614275168,60.007119446096929],[30.382480707988844,60.007047017610823],[30.382340091749445,60.007070743914134],[30.382360229304552,60.007100567424558],[30.382300573809385,60.007110632921083],[30.382306328177346,60.007119153806435],[30.381121740043792,60.007319029455026],[30.381115985811043,60.007310508569674],[30.38105632993722,60.007320574340639]]]},"properties":{"category":"walkway","name":null,"alt_name":null,"restriction":null,"accessibility":null,"level_id":"b845a4e7-41e8-4402-9c9f-332482da8aa2","display_point":{"type":"Point","coordinates":[30.381809872217048,60.007211395745578]}}},{"id":"d4f4fb5e-6c42-4ee8-b784-8735ad58cac0","type":"Feature","feature_type":"unit","geometry":{"type":"Polygon","coordinates":[[[30.381443659557036,60.007198269569656],[30.381483935052653,60.00725791631605],[30.381586201731704,60.00724066102233],[30.381545926154374,60.007181014275936],[30.381443659557036,60.007198269569656]]]},"properties":{"category":"classroom","name":{"ru":"Кабинет 206","en":"Classroom 206"},"alt_name":{"ru":"206","en":"206"},"restriction":null,"accessibility":null,"level_id":"b845a4e7-41e8-4402-9c9f-332482da8aa2","display_point":{"type":"Point","coordinates":[30.381514930621517,60.007219465158769]}}},{"id":"fe57c2bf-fefa-4fab-a911-43d584a4f076","type":"Feature","feature_type":"unit","geometry":{"type":"Polygon","coordinates":[[[30.381245528120328,60.007326618029772],[30.38128580296647,60.00738626505062],[30.381434942677828,60.007361100897647],[30.381394667712524,60.0073014538768],[30.381245528120328,60.007326618029772]]]},"properties":{"category":"classroom","name":{"ru":"Кабинет 205","en":"Classroom 205"},"alt_name":{"ru":"205","en":"205"},"restriction":null,"accessibility":null,"level_id":"b845a4e7-41e8-4402-9c9f-332482da8aa2","display_point":{"type":"Point","coordinates":[30.381340235923371,60.007343859326483]}}},{"id":"c879a7f9-b123-4b21-b4fd-d4739cf700be","type":"Feature","feature_type":"unit","geometry":{"type":"Polygon","coordinates":[[[30.381394667712524,60.0073014538768],[30.381434942677828,60.007361100897647],[30.381541470738302,60.007343126267415],[30.381501195687878,60.007283479246574],[30.381394667712524,60.0073014538768]]]},"properties":{"category":"classroom","name":{"ru":"Кабинет 207","en":"Classroom 207"},"alt_name":{"ru":"207","en":"207"},"restriction":null,"accessibility":null,"level_id":"b845a4e7-41e8-4402-9c9f-332482da8aa2","display_point":{"type":"Point","coordinates":[30.381468068927806,60.007322290209331]}}},{"id":"6f033dd8-baa7-406c-b884-6ada08c3a5db","type":"Feature","feature_type":"unit","geometry":{"type":"Polygon","coordinates":[[[30.381285998356809,60.007224871846745],[30.381326273726454,60.007284518593139],[30.381483935052653,60.00725791631605],[30.381443659557036,60.007198269569656],[30.381285998356809,60.007224871846745]]]},"properties":{"category":"classroom","name":{"ru":"Кабинет 204","en":"Classroom 204"},"alt_name":{"ru":"204","en":"204"},"restriction":null,"accessibility":null,"level_id":"b845a4e7-41e8-4402-9c9f-332482da8aa2","display_point":{"type":"Point","coordinates":[30.381384966680038,60.007241394355852]}}},{"id":"67fd6ffb-8425-41c5-9f48-b1681b6324eb","type":"Feature","feature_type":"unit","geometry":{"type":"Polygon","coordinates":[[[30.381139000554988,60.00734459238555],[30.381179275316011,60.007404239406391],[30.38128580296647,60.00738626505062],[30.381245528120328,60.007326618029772],[30.381139000554988,60.00734459238555]]]},"properties":{"category":"classroom","name":{"ru":"Кабинет 203","en":"Classroom 203"},"alt_name":{"ru":"203","en":"203"},"restriction":null,"accessibility":null,"level_id":"b845a4e7-41e8-4402-9c9f-332482da8aa2","display_point":{"type":"Point","coordinates":[30.381212401737606,60.007365428718082]}}},{"id":"daae767e-a7d6-4856-aaad-2d0884f25443","type":"Feature","feature_type":"unit","geometry":{"type":"Polygon","coordinates":[[[30.381141120652384,60.00724931693766],[30.381181395357277,60.007308963684061],[30.381326273726454,60.007284518593139],[30.381285998356809,60.007224871846745],[30.381141120652384,60.00724931693766]]]},"properties":{"category":"classroom","name":{"ru":"Кабинет 202","en":"Classroom 202"},"alt_name":{"ru":"202","en":"202"},"restriction":null,"accessibility":null,"level_id":"b845a4e7-41e8-4402-9c9f-332482da8aa2","display_point":{"type":"Point","coordinates":[30.381233696615791,60.0072669177654]}}},{"id":"c1c6ae46-b345-4360-bac9-991dd7d920be","type":"Feature","feature_type":"unit","geometry":{"type":"Polygon","coordinates":[[[30.381501195687878,60.007283479246574],[30.381541470738302,60.007343126267415],[30.381699132117678,60.00731652426478],[30.381658856941279,60.00725687724394],[30.381501195687878,60.007283479246574]]]},"properties":{"category":"classroom","name":{"ru":"Кабинет 209","en":"Classroom 209"},"alt_name":{"ru":"209","en":"209"},"restriction":null,"accessibility":null,"level_id":"b845a4e7-41e8-4402-9c9f-332482da8aa2","display_point":{"type":"Point","coordinates":[30.381600164152552,60.007300001755681]}}},{"id":"9fa0f39c-204e-4864-91ca-7e0fb2e89776","type":"Feature","feature_type":"unit","geometry":{"type":"Polygon","coordinates":[[[30.381803734470896,60.007232431878563],[30.381844009763054,60.007292078899411],[30.382001670899083,60.007265476896777],[30.38196139548095,60.007205829875929],[30.381803734470896,60.007232431878563]]]},"properties":{"category":"classroom","name":{"ru":"Кабинет 211","en":"Classroom 211"},"alt_name":{"ru":"211","en":"211"},"restriction":null,"accessibility":null,"level_id":"b845a4e7-41e8-4402-9c9f-332482da8aa2","display_point":{"type":"Point","coordinates":[30.381902702934763,60.00724895438767]}}},{"id":"fe6cd6f7-5f6b-44d1-8b3d-177287d27b5e","type":"Feature","feature_type":"unit","geometry":{"type":"Polygon","coordinates":[[[30.38196139548095,60.007205829875929],[30.382001670899083,60.007265476896777],[30.382201943311355,60.00723168509694],[30.38216166718421,60.0071720380761],[30.38196139548095,60.007205829875929]]]},"properties":{"category":"classroom","name":{"ru":"Кабинет 217","en":"Classroom 217"},"alt_name":{"ru":"217","en":"217"},"restriction":null,"accessibility":null,"level_id":"b845a4e7-41e8-4402-9c9f-332482da8aa2","display_point":{"type":"Point","coordinates":[30.38208166937266,60.007218757623662]}}},{"id":"f981d20a-97b7-4dc0-a5be-1f15b4821302","type":"Feature","feature_type":"unit","geometry":{"type":"Polygon","coordinates":[[[30.38216166718421,60.0071720380761],[30.382201943311355,60.00723168509694],[30.382363864801714,60.0072043637578],[30.382323589094185,60.007144716736953],[30.38216166718421,60.0071720380761]]]},"properties":{"category":"classroom","name":{"ru":"Кабинет 213","en":"Classroom 213"},"alt_name":{"ru":"213","en":"213"},"restriction":null,"accessibility":null,"level_id":"b845a4e7-41e8-4402-9c9f-332482da8aa2","display_point":{"type":"Point","coordinates":[30.382260635647093,60.007188560310752]}}},{"id":"9646f48f-e7dd-4e8d-adb2-521a914b8e67","type":"Feature","feature_type":"unit","geometry":{"type":"Polygon","coordinates":[[[30.381797331221136,60.007138594554789],[30.381837606999344,60.00719824130119],[30.381944134688137,60.007180266945412],[30.381903858824813,60.007120620199018],[30.381797331221136,60.007138594554789]]]},"properties":{"category":"classroom","name":{"ru":"Кабинет 212","en":"Classroom 212"},"alt_name":{"ru":"212","en":"212"},"restriction":null,"accessibility":null,"level_id":"b845a4e7-41e8-4402-9c9f-332482da8aa2","display_point":{"type":"Point","coordinates":[30.3818707329315,60.007159430612873]}}},{"id":"b8749649-74c1-440f-9952-0a5c3b166e75","type":"Feature","feature_type":"unit","geometry":{"type":"Polygon","coordinates":[[[30.381903858824813,60.007120620199018],[30.381944134688137,60.007180266945412],[30.382093273135581,60.007155102792439],[30.382052997153096,60.007095456046045],[30.381903858824813,60.007120620199018]]]},"properties":{"category":"classroom","name":{"ru":"Кабинет 214","en":"Classroom 214"},"alt_name":{"ru":"214","en":"214"},"restriction":null,"accessibility":null,"level_id":"b845a4e7-41e8-4402-9c9f-332482da8aa2","display_point":{"type":"Point","coordinates":[30.381998565955513,60.007137861495728]}}},{"id":"72cfd9bd-d826-485e-a8e7-2f04ee0beaeb","type":"Feature","feature_type":"unit","geometry":{"type":"Polygon","coordinates":[[[30.382052997153096,60.007095456046045],[30.382093273135581,60.007155102792439],[30.382242411469552,60.007129938639466],[30.382202135367905,60.007070291893065],[30.382052997153096,60.007095456046045]]]},"properties":{"category":"classroom","name":{"ru":"Кабинет 216","en":"Classroom 216"},"alt_name":{"ru":"216","en":"216"},"restriction":null,"accessibility":null,"level_id":"b845a4e7-41e8-4402-9c9f-332482da8aa2","display_point":{"type":"Point","coordinates":[30.382147704286609,60.0071126970683]}}},{"id":"b13ca70c-e30f-4436-b5f4-0d9f5d07175a","type":"Feature","feature_type":"unit","geometry":{"type":"Polygon","coordinates":[[[30.380645284131582,60.007316368650969],[30.38066973663053,60.0073525827568],[30.380895575627338,60.007314477133534],[30.380871123567825,60.007278263027708],[30.380645284131582,60.007316368650969]]]},"properties":{"category":"classroom","name":{"ru":"Кабинет ","en":"Classroom "},"alt_name":null,"restriction":"restricted","accessibility":null,"level_id":"b845a4e7-41e8-4402-9c9f-332482da8aa2","display_point":{"type":"Point","coordinates":[30.380770429606752,60.007315422892255]}}},{"id":"8390950f-986f-4433-a60b-7c387c88e31e","type":"Feature","feature_type":"unit","geometry":{"type":"Polygon","coordinates":[[[30.380854261118419,60.007492299807573],[30.380893097705528,60.007549816538464],[30.3810379761598,60.007525371447549],[30.380999139461064,60.007467854716651],[30.380854261118419,60.007492299807573]]]},"properties":{"category":"classroom","name":{"ru":"Кабинет ","en":"Classroom "},"alt_name":null,"restriction":"restricted","accessibility":null,"level_id":"b845a4e7-41e8-4402-9c9f-332482da8aa2","display_point":{"type":"Point","coordinates":[30.380936769096571,60.0074949888801]}}},{"id":"98780d88-93b9-4742-a811-82793db28a51","type":"Feature","feature_type":"unit","geometry":{"type":"Polygon","coordinates":[[[30.380773299451246,60.00750596033992],[30.3807876833211,60.007527262964985],[30.380868644462378,60.007513602432638],[30.380854261118419,60.007492299807573],[30.380773299451246,60.00750596033992]]]},"properties":{"category":"classroom","name":{"ru":"Кабинет ","en":"Classroom "},"alt_name":null,"restriction":"restricted","accessibility":null,"level_id":"b845a4e7-41e8-4402-9c9f-332482da8aa2","display_point":{"type":"Point","coordinates":[30.380791170846429,60.007518369100495]}}},{"id":"5b30d1fc-aaa0-4edb-a500-769124fc8c13","type":"Feature","feature_type":"unit","geometry":{"type":"Polygon","coordinates":[[[30.382567043005562,60.006992110087168],[30.382591496436781,60.007028324192994],[30.38270654489909,60.007008911987555],[30.382682091961051,60.006972697881729],[30.382567043005562,60.006992110087168]]]},"properties":{"category":"classroom","name":{"ru":"Кабинет ","en":"Classroom "},"alt_name":null,"restriction":"restricted","accessibility":null,"level_id":"b845a4e7-41e8-4402-9c9f-332482da8aa2","display_point":{"type":"Point","coordinates":[30.382636793669004,60.007000511311816]}}},{"id":"37b2595b-8b0f-4c97-ae00-87591cdfa758","type":"Feature","feature_type":"unit","geometry":{"type":"Polygon","coordinates":[[[30.382480707988844,60.007047017610823],[30.382584274530405,60.007200395193941],[30.382810112453644,60.007162289570672],[30.38270654489909,60.007008911987555],[30.382480707988844,60.007047017610823]]]},"properties":{"category":"auditorium","name":{"ru":"Лекторий 215","en":"Auditorium 215"},"alt_name":{"ru":"215","en":"215"},"restriction":null,"accessibility":null,"level_id":"b845a4e7-41e8-4402-9c9f-332482da8aa2","display_point":{"type":"Point","coordinates":[30.382645410626736,60.007104653727971]}}},{"id":"5ccc31c4-80a4-47f5-9636-c189e19f6c60","type":"Feature","feature_type":"unit","geometry":{"type":"Polygon","coordinates":[[[30.382584274530405,60.007200395193941],[30.382623112450457,60.007257911924832],[30.382767989626011,60.007233466833917],[30.382729151594333,60.007175950103019],[30.382584274530405,60.007200395193941]]]},"properties":{"category":"classroom","name":{"ru":"Кабинет ","en":"Classroom "},"alt_name":null,"restriction":"restricted","accessibility":null,"level_id":"b845a4e7-41e8-4402-9c9f-332482da8aa2","display_point":{"type":"Point","coordinates":[30.382676132055227,60.0072169308767]}}},{"id":"25a37d59-2223-4d8a-9c05-040ec1a9b894","type":"Feature","feature_type":"unit","geometry":{"type":"Polygon","coordinates":[[[30.382729151594333,60.007175950103019],[30.382743536022318,60.007197252728083],[30.382824496904732,60.007183592195744],[30.382810112453644,60.007162289570672],[30.382729151594333,60.007175950103019]]]},"properties":{"category":"classroom","name":{"ru":"Кабинет ","en":"Classroom "},"alt_name":null,"restriction":"restricted","accessibility":null,"level_id":"b845a4e7-41e8-4402-9c9f-332482da8aa2","display_point":{"type":"Point","coordinates":[30.382776824795787,60.007179771286609]}}},{"id":"b909faf8-ae72-442d-bf44-e705342c5f84","type":"Feature","feature_type":"unit","geometry":{"type":"Polygon","coordinates":[[[30.381085097787835,60.007363179316329],[30.381119619367283,60.007414305177363],[30.381179275316011,60.007404239406391],[30.381144753695708,60.007353113545356],[30.381085097787835,60.007363179316329]]]},"properties":{"category":"restroom.female","name":{"ru":"Туалет женский","en":"Restroom female"},"alt_name":{"ru":"Туалет Ж.","en":"Restroom F."},"restriction":null,"accessibility":null,"level_id":"b845a4e7-41e8-4402-9c9f-332482da8aa2","display_point":{"type":"Point","coordinates":[30.381132186811804,60.007383709361356]}}},{"id":"a4057ca3-e254-4d51-b13a-8c3fb5aa35de","type":"Feature","feature_type":"unit","geometry":{"type":"Polygon","coordinates":[[[30.382329342370124,60.007153237896766],[30.382363864801714,60.0072043637578],[30.382423520371784,60.007194298261282],[30.382388997899337,60.007143172400241],[30.382329342370124,60.007153237896766]]]},"properties":{"category":"restroom.male","name":{"ru":"Туалет мужской","en":"Restroom male"},"alt_name":{"ru":"Туалет М.","en":"Restroom M."},"restriction":null,"accessibility":null,"level_id":"b845a4e7-41e8-4402-9c9f-332482da8aa2","display_point":{"type":"Point","coordinates":[30.382376431630849,60.007173768216248]}}},{"id":"076bfab2-60cb-42f1-a974-c4e4248f7cd8","type":"Feature","feature_type":"unit","geometry":{"type":"Polygon","coordinates":[[[30.38066973663053,60.0073525827568],[30.380773299451246,60.00750596033992],[30.380999139461064,60.007467854716651],[30.380909960043919,60.0073357797586],[30.380864417445739,60.007331599043987],[30.380857225793083,60.007320947868678],[30.38066973663053,60.0073525827568]]]},"properties":{"category":"auditorium","name":{"ru":"Лекторий 201","en":"Auditorium 201"},"alt_name":{"ru":"201","en":"201"},"restriction":null,"accessibility":null,"level_id":"b845a4e7-41e8-4402-9c9f-332482da8aa2","display_point":{"type":"Point","coordinates":[30.380834437902269,60.0074102185995]}}},{"id":"8a18f4a0-6858-49c9-9c32-983ecab056ef","type":"Feature","feature_type":"unit","geometry":{"type":"Polygon","coordinates":[[[30.381545926154374,60.007181014275936],[30.381586201731704,60.00724066102233],[30.381684207157541,60.00722412451622],[30.381643931501902,60.00716447776982],[30.381545926154374,60.007181014275936]]]},"properties":{"category":"classroom","name":{"ru":"Кабинет 208","en":"Classroom 208"},"alt_name":{"ru":"208","en":"208"},"restriction":null,"accessibility":null,"level_id":"b845a4e7-41e8-4402-9c9f-332482da8aa2","display_point":{"type":"Point","coordinates":[30.381615066633426,60.007202569396078]}}},{"id":"73c7a74c-00da-43b9-90db-ef2ef460f446","type":"Feature","feature_type":"unit","geometry":{"type":"Polygon","coordinates":[[[30.381643931501902,60.00716447776982],[30.381684207157541,60.00722412451622],[30.381837606999344,60.00719824130119],[30.381797331221136,60.007138594554789],[30.381643931501902,60.00716447776982]]]},"properties":{"category":"classroom","name":{"ru":"Кабинет 210","en":"Classroom 210"},"alt_name":{"ru":"210","en":"210"},"restriction":null,"accessibility":null,"level_id":"b845a4e7-41e8-4402-9c9f-332482da8aa2","display_point":{"type":"Point","coordinates":[30.381740769225935,60.007181359809955]}}},{"id":"08dcec8e-5b8f-42b3-bfcf-711f98a8bd1f","type":"Feature","feature_type":"unit","geometry":{"type":"Polygon","coordinates":[[[30.382202135367905,60.007070291893065],[30.382242411469552,60.007129938639466],[30.382306328177346,60.007119153806435],[30.382266052024626,60.007059507060042],[30.382202135367905,60.007070291893065]]]},"properties":{"category":"classroom","name":null,"alt_name":null,"restriction":"restricted","accessibility":null,"level_id":"b845a4e7-41e8-4402-9c9f-332482da8aa2","display_point":{"type":"Point","coordinates":[30.382252101709675,60.007095082243552]}}},{"id":"bf7fd3db-4653-4f9c-9d41-2d9e6e9c85b1","type":"Feature","feature_type":"unit","geometry":{"type":"Polygon","coordinates":[[[30.382388997899337,60.007143172400241],[30.382410574644219,60.007175125926167],[30.382551190531245,60.007151399622849],[30.382529614275168,60.007119446096929],[30.382388997899337,60.007143172400241]]]},"properties":{"category":"classroom","name":{"ru":"Кабинет 215б","en":"Classroom 215b"},"alt_name":{"ru":"215б","en":"215b"},"restriction":null,"accessibility":null,"level_id":"b845a4e7-41e8-4402-9c9f-332482da8aa2","display_point":{"type":"Point","coordinates":[30.382470094210234,60.007147285874325]}}},{"id":"7d3c4d32-38bd-4777-9e65-83be1a8f470a","type":"Feature","feature_type":"unit","geometry":{"type":"Polygon","coordinates":[[[30.381081464837571,60.007259382708632],[30.381121740043792,60.007319029455026],[30.381181395357277,60.007308963684061],[30.381141120652384,60.00724931693766],[30.381081464837571,60.007259382708632]]]},"properties":{"category":"administration","name":{"ru":"Админинстрация","en":"Admininstration"},"alt_name":{"ru":"Админинстрация","en":"Admininstration"},"restriction":null,"accessibility":null,"level_id":"b845a4e7-41e8-4402-9c9f-332482da8aa2","display_point":{"type":"Point","coordinates":[30.381131429804189,60.007284173059119]}}},{"id":"d9ee37e6-b0ef-49dc-b747-d7d282fc9fde","type":"Feature","feature_type":"unit","geometry":{"type":"Polygon","coordinates":[[[30.380944480924704,60.00738690561964],[30.380966057051271,60.007418859145567],[30.381106673974596,60.007395132842248],[30.381085097787835,60.007363179316329],[30.380944480924704,60.00738690561964]]]},"properties":{"category":"classroom","name":{"ru":"Кабинет 201б","en":"Classroom 201b"},"alt_name":{"ru":"201б","en":"201b"},"restriction":null,"accessibility":null,"level_id":"b845a4e7-41e8-4402-9c9f-332482da8aa2","display_point":{"type":"Point","coordinates":[30.381025577444593,60.007391019093717]}}},{"id":"454df2bf-d07f-4122-9056-1b58a0aef965","type":"Feature","feature_type":"unit","geometry":{"type":"Polygon","coordinates":[[[30.380895575627338,60.007314477133534],[30.380915713154341,60.007344300643958],[30.38105632993722,60.007320574340639],[30.381036192903029,60.007290750830222],[30.380895575627338,60.007314477133534]]]},"properties":{"category":"classroom","name":{"ru":"Кабинет 201a","en":"Classroom 201a"},"alt_name":{"ru":"201a","en":"201a"},"restriction":null,"accessibility":null,"level_id":"b845a4e7-41e8-4402-9c9f-332482da8aa2","display_point":{"type":"Point","coordinates":[30.380975953327567,60.007317525737086]}}},{"id":"79800f13-a0c8-4eee-afe6-dea113eee940","type":"Feature","feature_type":"unit","geometry":{"type":"Polygon","coordinates":[[[30.38245625461137,60.007010803505],[30.382480707988844,60.007047017610823],[30.382591496436781,60.007028324192994],[30.382567043005562,60.006992110087168],[30.38245625461137,60.007010803505]]]},"properties":{"category":"classroom","name":{"ru":"Кабинет ","en":"Classroom "},"alt_name":null,"restriction":"restricted","accessibility":null,"level_id":"b845a4e7-41e8-4402-9c9f-332482da8aa2","display_point":{"type":"Point","coordinates":[30.382526005829412,60.00701920445519]}}},{"id":"4c9b0d70-7017-40a3-83ff-cc6204a76588","type":"Feature","feature_type":"unit","geometry":{"type":"Polygon","coordinates":[[[30.380857225793083,60.007320947868678],[30.380864417445739,60.007331599043987],[30.380909960043919,60.0073357797586],[30.380895575627338,60.007314477133534],[30.380857225793083,60.007320947868678]]]},"properties":{"category":"classroom","name":{"ru":"Кабинет ","en":"Classroom "},"alt_name":null,"restriction":"restricted","accessibility":null,"level_id":"b845a4e7-41e8-4402-9c9f-332482da8aa2","display_point":{"type":"Point","coordinates":[30.38079488272286,60.007351636998081]}}},{"id":"a63d0031-641d-4d8b-b4f3-b0e8b589f6fb","type":"Feature","feature_type":"unit","geometry":{"type":"Polygon","coordinates":[[[30.381056712578992,60.007320509844618],[30.381116367903708,60.007310444073646],[30.381109248140632,60.00729989911094],[30.381091915724802,60.00727422996782],[30.381062128430937,60.007279271910193],[30.381079372986726,60.007304821667056],[30.381079348831445,60.007304825783827],[30.38106208835363,60.0072792623044],[30.38109191243019,60.007274222832088],[30.381081846929977,60.007259318212611],[30.381022191097124,60.007269383983576],[30.381056712578992,60.007320509844618]]]},"properties":{"category":"stairs","name":null,"alt_name":null,"restriction":null,"accessibility":null,"level_id":"b845a4e7-41e8-4402-9c9f-332482da8aa2","display_point":{"type":"Point","coordinates":[30.381077557630508,60.007288744317741]}}},{"id":"e2944379-931b-43ad-bcb4-734cd194f1e1","type":"Feature","feature_type":"unit","geometry":{"type":"Polygon","coordinates":[[[30.382300573809385,60.007110632921083],[30.382360229304552,60.007100567424558],[30.38235310936577,60.007090022461853],[30.382335776522233,60.007064353318732],[30.382305989966653,60.007069394986658],[30.382323234399223,60.007094945017968],[30.3823232102441,60.007094949134739],[30.382305949340303,60.007069385380866],[30.382335772678505,60.007064346183],[30.382325707478937,60.007049441563524],[30.382266052024626,60.007059507060042],[30.382300573809385,60.007110632921083]]]},"properties":{"category":"stairs","name":null,"alt_name":null,"restriction":null,"accessibility":null,"level_id":"b845a4e7-41e8-4402-9c9f-332482da8aa2","display_point":{"type":"Point","coordinates":[30.382321418746436,60.007078867668653]}}},{"id":"82541d22-4d72-4444-93c0-5a4eb0e03b73","type":"Feature","feature_type":"unit","geometry":{"type":"Polygon","coordinates":[[[30.381702960413396,60.0072589276686],[30.381720221682521,60.007284490599119],[30.381788398728784,60.007272986978492],[30.3817711379853,60.007247424047968],[30.381702960413396,60.0072589276686]]]},"properties":{"category":"elevator","name":null,"alt_name":null,"restriction":null,"accessibility":null,"level_id":"b845a4e7-41e8-4402-9c9f-332482da8aa2","display_point":{"type":"Point","coordinates":[30.381745679841032,60.00726595718632]}}},{"id":"da10ea5e-f358-4157-a2d8-5f04583064b2","type":"Feature","feature_type":"unit","geometry":{"type":"Polygon","coordinates":[[[30.381805173049404,60.00723456216852],[30.381766822801502,60.007241033178111],[30.381788398728784,60.007272986978492],[30.381681871397333,60.007290961334263],[30.381699132117678,60.00731652426478],[30.381844009763054,60.007292078899411],[30.3818267489931,60.007266515968894],[30.381805173049404,60.00723456216852]]]},"properties":{"category":"stairs","name":null,"alt_name":null,"restriction":null,"accessibility":null,"level_id":"b845a4e7-41e8-4402-9c9f-332482da8aa2","display_point":{"type":"Point","coordinates":[30.381760090688644,60.007290814502888]}}},{"id":"42c12569-d95c-483e-aac9-9d12efa6565d","type":"Feature","feature_type":"unit","geometry":{"type":"Polygon","coordinates":[[[30.381698645235431,60.007252536798745],[30.381660295515651,60.007259007533889],[30.381681871397333,60.007290961334263],[30.381720221682521,60.007284490599119],[30.381698645235431,60.007252536798745]]]},"properties":{"category":"stairs","name":null,"alt_name":null,"restriction":null,"accessibility":null,"level_id":"b845a4e7-41e8-4402-9c9f-332482da8aa2","display_point":{"type":"Point","coordinates":[30.381690258044337,60.007271749203731]}}},{"id":"27798107-b1ef-4d8f-9548-bbefa98817d0","type":"Feature","feature_type":"unit","geometry":{"type":"Polygon","coordinates":[[[30.380812135975976,60.007563477070811],[30.380893097705528,60.007549816538464],[30.380882453491441,60.007534052886832],[30.380856886667381,60.007538366710264],[30.380856814739651,60.007538260223214],[30.380882381014683,60.007533946399782],[30.380868644462378,60.007513602432638],[30.3807876833211,60.007527262964985],[30.380812135975976,60.007563477070811]]]},"properties":{"category":"stairs","name":null,"alt_name":null,"restriction":null,"accessibility":null,"level_id":"b845a4e7-41e8-4402-9c9f-332482da8aa2","display_point":{"type":"Point","coordinates":[30.380840389955321,60.0075385396145]}}},{"id":"49806385-c44d-4b9b-9871-1c355acddfdf","type":"Feature","feature_type":"unit","geometry":{"type":"Polygon","coordinates":[[[30.382757111653795,60.00721735682491],[30.382778417591542,60.007213761789082],[30.382778507092887,60.0072138948979],[30.3827572011551,60.00721748993373],[30.382767989626011,60.007233466833917],[30.3828489505477,60.00721980630157],[30.382824496904732,60.007183592195744],[30.382743536022318,60.007197252728083],[30.382757111653795,60.00721735682491]]]},"properties":{"category":"stairs","name":null,"alt_name":null,"restriction":null,"accessibility":null,"level_id":"b845a4e7-41e8-4402-9c9f-332482da8aa2","display_point":{"type":"Point","coordinates":[30.382796243825,60.0072085293776]}}},{"id":"adfa8e82-77a9-4370-8f46-7a2b77f618c6","type":"Feature","feature_type":"unit","geometry":{"type":"Polygon","coordinates":[[[30.38105632993722,60.007320574340639],[30.381085097787835,60.007363179316329],[30.381144753695708,60.007353113545356],[30.381139000554988,60.00734459238555],[30.381658856941279,60.00725687724394],[30.381660295515651,60.007259007533889],[30.381698645235431,60.007252536798745],[30.381702960413396,60.0072589276686],[30.3817711379853,60.007247424047968],[30.381766822801502,60.007241033178111],[30.381805173049404,60.00723456216852],[30.381803734470896,60.007232431878563],[30.382323589094185,60.007144716736953],[30.382329342370124,60.007153237896766],[30.382388997899337,60.007143172400241],[30.382360229304552,60.007100567424558],[30.382300573809385,60.007110632921083],[30.382306328177346,60.007119153806435],[30.381121740043792,60.007319029455026],[30.381115985811043,60.007310508569674],[30.38105632993722,60.007320574340639]]]},"properties":{"category":"walkway","name":null,"alt_name":null,"restriction":null,"accessibility":null,"level_id":"8e898ea9-0274-43af-bdf3-a3852cbb9b66","display_point":{"type":"Point","coordinates":[30.381809872217048,60.007211395745578]}}},{"id":"86c70435-d5b7-4f2c-bfa7-00a179e0f1b4","type":"Feature","feature_type":"unit","geometry":{"type":"Polygon","coordinates":[[[30.381443659557036,60.007198269569656],[30.381483935052653,60.00725791631605],[30.381633073850281,60.007232752437531],[30.3815927982355,60.00717310569113],[30.381443659557036,60.007198269569656]]]},"properties":{"category":"classroom","name":{"ru":"Кабинет 302","en":"Classroom 302"},"alt_name":{"ru":"302","en":"302"},"restriction":null,"accessibility":null,"level_id":"8e898ea9-0274-43af-bdf3-a3852cbb9b66","display_point":{"type":"Point","coordinates":[30.381538366678956,60.007215510866367]}}},{"id":"3fe0682d-9255-4360-860d-336e38731e50","type":"Feature","feature_type":"unit","geometry":{"type":"Polygon","coordinates":[[[30.38124978933153,60.007325898967714],[30.381290064181073,60.007385545988562],[30.381545731398383,60.007342407479811],[30.381505456344556,60.00728276045897],[30.38124978933153,60.007325898967714]]]},"properties":{"category":"classroom","name":{"ru":"Кабинет 301","en":"Classroom 301"},"alt_name":{"ru":"301","en":"301"},"restriction":null,"accessibility":null,"level_id":"8e898ea9-0274-43af-bdf3-a3852cbb9b66","display_point":{"type":"Point","coordinates":[30.381397760621,60.007334153360993]}}},{"id":"b237b64e-cad5-48b6-ac78-845dc2db465e","type":"Feature","feature_type":"unit","geometry":{"type":"Polygon","coordinates":[[[30.381139000554988,60.00734459238555],[30.381179275316011,60.007404239406391],[30.381290064181073,60.007385545988562],[30.38124978933153,60.007325898967714],[30.381139000554988,60.00734459238555]]]},"properties":{"category":"auditorium","name":null,"alt_name":null,"restriction":"restricted","accessibility":null,"level_id":"8e898ea9-0274-43af-bdf3-a3852cbb9b66","display_point":{"type":"Point","coordinates":[30.381214532344647,60.007365069187053]}}},{"id":"6db018ad-8307-4b99-9e29-ccb67f96ac24","type":"Feature","feature_type":"unit","geometry":{"type":"Polygon","coordinates":[[[30.381081464837571,60.007259382708632],[30.381121740043792,60.007319029455026],[30.381275140325791,60.007293146239995],[30.381234864997,60.0072334994936],[30.381081464837571,60.007259382708632]]]},"properties":{"category":"classroom","name":{"ru":"Кабинет 300A","en":"Classroom 300A"},"alt_name":{"ru":"300A","en":"300A"},"restriction":null,"accessibility":null,"level_id":"8e898ea9-0274-43af-bdf3-a3852cbb9b66","display_point":{"type":"Point","coordinates":[30.381178302556965,60.007276264474314]}}},{"id":"5713e40c-f77a-4ecb-9dba-b62b705eac3b","type":"Feature","feature_type":"unit","geometry":{"type":"Polygon","coordinates":[[[30.381505456344556,60.00728276045897],[30.381545731398383,60.007342407479811],[30.381699132117678,60.00731652426478],[30.381658856941279,60.00725687724394],[30.381505456344556,60.00728276045897]]]},"properties":{"category":"classroom","name":{"ru":"Кабинет 303","en":"Classroom 303"},"alt_name":{"ru":"303","en":"303"},"restriction":null,"accessibility":null,"level_id":"8e898ea9-0274-43af-bdf3-a3852cbb9b66","display_point":{"type":"Point","coordinates":[30.381602294206388,60.007299642224652]}}},{"id":"f97eb016-c566-478a-9fcf-a855f7981d21","type":"Feature","feature_type":"unit","geometry":{"type":"Polygon","coordinates":[[[30.381803734470896,60.007232431878563],[30.381844009763054,60.007292078899411],[30.382001670899083,60.007265476896777],[30.38196139548095,60.007205829875929],[30.381803734470896,60.007232431878563]]]},"properties":{"category":"classroom","name":{"ru":"Кабинет 305","en":"Classroom 305"},"alt_name":{"ru":"305","en":"305"},"restriction":null,"accessibility":null,"level_id":"8e898ea9-0274-43af-bdf3-a3852cbb9b66","display_point":{"type":"Point","coordinates":[30.381902702934763,60.00724895438767]}}},{"id":"edb3e281-0ce4-47c3-8419-84f941531040","type":"Feature","feature_type":"unit","geometry":{"type":"Polygon","coordinates":[[[30.38196139548095,60.007205829875929],[30.382001670899083,60.007265476896777],[30.382257337737194,60.007222338388026],[30.38221706156579,60.007162691367185],[30.38196139548095,60.007205829875929]]]},"properties":{"category":"classroom","name":{"ru":"Кабинет 307","en":"Classroom 307"},"alt_name":{"ru":"307","en":"307"},"restriction":null,"accessibility":null,"level_id":"8e898ea9-0274-43af-bdf3-a3852cbb9b66","display_point":{"type":"Point","coordinates":[30.382109366041629,60.007214084269208]}}},{"id":"5dde10e0-656b-474c-8a38-ed18dfa46bbe","type":"Feature","feature_type":"unit","geometry":{"type":"Polygon","coordinates":[[[30.38221706156579,60.007162691367185],[30.382257337737194,60.007222338388026],[30.382363864801714,60.0072043637578],[30.382323589094185,60.007144716736953],[30.38221706156579,60.007162691367185]]]},"properties":{"category":"classroom","name":{"ru":"Кабинет 309","en":"Classroom 309"},"alt_name":{"ru":"309","en":"309"},"restriction":null,"accessibility":null,"level_id":"8e898ea9-0274-43af-bdf3-a3852cbb9b66","display_point":{"type":"Point","coordinates":[30.38229046288615,60.007183527699716]}}},{"id":"266bea8a-a268-4bfd-a3a5-2e0443adb087","type":"Feature","feature_type":"unit","geometry":{"type":"Polygon","coordinates":[[[30.381797331221136,60.007138594554789],[30.381837606999344,60.00719824130119],[30.381944134688137,60.007180266945412],[30.381903858824813,60.007120620199018],[30.381797331221136,60.007138594554789]]]},"properties":{"category":"classroom","name":{"ru":"Кабинет ","en":"Classroom "},"alt_name":null,"restriction":null,"accessibility":null,"level_id":"8e898ea9-0274-43af-bdf3-a3852cbb9b66","display_point":{"type":"Point","coordinates":[30.3818707329315,60.007159430612873]}}},{"id":"7a752526-2294-48bb-8f54-94dc54ae4005","type":"Feature","feature_type":"unit","geometry":{"type":"Polygon","coordinates":[[[30.381903858824813,60.007120620199018],[30.381944134688137,60.007180266945412],[30.382093273135581,60.007155102792439],[30.382052997153096,60.007095456046045],[30.381903858824813,60.007120620199018]]]},"properties":{"category":"administration","name":{"ru":"Кабинет 306, Деканат ИКНТ","en":"Cabinet 306, Admininstrauin ICST"},"alt_name":{"ru":"306","en":"306"},"restriction":null,"accessibility":null,"level_id":"8e898ea9-0274-43af-bdf3-a3852cbb9b66","display_point":{"type":"Point","coordinates":[30.381998565955513,60.007137861495728]}}},{"id":"33b254a8-6d20-42b4-9fc8-4b56b3e90088","type":"Feature","feature_type":"unit","geometry":{"type":"Polygon","coordinates":[[[30.382052997153096,60.007095456046045],[30.382093273135581,60.007155102792439],[30.382199800685427,60.007137128436661],[30.382159524617826,60.007077481690267],[30.382052997153096,60.007095456046045]]]},"properties":{"category":"classroom","name":{"ru":"Кабинет 308","en":"Classroom 308"},"alt_name":{"ru":"308","en":"308"},"restriction":null,"accessibility":null,"level_id":"8e898ea9-0274-43af-bdf3-a3852cbb9b66","display_point":{"type":"Point","coordinates":[30.382126399445145,60.007116292378576]}}},{"id":"f9dc6973-4bf0-4305-9440-0bc7ca356327","type":"Feature","feature_type":"unit","geometry":{"type":"Polygon","coordinates":[[[30.380922709640256,60.007516344748687],[30.380939970126025,60.007541907679212],[30.3810379761598,60.007525371447549],[30.381020715640467,60.007499808517025],[30.380922709640256,60.007516344748687]]]},"properties":{"category":"auditorium","name":null,"alt_name":null,"restriction":"restricted","accessibility":null,"level_id":"8e898ea9-0274-43af-bdf3-a3852cbb9b66","display_point":{"type":"Point","coordinates":[30.380948383693624,60.00752625051463]}}},{"id":"f940235b-2973-4a60-8434-afc148e7d264","type":"Feature","feature_type":"unit","geometry":{"type":"Polygon","coordinates":[[[30.380773299451246,60.00750596033992],[30.3807876833211,60.007527262964985],[30.380868644462378,60.007513602432638],[30.380854261118419,60.007492299807573],[30.380773299451246,60.00750596033992]]]},"properties":{"category":"auditorium","name":null,"alt_name":null,"restriction":"restricted","accessibility":null,"level_id":"8e898ea9-0274-43af-bdf3-a3852cbb9b66","display_point":{"type":"Point","coordinates":[30.380820971679551,60.007509781249048]}}},{"id":"000b7ff2-cd32-4862-9f0a-d4ecc820ffc1","type":"Feature","feature_type":"unit","geometry":{"type":"Polygon","coordinates":[[[30.382712595263012,60.007242813542831],[30.382693895563435,60.007215120322357],[30.382604412784076,60.007230218704365],[30.382623112450457,60.007257911924832],[30.382712595263012,60.007242813542831]]]},"properties":{"category":"auditorium","name":null,"alt_name":null,"restriction":null,"accessibility":null,"level_id":"8e898ea9-0274-43af-bdf3-a3852cbb9b66","display_point":{"type":"Point","coordinates":[30.382686201203018,60.00723184263191]}}},{"id":"fbd6ff53-b3e7-4cca-8eb2-de6fe408480b","type":"Feature","feature_type":"unit","geometry":{"type":"Polygon","coordinates":[[[30.382729151594333,60.007175950103019],[30.382743536022318,60.007197252728083],[30.382824496904732,60.007183592195744],[30.382810112453644,60.007162289570672],[30.382729151594333,60.007175950103019]]]},"properties":{"category":"auditorium","name":null,"alt_name":null,"restriction":null,"accessibility":null,"level_id":"8e898ea9-0274-43af-bdf3-a3852cbb9b66","display_point":{"type":"Point","coordinates":[30.382776824795787,60.007179771286609]}}},{"id":"f7e0d0db-77c3-4137-8cc6-3d929c94d039","type":"Feature","feature_type":"unit","geometry":{"type":"Polygon","coordinates":[[[30.382584274530405,60.007200395193941],[30.382604412784076,60.007230218704365],[30.382693895563435,60.007215120322357],[30.3827025261076,60.007227901787616],[30.382757920459532,60.0072185550787],[30.382729151594333,60.007175950103019],[30.382584274530405,60.007200395193941]]]},"properties":{"category":"auditorium","name":null,"alt_name":null,"restriction":null,"accessibility":null,"level_id":"8e898ea9-0274-43af-bdf3-a3852cbb9b66","display_point":{"type":"Point","coordinates":[30.382666782214773,60.007203084266465]}}},{"id":"48173a53-7cd3-4c08-904e-7113e96b90a7","type":"Feature","feature_type":"unit","geometry":{"type":"Polygon","coordinates":[[[30.381085097787835,60.007363179316329],[30.381119619367283,60.007414305177363],[30.381179275316011,60.007404239406391],[30.381144753695708,60.007353113545356],[30.381085097787835,60.007363179316329]]]},"properties":{"category":"restroom.female","name":{"ru":"Туалет женский","en":"Restroom female"},"alt_name":{"ru":"Туалет Ж.","en":"Restroom F."},"restriction":null,"accessibility":null,"level_id":"8e898ea9-0274-43af-bdf3-a3852cbb9b66","display_point":{"type":"Point","coordinates":[30.381132186811804,60.007383709361356]}}},{"id":"4a25ebff-fc1a-43be-917c-bd8a4e2f0ead","type":"Feature","feature_type":"unit","geometry":{"type":"Polygon","coordinates":[[[30.382329342370124,60.007153237896766],[30.382363864801714,60.0072043637578],[30.382423520371784,60.007194298261282],[30.382388997899337,60.007143172400241],[30.382329342370124,60.007153237896766]]]},"properties":{"category":"restroom.male","name":{"ru":"Туалет мужской","en":"Restroom male"},"alt_name":{"ru":"Туалет М.","en":"Restroom M."},"restriction":null,"accessibility":null,"level_id":"8e898ea9-0274-43af-bdf3-a3852cbb9b66","display_point":{"type":"Point","coordinates":[30.382376431630849,60.007173768216248]}}},{"id":"2b182c6a-a7ea-41f9-8cde-4a729eb2c4fd","type":"Feature","feature_type":"unit","geometry":{"type":"Polygon","coordinates":[[[30.3815927982355,60.00717310569113],[30.381633073850281,60.007232752437531],[30.381684207157541,60.00722412451622],[30.381643931501902,60.00716447776982],[30.3815927982355,60.00717310569113]]]},"properties":{"category":"classroom","name":{"ru":"Кабинет 313","en":"Classroom 313"},"alt_name":{"ru":"313","en":"313"},"restriction":null,"accessibility":null,"level_id":"8e898ea9-0274-43af-bdf3-a3852cbb9b66","display_point":{"type":"Point","coordinates":[30.381638502678893,60.007198615103675]}}},{"id":"b011351c-4819-454c-92b3-e97212665d5a","type":"Feature","feature_type":"unit","geometry":{"type":"Polygon","coordinates":[[[30.381643931501902,60.00716447776982],[30.381684207157541,60.00722412451622],[30.381786473732074,60.007206868948046],[30.381746197994723,60.007147222201652],[30.381643931501902,60.00716447776982]]]},"properties":{"category":"classroom","name":{"ru":"Кабинет 312","en":"Classroom 312"},"alt_name":{"ru":"312","en":"312"},"restriction":null,"accessibility":null,"level_id":"8e898ea9-0274-43af-bdf3-a3852cbb9b66","display_point":{"type":"Point","coordinates":[30.381715202594179,60.007185673633387]}}},{"id":"35f17d72-0022-4a63-9984-d1cf3bbd9e4c","type":"Feature","feature_type":"unit","geometry":{"type":"Polygon","coordinates":[[[30.381746197994723,60.007147222201652],[30.381786473732074,60.007206868948046],[30.381837606999344,60.00719824130119],[30.381797331221136,60.007138594554789],[30.381746197994723,60.007147222201652]]]},"properties":{"category":"classroom","name":{"ru":"Кабинет 304","en":"Classroom 304"},"alt_name":{"ru":"304","en":"304"},"restriction":null,"accessibility":null,"level_id":"8e898ea9-0274-43af-bdf3-a3852cbb9b66","display_point":{"type":"Point","coordinates":[30.381791902479392,60.00717273161419]}}},{"id":"f88b3e9f-2c9c-4636-ad51-f95715e146e9","type":"Feature","feature_type":"unit","geometry":{"type":"Polygon","coordinates":[[[30.382159524617826,60.007077481690267],[30.382199800685427,60.007137128436661],[30.382306328177346,60.007119153806435],[30.382266052024626,60.007059507060042],[30.382159524617826,60.007077481690267]]]},"properties":{"category":"classroom","name":{"ru":"Кабинет 310","en":"Classroom 310"},"alt_name":{"ru":"310","en":"310"},"restriction":null,"accessibility":null,"level_id":"8e898ea9-0274-43af-bdf3-a3852cbb9b66","display_point":{"type":"Point","coordinates":[30.382232926374492,60.007098318022805]}}},{"id":"ebd3799e-b635-4a0b-8932-3e9dcd72ffed","type":"Feature","feature_type":"unit","geometry":{"type":"Polygon","coordinates":[[[30.381234864997,60.0072334994936],[30.381275140325791,60.007293146239995],[30.381483935052653,60.00725791631605],[30.381443659557036,60.007198269569656],[30.381234864997,60.0072334994936]]]},"properties":{"category":"classroom","name":{"ru":"Кабинет 300","en":"Classroom 300"},"alt_name":{"ru":"300","en":"300"},"restriction":null,"accessibility":null,"level_id":"8e898ea9-0274-43af-bdf3-a3852cbb9b66","display_point":{"type":"Point","coordinates":[30.38135940000187,60.007245708179276]}}},{"id":"ce4ba3ca-b380-4e2b-ad24-7ea3ff299604","type":"Feature","feature_type":"unit","geometry":{"type":"Polygon","coordinates":[[[30.381056712578992,60.007320509844618],[30.381116367903708,60.007310444073646],[30.381109248140632,60.00729989911094],[30.381091915724802,60.00727422996782],[30.381062128430937,60.007279271910193],[30.381079372986726,60.007304821667056],[30.381079348831445,60.007304825783827],[30.38106208835363,60.0072792623044],[30.38109191243019,60.007274222832088],[30.381081846929977,60.007259318212611],[30.381022191097124,60.007269383983576],[30.381056712578992,60.007320509844618]]]},"properties":{"category":"stairs","name":null,"alt_name":null,"restriction":null,"accessibility":null,"level_id":"8e898ea9-0274-43af-bdf3-a3852cbb9b66","display_point":{"type":"Point","coordinates":[30.381077557630508,60.007288744317741]}}},{"id":"f8dd332c-08c3-475e-bcda-e3a1a0ff404e","type":"Feature","feature_type":"unit","geometry":{"type":"Polygon","coordinates":[[[30.382300573809385,60.007110632921083],[30.382360229304552,60.007100567424558],[30.38235310936577,60.007090022461853],[30.382335776522233,60.007064353318732],[30.382305989966653,60.007069394986658],[30.382323234399223,60.007094945017968],[30.3823232102441,60.007094949134739],[30.382305949340303,60.007069385380866],[30.382335772678505,60.007064346183],[30.382325707478937,60.007049441563524],[30.382266052024626,60.007059507060042],[30.382300573809385,60.007110632921083]]]},"properties":{"category":"stairs","name":null,"alt_name":null,"restriction":null,"accessibility":null,"level_id":"8e898ea9-0274-43af-bdf3-a3852cbb9b66","display_point":{"type":"Point","coordinates":[30.382321418746436,60.007078867668653]}}},{"id":"69a4862e-e24d-4696-8a59-25d409b453fe","type":"Feature","feature_type":"unit","geometry":{"type":"Polygon","coordinates":[[[30.381702960413396,60.0072589276686],[30.381720221682521,60.007284490599119],[30.381788398728784,60.007272986978492],[30.3817711379853,60.007247424047968],[30.381702960413396,60.0072589276686]]]},"properties":{"category":"elevator","name":null,"alt_name":null,"restriction":null,"accessibility":null,"level_id":"8e898ea9-0274-43af-bdf3-a3852cbb9b66","display_point":{"type":"Point","coordinates":[30.381745679841032,60.00726595718632]}}},{"id":"e66f2f3f-7a98-47cb-8d30-0706998d0fad","type":"Feature","feature_type":"unit","geometry":{"type":"Polygon","coordinates":[[[30.381805173049404,60.00723456216852],[30.381766822801502,60.007241033178111],[30.381788398728784,60.007272986978492],[30.381681871397333,60.007290961334263],[30.381699132117678,60.00731652426478],[30.381844009763054,60.007292078899411],[30.3818267489931,60.007266515968894],[30.381805173049404,60.00723456216852]]]},"properties":{"category":"stairs","name":null,"alt_name":null,"restriction":null,"accessibility":null,"level_id":"8e898ea9-0274-43af-bdf3-a3852cbb9b66","display_point":{"type":"Point","coordinates":[30.381760090688644,60.007290814502888]}}},{"id":"7448f56b-ba16-4d34-a4f4-832ce8c0fb40","type":"Feature","feature_type":"unit","geometry":{"type":"Polygon","coordinates":[[[30.381698645235431,60.007252536798745],[30.381660295515651,60.007259007533889],[30.381681871397333,60.007290961334263],[30.381720221682521,60.007284490599119],[30.381698645235431,60.007252536798745]]]},"properties":{"category":"stairs","name":null,"alt_name":null,"restriction":null,"accessibility":null,"level_id":"8e898ea9-0274-43af-bdf3-a3852cbb9b66","display_point":{"type":"Point","coordinates":[30.381690258044337,60.007271749203731]}}},{"id":"d3e54764-145a-4735-8c29-c3a6cf9d5ad6","type":"Feature","feature_type":"unit","geometry":{"type":"Polygon","coordinates":[[[30.380854261118419,60.007492299807573],[30.380884466920008,60.007537035073206],[30.380931339881474,60.007529126213953],[30.380922709640256,60.007516344748687],[30.381020715640467,60.007499808517025],[30.380999139461064,60.007467854716651],[30.380854261118419,60.007492299807573]]]},"properties":{"category":"auditorium","name":null,"alt_name":null,"restriction":"restricted","accessibility":null,"level_id":"8e898ea9-0274-43af-bdf3-a3852cbb9b66","display_point":{"type":"Point","coordinates":[30.380935438877653,60.007507078179515]}}},{"id":"0e51bb47-38ef-4fa0-8f1e-0eb668bd18b3","type":"Feature","feature_type":"unit","geometry":{"type":"Polygon","coordinates":[[[30.380812135975976,60.007563477070811],[30.380893097705528,60.007549816538464],[30.380939970126025,60.007541907679212],[30.380931339881474,60.007529126213953],[30.380884466920008,60.007537035073206],[30.380882453491441,60.007534052886832],[30.380856886667381,60.007538366710264],[30.380856814739651,60.007538260223214],[30.380882381014683,60.007533946399782],[30.380868644462378,60.007513602432638],[30.3807876833211,60.007527262964985],[30.380812135975976,60.007563477070811]]]},"properties":{"category":"stairs","name":null,"alt_name":null,"restriction":null,"accessibility":null,"level_id":"8e898ea9-0274-43af-bdf3-a3852cbb9b66","display_point":{"type":"Point","coordinates":[30.380840389955321,60.0075385396145]}}},{"id":"c2168462-8fe4-468d-93d6-83b7d23f4c60","type":"Feature","feature_type":"unit","geometry":{"type":"Polygon","coordinates":[[[30.382757111653795,60.00721735682491],[30.382778417591542,60.007213761789082],[30.382778507092887,60.0072138948979],[30.3827572011551,60.00721748993373],[30.382757920459532,60.0072185550787],[30.3827025261076,60.007227901787616],[30.382712595263012,60.007242813542831],[30.3828489505477,60.00721980630157],[30.382824496904732,60.007183592195744],[30.382743536022318,60.007197252728083],[30.382757111653795,60.00721735682491]]]},"properties":{"category":"stairs","name":null,"alt_name":null,"restriction":null,"accessibility":null,"level_id":"8e898ea9-0274-43af-bdf3-a3852cbb9b66","display_point":{"type":"Point","coordinates":[30.382796243825,60.0072085293776]}}},{"id":"3c8903fe-ca65-46e5-926f-005dda0f9b90","type":"Feature","feature_type":"unit","geometry":{"type":"Polygon","coordinates":[[[30.38105632993722,60.007320574340639],[30.381085097787835,60.007363179316329],[30.381144753695708,60.007353113545356],[30.381139000554988,60.00734459238555],[30.381658856941279,60.00725687724394],[30.381660295515651,60.007259007533889],[30.381698645235431,60.007252536798745],[30.381702960413396,60.0072589276686],[30.3817711379853,60.007247424047968],[30.381766822801502,60.007241033178111],[30.381805173049404,60.00723456216852],[30.381803734470896,60.007232431878563],[30.382323589094185,60.007144716736953],[30.382329342370124,60.007153237896766],[30.382388997899337,60.007143172400241],[30.382360229304552,60.007100567424558],[30.382300573809385,60.007110632921083],[30.382306328177346,60.007119153806435],[30.381121740043792,60.007319029455026],[30.381115985811043,60.007310508569674],[30.38105632993722,60.007320574340639]]]},"properties":{"category":"walkway","name":null,"alt_name":null,"restriction":null,"accessibility":null,"level_id":"5aae416c-7a1b-4657-83d5-5abc7b959629","display_point":{"type":"Point","coordinates":[30.381809872217048,60.007211395745578]}}},{"id":"d65cb00c-600e-45c0-bde7-511aac5c9529","type":"Feature","feature_type":"unit","geometry":{"type":"Polygon","coordinates":[[[30.381443659557036,60.007198269569656],[30.381483935052653,60.00725791631605],[30.381633073850281,60.007232752437531],[30.3815927982355,60.00717310569113],[30.381443659557036,60.007198269569656]]]},"properties":{"category":"auditorium","name":{"ru":"Кабинет 404a","en":"Classroom 404a"},"alt_name":{"ru":"404a","en":"404a"},"restriction":null,"accessibility":null,"level_id":"5aae416c-7a1b-4657-83d5-5abc7b959629","display_point":{"type":"Point","coordinates":[30.381538366678956,60.007215510866367]}}},{"id":"c2ece0be-73dc-4dfb-9aaf-57164f81c72d","type":"Feature","feature_type":"unit","geometry":{"type":"Polygon","coordinates":[[[30.381394667712524,60.0073014538768],[30.381434942677828,60.007361100897647],[30.381541470738302,60.007343126267415],[30.381501195687878,60.007283479246574],[30.381394667712524,60.0073014538768]]]},"properties":{"category":"auditorium","name":null,"alt_name":null,"restriction":"restricted","accessibility":null,"level_id":"5aae416c-7a1b-4657-83d5-5abc7b959629","display_point":{"type":"Point","coordinates":[30.381470691911737,60.007321254156182]}}},{"id":"efee6a9b-dd3a-4a70-82dd-eba0efe56210","type":"Feature","feature_type":"unit","geometry":{"type":"Polygon","coordinates":[[[30.381139000554988,60.00734459238555],[30.381179275316011,60.007404239406391],[30.381434942677828,60.007361100897647],[30.381394667712524,60.0073014538768],[30.381139000554988,60.00734459238555]]]},"properties":{"category":"auditorium","name":{"ru":"Кабинет 401","en":"Classroom 401"},"alt_name":{"ru":"401","en":"401"},"restriction":null,"accessibility":null,"level_id":"5aae416c-7a1b-4657-83d5-5abc7b959629","display_point":{"type":"Point","coordinates":[30.381286971323433,60.007352846504368]}}},{"id":"e6c101be-3fb6-4ccb-8b2d-0f31e8bac617","type":"Feature","feature_type":"unit","geometry":{"type":"Polygon","coordinates":[[[30.381081464837571,60.007259382708632],[30.381121740043792,60.007319029455026],[30.381330534385071,60.007283799531081],[30.381290259561013,60.007224152784687],[30.381081464837571,60.007259382708632]]]},"properties":{"category":"auditorium","name":{"ru":"Кабинет 400","en":"Classroom 400"},"alt_name":{"ru":"400","en":"400"},"restriction":null,"accessibility":null,"level_id":"5aae416c-7a1b-4657-83d5-5abc7b959629","display_point":{"type":"Point","coordinates":[30.381205999862832,60.00727159111986]}}},{"id":"b2cd2d6f-9dde-4a51-add9-7fb0aa32f8f2","type":"Feature","feature_type":"unit","geometry":{"type":"Polygon","coordinates":[[[30.381501195687878,60.007283479246574],[30.381541470738302,60.007343126267415],[30.381699132117678,60.00731652426478],[30.381658856941279,60.00725687724394],[30.381501195687878,60.007283479246574]]]},"properties":{"category":"auditorium","name":{"ru":"Кабинет 403a","en":"Classroom 403a"},"alt_name":{"ru":"403a","en":"403a"},"restriction":null,"accessibility":null,"level_id":"5aae416c-7a1b-4657-83d5-5abc7b959629","display_point":{"type":"Point","coordinates":[30.381600164152552,60.007300001755681]}}},{"id":"1f843854-ce4e-4f6c-82b7-161c78db0d04","type":"Feature","feature_type":"unit","geometry":{"type":"Polygon","coordinates":[[[30.381803734470896,60.007232431878563],[30.381844009763054,60.007292078899411],[30.382001670899083,60.007265476896777],[30.38196139548095,60.007205829875929],[30.381803734470896,60.007232431878563]]]},"properties":{"category":"auditorium","name":{"ru":"Кабинет 405","en":"Classroom 405"},"alt_name":{"ru":"405","en":"405"},"restriction":null,"accessibility":null,"level_id":"5aae416c-7a1b-4657-83d5-5abc7b959629","display_point":{"type":"Point","coordinates":[30.381902702934763,60.00724895438767]}}},{"id":"b5184428-49b1-4774-9708-899a7b67e965","type":"Feature","feature_type":"unit","geometry":{"type":"Polygon","coordinates":[[[30.38196139548095,60.007205829875929],[30.382001670899083,60.007265476896777],[30.382201943311355,60.00723168509694],[30.38216166718421,60.0071720380761],[30.38196139548095,60.007205829875929]]]},"properties":{"category":"auditorium","name":{"ru":"Кабинет 407","en":"Classroom 407"},"alt_name":{"ru":"407","en":"407"},"restriction":null,"accessibility":null,"level_id":"5aae416c-7a1b-4657-83d5-5abc7b959629","display_point":{"type":"Point","coordinates":[30.38208166937266,60.007218757623662]}}},{"id":"e1b27e0f-516d-4d19-adcb-833114261283","type":"Feature","feature_type":"unit","geometry":{"type":"Polygon","coordinates":[[[30.38216166718421,60.0071720380761],[30.382201943311355,60.00723168509694],[30.382363864801714,60.0072043637578],[30.382323589094185,60.007144716736953],[30.38216166718421,60.0071720380761]]]},"properties":{"category":"auditorium","name":{"ru":"Кабинет 409","en":"Classroom 409"},"alt_name":{"ru":"409","en":"409"},"restriction":null,"accessibility":null,"level_id":"5aae416c-7a1b-4657-83d5-5abc7b959629","display_point":{"type":"Point","coordinates":[30.382260635647093,60.007188560310752]}}},{"id":"bdb6929c-ac91-414b-8536-f5a499871d3d","type":"Feature","feature_type":"unit","geometry":{"type":"Polygon","coordinates":[[[30.381903858824813,60.007120620199018],[30.381944134688137,60.007180266945412],[30.382097534326515,60.007154383730381],[30.382057258340627,60.007094736983987],[30.381903858824813,60.007120620199018]]]},"properties":{"category":"auditorium","name":{"ru":"Кабинет 408","en":"Classroom 408"},"alt_name":{"ru":"408","en":"408"},"restriction":null,"accessibility":null,"level_id":"5aae416c-7a1b-4657-83d5-5abc7b959629","display_point":{"type":"Point","coordinates":[30.38200069655095,60.0071375019647]}}},{"id":"aa2be0b0-d16a-4756-9c04-b07cbec258b7","type":"Feature","feature_type":"unit","geometry":{"type":"Polygon","coordinates":[[[30.382057258340627,60.007094736983987],[30.382097534326515,60.007154383730381],[30.382306328177346,60.007119153806435],[30.382266052024626,60.007059507060042],[30.382057258340627,60.007094736983987]]]},"properties":{"category":"auditorium","name":{"ru":"Кабинет 410","en":"Classroom 410"},"alt_name":{"ru":"410","en":"410"},"restriction":null,"accessibility":null,"level_id":"5aae416c-7a1b-4657-83d5-5abc7b959629","display_point":{"type":"Point","coordinates":[30.38217966264256,60.007107305200691]}}},{"id":"84e35ea5-e0e1-4c7b-8b3a-c72810ac3645","type":"Feature","feature_type":"unit","geometry":{"type":"Polygon","coordinates":[[[30.381085097787835,60.007363179316329],[30.381119619367283,60.007414305177363],[30.381179275316011,60.007404239406391],[30.381144753695708,60.007353113545356],[30.381085097787835,60.007363179316329]]]},"properties":{"category":"restroom.female","name":{"ru":"Туалет женский","en":"Restroom female"},"alt_name":{"ru":"Туалет Ж.","en":"Restroom F."},"restriction":null,"accessibility":null,"level_id":"5aae416c-7a1b-4657-83d5-5abc7b959629","display_point":{"type":"Point","coordinates":[30.381132186811804,60.007383709361356]}}},{"id":"72b4559d-29d6-4965-a754-486e419ea461","type":"Feature","feature_type":"unit","geometry":{"type":"Polygon","coordinates":[[[30.382363864801714,60.0072043637578],[30.382423520371784,60.007194298261282],[30.382388997899337,60.007143172400241],[30.382329342370124,60.007153237896766],[30.382363864801714,60.0072043637578]]]},"properties":{"category":"restroom.male","name":{"ru":"Туалет мужской","en":"Restroom male"},"alt_name":{"ru":"Туалет М.","en":"Restroom M."},"restriction":null,"accessibility":null,"level_id":"5aae416c-7a1b-4657-83d5-5abc7b959629","display_point":{"type":"Point","coordinates":[30.382376431630849,60.007173768216248]}}},{"id":"8051b03e-ebc1-44d7-a214-ff20c7dfa3f9","type":"Feature","feature_type":"unit","geometry":{"type":"Polygon","coordinates":[[[30.3815927982355,60.00717310569113],[30.381633073850281,60.007232752437531],[30.381786473732074,60.007206868948046],[30.381746197994723,60.007147222201652],[30.3815927982355,60.00717310569113]]]},"properties":{"category":"auditorium","name":{"ru":"Кабинет 404","en":"Classroom 404"},"alt_name":{"ru":"404","en":"404"},"restriction":null,"accessibility":null,"level_id":"5aae416c-7a1b-4657-83d5-5abc7b959629","display_point":{"type":"Point","coordinates":[30.381689635959084,60.007189987456819]}}},{"id":"0180dbf0-c836-4e73-a48f-4bf3c52c7a6a","type":"Feature","feature_type":"unit","geometry":{"type":"Polygon","coordinates":[[[30.381746197994723,60.007147222201652],[30.381786473732074,60.007206868948046],[30.381944134688137,60.007180266945412],[30.381903858824813,60.007120620199018],[30.381746197994723,60.007147222201652]]]},"properties":{"category":"auditorium","name":{"ru":"Кабинет 406","en":"Classroom 406"},"alt_name":{"ru":"406","en":"406"},"restriction":null,"accessibility":null,"level_id":"5aae416c-7a1b-4657-83d5-5abc7b959629","display_point":{"type":"Point","coordinates":[30.381845166316694,60.007163744436305]}}},{"id":"8b8cac7d-8ed1-45cb-b42f-f89945fe8912","type":"Feature","feature_type":"unit","geometry":{"type":"Polygon","coordinates":[[[30.381290259561013,60.007224152784687],[30.381330534385071,60.007283799531081],[30.381483935052653,60.00725791631605],[30.381443659557036,60.007198269569656],[30.381290259561013,60.007224152784687]]]},"properties":{"category":"auditorium","name":{"ru":"Кабинет 402","en":"Classroom 402"},"alt_name":{"ru":"402","en":"402"},"restriction":null,"accessibility":null,"level_id":"5aae416c-7a1b-4657-83d5-5abc7b959629","display_point":{"type":"Point","coordinates":[30.381387097282143,60.007241034824823]}}},{"id":"fea45db9-3603-4d0a-aec3-e211a012d839","type":"Feature","feature_type":"unit","geometry":{"type":"Polygon","coordinates":[[[30.381056712578992,60.007320509844618],[30.381116367903708,60.007310444073646],[30.381109248140632,60.00729989911094],[30.381091915724802,60.00727422996782],[30.381062128430937,60.007279271910193],[30.381079372986726,60.007304821667056],[30.381079348831445,60.007304825783827],[30.38106208835363,60.0072792623044],[30.38109191243019,60.007274222832088],[30.381081846929977,60.007259318212611],[30.381022191097124,60.007269383983576],[30.381056712578992,60.007320509844618]]]},"properties":{"category":"stairs","name":null,"alt_name":null,"restriction":null,"accessibility":null,"level_id":"5aae416c-7a1b-4657-83d5-5abc7b959629","display_point":{"type":"Point","coordinates":[30.381077557630508,60.007288744317741]}}},{"id":"4e6ada67-ada6-4af5-99db-636680b135b1","type":"Feature","feature_type":"unit","geometry":{"type":"Polygon","coordinates":[[[30.382300573809385,60.007110632921083],[30.382360229304552,60.007100567424558],[30.38235310936577,60.007090022461853],[30.382335776522233,60.007064353318732],[30.382305989966653,60.007069394986658],[30.382323234399223,60.007094945017968],[30.3823232102441,60.007094949134739],[30.382305949340303,60.007069385380866],[30.382335772678505,60.007064346183],[30.382325707478937,60.007049441563524],[30.382266052024626,60.007059507060042],[30.382300573809385,60.007110632921083]]]},"properties":{"category":"stairs","name":null,"alt_name":null,"restriction":null,"accessibility":null,"level_id":"5aae416c-7a1b-4657-83d5-5abc7b959629","display_point":{"type":"Point","coordinates":[30.382321418746436,60.007078867668653]}}},{"id":"77c70eff-7adb-48b3-b808-0a518d9f01b7","type":"Feature","feature_type":"unit","geometry":{"type":"Polygon","coordinates":[[[30.381702960413396,60.0072589276686],[30.381720221682521,60.007284490599119],[30.381788398728784,60.007272986978492],[30.3817711379853,60.007247424047968],[30.381702960413396,60.0072589276686]]]},"properties":{"category":"elevator","name":null,"alt_name":null,"restriction":null,"accessibility":null,"level_id":"5aae416c-7a1b-4657-83d5-5abc7b959629","display_point":{"type":"Point","coordinates":[30.381745679841032,60.00726595718632]}}},{"id":"514e617e-5c78-47ea-9942-e5acc03de707","type":"Feature","feature_type":"unit","geometry":{"type":"Polygon","coordinates":[[[30.381805173049404,60.00723456216852],[30.381766822801502,60.007241033178111],[30.381788398728784,60.007272986978492],[30.381681871397333,60.007290961334263],[30.381699132117678,60.00731652426478],[30.381844009763054,60.007292078899411],[30.3818267489931,60.007266515968894],[30.381805173049404,60.00723456216852]]]},"properties":{"category":"stairs","name":null,"alt_name":null,"restriction":null,"accessibility":null,"level_id":"5aae416c-7a1b-4657-83d5-5abc7b959629","display_point":{"type":"Point","coordinates":[30.381760090688644,60.007290814502888]}}},{"id":"ab235f3e-f9b6-40c1-932e-ea4f338b876a","type":"Feature","feature_type":"unit","geometry":{"type":"Polygon","coordinates":[[[30.381698645235431,60.007252536798745],[30.381660295515651,60.007259007533889],[30.381681871397333,60.007290961334263],[30.381720221682521,60.007284490599119],[30.381698645235431,60.007252536798745]]]},"properties":{"category":"stairs","name":null,"alt_name":null,"restriction":null,"accessibility":null,"level_id":"5aae416c-7a1b-4657-83d5-5abc7b959629","display_point":{"type":"Point","coordinates":[30.381690258044337,60.007271749203731]}}},{"id":"5d0fb735-f64f-422d-9cf7-02f4ac8da3d7","type":"Feature","feature_type":"unit","geometry":{"type":"Polygon","coordinates":[[[30.38105632993722,60.007320574340639],[30.381085097787835,60.007363179316329],[30.381144753695708,60.007353113545356],[30.381139000554988,60.00734459238555],[30.381658856941279,60.00725687724394],[30.381660295515651,60.007259007533889],[30.381698645235431,60.007252536798745],[30.381702960413396,60.0072589276686],[30.3817711379853,60.007247424047968],[30.381766822801502,60.007241033178111],[30.381805173049404,60.00723456216852],[30.381803734470896,60.007232431878563],[30.382323589094185,60.007144716736953],[30.382329342370124,60.007153237896766],[30.382388997899337,60.007143172400241],[30.382360229304552,60.007100567424558],[30.382300573809385,60.007110632921083],[30.382306328177346,60.007119153806435],[30.381121740043792,60.007319029455026],[30.381115985811043,60.007310508569674],[30.38105632993722,60.007320574340639]]]},"properties":{"category":"walkway","name":null,"alt_name":null,"restriction":null,"accessibility":null,"level_id":"20b79a99-9bb2-4de1-b094-aae44795706f","display_point":{"type":"Point","coordinates":[30.381809872217048,60.007211395745578]}}},{"id":"fe1edbe0-3c00-466d-b581-46ae4476b20d","type":"Feature","feature_type":"unit","geometry":{"type":"Polygon","coordinates":[[[30.381443659557036,60.007198269569656],[30.381483935052653,60.00725791631605],[30.381633073850281,60.007232752437531],[30.3815927982355,60.00717310569113],[30.381443659557036,60.007198269569656]]]},"properties":{"category":"classroom","name":{"ru":"Кабинет 504","en":"Classroom 504"},"alt_name":{"ru":"504","en":"504"},"restriction":null,"accessibility":null,"level_id":"20b79a99-9bb2-4de1-b094-aae44795706f","display_point":{"type":"Point","coordinates":[30.381538366678956,60.007215510866367]}}},{"id":"3db714ae-e83d-429a-9f97-593810d8610b","type":"Feature","feature_type":"unit","geometry":{"type":"Polygon","coordinates":[[[30.381394667712524,60.0073014538768],[30.381434942677828,60.007361100897647],[30.381699132117678,60.00731652426478],[30.381658856941279,60.00725687724394],[30.381394667712524,60.0073014538768]]]},"properties":{"category":"classroom","name":{"ru":"Кабинет 503","en":"Classroom 503"},"alt_name":{"ru":"503","en":"503"},"restriction":null,"accessibility":null,"level_id":"20b79a99-9bb2-4de1-b094-aae44795706f","display_point":{"type":"Point","coordinates":[30.381542638416366,60.007309707995617]}}},{"id":"08469890-60ac-405e-a8ab-9a8e08f19fc0","type":"Feature","feature_type":"unit","geometry":{"type":"Polygon","coordinates":[[[30.381139000554988,60.00734459238555],[30.381179275316011,60.007404239406391],[30.381434942677828,60.007361100897647],[30.381394667712524,60.0073014538768],[30.381139000554988,60.00734459238555]]]},"properties":{"category":"classroom","name":{"ru":"Кабинет 501","en":"Classroom 501"},"alt_name":{"ru":"501","en":"501"},"restriction":null,"accessibility":null,"level_id":"20b79a99-9bb2-4de1-b094-aae44795706f","display_point":{"type":"Point","coordinates":[30.381286971323433,60.007352846504368]}}},{"id":"ccbe3814-5e2d-4c1c-bf34-6e8a2440a0ca","type":"Feature","feature_type":"unit","geometry":{"type":"Polygon","coordinates":[[[30.381081464837571,60.007259382708632],[30.381121740043792,60.007319029455026],[30.381330534385071,60.007283799531081],[30.381290259561013,60.007224152784687],[30.381081464837571,60.007259382708632]]]},"properties":{"category":"classroom","name":{"ru":"Кабинет 500","en":"Classroom 500"},"alt_name":{"ru":"500","en":"500"},"restriction":null,"accessibility":null,"level_id":"20b79a99-9bb2-4de1-b094-aae44795706f","display_point":{"type":"Point","coordinates":[30.381205999862832,60.00727159111986]}}},{"id":"0e0ef99f-c75b-4741-94be-5a6893399681","type":"Feature","feature_type":"unit","geometry":{"type":"Polygon","coordinates":[[[30.381803734470896,60.007232431878563],[30.381844009763054,60.007292078899411],[30.382001670899083,60.007265476896777],[30.38196139548095,60.007205829875929],[30.381803734470896,60.007232431878563]]]},"properties":{"category":"classroom","name":{"ru":"Кабинет 505","en":"Classroom 505"},"alt_name":{"ru":"505","en":"505"},"restriction":null,"accessibility":null,"level_id":"20b79a99-9bb2-4de1-b094-aae44795706f","display_point":{"type":"Point","coordinates":[30.381902702934763,60.00724895438767]}}},{"id":"eccf4faf-0125-42af-8364-8ce248c0ed82","type":"Feature","feature_type":"unit","geometry":{"type":"Polygon","coordinates":[[[30.38196139548095,60.007205829875929],[30.382001670899083,60.007265476896777],[30.38215507071256,60.007239593681746],[30.382114795171859,60.0071799466609],[30.38196139548095,60.007205829875929]]]},"properties":{"category":"classroom","name":{"ru":"Кабинет 507","en":"Classroom 507"},"alt_name":{"ru":"507","en":"507"},"restriction":null,"accessibility":null,"level_id":"20b79a99-9bb2-4de1-b094-aae44795706f","display_point":{"type":"Point","coordinates":[30.382058232797558,60.007222711916064]}}},{"id":"507fee98-7823-43fa-87a8-848988a452dd","type":"Feature","feature_type":"unit","geometry":{"type":"Polygon","coordinates":[[[30.382114795171859,60.0071799466609],[30.38215507071256,60.007239593681746],[30.382248815349918,60.007223776237687],[30.382208539185324,60.007164129216839],[30.382114795171859,60.0071799466609]]]},"properties":{"category":"classroom","name":{"ru":"Кабинет 509a","en":"Classroom 509a"},"alt_name":{"ru":"509a","en":"509a"},"restriction":null,"accessibility":null,"level_id":"20b79a99-9bb2-4de1-b094-aae44795706f","display_point":{"type":"Point","coordinates":[30.3821818052387,60.007201861586523]}}},{"id":"15c36c29-a692-4377-af55-830adad42a8a","type":"Feature","feature_type":"unit","geometry":{"type":"Polygon","coordinates":[[[30.381903858824813,60.007120620199018],[30.381944134688137,60.007180266945412],[30.382097534326515,60.007154383730381],[30.382057258340627,60.007094736983987],[30.381903858824813,60.007120620199018]]]},"properties":{"category":"classroom","name":{"ru":"Кабинет 508","en":"Classroom 508"},"alt_name":{"ru":"508","en":"508"},"restriction":null,"accessibility":null,"level_id":"20b79a99-9bb2-4de1-b094-aae44795706f","display_point":{"type":"Point","coordinates":[30.38200069655095,60.0071375019647]}}},{"id":"7a764839-f082-4f5e-b208-22d426713796","type":"Feature","feature_type":"unit","geometry":{"type":"Polygon","coordinates":[[[30.382181209285868,60.007123654531114],[30.38217689407055,60.007117263935704],[30.38213428273848,60.007124453732906],[30.382138598499136,60.007130844328309],[30.382087465323227,60.007139471975172],[30.382097534326515,60.007154383730381],[30.382238150281768,60.007130657701516],[30.382228081250389,60.007115745946308],[30.382181209285868,60.007123654531114]]]},"properties":{"category":"classroom","name":{"ru":"Кабинет 510","en":"Classroom 510"},"alt_name":{"ru":"510","en":"510"},"restriction":null,"accessibility":null,"level_id":"20b79a99-9bb2-4de1-b094-aae44795706f","display_point":{"type":"Point","coordinates":[30.38216620550649,60.007135013790425]}}},{"id":"2dcc4e41-6c05-4a65-9364-659dcb150923","type":"Feature","feature_type":"unit","geometry":{"type":"Polygon","coordinates":[[[30.381085097787835,60.007363179316329],[30.381119619367283,60.007414305177363],[30.381179275316011,60.007404239406391],[30.381144753695708,60.007353113545356],[30.381085097787835,60.007363179316329]]]},"properties":{"category":"restroom.female","name":{"ru":"Туалет женский","en":"Restroom female"},"alt_name":{"ru":"Туалет Ж.","en":"Restroom F."},"restriction":null,"accessibility":null,"level_id":"20b79a99-9bb2-4de1-b094-aae44795706f","display_point":{"type":"Point","coordinates":[30.381132186811804,60.007383709361356]}}},{"id":"3c1e4284-7f71-4dea-9689-fc5019ebfb88","type":"Feature","feature_type":"unit","geometry":{"type":"Polygon","coordinates":[[[30.382329342370124,60.007153237896766],[30.382363864801714,60.0072043637578],[30.382423520371784,60.007194298261282],[30.382388997899337,60.007143172400241],[30.382329342370124,60.007153237896766]]]},"properties":{"category":"restroom.male","name":{"ru":"Туалет мужской","en":"Restroom male"},"alt_name":{"ru":"Туалет М.","en":"Restroom M."},"restriction":null,"accessibility":null,"level_id":"20b79a99-9bb2-4de1-b094-aae44795706f","display_point":{"type":"Point","coordinates":[30.382376431630849,60.007173768216248]}}},{"id":"52930c2f-166c-4ca1-9642-0bc83779fc94","type":"Feature","feature_type":"unit","geometry":{"type":"Polygon","coordinates":[[[30.3815927982355,60.00717310569113],[30.381633073850281,60.007232752437531],[30.381786473732074,60.007206868948046],[30.381746197994723,60.007147222201652],[30.3815927982355,60.00717310569113]]]},"properties":{"category":"classroom","name":{"ru":"Кабинет 511","en":"Classroom 511"},"alt_name":{"ru":"511","en":"511"},"restriction":null,"accessibility":null,"level_id":"20b79a99-9bb2-4de1-b094-aae44795706f","display_point":{"type":"Point","coordinates":[30.381689635959084,60.007189987456819]}}},{"id":"58b37a2f-597a-42bc-bfcd-fee8060cb399","type":"Feature","feature_type":"unit","geometry":{"type":"Polygon","coordinates":[[[30.381746197994723,60.007147222201652],[30.381786473732074,60.007206868948046],[30.381944134688137,60.007180266945412],[30.381903858824813,60.007120620199018],[30.381746197994723,60.007147222201652]]]},"properties":{"category":"classroom","name":{"ru":"Кабинет 506","en":"Classroom 506"},"alt_name":{"ru":"506","en":"506"},"restriction":null,"accessibility":null,"level_id":"20b79a99-9bb2-4de1-b094-aae44795706f","display_point":{"type":"Point","coordinates":[30.381845166316694,60.007163744436305]}}},{"id":"185435ab-67cf-4f2a-993d-86ab217b8210","type":"Feature","feature_type":"unit","geometry":{"type":"Polygon","coordinates":[[[30.381290259561013,60.007224152784687],[30.381330534385071,60.007283799531081],[30.381483935052653,60.00725791631605],[30.381443659557036,60.007198269569656],[30.381290259561013,60.007224152784687]]]},"properties":{"category":"classroom","name":{"ru":"Кабинет 502","en":"Classroom 502"},"alt_name":{"ru":"502","en":"502"},"restriction":null,"accessibility":null,"level_id":"20b79a99-9bb2-4de1-b094-aae44795706f","display_point":{"type":"Point","coordinates":[30.381387097282143,60.007241034824823]}}},{"id":"a54a9b90-7afb-490a-a390-85704ad149ef","type":"Feature","feature_type":"unit","geometry":{"type":"Polygon","coordinates":[[[30.382259672364505,60.007155501569983],[30.382299948569955,60.007215148590831],[30.382363864801714,60.0072043637578],[30.382323589094185,60.007144716736953],[30.382259672364505,60.007155501569983]]]},"properties":{"category":"classroom","name":{"ru":"Кабинет 509в","en":"Classroom 509в"},"alt_name":{"ru":"509в","en":"509в"},"restriction":null,"accessibility":null,"level_id":"20b79a99-9bb2-4de1-b094-aae44795706f","display_point":{"type":"Point","coordinates":[30.38230963824325,60.007180292194917]}}},{"id":"638ba9c9-3a7b-48a4-81dc-20c4c68c7df8","type":"Feature","feature_type":"unit","geometry":{"type":"Polygon","coordinates":[[[30.382218608219663,60.007179040972055],[30.382248815349918,60.007223776237687],[30.382299948569955,60.007215148590831],[30.382269741409058,60.007170413325191],[30.382218608219663,60.007179040972055]]]},"properties":{"category":"classroom","name":{"ru":"Кабинет 509б","en":"Classroom 509б"},"alt_name":{"ru":"509б","en":"509б"},"restriction":null,"accessibility":null,"level_id":"20b79a99-9bb2-4de1-b094-aae44795706f","display_point":{"type":"Point","coordinates":[30.382266311564184,60.007207510889323]}}},{"id":"380579ab-408c-4662-81be-21a209e39c56","type":"Feature","feature_type":"unit","geometry":{"type":"Polygon","coordinates":[[[30.382208539185324,60.007164129216839],[30.382218608219663,60.007179040972055],[30.382269741409058,60.007170413325191],[30.382259672364505,60.007155501569983],[30.382208539185324,60.007164129216839]]]},"properties":{"category":"classroom","name":{"ru":"Кабинет 509","en":"Classroom 509"},"alt_name":{"ru":"509","en":"509"},"restriction":null,"accessibility":null,"level_id":"20b79a99-9bb2-4de1-b094-aae44795706f","display_point":{"type":"Point","coordinates":[30.382239140295752,60.007167271408242]}}},{"id":"cdfdcfdb-c020-46d6-a717-8003528a2af2","type":"Feature","feature_type":"unit","geometry":{"type":"Polygon","coordinates":[[[30.382057258340627,60.007094736983987],[30.382087465323227,60.007139471975172],[30.382138598499136,60.007130844328309],[30.382108391485897,60.007086109337124],[30.382057258340627,60.007094736983987]]]},"properties":{"category":"classroom","name":{"ru":"Кабинет 510в","en":"Classroom 510в"},"alt_name":{"ru":"510в","en":"510в"},"restriction":null,"accessibility":null,"level_id":"20b79a99-9bb2-4de1-b094-aae44795706f","display_point":{"type":"Point","coordinates":[30.382105631979712,60.007124198767769]}}},{"id":"01a0ad15-02e4-4e22-85ce-973ebc916cee","type":"Feature","feature_type":"unit","geometry":{"type":"Polygon","coordinates":[[[30.382197874732512,60.007071010955123],[30.382238150281768,60.007130657701516],[30.382306328177346,60.007119153806435],[30.382266052024626,60.007059507060042],[30.382197874732512,60.007071010955123]]]},"properties":{"category":"classroom","name":{"ru":"Кабинет ","en":"Classroom "},"alt_name":null,"restriction":"restricted","accessibility":null,"level_id":"20b79a99-9bb2-4de1-b094-aae44795706f","display_point":{"type":"Point","coordinates":[30.38224997056798,60.007095441774581]}}},{"id":"574e7c10-5ecf-4cf6-a1ac-5d77d8022c3c","type":"Feature","feature_type":"unit","geometry":{"type":"Polygon","coordinates":[[[30.382151002247088,60.007078919539929],[30.382181209285868,60.007123654531114],[30.382228081250389,60.007115745946308],[30.382197874732512,60.007071010955123],[30.382151002247088,60.007078919539929]]]},"properties":{"category":"classroom","name":{"ru":"Кабинет 510а","en":"Classroom 510а"},"alt_name":{"ru":"510а","en":"510а"},"restriction":null,"accessibility":null,"level_id":"20b79a99-9bb2-4de1-b094-aae44795706f","display_point":{"type":"Point","coordinates":[30.382197412792188,60.007108988684145]}}},{"id":"1857b44b-e9cf-4641-8023-c28559b0dbee","type":"Feature","feature_type":"unit","geometry":{"type":"Polygon","coordinates":[[[30.382108391485897,60.007086109337124],[30.38213428273848,60.007124453732906],[30.38217689407055,60.007117263935704],[30.382151002247088,60.007078919539929],[30.382108391485897,60.007086109337124]]]},"properties":{"category":"classroom","name":{"ru":"Кабинет 510б","en":"Classroom 510б"},"alt_name":{"ru":"510б","en":"510б"},"restriction":null,"accessibility":null,"level_id":"20b79a99-9bb2-4de1-b094-aae44795706f","display_point":{"type":"Point","coordinates":[30.382137578891129,60.007094186983849]}}},{"id":"dd079d23-44a7-4800-80a0-ad91efdcc489","type":"Feature","feature_type":"unit","geometry":{"type":"Polygon","coordinates":[[[30.381056712578992,60.007320509844618],[30.381116367903708,60.007310444073646],[30.381109248140632,60.00729989911094],[30.381091915724802,60.00727422996782],[30.381062128430937,60.007279271910193],[30.381079372986726,60.007304821667056],[30.381079348831445,60.007304825783827],[30.38106208835363,60.0072792623044],[30.38109191243019,60.007274222832088],[30.381081846929977,60.007259318212611],[30.381022191097124,60.007269383983576],[30.381056712578992,60.007320509844618]]]},"properties":{"category":"stairs","name":null,"alt_name":null,"restriction":null,"accessibility":null,"level_id":"20b79a99-9bb2-4de1-b094-aae44795706f","display_point":{"type":"Point","coordinates":[30.381077557630508,60.007288744317741]}}},{"id":"7b89a500-0917-49ff-ab02-f73313ac4425","type":"Feature","feature_type":"unit","geometry":{"type":"Polygon","coordinates":[[[30.382300573809385,60.007110632921083],[30.382360229304552,60.007100567424558],[30.38235310936577,60.007090022461853],[30.382335776522233,60.007064353318732],[30.382305989966653,60.007069394986658],[30.382323234399223,60.007094945017968],[30.3823232102441,60.007094949134739],[30.382305949340303,60.007069385380866],[30.382335772678505,60.007064346183],[30.382325707478937,60.007049441563524],[30.382266052024626,60.007059507060042],[30.382300573809385,60.007110632921083]]]},"properties":{"category":"stairs","name":null,"alt_name":null,"restriction":null,"accessibility":null,"level_id":"20b79a99-9bb2-4de1-b094-aae44795706f","display_point":{"type":"Point","coordinates":[30.382321418746436,60.007078867668653]}}},{"id":"7830b48c-4a97-4f94-8598-50d55c6112e0","type":"Feature","feature_type":"unit","geometry":{"type":"Polygon","coordinates":[[[30.381702960413396,60.0072589276686],[30.381720221682521,60.007284490599119],[30.381788398728784,60.007272986978492],[30.3817711379853,60.007247424047968],[30.381702960413396,60.0072589276686]]]},"properties":{"category":"elevator","name":null,"alt_name":null,"restriction":null,"accessibility":null,"level_id":"20b79a99-9bb2-4de1-b094-aae44795706f","display_point":{"type":"Point","coordinates":[30.381745679841032,60.00726595718632]}}},{"id":"93c81262-f012-49a5-9293-86adf481add3","type":"Feature","feature_type":"unit","geometry":{"type":"Polygon","coordinates":[[[30.381805173049404,60.00723456216852],[30.381766822801502,60.007241033178111],[30.381788398728784,60.007272986978492],[30.381681871397333,60.007290961334263],[30.381699132117678,60.00731652426478],[30.381844009763054,60.007292078899411],[30.3818267489931,60.007266515968894],[30.381805173049404,60.00723456216852]]]},"properties":{"category":"stairs","name":null,"alt_name":null,"restriction":null,"accessibility":null,"level_id":"20b79a99-9bb2-4de1-b094-aae44795706f","display_point":{"type":"Point","coordinates":[30.381760090688644,60.007290814502888]}}},{"id":"90d0f3e8-2d60-44c2-9dff-06f3ab1511d3","type":"Feature","feature_type":"unit","geometry":{"type":"Polygon","coordinates":[[[30.379211329418006,60.0065072040033],[30.379315470294014,60.006489632541836],[30.379315527943071,60.00648971734725],[30.379211386517976,60.00650728908316],[30.379220992468461,60.006521234770268],[30.37937984630323,60.006494431320476],[30.379360860239437,60.006466312151794],[30.37920149563897,60.00649320177925],[30.379211329418006,60.0065072040033]]]},"properties":{"category":"stairs","name":null,"alt_name":null,"restriction":null,"accessibility":null,"level_id":"24eaac9e-55e2-4986-9307-4c3a2a311e44","display_point":{"type":"Point","coordinates":[30.379303977151935,60.006504385664272]}}},{"id":"38106450-e788-4bf3-93fc-7bffc0f4437e","type":"Feature","feature_type":"unit","geometry":{"type":"Polygon","coordinates":[[[30.379273148563964,60.006512434493622],[30.379275449585176,60.006515842902658],[30.379275279126983,60.006515871720033],[30.379272978105778,60.006512463311],[30.379220992742955,60.006521234770268],[30.37930286355153,60.006642772724696],[30.379308488407862,60.00664182367256],[30.379310962383045,60.006645487870081],[30.379326472460409,60.006642870703764],[30.379326529835136,60.006642955783626],[30.379311019483264,60.006645572949942],[30.379366250803567,60.006727374217824],[30.379365909886168,60.006727431852568],[30.379361307270951,60.0067206150345],[30.378766967707719,60.00682089811837],[30.378783652338754,60.006845608878017],[30.37937816228299,60.006745297251236],[30.37937425008532,60.006739503038212],[30.379374591002772,60.006739445403468],[30.379378504847413,60.006745239342038],[30.379509745134815,60.0067230952497],[30.379553757863867,60.006788280695076],[30.379647502483643,60.006772462976564],[30.379603489398242,60.006707277531184],[30.379637577810939,60.006701525858091],[30.379634125967051,60.006696413381768],[30.379634466884056,60.006696355747025],[30.379637919276956,60.006701468223348],[30.380329579980828,60.006584763902858],[30.380314045101755,60.006561757210505],[30.379622384611043,60.006678461530988],[30.37962664245029,60.006684767320984],[30.379626301533339,60.006684824955727],[30.379604784491978,60.006652956235214],[30.379441839911504,60.006680449929689],[30.379407149827937,60.006629352886023],[30.379353800997702,60.006638354335372],[30.379353743348446,60.006638269255511],[30.37935783435189,60.006637579010828],[30.379287701918368,60.006533708301319],[30.379284825228584,60.006529447721412],[30.3792849959613,60.006529418904044],[30.379287872376604,60.006533679483944],[30.379506892424232,60.006496724085522],[30.379492509465464,60.006475421460451],[30.379273148563964,60.006512434493622]]]},"properties":{"category":"walkway","name":null,"alt_name":null,"restriction":null,"accessibility":null,"level_id":"24eaac9e-55e2-4986-9307-4c3a2a311e44","display_point":{"type":"Point","coordinates":[30.379384776915472,60.006657236575606]}}},{"id":"79f3f16c-a66f-4d17-aadb-2447ea3a8f3d","type":"Feature","feature_type":"unit","geometry":{"type":"Polygon","coordinates":[[[30.379553587405074,60.006788309238],[30.379523957968772,60.006744426143229],[30.379427657301243,60.006760675024523],[30.379457286406438,60.006804558119285],[30.379553587405074,60.006788309238]]]},"properties":{"category":"security","name":{"ru":"Пост охраны","en":"Security"},"alt_name":{"ru":"Пост охраны","en":"Пост охраны"},"restriction":null,"accessibility":null,"level_id":"24eaac9e-55e2-4986-9307-4c3a2a311e44","display_point":{"type":"Point","coordinates":[30.379490721844537,60.006774499129762]}}},{"id":"a112db63-bb4c-4cf1-891d-a8f6354c4ad5","type":"Feature","feature_type":"unit","geometry":{"type":"Polygon","coordinates":[[[30.379524128427466,60.006744397600308],[30.379509745134815,60.0067230952497],[30.379412592201263,60.006739487668945],[30.379426975466188,60.006760790019563],[30.379524128427466,60.006744397600308]]]},"properties":{"category":"classroom","name":{"ru":"Г.1.29","en":"Г.1.29"},"alt_name":{"ru":"Г.1.29","en":"Г.1.29"},"restriction":"restricted","accessibility":null,"level_id":"24eaac9e-55e2-4986-9307-4c3a2a311e44","display_point":{"type":"Point","coordinates":[30.37946836017505,60.006741942634626]}}},{"id":"d7f1f7d1-85bb-4647-9547-6ff158459351","type":"Feature","feature_type":"unit","geometry":{"type":"Polygon","coordinates":[[[30.37918292275646,60.006835190162846],[30.379148403525182,60.006784064301804],[30.378904667945786,60.00682518971125],[30.378939187284629,60.006876315572292],[30.37918292275646,60.006835190162846]]]},"properties":{"category":"laboratory","name":{"ru":"Г.1.04 Лаборатория \"Полимерные композиционные материалы\"","en":"Г.1.04 Polymer Composite Materials Laboratory"},"alt_name":{"ru":"Г.1.04","en":"Г.1.04"},"restriction":null,"accessibility":null,"level_id":"24eaac9e-55e2-4986-9307-4c3a2a311e44","display_point":{"type":"Point","coordinates":[30.3790437956151,60.006830189937048]}}},{"id":"07e2a268-f106-47e1-ace7-6675e570df45","type":"Feature","feature_type":"unit","geometry":{"type":"Polygon","coordinates":[[[30.379388990359004,60.006800420493505],[30.379354470712105,60.006749294632471],[30.379148233066243,60.00678409311918],[30.379182752571896,60.006835218980221],[30.379388990359004,60.006800420493505]]]},"properties":{"category":"laboratory","name":{"ru":"Г.1.05 Научно-технологический комплекс \"Новые технологии и материалы\"","en":"Г.1.05 Research and Technological Complex \"New materials and technologies\""},"alt_name":{"ru":"Г.1.05","en":"Г.1.05"},"restriction":null,"accessibility":null,"level_id":"24eaac9e-55e2-4986-9307-4c3a2a311e44","display_point":{"type":"Point","coordinates":[30.379268654381114,60.00679224953339]}}},{"id":"99422a34-8467-4e95-b4e6-297b31101e4c","type":"Feature","feature_type":"unit","geometry":{"type":"Polygon","coordinates":[[[30.378941488575784,60.006879723981328],[30.378904667945786,60.00682518971125],[30.378852511829145,60.006833989987896],[30.378889332421039,60.006888524257967],[30.378941488575784,60.006879723981328]]]},"properties":{"category":"unspecified","name":{"ru":"Г.1.03","en":"Г.1.03"},"alt_name":{"ru":"Г.1.03","en":"Г.1.03"},"restriction":"restricted","accessibility":null,"level_id":"24eaac9e-55e2-4986-9307-4c3a2a311e44","display_point":{"type":"Point","coordinates":[30.378898363586529,60.006856627268988]}}},{"id":"d5d907d5-b0a6-43fc-b4a3-12a6dfa9fc22","type":"Feature","feature_type":"unit","geometry":{"type":"Polygon","coordinates":[[[30.378961956470917,60.00678799773592],[30.378752263235441,60.006478829869486],[30.378330414375071,60.006550008504981],[30.378540276323861,60.006859147554046],[30.378961956470917,60.00678799773592]]]},"properties":{"category":"auditorium","name":{"ru":"Г.1.01","en":"Г.1.01"},"alt_name":{"ru":"Г.1.01","en":"Г.1.01"},"restriction":null,"accessibility":null,"level_id":"24eaac9e-55e2-4986-9307-4c3a2a311e44","display_point":{"type":"Point","coordinates":[30.378646355313791,60.006668974303075]}}},{"id":"f2c458fb-5f1a-4110-9eb3-6e1e748a2f6e","type":"Feature","feature_type":"unit","geometry":{"type":"Polygon","coordinates":[[[30.379447111613477,60.006790613529986],[30.379412591926769,60.006739487668945],[30.379354811355149,60.006749237272174],[30.379389331276776,60.006800363133216],[30.379447111613477,60.006790613529986]]]},"properties":{"category":"unspecified","name":{"ru":"Г.1.06","en":"Г.1.06"},"alt_name":{"ru":"Г.1.06","en":"Г.1.06"},"restriction":"restricted","accessibility":null,"level_id":"24eaac9e-55e2-4986-9307-4c3a2a311e44","display_point":{"type":"Point","coordinates":[30.379400961744373,60.00676992540108]}}},{"id":"bc8ee7a1-6668-4727-b4cf-b12330a5c349","type":"Feature","feature_type":"unit","geometry":{"type":"Polygon","coordinates":[[[30.378961956470917,60.00678799773592],[30.379019907593296,60.006778219589769],[30.379002072657734,60.006751804488381],[30.379107747829416,60.006733973945018],[30.379088831265815,60.006705957146622],[30.379072653317646,60.006681995913105],[30.378909026883523,60.006709604602619],[30.378944121555858,60.006761582634532],[30.378961956470917,60.00678799773592]]]},"properties":{"category":"classroom","name":{"ru":"Г.1.54 Научно-технологический комплекс \"Новые технологии и материалы\"","en":"Г.1.54 Research and Technological Complex \"New materials and technologies\""},"alt_name":{"ru":"Г.1.54","en":"Г.1.54"},"restriction":null,"accessibility":null,"level_id":"24eaac9e-55e2-4986-9307-4c3a2a311e44","display_point":{"type":"Point","coordinates":[30.379002914044229,60.00672585430727]}}},{"id":"598f2a93-0ed9-4436-908d-666b82761b33","type":"Feature","feature_type":"unit","geometry":{"type":"Polygon","coordinates":[[[30.379101720751912,60.006764415245016],[30.3790838857874,60.006738000143628],[30.379002072657734,60.006751804488381],[30.379019907593296,60.006778219589769],[30.379101720751912,60.006764415245016]]]},"properties":{"category":"unspecified","name":{"ru":"Кабинет 1","en":"Cabinet 1"},"alt_name":{"ru":"1","en":"1"},"restriction":"restricted","accessibility":null,"level_id":"24eaac9e-55e2-4986-9307-4c3a2a311e44","display_point":{"type":"Point","coordinates":[30.379051896700066,60.006758109729475]}}},{"id":"c4c0850d-659b-48b5-a136-c9bd115f8353","type":"Feature","feature_type":"unit","geometry":{"type":"Polygon","coordinates":[[[30.379123878762414,60.00676067639678],[30.37910604379006,60.006734261295392],[30.3790838857874,60.006738000143628],[30.379101720751912,60.006764415245016],[30.379123878762414,60.00676067639678]]]},"properties":{"category":"restroom","name":{"ru":"Туалет женский","en":"Restroom female"},"alt_name":{"ru":"Туалет Ж.","en":"Restroom F."},"restriction":null,"accessibility":null,"level_id":"24eaac9e-55e2-4986-9307-4c3a2a311e44","display_point":{"type":"Point","coordinates":[30.37910388227148,60.006749338270204]}}},{"id":"06871881-287c-4989-84b4-c4ab48695d12","type":"Feature","feature_type":"unit","geometry":{"type":"Polygon","coordinates":[[[30.379146036221439,60.006756937822992],[30.379128201241244,60.006730522721604],[30.37910604379006,60.006734261295392],[30.379123878762414,60.00676067639678],[30.379146036221439,60.006756937822992]]]},"properties":{"category":"restroom","name":{"ru":"Туалет мужской","en":"Restroom male"},"alt_name":{"ru":"Туалет М.","en":"Restroom M."},"restriction":null,"accessibility":null,"level_id":"24eaac9e-55e2-4986-9307-4c3a2a311e44","display_point":{"type":"Point","coordinates":[30.379127016361711,60.006745359002743]}}},{"id":"670608a3-fb4e-4683-abed-81da067143cb","type":"Feature","feature_type":"unit","geometry":{"type":"Polygon","coordinates":[[[30.379217622896896,60.006744858952722],[30.37919978789137,60.006718443851327],[30.379128201241244,60.006730522721604],[30.379146036221439,60.006756937822992],[30.379217622896896,60.006744858952722]]]},"properties":{"category":"unspecified","name":{"ru":"Кабинет 5","en":"Cabinet 5"},"alt_name":{"ru":"5","en":"5"},"restriction":"restricted","accessibility":null,"level_id":"24eaac9e-55e2-4986-9307-4c3a2a311e44","display_point":{"type":"Point","coordinates":[30.379172912064227,60.006737690837163]}}},{"id":"c8773c27-8144-4fc9-8e9d-0e520a63b553","type":"Feature","feature_type":"unit","geometry":{"type":"Polygon","coordinates":[[[30.379248302735821,60.006739682529272],[30.379230467719424,60.00671326715343],[30.37919978789137,60.006718443851327],[30.379217622896896,60.006744858952722],[30.379248302735821,60.006739682529272]]]},"properties":{"category":"classroom","name":{"ru":"Г.1.55","en":"Г.1.55"},"alt_name":{"ru":"Г.1.55","en":"Г.1.55"},"restriction":"restricted","accessibility":null,"level_id":"24eaac9e-55e2-4986-9307-4c3a2a311e44","display_point":{"type":"Point","coordinates":[30.3792240453097,60.0067290631903]}}},{"id":"0ce38805-f991-430e-809c-51ba29d45b50","type":"Feature","feature_type":"unit","geometry":{"type":"Polygon","coordinates":[[[30.379230467719424,60.00671326715343],[30.379248302735821,60.006739682529272],[30.379270335012979,60.006735964813778],[30.379285800645672,60.006733355332088],[30.379232870718198,60.006654962198787],[30.379072653317628,60.006681995638658],[30.379107748103909,60.006733973945018],[30.379230467719424,60.00671326715343]]]},"properties":{"category":"classroom","name":{"ru":"Г.1.53 Научно-технологический комплекс \"Новые технологии и материалы\"","en":"Г.1.53 Research and Technological Complex \"New materials and technologies\""},"alt_name":{"ru":"Г.1.53","en":"Г.1.53"},"restriction":null,"accessibility":null,"level_id":"24eaac9e-55e2-4986-9307-4c3a2a311e44","display_point":{"type":"Point","coordinates":[30.379165241605222,60.006698713282539]}}},{"id":"f96ef4ee-4204-41f5-b2d2-f31528f1b284","type":"Feature","feature_type":"unit","geometry":{"type":"Polygon","coordinates":[[[30.379314776161131,60.006728466259013],[30.379302694243233,60.006710572042984],[30.379273718734719,60.006715461116059],[30.379285800645672,60.006733355332088],[30.379314776161131,60.006728466259013]]]},"properties":{"category":"unspecified","name":{"ru":"Г.1.60","en":"Г.1.60"},"alt_name":{"ru":"Г.1.60","en":"Г.1.60"},"restriction":"restricted","accessibility":null,"level_id":"24eaac9e-55e2-4986-9307-4c3a2a311e44","display_point":{"type":"Point","coordinates":[30.379294247445909,60.006721963687532]}}},{"id":"f2e02b89-caf3-44d9-b09d-bec46586a0b6","type":"Feature","feature_type":"unit","geometry":{"type":"Polygon","coordinates":[[[30.37936164818834,60.006720557674214],[30.379349566533698,60.006702663458178],[30.379302694243233,60.006710572042984],[30.379314776161131,60.006728466259013],[30.37936164818834,60.006720557674214]]]},"properties":{"category":"classroom","name":{"ru":"Кабинет 8","en":"Classroom 8"},"alt_name":{"ru":"8","en":"8"},"restriction":"restricted","accessibility":null,"level_id":"24eaac9e-55e2-4986-9307-4c3a2a311e44","display_point":{"type":"Point","coordinates":[30.379332171350807,60.006715564858595]}}},{"id":"d72e0060-dcc4-42bf-822c-be07e2fe5fc8","type":"Feature","feature_type":"unit","geometry":{"type":"Polygon","coordinates":[[[30.379743345229873,60.006755816964429],[30.379734715319117,60.00674303549917],[30.379947769766485,60.006707086787621],[30.379912674059895,60.006655108755709],[30.379706437550347,60.006689907242425],[30.379604171232433,60.006707162536145],[30.379647896069645,60.006771922033316],[30.379743345229873,60.006755816964429]]]},"properties":{"category":"classroom","name":{"ru":"Г.1.10","en":"Г.1.10"},"alt_name":{"ru":"Г.1.10","en":"Г.1.10"},"restriction":null,"accessibility":null,"level_id":"24eaac9e-55e2-4986-9307-4c3a2a311e44","display_point":{"type":"Point","coordinates":[30.379756520985111,60.006718609894286]}}},{"id":"60473996-59c2-4c21-98c7-73118ff46133","type":"Feature","feature_type":"unit","geometry":{"type":"Polygon","coordinates":[[[30.380250307661029,60.006656039419617],[30.380239663743943,60.006640275493531],[30.380223471596377,60.006643007654894],[30.380199019604078,60.006606793549068],[30.380153851789316,60.006614414509045],[30.380014940216832,60.006637853187542],[30.379912674059895,60.006655108755709],[30.379947769766485,60.006707086787621],[30.380250307661029,60.006656039419617]]]},"properties":{"category":"classroom","name":{"ru":"Г.1.11 Лаборатория \"Дизайн материалов и аддитивного производства\"","en":"Г.1.11 Laboratory \"Design of materials for additive manufacturing\""},"alt_name":{"ru":"Г.1.11 ","en":"Г.1.11 "},"restriction":null,"accessibility":null,"level_id":"24eaac9e-55e2-4986-9307-4c3a2a311e44","display_point":{"type":"Point","coordinates":[30.380085870167079,60.006663173503227]}}},{"id":"c4385ea4-493d-49c4-929a-7362626ca645","type":"Feature","feature_type":"unit","geometry":{"type":"Polygon","coordinates":[[[30.380239663743943,60.006640275493531],[30.380252608737589,60.006659447828646],[30.38029862858772,60.006651682781808],[30.380261231559778,60.006596296340859],[30.380199019604078,60.006606793549068],[30.380223471596377,60.006643007654894],[30.380239663743943,60.006640275493531]]]},"properties":{"category":"unspecified","name":{"ru":"ГРЩ-3","en":"ГРЩ-3"},"alt_name":{"ru":"ГРЩ-3","en":"ГРЩ-3"},"restriction":"restricted","accessibility":null,"level_id":"24eaac9e-55e2-4986-9307-4c3a2a311e44","display_point":{"type":"Point","coordinates":[30.380245770634314,60.006632917183317]}}},{"id":"556c0a7d-3101-44c3-b485-c4b36afcb4ff","type":"Feature","feature_type":"unit","geometry":{"type":"Polygon","coordinates":[[[30.379663632810409,60.006671501998319],[30.379655002926057,60.006658720533061],[30.379718066485179,60.006648079512445],[30.379709436593362,60.006635298047186],[30.379605466325607,60.006652841240175],[30.37962272607697,60.0066784041707],[30.379663632810409,60.006671501998319]]]},"properties":{"category":"unspecified","name":{"ru":"Кабинет 10","en":"Cabinet 10"},"alt_name":{"ru":"10","en":"10"},"restriction":"restricted","accessibility":null,"level_id":"24eaac9e-55e2-4986-9307-4c3a2a311e44","display_point":{"type":"Point","coordinates":[30.379662274719696,60.006657493461894]}}},{"id":"77061277-9902-4e8c-8204-bd7f2beafd37","type":"Feature","feature_type":"unit","geometry":{"type":"Polygon","coordinates":[[[30.379726696380327,60.0066608609777],[30.379718066485179,60.006648079512445],[30.379655002377071,60.006658720533061],[30.379663632261423,60.006671501998319],[30.379726696380327,60.0066608609777]]]},"properties":{"category":"restroom","name":{"ru":"Туалет мужской","en":"Restroom male"},"alt_name":{"ru":"Туалет М.","en":"Restroom M."},"restriction":null,"accessibility":null,"level_id":"24eaac9e-55e2-4986-9307-4c3a2a311e44","display_point":{"type":"Point","coordinates":[30.379690849652604,60.006659790618158]}}},{"id":"9dde4ac2-0a2c-4654-8344-d1f8f1b7bfb5","type":"Feature","feature_type":"unit","geometry":{"type":"Polygon","coordinates":[[[30.379789761027951,60.006650220231542],[30.379781131122,60.006637438766283],[30.379718066485179,60.006648079512445],[30.379726696380327,60.0066608609777],[30.379789761027951,60.006650220231542]]]},"properties":{"category":"restroom","name":{"ru":"Туалет женский","en":"Restroom female"},"alt_name":{"ru":"Туалет Ж.","en":"Restroom F."},"restriction":null,"accessibility":null,"level_id":"24eaac9e-55e2-4986-9307-4c3a2a311e44","display_point":{"type":"Point","coordinates":[30.37975391430497,60.00664914987199]}}},{"id":"ebc3543a-ed8c-4c6e-b2bd-0e7d339438c9","type":"Feature","feature_type":"unit","geometry":{"type":"Polygon","coordinates":[[[30.379781131122,60.006637438766283],[30.379789761027951,60.006650220231542],[30.379834076343194,60.006642742809518],[30.379816816519455,60.006617179879],[30.379709436593362,60.006635298047186],[30.379718066485179,60.006648079512445],[30.379781131122,60.006637438766283]]]},"properties":{"category":"unspecified","name":{"ru":"Кабинет 10","en":"Cabinet 10"},"alt_name":{"ru":"10","en":"10"},"restriction":"restricted","accessibility":null,"level_id":"24eaac9e-55e2-4986-9307-4c3a2a311e44","display_point":{"type":"Point","coordinates":[30.37977488153356,60.00663849320766]}}},{"id":"1346f334-9917-47a4-9bf8-1af0d97ded19","type":"Feature","feature_type":"unit","geometry":{"type":"Polygon","coordinates":[[[30.379861346921373,60.006638141361265],[30.379844087088298,60.006612578430747],[30.379816816519455,60.006617179879],[30.379834076343194,60.006642742809518],[30.379861346921373,60.006638141361265]]]},"properties":{"category":"unspecified","name":{"ru":"Г.1.21","en":"Г.1.21"},"alt_name":{"ru":"Г.1.21","en":"Г.1.21"},"restriction":"restricted","accessibility":null,"level_id":"24eaac9e-55e2-4986-9307-4c3a2a311e44","display_point":{"type":"Point","coordinates":[30.379839081442395,60.006627660620133]}}},{"id":"6d6ae25f-8bae-4fcd-8e2c-2d26b725936c","type":"Feature","feature_type":"unit","geometry":{"type":"Polygon","coordinates":[[[30.379574786005943,60.006658017938072],[30.379537964977239,60.006603483668],[30.37940501897992,60.006625915659619],[30.379441839911504,60.006680449929689],[30.379574786005943,60.006658017938072]]]},"properties":{"category":"classroom","name":{"ru":"Г.1.40 Международный научно-образовательный центр \"Аддитивные технологии","en":"Г.1.40 Centre for International Research and Education \"Additive Technology\""},"alt_name":{"ru":"Г.1.40","en":"Г.1.40"},"restriction":null,"accessibility":null,"level_id":"24eaac9e-55e2-4986-9307-4c3a2a311e44","display_point":{"type":"Point","coordinates":[30.379489902746837,60.006641966936073]}}},{"id":"1a764509-7d70-4d04-9dbe-5ebe07ef5708","type":"Feature","feature_type":"unit","geometry":{"type":"Polygon","coordinates":[[[30.379707732559179,60.006635585672008],[30.379670911433355,60.006581051401938],[30.379537964977239,60.006603483668],[30.379574786005943,60.006658017938072],[30.379707732559179,60.006635585672008]]]},"properties":{"category":"classroom","name":{"ru":"Г.1.30 Лаборатория \"Дизайн материалов и аддитивного производства\"","en":"Г.1.30 Laboratory \"Design of materials for additive manufacturing\""},"alt_name":{"ru":"Г.1.30","en":"Г.1.30"},"restriction":null,"accessibility":null,"level_id":"24eaac9e-55e2-4986-9307-4c3a2a311e44","display_point":{"type":"Point","coordinates":[30.379622848198643,60.006619534944456]}}},{"id":"3311129e-7cc5-42fc-a5ff-ae28870f2a55","type":"Feature","feature_type":"unit","geometry":{"type":"Polygon","coordinates":[[[30.379844087088298,60.006612578430747],[30.379861346921373,60.006638141361265],[30.379984066397693,60.006617434844131],[30.379966231669457,60.00659102001719],[30.380104291145493,60.006567725151108],[30.380068044584263,60.006514042777461],[30.379670911433355,60.006581051401938],[30.379707732559179,60.006635585672008],[30.379844087088298,60.006612578430747]]]},"properties":{"category":"classroom","name":{"ru":"Г.1.27 Сетевой инжиниринговый центр СПБПУ и ПГТУ","en":"Г.1.27"},"alt_name":{"ru":"Г.1.27","en":"Г.1.27"},"restriction":null,"accessibility":null,"level_id":"24eaac9e-55e2-4986-9307-4c3a2a311e44","display_point":{"type":"Point","coordinates":[30.379865617971607,60.0065779605329]}}},{"id":"ed3709b3-463e-47f3-b064-14cf36c17969","type":"Feature","feature_type":"unit","geometry":{"type":"Polygon","coordinates":[[[30.380122125922579,60.006594139978048],[30.380104291145493,60.006567725151108],[30.379966231669457,60.00659102001719],[30.379984066397693,60.006617434844131],[30.380122125922579,60.006594139978048]]]},"properties":{"category":"unspecified","name":{"ru":"Г.1.67","en":"Г.1.67"},"alt_name":{"ru":"Г.1.67","en":"Г.1.67"},"restriction":"restricted","accessibility":null,"level_id":"24eaac9e-55e2-4986-9307-4c3a2a311e44","display_point":{"type":"Point","coordinates":[30.380044179068673,60.006592579997623]}}},{"id":"0870e167-d4c1-48bc-aaf7-7052779a2dab","type":"Feature","feature_type":"unit","geometry":{"type":"Polygon","coordinates":[[[30.380544824601206,60.00652281753014],[30.380335401963787,60.006212653954876],[30.379912704492416,60.006283976402784],[30.380122125922579,60.006594139978048],[30.380544824601206,60.00652281753014]]]},"properties":{"category":"auditorium","name":{"ru":"Г.1.14 Учебный научно-производственный центр промышленной робототехники Kawasaki-Политех","en":"Г.1.14 Education and R&D Center of Industrial Robotics Kawasaki-Polytech"},"alt_name":{"ru":"Г.1.14","en":"Г.1.14"},"restriction":null,"accessibility":null,"level_id":"24eaac9e-55e2-4986-9307-4c3a2a311e44","display_point":{"type":"Point","coordinates":[30.380228199665147,60.006403966727085]}}},{"id":"2139d146-8004-4f68-a3bb-e70a508bb8b7","type":"Feature","feature_type":"unit","geometry":{"type":"Polygon","coordinates":[[[30.380335401963787,60.006212653954876],[30.380285923348215,60.0061393732979],[30.379960378611464,60.006194303052105],[30.380009856907467,60.006267583709082],[30.380335401963787,60.006212653954876]]]},"properties":{"category":"unspecified","name":{"ru":"Кабинет 13","en":"Cabinet 13"},"alt_name":{"ru":"13","en":"13"},"restriction":"restricted","accessibility":null,"level_id":"24eaac9e-55e2-4986-9307-4c3a2a311e44","display_point":{"type":"Point","coordinates":[30.380147890536126,60.006203478777941]}}},{"id":"61a95257-bd2c-43c7-bb36-be37fa46343f","type":"Feature","feature_type":"unit","geometry":{"type":"Polygon","coordinates":[[[30.379537964977239,60.006603483668],[30.379505746626933,60.006555766215996],[30.379372800714592,60.006578198207613],[30.37940501897992,60.006625915659619],[30.379537964977239,60.006603483668]]]},"properties":{"category":"classroom","name":{"ru":"Г.1.39","en":"Г.1.39"},"alt_name":{"ru":"Г.1.39","en":"Г.1.39"},"restriction":null,"accessibility":null,"level_id":"24eaac9e-55e2-4986-9307-4c3a2a311e44","display_point":{"type":"Point","coordinates":[30.379455382830141,60.006590841075031]}}},{"id":"f08a41e1-4265-4558-aea6-f5c276cf8e44","type":"Feature","feature_type":"unit","geometry":{"type":"Polygon","coordinates":[[[30.379670911433355,60.006581051401938],[30.379638692449081,60.006533333949932],[30.379505746626933,60.006555766215996],[30.379537964977239,60.006603483668],[30.379670911433355,60.006581051401938]]]},"properties":{"category":"classroom","name":{"ru":"Г.1.31","en":"Г.1.31"},"alt_name":{"ru":"Г.1.31","en":"Г.1.31"},"restriction":null,"accessibility":null,"level_id":"24eaac9e-55e2-4986-9307-4c3a2a311e44","display_point":{"type":"Point","coordinates":[30.379588328739885,60.006568409083414]}}},{"id":"0174ba7d-6e1f-4b46-ba71-f35abfdd9e29","type":"Feature","feature_type":"unit","geometry":{"type":"Polygon","coordinates":[[[30.379407320560858,60.006629324068648],[30.379372800714592,60.006578198207613],[30.379350643328255,60.006581936781394],[30.379371354781313,60.006612612188242],[30.379344083630581,60.006617213636495],[30.379357891452162,60.00663766409069],[30.379407320560858,60.006629324068648]]]},"properties":{"category":"unspecified","name":{"ru":"Кабинет 14","en":"Cabinet 14"},"alt_name":{"ru":"14","en":"14"},"restriction":"restricted","accessibility":null,"level_id":"24eaac9e-55e2-4986-9307-4c3a2a311e44","display_point":{"type":"Point","coordinates":[30.379367349167836,60.006609491678482]}}},{"id":"bd44c586-32fe-4de3-b446-02dd24665f07","type":"Feature","feature_type":"unit","geometry":{"type":"Polygon","coordinates":[[[30.379372800989103,60.00657819848206],[30.379337130683741,60.006525368279284],[30.379287701918368,60.006533708301319],[30.379302085098328,60.006555010651937],[30.379329355951839,60.006550409203683],[30.379350643328273,60.006581937055849],[30.379372800989103,60.00657819848206]]]},"properties":{"category":"unspecified","name":{"ru":"Кабинет 15","en":"Cabinet 15"},"alt_name":{"ru":"15","en":"15"},"restriction":"restricted","accessibility":null,"level_id":"24eaac9e-55e2-4986-9307-4c3a2a311e44","display_point":{"type":"Point","coordinates":[30.379329952943543,60.006554105237541]}}},{"id":"3c13a4cf-eada-47b1-b649-a7e67ce7a12f","type":"Feature","feature_type":"unit","geometry":{"type":"Polygon","coordinates":[[[30.379371354781313,60.006612612188242],[30.379350643328255,60.006581936781394],[30.379323372188733,60.006586538229648],[30.379344083630581,60.006617213636495],[30.379371354781313,60.006612612188242]]]},"properties":{"category":"unspecified","name":{"ru":"Кабинет 16","en":"Cabinet 16"},"alt_name":{"ru":"16","en":"16"},"restriction":"restricted","accessibility":null,"level_id":"24eaac9e-55e2-4986-9307-4c3a2a311e44","display_point":{"type":"Point","coordinates":[30.379347363754807,60.0065995754834]}}},{"id":"74f509a2-5a91-435b-b1a2-e365a7ba97a8","type":"Feature","feature_type":"unit","geometry":{"type":"Polygon","coordinates":[[[30.379350643328255,60.006581936781394],[30.379329356226332,60.006550409203683],[30.379302085098328,60.006555010651937],[30.379323372188733,60.006586538229648],[30.379350643328255,60.006581936781394]]]},"properties":{"category":"unspecified","name":{"ru":"Кабинет 17","en":"Cabinet 17"},"alt_name":{"ru":"17","en":"17"},"restriction":"restricted","accessibility":null,"level_id":"24eaac9e-55e2-4986-9307-4c3a2a311e44","display_point":{"type":"Point","coordinates":[30.379326364071112,60.006568473853889]}}},{"id":"9c2868a2-e6ab-4f7b-a41b-9735cfdb6896","type":"Feature","feature_type":"unit","geometry":{"type":"Polygon","coordinates":[[[30.379505746626933,60.006555766215996],[30.379470076501995,60.006502936287667],[30.379337130683741,60.006525368279284],[30.379372800714592,60.006578198207613],[30.379505746626933,60.006555766215996]]]},"properties":{"category":"classroom","name":{"ru":"Г.1.38","en":"Г.1.38"},"alt_name":{"ru":"Г.1.38","en":"Г.1.38"},"restriction":null,"accessibility":null,"level_id":"24eaac9e-55e2-4986-9307-4c3a2a311e44","display_point":{"type":"Point","coordinates":[30.379420863515794,60.006539715214]}}},{"id":"80c9fa67-fe61-437a-8bd9-cab13fa56b60","type":"Feature","feature_type":"unit","geometry":{"type":"Polygon","coordinates":[[[30.379638692449081,60.006533333949932],[30.379603022230061,60.006480504021596],[30.379470076501995,60.006502936287667],[30.379505746626933,60.006555766215996],[30.379638692449081,60.006533333949932]]]},"properties":{"category":"classroom","name":{"ru":"Г.1.32","en":"Г.1.32"},"alt_name":{"ru":"Г.1.32","en":"Г.1.32"},"restriction":null,"accessibility":null,"level_id":"24eaac9e-55e2-4986-9307-4c3a2a311e44","display_point":{"type":"Point","coordinates":[30.379553809334471,60.006517282947925]}}},{"id":"788f0d54-5e3f-4824-a82d-b1155c85ed67","type":"Feature","feature_type":"unit","geometry":{"type":"Polygon","coordinates":[[[30.378649144428369,60.006496228975614],[30.378600242851881,60.006423800489507],[30.378281512833336,60.006477580018874],[30.378330414375071,60.006550008504981],[30.378649144428369,60.006496228975614]]]},"properties":{"category":"unspecified","name":{"ru":"Кабинет 18","en":"Cabinet 18"},"alt_name":{"ru":"18","en":"18"},"restriction":"restricted","accessibility":null,"level_id":"24eaac9e-55e2-4986-9307-4c3a2a311e44","display_point":{"type":"Point","coordinates":[30.378469472697031,60.006485730944057]}}},{"id":"ad0cc528-555d-4e1d-99d2-ca2ee016a884","type":"Feature","feature_type":"unit","geometry":{"type":"Polygon","coordinates":[[[30.379603022230061,60.006480504021596],[30.379588639518353,60.006459201396531],[30.37949233900747,60.006475450277826],[30.379506721966187,60.006496752902891],[30.379603022230061,60.006480504021596]]]},"properties":{"category":"classroom","name":{"ru":"Г.1.33","en":"Г.1.33"},"alt_name":{"ru":"Г.1.33","en":"Г.1.33"},"restriction":null,"accessibility":null,"level_id":"24eaac9e-55e2-4986-9307-4c3a2a311e44","display_point":{"type":"Point","coordinates":[30.379547680479423,60.006477977424161]}}},{"id":"7679c4fd-95a2-4343-aa3d-8cc2e8677e27","type":"Feature","feature_type":"unit","geometry":{"type":"Polygon","coordinates":[[[30.379426718156797,60.006486522461223],[30.37940773234984,60.006458403292541],[30.379360860239437,60.006466312151794],[30.37937984630323,60.006494431320476],[30.379426718156797,60.006486522461223]]]},"properties":{"category":"classroom","name":{"ru":"Г.1.35","en":"Г.1.35"},"alt_name":{"ru":"Г.1.35","en":"Г.1.35"},"restriction":null,"accessibility":null,"level_id":"24eaac9e-55e2-4986-9307-4c3a2a311e44","display_point":{"type":"Point","coordinates":[30.379395493361805,60.006476130093361]}}},{"id":"c5bbacd1-804e-407f-9ba8-ad57add9babf","type":"Feature","feature_type":"unit","geometry":{"type":"Polygon","coordinates":[[[30.379387279036742,60.006461854515955],[30.379371170219105,60.006437995652725],[30.379321741248823,60.006446335674767],[30.379337850325154,60.006470194537989],[30.379387279036742,60.006461854515955]]]},"properties":{"category":"classroom","name":{"ru":"Б.1.13","en":"Б.1.13"},"alt_name":{"ru":"Б.1.13","en":"Б.1.13"},"restriction":null,"accessibility":null,"level_id":"24eaac9e-55e2-4986-9307-4c3a2a311e44","display_point":{"type":"Point","coordinates":[30.379354510138928,60.006454094958137]}}},{"id":"40f32a02-5e59-44eb-8bae-051270412b95","type":"Feature","feature_type":"unit","geometry":{"type":"Polygon","coordinates":[[[30.379446934390092,60.006451788744982],[30.3794308252789,60.00642792988176],[30.379371170219105,60.006437995652725],[30.379387279036742,60.006461854515955],[30.379446934390092,60.006451788744982]]]},"properties":{"category":"classroom","name":{"ru":"Б.1.12","en":"Б.1.12"},"alt_name":{"ru":"Б.1.12","en":"Б.1.12"},"restriction":null,"accessibility":null,"level_id":"24eaac9e-55e2-4986-9307-4c3a2a311e44","display_point":{"type":"Point","coordinates":[30.379409052300641,60.00644489206163]}}},{"id":"d3ea47ca-d0ff-434f-b016-9d38411f423f","type":"Feature","feature_type":"unit","geometry":{"type":"Polygon","coordinates":[[[30.379482727264008,60.006445749447074],[30.379466618415869,60.006421890583844],[30.3794308252789,60.00642792988176],[30.379446934390092,60.006451788744982],[30.379482727264008,60.006445749447074]]]},"properties":{"category":"classroom","name":{"ru":"Б.1.11","en":"Б.1.11"},"alt_name":{"ru":"Б.1.11","en":"Б.1.11"},"restriction":null,"accessibility":null,"level_id":"24eaac9e-55e2-4986-9307-4c3a2a311e44","display_point":{"type":"Point","coordinates":[30.379456776130713,60.006436839664417]}}},{"id":"0b1552cf-ac4d-4d3b-ba36-aed9decebe5b","type":"Feature","feature_type":"unit","geometry":{"type":"Polygon","coordinates":[[[30.379514259507427,60.006440428936763],[30.379498150374715,60.00641657007354],[30.379466618415869,60.006421890583844],[30.379482727264008,60.006445749447074],[30.379514259507427,60.006440428936763]]]},"properties":{"category":"unspecified","name":{"ru":"Кабинет 19","en":"Classroom 19"},"alt_name":{"ru":"19","en":"19"},"restriction":"restricted","accessibility":null,"level_id":"24eaac9e-55e2-4986-9307-4c3a2a311e44","display_point":{"type":"Point","coordinates":[30.379490012950832,60.006431231529284]}}},{"id":"90684ea7-b29b-44b3-a981-c3e7e11abf94","type":"Feature","feature_type":"unit","geometry":{"type":"Polygon","coordinates":[[[30.379350609190038,60.006427227286771],[30.379342554516114,60.006415297992383],[30.379303352487049,60.006421912539935],[30.379311407154709,60.00643384183433],[30.379350609190038,60.006427227286771]]]},"properties":{"category":"unspecified","name":{"ru":"Кабинет 20","en":"Cabinet 20"},"alt_name":{"ru":"20","en":"20"},"restriction":"restricted","accessibility":null,"level_id":"24eaac9e-55e2-4986-9307-4c3a2a311e44","display_point":{"type":"Point","coordinates":[30.379326554692756,60.006424641956784]}}},{"id":"0eae8b61-c2f8-43b3-8ebd-8bad0870ba1d","type":"Feature","feature_type":"unit","geometry":{"type":"Polygon","coordinates":[[[30.379436406122046,60.006413699863245],[30.379426625528172,60.006399214056238],[30.379397650439703,60.006404103129313],[30.379407431027953,60.006418588936313],[30.379436406122046,60.006413699863245]]]},"properties":{"category":"unspecified","name":{"ru":"Кабинет 21","en":"Cabinet 21"},"alt_name":{"ru":"21","en":"21"},"restriction":"restricted","accessibility":null,"level_id":"24eaac9e-55e2-4986-9307-4c3a2a311e44","display_point":{"type":"Point","coordinates":[30.379417028279477,60.006408901633506]}}},{"id":"277b9b97-b061-4e4a-b804-993d17752d28","type":"Feature","feature_type":"unit","geometry":{"type":"Polygon","coordinates":[[[30.379311407154709,60.00643384183433],[30.379303352487049,60.006421912539935],[30.379342554516114,60.006415297992383],[30.379323568765379,60.0063871788237],[30.379205962698968,60.006407022466369],[30.379233003060534,60.00644707092944],[30.379311407154709,60.00643384183433]]]},"properties":{"category":"classroom","name":{"ru":"Б.1.05","en":"Б.1.05"},"alt_name":{"ru":"Б.1.05","en":"Б.1.05"},"restriction":null,"accessibility":null,"level_id":"24eaac9e-55e2-4986-9307-4c3a2a311e44","display_point":{"type":"Point","coordinates":[30.379286641450932,60.006418720947323]}}},{"id":"46ef1fc9-5907-478e-b4b1-efb9d4797f3c","type":"Feature","feature_type":"unit","geometry":{"type":"Polygon","coordinates":[[[30.379426625528172,60.006399214056238],[30.37939325684685,60.006349792536945],[30.379333601851808,60.00635985830791],[30.379366970493638,60.00640927982721],[30.379426625528172,60.006399214056238]]]},"properties":{"category":"classroom","name":{"ru":"Б.1.06","en":"Б.1.06"},"alt_name":{"ru":"Б.1.06","en":"Б.1.06"},"restriction":null,"accessibility":null,"level_id":"24eaac9e-55e2-4986-9307-4c3a2a311e44","display_point":{"type":"Point","coordinates":[30.379380113676156,60.006379536182074]}}},{"id":"bf888501-05ce-4c61-9a74-d5a7829bc721","type":"Feature","feature_type":"unit","geometry":{"type":"Polygon","coordinates":[[[30.379534558387409,60.00637910447039],[30.379517298748215,60.006353541539873],[30.379433781881556,60.006367633509448],[30.379451041766643,60.006393196439973],[30.379534558387409,60.00637910447039]]]},"properties":{"category":"classroom","name":{"ru":"Б.1.08","en":"Б.1.08"},"alt_name":{"ru":"Б.1.08","en":"Б.1.08"},"restriction":null,"accessibility":null,"level_id":"24eaac9e-55e2-4986-9307-4c3a2a311e44","display_point":{"type":"Point","coordinates":[30.379483999535132,60.006373397807295]}}},{"id":"a4386946-db5b-439c-a31f-74dd490e3cf7","type":"Feature","feature_type":"unit","geometry":{"type":"Polygon","coordinates":[[[30.379517298748215,60.006353541539873],[30.379497737547116,60.006324569925866],[30.379414220712867,60.006338661895448],[30.379433781881556,60.006367633509448],[30.379517298748215,60.006353541539873]]]},"properties":{"category":"classroom","name":{"ru":"Б.1.07","en":"Б.1.07"},"alt_name":{"ru":"Б.1.07","en":"Б.1.07"},"restriction":null,"accessibility":null,"level_id":"24eaac9e-55e2-4986-9307-4c3a2a311e44","display_point":{"type":"Point","coordinates":[30.37946575986199,60.006346101717661]}}},{"id":"aa3b9603-cda9-400f-ba1a-356d6800caaf","type":"Feature","feature_type":"unit","geometry":{"type":"Polygon","coordinates":[[[30.380076279503655,60.006174747034258],[30.380044924072529,60.006128307975786],[30.379929023252433,60.006147863993625],[30.379960378611464,60.006194303052105],[30.380076279503655,60.006174747034258]]]},"properties":{"category":"classroom","name":{"ru":"В.1.12","en":"В.1.12"},"alt_name":{"ru":"В.1.12","en":"В.1.12"},"restriction":null,"accessibility":null,"level_id":"24eaac9e-55e2-4986-9307-4c3a2a311e44","display_point":{"type":"Point","coordinates":[30.380002651637597,60.006161305788396]}}},{"id":"231b60f4-8748-4afe-a03d-991fbcab9367","type":"Feature","feature_type":"unit","geometry":{"type":"Polygon","coordinates":[[[30.380044924072529,60.006128307975786],[30.380027088902871,60.006101892874391],[30.379921414439831,60.006119723417754],[30.379939249572093,60.006146138519149],[30.380044924072529,60.006128307975786]]]},"properties":{"category":"classroom","name":{"ru":"В.1.11","en":"В.1.11"},"alt_name":{"ru":"В.1.11","en":"В.1.11"},"restriction":null,"accessibility":null,"level_id":"24eaac9e-55e2-4986-9307-4c3a2a311e44","display_point":{"type":"Point","coordinates":[30.37998316870318,60.006124015559543]}}},{"id":"a3b360c9-17f5-4c2c-af34-d4b3032049b4","type":"Feature","feature_type":"unit","geometry":{"type":"Polygon","coordinates":[[[30.380027088902871,60.006101892874391],[30.380009828596691,60.006076329943873],[30.379904154169836,60.006094160487237],[30.379921414439831,60.006119723417754],[30.380027088902871,60.006101892874391]]]},"properties":{"category":"unspecified","name":{"ru":"Кабинет 22","en":"Cabinet 22"},"alt_name":{"ru":"22","en":"22"},"restriction":"restricted","accessibility":null,"level_id":"24eaac9e-55e2-4986-9307-4c3a2a311e44","display_point":{"type":"Point","coordinates":[30.379965621258268,60.006098026680817]}}},{"id":"bd200d18-389b-4700-b4c7-40399fa32319","type":"Feature","feature_type":"unit","geometry":{"type":"Polygon","coordinates":[[[30.380009828596691,60.006076329943873],[30.380000623325106,60.006062696307744],[30.379944377542202,60.006072186829066],[30.37995358280352,60.0060858204652],[30.380009828596691,60.006076329943873]]]},"properties":{"category":"unspecified","name":{"ru":"В.1.08 Помещение уборочного инвентаря","en":"В.1.08 Cleaning equipment room"},"alt_name":{"ru":"В.1.08","en":"В.1.08"},"restriction":"restricted","accessibility":null,"level_id":"24eaac9e-55e2-4986-9307-4c3a2a311e44","display_point":{"type":"Point","coordinates":[30.379977103068423,60.006074258386469]}}},{"id":"e2e0fd11-4994-41a0-add0-1d80161d1b84","type":"Feature","feature_type":"unit","geometry":{"type":"Polygon","coordinates":[[[30.37995358280352,60.0060858204652],[30.379944377542202,60.006072186829066],[30.380000623325106,60.006062696307744],[30.37999055496072,60.006047784552528],[30.37988488057427,60.006065615095892],[30.379904154169836,60.006094160487237],[30.37995358280352,60.0060858204652]]]},"properties":{"category":"unspecified","name":{"ru":"Кабинет 24","en":"Cabinet 24"},"alt_name":{"ru":"24","en":"24"},"restriction":"restricted","accessibility":null,"level_id":"24eaac9e-55e2-4986-9307-4c3a2a311e44","display_point":{"type":"Point","coordinates":[30.379946362600361,60.00607137747258]}}},{"id":"f6a9c470-238c-44c0-86f3-3f64b2055c22","type":"Feature","feature_type":"unit","geometry":{"type":"Polygon","coordinates":[[[30.379939537271046,60.006146564467358],[30.379904441868334,60.006094586435445],[30.37988488057427,60.006065615095892],[30.379784319836713,60.006082583039245],[30.379838975875462,60.0061635324107],[30.379939537271046,60.006146564467358]]]},"properties":{"category":"classroom","name":{"ru":"В.1.05 Малый конференц-зал","en":"В.1.05 Smal conference hall"},"alt_name":{"ru":"В.1.05","en":"В.1.05"},"restriction":null,"accessibility":null,"level_id":"24eaac9e-55e2-4986-9307-4c3a2a311e44","display_point":{"type":"Point","coordinates":[30.379870431408406,60.006110576509293]}}},{"id":"091b6210-1d1b-454f-8348-51f02419d7cc","type":"Feature","feature_type":"unit","geometry":{"type":"Polygon","coordinates":[[[30.379838975875462,60.0061635324107],[30.379784319836713,60.006082583039245],[30.379682054478071,60.006099838332965],[30.379736710405925,60.006180787704423],[30.379838975875462,60.0061635324107]]]},"properties":{"category":"administration","name":{"ru":"В.1.04 Переговорная","en":"В.1.04 Negotiation Room"},"alt_name":{"ru":"В.1.04","en":"В.1.04"},"restriction":null,"accessibility":null,"level_id":"24eaac9e-55e2-4986-9307-4c3a2a311e44","display_point":{"type":"Point","coordinates":[30.37976051513899,60.006131685371834]}}},{"id":"6d6ef749-f8d0-4d76-b4ca-7a8d095e3551","type":"Feature","feature_type":"unit","geometry":{"type":"Polygon","coordinates":[[[30.379736710405925,60.006180787704423],[30.379682054478071,60.006099838332965],[30.379579789066092,60.006117093901132],[30.379597048667733,60.006142656831649],[30.379460694746893,60.00616566407291],[30.379498090861045,60.006221050513858],[30.379736710405925,60.006180787704423]]]},"properties":{"category":"classroom","name":{"ru":"В.1.03 Северо-Западный региональный центр компетенций в области онлайн-обучения","en":"В.1.03 North-Western Regional Centre of Competence in Online Education"},"alt_name":{"ru":"В.1.03","en":"В.1.03"},"restriction":null,"accessibility":null,"level_id":"24eaac9e-55e2-4986-9307-4c3a2a311e44","display_point":{"type":"Point","coordinates":[30.379625958914218,60.006154303990243]}}},{"id":"67b11530-3a95-47da-a921-0b35f52785f9","type":"Feature","feature_type":"unit","geometry":{"type":"Polygon","coordinates":[[[30.379597048667733,60.006142656831649],[30.379579789066092,60.006117093901132],[30.379443434917452,60.006140101142392],[30.379460694746893,60.00616566407291],[30.379597048667733,60.006142656831649]]]},"properties":{"category":"classroom","name":{"ru":"В.1.29","en":"В.1.29"},"alt_name":{"ru":"В.1.29","en":"В.1.29"},"restriction":null,"accessibility":null,"level_id":"24eaac9e-55e2-4986-9307-4c3a2a311e44","display_point":{"type":"Point","coordinates":[30.3795202420656,60.006141378987024]}}},{"id":"3bd00c54-540a-43d7-b250-44f9837d2844","type":"Feature","feature_type":"unit","geometry":{"type":"Polygon","coordinates":[[[30.380266361873844,60.0061104022328],[30.380216883411247,60.006037121575822],[30.380049850190467,60.00606530551498],[30.380099329038078,60.006138586171957],[30.380266361873844,60.0061104022328]]]},"properties":{"category":"classroom","name":{"ru":"В.1.15 Протокольно-организационная служба","en":"В.1.15 Protocol service"},"alt_name":{"ru":"В.1.15","en":"В.1.15"},"restriction":null,"accessibility":null,"level_id":"24eaac9e-55e2-4986-9307-4c3a2a311e44","display_point":{"type":"Point","coordinates":[30.380158106269764,60.00608785414834]}}},{"id":"a7832a0f-ca5e-4027-b465-ef565e1a76ed","type":"Feature","feature_type":"unit","geometry":{"type":"Polygon","coordinates":[[[30.380216883411247,60.006037121575822],[30.380184089447358,60.005988552227393],[30.380017056884231,60.006016736166551],[30.380049850190467,60.00606530551498],[30.380216883411247,60.006037121575822]]]},"properties":{"category":"classroom","name":{"ru":"В.1.16","en":"В.1.16"},"alt_name":{"ru":"В.1.16","en":"В.1.16"},"restriction":null,"accessibility":null,"level_id":"24eaac9e-55e2-4986-9307-4c3a2a311e44","display_point":{"type":"Point","coordinates":[30.380116970132356,60.006026929008414]}}},{"id":"be8e792b-454a-4917-b445-e392e0d8beac","type":"Feature","feature_type":"unit","geometry":{"type":"Polygon","coordinates":[[[30.380184089447358,60.005988552227393],[30.380131734175148,60.005911011264963],[30.379964701785518,60.005939195204121],[30.380017056884231,60.006016736166551],[30.380184089447358,60.005988552227393]]]},"properties":{"category":"classroom","name":{"ru":"В.1.17 Отдел мультимедийных","en":"В.1.17 Office of Multimedia"},"alt_name":{"ru":"В.1.17","en":"В.1.17"},"restriction":null,"accessibility":null,"level_id":"24eaac9e-55e2-4986-9307-4c3a2a311e44","display_point":{"type":"Point","coordinates":[30.3800743955755,60.005963873578537]}}},{"id":"6fbddbf8-c73b-4d72-a062-df51d63039c0","type":"Feature","feature_type":"unit","geometry":{"type":"Polygon","coordinates":[[[30.380131734175148,60.005911011264963],[30.38006672194226,60.005814724327308],[30.37989968976806,60.005842908129239],[30.379964701785518,60.005939195204121],[30.380131734175148,60.005911011264963]]]},"properties":{"category":"classroom","name":{"ru":"В.1.18 Медиа-центр","en":"В.1.18 Media Center"},"alt_name":{"ru":"В.1.18","en":"В.1.18"},"restriction":null,"accessibility":null,"level_id":"24eaac9e-55e2-4986-9307-4c3a2a311e44","display_point":{"type":"Point","coordinates":[30.380015712186378,60.005876959834332]}}},{"id":"69404cc1-ff1b-4a8f-905c-69fcab720e72","type":"Feature","feature_type":"unit","geometry":{"type":"Polygon","coordinates":[[[30.38004658581271,60.005784900954112],[30.379973518855429,60.005676684310387],[30.379806486990095,60.005704868249545],[30.379879553156268,60.005813084893269],[30.38004658581271,60.005784900954112]]]},"properties":{"category":"classroom","name":{"ru":"В.1.21 Телестудия","en":"В.1.21 TV studio"},"alt_name":{"ru":"В.1.21","en":"В.1.21"},"restriction":null,"accessibility":null,"level_id":"24eaac9e-55e2-4986-9307-4c3a2a311e44","display_point":{"type":"Point","coordinates":[30.379921582495644,60.005739645603519]}}},{"id":"e998fb6f-a145-48e9-828d-268fc23675c1","type":"Feature","feature_type":"unit","geometry":{"type":"Polygon","coordinates":[[[30.379836942963607,60.005820274690471],[30.379763876310225,60.005712058046747],[30.379650533251063,60.005731182627358],[30.379723599191159,60.005839399271082],[30.379836942963607,60.005820274690471]]]},"properties":{"category":"classroom","name":{"ru":"В.1.22 Центр открытого образования","en":"В.1.22 Center for Open Education"},"alt_name":{"ru":"В.1.22","en":"В.1.22"},"restriction":null,"accessibility":null,"level_id":"24eaac9e-55e2-4986-9307-4c3a2a311e44","display_point":{"type":"Point","coordinates":[30.37974382340985,60.005775714250227]}}},{"id":"a09f2ab0-e00f-4c40-80c5-f3af9cac698f","type":"Feature","feature_type":"unit","geometry":{"type":"Polygon","coordinates":[[[30.379922090971892,60.005946385001323],[30.379836942963607,60.005820274690471],[30.379724451197983,60.005839255733122],[30.379809599565217,60.005965366043974],[30.379922090971892,60.005946385001323]]]},"properties":{"category":"classroom","name":{"ru":"В.1.23 Лаборатория \"Открытых ресурсов\"","en":"В.1.23 Laboratory of Open Resources"},"alt_name":{"ru":"В.1.23","en":"В.1.23"},"restriction":null,"accessibility":null,"level_id":"24eaac9e-55e2-4986-9307-4c3a2a311e44","display_point":{"type":"Point","coordinates":[30.379823271553896,60.005892820367222]}}},{"id":"df7dd5fa-e873-4437-bc35-38e4aea5a07b","type":"Feature","feature_type":"unit","geometry":{"type":"Polygon","coordinates":[[[30.379974446026349,60.006023925963753],[30.379922090971892,60.005946385001323],[30.379809599565217,60.005965366043974],[30.379827434611208,60.005991781145369],[30.379835956892364,60.005990343021253],[30.379870476240839,60.006041468882295],[30.379974446026349,60.006023925963753]]]},"properties":{"category":"classroom","name":{"ru":"В.1.24 Управление автоматизации образовательной деятельности. Отдел поддержки пользователей","en":"В.1.24 Education Automation Office. Support Department"},"alt_name":{"ru":"В.1.24","en":"В.1.24"},"restriction":null,"accessibility":null,"level_id":"24eaac9e-55e2-4986-9307-4c3a2a311e44","display_point":{"type":"Point","coordinates":[30.379901019070569,60.006007730325983]}}},{"id":"29eb3474-4006-4fac-a76a-546be5a9c2ef","type":"Feature","feature_type":"unit","geometry":{"type":"Polygon","coordinates":[[[30.379870476240839,60.006041468882295],[30.379835956892364,60.005990343021253],[30.379375762786211,60.006067992666345],[30.37941028209401,60.006119118527387],[30.379870476240839,60.006041468882295]]]},"properties":{"category":"classroom","name":{"ru":"В.1.25 Конференц-зал \"Капица\"","en":"В.1.25 Conference hall \"Kapitsa\""},"alt_name":{"ru":"В.1.25","en":"В.1.25"},"restriction":null,"accessibility":null,"level_id":"24eaac9e-55e2-4986-9307-4c3a2a311e44","display_point":{"type":"Point","coordinates":[30.379623119700355,60.006054730637096]}}},{"id":"027a9be6-3f01-45ab-82b0-cd72ff7ca87f","type":"Feature","feature_type":"unit","geometry":{"type":"Polygon","coordinates":[[[30.3791203553718,60.006280230693264],[30.379106719856679,60.006282531142944],[30.379106604559393,60.006282360434319],[30.379215688104427,60.006263954641312],[30.379196702451065,60.00623583547263],[30.379261470804281,60.00622490710164],[30.379280456482036,60.006253026270322],[30.379424480679493,60.006228724991814],[30.3793727014983,60.006152036200255],[30.379376962654192,60.0061513171382],[30.379372360352438,60.006144500594587],[30.379372700992334,60.006144442959844],[30.379377303568614,60.006151259503454],[30.379886585141982,60.00606532747107],[30.379881983068181,60.00605851092746],[30.379882323432721,60.006058453567164],[30.379886926055534,60.006065270110781],[30.37999055496072,60.006047784552528],[30.380076279503655,60.006174747034258],[30.380118889898643,60.006167557237056],[30.379806486990095,60.005704868249545],[30.379763876310225,60.005712058046747],[30.379974446026349,60.006023925963753],[30.379870817154281,60.006041411522],[30.379874268982302,60.006046524272776],[30.379873928068836,60.006046581633072],[30.379870476240839,60.006041468882295],[30.379361194555745,60.006127400914679],[30.379364646623372,60.0061325139399],[30.379364305709018,60.0061325713002],[30.379360853915923,60.006127458549422],[30.379356592761397,60.00612817761148],[30.379270294546636,60.006000362958879],[30.3789157744027,60.006060181786161],[30.379002647122192,60.006188848609625],[30.379001795109318,60.00618899242204],[30.379004671491572,60.006193253001939],[30.379004330576596,60.006193310362235],[30.379001454194359,60.006189049782328],[30.378495579127865,60.006274406839523],[30.378499030861732,60.006279519315846],[30.378498689671382,60.006279576676135],[30.378495237937539,60.006274464199812],[30.378388489257279,60.0062924761554],[30.378250125283259,60.006088021563549],[30.378205810160598,60.006095498985573],[30.378445138955414,60.00644997132936],[30.3784894542885,60.006442493907343],[30.37840373271883,60.006315531425614],[30.378510771293037,60.006297470617724],[30.378506168795884,60.006290654074107],[30.378506509711794,60.006290596713811],[30.378511112208979,60.006297413257428],[30.379016987431374,60.006212056200241],[30.379012384888,60.006205239656623],[30.37901272580303,60.006205182296327],[30.379017328346439,60.006211998839944],[30.379019032921693,60.006211711215123],[30.379070811739563,60.006288400006682],[30.379082742680239,60.006286386907377],[30.379082857977473,60.006286557616],[30.379070926762278,60.006288570715306],[30.379073400436578,60.006292234638373],[30.379066582677083,60.006293384863213],[30.37920149563897,60.00649320177925],[30.379337850325154,60.006470194537989],[30.379321741248823,60.006446335674767],[30.379466618415869,60.006421890583844],[30.379499002663934,60.006416426261126],[30.379491523633455,60.006405349137609],[30.379546065186922,60.0063961462411],[30.379534558387409,60.00637910447039],[30.379451041766643,60.006393196439973],[30.379414220712867,60.006338661895448],[30.379388654255095,60.00634297571888],[30.379436406122046,60.006413699863245],[30.379407431027953,60.006418588936313],[30.379397650439703,60.006404103129313],[30.379366970493638,60.00640927982721],[30.379349135244482,60.006382865000269],[30.379323568765379,60.0063871788237],[30.379350609190038,60.006427227286771],[30.379233003060534,60.00644707092944],[30.3791203553718,60.006280230693264]]]},"properties":{"category":"walkway","name":null,"alt_name":null,"restriction":null,"accessibility":null,"level_id":"24eaac9e-55e2-4986-9307-4c3a2a311e44","display_point":{"type":"Point","coordinates":[30.378587066197252,60.006505517226429]}}},{"id":"3564f191-3a38-40f9-a5c3-764c5b21f030","type":"Feature","feature_type":"unit","geometry":{"type":"Polygon","coordinates":[[[30.378360913320574,60.00606932814572],[30.37828842418191,60.005961963672867],[30.377967992109429,60.006016030827055],[30.378040480512752,60.006123395299909],[30.378360913320574,60.00606932814572]]]},"properties":{"category":"classroom","name":{"ru":"А.1.01","en":"А.1.01"},"alt_name":{"ru":"А.1.01","en":"А.1.01"},"restriction":null,"accessibility":null,"level_id":"24eaac9e-55e2-4986-9307-4c3a2a311e44","display_point":{"type":"Point","coordinates":[30.378165332230179,60.006042436048205]}}},{"id":"76e53d71-a4c1-41ad-9d7f-d0bca8ad2455","type":"Feature","feature_type":"unit","geometry":{"type":"Polygon","coordinates":[[[30.378428224286111,60.006169023355184],[30.378360913320574,60.00606932814572],[30.378250125283259,60.006088021563549],[30.37831743610084,60.006187716773013],[30.378428224286111,60.006169023355184]]]},"properties":{"category":"classroom","name":{"ru":"А.1.31","en":"А.1.31"},"alt_name":{"ru":"А.1.31","en":"А.1.31"},"restriction":null,"accessibility":null,"level_id":"24eaac9e-55e2-4986-9307-4c3a2a311e44","display_point":{"type":"Point","coordinates":[30.378340027018179,60.006128378509729]}}},{"id":"4eb966d6-8d86-4410-8a61-29d9cdc61986","type":"Feature","feature_type":"unit","geometry":{"type":"Polygon","coordinates":[[[30.378596140487637,60.006257438896171],[30.378559320488769,60.0062029046261],[30.378462167809236,60.0062192973198],[30.378428224286111,60.006169023355184],[30.37831743610084,60.006187716773013],[30.378388199396316,60.006292525007709],[30.378596140487637,60.006257438896171]]]},"properties":{"category":"classroom","name":{"ru":"А.1.30","en":"А.1.30"},"alt_name":{"ru":"А.1.30","en":"А.1.30"},"restriction":null,"accessibility":null,"level_id":"24eaac9e-55e2-4986-9307-4c3a2a311e44","display_point":{"type":"Point","coordinates":[30.378424648363445,60.006255895657269]}}},{"id":"a7442328-abec-4784-b7c4-0b3ecf80b8f6","type":"Feature","feature_type":"unit","geometry":{"type":"Polygon","coordinates":[[[30.378698406373214,60.006240183602451],[30.378661586025128,60.006185649057933],[30.378559320214261,60.006202904351653],[30.378596140487637,60.006257438896171],[30.378698406373214,60.006240183602451]]]},"properties":{"category":"classroom","name":{"ru":"А.1.29","en":"А.1.29"},"alt_name":{"ru":"А.1.29","en":"А.1.29"},"restriction":null,"accessibility":null,"level_id":"24eaac9e-55e2-4986-9307-4c3a2a311e44","display_point":{"type":"Point","coordinates":[30.378628863411386,60.006221543977048]}}},{"id":"593f275f-30e7-45a9-aaad-e8bcc050deef","type":"Feature","feature_type":"unit","geometry":{"type":"Polygon","coordinates":[[[30.37895066225234,60.006197620068896],[30.378913841445488,60.006143085524371],[30.378661586025128,60.006185649057933],[30.378698406373214,60.006240183602451],[30.37895066225234,60.006197620068896]]]},"properties":{"category":"administration","name":{"ru":"А.1.28 ","en":"А.1.28"},"alt_name":{"ru":"А.1.28","en":"А.1.28"},"restriction":null,"accessibility":null,"level_id":"24eaac9e-55e2-4986-9307-4c3a2a311e44","display_point":{"type":"Point","coordinates":[30.378806123988412,60.006191634563415]}}},{"id":"b50dfa19-2ff0-4db3-91ed-e0c16c57b184","type":"Feature","feature_type":"unit","geometry":{"type":"Polygon","coordinates":[[[30.378256437191734,60.00617048343539],[30.378225946103733,60.006125322221543],[30.378062320418753,60.006152930911057],[30.378092811682258,60.006198092124905],[30.378256437191734,60.00617048343539]]]},"properties":{"category":"classroom","name":{"ru":"А.1.04","en":"А.1.04"},"alt_name":{"ru":"А.1.04","en":"А.1.04"},"restriction":null,"accessibility":null,"level_id":"24eaac9e-55e2-4986-9307-4c3a2a311e44","display_point":{"type":"Point","coordinates":[30.378159378792372,60.006161707310447]}}},{"id":"884b3fb6-a743-459a-9c19-90c05816917d","type":"Feature","feature_type":"unit","geometry":{"type":"Polygon","coordinates":[[[30.378290380310538,60.006220757125561],[30.378256437191734,60.00617048343539],[30.378092811682258,60.006198092124905],[30.378126754690868,60.006248365815068],[30.378290380310538,60.006220757125561]]]},"properties":{"category":"classroom","name":{"ru":"А.1.05","en":"А.1.05"},"alt_name":{"ru":"А.1.05","en":"А.1.05"},"restriction":null,"accessibility":null,"level_id":"24eaac9e-55e2-4986-9307-4c3a2a311e44","display_point":{"type":"Point","coordinates":[30.37819159625397,60.006209424762453]}}},{"id":"1978ddbd-609e-4df8-8de3-e1ec65e3ab11","type":"Feature","feature_type":"unit","geometry":{"type":"Polygon","coordinates":[[[30.378324323480935,60.006271030815725],[30.378290380310538,60.006220757125561],[30.378126754690868,60.006248365815068],[30.378160697751074,60.006298639505239],[30.378324323480935,60.006271030815725]]]},"properties":{"category":"classroom","name":{"ru":"А.1.06","en":"А.1.06"},"alt_name":{"ru":"А.1.06","en":"А.1.06"},"restriction":null,"accessibility":null,"level_id":"24eaac9e-55e2-4986-9307-4c3a2a311e44","display_point":{"type":"Point","coordinates":[30.378225539343475,60.006259698452624]}}},{"id":"ad0b6675-061e-41d3-8f1b-6852cfad6570","type":"Feature","feature_type":"unit","geometry":{"type":"Polygon","coordinates":[[[30.378359417461112,60.006323008847637],[30.378324323480935,60.006271030815725],[30.378160697751074,60.006298639505239],[30.378195791617319,60.006350617537151],[30.378359417461112,60.006323008847637]]]},"properties":{"category":"classroom","name":{"ru":"А.1.07","en":"А.1.07"},"alt_name":{"ru":"А.1.07","en":"А.1.07"},"restriction":null,"accessibility":null,"level_id":"24eaac9e-55e2-4986-9307-4c3a2a311e44","display_point":{"type":"Point","coordinates":[30.37825948248458,60.006309972142795]}}},{"id":"827fd275-a413-4734-a339-400911c8da1c","type":"Feature","feature_type":"unit","geometry":{"type":"Polygon","coordinates":[[[30.378394511496442,60.006374986879543],[30.378359417461112,60.006323008847637],[30.378195791617319,60.006350617537151],[30.37823088553872,60.006402595569057],[30.378394511496442,60.006374986879543]]]},"properties":{"category":"classroom","name":{"ru":"А.1.08","en":"А.1.08"},"alt_name":{"ru":"А.1.08","en":"А.1.08"},"restriction":null,"accessibility":null,"level_id":"24eaac9e-55e2-4986-9307-4c3a2a311e44","display_point":{"type":"Point","coordinates":[30.378294576434463,60.0063619501747]}}},{"id":"16e0d94d-6312-47b8-bc63-dd59169f5c9d","type":"Feature","feature_type":"unit","geometry":{"type":"Polygon","coordinates":[[[30.378425002814623,60.00642014809339],[30.378394511496442,60.006374986879543],[30.37823088553872,60.006402595569057],[30.378261377032405,60.006447756782904],[30.378425002814623,60.00642014809339]]]},"properties":{"category":"classroom","name":{"ru":"А.1.09","en":"А.1.09"},"alt_name":{"ru":"А.1.09","en":"А.1.09"},"restriction":null,"accessibility":null,"level_id":"24eaac9e-55e2-4986-9307-4c3a2a311e44","display_point":{"type":"Point","coordinates":[30.378329670164995,60.006413927932158]}}},{"id":"1accb801-2ab3-4ecb-9d3b-40e0d92dbe6c","type":"Feature","feature_type":"unit","geometry":{"type":"Polygon","coordinates":[[[30.378468054992148,60.006320814336114],[30.378477260258268,60.006334447972243],[30.37852839328276,60.00632582032538],[30.378509407629309,60.00629770088225],[30.37840373271883,60.006315531425614],[30.378413513076318,60.006330017232614],[30.378468054992148,60.006320814336114]]]},"properties":{"category":"restroom.female","name":{"ru":"Туалет женский","en":"Restroom female"},"alt_name":{"ru":"Туалет Ж.","en":"Restroom F."},"restriction":null,"accessibility":null,"level_id":"24eaac9e-55e2-4986-9307-4c3a2a311e44","display_point":{"type":"Point","coordinates":[30.378476953928182,60.00631899637159]}}},{"id":"27e827c6-d495-4fea-9db8-6db117835a46","type":"Feature","feature_type":"unit","geometry":{"type":"Polygon","coordinates":[[[30.378477260258268,60.006334447972243],[30.378468054992148,60.006320814336114],[30.378413513076318,60.006330017232614],[30.378422718332477,60.006343650868743],[30.378477260258268,60.006334447972243]]]},"properties":{"category":"unspecified","name":{"ru":"Кабинет 25","en":"Cabinet 25"},"alt_name":{"ru":"25","en":"25"},"restriction":"restricted","accessibility":null,"level_id":"24eaac9e-55e2-4986-9307-4c3a2a311e44","display_point":{"type":"Point","coordinates":[30.378445386666225,60.006332232602432]}}},{"id":"ef083a5b-6a83-447e-99db-1332abe3c0a2","type":"Feature","feature_type":"unit","geometry":{"type":"Polygon","coordinates":[[[30.378545098715094,60.006353374673566],[30.378526688976923,60.0063261079502],[30.378422718332477,60.006343650868743],[30.378441128032684,60.006370917866555],[30.378545098715094,60.006353374673566]]]},"properties":{"category":"restroom.male","name":{"ru":"Туалет мужской","en":"Restroom male"},"alt_name":{"ru":"Туалет М.","en":"Restroom M."},"restriction":null,"accessibility":null,"level_id":"24eaac9e-55e2-4986-9307-4c3a2a311e44","display_point":{"type":"Point","coordinates":[30.378483908382041,60.006348512771154]}}},{"id":"33fb2974-2f0a-435a-bb8f-c360668ec869","type":"Feature","feature_type":"unit","geometry":{"type":"Polygon","coordinates":[[[30.378482696052334,60.006376243316986],[30.378475216647608,60.006365166193468],[30.378441128032684,60.006370917866555],[30.378448607157875,60.006381995264526],[30.378482696052334,60.006376243316986]]]},"properties":{"category":"unspecified","name":{"ru":"Кабинет 26","en":"Cabinet 26"},"alt_name":{"ru":"26","en":"26"},"restriction":"restricted","accessibility":null,"level_id":"24eaac9e-55e2-4986-9307-4c3a2a311e44","display_point":{"type":"Point","coordinates":[30.378461911904427,60.00637358059177]}}},{"id":"9216951c-a9b1-4c13-9410-65f0c8ce084b","type":"Feature","feature_type":"unit","geometry":{"type":"Polygon","coordinates":[[[30.378600242851881,60.006423800489507],[30.378568888338965,60.006377361431035],[30.378562070561923,60.006378511655875],[30.378545098715094,60.006353374673566],[30.378475216647608,60.006365166193468],[30.378482696052334,60.006376243316986],[30.378448607157875,60.006381995264526],[30.378472195036661,60.006416930976819],[30.378535259104538,60.006406290230657],[30.378552518652466,60.006431853161175],[30.378600242851881,60.006423800489507]]]},"properties":{"category":"classroom","name":{"ru":"А.1.12","en":"А.1.12"},"alt_name":{"ru":"А.1.12","en":"А.1.12"},"restriction":null,"accessibility":null,"level_id":"24eaac9e-55e2-4986-9307-4c3a2a311e44","display_point":{"type":"Point","coordinates":[30.378524221768988,60.006391067796727]}}},{"id":"9e9cc680-74bc-42dc-bddf-14404abf159e","type":"Feature","feature_type":"unit","geometry":{"type":"Polygon","coordinates":[[[30.378666041224207,60.006360968737333],[30.37863008390925,60.006307712586342],[30.378592586177955,60.006314039509071],[30.378574176156636,60.006286772236813],[30.378540087316242,60.006292524184353],[30.37855907298125,60.006320643627483],[30.378526688976923,60.0063261079502],[30.378562070561923,60.006378511655875],[30.378666041224207,60.006360968737333]]]},"properties":{"category":"classroom","name":{"ru":"А.1.19","en":"А.1.19"},"alt_name":{"ru":"А.1.19","en":"А.1.19"},"restriction":null,"accessibility":null,"level_id":"24eaac9e-55e2-4986-9307-4c3a2a311e44","display_point":{"type":"Point","coordinates":[30.378585465050559,60.006329438689555]}}},{"id":"2077440a-03af-465e-b586-3351c0d74996","type":"Feature","feature_type":"unit","geometry":{"type":"Polygon","coordinates":[[[30.378696556730809,60.006296496590529],[30.378678146671511,60.006269229318271],[30.378574176156636,60.006286772236813],[30.378592586177955,60.006314039509071],[30.378696556730809,60.006296496590529]]]},"properties":{"category":"classroom","name":{"ru":"А.1.20","en":"А.1.20"},"alt_name":{"ru":"А.1.20","en":"А.1.20"},"restriction":null,"accessibility":null,"level_id":"24eaac9e-55e2-4986-9307-4c3a2a311e44","display_point":{"type":"Point","coordinates":[30.378635366713716,60.006291634413671]}}},{"id":"541474ab-b919-438a-86b1-7bb9c5245449","type":"Feature","feature_type":"unit","geometry":{"type":"Polygon","coordinates":[[[30.378768307251612,60.006343713443613],[30.378713939516835,60.006263190020363],[30.378678146671511,60.006269229318271],[30.378696556730809,60.006296496590529],[30.37863008390925,60.006307712586342],[30.378666041224207,60.006360968737333],[30.378768307251612,60.006343713443613]]]},"properties":{"category":"classroom","name":{"ru":"А.1.21","en":"А.1.21"},"alt_name":{"ru":"А.1.21","en":"А.1.21"},"restriction":null,"accessibility":null,"level_id":"24eaac9e-55e2-4986-9307-4c3a2a311e44","display_point":{"type":"Point","coordinates":[30.378695036308343,60.006310895945418]}}},{"id":"ad590477-026c-4981-b7aa-0261e42460ff","type":"Feature","feature_type":"unit","geometry":{"type":"Polygon","coordinates":[[[30.378868868646787,60.00632674550026],[30.378814501352522,60.00624622207701],[30.378713939516835,60.006263190020363],[30.378768307251612,60.006343713443613],[30.378868868646787,60.00632674550026]]]},"properties":{"category":"administration","name":{"ru":"А.1.22","en":"А.1.22"},"alt_name":{"ru":"А.1.22","en":"А.1.22"},"restriction":null,"accessibility":null,"level_id":"24eaac9e-55e2-4986-9307-4c3a2a311e44","display_point":{"type":"Point","coordinates":[30.378791260198486,60.006294754648984]}}},{"id":"2a791dd6-c7e0-4219-b8d8-0c12a58ac2f4","type":"Feature","feature_type":"unit","geometry":{"type":"Polygon","coordinates":[[[30.379006927957693,60.006303450634178],[30.378973271670556,60.006253602892222],[30.378862483497659,60.006272296310051],[30.378841772112647,60.006241620628757],[30.378814501352522,60.00624622207701],[30.378868868646787,60.00632674550026],[30.379006927957693,60.006303450634178]]]},"properties":{"category":"administration","name":{"ru":"А.1.23 Проректор по информационным технологиям Лямин Андрей Владимирович","en":"А.1.23 VICE-RECTOR for IT ANDREY V. LYAMIN"},"alt_name":{"ru":"А.1.23","en":"А.1.23"},"restriction":null,"accessibility":null,"level_id":"24eaac9e-55e2-4986-9307-4c3a2a311e44","display_point":{"type":"Point","coordinates":[30.378911882813149,60.006274204020109]}}},{"id":"c2444584-86ad-4d7a-b21b-90e979e9ad16","type":"Feature","feature_type":"unit","geometry":{"type":"Polygon","coordinates":[[[30.378973271670556,60.006253602892222],[30.378952559965526,60.006222927210928],[30.378841772112647,60.006241620628757],[30.378862483497659,60.006272296310051],[30.378973271670556,60.006253602892222]]]},"properties":{"category":"classroom","name":{"ru":"А.1.24","en":"А.1.24"},"alt_name":{"ru":"А.1.24","en":"А.1.24"},"restriction":null,"accessibility":null,"level_id":"24eaac9e-55e2-4986-9307-4c3a2a311e44","display_point":{"type":"Point","coordinates":[30.378906669734569,60.006247755710127]}}},{"id":"72037380-74d2-45c9-8aa5-f89fc1a9d1c0","type":"Feature","feature_type":"unit","geometry":{"type":"Polygon","coordinates":[[[30.378281512833336,60.006477580018874],[30.378445138955414,60.00644997132936],[30.378425002814623,60.00642014809339],[30.378261377032405,60.006447756782904],[30.378281512833336,60.006477580018874]]]},"properties":{"category":"stairs","name":null,"alt_name":null,"restriction":null,"accessibility":null,"level_id":"24eaac9e-55e2-4986-9307-4c3a2a311e44","display_point":{"type":"Point","coordinates":[30.378363858315989,60.006458940393472]}}},{"id":"0ae3562b-02f0-4e08-a6d8-78cd5875c78f","type":"Feature","feature_type":"unit","geometry":{"type":"Polygon","coordinates":[[[30.378062320418753,60.006152930911057],[30.378225946103733,60.006125322221543],[30.378205810160598,60.006095498985573],[30.378042184815477,60.006123107675087],[30.378062320418753,60.006152930911057]]]},"properties":{"category":"stairs","name":null,"alt_name":null,"restriction":null,"accessibility":null,"level_id":"24eaac9e-55e2-4986-9307-4c3a2a311e44","display_point":{"type":"Point","coordinates":[30.378144665559009,60.006134291011207]}}},{"id":"893a74f9-a3cf-4899-bf58-d94081a0a7c5","type":"Feature","feature_type":"unit","geometry":{"type":"Polygon","coordinates":[[[30.380118817972996,60.006167443065372],[30.380285424868649,60.006139331581323],[30.38026608575872,60.00611068930872],[30.380099479475994,60.006138801067216],[30.380118817972996,60.006167443065372]]]},"properties":{"category":"stairs","name":null,"alt_name":null,"restriction":null,"accessibility":null,"level_id":"24eaac9e-55e2-4986-9307-4c3a2a311e44","display_point":{"type":"Point","coordinates":[30.380202829530354,60.00614870985212]}}},{"id":"55f4e4c6-c315-4cf5-9dbd-5caee1c31dca","type":"Feature","feature_type":"unit","geometry":{"type":"Polygon","coordinates":[[[30.37989968976806,60.005842908129239],[30.38006672194226,60.005814724327308],[30.38004658581271,60.005784900954112],[30.379879553156268,60.005813084893269],[30.37989968976806,60.005842908129239]]]},"properties":{"category":"stairs","name":null,"alt_name":null,"restriction":null,"accessibility":null,"level_id":"24eaac9e-55e2-4986-9307-4c3a2a311e44","display_point":{"type":"Point","coordinates":[30.379983748170542,60.005823950414936]}}},{"id":"e33d95ef-1f5c-4d64-a584-6ca038fb0dd8","type":"Feature","feature_type":"unit","geometry":{"type":"Polygon","coordinates":[[[30.379002647122192,60.006188848609625],[30.378965826826345,60.0061343140651],[30.378913841445488,60.006143085524371],[30.37895066225234,60.006197620068896],[30.379002647122192,60.006188848609625]]]},"properties":{"category":"unspecified","name":{"ru":"Кабинет 27","en":"Cabinet 27"},"alt_name":{"ru":"27","en":"27"},"restriction":"restricted","accessibility":null,"level_id":"24eaac9e-55e2-4986-9307-4c3a2a311e44","display_point":{"type":"Point","coordinates":[30.378958244542972,60.006165967067]}}},{"id":"905a15b9-9338-4846-8d61-2da683698490","type":"Feature","feature_type":"unit","geometry":{"type":"Polygon","coordinates":[[[30.37941028209401,60.006119118527387],[30.379375762786211,60.006067992666345],[30.379322073490368,60.006077051750438],[30.379356592761397,60.00612817761148],[30.37941028209401,60.006119118527387]]]},"properties":{"category":"unspecified","name":{"ru":"Кабинет 28","en":"Cabinet 28"},"alt_name":{"ru":"28","en":"28"},"restriction":"restricted","accessibility":null,"level_id":"24eaac9e-55e2-4986-9307-4c3a2a311e44","display_point":{"type":"Point","coordinates":[30.379368180432095,60.006099645393789]}}},{"id":"1c680add-8eca-449e-8be0-7f829e46e6cf","type":"Feature","feature_type":"unit","geometry":{"type":"Polygon","coordinates":[[[30.379073400436578,60.006292234638373],[30.379019032921693,60.006211711215123],[30.378952559965526,60.006222927210928],[30.379006927957693,60.006303450634178],[30.379073400436578,60.006292234638373]]]},"properties":{"category":"stairs","name":null,"alt_name":null,"restriction":null,"accessibility":null,"level_id":"24eaac9e-55e2-4986-9307-4c3a2a311e44","display_point":{"type":"Point","coordinates":[30.379029007115239,60.006251791788976]}}},{"id":"7f4c7e92-5f9f-4bc1-9e2f-c9842c2180ab","type":"Feature","feature_type":"unit","geometry":{"type":"Polygon","coordinates":[[[30.37956965310142,60.006431082227849],[30.379529769803174,60.006437812044894],[30.37953914742894,60.006451701195061],[30.379472561785583,60.006463031362557],[30.379472504136313,60.006462946008241],[30.379538919596168,60.006451644658121],[30.379529599070779,60.006437840587814],[30.37940773234984,60.006458403292541],[30.379426718156797,60.006486522461223],[30.379588639518353,60.006459201396531],[30.37956965310142,60.006431082227849]]]},"properties":{"category":"stairs","name":null,"alt_name":null,"restriction":null,"accessibility":null,"level_id":"24eaac9e-55e2-4986-9307-4c3a2a311e44","display_point":{"type":"Point","coordinates":[30.379483867250975,60.006446031857323]}}},{"id":"2fe27903-d779-4612-8f43-ab5a345da235","type":"Feature","feature_type":"unit","geometry":{"type":"Polygon","coordinates":[[[30.379349135244482,60.006382865000269],[30.379333601851808,60.00635985830791],[30.37939325684685,60.006349792536945],[30.379388654255095,60.00634297571888],[30.379497737547116,60.006324569925866],[30.379434739703079,60.006231265311811],[30.379427069943659,60.006232559623506],[30.379424480679493,60.006228724991814],[30.379222505858294,60.006262804416473],[30.379120240074482,60.00628005998464],[30.379205962698968,60.006407022466369],[30.379349135244482,60.006382865000269]]]},"properties":{"category":"foodservice.coffee","name":{"ru":"Столовая для гостей","en":"Столовая для гостей"},"alt_name":{"ru":"Столовая для гостей","en":"Столовая для гостей"},"restriction":null,"accessibility":null,"level_id":"24eaac9e-55e2-4986-9307-4c3a2a311e44","display_point":{"type":"Point","coordinates":[30.379317045862734,60.006314105926258]}}},{"id":"acdb92f2-3af7-443e-bdfb-fc4aab1c406b","type":"Feature","feature_type":"unit","geometry":{"type":"Polygon","coordinates":[[[30.378889332421039,60.006888524257967],[30.378852511829145,60.006833989987896],[30.378784334175783,60.006845493608523],[30.378820472880346,60.006900143148087],[30.378889332421039,60.006888524257967]]]},"properties":{"category":"stairs","name":null,"alt_name":null,"restriction":null,"accessibility":null,"level_id":"24eaac9e-55e2-4986-9307-4c3a2a311e44","display_point":{"type":"Point","coordinates":[30.378842552657165,60.006848484302886]}}},{"id":"bddd9c66-9625-4db4-871d-afc6c03f4f9b","type":"Feature","feature_type":"unit","geometry":{"type":"Polygon","coordinates":[[[30.379349566533698,60.006702663458178],[30.379339785916113,60.006688177651178],[30.379291607614764,60.006696401854818],[30.379274405361372,60.006670924278616],[30.379274575819966,60.006670895461241],[30.379278373255431,60.006676519240088],[30.379298826640593,60.006673068016674],[30.379312116165519,60.006692751654313],[30.379311888332111,60.006692695117373],[30.379298713556725,60.006673181913904],[30.37927843063013,60.006676604319949],[30.37929172042417,60.006696287683134],[30.379339728266853,60.006688092845764],[30.379308488407862,60.00664182367256],[30.379232755419956,60.006654791764618],[30.379273718734719,60.006715461116059],[30.379349566533698,60.006702663458178]]]},"properties":{"category":"stairs","name":null,"alt_name":null,"restriction":null,"accessibility":null,"level_id":"24eaac9e-55e2-4986-9307-4c3a2a311e44","display_point":{"type":"Point","coordinates":[30.379298621074746,60.006660953467744]}}},{"id":"9c70118a-f49f-438b-9a4c-a4be0e8e1c9e","type":"Feature","feature_type":"unit","geometry":{"type":"Polygon","coordinates":[[[30.380366805777964,60.006640179161174],[30.380329408699438,60.006584792720233],[30.380261231559778,60.006596296340859],[30.38029862858772,60.006651682781808],[30.380366805777964,60.006640179161174]]]},"properties":{"category":"stairs","name":null,"alt_name":null,"restriction":null,"accessibility":null,"level_id":"24eaac9e-55e2-4986-9307-4c3a2a311e44","display_point":{"type":"Point","coordinates":[30.380319343738019,60.006600254201132]}}},{"id":"5e718a93-9d9c-4902-9dfc-31d6f6ff7344","type":"Feature","feature_type":"unit","geometry":{"type":"Polygon","coordinates":[[[30.379280456482036,60.006253026270322],[30.379261470804281,60.00622490710164],[30.379196702451065,60.00623583547263],[30.379215688104427,60.006263954641312],[30.379280456482036,60.006253026270322]]]},"properties":{"category":"elevator","name":null,"alt_name":null,"restriction":null,"accessibility":null,"level_id":"24eaac9e-55e2-4986-9307-4c3a2a311e44","display_point":{"type":"Point","coordinates":[30.379236062785957,60.006212583969827]}}},{"id":"69c1447e-8747-405c-b2d7-7039fb136f13","type":"Feature","feature_type":"unit","geometry":{"type":"Polygon","coordinates":[[[30.37956965310142,60.006431082227849],[30.379546065186922,60.0063961462411],[30.379491523633455,60.006405349137609],[30.379515111522426,60.006440285124356],[30.37956965310142,60.006431082227849]]]},"properties":{"category":"stairs","name":null,"alt_name":null,"restriction":null,"accessibility":null,"level_id":"24eaac9e-55e2-4986-9307-4c3a2a311e44","display_point":{"type":"Point","coordinates":[30.3795397469206,60.006388195116372]}}},{"id":"866d52c5-394f-4162-86d4-17546e40f24a","type":"Feature","feature_type":"unit","geometry":{"type":"Polygon","coordinates":[[[30.379497803439104,60.006220624565643],[30.379443434917452,60.006140101142392],[30.3793727014983,60.006152036200255],[30.379427069943659,60.006232559623506],[30.379497803439104,60.006220624565643]]]},"properties":{"category":"stairs","name":null,"alt_name":null,"restriction":null,"accessibility":null,"level_id":"24eaac9e-55e2-4986-9307-4c3a2a311e44","display_point":{"type":"Point","coordinates":[30.37945340990634,60.006180181716246]}}},{"id":"cd39b10e-29ae-4431-85a0-025ae5035364","type":"Feature","feature_type":"unit","geometry":{"type":"Polygon","coordinates":[[[30.3784894542885,60.006442493907343],[30.378552518652466,60.006431853161175],[30.378535259104538,60.006406290230657],[30.378472195036661,60.006416930976819],[30.3784894542885,60.006442493907343]]]},"properties":{"category":"unspecified","name":{"ru":"Кабинет 0","en":"Cabinet 0"},"alt_name":{"ru":"0","en":"0"},"restriction":"restricted","accessibility":null,"level_id":"24eaac9e-55e2-4986-9307-4c3a2a311e44","display_point":{"type":"Point","coordinates":[30.378512356977286,60.006424392206227]}}},{"id":"f9e3a7d6-21ee-4d3d-9d06-85db3000ac25","type":"Feature","feature_type":"unit","geometry":{"type":"Polygon","coordinates":[[[30.37855907298125,60.006320643627483],[30.378540087316242,60.006292524184353],[30.378509407629309,60.00629770088225],[30.37852839328276,60.00632582032538],[30.37855907298125,60.006320643627483]]]},"properties":{"category":"restroom","name":{"ru":"Туалет для лиц с ограниченными возможностями","en":"Restroom for people with disabilities"},"alt_name":{"ru":"Туалет инв.","en":"Restroom wheel."},"restriction":null,"accessibility":null,"level_id":"24eaac9e-55e2-4986-9307-4c3a2a311e44","display_point":{"type":"Point","coordinates":[30.37853424043821,60.006309172117639]}}},{"id":"b26356bf-0e06-47a3-86a2-5e3f2e195cd7","type":"Feature","feature_type":"unit","geometry":{"type":"Polygon","coordinates":[[[30.379220822284722,60.006521263587643],[30.37937984630323,60.006494431320476],[30.379360860239437,60.006466312151794],[30.379238822680961,60.006486903673888],[30.379248315825119,60.00650096353268],[30.379315753561134,60.006489489552777],[30.379315868584793,60.0064896597125],[30.37924820274144,60.00650107715547],[30.379238652222824,60.006486932491264],[30.379201836280828,60.006493144418961],[30.379220822284722,60.006521263587643]]]},"properties":{"category":"stairs","name":null,"alt_name":null,"restriction":null,"accessibility":null,"level_id":"ee066945-7a0b-4f69-b95c-817981001759","display_point":{"type":"Point","coordinates":[30.379303977151935,60.006504385664272]}}},{"id":"57ce708c-1417-4838-9439-2dc452d694d3","type":"Feature","feature_type":"unit","geometry":{"type":"Polygon","coordinates":[[[30.378501305894389,60.00646004752948],[30.378489741979418,60.00644292013],[30.378470822748508,60.006446112271512],[30.3784707077271,60.006445942111789],[30.378489627232458,60.006442749970276],[30.37845430276937,60.006390431070017],[30.378441008124863,60.0063926741594],[30.3784408933781,60.00639250372523],[30.378454187748087,60.006390260635847],[30.37840367534557,60.006315446345752],[30.3785042370658,60.006298478402407],[30.378499807238317,60.006291917098373],[30.378500147879748,60.006291859738077],[30.378504577707261,60.006298421042111],[30.379018805090212,60.006211654952629],[30.379013627160155,60.006203985963694],[30.379014138258174,60.006203899511576],[30.379073683703382,60.006292091649314],[30.379066865943923,60.0062932421486],[30.379080961580822,60.006314118825465],[30.379097153420581,60.0063113866641],[30.379097326092023,60.00631164217814],[30.37908113425221,60.006314374339496],[30.379201836555321,60.006493144418961],[30.379360860239437,60.006466312151794],[30.379490031828023,60.006659030113973],[30.379515291113307,60.00669672159043],[30.379532164862962,60.006693874434035],[30.379532222512513,60.006693959788343],[30.379515178029791,60.006696835762114],[30.379489861644046,60.006659058931348],[30.379337541985915,60.006684854870905],[30.379348876388921,60.006701641127584],[30.379370351980953,60.006698017548835],[30.379370467005113,60.006698187708558],[30.379348991138542,60.006701811287307],[30.3793614757893,60.006720302160176],[30.379386360560027,60.006716103331783],[30.379391538573369,60.006723772046271],[30.379391197655995,60.00672382940656],[30.379386192041807,60.00671641620611],[30.378766967707719,60.00682089811837],[30.37878353704135,60.006845438718294],[30.379402761579,60.006740956806041],[30.379399194452372,60.006735673621087],[30.379399535369782,60.006735615986344],[30.379403102496436,60.006740899171291],[30.379578489894392,60.006711306199854],[30.379574634507282,60.006705596792244],[30.379574975973394,60.006705539431948],[30.379578830262535,60.006711248565104],[30.380329579431866,60.006584764177312],[30.380314045101777,60.006561757484953],[30.379563469112604,60.006688497661237],[30.379567554272604,60.00669454766274],[30.379567042897005,60.006694633840411],[30.379563072761705,60.006688754273078],[30.379549607910807,60.00669102617983],[30.379549492611684,60.006690855745653],[30.37956312819556,60.006688555021526],[30.379407561617363,60.006458432109916],[30.379569936916766,60.0064309397877],[30.379449233183323,60.006252169433779],[30.379387816335381,60.00626243720081],[30.379489303495884,60.006412747517693],[30.379239774471849,60.006454850796644],[30.379138345462476,60.006304625834076],[30.379120278591081,60.006307674437629],[30.379120163568242,60.006307504277906],[30.379138059981887,60.006304484491721],[30.379449118434227,60.006251999274056],[30.379435310664949,60.006231548819862],[30.379426788618481,60.006232986669524],[30.379424199628804,60.006229152037832],[30.379372586749575,60.006151866040533],[30.379367811227159,60.006144793433982],[30.379368152141552,60.006144735799239],[30.379373214810347,60.006152234354],[30.379883519686157,60.006066129691831],[30.379878917063614,60.006059312873766],[30.379879257428161,60.00605925551347],[30.379883860050732,60.006066072331535],[30.379990727909437,60.006048040341014],[30.380075931936002,60.006173951400328],[30.380090249222839,60.006171535681162],[30.38009036452247,60.006171706389786],[30.380075877053127,60.006174150926327],[30.380087958807696,60.006192044867909],[30.38013056976154,60.006184855070707],[30.380118487447778,60.006166961129125],[30.380103147421302,60.006169549478074],[30.380103032121639,60.006169378769449],[30.380118372148079,60.0061667904205],[30.379806372241021,60.005704697952595],[30.379763761561247,60.0057118877498],[30.379974219863175,60.006024154032673],[30.379867580968128,60.006042242011226],[30.379871033344923,60.006047354762],[30.379870691882488,60.006047412396747],[30.379867240054697,60.006042299645976],[30.379399376151216,60.006121243328316],[30.379357958084512,60.00612823167836],[30.379362042916618,60.006134281679863],[30.379361702002274,60.006134339314613],[30.379357617170193,60.006128289313104],[30.379322810478129,60.006076737503854],[30.379266564586036,60.006086228025183],[30.379369259357784,60.006238327489214],[30.379120811035406,60.006280343218243],[30.379018340448713,60.006127731628332],[30.379321672438397,60.006076739699466],[30.379270465003504,60.006000334141511],[30.378915944585383,60.006060152968786],[30.379002365794442,60.006189275381189],[30.379005530144397,60.006193962183751],[30.379005189229435,60.0061940198185],[30.379001795109318,60.00618899242204],[30.378488873895744,60.006275442892672],[30.378492095586783,60.0062802147751],[30.378491754670929,60.006280272409846],[30.378488532979912,60.006275500527416],[30.378387630649058,60.006292525831064],[30.37817757920573,60.005980571736387],[30.378133264146857,60.005988049158411],[30.378410213362542,60.00639768042312],[30.378417883435514,60.006396386385873],[30.378417998182222,60.00639655682005],[30.378410328383726,60.0063978508573],[30.37844531189922,60.0064502273923],[30.378462356090424,60.006447351418529],[30.378462471111813,60.006447521578252],[30.378445426646081,60.006450397552022],[30.378456990550884,60.006467524951496],[30.378501305894389,60.00646004752948]]]},"properties":{"category":"walkway","name":null,"alt_name":null,"restriction":null,"accessibility":null,"level_id":"ee066945-7a0b-4f69-b95c-817981001759","display_point":{"type":"Point","coordinates":[30.379555946910468,60.006649237147464]}}},{"id":"f6023ef2-810b-4dd7-adbd-f281ab40592d","type":"Feature","feature_type":"unit","geometry":{"type":"Polygon","coordinates":[[[30.379435182808145,60.0067929115096],[30.379400375431391,60.006741359700349],[30.379196694717933,60.006775726475382],[30.379231501954031,60.006827278284625],[30.379435182808145,60.0067929115096]]]},"properties":{"category":"laboratory","name":{"ru":"Г.2.05 Лаборатория \"Лазерные и плазменные технологии\"","en":"Г.2.05 Laser and Plasma Technology Laboratory"},"alt_name":{"ru":"Г.2.05","en":"Г.2.05"},"restriction":"restricted","accessibility":null,"level_id":"ee066945-7a0b-4f69-b95c-817981001759","display_point":{"type":"Point","coordinates":[30.379315938747549,60.006784318992487]}}},{"id":"990f134f-3410-41b3-a14c-f479b63529e1","type":"Feature","feature_type":"unit","geometry":{"type":"Polygon","coordinates":[[[30.379231499739738,60.006826993953219],[30.3791969802007,60.006775868092184],[30.3790945428835,60.006793152203272],[30.379129062626877,60.006844278064314],[30.379231499739738,60.006826993953219]]]},"properties":{"category":"classroom","name":{"ru":"Г.2.04","en":"Г.2.04"},"alt_name":{"ru":"Г.2.04","en":"Г.2.04"},"restriction":null,"accessibility":null,"level_id":"ee066945-7a0b-4f69-b95c-817981001759","display_point":{"type":"Point","coordinates":[30.379163021431356,60.006810073215469]}}},{"id":"6ef6b895-b395-4852-8478-f06ba275c6b9","type":"Feature","feature_type":"unit","geometry":{"type":"Polygon","coordinates":[[[30.379129062626877,60.006844278064314],[30.3790945428835,60.006793152203272],[30.378993980837141,60.006810120146618],[30.379028500237151,60.006861246007659],[30.379129062626877,60.006844278064314]]]},"properties":{"category":"laboratory","name":{"ru":"Г.2.03 Лаборатория \"Промышленные системы потоковой обработки данных","en":"Г.2.03 Industrial Systems for Streaming Data Processing Laboratory"},"alt_name":{"ru":"Г.2.03","en":"Г.2.03"},"restriction":null,"accessibility":null,"level_id":"ee066945-7a0b-4f69-b95c-817981001759","display_point":{"type":"Point","coordinates":[30.379061521714561,60.006827198968239]}}},{"id":"958861e0-fec5-4ba3-a6d4-9cc20e78aeab","type":"Feature","feature_type":"unit","geometry":{"type":"Polygon","coordinates":[[[30.378942170412905,60.006879608986289],[30.378939869121719,60.006876200577253],[30.379028500237151,60.006861246007659],[30.378993980837141,60.006810120146618],[30.378852511829145,60.006833989987896],[30.378889332421039,60.006888524257967],[30.378942170412905,60.006879608986289]]]},"properties":{"category":"laboratory","name":{"ru":"Г.2.02 Лаборатория \"Лазерные и плазменные технологии\"","en":"Г.2.02 Laser and Plasma Technology Laboratory"},"alt_name":{"ru":"Г.2.02","en":"Г.2.02"},"restriction":"restricted","accessibility":null,"level_id":"ee066945-7a0b-4f69-b95c-817981001759","display_point":{"type":"Point","coordinates":[30.378940534692962,60.006847506433381]}}},{"id":"22ad7f32-2b0f-4883-87fb-24e3411c63b8","type":"Feature","feature_type":"unit","geometry":{"type":"Polygon","coordinates":[[[30.37936164818834,60.006720557674214],[30.379349566533698,60.006702663458178],[30.379302694243233,60.006710572042984],[30.379314776161131,60.006728466259013],[30.37936164818834,60.006720557674214]]]},"properties":{"category":"unspecified","name":{"ru":"Кабинет 8","en":"Cabinet 8"},"alt_name":{"ru":"8","en":"8"},"restriction":"restricted","accessibility":null,"level_id":"ee066945-7a0b-4f69-b95c-817981001759","display_point":{"type":"Point","coordinates":[30.379332171350807,60.006715564858595]}}},{"id":"41ee3714-346f-41e6-8c9e-68b840947f61","type":"Feature","feature_type":"unit","geometry":{"type":"Polygon","coordinates":[[[30.379314776161131,60.006728466259013],[30.379302694243233,60.006710572042984],[30.379273718734719,60.006715461116059],[30.379285800645672,60.006733355332088],[30.379314776161131,60.006728466259013]]]},"properties":{"category":"unspecified","name":{"ru":"Г.2.46","en":"Г.2.46"},"alt_name":{"ru":"Г.2.46","en":"Г.2.46"},"restriction":"restricted","accessibility":null,"level_id":"ee066945-7a0b-4f69-b95c-817981001759","display_point":{"type":"Point","coordinates":[30.379294247445909,60.006721963687532]}}},{"id":"145f3479-5837-40be-bd60-82b8f79467cf","type":"Feature","feature_type":"unit","geometry":{"type":"Polygon","coordinates":[[[30.378961956470917,60.00678799773592],[30.379019055023882,60.006778363402184],[30.379000242253181,60.006750500021987],[30.3792669875009,60.006705491677444],[30.379232755419956,60.006654791764618],[30.378909026883523,60.006709604602619],[30.378944121555858,60.006761582634532],[30.378961956470917,60.00678799773592]]]},"properties":{"category":"laboratory","name":{"ru":"Г.2.41 Центр перспективных исследований. Лаборатория ультразвуковых технологий","en":"Г.2.41 Cener for Advanced Studies. Laboratory of ultrasound technologies"},"alt_name":{"ru":"Г.2.41","en":"Г.2.41"},"restriction":null,"accessibility":null,"level_id":"ee066945-7a0b-4f69-b95c-817981001759","display_point":{"type":"Point","coordinates":[30.379090401578054,60.006713701884081]}}},{"id":"a9234ecb-1c23-4bf0-b947-a8b6429045ed","type":"Feature","feature_type":"unit","geometry":{"type":"Polygon","coordinates":[[[30.379124730782387,60.006760532584366],[30.379105917972261,60.006732669478623],[30.3790837602446,60.006736408052411],[30.379102573046474,60.006764271432608],[30.379124730782387,60.006760532584366]]]},"properties":{"category":"restroom","name":{"ru":"Туалет ","en":"Restroom"},"alt_name":{"ru":"Туалет М/Ж","en":"Restroom"},"restriction":null,"accessibility":null,"level_id":"ee066945-7a0b-4f69-b95c-817981001759","display_point":{"type":"Point","coordinates":[30.379102909419188,60.006748600819918]}}},{"id":"a597e94b-833b-475f-a5f6-d1f36e2f6a18","type":"Feature","feature_type":"unit","geometry":{"type":"Polygon","coordinates":[[[30.379148592830049,60.006756506385763],[30.379129780010981,60.006728642731119],[30.379105917972261,60.006732669478623],[30.379124730782387,60.006760532584366],[30.379148592830049,60.006756506385763]]]},"properties":{"category":"restroom","name":{"ru":"Туалет","en":"Restroom "},"alt_name":{"ru":"Туалет М/Ж","en":"Restroom"},"restriction":null,"accessibility":null,"level_id":"ee066945-7a0b-4f69-b95c-817981001759","display_point":{"type":"Point","coordinates":[30.379126771463856,60.006744574346861]}}},{"id":"8defaa7d-a359-498d-9127-7afbd14289c2","type":"Feature","feature_type":"unit","geometry":{"type":"Polygon","coordinates":[[[30.378649144428369,60.006496228975614],[30.378600242851881,60.006423800489507],[30.3784894542885,60.006442493907343],[30.378538356031989,60.006514922393443],[30.378649144428369,60.006496228975614]]]},"properties":{"category":"classroom","name":{"ru":"А.2.10 Вентиляционная камера","en":"А.2.10 Vent Chamber"},"alt_name":{"ru":"А.2.10","en":"А.2.10"},"restriction":null,"accessibility":null,"level_id":"ee066945-7a0b-4f69-b95c-817981001759","display_point":{"type":"Point","coordinates":[30.378569299600503,60.0064693615787]}}},{"id":"d735fb9f-2b4a-4d95-ab07-98832dcee37d","type":"Feature","feature_type":"unit","geometry":{"type":"Polygon","coordinates":[[[30.3784894542885,60.006442493907343],[30.378552518652466,60.006431853161175],[30.378535259104538,60.006406290230657],[30.378472195036661,60.006416930976819],[30.3784894542885,60.006442493907343]]]},"properties":{"category":"unspecified","name":{"ru":"Кабинет 0","en":"Cabinet 0"},"alt_name":{"ru":"0","en":"0"},"restriction":"restricted","accessibility":null,"level_id":"ee066945-7a0b-4f69-b95c-817981001759","display_point":{"type":"Point","coordinates":[30.378512356977286,60.006424392206227]}}},{"id":"b1fe4f49-0676-42bc-b4e7-8b05cb63feab","type":"Feature","feature_type":"unit","geometry":{"type":"Polygon","coordinates":[[[30.378600242851881,60.006423800489507],[30.378568600373331,60.006376935208372],[30.378561782870833,60.006378085707667],[30.378543948226124,60.006351670880726],[30.378439977546073,60.006369213799267],[30.378472195036661,60.006416930976819],[30.378535259104538,60.006406290230657],[30.378552518652466,60.006431853161175],[30.378600242851881,60.006423800489507]]]},"properties":{"category":"laboratory","name":{"ru":"А.2.11 Лаборатория \"Лёгкие материалы и конструкции\". Мастерская","en":"А.2.11 Lightweight Materials and Structures Laboratory. Workshop"},"alt_name":{"ru":"А.2.11","en":"А.2.11"},"restriction":null,"accessibility":null,"level_id":"ee066945-7a0b-4f69-b95c-817981001759","display_point":{"type":"Point","coordinates":[30.3785101999305,60.0063818369062]}}},{"id":"93dabd6a-09c5-4a8f-8349-82e51c170b22","type":"Feature","feature_type":"unit","geometry":{"type":"Polygon","coordinates":[[[30.378464070999755,60.006320537414886],[30.378473851371197,60.006335023221887],[30.378526688976923,60.0063261079502],[30.3785077033241,60.006297988232618],[30.37840373271883,60.006315531425614],[30.378412937970957,60.006329165061743],[30.378464070999755,60.006320537414886]]]},"properties":{"category":"restroom","name":{"ru":"Туалет женский","en":"Restroom female"},"alt_name":{"ru":"Туалет Ж.","en":"Restroom F."},"restriction":null,"accessibility":null,"level_id":"ee066945-7a0b-4f69-b95c-817981001759","display_point":{"type":"Point","coordinates":[30.378461217107379,60.006315373341742]}}},{"id":"d2f23a15-5103-49a3-b53b-5f9d14c3321f","type":"Feature","feature_type":"unit","geometry":{"type":"Polygon","coordinates":[[[30.378543948226124,60.006351670880726],[30.378526688976923,60.0063261079502],[30.378422718332477,60.006343650868743],[30.378439977546073,60.006369213799267],[30.378543948226124,60.006351670880726]]]},"properties":{"category":"restroom","name":{"ru":"Туалет мужской","en":"Restroom male"},"alt_name":{"ru":"Туалет М.","en":"Restroom M."},"restriction":null,"accessibility":null,"level_id":"ee066945-7a0b-4f69-b95c-817981001759","display_point":{"type":"Point","coordinates":[30.378480202470911,60.006343492510425]}}},{"id":"b1e3cf86-a90a-48ae-8107-07815e410884","type":"Feature","feature_type":"unit","geometry":{"type":"Polygon","coordinates":[[[30.378473851371197,60.006335023221887],[30.378464070999755,60.006320537414886],[30.378412937970957,60.006329165061743],[30.378422718332477,60.006343650868743],[30.378473851371197,60.006335023221887]]]},"properties":{"category":"unspecified","name":{"ru":"А.2.14","en":"А.2.14"},"alt_name":{"ru":"А.2.14","en":"А.2.14"},"restriction":"restricted","accessibility":null,"level_id":"ee066945-7a0b-4f69-b95c-817981001759","display_point":{"type":"Point","coordinates":[30.378443394669734,60.006332094279038]}}},{"id":"f1fd2018-c53e-406c-a459-95008050f02a","type":"Feature","feature_type":"unit","geometry":{"type":"Polygon","coordinates":[[[30.379448081147387,60.006790924483155],[30.379457574105167,60.006804984341947],[30.379743920630581,60.0067566691353],[30.379734715319117,60.00674303549917],[30.379744941735858,60.006741310024687],[30.379709846719482,60.006689331992781],[30.379400773723724,60.006741386871013],[30.379435638750316,60.006793024034579],[30.379448081147387,60.006790924483155]]]},"properties":{"category":"classroom","name":{"ru":"Г.2.06 Архив","en":"Г.2.06 Archive"},"alt_name":{"ru":"Г.2.06","en":"Г.2.06"},"restriction":null,"accessibility":null,"level_id":"ee066945-7a0b-4f69-b95c-817981001759","display_point":{"type":"Point","coordinates":[30.379573670237018,60.006741426940884]}}},{"id":"e1514a69-1e9b-46cd-9efd-cc70e6efef21","type":"Feature","feature_type":"unit","geometry":{"type":"Polygon","coordinates":[[[30.379845504033955,60.006724342081341],[30.379810408398569,60.006672364049429],[30.379709846719482,60.006689331992781],[30.379744941735858,60.006741310024687],[30.379845504033955,60.006724342081341]]]},"properties":{"category":"classroom","name":{"ru":"Кабинет 1","en":"Classroom 1"},"alt_name":{"ru":"1","en":"1"},"restriction":null,"accessibility":null,"level_id":"ee066945-7a0b-4f69-b95c-817981001759","display_point":{"type":"Point","coordinates":[30.379777675358767,60.006706837037058]}}},{"id":"561f1841-4598-4a15-b4e0-5fada7f97b06","type":"Feature","feature_type":"unit","geometry":{"type":"Polygon","coordinates":[[[30.380250192360165,60.00665586898544],[30.380252493985697,60.006659277394476],[30.380298513835722,60.006651512347631],[30.380261404510954,60.0065965518549],[30.379941650318223,60.006650219682641],[30.379810408398569,60.006672364049429],[30.379845504033955,60.006724342081341],[30.380250192360165,60.00665586898544]]]},"properties":{"category":"laboratory","name":{"ru":"Г.2.07 Лаборатория \"Промышленные системы потоковой обработки данных\"","en":"Г.2.07 Industrial Systems for Streaming Data Processing Laboratory"},"alt_name":{"ru":"Г.2.07","en":"Г.2.07"},"restriction":null,"accessibility":null,"level_id":"ee066945-7a0b-4f69-b95c-817981001759","display_point":{"type":"Point","coordinates":[30.379982789776111,60.006672328370783]}}},{"id":"9c83d170-5f21-40e9-8eb1-6358bd8f82f3","type":"Feature","feature_type":"unit","geometry":{"type":"Polygon","coordinates":[[[30.379704855563414,60.0066313250921],[30.379685869596656,60.006603205923419],[30.379523948471736,60.006630526988111],[30.379542934103007,60.006658646156794],[30.379704855563414,60.0066313250921]]]},"properties":{"category":"restroom","name":{"ru":"Туалет мужской","en":"Restroom male"},"alt_name":{"ru":"Туалет М.","en":"Restroom M."},"restriction":null,"accessibility":null,"level_id":"ee066945-7a0b-4f69-b95c-817981001759","display_point":{"type":"Point","coordinates":[30.379614401742536,60.00663092604011]}}},{"id":"d15f9098-93a9-49e3-95b0-46782667d4dc","type":"Feature","feature_type":"unit","geometry":{"type":"Polygon","coordinates":[[[30.3796943120314,60.006666325300422],[30.379674175810496,60.00663650179],[30.379542934103007,60.006658646156794],[30.379563070545974,60.006688469667218],[30.3796943120314,60.006666325300422]]]},"properties":{"category":"restroom","name":{"ru":"Туалет женский","en":"Restroom female"},"alt_name":{"ru":"Туалет Ж.","en":"Restroom F."},"restriction":null,"accessibility":null,"level_id":"ee066945-7a0b-4f69-b95c-817981001759","display_point":{"type":"Point","coordinates":[30.379618708566525,60.006662471457147]}}},{"id":"6a9f647f-747f-492b-a730-fa013402c971","type":"Feature","feature_type":"unit","geometry":{"type":"Polygon","coordinates":[[[30.379724992345562,60.006661148602525],[30.379704855563414,60.0066313250921],[30.379674175810496,60.00663650179],[30.3796943120314,60.006666325300422],[30.379724992345562,60.006661148602525]]]},"properties":{"category":"unspecified","name":{"ru":"Г.2.15","en":"Г.2.15"},"alt_name":{"ru":"Г.2.15","en":"Г.2.15"},"restriction":"restricted","accessibility":null,"level_id":"ee066945-7a0b-4f69-b95c-817981001759","display_point":{"type":"Point","coordinates":[30.379699317713239,60.006651243111037]}}},{"id":"4de51c8b-1565-4210-9838-a728091997c2","type":"Feature","feature_type":"unit","geometry":{"type":"Polygon","coordinates":[[[30.379845040007893,60.006640703088451],[30.379790958967035,60.006560605887863],[30.379670796134111,60.006580880967761],[30.379724877046041,60.006660978168355],[30.379845040007893,60.006640703088451]]]},"properties":{"category":"laboratory","name":{"ru":"Г.2.22 Лаборатория \"Моделирование технологических процессов и проектирование энергетического оборудования\"","en":"Г.2.22 Manufacturing Processes Simulation and Power Equipment Design Laboratory"},"alt_name":{"ru":"Г.2.22","en":"Г.2.22"},"restriction":null,"accessibility":null,"level_id":"ee066945-7a0b-4f69-b95c-817981001759","display_point":{"type":"Point","coordinates":[30.379757946582007,60.00661083484249]}}},{"id":"78d42c97-0ebb-48a3-9de1-35121fa5317d","type":"Feature","feature_type":"unit","geometry":{"type":"Polygon","coordinates":[[[30.380119454575162,60.006594400981108],[30.380100468442752,60.006566281812425],[30.379962409517372,60.006589576678508],[30.379981395597778,60.00661769584719],[30.380119454575162,60.006594400981108]]]},"properties":{"category":"unspecified","name":{"ru":"Г.2.45","en":"Г.2.45"},"alt_name":{"ru":"Г.2.45","en":"Г.2.45"},"restriction":"restricted","accessibility":null,"level_id":"ee066945-7a0b-4f69-b95c-817981001759","display_point":{"type":"Point","coordinates":[30.38004093176891,60.006591988829811]}}},{"id":"2874e859-a9af-48ae-a4c5-60261e712743","type":"Feature","feature_type":"unit","geometry":{"type":"Polygon","coordinates":[[[30.379490031828023,60.006659030113973],[30.379444921950309,60.0065916567439],[30.379286409099834,60.006618402833396],[30.37930286355153,60.006642772724696],[30.379308488407862,60.00664182367256],[30.379337712444517,60.006684826053537],[30.379490031828023,60.006659030113973]]]},"properties":{"category":"classroom","name":{"ru":"Г.2.27","en":"Г.2.27"},"alt_name":{"ru":"Г.2.27","en":"Г.2.27"},"restriction":null,"accessibility":null,"level_id":"ee066945-7a0b-4f69-b95c-817981001759","display_point":{"type":"Point","coordinates":[30.379388752236537,60.006638312069889]}}},{"id":"f69d69c7-d710-4d97-99f1-ae8622ec64a2","type":"Feature","feature_type":"unit","geometry":{"type":"Polygon","coordinates":[[[30.379444921950309,60.0065916567439],[30.379411148221891,60.006541354510809],[30.379252522669031,60.006568214497541],[30.379286409099834,60.006618402833396],[30.379444921950309,60.0065916567439]]]},"properties":{"category":"unspecified","name":{"ru":"Лабораторная ","en":"Lab "},"alt_name":null,"restriction":null,"accessibility":null,"level_id":"ee066945-7a0b-4f69-b95c-817981001759","display_point":{"type":"Point","coordinates":[30.379348778559923,60.006579878397652]}}},{"id":"63a8685e-e5f9-44fb-8003-7baaa0f237de","type":"Feature","feature_type":"unit","geometry":{"type":"Polygon","coordinates":[[[30.379637542203284,60.006531629882637],[30.379588639518353,60.006459201396531],[30.379426718156797,60.006486522461223],[30.37947562068463,60.00655895094733],[30.379637542203284,60.006531629882637]]]},"properties":{"category":"classroom","name":{"ru":"Г.2.23 Лекционный зал №2","en":"Г.2.23 Lecture room №2"},"alt_name":{"ru":"Г.2.23","en":"Г.2.23"},"restriction":null,"accessibility":null,"level_id":"ee066945-7a0b-4f69-b95c-817981001759","display_point":{"type":"Point","coordinates":[30.37953213014411,60.006509076309158]}}},{"id":"4dc027d5-b6e0-4f08-98a6-4d6efd8b92b4","type":"Feature","feature_type":"unit","geometry":{"type":"Polygon","coordinates":[[[30.379489303495884,60.006412747517693],[30.379473712398251,60.006389655745473],[30.379396672051744,60.006402654850511],[30.379412263125545,60.006425746622732],[30.379489303495884,60.006412747517693]]]},"properties":{"category":"classroom","name":{"ru":"Б.2.11","en":"Б.2.11"},"alt_name":{"ru":"Б.2.11","en":"Б.2.11"},"restriction":null,"accessibility":null,"level_id":"ee066945-7a0b-4f69-b95c-817981001759","display_point":{"type":"Point","coordinates":[30.379442788762347,60.006407687461547]}}},{"id":"9ee24be3-84b6-4a93-b8ac-30de17c01dcb","type":"Feature","feature_type":"unit","geometry":{"type":"Polygon","coordinates":[[[30.38007627506785,60.006174178371438],[30.380045207336529,60.006128164986727],[30.379929306516789,60.006147721279021],[30.379960374176676,60.006193734663739],[30.38007627506785,60.006174178371438]]]},"properties":{"category":"classroom","name":{"ru":"В.2.10","en":"В.2.10"},"alt_name":{"ru":"В.2.10","en":"В.2.10"},"restriction":null,"accessibility":null,"level_id":"ee066945-7a0b-4f69-b95c-817981001759","display_point":{"type":"Point","coordinates":[30.380002791052117,60.00616094982523]}}},{"id":"4aca298e-c90c-4a18-b721-9f42df44a36d","type":"Feature","feature_type":"unit","geometry":{"type":"Polygon","coordinates":[[[30.380045207336529,60.006128164986727],[30.380027372166797,60.006101749885332],[30.379921697704059,60.006119580428695],[30.379939532836417,60.006145995804538],[30.380045207336529,60.006128164986727]]]},"properties":{"category":"classroom","name":{"ru":"В.2.14","en":"В.2.14"},"alt_name":{"ru":"В.2.14","en":"В.2.14"},"restriction":null,"accessibility":null,"level_id":"ee066945-7a0b-4f69-b95c-817981001759","display_point":{"type":"Point","coordinates":[30.37998316870318,60.006124015559543]}}},{"id":"8615732a-bc18-437d-9f4d-d8f662ba79d0","type":"Feature","feature_type":"unit","geometry":{"type":"Polygon","coordinates":[[[30.380027372166797,60.006101749885332],[30.380010111860543,60.006076186954814],[30.379904437982976,60.006094017498178],[30.379921697704059,60.006119580428695],[30.380027372166797,60.006101749885332]]]},"properties":{"category":"restroom","name":{"ru":"Туалет мужской","en":"Restroom male"},"alt_name":{"ru":"Туалет М.","en":"Restroom M."},"restriction":null,"accessibility":null,"level_id":"ee066945-7a0b-4f69-b95c-817981001759","display_point":{"type":"Point","coordinates":[30.379965621258268,60.006098026680817]}}},{"id":"c4c7e83a-a1f1-4fea-bad7-89f87420b0e7","type":"Feature","feature_type":"unit","geometry":{"type":"Polygon","coordinates":[[[30.380010111860543,60.006076186954814],[30.380000907137919,60.006062553593132],[30.379944661355182,60.006072044114461],[30.379953866067531,60.006085677476143],[30.380010111860543,60.006076186954814]]]},"properties":{"category":"unspecified","name":{"ru":"В.2.07","en":"В.2.07"},"alt_name":{"ru":"В.2.07","en":"В.2.07"},"restriction":"restricted","accessibility":null,"level_id":"ee066945-7a0b-4f69-b95c-817981001759","display_point":{"type":"Point","coordinates":[30.379977103068423,60.006074258386469]}}},{"id":"2e92a158-7079-482b-911b-95d837288bdd","type":"Feature","feature_type":"unit","geometry":{"type":"Polygon","coordinates":[[[30.379953866067531,60.006085677476143],[30.379944661355182,60.006072044114461],[30.380000907137919,60.006062553593132],[30.379991126472348,60.006048067786132],[30.379885452085603,60.006065898329496],[30.379904437982976,60.006094017498178],[30.379953866067531,60.006085677476143]]]},"properties":{"category":"restroom.female","name":{"ru":"Туалет женский","en":"Restroom female"},"alt_name":{"ru":"Туалет Ж.","en":"Restroom F."},"restriction":null,"accessibility":null,"level_id":"ee066945-7a0b-4f69-b95c-817981001759","display_point":{"type":"Point","coordinates":[30.379946362600361,60.00607137747258]}}},{"id":"b9d82bd1-87cf-4e4e-b541-f8813db7c111","type":"Feature","feature_type":"unit","geometry":{"type":"Polygon","coordinates":[[[30.379939532836417,60.006145995804538],[30.379885452085603,60.006065898329496],[30.379784890798778,60.006082866272848],[30.379838971990658,60.006162963473436],[30.379939532836417,60.006145995804538]]]},"properties":{"category":"classroom","name":{"ru":"В.2.04 Учебная аудитория","en":"В.2.04 Classroom"},"alt_name":{"ru":"В.2.04","en":"В.2.04"},"restriction":null,"accessibility":null,"level_id":"ee066945-7a0b-4f69-b95c-817981001759","display_point":{"type":"Point","coordinates":[30.379862212329694,60.006114431175916]}}},{"id":"1d271c7e-00c2-4f45-b27a-cf6388e456b2","type":"Feature","feature_type":"unit","geometry":{"type":"Polygon","coordinates":[[[30.379838971990658,60.006162963473436],[30.379784890798778,60.006082866272848],[30.379682625439866,60.006100121841015],[30.379736706522024,60.00618021904161],[30.379838971990658,60.006162963473436]]]},"properties":{"category":"classroom","name":{"ru":"В.2.03 Учебная аудитория","en":"В.2.03 Classroom"},"alt_name":{"ru":"В.2.03","en":"В.2.03"},"restriction":null,"accessibility":null,"level_id":"ee066945-7a0b-4f69-b95c-817981001759","display_point":{"type":"Point","coordinates":[30.379760798952621,60.006131542657229]}}},{"id":"790eb51b-2452-47e8-8674-80ce7d23a7a5","type":"Feature","feature_type":"unit","geometry":{"type":"Polygon","coordinates":[[[30.379596092437684,60.006144052415834],[30.379578257443018,60.006117637314439],[30.379444459875582,60.006140213118471],[30.379462295097394,60.006166628219859],[30.379596092437684,60.006144052415834]]]},"properties":{"category":"classroom","name":{"ru":"В.2.25","en":"В.2.25"},"alt_name":{"ru":"В.2.25","en":"В.2.25"},"restriction":null,"accessibility":null,"level_id":"ee066945-7a0b-4f69-b95c-817981001759","display_point":{"type":"Point","coordinates":[30.379520276428934,60.006142132904372]}}},{"id":"e611af80-f862-442d-8edb-8c5b0dfa50d8","type":"Feature","feature_type":"unit","geometry":{"type":"Polygon","coordinates":[[[30.380266933387198,60.0061106854664],[30.380200659098243,60.006013092827324],[30.380033625931222,60.006041276766481],[30.380099899452993,60.006138869405561],[30.380266933387198,60.0061106854664]]]},"properties":{"category":"laboratory","name":{"ru":"В.2.15 Лаборатория \"Мобильной робототехники и манипуляционных систем\"","en":"В.2.15 Laboratory of Mobile Robotics and Manipulation Systems"},"alt_name":{"ru":"В.2.15","en":"В.2.15"},"restriction":null,"accessibility":null,"level_id":"ee066945-7a0b-4f69-b95c-817981001759","display_point":{"type":"Point","coordinates":[30.380137986663218,60.006060305563636]}}},{"id":"b20f228c-eb75-46ec-a9da-7e67a5a8e96d","type":"Feature","feature_type":"unit","geometry":{"type":"Polygon","coordinates":[[[30.380183974696809,60.005988381793223],[30.380149166885339,60.005936829709519],[30.379982133888955,60.005965013648677],[30.38001694158508,60.006016565732381],[30.380183974696809,60.005988381793223]]]},"properties":{"category":"laboratory","name":{"ru":"В.2.16 Лаборатория \"Конструирования робототехнических систем\"","en":"В.2.16 Laboratory of Robotic System Design"},"alt_name":{"ru":"В.2.16","en":"В.2.16"},"restriction":null,"accessibility":null,"level_id":"ee066945-7a0b-4f69-b95c-817981001759","display_point":{"type":"Point","coordinates":[30.380083054549537,60.005976697583726]}}},{"id":"b0b08403-78ce-45ce-8c6d-5f3b9426beac","type":"Feature","feature_type":"unit","geometry":{"type":"Polygon","coordinates":[[[30.380148879185949,60.005936403761311],[30.380114359128143,60.005885277900276],[30.379947326796092,60.005913461839427],[30.3799818467395,60.005964587700468],[30.380148879185949,60.005936403761311]]]},"properties":{"category":"laboratory","name":{"ru":"В.2.17 Лаборатория \"Мехатроники и микропроцессорной техники\"","en":"В.2.17 Laboratory of Mechatronics and Microprocessors"},"alt_name":{"ru":"В.2.17","en":"В.2.17"},"restriction":null,"accessibility":null,"level_id":"ee066945-7a0b-4f69-b95c-817981001759","display_point":{"type":"Point","coordinates":[30.380047009828324,60.005923313812943]}}},{"id":"24cf5d0a-aa67-43f0-b640-18829564e81d","type":"Feature","feature_type":"unit","geometry":{"type":"Polygon","coordinates":[[[30.380114359128143,60.005885277900276],[30.380066894890653,60.005814979978567],[30.379899574469512,60.005842737695069],[30.379947326796092,60.005913461839427],[30.380114359128143,60.005885277900276]]]},"properties":{"category":"classroom","name":{"ru":"В.2.18 Учебная аудитория","en":"В.2.18 Classroom"},"alt_name":{"ru":"В.2.18","en":"В.2.18"},"restriction":null,"accessibility":null,"level_id":"ee066945-7a0b-4f69-b95c-817981001759","display_point":{"type":"Point","coordinates":[30.380007024688215,60.005864093014758]}}},{"id":"0f438fba-6c14-491a-823c-b413673311bc","type":"Feature","feature_type":"unit","geometry":{"type":"Polygon","coordinates":[[[30.38004658581271,60.005784900954112],[30.379973518855429,60.005676684310387],[30.379806486990095,60.005704868249545],[30.379879553156268,60.005813084893269],[30.38004658581271,60.005784900954112]]]},"properties":{"category":"classroom","name":{"ru":"Кабинет ","en":"Classroom "},"alt_name":null,"restriction":null,"accessibility":null,"level_id":"ee066945-7a0b-4f69-b95c-817981001759","display_point":{"type":"Point","coordinates":[30.379926536328778,60.005744884601825]}}},{"id":"d959aac8-3ea3-4fca-bb37-87da9fb6db93","type":"Feature","feature_type":"unit","geometry":{"type":"Polygon","coordinates":[[[30.378698406373214,60.006240183602451],[30.378661586025128,60.006185649057933],[30.378555911334683,60.0062034796013],[30.378592731605568,60.006258014145814],[30.378698406373214,60.006240183602451]]]},"properties":{"category":"laboratory","name":{"ru":"А.2.21 Лаборатория \"Лёгкие материалы и конструкции\". Научные сотрудники","en":"А.2.21 Lightweight Materials and Structures Laboratory. Researchers"},"alt_name":{"ru":"А.2.21","en":"А.2.21"},"restriction":null,"accessibility":null,"level_id":"ee066945-7a0b-4f69-b95c-817981001759","display_point":{"type":"Point","coordinates":[30.378627158834181,60.006221831601877]}}},{"id":"f68bf67a-789f-45d9-b130-946c7ba94e94","type":"Feature","feature_type":"unit","geometry":{"type":"Polygon","coordinates":[[[30.378795559024876,60.006223790908749],[30.378758738605821,60.006169256364224],[30.378661586025128,60.006185649057933],[30.378698406373214,60.006240183602451],[30.378795559024876,60.006223790908749]]]},"properties":{"category":"laboratory","name":{"ru":"Лабораторная ","en":"Lab "},"alt_name":null,"restriction":null,"accessibility":null,"level_id":"ee066945-7a0b-4f69-b95c-817981001759","display_point":{"type":"Point","coordinates":[30.378728572642927,60.006204719846117]}}},{"id":"2adc99bc-d04a-4717-a10d-73acefb29233","type":"Feature","feature_type":"unit","geometry":{"type":"Polygon","coordinates":[[[30.378272546091122,60.00619434229862],[30.378225946103733,60.006125322221543],[30.378062320418753,60.006152930911057],[30.37810892025486,60.006221950988134],[30.378272546091122,60.00619434229862]]]},"properties":{"category":"laboratory","name":{"ru":"А.2.04 Учебно-экспериментальная лаборатория (1). Лаборатория моделирования процессов нефтегазодобычи","en":"А.2.04 "},"alt_name":{"ru":"А.2.04 ","en":"А.2.04 "},"restriction":null,"accessibility":null,"level_id":"ee066945-7a0b-4f69-b95c-817981001759","display_point":{"type":"Point","coordinates":[30.378167433222035,60.006173636604835]}}},{"id":"9a75d4cb-b603-472d-b454-9e90a0c57cb6","type":"Feature","feature_type":"unit","geometry":{"type":"Polygon","coordinates":[[[30.378291128355965,60.006221864810463],[30.378272430796155,60.006194171864443],[30.378108804960267,60.006221780553958],[30.378127502459375,60.006249473499977],[30.378291128355965,60.006221864810463]]]},"properties":{"category":"classroom","name":{"ru":"Кабинет ","en":"Classroom "},"alt_name":null,"restriction":null,"accessibility":null,"level_id":"ee066945-7a0b-4f69-b95c-817981001759","display_point":{"type":"Point","coordinates":[30.378199995481769,60.006221865359365]}}},{"id":"407a3ebe-04da-416d-8e47-519543d790ac","type":"Feature","feature_type":"unit","geometry":{"type":"Polygon","coordinates":[[[30.378360050487942,60.006323946372817],[30.378291128355965,60.006221864810463],[30.378127502459375,60.006249473499977],[30.378196539388153,60.006351725496508],[30.378360050487942,60.006323946372817]]]},"properties":{"category":"administration","name":{"ru":"А.2.05 Базоая кафедра \"Газотурбинные агрегаты для газоперекачивающих станций\"","en":"А.2.05 Department \"Gas turbine units for gas compressor stantion\""},"alt_name":{"ru":"А.2.05","en":"А.2.05"},"restriction":null,"accessibility":null,"level_id":"ee066945-7a0b-4f69-b95c-817981001759","display_point":{"type":"Point","coordinates":[30.378243833918475,60.006286795016258]}}},{"id":"98ca9066-7bc9-43b1-b020-e9853e68050a","type":"Feature","feature_type":"unit","geometry":{"type":"Polygon","coordinates":[[[30.378392785630989,60.006372430641385],[30.378360050487942,60.006323946372817],[30.378196539388153,60.006351725496508],[30.37822915967887,60.0064000393309],[30.378392785630989,60.006372430641385]]]},"properties":{"category":"laboratory","name":{"ru":"А.2.06 Лаборатория моделирования нефтегазовых процессов","en":"А.2.06"},"alt_name":{"ru":"А.2.06","en":"А.2.06"},"restriction":null,"accessibility":null,"level_id":"ee066945-7a0b-4f69-b95c-817981001759","display_point":{"type":"Point","coordinates":[30.378294662631461,60.006362078068946]}}},{"id":"e6612aa8-ba9d-417d-ba05-2cc329c45c9e","type":"Feature","feature_type":"unit","geometry":{"type":"Polygon","coordinates":[[[30.378425002814623,60.00642014809339],[30.378392785630989,60.006372430641385],[30.37822915967887,60.0064000393309],[30.378261377032405,60.006447756782904],[30.378425002814623,60.00642014809339]]]},"properties":{"category":"classroom","name":{"ru":"А.2.07 Именная аудитория ПАО \"Газпром\"","en":"А.2.07 Gazprom lecture hall"},"alt_name":{"ru":"А.2.07","en":"А.2.07"},"restriction":null,"accessibility":null,"level_id":"ee066945-7a0b-4f69-b95c-817981001759","display_point":{"type":"Point","coordinates":[30.378327081506363,60.006410093849368]}}},{"id":"92785212-202a-4063-b42a-a46c8dd8a2ac","type":"Feature","feature_type":"unit","geometry":{"type":"Polygon","coordinates":[[[30.378868753624545,60.00632657506609],[30.378814386056085,60.006246051917287],[30.378507588302867,60.006297818347349],[30.378561667574804,60.00637791527349],[30.378568485351774,60.0063767647742],[30.378569060734048,60.006377616945073],[30.378868753624545,60.00632657506609]]]},"properties":{"category":"classroom","name":{"ru":"А.2.17 Многофункциональная аудитория \"Политех-VK\"","en":"А.2.17 Multifunctional classroom \"Polytech-VK\""},"alt_name":{"ru":"А.2.17","en":"А.2.17"},"restriction":null,"accessibility":null,"level_id":"ee066945-7a0b-4f69-b95c-817981001759","display_point":{"type":"Point","coordinates":[30.378688294860467,60.006312247617409]}}},{"id":"a89351c4-baf7-4367-9a23-06ce0ed3b3bf","type":"Feature","feature_type":"unit","geometry":{"type":"Polygon","coordinates":[[[30.379006927957693,60.006303450634178],[30.378973271670556,60.006253602892222],[30.378862483497659,60.006272296310051],[30.378841772112647,60.006241620628757],[30.378814501352522,60.00624622207701],[30.378868868646787,60.00632674550026],[30.379006927957693,60.006303450634178]]]},"properties":{"category":"classroom","name":{"ru":"Кабинет ","en":"Classroom "},"alt_name":null,"restriction":null,"accessibility":null,"level_id":"ee066945-7a0b-4f69-b95c-817981001759","display_point":{"type":"Point","coordinates":[30.378911882813149,60.006274204020109]}}},{"id":"a63c201a-647f-480c-94f9-0e32be63afb6","type":"Feature","feature_type":"unit","geometry":{"type":"Polygon","coordinates":[[[30.378973271670556,60.006253602892222],[30.378952559965526,60.006222927210928],[30.378841772112647,60.006241620628757],[30.378862483497659,60.006272296310051],[30.378973271670556,60.006253602892222]]]},"properties":{"category":"classroom","name":{"ru":"А.2.28","en":"А.2.28"},"alt_name":{"ru":"А.2.28","en":"А.2.28"},"restriction":null,"accessibility":null,"level_id":"ee066945-7a0b-4f69-b95c-817981001759","display_point":{"type":"Point","coordinates":[30.37889491309603,60.006249739443156]}}},{"id":"4f401ebe-b006-4ffb-8b94-211aa33b112c","type":"Feature","feature_type":"unit","geometry":{"type":"Polygon","coordinates":[[[30.378281512833336,60.006477580018874],[30.378445138955414,60.00644997132936],[30.378425002814623,60.00642014809339],[30.378261377032405,60.006447756782904],[30.378281512833336,60.006477580018874]]]},"properties":{"category":"stairs","name":null,"alt_name":null,"restriction":null,"accessibility":null,"level_id":"ee066945-7a0b-4f69-b95c-817981001759","display_point":{"type":"Point","coordinates":[30.378363858315989,60.006458940393472]}}},{"id":"d17d38b4-14c4-4c7c-b6d9-593b6ba571a0","type":"Feature","feature_type":"unit","geometry":{"type":"Polygon","coordinates":[[[30.378062320418753,60.006152930911057],[30.378225946103733,60.006125322221543],[30.378205810160598,60.006095498985573],[30.378042184815477,60.006123107675087],[30.378062320418753,60.006152930911057]]]},"properties":{"category":"stairs","name":null,"alt_name":null,"restriction":null,"accessibility":null,"level_id":"ee066945-7a0b-4f69-b95c-817981001759","display_point":{"type":"Point","coordinates":[30.378144665559009,60.006134291011207]}}},{"id":"0ad913f6-c4fc-4fd4-88ad-85e96f982a59","type":"Feature","feature_type":"unit","geometry":{"type":"Polygon","coordinates":[[[30.380118372148079,60.0061667904205],[30.380285520896013,60.006138777189967],[30.380266479392542,60.00611085727283],[30.380099559088251,60.006138927040304],[30.380118372148079,60.0061667904205]]]},"properties":{"category":"stairs","name":null,"alt_name":null,"restriction":null,"accessibility":null,"level_id":"ee066945-7a0b-4f69-b95c-817981001759","display_point":{"type":"Point","coordinates":[30.380202829530354,60.00614870985212]}}},{"id":"4d873149-f4cf-4018-948d-a8b51cc912d3","type":"Feature","feature_type":"unit","geometry":{"type":"Polygon","coordinates":[[[30.37989968976806,60.005842908129239],[30.38006672194226,60.005814724327308],[30.38004658581271,60.005784900954112],[30.379879553156268,60.005813084893269],[30.37989968976806,60.005842908129239]]]},"properties":{"category":"stairs","name":null,"alt_name":null,"restriction":null,"accessibility":null,"level_id":"ee066945-7a0b-4f69-b95c-817981001759","display_point":{"type":"Point","coordinates":[30.379983748170542,60.005823950414936]}}},{"id":"04a5042a-1f39-4b4e-bf5f-ad9a2e97a325","type":"Feature","feature_type":"unit","geometry":{"type":"Polygon","coordinates":[[[30.379073400436578,60.006292234638373],[30.379019032921693,60.006211711215123],[30.378952559965526,60.006222927210928],[30.379006927957693,60.006303450634178],[30.379073400436578,60.006292234638373]]]},"properties":{"category":"stairs","name":null,"alt_name":null,"restriction":null,"accessibility":null,"level_id":"ee066945-7a0b-4f69-b95c-817981001759","display_point":{"type":"Point","coordinates":[30.379029007115239,60.006251791788976]}}},{"id":"c11b63fe-53eb-40ad-95ed-8f597572ce9e","type":"Feature","feature_type":"unit","geometry":{"type":"Polygon","coordinates":[[[30.379457603018036,60.00636579688225],[30.379387816335381,60.00626243720081],[30.379138287813774,60.006304540479761],[30.379208074150938,60.0064079001612],[30.379457603018036,60.00636579688225]]]},"properties":{"category":"auditorium","name":{"ru":"Конференц зал \"Семёнов\".  Большой конференц зал","en":"Conference hall \"Semyonov\". Big conference hall"},"alt_name":{"ru":"Конференц зал \"Семёнов\"","en":"Конференц зал \"Семёнов\""},"restriction":null,"accessibility":null,"level_id":"ee066945-7a0b-4f69-b95c-817981001759","display_point":{"type":"Point","coordinates":[30.379305050437473,60.006345692510969]}}},{"id":"8adeb631-3c4a-41b8-895e-e1bd7d3d1717","type":"Feature","feature_type":"unit","geometry":{"type":"Polygon","coordinates":[[[30.378889332421039,60.006888524257967],[30.378852511829145,60.006833989987896],[30.378784334175783,60.006845493608523],[30.378820472880346,60.006900143148087],[30.378889332421039,60.006888524257967]]]},"properties":{"category":"stairs","name":null,"alt_name":null,"restriction":null,"accessibility":null,"level_id":"ee066945-7a0b-4f69-b95c-817981001759","display_point":{"type":"Point","coordinates":[30.378842552657165,60.006848484302886]}}},{"id":"dc5f5178-32f7-4742-926b-f913b0d3062f","type":"Feature","feature_type":"unit","geometry":{"type":"Polygon","coordinates":[[[30.379300989656358,60.006710859667805],[30.37929126669744,60.006696459215114],[30.379274405361372,60.006670924278616],[30.379274575819966,60.006670895461241],[30.379295028929093,60.006667444237827],[30.37931228911328,60.006693007168344],[30.379312060730886,60.006692950631404],[30.37929491639423,60.006667558409511],[30.379274633469162,60.006670980815557],[30.379291437156091,60.006696430397739],[30.379312059358544,60.006692952552562],[30.37931228691744,60.006693008815056],[30.379291494805337,60.006696515752054],[30.379301160115041,60.00671083085043],[30.379349508884392,60.006702578378317],[30.379308488407862,60.00664182367256],[30.379232755419956,60.006654791764618],[30.379273718734719,60.006715461116059],[30.379300989656358,60.006710859667805]]]},"properties":{"category":"stairs","name":null,"alt_name":null,"restriction":null,"accessibility":null,"level_id":"ee066945-7a0b-4f69-b95c-817981001759","display_point":{"type":"Point","coordinates":[30.379298621074746,60.006660953467744]}}},{"id":"11519b32-f5e7-43a4-b290-73b14f7e5976","type":"Feature","feature_type":"unit","geometry":{"type":"Polygon","coordinates":[[[30.380366805777964,60.006640179161174],[30.380329408699438,60.006584792720233],[30.380261231559778,60.006596296340859],[30.38029862858772,60.006651682781808],[30.380366805777964,60.006640179161174]]]},"properties":{"category":"stairs","name":null,"alt_name":null,"restriction":null,"accessibility":null,"level_id":"ee066945-7a0b-4f69-b95c-817981001759","display_point":{"type":"Point","coordinates":[30.380319343738019,60.006600254201132]}}},{"id":"ffba66e6-8564-4267-a59b-249ebc9067ca","type":"Feature","feature_type":"unit","geometry":{"type":"Polygon","coordinates":[[[30.379280456482036,60.006253026270322],[30.379261470804281,60.00622490710164],[30.379196702451065,60.00623583547263],[30.379215688104427,60.006263954641312],[30.379280456482036,60.006253026270322]]]},"properties":{"category":"elevator","name":null,"alt_name":null,"restriction":null,"accessibility":null,"level_id":"ee066945-7a0b-4f69-b95c-817981001759","display_point":{"type":"Point","coordinates":[30.379236062785957,60.006212583969827]}}},{"id":"9a4bec7d-4318-49e3-b1e4-acc1b2e10176","type":"Feature","feature_type":"unit","geometry":{"type":"Polygon","coordinates":[[[30.379497803439104,60.006220624565643],[30.379443434917452,60.006140101142392],[30.3793727014983,60.006152036200255],[30.379427069943659,60.006232559623506],[30.379497803439104,60.006220624565643]]]},"properties":{"category":"stairs","name":null,"alt_name":null,"restriction":null,"accessibility":null,"level_id":"ee066945-7a0b-4f69-b95c-817981001759","display_point":{"type":"Point","coordinates":[30.37945340990634,60.006180181716246]}}},{"id":"c99659b5-7089-4b59-b41b-89f0c23f78e9","type":"Feature","feature_type":"unit","geometry":{"type":"Polygon","coordinates":[[[30.379411148221891,60.006541354510809],[30.379379675570643,60.006494460137851],[30.379220822284722,60.006521263587643],[30.379252522669031,60.006568214497541],[30.379411148221891,60.006541354510809]]]},"properties":{"category":"classroom","name":{"ru":"Г.2.26 Лекционный зал №1","en":"Г.2.26 Lecture room №1"},"alt_name":{"ru":"Г.2.26","en":"Г.2.26"},"restriction":null,"accessibility":null,"level_id":"ee066945-7a0b-4f69-b95c-817981001759","display_point":{"type":"Point","coordinates":[30.379315985238854,60.006531309049223]}}},{"id":"051599ad-c925-4964-9709-68c6fbef566b","type":"Feature","feature_type":"unit","geometry":{"type":"Polygon","coordinates":[[[30.37956965310142,60.006431082227849],[30.379529769803174,60.006437812044894],[30.37953914742894,60.006451701195061],[30.379472561785583,60.006463031362557],[30.379472504136313,60.006462946008241],[30.379538919596168,60.006451644658121],[30.379529599070779,60.006437840587814],[30.37940773234984,60.006458403292541],[30.379426718156797,60.006486522461223],[30.379588639518353,60.006459201396531],[30.37956965310142,60.006431082227849]]]},"properties":{"category":"stairs","name":null,"alt_name":null,"restriction":null,"accessibility":null,"level_id":"ee066945-7a0b-4f69-b95c-817981001759","display_point":{"type":"Point","coordinates":[30.379483867250975,60.006446031857323]}}},{"id":"82476465-8bd8-4f29-8edc-ec4952b8a4d1","type":"Feature","feature_type":"unit","geometry":{"type":"Polygon","coordinates":[[[30.379685869596656,60.006603205923419],[30.379637542203284,60.006531629882637],[30.37947562068463,60.00655895094733],[30.379523948471736,60.006630526988111],[30.379685869596656,60.006603205923419]]]},"properties":{"category":"classroom","name":{"ru":"Г.2.21","en":"Г.2.21"},"alt_name":{"ru":"Г.2.21","en":"Г.2.21"},"restriction":null,"accessibility":null,"level_id":"ee066945-7a0b-4f69-b95c-817981001759","display_point":{"type":"Point","coordinates":[30.379580462671925,60.006581363452909]}}},{"id":"32699970-b551-4ed5-944c-f98ee706fd74","type":"Feature","feature_type":"unit","geometry":{"type":"Polygon","coordinates":[[[30.379314599230611,60.0064422254941],[30.379299583579069,60.006419985892748],[30.3792247588426,60.0064326111953],[30.379239774471849,60.006454850796644],[30.379314599230611,60.0064422254941]]]},"properties":{"category":"classroom","name":{"ru":"Б.2.10","en":"Б.2.10"},"alt_name":{"ru":"Б.2.10","en":"Б.2.10"},"restriction":null,"accessibility":null,"level_id":"ee066945-7a0b-4f69-b95c-817981001759","display_point":{"type":"Point","coordinates":[30.379272419808167,60.006436908277209]}}},{"id":"856ed0f7-95b5-4e9f-8488-0bcd6a4f8525","type":"Feature","feature_type":"unit","geometry":{"type":"Polygon","coordinates":[[[30.379981395597778,60.00661769584719],[30.379962409517372,60.006589576678508],[30.380100468442752,60.006566281812425],[30.380065372690883,60.00651430378052],[30.379790958967035,60.006560605887863],[30.379845040007893,60.006640703088451],[30.379981395597778,60.00661769584719]]]},"properties":{"category":"laboratory","name":{"ru":"Г.2.09 Лаборатория \"Моделирование технологических процессов и проектирование энергетического оборудования\"","en":"Г.2.09 Manufacturing Processes Simulation and Power Equipment Design Laboratory"},"alt_name":{"ru":"Г.2.09","en":"Г.2.09"},"restriction":null,"accessibility":null,"level_id":"ee066945-7a0b-4f69-b95c-817981001759","display_point":{"type":"Point","coordinates":[30.37992249499684,60.006583331542224]}}},{"id":"3ccd4d91-2531-463c-9124-a002af5a71c8","type":"Feature","feature_type":"unit","geometry":{"type":"Polygon","coordinates":[[[30.378493637943016,60.006521803433081],[30.378445023934066,60.006449801169637],[30.378281397812358,60.006477409859151],[30.37833001193798,60.006549412122595],[30.378493637943016,60.006521803433081]]]},"properties":{"category":"unspecified","name":{"ru":"А.2.09 Вентиляционная камера","en":"А.2.09 Vent chamber"},"alt_name":{"ru":"А.2.09","en":"А.2.09"},"restriction":null,"accessibility":null,"level_id":"ee066945-7a0b-4f69-b95c-817981001759","display_point":{"type":"Point","coordinates":[30.378387575489981,60.006499692000432]}}},{"id":"45b788b9-574b-4bb6-816c-48c4b75fb912","type":"Feature","feature_type":"unit","geometry":{"type":"Polygon","coordinates":[[[30.378205810160598,60.006095498985573],[30.37816841519949,60.006040112544632],[30.378004789975769,60.006067721234146],[30.378042184815477,60.006123107675087],[30.378205810160598,60.006095498985573]]]},"properties":{"category":"classroom","name":{"ru":"А.2.02.1 Коворкинг","en":"А.2.02.1 Coworking"},"alt_name":{"ru":"А.2.02.1","en":"А.2.02.1"},"restriction":null,"accessibility":null,"level_id":"ee066945-7a0b-4f69-b95c-817981001759","display_point":{"type":"Point","coordinates":[30.378105300184323,60.00608161010986]}}},{"id":"b6344750-ae9a-46d1-84c7-cf6e9513d42b","type":"Feature","feature_type":"unit","geometry":{"type":"Polygon","coordinates":[[[30.37816841519949,60.006040112544632],[30.378133321519496,60.00598813451272],[30.377969696409703,60.006015743202234],[30.378004789975769,60.006067721234146],[30.37816841519949,60.006040112544632]]]},"properties":{"category":"laboratory","name":{"ru":"А.2.01 Лаборатория моделирования процессов нефтегазодобычи","en":"А.2.01"},"alt_name":{"ru":"А.2.01","en":"А.2.01"},"restriction":null,"accessibility":null,"level_id":"ee066945-7a0b-4f69-b95c-817981001759","display_point":{"type":"Point","coordinates":[30.378069056060777,60.006027927736206]}}},{"id":"fa8d78b8-bda4-497c-a3e0-91b93d4d1f66","type":"Feature","feature_type":"unit","geometry":{"type":"Polygon","coordinates":[[[30.378322367492512,60.006012237363038],[30.37828842418191,60.005961963672867],[30.378177636578421,60.005980657090696],[30.378211579539922,60.006030930780867],[30.378322367492512,60.006012237363038]]]},"properties":{"category":"classroom","name":{"ru":"А.2.25 Аудитория","en":"А.2.25"},"alt_name":{"ru":"А.2.25","en":"А.2.25"},"restriction":null,"accessibility":null,"level_id":"ee066945-7a0b-4f69-b95c-817981001759","display_point":{"type":"Point","coordinates":[30.378250002155429,60.005996447089643]}}},{"id":"692b3d69-86a4-480e-b606-4d20785bc2a6","type":"Feature","feature_type":"unit","geometry":{"type":"Polygon","coordinates":[[[30.37835774874776,60.006064641343158],[30.378322367492512,60.006012237363038],[30.378211579539922,60.006030930780867],[30.378246960991891,60.006083334760987],[30.37835774874776,60.006064641343158]]]},"properties":{"category":"administration","name":{"ru":"А.2.24 Дирекция ВШТМиМФ","en":"А.2.24"},"alt_name":{"ru":"А.2.24","en":"А.2.24"},"restriction":null,"accessibility":null,"level_id":"ee066945-7a0b-4f69-b95c-817981001759","display_point":{"type":"Point","coordinates":[30.378283519448235,60.006046792960468]}}},{"id":"c8ff9955-d2b5-48a4-89bd-d61264f19834","type":"Feature","feature_type":"unit","geometry":{"type":"Polygon","coordinates":[[[30.378393130333563,60.006117045323279],[30.37835774874776,60.006064641343158],[30.378246960991891,60.006083334760987],[30.378282342499926,60.006135738741108],[30.378393130333563,60.006117045323279]]]},"properties":{"category":"laboratory","name":{"ru":"А.2.23 Лаборатория цифрового моделирования подземных нефтегазовых резервуаров и WELL-TEST анализа","en":"А.2.23"},"alt_name":{"ru":"А.2.23","en":"А.2.23"},"restriction":null,"accessibility":null,"level_id":"ee066945-7a0b-4f69-b95c-817981001759","display_point":{"type":"Point","coordinates":[30.37832047192521,60.006100118273153]}}},{"id":"fda515f3-02a3-45ce-af4d-b1c451bc8e1c","type":"Feature","feature_type":"unit","geometry":{"type":"Polygon","coordinates":[[[30.378426785839537,60.006166893065235],[30.378393130333563,60.006117045323279],[30.378282342499926,60.006135738741108],[30.378315997931917,60.006185586483063],[30.378426785839537,60.006166893065235]]]},"properties":{"category":"classroom","name":{"ru":"Кабинет ","en":"Classroom "},"alt_name":null,"restriction":null,"accessibility":null,"level_id":"ee066945-7a0b-4f69-b95c-817981001759","display_point":{"type":"Point","coordinates":[30.37835456415273,60.006151316040395]}}},{"id":"650d087d-2b57-4883-bf31-1189e01ee514","type":"Feature","feature_type":"unit","geometry":{"type":"Polygon","coordinates":[[[30.378459866291248,60.006215888636319],[30.378426785839537,60.006166893065235],[30.378315997931917,60.006185586483063],[30.378349078310919,60.006234582054155],[30.378459866291248,60.006215888636319]]]},"properties":{"category":"administration","name":{"ru":"А.2.22 Базоая кафедра \"Газотурбинные агрегаты для газоперекачивающих станций\"","en":"А.2.22 Department \"Gas turbine units for gas compressor stantion\""},"alt_name":{"ru":"А.2.22","en":"А.2.22"},"restriction":null,"accessibility":null,"level_id":"ee066945-7a0b-4f69-b95c-817981001759","display_point":{"type":"Point","coordinates":[30.378388219921565,60.006201163782357]}}},{"id":"0a595ab8-a4f1-4eb2-b215-fb8573ac2aa3","type":"Feature","feature_type":"unit","geometry":{"type":"Polygon","coordinates":[[[30.3784223282856,60.006254494309609],[30.378402768142372,60.006225522970055],[30.378349078310919,60.006234582054155],[30.378368638707798,60.0062635533937],[30.3784223282856,60.006254494309609]]]},"properties":{"category":"classroom","name":{"ru":"Кабинет ","en":"Classroom "},"alt_name":null,"restriction":null,"accessibility":null,"level_id":"ee066945-7a0b-4f69-b95c-817981001759","display_point":{"type":"Point","coordinates":[30.37838570343,60.006244538319109]}}},{"id":"582b94f9-93c8-4e98-aaed-28cf505a86d1","type":"Feature","feature_type":"unit","geometry":{"type":"Polygon","coordinates":[[[30.378441889269446,60.006283465923616],[30.3784223282856,60.006254494309609],[30.378368638707798,60.0062635533937],[30.378388199670809,60.006292525007709],[30.378441889269446,60.006283465923616]]]},"properties":{"category":"laboratory","name":{"ru":"Лабораторная ","en":"Lab "},"alt_name":null,"restriction":null,"accessibility":null,"level_id":"ee066945-7a0b-4f69-b95c-817981001759","display_point":{"type":"Point","coordinates":[30.378405264120353,60.006273509658662]}}},{"id":"6a300e4a-ea26-4ee3-88d4-1bb861e4721f","type":"Feature","feature_type":"unit","geometry":{"type":"Polygon","coordinates":[[[30.378592731605568,60.006258014145814],[30.378555911334683,60.0062034796013],[30.378462167534728,60.006219297045355],[30.378459866291248,60.006215888636319],[30.378402768142372,60.006225522970055],[30.378441889269446,60.006283465923616],[30.378592731605568,60.006258014145814]]]},"properties":{"category":"laboratory","name":{"ru":"А.2.22 Научно-образовательный центр \"Энергетические технологии в газовой промышленности\"","en":"А.2.22 Research and Educational Centre \"Energetic technologies in gas industry\""},"alt_name":{"ru":"А.2.22","en":"А.2.22"},"restriction":null,"accessibility":null,"level_id":"ee066945-7a0b-4f69-b95c-817981001759","display_point":{"type":"Point","coordinates":[30.378506297406428,60.006242151966219]}}},{"id":"40216148-5a99-474f-af18-957774fd715c","type":"Feature","feature_type":"unit","geometry":{"type":"Polygon","coordinates":[[[30.378897824806394,60.006206535340581],[30.378861004312633,60.006152000796057],[30.378758738605821,60.006169256364224],[30.378795559024876,60.006223790908749],[30.378897824806394,60.006206535340581]]]},"properties":{"category":"laboratory","name":{"ru":"А.2.20 Лаборатория \"Лёгкие материалы и конструкции\". Инженеры","en":"А.2.20 Lightweight Materials and Structures Laboratory. Engineers"},"alt_name":{"ru":"А.2.20","en":"А.2.20"},"restriction":null,"accessibility":null,"level_id":"ee066945-7a0b-4f69-b95c-817981001759","display_point":{"type":"Point","coordinates":[30.378825724960539,60.006188327152408]}}},{"id":"4a3bf893-3440-4894-b931-5e276f6450ae","type":"Feature","feature_type":"unit","geometry":{"type":"Polygon","coordinates":[[[30.379001795109318,60.00618899242204],[30.378964974265109,60.006134457877515],[30.37886100458714,60.006152001070504],[30.378897824806394,60.006206535340581],[30.379001795109318,60.00618899242204]]]},"properties":{"category":"laboratory","name":{"ru":"А.2.19 Лаборатория \"Лёгкие материалы и конструкции\". Руководитель лаборатории","en":"А.2.19 Lightweight Materials and Structures Laboratory. Head of Laboratory"},"alt_name":{"ru":"А.2.19","en":"А.2.19"},"restriction":null,"accessibility":null,"level_id":"ee066945-7a0b-4f69-b95c-817981001759","display_point":{"type":"Point","coordinates":[30.378927990679372,60.006171071858688]}}},{"id":"49fe1989-a79d-4f36-92b6-3c33aaa1a154","type":"Feature","feature_type":"unit","geometry":{"type":"Polygon","coordinates":[[[30.379558451804332,60.006093927752644],[30.379523932395163,60.00604280189161],[30.379323098172808,60.006077163452062],[30.37935732974956,60.006127863364895],[30.379558451804332,60.006093927752644]]]},"properties":{"category":"laboratory","name":{"ru":"В.2.22 Лаборатория \"Видеомонтажа\"","en":"В.2.22 Video Editing Laboratory"},"alt_name":{"ru":"В.2.22","en":"В.2.22"},"restriction":null,"accessibility":null,"level_id":"ee066945-7a0b-4f69-b95c-817981001759","display_point":{"type":"Point","coordinates":[30.379440731874222,60.006085481518006]}}},{"id":"5ef64018-3cf9-4f4c-80d6-26a7c16e52c5","type":"Feature","feature_type":"unit","geometry":{"type":"Polygon","coordinates":[[[30.3796608324844,60.006076842618654],[30.379626313279502,60.006025716757613],[30.379524047693067,60.006042972051333],[30.379558567102421,60.006094097912367],[30.3796608324844,60.006076842618654]]]},"properties":{"category":"laboratory","name":{"ru":"В.2.22 Лаборатория \"Человеко-компьютерного взаиодействия\"","en":"В.2.22 Human-Computer Interaction Laboratory"},"alt_name":{"ru":"В.2.22","en":"В.2.22"},"restriction":null,"accessibility":null,"level_id":"ee066945-7a0b-4f69-b95c-817981001759","display_point":{"type":"Point","coordinates":[30.379592439659486,60.006059907334993]}}},{"id":"39ebd0a7-f33b-4319-bba0-d244afde31c1","type":"Feature","feature_type":"unit","geometry":{"type":"Polygon","coordinates":[[[30.379974331276276,60.006023755529576],[30.379904715997156,60.005920651636629],[30.379792224629256,60.005939632679279],[30.379827319312589,60.005991610711192],[30.379626485677754,60.006025972271651],[30.379661004882916,60.006077098132685],[30.379974331276276,60.006023755529576]]]},"properties":{"category":"classroom","name":{"ru":"В.2.21 Научно-технологическое образовательное пространство \"ТВЭЛ-СПбПУ\"","en":"В.2.21 TVEL-SPbPU Research, Technology and Education Space"},"alt_name":{"ru":"В.2.21","en":"В.2.21"},"restriction":null,"accessibility":null,"level_id":"ee066945-7a0b-4f69-b95c-817981001759","display_point":{"type":"Point","coordinates":[30.3798098705894,60.006022973618208]}}},{"id":"5063035a-9000-4c67-94ff-ecb62ded6935","type":"Feature","feature_type":"unit","geometry":{"type":"Polygon","coordinates":[[[30.379904715997156,60.005920651636629],[30.37981738178021,60.005791303076464],[30.379779884180735,60.0057976299992],[30.379782761145059,60.005801890441873],[30.379707767018289,60.005814544561794],[30.379792224629256,60.005939632679279],[30.379904715997156,60.005920651636629]]]},"properties":{"category":"administration","name":{"ru":"В.2.20(1) Департамент цифровых технологий","en":"В.2.20(1) Department of digital technologies"},"alt_name":{"ru":"В.2.20(1)","en":"В.2.20(1)"},"restriction":null,"accessibility":null,"level_id":"ee066945-7a0b-4f69-b95c-817981001759","display_point":{"type":"Point","coordinates":[30.379807461948911,60.005869467317495]}}},{"id":"60647c7c-b13c-43d5-b7e0-85d9a1639393","type":"Feature","feature_type":"unit","geometry":{"type":"Polygon","coordinates":[[[30.379782761145059,60.005801890441873],[30.379779884180735,60.0057976299992],[30.37981738178021,60.005791303076464],[30.379763761561247,60.0057118877498],[30.379651385256647,60.0057310390894],[30.379657606942942,60.0057402543362],[30.379707767018289,60.005814544561794],[30.379782761145059,60.005801890441873]]]},"properties":{"category":"laboratory","name":{"ru":"В.2.20(2) Лаборатория дизайна Высшей школы дизайна и архитектуры","en":"В.2.20(2) Design Laboratory of the Higher School of Design and Architecture"},"alt_name":{"ru":"В.2.20(2)","en":"В.2.20(2)"},"restriction":null,"accessibility":null,"level_id":"ee066945-7a0b-4f69-b95c-817981001759","display_point":{"type":"Point","coordinates":[30.379735607018091,60.005763066717137]}}},{"id":"bcad3daf-dc78-4709-bfd4-806492925585","type":"Feature","feature_type":"unit","geometry":{"type":"Polygon","coordinates":[[[30.38033539752573,60.006212085017609],[30.380285919459595,60.006138804635086],[30.380118885462476,60.006166988574243],[30.3801680811984,60.006240411945825],[30.38033539752573,60.006212085017609]]]},"properties":{"category":"classroom","name":{"ru":"В.2.12","en":"В.2.12"},"alt_name":{"ru":"В.2.12","en":"В.2.12"},"restriction":null,"accessibility":null,"level_id":"ee066945-7a0b-4f69-b95c-817981001759","display_point":{"type":"Point","coordinates":[30.380225415525754,60.006186980420537]}}},{"id":"05cda892-3e8b-4fbd-bb84-88f80d99f4f9","type":"Feature","feature_type":"unit","geometry":{"type":"Polygon","coordinates":[[[30.379736706522024,60.00618021904161],[30.379682625439866,60.006100121841015],[30.379578257443018,60.006117637314439],[30.379632736427798,60.006197761960152],[30.379736706522024,60.00618021904161]]]},"properties":{"category":"classroom","name":{"ru":"В.2.02 Учебная аудитория","en":"В.2.02 Classroom"},"alt_name":{"ru":"В.2.02","en":"В.2.02"},"restriction":null,"accessibility":null,"level_id":"ee066945-7a0b-4f69-b95c-817981001759","display_point":{"type":"Point","coordinates":[30.379657680952253,60.006148942037811]}}},{"id":"549a21b1-5fd9-4706-8c67-2ca3772bad86","type":"Feature","feature_type":"unit","geometry":{"type":"Polygon","coordinates":[[[30.380125698594394,60.00624765827996],[30.38007627506785,60.006174178371438],[30.379960374176676,60.006193734663739],[30.38001013795456,60.006267156937518],[30.380125698594394,60.00624765827996]]]},"properties":{"category":"classroom","name":{"ru":"В.2.11","en":"В.2.11"},"alt_name":{"ru":"В.2.11","en":"В.2.11"},"restriction":null,"accessibility":null,"level_id":"ee066945-7a0b-4f69-b95c-817981001759","display_point":{"type":"Point","coordinates":[30.380043064067848,60.006220596846077]}}},{"id":"c353ba74-b330-4aaf-845c-28f6f4a4838a","type":"Feature","feature_type":"unit","geometry":{"type":"Polygon","coordinates":[[[30.379102573046474,60.006764271432608],[30.3790837602446,60.006736408052411],[30.379000242253181,60.006750500021987],[30.379019055023882,60.006778363402184],[30.379102573046474,60.006764271432608]]]},"properties":{"category":"unspecified","name":{"ru":"Г.2.36","en":"Г.2.36"},"alt_name":{"ru":"Г.2.36","en":"Г.2.36"},"restriction":"restricted","accessibility":null,"level_id":"ee066945-7a0b-4f69-b95c-817981001759","display_point":{"type":"Point","coordinates":[30.379051350132762,60.006757300372982]}}},{"id":"118c31b5-99ad-4d4c-aecb-96deae7f7c67","type":"Feature","feature_type":"unit","geometry":{"type":"Polygon","coordinates":[[[30.379215918308766,60.006745146577543],[30.379197105464588,60.006717283197347],[30.379129780010981,60.006728642731119],[30.379148592830049,60.006756506385763],[30.379215918308766,60.006745146577543]]]},"properties":{"category":"unspecified","name":{"ru":"Г.2.30","en":"Г.2.30"},"alt_name":{"ru":"Г.2.30","en":"Г.2.30"},"restriction":"restricted","accessibility":null,"level_id":"ee066945-7a0b-4f69-b95c-817981001759","display_point":{"type":"Point","coordinates":[30.379175978892984,60.006736271650183]}}},{"id":"58c86750-7f5d-48df-89ec-4402b75ec5e5","type":"Feature","feature_type":"unit","geometry":{"type":"Polygon","coordinates":[[[30.379244041815106,60.006740401316875],[30.379225228960429,60.006712537936686],[30.379197105464588,60.006717283197347],[30.379215918308766,60.006745146577543],[30.379244041815106,60.006740401316875]]]},"properties":{"category":"unspecified","name":{"ru":"Г.2.35","en":"Г.2.35"},"alt_name":{"ru":"Г.2.35","en":"Г.2.35"},"restriction":"restricted","accessibility":null,"level_id":"ee066945-7a0b-4f69-b95c-817981001759","display_point":{"type":"Point","coordinates":[30.379220516123812,60.0067287569028]}}},{"id":"cb6308c6-e133-483f-8415-4df370e4b162","type":"Feature","feature_type":"unit","geometry":{"type":"Polygon","coordinates":[[[30.380543858383959,60.006522790908377],[30.380335001729687,60.006212341903904],[30.379911110784139,60.006283865798963],[30.380120306590829,60.0065942571687],[30.380543858383959,60.006522790908377]]]},"properties":{"category":"unspecified","name":{"ru":"Г.3.65 серверная","en":"Г.3.65 Server Room"},"alt_name":null,"restriction":"restricted","accessibility":null,"level_id":"ee066945-7a0b-4f69-b95c-817981001759","display_point":{"type":"Point","coordinates":[30.38017899122066,60.006568693963729]}}},{"id":"fff54c45-2bc8-4a99-a125-0925943fcfcb","type":"Feature","feature_type":"unit","geometry":{"type":"Polygon","coordinates":[[[30.378961956470917,60.00678799773592],[30.378753564829264,60.006477945862279],[30.378329159644505,60.00654955593501],[30.378540276323861,60.006859147554046],[30.378961956470917,60.00678799773592]]]},"properties":{"category":"classroom","name":{"ru":"Г.3.65 серверная","en":"Г.3.65 Server Room"},"alt_name":null,"restriction":"restricted","accessibility":null,"level_id":"ee066945-7a0b-4f69-b95c-817981001759","display_point":{"type":"Point","coordinates":[30.37859697172448,60.00683373008264]}}},{"id":"b678d22a-aed3-4c16-94ac-a6e5ecde371b","type":"Feature","feature_type":"unit","geometry":{"type":"Polygon","coordinates":[[[30.379412263125545,60.006425746622732],[30.379396672051744,60.006402654850511],[30.379386445678271,60.006404380324994],[30.379370336325948,60.006380521461764],[30.379291932306778,60.006393750831329],[30.3793086170262,60.006418461865422],[30.379299583579069,60.006419985892748],[30.379314599230611,60.0064422254941],[30.379412263125545,60.006425746622732]]]},"properties":{"category":"classroom","name":{"ru":"Б.2.07","en":"Б.2.07"},"alt_name":{"ru":"Б.2.07","en":"Б.2.07"},"restriction":null,"accessibility":null,"level_id":"ee066945-7a0b-4f69-b95c-817981001759","display_point":{"type":"Point","coordinates":[30.379349897174695,60.006423361093191]}}},{"id":"455707ac-b316-4c74-be10-4390e4a97349","type":"Feature","feature_type":"unit","geometry":{"type":"Polygon","coordinates":[[[30.379473712398251,60.006389655745473],[30.379457603018036,60.00636579688225],[30.379370336325948,60.006380521461764],[30.379386445678271,60.006404380324994],[30.379473712398251,60.006389655745473]]]},"properties":{"category":"restroom.male","name":{"ru":"Туалет мужской","en":"Restroom male"},"alt_name":{"ru":"Туалет М.","en":"Restroom M."},"restriction":null,"accessibility":null,"level_id":"ee066945-7a0b-4f69-b95c-817981001759","display_point":{"type":"Point","coordinates":[30.379421853900759,60.006385117695444]}}},{"id":"94ce9e61-d635-4fb7-b9dd-e5603f3ea7cb","type":"Feature","feature_type":"unit","geometry":{"type":"Polygon","coordinates":[[[30.3793086170262,60.006418461865422],[30.379291932306778,60.006393750831329],[30.379208074150938,60.0064079001612],[30.3792247588426,60.0064326111953],[30.3793086170262,60.006418461865422]]]},"properties":{"category":"restroom.female","name":{"ru":"Туалет женский","en":"Restroom female"},"alt_name":{"ru":"Туалет Ж.","en":"Restroom F."},"restriction":null,"accessibility":null,"level_id":"ee066945-7a0b-4f69-b95c-817981001759","display_point":{"type":"Point","coordinates":[30.379258516316995,60.006413152333167]}}},{"id":"768d5647-1067-4994-bf8f-78868c23e181","type":"Feature","feature_type":"unit","geometry":{"type":"Polygon","coordinates":[[[30.379632337864134,60.006197734515034],[30.379596380134416,60.006144478364043],[30.379461730507277,60.006167197980481],[30.379497688140937,60.006220454131473],[30.379632337864134,60.006197734515034]]]},"properties":{"category":"unspecified","name":{"ru":"Кабинет 2","en":"Cabinet 2"},"alt_name":{"ru":"2","en":"2"},"restriction":"restricted","accessibility":null,"level_id":"ee066945-7a0b-4f69-b95c-817981001759","display_point":{"type":"Point","coordinates":[30.379547034166016,60.006182466247758]}}},{"id":"9890bb0a-96ca-4610-94ee-8ef8d80b609a","type":"Feature","feature_type":"unit","geometry":{"type":"Polygon","coordinates":[[[30.378537953318745,60.006514326011064],[30.378501420915903,60.0064602176892],[30.378457105572295,60.006467695111226],[30.378493637943016,60.006521803433081],[30.378537953318745,60.006514326011064]]]},"properties":{"category":"unspecified","name":{"ru":"А.2.29","en":"А.2.29"},"alt_name":{"ru":"А.2.29","en":"А.2.29"},"restriction":null,"accessibility":null,"level_id":"ee066945-7a0b-4f69-b95c-817981001759","display_point":{"type":"Point","coordinates":[30.37849148874098,60.006482063453127]}}},{"id":"7d1693bb-7b4d-45f8-a573-48d6a619cfc8","type":"Feature","feature_type":"unit","geometry":{"type":"Polygon","coordinates":[[[30.380168138848376,60.006240497300134],[30.38013056976154,60.006184855070707],[30.380088129539192,60.006192016050534],[30.380125698594394,60.00624765827996],[30.380168138848376,60.006240497300134]]]},"properties":{"category":"classroom","name":{"ru":"В.2.26","en":"В.2.26"},"alt_name":{"ru":"В.2.26","en":"В.2.26"},"restriction":null,"accessibility":null,"level_id":"ee066945-7a0b-4f69-b95c-817981001759","display_point":{"type":"Point","coordinates":[30.380128133630141,60.006216256675337]}}},{"id":"dd7bafe1-c9ea-4a18-88ae-82cef0400893","type":"Feature","feature_type":"unit","geometry":{"type":"Polygon","coordinates":[[[30.380200659098243,60.006013092827324],[30.380183974696809,60.005988381793223],[30.38001694158508,60.006016565732381],[30.380033625931222,60.006041276766481],[30.380200659098243,60.006013092827324]]]},"properties":{"category":"classroom","name":{"ru":"Кабинет 5","en":"Classroom 5"},"alt_name":{"ru":"5","en":"5"},"restriction":null,"accessibility":null,"level_id":"ee066945-7a0b-4f69-b95c-817981001759","display_point":{"type":"Point","coordinates":[30.380108800344072,60.006014829279849]}}},{"id":"18d2ead2-f3bf-4554-b917-e6318ea138e6","type":"Feature","feature_type":"unit","geometry":{"type":"Polygon","coordinates":[[[30.379285800371179,60.006733355332088],[30.3792669875009,60.006705491677444],[30.379225228960429,60.006712537936686],[30.379244041815106,60.006740401316875],[30.379285800371179,60.006733355332088]]]},"properties":{"category":"classroom","name":{"ru":"Г.2.29","en":"Г.2.29"},"alt_name":{"ru":"Г.2.29","en":"Г.2.29"},"restriction":null,"accessibility":null,"level_id":"ee066945-7a0b-4f69-b95c-817981001759","display_point":{"type":"Point","coordinates":[30.379255457149075,60.0067228614173]}}},{"id":"2a8ca0ff-e226-4a80-bb7e-e0c7abe8ce45","type":"Feature","feature_type":"unit","geometry":{"type":"Polygon","coordinates":[[[30.379407789999007,60.0064584883724],[30.379360917888551,60.006466397231655],[30.379490884394876,60.006658886301565],[30.379358221263633,60.006681175853025],[30.379337427236337,60.006684684436735],[30.379365330609843,60.006726011018884],[30.379365159876656,60.006726039836252],[30.379361477729656,60.006720586491582],[30.378849746626923,60.006806835789519],[30.378820770768264,60.006811724862587],[30.378820656019816,60.006811554702864],[30.378849631603909,60.006806665629796],[30.378830185584167,60.006777864449965],[30.378727577983373,60.006795177378429],[30.378540312224747,60.006517819774409],[30.37852497232964,60.006520408123357],[30.378524799659836,60.006520152060418],[30.378540139554904,60.006517563985923],[30.37845430276937,60.006390431070017],[30.378441008124863,60.0063926741594],[30.3784408933781,60.00639250372523],[30.378454187748087,60.006390260635847],[30.37840373271883,60.006315531425614],[30.3785042370658,60.006298478402407],[30.378499807238317,60.006291917098373],[30.378500147879748,60.006291859738077],[30.378504577707261,60.006298421042111],[30.379018805090212,60.006211654952629],[30.379013626885662,60.006203985963694],[30.379013797343166,60.006203957146326],[30.379073400436578,60.006292234638373],[30.379066923592521,60.006293327502917],[30.379081076603573,60.006314288985187],[30.379097268443367,60.006311556823825],[30.379097326092023,60.00631164217814],[30.37908113425221,60.006314374339496],[30.379201836555321,60.006493144418961],[30.379569994017132,60.00643102486756],[30.37944929083238,60.006252254788095],[30.379387590718373,60.006262665544185],[30.379488732532238,60.006412464284089],[30.379239602073977,60.006454595282612],[30.379138345462476,60.006304625834076],[30.379120278591081,60.006307674437629],[30.379120220942397,60.006307589083313],[30.379138287813774,60.006304540479761],[30.379449233183323,60.006252169433779],[30.379435310664949,60.006231548819862],[30.379426788618481,60.006232986669524],[30.379424199628804,60.006229152037832],[30.379372586749575,60.006151866040533],[30.379367811227159,60.006144793433982],[30.379368152141552,60.006144735799239],[30.379373214810347,60.006152234354],[30.379883519686157,60.006066129691831],[30.379878917063614,60.006059312873766],[30.379879257428161,60.00605925551347],[30.379883860050732,60.006066072331535],[30.379990727909437,60.006048040341014],[30.380040206129632,60.006121320723544],[30.380047023854441,60.006120170224257],[30.380047139153852,60.006120340658427],[30.380040320880045,60.006121491157714],[30.380124717974653,60.006245925120851],[30.380135455950235,60.0062441134687],[30.380135570701082,60.006244283628426],[30.380124833274458,60.006246095280574],[30.380315437879943,60.006527826812828],[30.380207887503122,60.006545973798389],[30.380228084354982,60.00657616672008],[30.380378131758263,60.006550943834554],[30.380167501360106,60.006238990837687],[30.380158638688886,60.006240486322092],[30.380158523389,60.006240316162369],[30.38016738606018,60.00623882040351],[30.380083272707232,60.006114243725769],[30.380071000914423,60.006116314459824],[30.380070885614959,60.006116144025647],[30.380083157407739,60.0061140732916],[30.379842732346635,60.005758550348745],[30.37980012218512,60.005765740420394],[30.379974105113085,60.006023983324049],[30.379867408568902,60.006041986497195],[30.379871033344923,60.006047354762],[30.379870691882488,60.006047412396747],[30.379867067106492,60.006042044131938],[30.379357785687031,60.006127976164322],[30.379362042916618,60.006134281679863],[30.379361702002274,60.006134339314613],[30.379357617170193,60.006128289313104],[30.379322810478129,60.006076737503854],[30.379266564586036,60.006086228025183],[30.379369259357784,60.006238327489214],[30.379120811035406,60.006280343218243],[30.379017064212292,60.006125665559956],[30.378965144996947,60.00613442906014],[30.379005131581,60.006193934464186],[30.37900496139801,60.006193963281561],[30.379001624377356,60.006189021239408],[30.378488931543586,60.006275528246988],[30.378492095586783,60.0062802147751],[30.378491754670929,60.006280272409846],[30.378488590627754,60.006275585881731],[30.378388141748591,60.006292439653393],[30.37817757920573,60.005980571736387],[30.37813320649974,60.00598796407855],[30.37840987244601,60.006397738057871],[30.378417883435514,60.006396386385873],[30.378417998182222,60.00639655682005],[30.378409987467194,60.00639790849204],[30.378495824177254,60.00652504140794],[30.378509289030529,60.006522768952287],[30.378509461974772,60.006523025015227],[30.378495996846944,60.006525297196433],[30.378702880526269,60.006831711494314],[30.378767080792741,60.006820783946679],[30.378797760976617,60.006815607248789],[30.378797875999528,60.006815777682959],[30.378767196090074,60.006820954380856],[30.3787837648748,60.006845494706333],[30.379378104633592,60.00674521189692],[30.379372639196745,60.006737117234223],[30.37937315057291,60.006737030782105],[30.379378616009809,60.0067451254448],[30.379578035344803,60.00671147745738],[30.379572857859785,60.006703808742891],[30.379573198776882,60.006703751108148],[30.379578376810922,60.006711419822636],[30.3803296919648,60.006584650005628],[30.380314158183705,60.006561643587716],[30.379563240730011,60.0066884411243],[30.379566347768488,60.00669304257255],[30.37956617758444,60.006693071115471],[30.379407789999007,60.0064584883724]]]},"properties":{"category":"walkway","name":null,"alt_name":null,"restriction":null,"accessibility":null,"level_id":"afe8614a-54b2-4468-89de-a68def1a26e7","display_point":{"type":"Point","coordinates":[30.379555946910468,60.006649237147464]}}},{"id":"ddf4fc16-8de1-4b2b-b4f0-66c09b1e57af","type":"Feature","feature_type":"unit","geometry":{"type":"Polygon","coordinates":[[[30.379435862428306,60.006792511634252],[30.3794013430238,60.006741385773211],[30.379299076272233,60.006758641341385],[30.379333595881192,60.006809767202419],[30.379435862428306,60.006792511634252]]]},"properties":{"category":"classroom","name":{"ru":"Г.3.11 Научная лаборатория \"Космические телекоммуникационные системы\"","en":"Г.3.11 Research laboratory \"Space telecommunication systems\""},"alt_name":{"ru":"Г.3.11","en":"Г.3.11"},"restriction":"restricted","accessibility":null,"level_id":"afe8614a-54b2-4468-89de-a68def1a26e7","display_point":{"type":"Point","coordinates":[30.379367469470015,60.006775576625046]}}},{"id":"4cd75ca9-2511-410d-86f5-2e40f7e94c90","type":"Feature","feature_type":"unit","geometry":{"type":"Polygon","coordinates":[[[30.379333595881192,60.006809767202419],[30.379299076272233,60.006758641341385],[30.3790945428835,60.006793152203272],[30.379129062626877,60.006844278064314],[30.379333595881192,60.006809767202419]]]},"properties":{"category":"laboratory","name":{"ru":"Г.3.10 Дирекция Института передовых производственных технологий (ИППТ)","en":"Г.3.10 Administration Office, Institute of Advanced Manufacturing Technologies"},"alt_name":{"ru":"Г.3.10","en":"Г.3.10"},"restriction":null,"accessibility":null,"level_id":"afe8614a-54b2-4468-89de-a68def1a26e7","display_point":{"type":"Point","coordinates":[30.37921406964184,60.006801459840069]}}},{"id":"94873d7b-3095-4162-aac6-0877984840e5","type":"Feature","feature_type":"unit","geometry":{"type":"Polygon","coordinates":[[[30.379129062626877,60.006844278064314],[30.3790945428835,60.006793152203272],[30.378993980837141,60.006810120146618],[30.379028500237151,60.006861246007659],[30.379129062626877,60.006844278064314]]]},"properties":{"category":"laboratory","name":{"ru":"Г.3.09 Центр дополнительного профессионального образования ПИШ \"Цифровой инжиниринг\"","en":"Г.3.09 Center for Continuing Education, School of Advanced Engineering Studies in Digital Engineering"},"alt_name":{"ru":"Г.3.09","en":"Г.3.09"},"restriction":null,"accessibility":null,"level_id":"afe8614a-54b2-4468-89de-a68def1a26e7","display_point":{"type":"Point","coordinates":[30.379061521714561,60.006827198968239]}}},{"id":"fdb4c0b9-5255-4ee7-886c-587efaace8ef","type":"Feature","feature_type":"unit","geometry":{"type":"Polygon","coordinates":[[[30.378942170412905,60.006879608986289],[30.378939869121719,60.006876200577253],[30.379028500237151,60.006861246007659],[30.378993980837141,60.006810120146618],[30.378852511829145,60.006833989987896],[30.378889332421039,60.006888524257967],[30.378942170412905,60.006879608986289]]]},"properties":{"category":"classroom","name":{"ru":"Г.3.08 Фабрика идей ИППТ","en":"Г.3.08 Factory of Ideas, Institute of Advanced Manufacturing Technologies"},"alt_name":{"ru":"Г.3.08","en":"Г.3.08"},"restriction":"restricted","accessibility":null,"level_id":"afe8614a-54b2-4468-89de-a68def1a26e7","display_point":{"type":"Point","coordinates":[30.378940534692962,60.006847506433381]}}},{"id":"1ebbf4c5-040b-48f0-8152-83da81f2ed6e","type":"Feature","feature_type":"unit","geometry":{"type":"Polygon","coordinates":[[[30.37936164818834,60.006720557674214],[30.379349566533698,60.006702663458178],[30.379302694243233,60.006710572042984],[30.379314776161131,60.006728466259013],[30.37936164818834,60.006720557674214]]]},"properties":{"category":"unspecified","name":{"ru":"Кабинет 8","en":"Cabinet 8"},"alt_name":{"ru":"8","en":"8"},"restriction":"restricted","accessibility":null,"level_id":"afe8614a-54b2-4468-89de-a68def1a26e7","display_point":{"type":"Point","coordinates":[30.379332171350807,60.006715564858595]}}},{"id":"d342c13e-28a9-4446-a979-718caa22b9dc","type":"Feature","feature_type":"unit","geometry":{"type":"Polygon","coordinates":[[[30.379314776161131,60.006728466259013],[30.379302694243233,60.006710572042984],[30.379273718734719,60.006715461116059],[30.379285800645672,60.006733355332088],[30.379314776161131,60.006728466259013]]]},"properties":{"category":"unspecified","name":{"ru":"Г.3.49","en":"Г.3.49"},"alt_name":{"ru":"Г.3.49","en":"Г.3.49"},"restriction":"restricted","accessibility":null,"level_id":"afe8614a-54b2-4468-89de-a68def1a26e7","display_point":{"type":"Point","coordinates":[30.379294247445909,60.006721963687532]}}},{"id":"6eb70366-1cd1-4603-b34b-10775599980a","type":"Feature","feature_type":"unit","geometry":{"type":"Polygon","coordinates":[[[30.378961956470917,60.00678799773592],[30.379057405272363,60.006771892667039],[30.379037844423483,60.006742921327486],[30.379163973253043,60.006721639560709],[30.379183534150872,60.006750610900262],[30.379285800645672,60.006733355332088],[30.379232755419956,60.006654791764618],[30.378909026883523,60.006709604602619],[30.378944121555858,60.006761582634532],[30.378961956470917,60.00678799773592]]]},"properties":{"category":"classroom","name":{"ru":"Г.3.50 Научная лаборатория \"Специальный Технологический Центр-Политех\"","en":"Г.3.50 Research Laboratory \"Special Technological Center - Polytech\""},"alt_name":{"ru":"Г.3.50","en":"Г.3.50"},"restriction":null,"accessibility":null,"level_id":"afe8614a-54b2-4468-89de-a68def1a26e7","display_point":{"type":"Point","coordinates":[30.379090401578054,60.006713701884081]}}},{"id":"c3eb9557-6ddf-47da-883c-30a2c337838d","type":"Feature","feature_type":"unit","geometry":{"type":"Polygon","coordinates":[[[30.379122174173467,60.0067609640216],[30.379102613299452,60.006731992682049],[30.379037844423483,60.006742921327486],[30.379057405272363,60.006771892667039],[30.379122174173467,60.0067609640216]]]},"properties":{"category":"restroom","name":{"ru":"Туалет мужской","en":"Restroom male"},"alt_name":{"ru":"Туалет М.","en":"Restroom M."},"restriction":null,"accessibility":null,"level_id":"afe8614a-54b2-4468-89de-a68def1a26e7","display_point":{"type":"Point","coordinates":[30.379080009155469,60.006751942537321]}}},{"id":"41d35644-0083-4cb9-ac32-4b027055ae72","type":"Feature","feature_type":"unit","geometry":{"type":"Polygon","coordinates":[[[30.379183534150872,60.006750610900262],[30.379163973253043,60.006721639560709],[30.379102613299452,60.006731992682049],[30.379122174173467,60.0067609640216],[30.379183534150872,60.006750610900262]]]},"properties":{"category":"restroom","name":{"ru":"Туалет женский","en":"Restroom female"},"alt_name":{"ru":"Туалет Ж.","en":"Restroom F."},"restriction":null,"accessibility":null,"level_id":"afe8614a-54b2-4468-89de-a68def1a26e7","display_point":{"type":"Point","coordinates":[30.379143073444958,60.006741301516705]}}},{"id":"49216acf-ef96-47d7-aebf-c8bfc36ed361","type":"Feature","feature_type":"unit","geometry":{"type":"Polygon","coordinates":[[[30.378849462808429,60.006806978504123],[30.378961956470917,60.00678799773592],[30.378942395384584,60.006759026396367],[30.378829902314759,60.006778007439024],[30.378849462808429,60.006806978504123]]]},"properties":{"category":"classroom","name":{"ru":"Г.3.55","en":"Г.3.55"},"alt_name":{"ru":"Г.3.55","en":"Г.3.55"},"restriction":null,"accessibility":null,"level_id":"afe8614a-54b2-4468-89de-a68def1a26e7","display_point":{"type":"Point","coordinates":[30.378895929113348,60.006783002450248]}}},{"id":"bc37adde-8aa8-4db1-a1c9-654b39ff35a6","type":"Feature","feature_type":"unit","geometry":{"type":"Polygon","coordinates":[[[30.378727635631975,60.006795262732737],[30.378942395384584,60.006759026396367],[30.37885552203343,60.0066303595729],[30.378640762101991,60.006666595909273],[30.378727635631975,60.006795262732737]]]},"properties":{"category":"laboratory","name":{"ru":"Г.3.56 Полигон-демонстратор передовых цифровых и производственных технологий","en":"Г.3.56 Demonstration Tested of Advanced Digital and Manufacturing Technologies"},"alt_name":{"ru":"Г.3.56","en":"Г.3.56"},"restriction":null,"accessibility":null,"level_id":"afe8614a-54b2-4468-89de-a68def1a26e7","display_point":{"type":"Point","coordinates":[30.378792718352017,60.00671309315139]}}},{"id":"71cc1de8-683d-4719-a5b7-8c9ab1778ee2","type":"Feature","feature_type":"unit","geometry":{"type":"Polygon","coordinates":[[[30.378640762101991,60.006666595909273],[30.37885552203343,60.0066303595729],[30.378821002887612,60.006579233711861],[30.37860624337775,60.006615470048231],[30.378640762101991,60.006666595909273]]]},"properties":{"category":"laboratory","name":{"ru":"Г.3.57 Лаборатория профориентации","en":"Г.3.57 Laboratory of vocational guidance"},"alt_name":{"ru":"Г.3.57","en":"Г.3.57"},"restriction":null,"accessibility":null,"level_id":"afe8614a-54b2-4468-89de-a68def1a26e7","display_point":{"type":"Point","coordinates":[30.378730884338523,60.006622914810563]}}},{"id":"ec0b2da6-45f2-4947-ace5-8e6fda82cac1","type":"Feature","feature_type":"unit","geometry":{"type":"Polygon","coordinates":[[[30.37881929857652,60.006579521336683],[30.37878535459712,60.006529247646519],[30.378572299541833,60.006565196358068],[30.37860624337775,60.006615470048231],[30.37881929857652,60.006579521336683]]]},"properties":{"category":"laboratory","name":{"ru":"Г.3.58 Лаборатория \"Цифровое производство\" ИППТ","en":"Г.3.58 Digital Manufacturing Laboratory, Institute of Advanced Manufacturing Technologies"},"alt_name":{"ru":"Г.3.58","en":"Г.3.58"},"restriction":null,"accessibility":null,"level_id":"afe8614a-54b2-4468-89de-a68def1a26e7","display_point":{"type":"Point","coordinates":[30.378695799045797,60.006572358710152]}}},{"id":"42f4ed71-3479-44d3-b53f-a953def11732","type":"Feature","feature_type":"unit","geometry":{"type":"Polygon","coordinates":[[[30.37878535459712,60.006529247646519],[30.3787514106693,60.006478973681894],[30.378538356031989,60.006514922393443],[30.378572299541833,60.006565196358068],[30.37878535459712,60.006529247646519]]]},"properties":{"category":"laboratory","name":{"ru":"Г.3.59 Лаборатория \"Цифровое производство\" ИППТ","en":"Г.3.59 Digital Manufacturing Laboratory, Institute of Advanced Manufacturing Technologies"},"alt_name":{"ru":"Г.3.59","en":"Г.3.59"},"restriction":null,"accessibility":null,"level_id":"afe8614a-54b2-4468-89de-a68def1a26e7","display_point":{"type":"Point","coordinates":[30.378661855438427,60.006522085019981]}}},{"id":"9a8e220e-30ad-416a-a0a0-9d82c480c827","type":"Feature","feature_type":"unit","geometry":{"type":"Polygon","coordinates":[[[30.378649144428369,60.006496228975614],[30.378600242851881,60.006423800489507],[30.3784894542885,60.006442493907343],[30.378538356031989,60.006514922393443],[30.378649144428369,60.006496228975614]]]},"properties":{"category":"unspecified","name":{"ru":"А.3.14 Вентиляционная камера","en":"А.3.14 Vent chamber"},"alt_name":{"ru":"А.3.14","en":"А.3.14"},"restriction":null,"accessibility":null,"level_id":"afe8614a-54b2-4468-89de-a68def1a26e7","display_point":{"type":"Point","coordinates":[30.378569299600503,60.0064693615787]}}},{"id":"60ec3f6f-f039-42b9-832d-3fee312b87c3","type":"Feature","feature_type":"unit","geometry":{"type":"Polygon","coordinates":[[[30.3784894542885,60.006442493907343],[30.378552518652466,60.006431853161175],[30.378535259104538,60.006406290230657],[30.378472195036661,60.006416930976819],[30.3784894542885,60.006442493907343]]]},"properties":{"category":"unspecified","name":{"ru":"Кабинет 0","en":"Cabinet 0"},"alt_name":{"ru":"0","en":"0"},"restriction":"restricted","accessibility":null,"level_id":"afe8614a-54b2-4468-89de-a68def1a26e7","display_point":{"type":"Point","coordinates":[30.378512356977286,60.006424392206227]}}},{"id":"60430403-ecf0-4f16-8c6b-f8dbba2cba59","type":"Feature","feature_type":"unit","geometry":{"type":"Polygon","coordinates":[[[30.378600242851881,60.006423800489507],[30.378568600373331,60.006376935208372],[30.378561782870833,60.006378085707667],[30.378543948226124,60.006351670880726],[30.378439977546073,60.006369213799267],[30.378472195036661,60.006416930976819],[30.378535259104538,60.006406290230657],[30.378552518652466,60.006431853161175],[30.378600242851881,60.006423800489507]]]},"properties":{"category":"administration","name":{"ru":"А.3.15 Дирекция","en":"А.3.15 Program Development and Management Office"},"alt_name":{"ru":"А.3.15","en":"А.3.15"},"restriction":null,"accessibility":null,"level_id":"afe8614a-54b2-4468-89de-a68def1a26e7","display_point":{"type":"Point","coordinates":[30.3785101999305,60.0063818369062]}}},{"id":"097ef810-4d42-45ee-a748-eb7fb3849f8a","type":"Feature","feature_type":"unit","geometry":{"type":"Polygon","coordinates":[[[30.378464070999755,60.006320537414886],[30.378473851371197,60.006335023221887],[30.378526688976923,60.0063261079502],[30.3785077033241,60.006297988232618],[30.37840373271883,60.006315531425614],[30.378412937970957,60.006329165061743],[30.378464070999755,60.006320537414886]]]},"properties":{"category":"restroom.female","name":{"ru":"Туалет женский","en":"Restroom female"},"alt_name":{"ru":"Туалет Ж.","en":"Restroom F."},"restriction":null,"accessibility":null,"level_id":"afe8614a-54b2-4468-89de-a68def1a26e7","display_point":{"type":"Point","coordinates":[30.378461217107379,60.006315373341742]}}},{"id":"6d62d03f-ca1e-4941-b687-c349fe722c10","type":"Feature","feature_type":"unit","geometry":{"type":"Polygon","coordinates":[[[30.378543948226124,60.006351670880726],[30.378526688976923,60.0063261079502],[30.378422718332477,60.006343650868743],[30.378439977546073,60.006369213799267],[30.378543948226124,60.006351670880726]]]},"properties":{"category":"restroom","name":{"ru":"Туалет мужской","en":"Restroom male"},"alt_name":{"ru":"Туалет М.","en":"Restroom M."},"restriction":null,"accessibility":null,"level_id":"afe8614a-54b2-4468-89de-a68def1a26e7","display_point":{"type":"Point","coordinates":[30.378480202470911,60.006343492510425]}}},{"id":"e5cb1c3f-99c5-4caf-aed9-9786fcb0dee9","type":"Feature","feature_type":"unit","geometry":{"type":"Polygon","coordinates":[[[30.378473851371197,60.006335023221887],[30.378464070999755,60.006320537414886],[30.378412937970957,60.006329165061743],[30.378422718332477,60.006343650868743],[30.378473851371197,60.006335023221887]]]},"properties":{"category":"unspecified","name":{"ru":"А.3.18 Помещение уборочного инвентаря","en":"А.3.18 Cleaning equipment room"},"alt_name":{"ru":"А.3.18","en":"А.3.18"},"restriction":"restricted","accessibility":null,"level_id":"afe8614a-54b2-4468-89de-a68def1a26e7","display_point":{"type":"Point","coordinates":[30.378443394669734,60.006332094279038]}}},{"id":"1569ed35-b9ae-469d-92b8-b3c89ea9a5ea","type":"Feature","feature_type":"unit","geometry":{"type":"Polygon","coordinates":[[[30.3794477934488,60.006790498534947],[30.379457574105167,60.006804984341947],[30.379743920630581,60.0067566691353],[30.379734715319117,60.00674303549917],[30.379744941735858,60.006741310024687],[30.379709846719482,60.006689331992781],[30.3794013430238,60.006741385773211],[30.379435862428306,60.006792511634252],[30.3794477934488,60.006790498534947]]]},"properties":{"category":"classroom","name":{"ru":"Г.3.12","en":"Г.3.12"},"alt_name":{"ru":"Г.3.12","en":"Г.3.12"},"restriction":null,"accessibility":null,"level_id":"afe8614a-54b2-4468-89de-a68def1a26e7","display_point":{"type":"Point","coordinates":[30.379573670237018,60.006741426940884]}}},{"id":"838920fb-fe58-4dc4-a21b-be283330105c","type":"Feature","feature_type":"unit","geometry":{"type":"Polygon","coordinates":[[[30.379845504033955,60.006724342081341],[30.379810408398569,60.006672364049429],[30.379709846719482,60.006689331992781],[30.379744941735858,60.006741310024687],[30.379845504033955,60.006724342081341]]]},"properties":{"category":"classroom","name":{"ru":"Г.3.13","en":"Г.3.13"},"alt_name":{"ru":"Г.3.13","en":"Г.3.13"},"restriction":null,"accessibility":null,"level_id":"afe8614a-54b2-4468-89de-a68def1a26e7","display_point":{"type":"Point","coordinates":[30.379777675358767,60.006706837037058]}}},{"id":"3841b510-2f22-408b-84dd-fb93bb05f521","type":"Feature","feature_type":"unit","geometry":{"type":"Polygon","coordinates":[[[30.380154006751621,60.006672288300912],[30.38011891145042,60.006620310269],[30.379941650318223,60.006650219682641],[30.379810408398569,60.006672364049429],[30.379845504033955,60.006724342081341],[30.380154006751621,60.006672288300912]]]},"properties":{"category":"administration","name":{"ru":"Г.3.14 Центр дополнительного профессионального образования ПИШ \"Цифровой инжиниринг\"","en":"Г.3.14 Center for Continuing Education, School of Advanced Engineering Studies in Digital Engineering"},"alt_name":{"ru":"Г.3.14","en":"Г.3.14"},"restriction":null,"accessibility":null,"level_id":"afe8614a-54b2-4468-89de-a68def1a26e7","display_point":{"type":"Point","coordinates":[30.379982789776111,60.006672328370783]}}},{"id":"d59d7310-e267-4690-8fc5-8f7ee1b960a0","type":"Feature","feature_type":"unit","geometry":{"type":"Polygon","coordinates":[[[30.380251159677208,60.0066558956072],[30.380253461302789,60.006659304016239],[30.380297776022715,60.006651826594215],[30.380260378995402,60.006596440153274],[30.38011891145042,60.006620310269],[30.380154006751621,60.006672288300912],[30.380251159677208,60.0066558956072]]]},"properties":{"category":"classroom","name":{"ru":"Г.3.15","en":"Г.3.15"},"alt_name":{"ru":"Г.3.15","en":"Г.3.15"},"restriction":"restricted","accessibility":null,"level_id":"afe8614a-54b2-4468-89de-a68def1a26e7","display_point":{"type":"Point","coordinates":[30.380207293881274,60.006633906305318]}}},{"id":"05edfa6e-0853-4469-86c4-85c5ef84782a","type":"Feature","feature_type":"unit","geometry":{"type":"Polygon","coordinates":[[[30.379704855563414,60.0066313250921],[30.379685869596656,60.006603205923419],[30.379523948471736,60.006630526988111],[30.379542934103007,60.006658646156794],[30.379704855563414,60.0066313250921]]]},"properties":{"category":"restroom","name":{"ru":"Туалет мужской","en":"Restroom male"},"alt_name":{"ru":"Туалет М.","en":"Restroom M."},"restriction":null,"accessibility":null,"level_id":"afe8614a-54b2-4468-89de-a68def1a26e7","display_point":{"type":"Point","coordinates":[30.379614401742536,60.00663092604011]}}},{"id":"c14cb4b2-f50d-4bdc-b398-d0654e98df5e","type":"Feature","feature_type":"unit","geometry":{"type":"Polygon","coordinates":[[[30.3796943120314,60.006666325300422],[30.379674175810496,60.00663650179],[30.379542934103007,60.006658646156794],[30.379563070545974,60.006688469667218],[30.3796943120314,60.006666325300422]]]},"properties":{"category":"restroom","name":{"ru":"Туалет женский","en":"Restroom female"},"alt_name":{"ru":"Туалет Ж.","en":"Restroom F."},"restriction":null,"accessibility":null,"level_id":"afe8614a-54b2-4468-89de-a68def1a26e7","display_point":{"type":"Point","coordinates":[30.379618708566525,60.006662471457147]}}},{"id":"8baf8119-4326-4237-845f-a44496b65098","type":"Feature","feature_type":"unit","geometry":{"type":"Polygon","coordinates":[[[30.379724992345562,60.006661148602525],[30.379704855563414,60.0066313250921],[30.379674175810496,60.00663650179],[30.3796943120314,60.006666325300422],[30.379724992345562,60.006661148602525]]]},"properties":{"category":"unspecified","name":{"ru":"Г.3.34","en":"Г.3.34"},"alt_name":{"ru":"Г.3.34","en":"Г.3.34"},"restriction":"restricted","accessibility":null,"level_id":"afe8614a-54b2-4468-89de-a68def1a26e7","display_point":{"type":"Point","coordinates":[30.379699317713239,60.006651243111037]}}},{"id":"f7c0f9ef-d595-4bbc-9435-45c7617dd611","type":"Feature","feature_type":"unit","geometry":{"type":"Polygon","coordinates":[[[30.379956795836584,60.006622036292384],[30.379902714675662,60.00654193909179],[30.379670911433355,60.006581051401938],[30.379724992345562,60.006661148602525],[30.379956795836584,60.006622036292384]]]},"properties":{"category":"laboratory","name":{"ru":"Г.3.28 Научная лаборатория \"Космические телекоммуникационные технологии\"","en":"Г.3.28 Research Laboratory \"Space Communication Technologies\""},"alt_name":{"ru":"Г.3.28","en":"Г.3.28"},"restriction":null,"accessibility":null,"level_id":"afe8614a-54b2-4468-89de-a68def1a26e7","display_point":{"type":"Point","coordinates":[30.379813853590704,60.006601544121608]}}},{"id":"72fc0558-e96f-4ae9-af41-914aefb2fcd9","type":"Feature","feature_type":"unit","geometry":{"type":"Polygon","coordinates":[[[30.380120421342266,60.00659442760287],[30.38010143520944,60.006566308434188],[30.379982125026178,60.006586439701678],[30.380001110565079,60.006614558870361],[30.380120421342266,60.00659442760287]]]},"properties":{"category":"unspecified","name":{"ru":"Г.3.65 Серверная","en":"Г.3.65 Server Room"},"alt_name":{"ru":"Г.3.65","en":"Г.3.65"},"restriction":"restricted","accessibility":null,"level_id":"afe8614a-54b2-4468-89de-a68def1a26e7","display_point":{"type":"Point","coordinates":[30.380051273454551,60.006590433789505]}}},{"id":"826fbe0e-00e3-4bb0-a594-96e70fa6a71e","type":"Feature","feature_type":"unit","geometry":{"type":"Polygon","coordinates":[[[30.379490884394876,60.006658886301565],[30.37944543305078,60.006591570566229],[30.37928606818291,60.006618460193685],[30.37930286355153,60.006642772724696],[30.379308488407862,60.00664182367256],[30.379337427236337,60.006684684436735],[30.379490884394876,60.006658886301565]]]},"properties":{"category":"classroom","name":{"ru":"Г.3.47 ВК для кондиционирования","en":"Г.3.47"},"alt_name":{"ru":"Г.3.47","en":"Г.3.47"},"restriction":null,"accessibility":null,"level_id":"afe8614a-54b2-4468-89de-a68def1a26e7","display_point":{"type":"Point","coordinates":[30.379388752236537,60.006638312069889]}}},{"id":"cf764087-9964-4d79-b6dd-31648e09599d","type":"Feature","feature_type":"unit","geometry":{"type":"Polygon","coordinates":[[[30.37944543305078,60.006591570566229],[30.379411489138292,60.006541296876065],[30.379252124103257,60.006568186503522],[30.37928606818291,60.006618460193685],[30.37944543305078,60.006591570566229]]]},"properties":{"category":"classroom","name":{"ru":"Г.3.46 Институт физики, нанотехнологий и телекоммуникаций. Научная лаборатория \"Специальный Технологический Центр  - Политех\"","en":"Г.3.46 Institute of Physics, Nanotechnology and Telecommunications. Research Laboratory \"Special Technological Center - Polytech\""},"alt_name":{"ru":"Г.3.46","en":"Г.3.46"},"restriction":null,"accessibility":null,"level_id":"afe8614a-54b2-4468-89de-a68def1a26e7","display_point":{"type":"Point","coordinates":[30.379348778559923,60.006579878397652]}}},{"id":"33d29011-44bd-4dea-afa4-a2a552673abc","type":"Feature","feature_type":"unit","geometry":{"type":"Polygon","coordinates":[[[30.379637542203284,60.006531629882637],[30.379588639518353,60.006459201396531],[30.379426718156797,60.006486522461223],[30.37947562068463,60.00655895094733],[30.379637542203284,60.006531629882637]]]},"properties":{"category":"classroom","name":{"ru":"Г.3.42 Лаборатория архитектурно-дизайнерского проектирования Высшей  школы дизайна и архитектуры","en":"Г.3.42 Laboratory of architectural and design engineering of the Higher School of Design and Architecture"},"alt_name":{"ru":"Г.3.42","en":"Г.3.42"},"restriction":null,"accessibility":null,"level_id":"afe8614a-54b2-4468-89de-a68def1a26e7","display_point":{"type":"Point","coordinates":[30.37953213014411,60.006509076309158]}}},{"id":"e2dbeead-96df-4547-91c7-a449440847e1","type":"Feature","feature_type":"unit","geometry":{"type":"Polygon","coordinates":[[[30.379488733081224,60.006412464284089],[30.379471472902054,60.006386901353572],[30.379302733901142,60.006415372917552],[30.379319994022534,60.006440935848069],[30.379488733081224,60.006412464284089]]]},"properties":{"category":"classroom","name":{"ru":"Б.3.04","en":"Б.3.04"},"alt_name":{"ru":"Б.3.04","en":"Б.3.04"},"restriction":null,"accessibility":null,"level_id":"afe8614a-54b2-4468-89de-a68def1a26e7","display_point":{"type":"Point","coordinates":[30.379395733493229,60.006413918600821]}}},{"id":"4b7b6c1a-0714-4fdd-8419-f694d0e1afaf","type":"Feature","feature_type":"unit","geometry":{"type":"Polygon","coordinates":[[[30.38007627506785,60.006174178371438],[30.380045207336529,60.006128164986727],[30.379929306516789,60.006147721279021],[30.379960374176676,60.006193734663739],[30.38007627506785,60.006174178371438]]]},"properties":{"category":"classroom","name":{"ru":"В.3.12","en":"В.3.12"},"alt_name":{"ru":"В.3.12","en":"В.3.12"},"restriction":null,"accessibility":null,"level_id":"afe8614a-54b2-4468-89de-a68def1a26e7","display_point":{"type":"Point","coordinates":[30.380002791052117,60.00616094982523]}}},{"id":"a9e3b77d-af67-4f40-bd97-f8140dff3460","type":"Feature","feature_type":"unit","geometry":{"type":"Polygon","coordinates":[[[30.380044866422811,60.00612822262147],[30.380026860521909,60.00610183633745],[30.379921697704059,60.006119580428695],[30.379939532836417,60.006145995804538],[30.380044866422811,60.00612822262147]]]},"properties":{"category":"classroom","name":{"ru":"В.3.16","en":"В.3.16"},"alt_name":{"ru":"В.3.16","en":"В.3.16"},"restriction":null,"accessibility":null,"level_id":"afe8614a-54b2-4468-89de-a68def1a26e7","display_point":{"type":"Point","coordinates":[30.37998316870318,60.006124015559543]}}},{"id":"39e965d8-a848-45c7-8758-1f32d70b66c9","type":"Feature","feature_type":"unit","geometry":{"type":"Polygon","coordinates":[[[30.380027030704216,60.006101807520082],[30.380009770947062,60.006076244589558],[30.379904437982976,60.006094017498178],[30.379921697704059,60.006119580428695],[30.380027030704216,60.006101807520082]]]},"properties":{"category":"restroom","name":{"ru":"Туалет мужской","en":"Restroom male"},"alt_name":{"ru":"Туалет М.","en":"Restroom M."},"restriction":null,"accessibility":null,"level_id":"afe8614a-54b2-4468-89de-a68def1a26e7","display_point":{"type":"Point","coordinates":[30.379965621258268,60.006098026680817]}}},{"id":"f6bdc9cb-5ffd-4cfa-8483-770b04354056","type":"Feature","feature_type":"unit","geometry":{"type":"Polygon","coordinates":[[[30.380009770947062,60.006076244589558],[30.38000056567552,60.006062611227883],[30.379944661355182,60.006072044114461],[30.379953866067531,60.006085677476143],[30.380009770947062,60.006076244589558]]]},"properties":{"category":"unspecified","name":{"ru":"В.3.08","en":"В.3.08"},"alt_name":{"ru":"В.3.08","en":"В.3.08"},"restriction":"restricted","accessibility":null,"level_id":"afe8614a-54b2-4468-89de-a68def1a26e7","display_point":{"type":"Point","coordinates":[30.379977103068423,60.006074258386469]}}},{"id":"32327d23-5246-4d59-aad0-a11b8e623f88","type":"Feature","feature_type":"unit","geometry":{"type":"Polygon","coordinates":[[[30.379953866067531,60.006085677476143],[30.379944661355182,60.006072044114461],[30.38000056567552,60.006062611227883],[30.379990727909437,60.006048040341014],[30.379885452085603,60.006065898329496],[30.379904437982976,60.006094017498178],[30.379953866067531,60.006085677476143]]]},"properties":{"category":"restroom","name":{"ru":"Туалет женский","en":"Restroom female"},"alt_name":{"ru":"Туалет Ж.","en":"Restroom F."},"restriction":null,"accessibility":null,"level_id":"afe8614a-54b2-4468-89de-a68def1a26e7","display_point":{"type":"Point","coordinates":[30.379946362600361,60.00607137747258]}}},{"id":"d194fa5f-0b99-4874-acc3-b4ca95e6be1e","type":"Feature","feature_type":"unit","geometry":{"type":"Polygon","coordinates":[[[30.379939532836417,60.006145995804538],[30.379885452085603,60.006065898329496],[30.379784890798778,60.006082866272848],[30.379838971990658,60.006162963473436],[30.379939532836417,60.006145995804538]]]},"properties":{"category":"administration","name":{"ru":"В.3.05 И.о. проректора по перспективным проектам","en":"В.3.05 Executive Vice-Rector for Perspective Projects  (forward looking, emerging technologies)"},"alt_name":{"ru":"В.3.05","en":"В.3.05"},"restriction":null,"accessibility":null,"level_id":"afe8614a-54b2-4468-89de-a68def1a26e7","display_point":{"type":"Point","coordinates":[30.379862212329694,60.006114431175916]}}},{"id":"e9d08731-a2d0-4c12-b101-77e8ad7190f4","type":"Feature","feature_type":"unit","geometry":{"type":"Polygon","coordinates":[[[30.379838971990658,60.006162963473436],[30.379784890798778,60.006082866272848],[30.379682625439866,60.006100121841015],[30.379736706522024,60.00618021904161],[30.379838971990658,60.006162963473436]]]},"properties":{"category":"administration","name":{"ru":"В.3.04 Управление сопровождения научных проектов и программ. Отдел управления качеством","en":"В.3.04 Office of Scientific Project and Programs Support. Quality Management Department"},"alt_name":{"ru":"В.3.04","en":"В.3.04"},"restriction":null,"accessibility":null,"level_id":"afe8614a-54b2-4468-89de-a68def1a26e7","display_point":{"type":"Point","coordinates":[30.379760798952621,60.006131542657229]}}},{"id":"90e20f17-39e6-48d8-85bf-3dbb0d12ea1d","type":"Feature","feature_type":"unit","geometry":{"type":"Polygon","coordinates":[[[30.379632736427798,60.006197761960152],[30.379578656006178,60.006117664759557],[30.379549680777785,60.006122553832633],[30.379566365250575,60.006147264592279],[30.379460690865347,60.006165095135643],[30.379498086704682,60.006220481576591],[30.379632736427798,60.006197761960152]]]},"properties":{"category":"classroom","name":{"ru":"В.3.02 Научно-технологическое образовательное пространство CML-Bench","en":"В.3.02 CML-Bench Research, Technology and Education Sqace"},"alt_name":{"ru":"В.3.02","en":"В.3.02"},"restriction":null,"accessibility":null,"level_id":"afe8614a-54b2-4468-89de-a68def1a26e7","display_point":{"type":"Point","coordinates":[30.379524451006205,60.006171652871807]}}},{"id":"842721ef-cc0a-42b5-a582-67c1a15263a7","type":"Feature","feature_type":"unit","geometry":{"type":"Polygon","coordinates":[[[30.379566365250575,60.006147264592279],[30.379549680777785,60.006122553832633],[30.379444006427534,60.006140384375996],[30.379460690865347,60.006165095135643],[30.379566365250575,60.006147264592279]]]},"properties":{"category":"classroom","name":{"ru":"В.3.40","en":"В.3.40"},"alt_name":{"ru":"В.3.40","en":"В.3.40"},"restriction":null,"accessibility":null,"level_id":"afe8614a-54b2-4468-89de-a68def1a26e7","display_point":{"type":"Point","coordinates":[30.379505612115974,60.006143752715161]}}},{"id":"f2d85f40-1ba5-47fd-809c-5b513d56597d","type":"Feature","feature_type":"unit","geometry":{"type":"Polygon","coordinates":[[[30.380266933387198,60.0061106854664],[30.38019846890959,60.0060092859152],[30.38003143520227,60.006037469854355],[30.380099899452993,60.006138869405561],[30.380266933387198,60.0061106854664]]]},"properties":{"category":"administration","name":{"ru":"В.3.17 Департамент стратегического планирования и развития. Исполнительная дирекция программы \"Приоритет-2030\"","en":"В.3.17Office for Strategic Planning & Development. Executive Directorate of the \"Priority-2030\" programme"},"alt_name":{"ru":"В.3.17","en":"В.3.17"},"restriction":null,"accessibility":null,"level_id":"afe8614a-54b2-4468-89de-a68def1a26e7","display_point":{"type":"Point","coordinates":[30.380137986663218,60.006060305563636]}}},{"id":"97c48095-28be-43de-b04f-8d87fd1fae86","type":"Feature","feature_type":"unit","geometry":{"type":"Polygon","coordinates":[[[30.38019846890959,60.0060092859152],[30.380147839800291,60.005934300916479],[30.379980348380364,60.0059620877248],[30.38003143520227,60.006037469854355],[30.38019846890959,60.0060092859152]]]},"properties":{"category":"laboratory","name":{"ru":"В.3.18 Лаборатория \"Цифровое моделирование индустриальных систем\"","en":"В.3.18 Laboratory \"Digital Modeling of Industrial Systems\""},"alt_name":{"ru":"В.3.18","en":"В.3.18"},"restriction":null,"accessibility":null,"level_id":"afe8614a-54b2-4468-89de-a68def1a26e7","display_point":{"type":"Point","coordinates":[30.380088926061454,60.005985815674819]}}},{"id":"1fdbf116-85c5-4fbc-8cb1-9ec8465c3b04","type":"Feature","feature_type":"unit","geometry":{"type":"Polygon","coordinates":[[[30.380147268288994,60.005934017957323],[30.380112172835823,60.005882039925417],[30.379945311241848,60.0059101950472],[30.379980406029855,60.005962173079105],[30.380147268288994,60.005934017957323]]]},"properties":{"category":"administration","name":{"ru":"В.3.19 Центр интеллектуальной собственности. Центр поддержки технологий и инноваций","en":"В.3.19 Intellectual Property Center. Technology and Innovation Support Center"},"alt_name":{"ru":"В.3.19","en":"В.3.19"},"restriction":null,"accessibility":null,"level_id":"afe8614a-54b2-4468-89de-a68def1a26e7","display_point":{"type":"Point","coordinates":[30.380046204381816,60.005922120773725]}}},{"id":"c916bc10-40cc-47bc-8ac5-7692cb434d37","type":"Feature","feature_type":"unit","geometry":{"type":"Polygon","coordinates":[[[30.380112172835823,60.005882039925417],[30.38006672194226,60.005814724327308],[30.37989968976806,60.005842908129239],[30.379945140511015,60.005910223864568],[30.380112172835823,60.005882039925417]]]},"properties":{"category":"laboratory","name":{"ru":"В.3.20 Лаборатория самовосстанавливающихся конструкционных материалов","en":"В.3.20 Self-healing structural materials laboratory"},"alt_name":{"ru":"В.3.20","en":"В.3.20"},"restriction":null,"accessibility":null,"level_id":"afe8614a-54b2-4468-89de-a68def1a26e7","display_point":{"type":"Point","coordinates":[30.380005931545007,60.005862474027325]}}},{"id":"8b93051a-7ad2-400e-b267-af7bd2f72f36","type":"Feature","feature_type":"unit","geometry":{"type":"Polygon","coordinates":[[[30.38004658581271,60.005784900954112],[30.379973518855429,60.005676684310387],[30.379806486990095,60.005704868249545],[30.379879553156268,60.005813084893269],[30.38004658581271,60.005784900954112]]]},"properties":{"category":"classroom","name":{"ru":"В.3.22 Интерактивный комплекс \"Передовые цифровые технологии в двигателестроении\"","en":"В.3.22 Advanced Digital Technologies in Engine Manufacturing interactive work and study space"},"alt_name":{"ru":"В.3.22","en":"В.3.22"},"restriction":null,"accessibility":null,"level_id":"afe8614a-54b2-4468-89de-a68def1a26e7","display_point":{"type":"Point","coordinates":[30.379926536328778,60.005744884601825]}}},{"id":"82dd33ea-5b30-4792-97ec-2cb5154f7acd","type":"Feature","feature_type":"unit","geometry":{"type":"Polygon","coordinates":[[[30.3799186391454,60.005941272250546],[30.379868585799997,60.005867139971606],[30.379756094512732,60.005886121014257],[30.379806147197449,60.0059602532932],[30.3799186391454,60.005941272250546]]]},"properties":{"category":"classroom","name":{"ru":"В.3.29","en":"В.3.29"},"alt_name":{"ru":"В.3.29","en":"В.3.29"},"restriction":null,"accessibility":null,"level_id":"afe8614a-54b2-4468-89de-a68def1a26e7","display_point":{"type":"Point","coordinates":[30.379837366520686,60.005913696495178]}}},{"id":"801a72e5-74f3-4da8-b854-debeb3351922","type":"Feature","feature_type":"unit","geometry":{"type":"Polygon","coordinates":[[[30.379938199868498,60.0059702435901],[30.3799186391454,60.005941272250546],[30.379806147197449,60.0059602532932],[30.379825708425869,60.005989224632756],[30.379938199868498,60.0059702435901]]]},"properties":{"category":"classroom","name":{"ru":"В.3.32","en":"В.3.32"},"alt_name":{"ru":"В.3.32","en":"В.3.32"},"restriction":null,"accessibility":null,"level_id":"afe8614a-54b2-4468-89de-a68def1a26e7","display_point":{"type":"Point","coordinates":[30.379873112925718,60.005966474277784]}}},{"id":"ceafb812-5ace-430d-8de8-7b9ca59bb311","type":"Feature","feature_type":"unit","geometry":{"type":"Polygon","coordinates":[[[30.379458005963365,60.00611106585572],[30.379423486622883,60.006059939994678],[30.379322925775597,60.006076907938031],[30.379357445047205,60.006128033799065],[30.379458005963365,60.00611106585572]]]},"properties":{"category":"classroom","name":{"ru":"В.3.37 Научно-технологическое образовательное пространство CML-Bench","en":"В.3.37 CML-Bench Research, Technology and Education Sqace"},"alt_name":{"ru":"В.3.37","en":"В.3.37"},"restriction":null,"accessibility":null,"level_id":"afe8614a-54b2-4468-89de-a68def1a26e7","display_point":{"type":"Point","coordinates":[30.379390465989278,60.006093986759652]}}},{"id":"9b507054-ee9a-420e-8310-4c2cd3bcb034","type":"Feature","feature_type":"unit","geometry":{"type":"Polygon","coordinates":[[[30.378698406373214,60.006240183602451],[30.378661586025128,60.006185649057933],[30.378555911334683,60.0062034796013],[30.378592731605568,60.006258014145814],[30.378698406373214,60.006240183602451]]]},"properties":{"category":"laboratory","name":{"ru":"А.3.29 Системная биология и биоинформатика. Математическая биология и биоинформатика","en":"А.3.29 Systems Biology and Bioinformatics Laboratory. Mathematical Biology and Bioinformatics Laboratory"},"alt_name":{"ru":"А.3.29","en":"А.3.29"},"restriction":null,"accessibility":null,"level_id":"afe8614a-54b2-4468-89de-a68def1a26e7","display_point":{"type":"Point","coordinates":[30.378627158834181,60.006221831601877]}}},{"id":"e371d226-e5c9-4384-bdae-8aab24a3153a","type":"Feature","feature_type":"unit","geometry":{"type":"Polygon","coordinates":[[[30.378795559024876,60.006223790908749],[30.378758738605821,60.006169256364224],[30.378661586025128,60.006185649057933],[30.378698406373214,60.006240183602451],[30.378795559024876,60.006223790908749]]]},"properties":{"category":"laboratory","name":{"ru":"А.3.28 Системная биология и биоинформатика. Математическая биология и биоинформатика","en":"А.3.28 Systems Biology and Bioinformatics Laboratory. Mathematical Biology and Bioinformatics Laboratory"},"alt_name":{"ru":"А.3.28","en":"А.3.28"},"restriction":null,"accessibility":null,"level_id":"afe8614a-54b2-4468-89de-a68def1a26e7","display_point":{"type":"Point","coordinates":[30.378728572642927,60.006204719846117]}}},{"id":"24496ff9-a8cc-4c66-b20f-fc9aabf3375b","type":"Feature","feature_type":"unit","geometry":{"type":"Polygon","coordinates":[[[30.378272545542124,60.006194342024166],[30.378225946103733,60.006125322221543],[30.378062320418753,60.006152930911057],[30.378108920254846,60.00622195071368],[30.378272545542124,60.006194342024166]]]},"properties":{"category":"classroom","name":{"ru":"А.3.04  Инжиниринговый центр \"Центр компьютерного инжиниринга\" (CompMechLab)","en":"А.3.04 Computer-Aided Engineering Centre of Excellence (CompMechLab)"},"alt_name":{"ru":"А.3.04 ","en":"А.3.04 "},"restriction":null,"accessibility":null,"level_id":"afe8614a-54b2-4468-89de-a68def1a26e7","display_point":{"type":"Point","coordinates":[30.378167433222035,60.006173636604835]}}},{"id":"624097cf-5ed2-45d4-a9f4-c02c419aa5e5","type":"Feature","feature_type":"unit","geometry":{"type":"Polygon","coordinates":[[[30.378306488959918,60.006244615988784],[30.378272545542124,60.006194342024166],[30.378108920254846,60.00622195071368],[30.378142863562449,60.0062722246783],[30.378306488959918,60.006244615988784]]]},"properties":{"category":"classroom","name":{"ru":"А.3.05 Инжиниринговый центр \"Центр компьютерного инжиниринга\" (CompMechLab)","en":"А.3.05 Computer-Aided Engineering Centre of Excellence (CompMechLab)"},"alt_name":{"ru":"А.3.05","en":"А.3.05"},"restriction":null,"accessibility":null,"level_id":"afe8614a-54b2-4468-89de-a68def1a26e7","display_point":{"type":"Point","coordinates":[30.378207704864948,60.006233283351236]}}},{"id":"beee06c2-6151-4dc1-a55d-1c6e9e201029","type":"Feature","feature_type":"unit","geometry":{"type":"Polygon","coordinates":[[[30.378340432429297,60.006294889678955],[30.378306488959918,60.006244615988784],[30.378142863562449,60.0062722246783],[30.378176806372647,60.006322498368469],[30.378340432429297,60.006294889678955]]]},"properties":{"category":"classroom","name":{"ru":"А.3.06 Инфраструктурный центр НТИ по направлению \"Технет\"","en":"А.3.06 National Technology Initiative's Technet Infrastructure Center"},"alt_name":{"ru":"А.3.06","en":"А.3.06"},"restriction":null,"accessibility":null,"level_id":"afe8614a-54b2-4468-89de-a68def1a26e7","display_point":{"type":"Point","coordinates":[30.378241647704449,60.0062835570414]}}},{"id":"9a095e67-bb6a-40aa-8d38-6f8183dea42d","type":"Feature","feature_type":"unit","geometry":{"type":"Polygon","coordinates":[[[30.378392785630989,60.006372430641385],[30.378340432429297,60.006294889678955],[30.378176806372647,60.006322498368469],[30.37822915967887,60.0064000393309],[30.378392785630989,60.006372430641385]]]},"properties":{"category":"administration","name":{"ru":"А.3.08 Дирекция","en":"А.3.08 Program Development and Management Office"},"alt_name":{"ru":"А.3.08","en":"А.3.08"},"restriction":null,"accessibility":null,"level_id":"afe8614a-54b2-4468-89de-a68def1a26e7","display_point":{"type":"Point","coordinates":[30.3782847960983,60.0063474643677]}}},{"id":"39aebb9f-43a3-4bc8-985b-937199e8c336","type":"Feature","feature_type":"unit","geometry":{"type":"Polygon","coordinates":[[[30.378425002814623,60.00642014809339],[30.378392785630989,60.006372430641385],[30.37822915967887,60.0064000393309],[30.378261377032405,60.006447756782904],[30.378425002814623,60.00642014809339]]]},"properties":{"category":"classroom","name":{"ru":"А.3.10 Инжиниринговый центр \"Центр компьютерного инжиниринга\" (CompMechLab)","en":"А.3.10 Computer-Aided Engineering Centre of Excellence (CompMechLab)"},"alt_name":{"ru":"А.3.10","en":"А.3.10"},"restriction":null,"accessibility":null,"level_id":"afe8614a-54b2-4468-89de-a68def1a26e7","display_point":{"type":"Point","coordinates":[30.378327081506363,60.006410093849368]}}},{"id":"4af00a45-8136-4f6a-ac41-7ad32f5f5f57","type":"Feature","feature_type":"unit","geometry":{"type":"Polygon","coordinates":[[[30.378662632062923,60.006361543986976],[30.378608264991115,60.006281020563726],[30.3785077033241,60.006297988232618],[30.378562070561923,60.006378511655875],[30.378662632062923,60.006361543986976]]]},"properties":{"category":"classroom","name":{"ru":"А.3.21 Инжиниринговый центр \"Центр компьютерного инжиниринга\" (CompMechLab)","en":"А.3.21 Computer-Aided Engineering Centre of Excellence (CompMechLab)"},"alt_name":{"ru":"А.3.21","en":"А.3.21"},"restriction":null,"accessibility":null,"level_id":"afe8614a-54b2-4468-89de-a68def1a26e7","display_point":{"type":"Point","coordinates":[30.378585465050559,60.006329438689555]}}},{"id":"cf29a38d-f7ac-48ea-bcb0-57ce5a158b43","type":"Feature","feature_type":"unit","geometry":{"type":"Polygon","coordinates":[[[30.378768019284838,60.00634328722095],[30.378713939516835,60.006263190020363],[30.378608264991115,60.006281020563726],[30.378662344371243,60.006361117764314],[30.378768019284838,60.00634328722095]]]},"properties":{"category":"classroom","name":{"ru":"А.3.22 Инжиниринговый центр \"Центр компьютерного инжиниринга\" (CompMechLab)","en":"А.3.22 Computer-Aided Engineering Centre of Excellence (CompMechLab)"},"alt_name":{"ru":"А.3.22","en":"А.3.22"},"restriction":null,"accessibility":null,"level_id":"afe8614a-54b2-4468-89de-a68def1a26e7","display_point":{"type":"Point","coordinates":[30.378688214160537,60.006312260516616]}}},{"id":"aa4fa37a-648a-4e5b-a50c-bf39ac8a8cf5","type":"Feature","feature_type":"unit","geometry":{"type":"Polygon","coordinates":[[[30.378868868646787,60.00632674550026],[30.378814501352522,60.00624622207701],[30.378713939516835,60.006263190020363],[30.378768307251612,60.006343713443613],[30.378868868646787,60.00632674550026]]]},"properties":{"category":"classroom","name":{"ru":"А.3.23 Инжиниринговый центр \"Центр компьютерного инжиниринга\" (CompMechLab)","en":"А.3.23 Computer-Aided Engineering Centre of Excellence (CompMechLab)"},"alt_name":{"ru":"А.3.23","en":"А.3.23"},"restriction":null,"accessibility":null,"level_id":"afe8614a-54b2-4468-89de-a68def1a26e7","display_point":{"type":"Point","coordinates":[30.378791260198486,60.006294754648984]}}},{"id":"488e8b05-5bb9-4423-855b-5fb014f242ca","type":"Feature","feature_type":"unit","geometry":{"type":"Polygon","coordinates":[[[30.379006927957693,60.006303450634178],[30.378973271670556,60.006253602892222],[30.378862483497659,60.006272296310051],[30.378841772112647,60.006241620628757],[30.378814501352522,60.00624622207701],[30.378868868646787,60.00632674550026],[30.379006927957693,60.006303450634178]]]},"properties":{"category":"classroom","name":{"ru":"А.3.24 Инжиниринговый центр \"Центр компьютерного инжиниринга\" (CompMechLab)","en":"А.3.24 Computer-Aided Engineering Centre of Excellence (CompMechLab)"},"alt_name":{"ru":"А.3.24","en":"А.3.24"},"restriction":null,"accessibility":null,"level_id":"afe8614a-54b2-4468-89de-a68def1a26e7","display_point":{"type":"Point","coordinates":[30.378911882813149,60.006274204020109]}}},{"id":"a5b3a674-5078-45e4-8238-4e4cdcd21749","type":"Feature","feature_type":"unit","geometry":{"type":"Polygon","coordinates":[[[30.378973271670556,60.006253602892222],[30.378952559965526,60.006222927210928],[30.378841772112647,60.006241620628757],[30.378862483497659,60.006272296310051],[30.378973271670556,60.006253602892222]]]},"properties":{"category":"unspecified","name":{"ru":"А.3.40 Серверная","en":"А.3.40 Server Room"},"alt_name":{"ru":"А.3.40","en":"А.3.40"},"restriction":null,"accessibility":null,"level_id":"afe8614a-54b2-4468-89de-a68def1a26e7","display_point":{"type":"Point","coordinates":[30.37889491309603,60.006249739443156]}}},{"id":"47716386-d707-40de-a2ef-eaac65895ef5","type":"Feature","feature_type":"unit","geometry":{"type":"Polygon","coordinates":[[[30.378281512833336,60.006477580018874],[30.378445138955414,60.00644997132936],[30.378425002814623,60.00642014809339],[30.378261377032405,60.006447756782904],[30.378281512833336,60.006477580018874]]]},"properties":{"category":"stairs","name":null,"alt_name":null,"restriction":null,"accessibility":null,"level_id":"afe8614a-54b2-4468-89de-a68def1a26e7","display_point":{"type":"Point","coordinates":[30.378363858315989,60.006458940393472]}}},{"id":"fc9193f7-5951-449a-87b7-7e6ca848f212","type":"Feature","feature_type":"unit","geometry":{"type":"Polygon","coordinates":[[[30.378062320418753,60.006152930911057],[30.378225946103733,60.006125322221543],[30.378205810160598,60.006095498985573],[30.378042184815477,60.006123107675087],[30.378062320418753,60.006152930911057]]]},"properties":{"category":"stairs","name":null,"alt_name":null,"restriction":null,"accessibility":null,"level_id":"afe8614a-54b2-4468-89de-a68def1a26e7","display_point":{"type":"Point","coordinates":[30.378144665559009,60.006134291011207]}}},{"id":"dfba3f0c-b4c6-4d8f-9e7b-c00621a3288a","type":"Feature","feature_type":"unit","geometry":{"type":"Polygon","coordinates":[[[30.380118657630213,60.00616693231175],[30.38028557799705,60.006138862269829],[30.380266364641546,60.006110686564206],[30.380100070184348,60.006138840588186],[30.380118657630213,60.00616693231175]]]},"properties":{"category":"stairs","name":null,"alt_name":null,"restriction":null,"accessibility":null,"level_id":"afe8614a-54b2-4468-89de-a68def1a26e7","display_point":{"type":"Point","coordinates":[30.380202829530354,60.00614870985212]}}},{"id":"71f6f086-2551-415d-95df-5a0d55d80f0c","type":"Feature","feature_type":"unit","geometry":{"type":"Polygon","coordinates":[[[30.37989968976806,60.005842908129239],[30.38006672194226,60.005814724327308],[30.38004658581271,60.005784900954112],[30.379879553156268,60.005813084893269],[30.37989968976806,60.005842908129239]]]},"properties":{"category":"stairs","name":null,"alt_name":null,"restriction":null,"accessibility":null,"level_id":"afe8614a-54b2-4468-89de-a68def1a26e7","display_point":{"type":"Point","coordinates":[30.379983748170542,60.005823950414936]}}},{"id":"c73ad99c-c8eb-475f-9545-685422965357","type":"Feature","feature_type":"unit","geometry":{"type":"Polygon","coordinates":[[[30.379073400436578,60.006292234638373],[30.379019032921693,60.006211711215123],[30.378952559965526,60.006222927210928],[30.379006927957693,60.006303450634178],[30.379073400436578,60.006292234638373]]]},"properties":{"category":"stairs","name":null,"alt_name":null,"restriction":null,"accessibility":null,"level_id":"afe8614a-54b2-4468-89de-a68def1a26e7","display_point":{"type":"Point","coordinates":[30.379029007115239,60.006251791788976]}}},{"id":"06c2a400-946c-4858-ba67-23918061edf1","type":"Feature","feature_type":"unit","geometry":{"type":"Polygon","coordinates":[[[30.379471472902054,60.006386901353572],[30.379387475694891,60.006262494835553],[30.379138287813774,60.006304540479761],[30.379222284880154,60.006428946997779],[30.379471472902054,60.006386901353572]]]},"properties":{"category":"classroom","name":{"ru":"Конференц зал \"Семёнов\".  Большой конференц зал","en":"Conference hall \"Semyonov\". Big conference hall"},"alt_name":{"ru":"Конференц зал \"Семёнов\"","en":"Конференц зал \"Семёнов\""},"restriction":null,"accessibility":null,"level_id":"afe8614a-54b2-4468-89de-a68def1a26e7","display_point":{"type":"Point","coordinates":[30.379305050437473,60.006345692510969]}}},{"id":"48af3339-c189-4d30-a44a-38379033bd76","type":"Feature","feature_type":"unit","geometry":{"type":"Polygon","coordinates":[[[30.378889332421039,60.006888524257967],[30.378852511829145,60.006833989987896],[30.378784334175783,60.006845493608523],[30.378820472880346,60.006900143148087],[30.378889332421039,60.006888524257967]]]},"properties":{"category":"stairs","name":null,"alt_name":null,"restriction":null,"accessibility":null,"level_id":"afe8614a-54b2-4468-89de-a68def1a26e7","display_point":{"type":"Point","coordinates":[30.378842552657165,60.006848484302886]}}},{"id":"c8725730-d9f5-4344-ab3b-6f1e381fb669","type":"Feature","feature_type":"unit","geometry":{"type":"Polygon","coordinates":[[[30.379300989656358,60.006710859667805],[30.37929126669744,60.006696459215114],[30.379274405361372,60.006670924278616],[30.379274575819966,60.006670895461241],[30.379295028929093,60.006667444237827],[30.37931228911328,60.006693007168344],[30.379312060730886,60.006692950631404],[30.37929491639423,60.006667558409511],[30.379274633469162,60.006670980815557],[30.379291437156091,60.006696430397739],[30.379312059358544,60.006692952552562],[30.37931228691744,60.006693008815056],[30.379291494805337,60.006696515752054],[30.379301160115041,60.00671083085043],[30.379349508884392,60.006702578378317],[30.379308488407862,60.00664182367256],[30.379232755419956,60.006654791764618],[30.379273718734719,60.006715461116059],[30.379300989656358,60.006710859667805]]]},"properties":{"category":"stairs","name":null,"alt_name":null,"restriction":null,"accessibility":null,"level_id":"afe8614a-54b2-4468-89de-a68def1a26e7","display_point":{"type":"Point","coordinates":[30.379298621074746,60.006660953467744]}}},{"id":"a2bbca48-b999-4537-a9bd-62fac9f1ecc0","type":"Feature","feature_type":"unit","geometry":{"type":"Polygon","coordinates":[[[30.380366805777964,60.006640179161174],[30.380329408699438,60.006584792720233],[30.380261231559778,60.006596296340859],[30.38029862858772,60.006651682781808],[30.380366805777964,60.006640179161174]]]},"properties":{"category":"stairs","name":null,"alt_name":null,"restriction":null,"accessibility":null,"level_id":"afe8614a-54b2-4468-89de-a68def1a26e7","display_point":{"type":"Point","coordinates":[30.380319343738019,60.006600254201132]}}},{"id":"52835754-b8cb-490a-8335-7ee5c2263db7","type":"Feature","feature_type":"unit","geometry":{"type":"Polygon","coordinates":[[[30.37928057150523,60.006253196978946],[30.379261585552864,60.006225077535817],[30.379196817474011,60.006236006181254],[30.379215803401962,60.006264125349936],[30.37928057150523,60.006253196978946]]]},"properties":{"category":"elevator","name":null,"alt_name":null,"restriction":null,"accessibility":null,"level_id":"afe8614a-54b2-4468-89de-a68def1a26e7","display_point":{"type":"Point","coordinates":[30.37923869475868,60.006244601717327]}}},{"id":"d368c384-0377-41a5-9036-33f288f5e967","type":"Feature","feature_type":"unit","geometry":{"type":"Polygon","coordinates":[[[30.379497803439104,60.006220624565643],[30.379443434917452,60.006140101142392],[30.3793727014983,60.006152036200255],[30.379427069943659,60.006232559623506],[30.379497803439104,60.006220624565643]]]},"properties":{"category":"stairs","name":null,"alt_name":null,"restriction":null,"accessibility":null,"level_id":"afe8614a-54b2-4468-89de-a68def1a26e7","display_point":{"type":"Point","coordinates":[30.37945340990634,60.006180181716246]}}},{"id":"b31fbf3b-b75d-4b62-ab89-95f4c9730d32","type":"Feature","feature_type":"unit","geometry":{"type":"Polygon","coordinates":[[[30.379411489138292,60.006541296876065],[30.37937984630323,60.006494431320476],[30.379220481368243,60.006521320947932],[30.379252124103257,60.006568186503522],[30.379411489138292,60.006541296876065]]]},"properties":{"category":"classroom","name":{"ru":"Г.3.45","en":"Г.3.45"},"alt_name":{"ru":"Г.3.45","en":"Г.3.45"},"restriction":null,"accessibility":null,"level_id":"afe8614a-54b2-4468-89de-a68def1a26e7","display_point":{"type":"Point","coordinates":[30.379315985238854,60.006531309049223]}}},{"id":"49fd9604-cd29-4693-bef7-d5beff7a4062","type":"Feature","feature_type":"unit","geometry":{"type":"Polygon","coordinates":[[[30.37956965310142,60.006431082227849],[30.379529769803174,60.006437812044894],[30.37953914742894,60.006451701195061],[30.379472561785583,60.006463031362557],[30.379472504136313,60.006462946008241],[30.379538919596168,60.006451644658121],[30.379529599070779,60.006437840587814],[30.37940773234984,60.006458403292541],[30.379426718156797,60.006486522461223],[30.379588639518353,60.006459201396531],[30.37956965310142,60.006431082227849]]]},"properties":{"category":"stairs","name":null,"alt_name":null,"restriction":null,"accessibility":null,"level_id":"afe8614a-54b2-4468-89de-a68def1a26e7","display_point":{"type":"Point","coordinates":[30.379483867250975,60.006446031857323]}}},{"id":"5b2185ef-9b4f-495b-b841-df42c127eb97","type":"Feature","feature_type":"unit","geometry":{"type":"Polygon","coordinates":[[[30.379685869596656,60.006603205923419],[30.379637542203284,60.006531629882637],[30.37947562068463,60.00655895094733],[30.379523948471736,60.006630526988111],[30.379685869596656,60.006603205923419]]]},"properties":{"category":"classroom","name":{"ru":"Г.3.41 Центр компетенций по бережливому производству \"Лин-лаборатория\". кафедра ЮНЕСКО \"Управление качеством образования в интересах устойчивого развития\"","en":"Г.3.41 Lean Production Laboratory. UNESCO Department \"Education quality management for sustainable development\""},"alt_name":{"ru":"Г.3.41","en":"Г.3.41"},"restriction":null,"accessibility":null,"level_id":"afe8614a-54b2-4468-89de-a68def1a26e7","display_point":{"type":"Point","coordinates":[30.379580462671925,60.006581363452909]}}},{"id":"73b42da5-1224-479d-b589-f61a0a9af331","type":"Feature","feature_type":"unit","geometry":{"type":"Polygon","coordinates":[[[30.379319994022534,60.006440935848069],[30.379302733901142,60.006415372917552],[30.379222284880154,60.006428946997779],[30.379239602073977,60.006454595282612],[30.379319994022534,60.006440935848069]]]},"properties":{"category":"classroom","name":{"ru":"Б.3.03","en":"Б.3.03"},"alt_name":{"ru":"Б.3.03","en":"Б.3.03"},"restriction":null,"accessibility":null,"level_id":"afe8614a-54b2-4468-89de-a68def1a26e7","display_point":{"type":"Point","coordinates":[30.3792713096304,60.006434912468329]}}},{"id":"1634af00-a6ad-489c-a3cc-d3f2d2dfa156","type":"Feature","feature_type":"unit","geometry":{"type":"Polygon","coordinates":[[[30.380001110565079,60.006614558870361],[30.379982125026178,60.006586439701678],[30.38010143520944,60.006566308434188],[30.380066340005779,60.006514330402283],[30.379902714675662,60.00654193909179],[30.379956795836584,60.006622036292384],[30.380001110565079,60.006614558870361]]]},"properties":{"category":"classroom","name":{"ru":"Г.3.40","en":"Г.3.40"},"alt_name":{"ru":"Г.3.40","en":"Г.3.40"},"restriction":null,"accessibility":null,"level_id":"afe8614a-54b2-4468-89de-a68def1a26e7","display_point":{"type":"Point","coordinates":[30.380034250157756,60.006564664746158]}}},{"id":"9b703901-1f9f-4098-a9cf-3eea1e2c121e","type":"Feature","feature_type":"unit","geometry":{"type":"Polygon","coordinates":[[[30.378702880526269,60.006831711494314],[30.378664909894727,60.0067754728825],[30.37850298737742,60.006802793947195],[30.378540958161469,60.006859032559007],[30.378702880526269,60.006831711494314]]]},"properties":{"category":"classroom","name":{"ru":"Г.3.06 Высшая школа технологического предпринимательства. Стартап-центр","en":"Г.3.06 Graduate School of Technology Entrepreneurship. Startup center"},"alt_name":{"ru":"Г.3.06","en":"Г.3.06"},"restriction":null,"accessibility":null,"level_id":"afe8614a-54b2-4468-89de-a68def1a26e7","display_point":{"type":"Point","coordinates":[30.37860293392999,60.006817252583531]}}},{"id":"a09e6ba4-57a0-4894-9183-41aa86e7d495","type":"Feature","feature_type":"unit","geometry":{"type":"Polygon","coordinates":[[[30.378664909894727,60.0067754728825],[30.378630965932111,60.006725199192331],[30.378469043523847,60.006752520257024],[30.37850298737742,60.006802793947195],[30.378664909894727,60.0067754728825]]]},"properties":{"category":"laboratory","name":{"ru":"Г.3.05 Лаборатория \"3D-образование\". Центр дополнительного профессионального образования ПИШ \"Цифровой инжиниринг\"","en":"Г.3.05 3D Education Laboratory. Center for Continuing Education, School of Advanced Engineering Studies in Digital Engineering"},"alt_name":{"ru":"Г.3.05","en":"Г.3.05"},"restriction":null,"accessibility":null,"level_id":"afe8614a-54b2-4468-89de-a68def1a26e7","display_point":{"type":"Point","coordinates":[30.378566976692291,60.006763996432539]}}},{"id":"cf796c2f-680e-44bd-9957-1e78b004603a","type":"Feature","feature_type":"unit","geometry":{"type":"Polygon","coordinates":[[[30.378630965932111,60.006725199192331],[30.378597022295583,60.006674925502168],[30.378435100270863,60.006702246566853],[30.378469043523847,60.006752520257024],[30.378630965932111,60.006725199192331]]]},"properties":{"category":"laboratory","name":{"ru":"Г.3.04 Лаборатория \"Промышленные системы потоковой обработки даннных\"","en":"Г.3.04 Industrial Systems for Streaming Data Processing Laboratory"},"alt_name":{"ru":"Г.3.04","en":"Г.3.04"},"restriction":null,"accessibility":null,"level_id":"afe8614a-54b2-4468-89de-a68def1a26e7","display_point":{"type":"Point","coordinates":[30.378533033084487,60.006713722742369]}}},{"id":"cf55c410-9d20-47ec-a000-8dac88e1e818","type":"Feature","feature_type":"unit","geometry":{"type":"Polygon","coordinates":[[[30.378597022295583,60.006674925502168],[30.378561927941981,60.006622947470255],[30.378400005755509,60.006650268534948],[30.378435100270863,60.006702246566853],[30.378597022295583,60.006674925502168]]]},"properties":{"category":"administration","name":{"ru":"Г.3.03 Дирекция. Отдел персонала ПИШ \"Цифровой инжиниринг\"","en":"Г.3.03 Program Development and Management Office"},"alt_name":{"ru":"Г.3.03","en":"Г.3.03"},"restriction":null,"accessibility":null,"level_id":"afe8614a-54b2-4468-89de-a68def1a26e7","display_point":{"type":"Point","coordinates":[30.378498513869932,60.006662596881327]}}},{"id":"ab5d5e98-63f7-47d4-8122-bfe7eeab08d4","type":"Feature","feature_type":"unit","geometry":{"type":"Polygon","coordinates":[[[30.378561927941981,60.006622947470255],[30.378527409026958,60.006571821609214],[30.378365487225878,60.006599142673906],[30.378400005755509,60.006650268534948],[30.378561927941981,60.006622947470255]]]},"properties":{"category":"classroom","name":{"ru":"Г.3.02 Высшая школа передовых цифровых технологий","en":"Г.3.02 Graduate School of Advanced Digital Technologies"},"alt_name":{"ru":"Г.3.02","en":"Г.3.02"},"restriction":null,"accessibility":null,"level_id":"afe8614a-54b2-4468-89de-a68def1a26e7","display_point":{"type":"Point","coordinates":[30.378463707566254,60.006611045072084]}}},{"id":"7218947e-95ff-4b7f-8e23-b09a5fde8629","type":"Feature","feature_type":"unit","geometry":{"type":"Polygon","coordinates":[[[30.378527409026958,60.006571821609214],[30.378495191146591,60.006524104157208],[30.378333269449012,60.0065514252219],[30.378365487225878,60.006599142673906],[30.378527409026958,60.006571821609214]]]},"properties":{"category":"laboratory","name":{"ru":"Г.3.01 Лаборатория \"Компьютерный инжиниринг\" ИППТ","en":"Г.3.01 Computer-Aided Engineering Laboratory, Institute of Advanced Manufacturing Technologies"},"alt_name":{"ru":"Г.3.01","en":"Г.3.01"},"restriction":null,"accessibility":null,"level_id":"afe8614a-54b2-4468-89de-a68def1a26e7","display_point":{"type":"Point","coordinates":[30.378430339223012,60.00656162327833]}}},{"id":"a230b0d3-8156-4121-bd2c-a3de2c3d9261","type":"Feature","feature_type":"unit","geometry":{"type":"Polygon","coordinates":[[[30.378495191146591,60.006524104157208],[30.37847965774327,60.006501097464856],[30.378317736095596,60.006528418529541],[30.378333269449012,60.0065514252219],[30.378495191146591,60.006524104157208]]]},"properties":{"category":"unspecified","name":{"ru":"А.3.13 Вентиляционная камера","en":"А.3.13 Vent chamber"},"alt_name":{"ru":"А.3.13","en":"А.3.13"},"restriction":null,"accessibility":null,"level_id":"afe8614a-54b2-4468-89de-a68def1a26e7","display_point":{"type":"Point","coordinates":[30.378406463623985,60.006526261343375]}}},{"id":"21900ac8-2208-4878-ae80-175302b32d1e","type":"Feature","feature_type":"unit","geometry":{"type":"Polygon","coordinates":[[[30.37847965774327,60.006501097464856],[30.378445138955414,60.00644997132936],[30.378281512833336,60.006477580018874],[30.378316031509129,60.006528706154363],[30.37847965774327,60.006501097464856]]]},"properties":{"category":"classroom","name":{"ru":"А.3.12 Инжиниринговый центр \"Центр компьютерного инжиниринга\" (CompMechLab)","en":"А.3.12 Computer-Aided Engineering Centre of Excellence (CompMechLab)"},"alt_name":{"ru":"А.3.12","en":"А.3.12"},"restriction":null,"accessibility":null,"level_id":"afe8614a-54b2-4468-89de-a68def1a26e7","display_point":{"type":"Point","coordinates":[30.378380585270698,60.006489338879092]}}},{"id":"76d5606d-5c21-4b8c-9f74-d58da3fb7560","type":"Feature","feature_type":"unit","geometry":{"type":"Polygon","coordinates":[[[30.378205810160598,60.006095498985573],[30.37816841519949,60.006040112544632],[30.378004789975769,60.006067721234146],[30.378042184815477,60.006123107675087],[30.378205810160598,60.006095498985573]]]},"properties":{"category":"classroom","name":{"ru":"А.3.02 Отдел маркетинга передовых технологий","en":"А.3.02 Advanced Technologies Marketing Department"},"alt_name":{"ru":"А.3.02","en":"А.3.02"},"restriction":null,"accessibility":null,"level_id":"afe8614a-54b2-4468-89de-a68def1a26e7","display_point":{"type":"Point","coordinates":[30.378105300184323,60.00608161010986]}}},{"id":"d4a10719-706e-4eac-ba66-b628f391d32d","type":"Feature","feature_type":"unit","geometry":{"type":"Polygon","coordinates":[[[30.37816841519949,60.006040112544632],[30.378133321519496,60.00598813451272],[30.377969696409703,60.006015743202234],[30.378004789975769,60.006067721234146],[30.37816841519949,60.006040112544632]]]},"properties":{"category":"classroom","name":{"ru":"А.3.01 Отдел маркетинга передовых технологий","en":"А.3.01 Advanced Technologies Marketing Department"},"alt_name":{"ru":"А.3.01","en":"А.3.01"},"restriction":null,"accessibility":null,"level_id":"afe8614a-54b2-4468-89de-a68def1a26e7","display_point":{"type":"Point","coordinates":[30.378069056060777,60.006027927736206]}}},{"id":"a35b0f1d-0f6e-4a42-b1d3-ebd47aaef88e","type":"Feature","feature_type":"unit","geometry":{"type":"Polygon","coordinates":[[[30.378322367492512,60.006012237363038],[30.37828842418191,60.005961963672867],[30.378177636578421,60.005980657090696],[30.378211579539922,60.006030930780867],[30.378322367492512,60.006012237363038]]]},"properties":{"category":"administration","name":{"ru":"А.3.37 Дирекция","en":"А.3.37 Program Development and Management Office"},"alt_name":{"ru":"А.3.37","en":"А.3.37"},"restriction":null,"accessibility":null,"level_id":"afe8614a-54b2-4468-89de-a68def1a26e7","display_point":{"type":"Point","coordinates":[30.378250002155429,60.005996447089643]}}},{"id":"117e0ae7-f18f-4e73-af6d-f840fc5489d5","type":"Feature","feature_type":"unit","geometry":{"type":"Polygon","coordinates":[[[30.37835774874776,60.006064641343158],[30.378322367492512,60.006012237363038],[30.378211579539922,60.006030930780867],[30.378246960991891,60.006083334760987],[30.37835774874776,60.006064641343158]]]},"properties":{"category":"administration","name":{"ru":"А.3.36 Дирекция","en":"А.3.36 Program Development and Management Office"},"alt_name":{"ru":"А.3.36","en":"А.3.36"},"restriction":null,"accessibility":null,"level_id":"afe8614a-54b2-4468-89de-a68def1a26e7","display_point":{"type":"Point","coordinates":[30.378283519448235,60.006046792960468]}}},{"id":"bdcd31c0-1c8f-4b7b-8da6-662eb494fea7","type":"Feature","feature_type":"unit","geometry":{"type":"Polygon","coordinates":[[[30.378393130333563,60.006117045323279],[30.37835774874776,60.006064641343158],[30.378246960991891,60.006083334760987],[30.378282342499926,60.006135738741108],[30.378393130333563,60.006117045323279]]]},"properties":{"category":"classroom","name":{"ru":"А.3.35 Инжиниринговый центр \"Центр компьютерного инжиниринга\" (CompMechLab)","en":"А.3.35 Computer-Aided Engineering Centre of Excellence (CompMechLab)"},"alt_name":{"ru":"А.3.35","en":"А.3.35"},"restriction":null,"accessibility":null,"level_id":"afe8614a-54b2-4468-89de-a68def1a26e7","display_point":{"type":"Point","coordinates":[30.37832047192521,60.006100118273153]}}},{"id":"34adc723-a288-4802-be98-d2411654a94f","type":"Feature","feature_type":"unit","geometry":{"type":"Polygon","coordinates":[[[30.378426785839537,60.006166893065235],[30.378393130333563,60.006117045323279],[30.378282342499926,60.006135738741108],[30.378315997931917,60.006185586483063],[30.378426785839537,60.006166893065235]]]},"properties":{"category":"classroom","name":{"ru":"А.3.34 Инжиниринговый центр \"Центр компьютерного инжиниринга\" (CompMechLab)","en":"А.3.34 Computer-Aided Engineering Centre of Excellence (CompMechLab)"},"alt_name":{"ru":"А.3.34","en":"А.3.34"},"restriction":null,"accessibility":null,"level_id":"afe8614a-54b2-4468-89de-a68def1a26e7","display_point":{"type":"Point","coordinates":[30.37835456415273,60.006151316040395]}}},{"id":"368bd927-0ff0-4c9d-b6db-6448edd13ef3","type":"Feature","feature_type":"unit","geometry":{"type":"Polygon","coordinates":[[[30.378459866291248,60.006215888636319],[30.378426785839537,60.006166893065235],[30.378315997931917,60.006185586483063],[30.378349078310919,60.006234582054155],[30.378459866291248,60.006215888636319]]]},"properties":{"category":"classroom","name":{"ru":"А.3.33","en":"А.3.33"},"alt_name":{"ru":"А.3.33","en":"А.3.33"},"restriction":null,"accessibility":null,"level_id":"afe8614a-54b2-4468-89de-a68def1a26e7","display_point":{"type":"Point","coordinates":[30.378388219921565,60.006201163782357]}}},{"id":"06459dea-5c49-45ea-b6de-f5455dee0cc2","type":"Feature","feature_type":"unit","geometry":{"type":"Polygon","coordinates":[[[30.3784223282856,60.006254494309609],[30.378402768142372,60.006225522970055],[30.378349078310919,60.006234582054155],[30.378368638707798,60.0062635533937],[30.3784223282856,60.006254494309609]]]},"properties":{"category":"classroom","name":{"ru":"А.3.32 Дирекция","en":"А.3.32 Program Development and Management Office"},"alt_name":{"ru":"А.3.32","en":"А.3.32"},"restriction":null,"accessibility":null,"level_id":"afe8614a-54b2-4468-89de-a68def1a26e7","display_point":{"type":"Point","coordinates":[30.37838570343,60.006244538319109]}}},{"id":"e28374a3-c203-40e4-9dc2-4d02e8fbfaeb","type":"Feature","feature_type":"unit","geometry":{"type":"Polygon","coordinates":[[[30.378441889269446,60.006283465923616],[30.3784223282856,60.006254494309609],[30.378368638707798,60.0062635533937],[30.378388199670809,60.006292525007709],[30.378441889269446,60.006283465923616]]]},"properties":{"category":"laboratory","name":{"ru":"А.3.30 Системная биология и биоинформатика. Математическая биология и биоинформатика","en":"А.3.30 Systems Biology and Bioinformatics Laboratory. Mathematical Biology and Bioinformatics Laboratory"},"alt_name":{"ru":"А.3.30","en":"А.3.30"},"restriction":null,"accessibility":null,"level_id":"afe8614a-54b2-4468-89de-a68def1a26e7","display_point":{"type":"Point","coordinates":[30.378405264120353,60.006273509658662]}}},{"id":"97444e2a-d351-4dbf-9a4d-90ba9811696a","type":"Feature","feature_type":"unit","geometry":{"type":"Polygon","coordinates":[[[30.378592731605568,60.006258014145814],[30.378555911334683,60.0062034796013],[30.378462167534728,60.006219297045355],[30.378459866291248,60.006215888636319],[30.378402768142372,60.006225522970055],[30.378441889269446,60.006283465923616],[30.378592731605568,60.006258014145814]]]},"properties":{"category":"laboratory","name":{"ru":"А.3.31 Системная биология и биоинформатика. Математическая биология и биоинформатика","en":"А.3.31 Systems Biology and Bioinformatics Laboratory. Mathematical Biology and Bioinformatics Laboratory"},"alt_name":{"ru":"А.3.31","en":"А.3.31"},"restriction":null,"accessibility":null,"level_id":"afe8614a-54b2-4468-89de-a68def1a26e7","display_point":{"type":"Point","coordinates":[30.378506297406428,60.006242151966219]}}},{"id":"39b3f273-f333-4ae9-b919-190974368bfb","type":"Feature","feature_type":"unit","geometry":{"type":"Polygon","coordinates":[[[30.378897824806394,60.006206535340581],[30.378861004312633,60.006152000796057],[30.378758738605821,60.006169256364224],[30.378795559024876,60.006223790908749],[30.378897824806394,60.006206535340581]]]},"properties":{"category":"laboratory","name":{"ru":"А.3.27 Лаборатория \"Лёгкие материалы и конструкции\". Коворкинг","en":"А.3.27 Lightweight Materials and Structures Laboratory. Co-working"},"alt_name":{"ru":"А.3.27","en":"А.3.27"},"restriction":null,"accessibility":null,"level_id":"afe8614a-54b2-4468-89de-a68def1a26e7","display_point":{"type":"Point","coordinates":[30.378825724960539,60.006188327152408]}}},{"id":"0fe8f5da-ad89-4721-8d4d-cb6b759367f2","type":"Feature","feature_type":"unit","geometry":{"type":"Polygon","coordinates":[[[30.379001795109318,60.00618899242204],[30.378964974265109,60.006134457877515],[30.37886100458714,60.006152001070504],[30.378897824806394,60.006206535340581],[30.379001795109318,60.00618899242204]]]},"properties":{"category":"laboratory","name":{"ru":"А.3.26 Лаборатория \"Промышленные системы потоковой обработки данных\"","en":"А.3.26 Industrial Systems for Streaming Data Processing Laboratory"},"alt_name":{"ru":"А.3.26","en":"А.3.26"},"restriction":null,"accessibility":null,"level_id":"afe8614a-54b2-4468-89de-a68def1a26e7","display_point":{"type":"Point","coordinates":[30.378927990679372,60.006171071858688]}}},{"id":"03b022f6-c90b-466d-b91b-c6bd41a68780","type":"Feature","feature_type":"unit","geometry":{"type":"Polygon","coordinates":[[[30.379558567102421,60.006094097912367],[30.379524047693067,60.006042972051333],[30.379423486622883,60.006059939994678],[30.379458005963365,60.00611106585572],[30.379558567102421,60.006094097912367]]]},"properties":{"category":"laboratory","name":{"ru":"В.3.36 Лаборатория \"Моделирование технологических процессов и проектирование энергетического оборудования\"","en":"В.3.36 Manufacturing Processes Simulation and Power Equipment Design Laboratory"},"alt_name":{"ru":"В.3.36","en":"В.3.36"},"restriction":null,"accessibility":null,"level_id":"afe8614a-54b2-4468-89de-a68def1a26e7","display_point":{"type":"Point","coordinates":[30.379491026845223,60.006077019090753]}}},{"id":"ea212507-c902-4068-8de3-59dc4ea9ab02","type":"Feature","feature_type":"unit","geometry":{"type":"Polygon","coordinates":[[[30.3796608324844,60.006076842618654],[30.379626313279502,60.006025716757613],[30.379524047693067,60.006042972051333],[30.379558567102421,60.006094097912367],[30.3796608324844,60.006076842618654]]]},"properties":{"category":"laboratory","name":{"ru":"В.3.35 Лаборатория \"Моделирование технологических процессов и проектирование энергетического оборудования\"","en":"В.3.35 Manufacturing Processes Simulation and Power Equipment Design Laboratory"},"alt_name":{"ru":"В.3.35","en":"В.3.35"},"restriction":null,"accessibility":null,"level_id":"afe8614a-54b2-4468-89de-a68def1a26e7","display_point":{"type":"Point","coordinates":[30.379592439659486,60.006059907334993]}}},{"id":"63fa6c21-e27e-4dcb-a872-26c0b9898452","type":"Feature","feature_type":"unit","geometry":{"type":"Polygon","coordinates":[[[30.379763097813008,60.00605958705048],[30.379728578538074,60.006008461189438],[30.379626313279502,60.006025716757613],[30.3796608324844,60.006076842618654],[30.379763097813008,60.00605958705048]]]},"properties":{"category":"laboratory","name":{"ru":"В.3.34","en":"В.3.34"},"alt_name":{"ru":"В.3.34","en":"В.3.34"},"restriction":null,"accessibility":null,"level_id":"afe8614a-54b2-4468-89de-a68def1a26e7","display_point":{"type":"Point","coordinates":[30.379694705528756,60.006042652041273]}}},{"id":"5d3be1ae-0e4d-4e80-961b-1671fc7ded93","type":"Feature","feature_type":"unit","geometry":{"type":"Polygon","coordinates":[[[30.379974446026349,60.006023925963753],[30.379938199868498,60.0059702435901],[30.379825708425869,60.005989224632756],[30.379827434611208,60.005991781145369],[30.379728578538074,60.006008461189438],[30.379763097813008,60.00605958705048],[30.379974446026349,60.006023925963753]]]},"properties":{"category":"administration","name":{"ru":"В.3.33 Боровков Алексей Иванович","en":"В.3.33 Alexey BOROVKOV"},"alt_name":{"ru":"В.3.33","en":"В.3.33"},"restriction":null,"accessibility":null,"level_id":"afe8614a-54b2-4468-89de-a68def1a26e7","display_point":{"type":"Point","coordinates":[30.379850711046195,60.006016423566678]}}},{"id":"389bfc00-6621-456f-b9e4-f2d437e1e8c5","type":"Feature","feature_type":"unit","geometry":{"type":"Polygon","coordinates":[[[30.379868585799997,60.005867139971606],[30.37981738178021,60.005791303076464],[30.379779884180735,60.0057976299992],[30.379782761145059,60.005801890441873],[30.379707767018289,60.005814544561794],[30.379756094512732,60.005886121014257],[30.379868585799997,60.005867139971606]]]},"properties":{"category":"administration","name":{"ru":"В.3.28 Фомин Юрий Владимирович. Проректор по научной работе, кандидат физико-математических наук","en":"В.3.28 Yury Fomin Vice-Rector for Research, PhD in Physics and Mathematics"},"alt_name":{"ru":"В.3.28","en":"В.3.28"},"restriction":null,"accessibility":null,"level_id":"afe8614a-54b2-4468-89de-a68def1a26e7","display_point":{"type":"Point","coordinates":[30.379787142540426,60.005839372374865]}}},{"id":"2cb90349-1e85-4940-86e4-0eefe106057b","type":"Feature","feature_type":"unit","geometry":{"type":"Polygon","coordinates":[[[30.379782761145059,60.005801890441873],[30.379779884180735,60.0057976299992],[30.37981738178021,60.005791303076464],[30.379800121636119,60.005765740145947],[30.379842732346635,60.005758550348745],[30.379806486990095,60.005704868249545],[30.379651385256647,60.0057310390894],[30.379657606942942,60.0057402543362],[30.379707767018289,60.005814544561794],[30.379782761145059,60.005801890441873]]]},"properties":{"category":"classroom","name":{"ru":"В.3.23","en":"В.3.23"},"alt_name":{"ru":"В.3.23","en":"В.3.23"},"restriction":null,"accessibility":null,"level_id":"afe8614a-54b2-4468-89de-a68def1a26e7","display_point":{"type":"Point","coordinates":[30.379730279701725,60.005755176795013]}}},{"id":"14a2f93e-dbd3-4cbf-8463-e05166d047cd","type":"Feature","feature_type":"unit","geometry":{"type":"Polygon","coordinates":[[[30.380331946202411,60.006206972266838],[30.380285919459595,60.006138804635086],[30.380118885462476,60.006166988574243],[30.380164912052763,60.006235156205989],[30.380331946202411,60.006206972266838]]]},"properties":{"category":"classroom","name":{"ru":"В.3.14 Чиллерная","en":"В.3.14 Chiller room"},"alt_name":{"ru":"В.3.14","en":"В.3.14"},"restriction":null,"accessibility":null,"level_id":"afe8614a-54b2-4468-89de-a68def1a26e7","display_point":{"type":"Point","coordinates":[30.380225415525754,60.006186980420537]}}},{"id":"c5c178c7-6780-4834-94f5-f69023fed909","type":"Feature","feature_type":"unit","geometry":{"type":"Polygon","coordinates":[[[30.380368192260555,60.006260654640485],[30.380331946202411,60.006206972266838],[30.380164912052763,60.006235156205989],[30.380201158539776,60.006288838579643],[30.380368192260555,60.006260654640485]]]},"properties":{"category":"classroom","name":{"ru":"Г.3.22 Научно-технологический комплекс \"Новые технологии и материалы\"","en":"Г.3.22 Research and Technological Complex \"New materials and technologies\""},"alt_name":{"ru":"Г.3.22 ","en":"Г.3.22 "},"restriction":null,"accessibility":null,"level_id":"afe8614a-54b2-4468-89de-a68def1a26e7","display_point":{"type":"Point","coordinates":[30.38027144223976,60.006255148326737]}}},{"id":"9ccf2050-fd9e-4040-8879-7ff81c9a6ff2","type":"Feature","feature_type":"unit","geometry":{"type":"Polygon","coordinates":[[[30.380403287566811,60.0063126326724],[30.380368192260555,60.006260654640485],[30.380201158539776,60.006288838579643],[30.380236253729734,60.006340816611555],[30.380403287566811,60.0063126326724]]]},"properties":{"category":"classroom","name":{"ru":"Г.3.21 Научно-технологический комплекс \"Новые технологии и материалы\"","en":"Г.3.21 Research and Technological Complex \"New materials and technologies\""},"alt_name":{"ru":"Г.3.21","en":"Г.3.21"},"restriction":null,"accessibility":null,"level_id":"afe8614a-54b2-4468-89de-a68def1a26e7","display_point":{"type":"Point","coordinates":[30.380302223035105,60.006300735488793]}}},{"id":"379d6520-e3df-463d-880e-90621ce2760b","type":"Feature","feature_type":"unit","geometry":{"type":"Polygon","coordinates":[[[30.380437808070969,60.006363758533439],[30.380403287566811,60.0063126326724],[30.380236253729734,60.006340816611555],[30.380270773570512,60.00639194247259],[30.380437808070969,60.006363758533439]]]},"properties":{"category":"classroom","name":{"ru":"Г.3.20 НОЦ \"Цифровой инжиниринг основного оборудования химико-технологических систем\"","en":"Г.3.20 Scientific and Educational Center \"Digital Engineering of Basic Equipment of Chemical Technological Systems\""},"alt_name":{"ru":"Г.3.20","en":"Г.3.20"},"restriction":null,"accessibility":null,"level_id":"afe8614a-54b2-4468-89de-a68def1a26e7","display_point":{"type":"Point","coordinates":[30.380337031157367,60.0063522875725]}}},{"id":"4fc72e1e-6fc9-4a5a-a785-0df24dc9d04a","type":"Feature","feature_type":"unit","geometry":{"type":"Polygon","coordinates":[[[30.380472328628489,60.006414884394474],[30.380437808070969,60.006363758533439],[30.380270773570512,60.00639194247259],[30.380305294013638,60.006443068333631],[30.380472328628489,60.006414884394474]]]},"properties":{"category":"laboratory","name":{"ru":"Г.3.19 Научно-исследовательская лаборатория \"Теоретическая биология А.П. Козлова\"","en":"Г.3.19 Kozlov Laboratory of Theoretical Biology"},"alt_name":{"ru":"Г.3.19","en":"Г.3.19"},"restriction":null,"accessibility":null,"level_id":"afe8614a-54b2-4468-89de-a68def1a26e7","display_point":{"type":"Point","coordinates":[30.380371551082025,60.006403413433532]}}},{"id":"6fee8b1b-aea3-424a-8f7e-1ddee157b31e","type":"Feature","feature_type":"unit","geometry":{"type":"Polygon","coordinates":[[[30.380506848690391,60.006466010255515],[30.380472328628489,60.006414884394474],[30.380305294013638,60.006443068333631],[30.380339814510126,60.006494194194673],[30.380506848690391,60.006466010255515]]]},"properties":{"category":"classroom","name":{"ru":"Г.3.18 Национальный центр качества и экспертизы","en":"Г.3.18 National Center for Quality and Expertise"},"alt_name":{"ru":"Г.3.18","en":"Г.3.18"},"restriction":null,"accessibility":null,"level_id":"afe8614a-54b2-4468-89de-a68def1a26e7","display_point":{"type":"Point","coordinates":[30.380406071609031,60.006454539294573]}}},{"id":"e13644a1-3c93-4717-bc13-4e0181e45f7a","type":"Feature","feature_type":"unit","geometry":{"type":"Polygon","coordinates":[[[30.380544767499504,60.006522732450279],[30.380506848690391,60.006466010255515],[30.380339814510126,60.006494194194673],[30.380378131758263,60.006550943834554],[30.380544767499504,60.006522732450279]]]},"properties":{"category":"administration","name":{"ru":"Г.3.17 Управление научно-технологического партнерства","en":"Г.3.17 Department of scientific and technological partnership"},"alt_name":{"ru":"Г.3.17","en":"Г.3.17"},"restriction":null,"accessibility":null,"level_id":"afe8614a-54b2-4468-89de-a68def1a26e7","display_point":{"type":"Point","coordinates":[30.380442317862975,60.006508221393773]}}},{"id":"f67ee196-9505-4fd9-b35f-0a69850a3541","type":"Feature","feature_type":"unit","geometry":{"type":"Polygon","coordinates":[[[30.379736706522024,60.00618021904161],[30.379682625439866,60.006100121841015],[30.379578656006178,60.006117664759557],[30.379632736427798,60.006197761960152],[30.379736706522024,60.00618021904161]]]},"properties":{"category":"administration","name":{"ru":"В.3.03 Управление сопровождения научных проектов и программ","en":"В.3.04  Department of support scientific projects and programs"},"alt_name":{"ru":"В.3.03","en":"В.3.03"},"restriction":null,"accessibility":null,"level_id":"afe8614a-54b2-4468-89de-a68def1a26e7","display_point":{"type":"Point","coordinates":[30.379657680952253,60.006148942037811]}}},{"id":"f62c1fcc-c210-4626-ad5e-1fb906639e06","type":"Feature","feature_type":"unit","geometry":{"type":"Polygon","coordinates":[[[30.380125753477177,60.006247458753968],[30.38007627506785,60.006174178371438],[30.379960374176676,60.006193734663739],[30.380009852472227,60.006267015046262],[30.380125753477177,60.006247458753968]]]},"properties":{"category":"unspecified","name":{"ru":"В.3.13 Вентиляционная камера","en":"В.3.13 Vent chamber"},"alt_name":{"ru":"В.3.13","en":"В.3.13"},"restriction":null,"accessibility":null,"level_id":"afe8614a-54b2-4468-89de-a68def1a26e7","display_point":{"type":"Point","coordinates":[30.380043064067848,60.006220596846077]}}},{"id":"0079a4b5-1f29-4a84-877b-e696838d4762","type":"Feature","feature_type":"unit","geometry":{"type":"Polygon","coordinates":[[[30.380158548075602,60.006296028376845],[30.380125753477177,60.006247458753968],[30.379910996033779,60.006283695364786],[30.379943789943496,60.00633226498767],[30.380158548075602,60.006296028376845]]]},"properties":{"category":"classroom","name":{"ru":"Г.3.23 Научно-технологический комплекс \"Новые технологии и материалы\"","en":"Г.3.23 Research and Technological Complex \"New materials and technologies\""},"alt_name":{"ru":"Г.3.23","en":"Г.3.23"},"restriction":null,"accessibility":null,"level_id":"afe8614a-54b2-4468-89de-a68def1a26e7","display_point":{"type":"Point","coordinates":[30.380034772043143,60.006289861733592]}}},{"id":"b68bce08-4c13-43a9-a9f4-6d3616f9ed1d","type":"Feature","feature_type":"unit","geometry":{"type":"Polygon","coordinates":[[[30.380193067832945,60.006347154237879],[30.380158548075602,60.006296028376845],[30.379943789943496,60.00633226498767],[30.379978310102743,60.006383390848704],[30.380193067832945,60.006347154237879]]]},"properties":{"category":"classroom","name":{"ru":"Г.3.24 Научно-технологический комплекс \"Новые технологии и материалы\"","en":"Г.3.24 Research and Technological Complex \"New materials and technologies\""},"alt_name":{"ru":"Г.3.24","en":"Г.3.24"},"restriction":null,"accessibility":null,"level_id":"afe8614a-54b2-4468-89de-a68def1a26e7","display_point":{"type":"Point","coordinates":[30.380068429148675,60.006339709475547]}}},{"id":"8b3051a8-8488-4b95-90d5-5093b4cc053b","type":"Feature","feature_type":"unit","geometry":{"type":"Polygon","coordinates":[[[30.380227587643652,60.006398280098921],[30.380193067832945,60.006347154237879],[30.379978310102743,60.006383390848704],[30.380012829766368,60.006434516709746],[30.380227587643652,60.006398280098921]]]},"properties":{"category":"classroom","name":{"ru":"Г.3.25 Научно-технологический комплекс \"Новые технологии и материалы\"","en":"Г.3.25 Research and Technological Complex \"New materials and technologies\""},"alt_name":{"ru":"Г.3.25","en":"Г.3.25"},"restriction":null,"accessibility":null,"level_id":"afe8614a-54b2-4468-89de-a68def1a26e7","display_point":{"type":"Point","coordinates":[30.380102948859157,60.006390835336589]}}},{"id":"00f0da58-d085-4dab-8d0c-d4eb19437dec","type":"Feature","feature_type":"unit","geometry":{"type":"Polygon","coordinates":[[[30.380315039313963,60.006527798818809],[30.380227587643652,60.006398280098921],[30.380012829766368,60.006434516709746],[30.380100280515069,60.006564035155179],[30.380315039313963,60.006527798818809]]]},"properties":{"category":"laboratory","name":{"ru":"Г.3.27 Системная биология и биоинформатика. Математическая биология и биоинформатика","en":"Г.3.27 Systems Biology and Bioinformatics Laboratory. Mathematical Biology and Bioinformatics Laboratory"},"alt_name":{"ru":"Г.3.27","en":"Г.3.27"},"restriction":null,"accessibility":null,"level_id":"afe8614a-54b2-4468-89de-a68def1a26e7","display_point":{"type":"Point","coordinates":[30.380163934433618,60.006481157764277]}}},{"id":"c1c74f4c-4307-4218-9d8f-57fe6b6c655a","type":"Feature","feature_type":"unit","geometry":{"type":"Polygon","coordinates":[[[30.380228084354982,60.00657616672008],[30.380207660218421,60.006545916986994],[30.380100280515069,60.006564035155179],[30.380120704608142,60.00659428516272],[30.380228084354982,60.00657616672008]]]},"properties":{"category":"laboratory","name":{"ru":"Г.3.26 Системная биология и биоинформатика. Математическая биология и биоинформатика","en":"Г.3.26 Systems Biology and Bioinformatics Laboratory. Mathematical Biology and Bioinformatics Laboratory"},"alt_name":{"ru":"Г.3.26","en":"Г.3.26"},"restriction":null,"accessibility":null,"level_id":"afe8614a-54b2-4468-89de-a68def1a26e7","display_point":{"type":"Point","coordinates":[30.380164182429176,60.006570101074857]}}},{"id":"bcf562dc-2c84-4dff-90bc-1be7473cfcbb","type":"Feature","feature_type":"unit","geometry":{"type":"Polygon","coordinates":[[[30.372806622555458,60.0087504794623],[30.372944177385943,60.008727270773889],[30.372953381573875,60.008740904410018],[30.372953721958236,60.008740846775275],[30.372944633055884,60.00872738384777],[30.37296696226413,60.008723616731061],[30.372966846978432,60.008723446022437],[30.372944688511385,60.008727184596218],[30.372756003492928,60.008447696702248],[30.372723617693286,60.008453161024967],[30.372645210436907,60.008466390120077],[30.372599279011588,60.008474139523209],[30.372505439708608,60.008489972610981],[30.37248588094694,60.008461000996981],[30.373223935178604,60.008336474269356],[30.373223935178604,60.008336474269356],[30.373273365781241,60.008328134247314],[30.373292924848549,60.008357105861322],[30.372844638661256,60.008432741858208],[30.372829297275654,60.0084353304816],[30.373017982568538,60.008714818375573],[30.372990710658076,60.008719419823827],[30.372990883312223,60.008719675063411],[30.373018155222777,60.008715073615157],[30.373081146655515,60.00880837877812],[30.373008534373948,60.008820629729279],[30.372999502817944,60.008807251881635],[30.372998820950613,60.008807367151128],[30.373007967517964,60.008820915707396],[30.37290058269814,60.008839033875581],[30.37290058269814,60.008839033875581],[30.372869901388686,60.008844210024577],[30.372806622555458,60.0087504794623]]]},"properties":{"category":"walkway","name":null,"alt_name":null,"restriction":null,"accessibility":null,"level_id":"606db31c-6ae7-4b75-97b3-e56c573fc7f1","display_point":{"type":"Point","coordinates":[30.37293198956181,60.008778683161943]}}},{"id":"1f2e1876-6388-445f-a05e-3d9aa036391e","type":"Feature","feature_type":"unit","geometry":{"type":"Polygon","coordinates":[[[30.373197805339291,60.009102107943107],[30.373091380915646,60.00894446978009],[30.37316467518615,60.008932103559445],[30.373270524701471,60.009088889826046],[30.373388137866094,60.009069045908923],[30.373904608746855,60.008981906016956],[30.373929920640172,60.009019397692967],[30.373244700404268,60.009135009148906],[30.373222541815043,60.009138747722695],[30.373197805339291,60.009102107943107]]]},"properties":{"category":"walkway","name":null,"alt_name":null,"restriction":null,"accessibility":null,"level_id":"606db31c-6ae7-4b75-97b3-e56c573fc7f1","display_point":{"type":"Point","coordinates":[30.37317939541094,60.009226706028038]}}},{"id":"4bda58ec-8189-4225-84f1-ac691945cd10","type":"Feature","feature_type":"unit","geometry":{"type":"Polygon","coordinates":[[[30.374592186842939,60.008498570068213],[30.374590461069026,60.008496013830054],[30.374589885445079,60.008495161933631],[30.374562271983287,60.008454261025243],[30.374580169185865,60.008451241513512],[30.374580111815671,60.008451156433651],[30.374562214613114,60.008454175945381],[30.374558245091588,60.008448296103595],[30.374433409613115,60.00826339121722],[30.374375285554372,60.008174485506444],[30.374359945112076,60.008177073580946],[30.374339490729639,60.008180525078807],[30.373742914662138,60.008281181690712],[30.373718753554886,60.00824539325864],[30.375119851743882,60.008008993923305],[30.375144013522871,60.008044782080923],[30.374479260150135,60.0081569425879],[30.374460510425443,60.008160105912047],[30.374443465344392,60.008162982160265],[30.374448067553139,60.008169798978336],[30.374632384790928,60.008442526591182],[30.374619430534732,60.008444712320269],[30.374619488179473,60.008444797400131],[30.3746356809996,60.008442065513222],[30.374635851464781,60.0084420364214],[30.374636021929955,60.008442007878479],[30.374683236661138,60.00843404165893],[30.37468317901633,60.00843395603016],[30.374632896186473,60.008442439864609],[30.374621332926605,60.008425313014037],[30.374738261822362,60.008405584366407],[30.37474976746417,60.008422626137119],[30.374731018226104,60.008425789461263],[30.374731133515834,60.008425960169888],[30.374777039678886,60.008418024688872],[30.374813858066936,60.00847255923339],[30.374841471691944,60.008513459592884],[30.374802210324187,60.008519988786126],[30.374802267969226,60.008520073865988],[30.374814199442362,60.008518061041137],[30.374834909397819,60.008548736447977],[30.3747196849325,60.008568177470785],[30.374697536646419,60.008535372322889],[30.374712195297089,60.00853289896898],[30.374712080281721,60.008532728260356],[30.374698785079712,60.008534971624186],[30.374698273683542,60.008535057801858],[30.37468242177404,60.008537732602917],[30.37468253678934,60.00853790276264],[30.374697195441133,60.008535429408731],[30.374886986644931,60.0088171057763],[30.375572200167909,60.008701494320363],[30.375596362719115,60.008737282203526],[30.375386708132432,60.008772655665432],[30.375349208693482,60.008778982862616],[30.374953761823857,60.008845703587824],[30.374933307265639,60.008849154536783],[30.374756037815366,60.008879064224871],[30.374731875667038,60.008843276341707],[30.374815396935848,60.008829184372125],[30.374782605553953,60.008780614749249],[30.3746256683107,60.008548162296137],[30.374642713208587,60.008545286596821],[30.374642597918875,60.0085451164371],[30.37462555302103,60.008547991587513],[30.374611746263806,60.008527541133319],[30.374596846460626,60.008505472515047],[30.374596501415564,60.008504960938069],[30.374595638391174,60.008503682544536],[30.374592186842939,60.008498570068213]]]},"properties":{"category":"walkway","name":null,"alt_name":null,"restriction":null,"accessibility":null,"level_id":"606db31c-6ae7-4b75-97b3-e56c573fc7f1","display_point":{"type":"Point","coordinates":[30.374548977328846,60.008502064380465]}}},{"id":"348526a4-5906-49a6-a091-6f4fb65dbe4e","type":"Feature","feature_type":"unit","geometry":{"type":"Polygon","coordinates":[[[30.373047686254107,60.00857882343152],[30.373016622008311,60.0085328094979],[30.3729075324475,60.008551215290908],[30.372938596626049,60.008597229224527],[30.373047686254107,60.00857882343152]]]},"properties":{"category":"administration","name":{"ru":"Отдел защиты конфиденциальной информации","en":"Department of confidential information protection"},"alt_name":{"ru":"Отдел защиты конфиденциальной информации","en":"Department of confidential information protection"},"restriction":null,"accessibility":null,"level_id":"606db31c-6ae7-4b75-97b3-e56c573fc7f1","display_point":{"type":"Point","coordinates":[30.37297760947342,60.008565019635668]}}},{"id":"0c79298a-e3ae-44c0-91b5-2022638e9eb8","type":"Feature","feature_type":"unit","geometry":{"type":"Polygon","coordinates":[[[30.372819857017298,60.008542279160942],[30.372768659282762,60.0084664422658],[30.372657866198921,60.008485135683628],[30.372709063820896,60.008560972578771],[30.372819857017298,60.008542279160942]]]},"properties":{"category":"classroom","name":null,"alt_name":null,"restriction":"restricted","accessibility":null,"level_id":"606db31c-6ae7-4b75-97b3-e56c573fc7f1","display_point":{"type":"Point","coordinates":[30.372765803093042,60.008540959050833]}}},{"id":"ce917f13-1925-46a2-843b-8a55078ad6aa","type":"Feature","feature_type":"unit","geometry":{"type":"Polygon","coordinates":[[[30.372944688511385,60.008727184596218],[30.372931457566356,60.008707586587349],[30.372820664124593,60.008726280005178],[30.372833895040532,60.008745878014054],[30.372944688511385,60.008727184596218]]]},"properties":{"category":"classroom","name":null,"alt_name":null,"restriction":"restricted","accessibility":null,"level_id":"606db31c-6ae7-4b75-97b3-e56c573fc7f1","display_point":{"type":"Point","coordinates":[30.372882676043062,60.0087267323007]}}},{"id":"904641ef-578f-488d-a6e7-9eee9957f235","type":"Feature","feature_type":"unit","geometry":{"type":"Polygon","coordinates":[[[30.373527846290333,60.008733200016884],[30.373464566630943,60.008639469454607],[30.373157753589233,60.008691235884669],[30.373221032863352,60.008784966995847],[30.373527846290333,60.008733200016884]]]},"properties":{"category":"auditorium","name":{"ru":"Лекторий 41","en":"Auditorium 41"},"alt_name":{"ru":"41","en":"41"},"restriction":null,"accessibility":null,"level_id":"606db31c-6ae7-4b75-97b3-e56c573fc7f1","display_point":{"type":"Point","coordinates":[30.373343077015257,60.008711221967495]}}},{"id":"c0837adb-1fe2-47a5-85be-554afd576e4a","type":"Feature","feature_type":"unit","geometry":{"type":"Polygon","coordinates":[[[30.373179671414803,60.008723700713119],[30.373157753589233,60.008691235884669],[30.373017982568538,60.008714818375573],[30.373039900333318,60.008747283204023],[30.373179671414803,60.008723700713119]]]},"properties":{"category":"classroom","name":null,"alt_name":null,"restriction":"restricted","accessibility":null,"level_id":"606db31c-6ae7-4b75-97b3-e56c573fc7f1","display_point":{"type":"Point","coordinates":[30.373103059965974,60.008718497667907]}}},{"id":"8ba43dd0-79f9-4780-8e8c-6497bcf471fe","type":"Feature","feature_type":"unit","geometry":{"type":"Polygon","coordinates":[[[30.372418976861987,60.008567204815854],[30.372381010302533,60.008510966478489],[30.372505439708608,60.008489972610981],[30.372443312372617,60.00839794529265],[30.37199672932654,60.008473294213616],[30.372096822428727,60.00862155932041],[30.372418976861987,60.008567204815854]]]},"properties":{"category":"classroom","name":null,"alt_name":null,"restriction":"restricted","accessibility":null,"level_id":"606db31c-6ae7-4b75-97b3-e56c573fc7f1","display_point":{"type":"Point","coordinates":[30.372209451103821,60.008513336089855]}}},{"id":"ea61ce17-51fb-45b9-8ff8-3c8d5501a3f0","type":"Feature","feature_type":"unit","geometry":{"type":"Polygon","coordinates":[[[30.373016622008311,60.0085328094979],[30.372995912626592,60.008502134639961],[30.372886823110608,60.008520540432968],[30.3729075324475,60.008551215290908],[30.373016622008311,60.0085328094979]]]},"properties":{"category":"restroom","name":{"ru":"Туалет мужской","en":"Restroom male"},"alt_name":{"ru":"Туалет М.","en":"Restroom M."},"restriction":null,"accessibility":null,"level_id":"606db31c-6ae7-4b75-97b3-e56c573fc7f1","display_point":{"type":"Point","coordinates":[30.37295172269069,60.008526674965438]}}},{"id":"31d35185-4def-4744-adcc-4330ae5f7109","type":"Feature","feature_type":"unit","geometry":{"type":"Polygon","coordinates":[[[30.373068395683848,60.008609498289459],[30.373047686254107,60.00857882343152],[30.372938596626049,60.008597229224527],[30.372959306010959,60.008627904082466],[30.373068395683848,60.008609498289459]]]},"properties":{"category":"restroom","name":{"ru":"Туалет женский","en":"Restroom female"},"alt_name":{"ru":"Туалет Ж.","en":"Restroom F."},"restriction":null,"accessibility":null,"level_id":"606db31c-6ae7-4b75-97b3-e56c573fc7f1","display_point":{"type":"Point","coordinates":[30.373003496011677,60.008603363757]}}},{"id":"618133b3-162c-4dde-bd27-a64dc4cd0e96","type":"Feature","feature_type":"unit","geometry":{"type":"Polygon","coordinates":[[[30.372914199871502,60.008682023656824],[30.372819857017298,60.008542279160942],[30.372709063820896,60.008560972578771],[30.372803406467682,60.00870071707466],[30.372914199871502,60.008682023656824]]]},"properties":{"category":"foodservice","name":{"ru":"Столовая","en":"Canteen"},"alt_name":{"ru":"Столовая","en":"Canteen"},"restriction":null,"accessibility":null,"level_id":"606db31c-6ae7-4b75-97b3-e56c573fc7f1","display_point":{"type":"Point","coordinates":[30.372811631477834,60.008621498392252]}}},{"id":"ea8fb11e-3539-44b0-869e-506353bf19c0","type":"Feature","feature_type":"unit","geometry":{"type":"Polygon","coordinates":[[[30.372931457566356,60.008707586587349],[30.372914199871502,60.008682023656824],[30.372803406467682,60.00870071707466],[30.372820664124593,60.008726280005178],[30.372931457566356,60.008707586587349]]]},"properties":{"category":"wardrobe","name":{"ru":"Гардероб","en":"Wardone"},"alt_name":{"ru":"Гардероб","en":"Wardone"},"restriction":null,"accessibility":null,"level_id":"606db31c-6ae7-4b75-97b3-e56c573fc7f1","display_point":{"type":"Point","coordinates":[30.372873397796411,60.008703144869671]}}},{"id":"32cd22dc-0f50-4446-87b3-ab0d33574e33","type":"Feature","feature_type":"unit","geometry":{"type":"Polygon","coordinates":[[[30.374183616141906,60.008635845601411],[30.374175562130919,60.008623915758122],[30.374485783375356,60.008571574627318],[30.37442250251312,60.008477843516147],[30.37411228165821,60.008530185195852],[30.374104227672948,60.008518255901464],[30.373988320908644,60.008537811644857],[30.373981417903039,60.00852758669221],[30.373565516879339,60.008597758915279],[30.373572419827976,60.008607983867925],[30.37345651274919,60.008627540160219],[30.3735359001978,60.008745129860174],[30.374183616141906,60.008635845601411]]]},"properties":{"category":"classroom","name":null,"alt_name":null,"restriction":"restricted","accessibility":null,"level_id":"606db31c-6ae7-4b75-97b3-e56c573fc7f1","display_point":{"type":"Point","coordinates":[30.37380979524799,60.008627730629328]}}},{"id":"ee4f281f-686d-45ba-9250-2eb2de328df6","type":"Feature","feature_type":"unit","geometry":{"type":"Polygon","coordinates":[[[30.373039031893061,60.008866929092108],[30.373007967517964,60.008820915707396],[30.37290058269814,60.008839033875581],[30.372931647007043,60.008885047260293],[30.373039031893061,60.008866929092108]]]},"properties":{"category":"library","name":{"ru":"Почта России","en":"Russian post"},"alt_name":{"ru":"Почта России","en":"Russian post"},"restriction":null,"accessibility":null,"level_id":"606db31c-6ae7-4b75-97b3-e56c573fc7f1","display_point":{"type":"Point","coordinates":[30.372967506091676,60.008849572800358]}}},{"id":"864c507d-8927-41cf-a047-9013eadd8edd","type":"Feature","feature_type":"unit","geometry":{"type":"Polygon","coordinates":[[[30.372579629078654,60.008445183278468],[30.372537060425124,60.008382128123039],[30.372443312372617,60.00839794529265],[30.37248588094694,60.008461000996981],[30.372579629078654,60.008445183278468]]]},"properties":{"category":"administration","name":{"ru":"Отдел контроля движимого имущества","en":"Movable property control department"},"alt_name":{"ru":"Отдел контроля движимого имущества","en":"Movable property control department"},"restriction":null,"accessibility":null,"level_id":"606db31c-6ae7-4b75-97b3-e56c573fc7f1","display_point":{"type":"Point","coordinates":[30.372511470838539,60.00842156456001]}}},{"id":"90c64b72-090a-4a7e-944c-1f2d4a59a077","type":"Feature","feature_type":"unit","geometry":{"type":"Polygon","coordinates":[[[30.372640991917045,60.008434829882674],[30.372598423211677,60.008371774727252],[30.372537060425124,60.008382128123039],[30.372579629078654,60.008445183278468],[30.372640991917045,60.008434829882674]]]},"properties":{"category":"administration","name":{"ru":"123. Управление персоналом","en":"123. Personnel management"},"alt_name":{"ru":"123","en":"123"},"restriction":null,"accessibility":null,"level_id":"606db31c-6ae7-4b75-97b3-e56c573fc7f1","display_point":{"type":"Point","coordinates":[30.372589026562125,60.008408479277307]}}},{"id":"97df96d9-4ff9-4b2a-9229-20d476b5dccd","type":"Feature","feature_type":"unit","geometry":{"type":"Polygon","coordinates":[[[30.372741558063272,60.008417862213783],[30.372698989272951,60.008354807058353],[30.372598423211677,60.008371774727252],[30.372640991917045,60.008434829882674],[30.372741558063272,60.008417862213783]]]},"properties":{"category":"administration","name":{"ru":"124.Управление бухгалтерского учета","en":"124.Accounting department"},"alt_name":{"ru":"124","en":"124"},"restriction":null,"accessibility":null,"level_id":"606db31c-6ae7-4b75-97b3-e56c573fc7f1","display_point":{"type":"Point","coordinates":[30.372669991024281,60.008394818744968]}}},{"id":"c77e59cb-6d1c-4abd-93d3-ee8457f8cf9e","type":"Feature","feature_type":"unit","geometry":{"type":"Polygon","coordinates":[[[30.372792693720996,60.00840923511582],[30.372750124613,60.00834617941149],[30.372698989272951,60.008354807058353],[30.372741558337751,60.008417862762684],[30.372792693720996,60.00840923511582]]]},"properties":{"category":"administration","name":{"ru":"Кабинет 127","en":"Office 127"},"alt_name":{"ru":"127","en":"127"},"restriction":null,"accessibility":null,"level_id":"606db31c-6ae7-4b75-97b3-e56c573fc7f1","display_point":{"type":"Point","coordinates":[30.3727458414777,60.008382021087087]}}},{"id":"8141d1e9-21e6-48de-8ce5-987c7d3642e3","type":"Feature","feature_type":"unit","geometry":{"type":"Polygon","coordinates":[[[30.372843829090915,60.008400606920063],[30.372801259939724,60.008337551215732],[30.372750124613,60.00834617941149],[30.372792693720996,60.00840923511582],[30.372843829090915,60.008400606920063]]]},"properties":{"category":"administration","name":{"ru":"128.Старший администратор 1 учебного корпуса Николаева Любовь Павловна","en":"128.Senior administrator of the 1st academic building Nikolaeva Lyubov Pavlovna"},"alt_name":{"ru":"128","en":"128"},"restriction":null,"accessibility":null,"level_id":"606db31c-6ae7-4b75-97b3-e56c573fc7f1","display_point":{"type":"Point","coordinates":[30.372796976832689,60.008373392891322]}}},{"id":"89ba39ca-80c8-463d-95a6-e0905cda2442","type":"Feature","feature_type":"unit","geometry":{"type":"Polygon","coordinates":[[[30.3730466660549,60.008366383408543],[30.373004097006852,60.008303328253113],[30.372952961733063,60.00831195589997],[30.372995530737917,60.0083750110554],[30.3730466660549,60.008366383408543]]]},"properties":{"category":"administration","name":{"ru":"Кабинет 131","en":"Office 131"},"alt_name":{"ru":"131","en":"131"},"restriction":null,"accessibility":null,"level_id":"606db31c-6ae7-4b75-97b3-e56c573fc7f1","display_point":{"type":"Point","coordinates":[30.372999814011948,60.008339169928711]}}},{"id":"d3c4e78b-3cf6-4d23-a118-478aae489851","type":"Feature","feature_type":"unit","geometry":{"type":"Polygon","coordinates":[[[30.373210298760018,60.008338774719029],[30.373167729573748,60.0082757195636],[30.373004097006852,60.008303328253113],[30.3730466660549,60.008366383408543],[30.373210298760018,60.008338774719029]]]},"properties":{"category":"administration","name":{"ru":"132. Отдел аренды","en":"132. Rental department"},"alt_name":{"ru":"132","en":"132"},"restriction":null,"accessibility":null,"level_id":"606db31c-6ae7-4b75-97b3-e56c573fc7f1","display_point":{"type":"Point","coordinates":[30.373107197993054,60.008321051760525]}}},{"id":"2c77d06d-a9c0-4ef5-ad4c-743027057197","type":"Feature","feature_type":"unit","geometry":{"type":"Polygon","coordinates":[[[30.374555368623174,60.008444036072596],[30.374523728318593,60.00839717024256],[30.374418048979472,60.008415000785924],[30.374392736766261,60.008377509109913],[30.374498416052305,60.008359678566549],[30.374480582496009,60.008333263190707],[30.374374903247361,60.008351093734071],[30.374129454547415,60.008392506768338],[30.374149014008733,60.008421478382346],[30.374174325826122,60.008458970058349],[30.374382275688987,60.008423884221266],[30.374412190139822,60.008468193264243],[30.374555368623174,60.008444036072596]]]},"properties":{"category":"classroom","name":null,"alt_name":null,"restriction":"restricted","accessibility":null,"level_id":"606db31c-6ae7-4b75-97b3-e56c573fc7f1","display_point":{"type":"Point","coordinates":[30.374470515560677,60.0083942841141]}}},{"id":"0fb51295-5e6e-47c0-a4f3-869a9168caec","type":"Feature","feature_type":"unit","geometry":{"type":"Polygon","coordinates":[[[30.374738261822362,60.008405584366407],[30.374697992259975,60.008345937345567],[30.374580381597628,60.008365781262683],[30.374620651066035,60.00842542828353],[30.374738261822362,60.008405584366407]]]},"properties":{"category":"classroom","name":null,"alt_name":null,"restriction":"restricted","accessibility":null,"level_id":"606db31c-6ae7-4b75-97b3-e56c573fc7f1","display_point":{"type":"Point","coordinates":[30.374663476733122,60.008370743888669]}}},{"id":"1c937f14-2d62-4a02-b500-6991860c6d2a","type":"Feature","feature_type":"unit","geometry":{"type":"Polygon","coordinates":[[[30.374584132774974,60.008486640773825],[30.374562271983287,60.008454261025243],[30.37442250251312,60.008477843516147],[30.37444436324418,60.008510223264729],[30.374584132774974,60.008486640773825]]]},"properties":{"category":"classroom","name":null,"alt_name":null,"restriction":"restricted","accessibility":null,"level_id":"606db31c-6ae7-4b75-97b3-e56c573fc7f1","display_point":{"type":"Point","coordinates":[30.374483225574455,60.008458106086081]}}},{"id":"fec15719-d860-43dc-a9d9-648995378c5c","type":"Feature","feature_type":"unit","geometry":{"type":"Polygon","coordinates":[[[30.374697992259975,60.008345937345567],[30.374638162851554,60.008257319259613],[30.374520552328828,60.008277163176736],[30.374580381597628,60.008365781262683],[30.374697992259975,60.008345937345567]]]},"properties":{"category":"laboratory","name":{"ru":"Лабораторная 128","en":"Lab 128"},"alt_name":{"ru":"128","en":"128"},"restriction":null,"accessibility":null,"level_id":"606db31c-6ae7-4b75-97b3-e56c573fc7f1","display_point":{"type":"Point","coordinates":[30.374609272522779,60.008311550261148]}}},{"id":"c108d728-b5d4-460a-b52d-c5ef49d17c7d","type":"Feature","feature_type":"unit","geometry":{"type":"Polygon","coordinates":[[[30.374638162851554,60.008257319259613],[30.374628958658139,60.008243685623484],[30.374622630382781,60.008234312018359],[30.374505019896304,60.008254155935475],[30.374520552328828,60.008277163176736],[30.374638162851554,60.008257319259613]]]},"properties":{"category":"classroom","name":{"ru":"Кабинет 127","en":"Classroom 127"},"alt_name":{"ru":"127","en":"127"},"restriction":null,"accessibility":null,"level_id":"606db31c-6ae7-4b75-97b3-e56c573fc7f1","display_point":{"type":"Point","coordinates":[30.374583065215468,60.008253327641853]}}},{"id":"49583cba-960b-41b2-bc0a-fb3710959c41","type":"Feature","feature_type":"unit","geometry":{"type":"Polygon","coordinates":[[[30.374622630382781,60.008234312018359],[30.374613425921268,60.008220678931124],[30.374606522577626,60.008210453429577],[30.374488912128744,60.0082302973467],[30.374505019896304,60.008254155935475],[30.374622630382781,60.008234312018359]]]},"properties":{"category":"laboratory","name":{"ru":"Лабораторная 126","en":"Lab 126"},"alt_name":{"ru":"126","en":"126"},"restriction":null,"accessibility":null,"level_id":"606db31c-6ae7-4b75-97b3-e56c573fc7f1","display_point":{"type":"Point","coordinates":[30.374567302188861,60.008229979532246]}}},{"id":"71a52ca4-53d4-41dd-89ca-73560caf9e09","type":"Feature","feature_type":"unit","geometry":{"type":"Polygon","coordinates":[[[30.374606522852126,60.008210453429577],[30.374597318122756,60.008196820342349],[30.374576608113177,60.008166144386607],[30.374458997734102,60.008185988303723],[30.374488912403244,60.0082302973467],[30.374606522852126,60.008210453429577]]]},"properties":{"category":"laboratory","name":{"ru":"Лабораторная 125","en":"Lab 125"},"alt_name":{"ru":"125","en":"125"},"restriction":null,"accessibility":null,"level_id":"606db31c-6ae7-4b75-97b3-e56c573fc7f1","display_point":{"type":"Point","coordinates":[30.374545672067946,60.008197941200912]}}},{"id":"e529816d-6593-4c2b-8902-b2172c833ff5","type":"Feature","feature_type":"unit","geometry":{"type":"Polygon","coordinates":[[[30.374576608113177,60.008166144386607],[30.374567403945139,60.008152510750477],[30.374561075687218,60.008143138243149],[30.374443465344392,60.008162982160265],[30.374458997734102,60.008185988303723],[30.374576608113177,60.008166144386607]]]},"properties":{"category":"laboratory","name":{"ru":"Лабораторная 124","en":"Lab 124"},"alt_name":{"ru":"124","en":"124"},"restriction":null,"accessibility":null,"level_id":"606db31c-6ae7-4b75-97b3-e56c573fc7f1","display_point":{"type":"Point","coordinates":[30.374521510282253,60.008162152768847]}}},{"id":"6e186fa4-55d9-46ff-b2df-7126456cee05","type":"Feature","feature_type":"unit","geometry":{"type":"Polygon","coordinates":[[[30.374860386489789,60.00815338295628],[30.374931975459212,60.008141304360457],[30.374895157432665,60.008086770364834],[30.374823568515538,60.008098848960657],[30.374860386489789,60.00815338295628]]]},"properties":{"category":"classroom","name":{"ru":"Кабинет 123","en":"Classroom 123"},"alt_name":{"ru":"123","en":"123"},"restriction":null,"accessibility":null,"level_id":"606db31c-6ae7-4b75-97b3-e56c573fc7f1","display_point":{"type":"Point","coordinates":[30.374877771695481,60.00812007666056]}}},{"id":"52e43bdc-c595-4e83-ad74-8b0afe0057d0","type":"Feature","feature_type":"unit","geometry":{"type":"Polygon","coordinates":[[[30.374931975459212,60.008141304360457],[30.375180831731221,60.008099316076546],[30.375144013522871,60.008044782080923],[30.374895157432665,60.008086770364834],[30.374931975459212,60.008141304360457]]]},"properties":{"category":"laboratory","name":{"ru":"Лабораторная 122","en":"Lab 122"},"alt_name":{"ru":"122","en":"122"},"restriction":null,"accessibility":null,"level_id":"606db31c-6ae7-4b75-97b3-e56c573fc7f1","display_point":{"type":"Point","coordinates":[30.375037994568398,60.00809304322069]}}},{"id":"3676cf0c-2f87-4800-87a9-77f499c59452","type":"Feature","feature_type":"unit","geometry":{"type":"Polygon","coordinates":[[[30.375119851743882,60.008008993923305],[30.375081882933944,60.007952755585947],[30.374897797947025,60.007983815224421],[30.374935766618275,60.008040053561785],[30.375119851743882,60.008008993923305]]]},"properties":{"category":"classroom","name":{"ru":"Кабинет 120","en":"Classroom 120"},"alt_name":{"ru":"120","en":"120"},"restriction":null,"accessibility":null,"level_id":"606db31c-6ae7-4b75-97b3-e56c573fc7f1","display_point":{"type":"Point","coordinates":[30.375056997720318,60.007972140895163]}}},{"id":"33fc71f7-1aef-407e-9c4d-182ba9eeecdf","type":"Feature","feature_type":"unit","geometry":{"type":"Polygon","coordinates":[[[30.374881222793324,60.008049256458285],[30.374843254163164,60.007993018120921],[30.374725644171921,60.008012862038044],[30.374763612713476,60.008069100375408],[30.374881222793324,60.008049256458285]]]},"properties":{"category":"classroom","name":{"ru":"Кабинет 118","en":"Classroom 118"},"alt_name":{"ru":"118","en":"118"},"restriction":null,"accessibility":null,"level_id":"606db31c-6ae7-4b75-97b3-e56c573fc7f1","display_point":{"type":"Point","coordinates":[30.374803433049472,60.008031059248161]}}},{"id":"bc434f0a-2c04-40a9-b551-34ec7022e492","type":"Feature","feature_type":"unit","geometry":{"type":"Polygon","coordinates":[[[30.374763612713476,60.008069100375408],[30.374725644171921,60.008012862038044],[30.374635305624921,60.008028103958004],[30.374673274098413,60.008084342844271],[30.374763612713476,60.008069100375408]]]},"properties":{"category":"classroom","name":{"ru":"Кабинет 117","en":"Classroom 117"},"alt_name":{"ru":"117","en":"117"},"restriction":null,"accessibility":null,"level_id":"606db31c-6ae7-4b75-97b3-e56c573fc7f1","display_point":{"type":"Point","coordinates":[30.374699459012067,60.0080486021667]}}},{"id":"87e10600-391c-488b-8a44-6a0aa1e22096","type":"Feature","feature_type":"unit","geometry":{"type":"Polygon","coordinates":[[[30.374673274098413,60.008084342844271],[30.374635305624921,60.008028103958004],[30.374539853934,60.008044209301339],[30.374577822335581,60.008100447638704],[30.374673274098413,60.008084342844271]]]},"properties":{"category":"classroom","name":{"ru":"Кабинет 116","en":"Classroom 116"},"alt_name":{"ru":"116","en":"116"},"restriction":null,"accessibility":null,"level_id":"606db31c-6ae7-4b75-97b3-e56c573fc7f1","display_point":{"type":"Point","coordinates":[30.374606563995968,60.008064276072808]}}},{"id":"b8f318aa-6343-4428-a21e-0af7e958df5f","type":"Feature","feature_type":"unit","geometry":{"type":"Polygon","coordinates":[[[30.374577822335581,60.008100447638704],[30.374539853934,60.008044209301339],[30.374480196672195,60.008054275072311],[30.374518165028832,60.008110513409676],[30.374577822335581,60.008100447638704]]]},"properties":{"category":"classroom","name":{"ru":"Кабинет 115","en":"Classroom 115"},"alt_name":{"ru":"115","en":"115"},"restriction":null,"accessibility":null,"level_id":"606db31c-6ae7-4b75-97b3-e56c573fc7f1","display_point":{"type":"Point","coordinates":[30.3745290093496,60.008077361355504]}}},{"id":"30fc5618-cba7-418a-8027-b8a0f1fa9785","type":"Feature","feature_type":"unit","geometry":{"type":"Polygon","coordinates":[[[30.374518165028832,60.008110513409676],[30.374480196672195,60.008054275072311],[30.374376222238066,60.008071817990853],[30.374414190516369,60.008128056328218],[30.374518165028832,60.008110513409676]]]},"properties":{"category":"classroom","name":{"ru":"Кабинет 114","en":"Classroom 114"},"alt_name":{"ru":"114","en":"114"},"restriction":null,"accessibility":null,"level_id":"606db31c-6ae7-4b75-97b3-e56c573fc7f1","display_point":{"type":"Point","coordinates":[30.374447193612689,60.008091165700264]}}},{"id":"827a1185-70c9-4492-a1db-fb519e692a69","type":"Feature","feature_type":"unit","geometry":{"type":"Polygon","coordinates":[[[30.374414190790869,60.008128056328218],[30.374376222512566,60.008071817990853],[30.374319973665212,60.008081308512182],[30.374357941901138,60.008137546849539],[30.374414190790869,60.008128056328218]]]},"properties":{"category":"classroom","name":{"ru":"Кабинет 113","en":"Classroom 113"},"alt_name":{"ru":"113","en":"113"},"restriction":null,"accessibility":null,"level_id":"606db31c-6ae7-4b75-97b3-e56c573fc7f1","display_point":{"type":"Point","coordinates":[30.374367082211393,60.008104682420196]}}},{"id":"14abd733-2cc3-42b4-a528-8f440b89ef1d","type":"Feature","feature_type":"unit","geometry":{"type":"Polygon","coordinates":[[[30.374357941901138,60.008137546849539],[30.374319973665212,60.008081308512182],[30.374226226190924,60.008097125681786],[30.374264194356215,60.0081533642936],[30.374357941901138,60.008137546849539]]]},"properties":{"category":"laboratory","name":{"ru":"Лабораторная 112","en":"Lab 112"},"alt_name":{"ru":"112","en":"112"},"restriction":null,"accessibility":null,"level_id":"606db31c-6ae7-4b75-97b3-e56c573fc7f1","display_point":{"type":"Point","coordinates":[30.374292084163152,60.008117336814564]}}},{"id":"d2bc883a-38e1-4170-8e7d-6df43fb8a1fb","type":"Feature","feature_type":"unit","geometry":{"type":"Polygon","coordinates":[[[30.374264194356215,60.0081533642936],[30.374226226190924,60.008097125681786],[30.374127365558746,60.008113806274764],[30.374165333649565,60.008170044337675],[30.374264194356215,60.0081533642936]]]},"properties":{"category":"laboratory","name":{"ru":"Лабораторная 111","en":"Lab 111"},"alt_name":{"ru":"111","en":"111"},"restriction":null,"accessibility":null,"level_id":"606db31c-6ae7-4b75-97b3-e56c573fc7f1","display_point":{"type":"Point","coordinates":[30.374195779937022,60.008133585421412]}}},{"id":"50363b80-211c-408d-8958-51381d092418","type":"Feature","feature_type":"unit","geometry":{"type":"Polygon","coordinates":[[[30.374165333649565,60.008170044337675],[30.374127365558746,60.008113806274764],[30.374076230577987,60.008122433921628],[30.374114198630284,60.008178671984538],[30.374165333649565,60.008170044337675]]]},"properties":{"category":"classroom","name":{"ru":"Кабинет 110","en":"Classroom 110"},"alt_name":{"ru":"110","en":"110"},"restriction":null,"accessibility":null,"level_id":"606db31c-6ae7-4b75-97b3-e56c573fc7f1","display_point":{"type":"Point","coordinates":[30.374120782097744,60.008146238992424]}}},{"id":"1e903b31-2288-4ce5-b8a9-c73de272a432","type":"Feature","feature_type":"unit","geometry":{"type":"Polygon","coordinates":[[[30.374114198630284,60.008178671984538],[30.374076230577987,60.008122433921628],[30.374026799955811,60.008130773943662],[30.374064767970857,60.008187012555474],[30.374114198630284,60.008178671984538]]]},"properties":{"category":"classroom","name":{"ru":"Кабинет 109","en":"Classroom 109"},"alt_name":{"ru":"109","en":"109"},"restriction":null,"accessibility":null,"level_id":"606db31c-6ae7-4b75-97b3-e56c573fc7f1","display_point":{"type":"Point","coordinates":[30.374070499139968,60.008154723375775]}}},{"id":"bf9cd746-1e07-4b91-9c2f-bd4950f06c61","type":"Feature","feature_type":"unit","geometry":{"type":"Polygon","coordinates":[[[30.374064767970857,60.008187012555474],[30.374026799955811,60.008130773943662],[30.374014868528569,60.008132787317415],[30.373917711888172,60.008149179462222],[30.373955679821027,60.008205418348481],[30.374064767970857,60.008187012555474]]]},"properties":{"category":"laboratory","name":{"ru":"Лабораторная 108","en":"Lab 108"},"alt_name":{"ru":"108","en":"108"},"restriction":null,"accessibility":null,"level_id":"606db31c-6ae7-4b75-97b3-e56c573fc7f1","display_point":{"type":"Point","coordinates":[30.373995965250224,60.008161034105889]}}},{"id":"61ba0012-127b-4754-a1cc-d3f686bf7d12","type":"Feature","feature_type":"unit","geometry":{"type":"Polygon","coordinates":[[[30.373795456233548,60.008232451788352],[30.373757488421408,60.008176212902086],[30.373680785800531,60.008189154372374],[30.373718753554886,60.00824539325864],[30.373795456233548,60.008232451788352]]]},"properties":{"category":"laboratory","name":{"ru":"Лабораторная 106","en":"Lab 106"},"alt_name":{"ru":"106","en":"106"},"restriction":null,"accessibility":null,"level_id":"606db31c-6ae7-4b75-97b3-e56c573fc7f1","display_point":{"type":"Point","coordinates":[30.373738120998276,60.008210803080367]}}},{"id":"fbc25d18-7030-48bc-b3a4-56202b0219a8","type":"Feature","feature_type":"unit","geometry":{"type":"Polygon","coordinates":[[[30.373901135723344,60.008214621244989],[30.37386316783158,60.008158382358722],[30.373757488421408,60.008176212902086],[30.373795456233548,60.008232451788352],[30.373901135723344,60.008214621244989]]]},"properties":{"category":"classroom","name":{"ru":"Кабинет 107","en":"Classroom 107"},"alt_name":{"ru":"107","en":"107"},"restriction":null,"accessibility":null,"level_id":"606db31c-6ae7-4b75-97b3-e56c573fc7f1","display_point":{"type":"Point","coordinates":[30.373829312051516,60.008195417347991]}}},{"id":"2bb7b3e4-02ed-4c91-ad73-d9557b4652ee","type":"Feature","feature_type":"unit","geometry":{"type":"Polygon","coordinates":[[[30.373838239341584,60.008323946122523],[30.373802572515295,60.00827111591974],[30.373742914662138,60.008281181690712],[30.373778581446214,60.008334011344587],[30.373838239341584,60.008323946122523]]]},"properties":{"category":"classroom","name":{"ru":"Кабинет 103а","en":"Classroom 103а"},"alt_name":{"ru":"103а","en":"103а"},"restriction":null,"accessibility":null,"level_id":"606db31c-6ae7-4b75-97b3-e56c573fc7f1","display_point":{"type":"Point","coordinates":[30.373789426448806,60.008300859839323]}}},{"id":"066430b6-cbf5-4ead-8da6-8dfa7afa6b62","type":"Feature","feature_type":"unit","geometry":{"type":"Polygon","coordinates":[[[30.373984826749716,60.008299213132325],[30.373949159819674,60.008246383478451],[30.373872457154928,60.008259324948739],[30.373908124030685,60.008312154602613],[30.373984826749716,60.008299213132325]]]},"properties":{"category":"classroom","name":{"ru":"Кабинет 104","en":"Classroom 104"},"alt_name":{"ru":"104","en":"104"},"restriction":null,"accessibility":null,"level_id":"606db31c-6ae7-4b75-97b3-e56c573fc7f1","display_point":{"type":"Point","coordinates":[30.373928641798134,60.008279268766081]}}},{"id":"348d7239-ea81-4c37-a30b-5cdd3fa4d61a","type":"Feature","feature_type":"unit","geometry":{"type":"Polygon","coordinates":[[[30.374095619696106,60.008280519714496],[30.374059952687659,60.008227689511713],[30.373949159819681,60.008246382929549],[30.373984826749716,60.008299213132325],[30.374095619696106,60.008280519714496]]]},"properties":{"category":"laboratory","name":{"ru":"Лабораторная 103","en":"Lab 103"},"alt_name":{"ru":"103","en":"103"},"restriction":null,"accessibility":null,"level_id":"606db31c-6ae7-4b75-97b3-e56c573fc7f1","display_point":{"type":"Point","coordinates":[30.374022389601745,60.00826345159647]}}},{"id":"3273bff8-8443-413c-aba0-aaf67d8767ee","type":"Feature","feature_type":"unit","geometry":{"type":"Polygon","coordinates":[[[30.374735432032963,60.008710742226853],[30.374626343205986,60.008729148019867],[30.374644752279639,60.008756415292126],[30.374753841146468,60.008738009499119],[30.374735432032963,60.008710742226853]]]},"properties":{"category":"restroom","name":{"ru":"Туалет женский","en":"Restroom female"},"alt_name":{"ru":"Туалет Ж.","en":"Restroom F."},"restriction":null,"accessibility":null,"level_id":"606db31c-6ae7-4b75-97b3-e56c573fc7f1","display_point":{"type":"Point","coordinates":[30.374690092446457,60.008733579308391]}}},{"id":"3db80139-d077-415e-a551-ee95ad47b282","type":"Feature","feature_type":"unit","geometry":{"type":"Polygon","coordinates":[[[30.374735432032963,60.008710742226853],[30.37468768353418,60.008640018356942],[30.374578594810558,60.008658424149949],[30.374626343205986,60.008729148019867],[30.374735432032963,60.008710742226853]]]},"properties":{"category":"classroom","name":{"ru":"Кабинет 147","en":"Classroom 147"},"alt_name":{"ru":"147","en":"147"},"restriction":null,"accessibility":null,"level_id":"606db31c-6ae7-4b75-97b3-e56c573fc7f1","display_point":{"type":"Point","coordinates":[30.374657907854552,60.008684698457891]}}},{"id":"894188c2-291c-454a-b7df-d47bf7dccc48","type":"Feature","feature_type":"unit","geometry":{"type":"Polygon","coordinates":[[[30.374660069951432,60.008599117997456],[30.374550981287584,60.008617523790463],[30.374578594810558,60.008658424149949],[30.37468768353418,60.008640018356942],[30.374660069951432,60.008599117997456]]]},"properties":{"category":"classroom","name":{"ru":"Кабинет 142","en":"Classroom 142"},"alt_name":{"ru":"142","en":"142"},"restriction":null,"accessibility":null,"level_id":"606db31c-6ae7-4b75-97b3-e56c573fc7f1","display_point":{"type":"Point","coordinates":[30.37461933267376,60.008628771348157]}}},{"id":"91c4a83a-5919-4e23-b16a-3f840fceadb8","type":"Feature","feature_type":"unit","geometry":{"type":"Polygon","coordinates":[[[30.374834909397819,60.008548736447977],[30.374719003070631,60.008568292740271],[30.374760998845723,60.008630495999284],[30.374876905269495,60.008610939706983],[30.374834909397819,60.008548736447977]]]},"properties":{"category":"classroom","name":{"ru":"Кабинет 143","en":"Classroom 143"},"alt_name":{"ru":"143","en":"143"},"restriction":null,"accessibility":null,"level_id":"606db31c-6ae7-4b75-97b3-e56c573fc7f1","display_point":{"type":"Point","coordinates":[30.374797954556364,60.008589616498078]}}},{"id":"aed0a33d-5528-4cd3-abaa-c00b00224393","type":"Feature","feature_type":"unit","geometry":{"type":"Polygon","coordinates":[[[30.374876905269495,60.008610939706983],[30.374760998845723,60.008630495999284],[30.374776531730166,60.008653502691637],[30.374892438189661,60.008633946399343],[30.374876905269495,60.008610939706983]]]},"properties":{"category":"classroom","name":{"ru":"Дирекция"},"alt_name":{"ru":"Дирекция"},"restriction":"restricted","accessibility":null,"level_id":"606db31c-6ae7-4b75-97b3-e56c573fc7f1","display_point":{"type":"Point","coordinates":[30.374826718653228,60.008632221199314]}}},{"id":"f0e2f3cc-6fb6-4094-8281-28de7bba47c3","type":"Feature","feature_type":"unit","geometry":{"type":"Polygon","coordinates":[[[30.374892438189661,60.008633946399343],[30.374776531730166,60.008653502691637],[30.374807597256964,60.008699516076355],[30.374923503787908,60.008679959784061],[30.374892438189661,60.008633946399343]]]},"properties":{"category":"classroom","name":{"ru":"Кабинет 145","en":"Classroom 145"},"alt_name":{"ru":"145","en":"145"},"restriction":null,"accessibility":null,"level_id":"606db31c-6ae7-4b75-97b3-e56c573fc7f1","display_point":{"type":"Point","coordinates":[30.37485001774434,60.008666731237852]}}},{"id":"8bc7ddff-4c77-47be-b16c-2962f179366a","type":"Feature","feature_type":"unit","geometry":{"type":"Polygon","coordinates":[[[30.374923503787908,60.008679959784061],[30.374807597256964,60.008699516076355],[30.374853620135745,60.008767684257009],[30.374969526772535,60.008748127964715],[30.374923503787908,60.008679959784061]]]},"properties":{"category":"classroom","name":{"ru":"Кабинет 146","en":"Classroom 146"},"alt_name":{"ru":"146","en":"146"},"restriction":null,"accessibility":null,"level_id":"606db31c-6ae7-4b75-97b3-e56c573fc7f1","display_point":{"type":"Point","coordinates":[30.374888562122251,60.008723822020535]}}},{"id":"740dd409-9611-4e53-a942-1fb1cf4370d5","type":"Feature","feature_type":"unit","geometry":{"type":"Polygon","coordinates":[[[30.374969526772535,60.008748127964715],[30.374853620135745,60.008767684257009],[30.374886986644931,60.0088171057763],[30.375002893358459,60.008797549484008],[30.374969526772535,60.008748127964715]]]},"properties":{"category":"classroom","name":{"ru":"Кабинет 148","en":"Classroom 148"},"alt_name":{"ru":"148","en":"148"},"restriction":null,"accessibility":null,"level_id":"606db31c-6ae7-4b75-97b3-e56c573fc7f1","display_point":{"type":"Point","coordinates":[30.374928256730254,60.008782616596058]}}},{"id":"9b66d316-93d6-4bb9-bb01-b8a6d98187b2","type":"Feature","feature_type":"unit","geometry":{"type":"Polygon","coordinates":[[[30.374753841146468,60.008738009499119],[30.374644752279639,60.008756415292126],[30.374671790839965,60.0087964643041],[30.374780879765318,60.008778058511091],[30.374753841146468,60.008738009499119]]]},"properties":{"category":"classroom","name":{"ru":"Дирекция"},"alt_name":{"ru":"Дирекция"},"restriction":"restricted","accessibility":null,"level_id":"606db31c-6ae7-4b75-97b3-e56c573fc7f1","display_point":{"type":"Point","coordinates":[30.374712816148595,60.008767236901605]}}},{"id":"390a3346-6eb0-464b-8d24-039c481d61fa","type":"Feature","feature_type":"unit","geometry":{"type":"Polygon","coordinates":[[[30.375364549236668,60.00877639423922],[30.375204325390897,60.008803427679084],[30.375239993074835,60.008856257332965],[30.375400217034002,60.008829223893095],[30.375364549236668,60.00877639423922]]]},"properties":{"category":"laboratory","name":{"ru":"Лабораторная 161","en":"Lab 161"},"alt_name":{"ru":"161","en":"161"},"restriction":null,"accessibility":null,"level_id":"606db31c-6ae7-4b75-97b3-e56c573fc7f1","display_point":{"type":"Point","coordinates":[30.375302271193348,60.008816325786093]}}},{"id":"7b33b145-3abe-4714-96cb-d59dc7ce13f9","type":"Feature","feature_type":"unit","geometry":{"type":"Polygon","coordinates":[[[30.375049214570641,60.00882959879339],[30.374953761823857,60.008845703587824],[30.374989429330466,60.0088985332417],[30.3750848821448,60.008882428447265],[30.375049214570641,60.00882959879339]]]},"properties":{"category":"laboratory","name":{"ru":"Лабораторная 163","en":"Lab 163"},"alt_name":{"ru":"163","en":"163"},"restriction":null,"accessibility":null,"level_id":"606db31c-6ae7-4b75-97b3-e56c573fc7f1","display_point":{"type":"Point","coordinates":[30.375019321828876,60.008864066017544]}}},{"id":"e73a2c1b-4374-4883-8998-c2e24d1289df","type":"Feature","feature_type":"unit","geometry":{"type":"Polygon","coordinates":[[[30.374953761823857,60.008845703587824],[30.374904330771809,60.008854043609858],[30.37493999824343,60.008906873263733],[30.374989429330466,60.0088985332417],[30.374953761823857,60.008845703587824]]]},"properties":{"category":"classroom","name":{"ru":"Кабинет 164","en":"Classroom 164"},"alt_name":{"ru":"164","en":"164"},"restriction":null,"accessibility":null,"level_id":"606db31c-6ae7-4b75-97b3-e56c573fc7f1","display_point":{"type":"Point","coordinates":[30.374946880036827,60.008876288425782]}}},{"id":"a03c9508-2cc4-4faf-9fc2-f489016ae186","type":"Feature","feature_type":"unit","geometry":{"type":"Polygon","coordinates":[[[30.374904331046309,60.008854043609858],[30.374856604094447,60.008862096555973],[30.374892271532293,60.008914926209854],[30.374939998517934,60.008906873263733],[30.374904331046309,60.008854043609858]]]},"properties":{"category":"classroom","name":{"ru":"Кабинет 165","en":"Classroom 165"},"alt_name":{"ru":"165","en":"165"},"restriction":null,"accessibility":null,"level_id":"606db31c-6ae7-4b75-97b3-e56c573fc7f1","display_point":{"type":"Point","coordinates":[30.374898301566578,60.0088844846354]}}},{"id":"c507c5e9-d973-40be-a51a-92cfee10e46a","type":"Feature","feature_type":"unit","geometry":{"type":"Polygon","coordinates":[[[30.374856604094447,60.008862096555973],[30.374807173292396,60.008870436578015],[30.374842840695258,60.008923266231889],[30.374892271532293,60.008914926209854],[30.374856604094447,60.008862096555973]]]},"properties":{"category":"classroom","name":{"ru":"Кабинет 166","en":"Classroom 166"},"alt_name":{"ru":"166","en":"166"},"restriction":null,"accessibility":null,"level_id":"606db31c-6ae7-4b75-97b3-e56c573fc7f1","display_point":{"type":"Point","coordinates":[30.374849722535288,60.008892681393931]}}},{"id":"f720c573-3396-4221-b00a-cb704f9a188e","type":"Feature","feature_type":"unit","geometry":{"type":"Polygon","coordinates":[[[30.374807173292396,60.008870436578015],[30.374756037815366,60.008879064224871],[30.374791705182037,60.008931893878753],[30.374842840695258,60.008923266231889],[30.374807173292396,60.008870436578015]]]},"properties":{"category":"classroom","name":{"ru":"Кабинет 167","en":"Classroom 167"},"alt_name":{"ru":"167","en":"167"},"restriction":null,"accessibility":null,"level_id":"606db31c-6ae7-4b75-97b3-e56c573fc7f1","display_point":{"type":"Point","coordinates":[30.374799439378062,60.00890116522838]}}},{"id":"b5d34a88-162b-4461-b3e7-6bc59626f8bd","type":"Feature","feature_type":"unit","geometry":{"type":"Polygon","coordinates":[[[30.373868365894349,60.008928223368855],[30.373663823237649,60.008962733956295],[30.373700065943051,60.009016416604396],[30.373856882130028,60.008989958414176],[30.373849403204449,60.0089788804673],[30.373897129814193,60.00897082807009],[30.373868365894349,60.008928223368855]]]},"properties":{"category":"classroom","name":{"ru":"Кабинет 8","en":"Classroom 8"},"alt_name":{"ru":"8","en":"8"},"restriction":null,"accessibility":null,"level_id":"606db31c-6ae7-4b75-97b3-e56c573fc7f1","display_point":{"type":"Point","coordinates":[30.373784215974805,60.008972319986626]}}},{"id":"174df7ad-5fb7-467d-b14b-f90f31f28811","type":"Feature","feature_type":"unit","geometry":{"type":"Polygon","coordinates":[[[30.373663823237649,60.008962733956295],[30.373563256225054,60.008979702174095],[30.373599498858134,60.009033384822196],[30.373700065943051,60.009016416604396],[30.373663823237649,60.008962733956295]]]},"properties":{"category":"classroom","name":{"ru":"Кабинет 9","en":"Classroom 9"},"alt_name":{"ru":"9","en":"9"},"restriction":null,"accessibility":null,"level_id":"606db31c-6ae7-4b75-97b3-e56c573fc7f1","display_point":{"type":"Point","coordinates":[30.37363166092781,60.008998059663696]}}},{"id":"00b60b85-aff2-4bd4-b2d9-3cd8d9b64e85","type":"Feature","feature_type":"unit","geometry":{"type":"Polygon","coordinates":[[[30.373563256225054,60.008979702174095],[30.373389394325532,60.009009036063638],[30.373425636833577,60.009062718711739],[30.373599498858134,60.009033384822196],[30.373563256225054,60.008979702174095]]]},"properties":{"category":"classroom","name":{"ru":"Кабинет 10","en":"Classroom 10"},"alt_name":{"ru":"10","en":"10"},"restriction":null,"accessibility":null,"level_id":"606db31c-6ae7-4b75-97b3-e56c573fc7f1","display_point":{"type":"Point","coordinates":[30.373494446709753,60.009021210168463]}}},{"id":"0ec33b83-dd1a-49af-82f8-21e396eb641c","type":"Feature","feature_type":"unit","geometry":{"type":"Polygon","coordinates":[[[30.37331976513563,60.008979021535204],[30.373250733003676,60.008876769813121],[30.373139938819751,60.008895463230957],[30.373208970799936,60.008997714953033],[30.37331976513563,60.008979021535204]]]},"properties":{"category":"classroom","name":{"ru":"Кабинет 17","en":"Classroom 17"},"alt_name":{"ru":"17","en":"17"},"restriction":null,"accessibility":null,"level_id":"606db31c-6ae7-4b75-97b3-e56c573fc7f1","display_point":{"type":"Point","coordinates":[30.373229851920897,60.008937242383077]}}},{"id":"47c0a610-52ce-41dc-bc6f-220d28877d97","type":"Feature","feature_type":"unit","geometry":{"type":"Polygon","coordinates":[[[30.373692991717256,60.009059372603119],[30.373629924066293,60.009070013623734],[30.373665016117,60.009121991930094],[30.373728083811876,60.009111350909485],[30.373692991717256,60.009059372603119]]]},"properties":{"category":"classroom","name":{"ru":"Кабинет 33-34-35","en":"Classroom 33-34-35"},"alt_name":{"ru":"33-34-35","en":"33-34-35"},"restriction":null,"accessibility":null,"level_id":"606db31c-6ae7-4b75-97b3-e56c573fc7f1","display_point":{"type":"Point","coordinates":[30.373679003786503,60.009090681992156]}}},{"id":"00dbcde6-f3ee-4983-9c14-fb2af88d9a9c","type":"Feature","feature_type":"unit","geometry":{"type":"Polygon","coordinates":[[[30.373629924066293,60.009070013623734],[30.373583902299703,60.009077778396133],[30.37361899431836,60.009129756702492],[30.373665016117,60.009121991930094],[30.373629924066293,60.009070013623734]]]},"properties":{"category":"classroom","name":{"ru":"Кабинет 32","en":"Classroom 32"},"alt_name":{"ru":"32","en":"32"},"restriction":null,"accessibility":null,"level_id":"606db31c-6ae7-4b75-97b3-e56c573fc7f1","display_point":{"type":"Point","coordinates":[30.373624458645793,60.009099884888663]}}},{"id":"1692c4b0-e923-4e49-8a25-b05ea5d3669c","type":"Feature","feature_type":"unit","geometry":{"type":"Polygon","coordinates":[[[30.373583902299703,60.009077778396133],[30.373481630418073,60.009095033689846],[30.373516722365512,60.009147011996212],[30.37361899431836,60.009129756702492],[30.373583902299703,60.009077778396133]]]},"properties":{"category":"classroom","name":{"ru":"Кабинет 31","en":"Classroom 31"},"alt_name":{"ru":"31","en":"31"},"restriction":null,"accessibility":null,"level_id":"606db31c-6ae7-4b75-97b3-e56c573fc7f1","display_point":{"type":"Point","coordinates":[30.373550311938438,60.009112394921722]}}},{"id":"7a80f089-5baf-4c89-b5a5-ccd3484fd939","type":"Feature","feature_type":"unit","geometry":{"type":"Polygon","coordinates":[[[30.373481630418073,60.009095033689846],[30.373433903393604,60.009103086635967],[30.37346899530781,60.009155064942327],[30.373516722365512,60.009147011996212],[30.373481630418073,60.009095033689846]]]},"properties":{"category":"classroom","name":{"ru":"Кабинет 30","en":"Classroom 30"},"alt_name":{"ru":"30","en":"30"},"restriction":null,"accessibility":null,"level_id":"606db31c-6ae7-4b75-97b3-e56c573fc7f1","display_point":{"type":"Point","coordinates":[30.373475312316803,60.00912504931609]}}},{"id":"c0080387-2567-46f0-92d2-e7d5c1b5c6a5","type":"Feature","feature_type":"unit","geometry":{"type":"Polygon","coordinates":[[[30.373433903393604,60.009103086635967],[30.373384472232065,60.009111426658],[30.373419564111849,60.009163404964369],[30.37346899530781,60.009155064942327],[30.373433903393604,60.009103086635967]]]},"properties":{"category":"classroom","name":{"ru":"Кабинет 29","en":"Classroom 29"},"alt_name":{"ru":"29","en":"29"},"restriction":null,"accessibility":null,"level_id":"606db31c-6ae7-4b75-97b3-e56c573fc7f1","display_point":{"type":"Point","coordinates":[30.373426733756002,60.009133245525717]}}},{"id":"e14fe8ea-9909-4f4e-9133-24a4a10822ac","type":"Feature","feature_type":"unit","geometry":{"type":"Polygon","coordinates":[[[30.373072397370965,60.008916350611408],[30.373091380915646,60.00894446978009],[30.37316467518615,60.008932103559445],[30.373081261667167,60.00880854893785],[30.373007967517964,60.008820915707396],[30.373039031893061,60.008866929092108],[30.372931647007043,60.008885047260293],[30.37296501241385,60.008934468779593],[30.373072397370965,60.008916350611408]]]},"properties":{"category":"classroom","name":{"ru":"Кабинет 18","en":"Classroom 18"},"alt_name":{"ru":"18","en":"18"},"restriction":null,"accessibility":null,"level_id":"606db31c-6ae7-4b75-97b3-e56c573fc7f1","display_point":{"type":"Point","coordinates":[30.373044172148742,60.008888604147408]}}},{"id":"75e78830-76d8-4dc8-9451-a1d888b78ec3","type":"Feature","feature_type":"unit","geometry":{"type":"Polygon","coordinates":[[[30.373119569007297,60.0089862225849],[30.373072397370965,60.008916350611408],[30.37296501241385,60.008934468779593],[30.373012183949662,60.009004340753087],[30.373119569007297,60.0089862225849]]]},"properties":{"category":"classroom","name":{"ru":"Кабинет 19-20","en":"Classroom 19-20"},"alt_name":{"ru":"19-20","en":"19-20"},"restriction":null,"accessibility":null,"level_id":"606db31c-6ae7-4b75-97b3-e56c573fc7f1","display_point":{"type":"Point","coordinates":[30.373042290543104,60.008960345133346]}}},{"id":"acac1732-a71b-46f8-8b29-c8cb396b0f39","type":"Feature","feature_type":"unit","geometry":{"type":"Polygon","coordinates":[[[30.373197805339291,60.009102107943107],[30.373119569007297,60.0089862225849],[30.373012183949662,60.009004340753087],[30.373090420114945,60.009120226111293],[30.373197805339291,60.009102107943107]]]},"properties":{"category":"classroom","name":{"ru":"Кабинет 24","en":"Classroom 24"},"alt_name":{"ru":"24","en":"24"},"restriction":null,"accessibility":null,"level_id":"606db31c-6ae7-4b75-97b3-e56c573fc7f1","display_point":{"type":"Point","coordinates":[30.373104994575886,60.009053224348094]}}},{"id":"2265ae73-a873-4bb4-a1fb-ca308e5cfc0a","type":"Feature","feature_type":"unit","geometry":{"type":"Polygon","coordinates":[[[30.372857465535013,60.008398305921482],[30.372857465535013,60.008398305921482],[30.372874510471156,60.008395430222166],[30.372874510471156,60.008395430222166],[30.372874510471156,60.008395430222166],[30.37296314444465,60.008380475378118],[30.37296314444465,60.008380475378118],[30.372980189920607,60.0083775996788],[30.372980189920607,60.0083775996788],[30.372995530737917,60.0083750110554],[30.372982875175776,60.008356265491848],[30.372831173292369,60.008381861356511],[30.372843828816414,60.008400606920063],[30.372857465535013,60.008398305921482]]]},"properties":{"category":"administration","name":{"ru":"130.Управление имущественного комплекса","en":"130.Management of the property complex"},"alt_name":{"ru":"130","en":"130"},"restriction":null,"accessibility":null,"level_id":"606db31c-6ae7-4b75-97b3-e56c573fc7f1","display_point":{"type":"Point","coordinates":[30.372913618891587,60.008385429221669]}}},{"id":"48ef0963-3e73-4d15-a01b-05ee43bc6bb7","type":"Feature","feature_type":"unit","geometry":{"type":"Polygon","coordinates":[[[30.372884013293739,60.008372945535925],[30.372854099909709,60.008328635944046],[30.372801259939724,60.008337551215732],[30.372831173292369,60.008381861356511],[30.372884013293739,60.008372945535925]]]},"properties":{"category":"administration","name":{"ru":"Кабинет 130/1","en":"Office 130/1"},"alt_name":{"ru":"130/1","en":"130/1"},"restriction":null,"accessibility":null,"level_id":"606db31c-6ae7-4b75-97b3-e56c573fc7f1","display_point":{"type":"Point","coordinates":[30.372841784414216,60.008355392737137]}}},{"id":"07de1a47-704d-47f3-bbaa-99aa80d34d80","type":"Feature","feature_type":"unit","geometry":{"type":"Polygon","coordinates":[[[30.372935148623672,60.008364317889061],[30.372905235209288,60.00832000829719],[30.372854099909709,60.008328635944046],[30.372854099909709,60.008328635944046],[30.372884013293739,60.008372945535925],[30.372935148623672,60.008364317889061]]]},"properties":{"category":"administration","name":{"ru":"Кабинет 130/2","en":"Office 130/2"},"alt_name":{"ru":"130/2","en":"130/2"},"restriction":null,"accessibility":null,"level_id":"606db31c-6ae7-4b75-97b3-e56c573fc7f1","display_point":{"type":"Point","coordinates":[30.372892919736092,60.00834676509028]}}},{"id":"664b9ca4-0be8-443b-a349-18a33493331a","type":"Feature","feature_type":"unit","geometry":{"type":"Polygon","coordinates":[[[30.372982875175776,60.008356265491848],[30.372952961733063,60.00831195589997],[30.372905235209288,60.00832000829719],[30.372935148623672,60.008364317889061],[30.372982875175776,60.008356265491848]]]},"properties":{"category":"administration","name":{"ru":"Кабинет 130/3","en":"Office 130/3"},"alt_name":{"ru":"130/3","en":"130/3"},"restriction":null,"accessibility":null,"level_id":"606db31c-6ae7-4b75-97b3-e56c573fc7f1","display_point":{"type":"Point","coordinates":[30.372944055044627,60.008338137443424]}}},{"id":"0bcc6376-e7a0-40dc-8e8a-9dd2c2e02d3c","type":"Feature","feature_type":"unit","geometry":{"type":"Polygon","coordinates":[[[30.373500747010741,60.008380888701573],[30.373465080423298,60.0083280590477],[30.373461671115393,60.008328634297342],[30.37325883475641,60.008362857259961],[30.373294501197876,60.008415687462737],[30.373500747010741,60.008380888701573]]]},"properties":{"category":"administration","name":{"ru":"142, 143. Прием по воинскому учету и бронированию","en":"142, 143. Reception for military registration and booking"},"alt_name":{"ru":"142, 143","en":"142, 143"},"restriction":null,"accessibility":null,"level_id":"606db31c-6ae7-4b75-97b3-e56c573fc7f1","display_point":{"type":"Point","coordinates":[30.373396166815521,60.008363225024517]}}},{"id":"b3d21aad-6762-4e10-936d-29da66e0207f","type":"Feature","feature_type":"unit","geometry":{"type":"Polygon","coordinates":[[[30.373263138675846,60.008329859447343],[30.373220569444939,60.008266804291921],[30.373167729573748,60.0082757195636],[30.373210298760018,60.008338774719029],[30.373263138675846,60.008329859447343]]]},"properties":{"category":"stairs","name":null,"alt_name":null,"restriction":null,"accessibility":null,"level_id":"606db31c-6ae7-4b75-97b3-e56c573fc7f1","display_point":{"type":"Point","coordinates":[30.373220466964028,60.00829112011634]}}},{"id":"6737e1c3-d326-4208-8401-09a62759c61f","type":"Feature","feature_type":"unit","geometry":{"type":"Polygon","coordinates":[[[30.373955679821027,60.008205418348481],[30.373917711888172,60.008149179462222],[30.37386316783158,60.008158382358722],[30.373901135723344,60.008214621244989],[30.373955679821027,60.008205418348481]]]},"properties":{"category":"stairs","name":null,"alt_name":null,"restriction":null,"accessibility":null,"level_id":"606db31c-6ae7-4b75-97b3-e56c573fc7f1","display_point":{"type":"Point","coordinates":[30.373911302861547,60.0081669660934]}}},{"id":"3434b195-9865-40bb-a44d-b9a6b5f058a0","type":"Feature","feature_type":"unit","geometry":{"type":"Polygon","coordinates":[[[30.373692991991749,60.009059373152027],[30.373728083811876,60.009111350909485],[30.373782628398615,60.009102148012978],[30.373747536266013,60.009050169706619],[30.373692991991749,60.009059373152027]]]},"properties":{"category":"stairs","name":null,"alt_name":null,"restriction":null,"accessibility":null,"level_id":"606db31c-6ae7-4b75-97b3-e56c573fc7f1","display_point":{"type":"Point","coordinates":[30.373735664475955,60.009098112483031]}}},{"id":"e5c537b8-107c-4f82-8345-25e2245a0c95","type":"Feature","feature_type":"unit","geometry":{"type":"Polygon","coordinates":[[[30.375364549236668,60.00877639423922],[30.375400217034002,60.008829223893095],[30.375453057046464,60.008820308621416],[30.37541738921173,60.008767478967535],[30.375364549236668,60.00877639423922]]]},"properties":{"category":"stairs","name":null,"alt_name":null,"restriction":null,"accessibility":null,"level_id":"606db31c-6ae7-4b75-97b3-e56c573fc7f1","display_point":{"type":"Point","coordinates":[30.375407222517325,60.008815133570224]}}},{"id":"d7e991cd-f364-4cef-8164-1750c2e53ff2","type":"Feature","feature_type":"unit","geometry":{"type":"Polygon","coordinates":[[[30.374935766618275,60.008040053561785],[30.374897797947025,60.007983815224421],[30.374843254163164,60.007993018120921],[30.374881222793324,60.008049256458285],[30.374935766618275,60.008040053561785]]]},"properties":{"category":"stairs","name":null,"alt_name":null,"restriction":null,"accessibility":null,"level_id":"606db31c-6ae7-4b75-97b3-e56c573fc7f1","display_point":{"type":"Point","coordinates":[30.374891389199977,60.008001601581142]}}},{"id":"daf806be-4872-40d5-8412-b9d3c561c5e9","type":"Feature","feature_type":"unit","geometry":{"type":"Polygon","coordinates":[[[30.373051290310983,60.008764154815012],[30.373085551643676,60.00875837432455],[30.373103960090294,60.008785641047908],[30.373175209131439,60.008773620086828],[30.373168938929023,60.008764332659368],[30.373169109121161,60.008764304116447],[30.373175436966768,60.008773676623768],[30.373103846992137,60.008785755219591],[30.373085438545552,60.008758487947333],[30.373051347953982,60.008764239894873],[30.373081261667167,60.00880854893785],[30.373221032863352,60.008784966995847],[30.373179671414803,60.008723700713119],[30.373039900333318,60.008747283204023],[30.373051290310983,60.008764154815012]]]},"properties":{"category":"stairs","name":null,"alt_name":null,"restriction":null,"accessibility":null,"level_id":"606db31c-6ae7-4b75-97b3-e56c573fc7f1","display_point":{"type":"Point","coordinates":[30.373120856736886,60.008768362700295]}}},{"id":"a28092f4-7200-464e-86b0-6bb4fde53522","type":"Feature","feature_type":"unit","geometry":{"type":"Polygon","coordinates":[[[30.374485783375356,60.008571574627318],[30.37462555302103,60.008547991587513],[30.374595638391174,60.008503682544536],[30.37456154806226,60.008509434492076],[30.374579957048052,60.008536701764342],[30.374508367860898,60.008548780360165],[30.374502039847929,60.008539407852837],[30.374502210313416,60.008539379309916],[30.374508423311536,60.00854858110862],[30.374579729212343,60.0085366452274],[30.374561320226658,60.008509377955136],[30.374595580746412,60.008503597464674],[30.374584132774974,60.008486640773825],[30.37444436324418,60.008510223264729],[30.374485783375356,60.008571574627318]]]},"properties":{"category":"stairs","name":null,"alt_name":null,"restriction":null,"accessibility":null,"level_id":"606db31c-6ae7-4b75-97b3-e56c573fc7f1","display_point":{"type":"Point","coordinates":[30.374533091488924,60.00853056119395]}}},{"id":"303fb94b-fb43-4222-bc5a-0cd4718e9dea","type":"Feature","feature_type":"unit","geometry":{"type":"Polygon","coordinates":[[[30.372768659282762,60.0084664422658],[30.372756003492928,60.008447696702248],[30.372645210436907,60.008466390120077],[30.372657866198921,60.008485135683628],[30.372768659282762,60.0084664422658]]]},"properties":{"category":"administration","name":{"ru":"Кабинет 118"},"alt_name":{"ru":"118","en":"118"},"restriction":null,"accessibility":null,"level_id":"606db31c-6ae7-4b75-97b3-e56c573fc7f1","display_point":{"type":"Point","coordinates":[30.37270693444805,60.008466416467392]}}},{"id":"13b050b9-e3b6-4daf-ad4b-0e0b96fae036","type":"Feature","feature_type":"unit","geometry":{"type":"Polygon","coordinates":[[[30.373402951904218,60.008236031729361],[30.373220569444939,60.008266804291921],[30.373263138675846,60.008329859447343],[30.373273365781241,60.008328134247314],[30.373292924848549,60.008357105861322],[30.373465080423298,60.0083280590477],[30.373402951904218,60.008236031729361]]]},"properties":{"category":"administration","name":{"ru":"Кабинет 138","en":"Office 138"},"alt_name":{"ru":"138","en":"138"},"restriction":null,"accessibility":null,"level_id":"606db31c-6ae7-4b75-97b3-e56c573fc7f1","display_point":{"type":"Point","coordinates":[30.373319671761088,60.008307665679347]}}},{"id":"76953297-0802-4203-bdd4-b53762369815","type":"Feature","feature_type":"unit","geometry":{"type":"Polygon","coordinates":[[[30.373294501197876,60.008415687462737],[30.37325883475641,60.008362857259961],[30.37320258605023,60.008372347781282],[30.373238252451884,60.008425177984066],[30.373294501197876,60.008415687462737]]]},"properties":{"category":"administration","name":{"ru":"141. Главный специалист по мобилизационной подготовке Куликова Галина Александровна","en":"141. Chief specialist in mobilization training Kulikova Galina Alexandrovna"},"alt_name":{"ru":"141","en":"141"},"restriction":null,"accessibility":null,"level_id":"606db31c-6ae7-4b75-97b3-e56c573fc7f1","display_point":{"type":"Point","coordinates":[30.373248543471753,60.008394017347563]}}},{"id":"555b94cd-2d9d-4aa3-8f26-abdefb126850","type":"Feature","feature_type":"unit","geometry":{"type":"Polygon","coordinates":[[[30.373238252451884,60.008425177984066],[30.37320258605023,60.008372347781282],[30.37314292828896,60.008382413552255],[30.373178594648408,60.008435243206129],[30.373238252451884,60.008425177984066]]]},"properties":{"category":"administration","name":{"ru":"140. Начальник отдела мобилизационной подготовки Щербаков Александр Валерьянович","en":"140. Head of the department of mobilization training Shcherbakov Alexander Valeryanovich"},"alt_name":{"ru":"140","en":"140"},"restriction":null,"accessibility":null,"level_id":"606db31c-6ae7-4b75-97b3-e56c573fc7f1","display_point":{"type":"Point","coordinates":[30.373190590080522,60.008403795493706]}}},{"id":"47af53b9-156f-486f-8d95-4c20d90f0701","type":"Feature","feature_type":"unit","geometry":{"type":"Polygon","coordinates":[[[30.373274679254031,60.009187850329738],[30.373239587475133,60.009135872023379],[30.373222541815043,60.009138747722695],[30.373222541815043,60.009138747722695],[30.373197805339291,60.009102107943107],[30.372833035832908,60.009163652519319],[30.372796794299514,60.00910997042012],[30.3724814557032,60.009163174425389],[30.372577524445166,60.009305474610535],[30.373274679254031,60.009187850329738]]]},"properties":{"category":"classroom","name":null,"alt_name":null,"restriction":"restricted","accessibility":null,"level_id":"606db31c-6ae7-4b75-97b3-e56c573fc7f1","display_point":{"type":"Point","coordinates":[30.372618647689816,60.0092510789383]}}},{"id":"7d736a7f-2c53-4b35-b59e-1837bab3fb39","type":"Feature","feature_type":"unit","geometry":{"type":"Polygon","coordinates":[[[30.373904608746855,60.008981906016956],[30.373897129814193,60.00897082807009],[30.373849403204449,60.0089788804673],[30.373856882130028,60.008989958414176],[30.373904608746855,60.008981906016956]]]},"properties":{"category":"restroom","name":{"ru":"Туалет женский","en":"Restroom female"},"alt_name":{"ru":"Туалет Ж.","en":"Restroom F."},"restriction":null,"accessibility":null,"level_id":"606db31c-6ae7-4b75-97b3-e56c573fc7f1","display_point":{"type":"Point","coordinates":[30.373877006112274,60.008980393242133]}}},{"id":"e83ddc7a-ddc7-4260-a4ae-32b9053cb402","type":"Feature","feature_type":"unit","geometry":{"type":"Polygon","coordinates":[[[30.373935098201198,60.009027066956349],[30.373929920640172,60.009019397692967],[30.373882193999371,60.00902745009018],[30.373887371555494,60.00903511935357],[30.373935098201198,60.009027066956349]]]},"properties":{"category":"restroom","name":{"ru":"Туалет мужской","en":"Restroom male"},"alt_name":{"ru":"Туалет М.","en":"Restroom M."},"restriction":null,"accessibility":null,"level_id":"606db31c-6ae7-4b75-97b3-e56c573fc7f1","display_point":{"type":"Point","coordinates":[30.373907495547069,60.009025554181527]}}},{"id":"eacc6bc0-e93b-4982-85a0-0848cdd1ddda","type":"Feature","feature_type":"unit","geometry":{"type":"Polygon","coordinates":[[[30.374461538556474,60.0088281414577],[30.374144498252129,60.00888163363669],[30.37424114578711,60.009024786267162],[30.374791705731042,60.008931894427654],[30.374731875667038,60.008843276341707],[30.374498356912685,60.008882676002223],[30.374461538556474,60.0088281414577]]]},"properties":{"category":"classroom","name":{"ru":"Кафедра физики прочности и пластичности материалов","en":"Department of Physics of Strength and Plasticity of Materials"},"alt_name":{"ru":"Кафедра физики прочности и пластичности материалов","en":"Кафедра физики прочности и пластичности материалов"},"restriction":null,"accessibility":null,"level_id":"606db31c-6ae7-4b75-97b3-e56c573fc7f1","display_point":{"type":"Point","coordinates":[30.374419736053998,60.008915247317717]}}},{"id":"d8a8c811-71db-4b6c-8927-d938128dc5a6","type":"Feature","feature_type":"unit","geometry":{"type":"Polygon","coordinates":[[[30.375204325116393,60.008803427679084],[30.375049214570641,60.00882959879339],[30.375084882693809,60.008882428996174],[30.375239993349339,60.008856257881867],[30.375204325116393,60.008803427679084]]]},"properties":{"category":"laboratory","name":{"ru":"Лабораторная 162","en":"Lab 162"},"alt_name":{"ru":"162","en":"162"},"restriction":null,"accessibility":null,"level_id":"606db31c-6ae7-4b75-97b3-e56c573fc7f1","display_point":{"type":"Point","coordinates":[30.375142046950891,60.008843359225956]}}},{"id":"94da2f0e-5e82-48f3-8b89-7ff6eece2e7f","type":"Feature","feature_type":"unit","geometry":{"type":"Polygon","coordinates":[[[30.375632031229522,60.008790112406309],[30.375596362719115,60.008737282203526],[30.37541738921173,60.008767478967535],[30.375453057595472,60.008820309170318],[30.375632031229522,60.008790112406309]]]},"properties":{"category":"classroom","name":null,"alt_name":null,"restriction":"restricted","accessibility":null,"level_id":"606db31c-6ae7-4b75-97b3-e56c573fc7f1","display_point":{"type":"Point","coordinates":[30.375495882281033,60.008765625324358]}}},{"id":"393bf5b6-fc27-41ef-837c-19bd51adccfc","type":"Feature","feature_type":"unit","geometry":{"type":"Polygon","coordinates":[[[30.375572200167909,60.008701494320363],[30.375536531753077,60.00864866411758],[30.375226311253069,60.008701005248383],[30.375261979448346,60.008753835451166],[30.375572200167909,60.008701494320363]]]},"properties":{"category":"classroom","name":null,"alt_name":null,"restriction":"restricted","accessibility":null,"level_id":"606db31c-6ae7-4b75-97b3-e56c573fc7f1","display_point":{"type":"Point","coordinates":[30.375304804523342,60.008699151605207]}}},{"id":"df0c1d0d-1ede-4dfb-9c46-7617ad22aed0","type":"Feature","feature_type":"unit","geometry":{"type":"Polygon","coordinates":[[[30.374498416052305,60.008359678566549],[30.374392736766261,60.008377509109913],[30.374418048979472,60.008415000785924],[30.374523728318593,60.00839717024256],[30.374498416052305,60.008359678566549]]]},"properties":{"category":"classroom","name":{"ru":"Кабинет 131","en":"Classroom 131"},"alt_name":{"ru":"131","en":"131"},"restriction":null,"accessibility":null,"level_id":"606db31c-6ae7-4b75-97b3-e56c573fc7f1","display_point":{"type":"Point","coordinates":[30.374458232807193,60.008387339950687]}}},{"id":"46e0026e-34a9-4b1c-bc2e-413f5d1a5c56","type":"Feature","feature_type":"unit","geometry":{"type":"Polygon","coordinates":[[[30.374450667785887,60.008288953598836],[30.374344988599969,60.0083067841422],[30.374374903247361,60.008351093734071],[30.374480582496009,60.008333263190707],[30.374450667785887,60.008288953598836]]]},"properties":{"category":"laboratory","name":{"ru":"Лабораторная 101","en":"Lab 101"},"alt_name":{"ru":"101","en":"101"},"restriction":null,"accessibility":null,"level_id":"606db31c-6ae7-4b75-97b3-e56c573fc7f1","display_point":{"type":"Point","coordinates":[30.374412785946166,60.008320024215358]}}},{"id":"915d97ae-67d2-487a-8a7a-0d79bebc7211","type":"Feature","feature_type":"unit","geometry":{"type":"Polygon","coordinates":[[[30.374433409613115,60.00826339121722],[30.374327730463389,60.008281221760583],[30.374344988599969,60.0083067841422],[30.374450667785887,60.008288953598836],[30.374433409613115,60.00826339121722]]]},"properties":{"category":"classroom","name":{"ru":"Кабинет 102","en":"Classroom 102"},"alt_name":{"ru":"102","en":"102"},"restriction":null,"accessibility":null,"level_id":"606db31c-6ae7-4b75-97b3-e56c573fc7f1","display_point":{"type":"Point","coordinates":[30.374389199258296,60.00828508767971]}}},{"id":"0f14538d-f4f7-4cff-a55f-91e0eaf07d2a","type":"Feature","feature_type":"unit","geometry":{"type":"Polygon","coordinates":[[[30.373908124030685,60.008312154602613],[30.373872457154928,60.008259324948739],[30.373802572515295,60.00827111591974],[30.373838239341584,60.008323946122523],[30.373908124030685,60.008312154602613]]]},"properties":{"category":"classroom","name":{"ru":"Кабинет 104а","en":"Classroom 104а"},"alt_name":{"ru":"104а","en":"104а"},"restriction":null,"accessibility":null,"level_id":"606db31c-6ae7-4b75-97b3-e56c573fc7f1","display_point":{"type":"Point","coordinates":[30.373855348119363,60.008291635535628]}}},{"id":"a5e7cf68-484b-4575-8a8c-4410f50f41c4","type":"Feature","feature_type":"unit","geometry":{"type":"Polygon","coordinates":[[[30.375007654131963,60.008067789322183],[30.375144013522871,60.008044782080923],[30.375119851743882,60.008008993923305],[30.374983492418348,60.008032001164565],[30.375007654131963,60.008067789322183]]]},"properties":{"category":"classroom","name":{"ru":"Кабинет 121","en":"Classroom 121"},"alt_name":{"ru":"121","en":"121"},"restriction":null,"accessibility":null,"level_id":"606db31c-6ae7-4b75-97b3-e56c573fc7f1","display_point":{"type":"Point","coordinates":[30.375063752962856,60.00803839148552]}}},{"id":"3741c6f2-eee2-418a-92b6-0a81c89e7e1b","type":"Feature","feature_type":"unit","geometry":{"type":"Polygon","coordinates":[[[30.372944688511385,60.008727184596218],[30.372755836330192,60.008447448049495],[30.372381010302533,60.008510966478489],[30.372251694383266,60.008532879757404],[30.372231848334984,60.008503482195188],[30.373223935178604,60.008336474269356],[30.373223935178604,60.008336474269356],[30.373445521289174,60.008299087433691],[30.373463469709186,60.008325672969256],[30.373463469709186,60.008325672969256],[30.373464908042855,60.008327803259206],[30.37282918199087,60.008435158126268],[30.372886823110608,60.008520540432968],[30.372959306010959,60.008627904082466],[30.373017982568538,60.008714818375573],[30.373081261667167,60.00880854893785],[30.373139938819751,60.008895463230957],[30.373271099764583,60.009089741722462],[30.373905011158858,60.008982501575986],[30.373928539920826,60.009017353031773],[30.373257835250989,60.009130462041988],[30.373221274488131,60.009136588889824],[30.373197918437842,60.009101993222522],[30.373008534373948,60.008820629729279],[30.372944688511385,60.008727184596218]]]},"properties":{"category":"walkway","name":null,"alt_name":null,"restriction":null,"accessibility":null,"level_id":"d0b5e4eb-482d-4e66-a50e-4fa7c32115ec","display_point":{"type":"Point","coordinates":[30.37293198956181,60.008778683161943]}}},{"id":"9fa04cdb-591d-43ec-bd18-b60c24d05703","type":"Feature","feature_type":"unit","geometry":{"type":"Polygon","coordinates":[[[30.374592186842939,60.008498570068213],[30.374590461069026,60.008496013830054],[30.374589885445079,60.008495161933631],[30.374562271983287,60.008454261025243],[30.374562214613114,60.008454175945381],[30.374558245091588,60.008448296103595],[30.374433409613115,60.00826339121722],[30.37437358090834,60.008174773131266],[30.374359945112076,60.008177073580946],[30.374339490729639,60.008180525078807],[30.373998590538047,60.008238042907507],[30.373974429308216,60.008202254475442],[30.374970708718138,60.008034158350732],[30.374994870425624,60.00806994650835],[30.374479260150135,60.0081569425879],[30.374460510425443,60.008160105912047],[30.374443465344392,60.008162982160265],[30.374448067553139,60.008169798978336],[30.374719003070631,60.008568292740271],[30.374886986644931,60.0088171057763],[30.375461407208178,60.008720187738191],[30.375485569706267,60.008755975621355],[30.375386708132432,60.008772655665432],[30.375349208693482,60.008778982862616],[30.374953761823857,60.008845703587824],[30.374933307265639,60.008849154536783],[30.374648653105474,60.008897182393056],[30.374333317287739,60.008950386398325],[30.374309155342072,60.008914599064063],[30.374815396935848,60.008829184372125],[30.374596501415564,60.008504960938069],[30.374595638391174,60.008503682544536],[30.374592186842939,60.008498570068213]]]},"properties":{"category":"walkway","name":null,"alt_name":null,"restriction":null,"accessibility":null,"level_id":"d0b5e4eb-482d-4e66-a50e-4fa7c32115ec","display_point":{"type":"Point","coordinates":[30.374548977328846,60.008502064380465]}}},{"id":"2d9df87c-2dfb-4fb5-9539-b1e18e1c5e38","type":"Feature","feature_type":"unit","geometry":{"type":"Polygon","coordinates":[[[30.373047686254107,60.00857882343152],[30.373016622008311,60.0085328094979],[30.3729075324475,60.008551215290908],[30.372938596626049,60.008597229224527],[30.373047686254107,60.00857882343152]]]},"properties":{"category":"administration","name":{"ru":"Кабинет 224","en":"Classroom 224"},"alt_name":{"ru":"224","en":"224"},"restriction":null,"accessibility":null,"level_id":"d0b5e4eb-482d-4e66-a50e-4fa7c32115ec","display_point":{"type":"Point","coordinates":[30.372977611669334,60.008565022929083]}}},{"id":"1ffaf451-b4bb-4801-a359-3c18aa1b7220","type":"Feature","feature_type":"unit","geometry":{"type":"Polygon","coordinates":[[[30.373179671414803,60.008723700713119],[30.373157753589233,60.008691235884669],[30.373017982568538,60.008714818375573],[30.373039727678911,60.008747027964439],[30.373179671414803,60.008723700713119]]]},"properties":{"category":"classroom","name":null,"alt_name":null,"restriction":"restricted","accessibility":null,"level_id":"d0b5e4eb-482d-4e66-a50e-4fa7c32115ec","display_point":{"type":"Point","coordinates":[30.373103059965974,60.008718497667907]}}},{"id":"ef4fb8c1-9b68-4420-b313-175e02e81bc7","type":"Feature","feature_type":"unit","geometry":{"type":"Polygon","coordinates":[[[30.373016626949109,60.008532817182534],[30.372995911803141,60.008502132993257],[30.372886823110608,60.008520540432968],[30.3729075324475,60.008551215290908],[30.373016626949109,60.008532817182534]]]},"properties":{"category":"restroom","name":{"ru":"Туалет мужской","en":"Restroom male"},"alt_name":{"ru":"Туалет М.","en":"Restroom M."},"restriction":null,"accessibility":null,"level_id":"d0b5e4eb-482d-4e66-a50e-4fa7c32115ec","display_point":{"type":"Point","coordinates":[30.372955427377828,60.008526057450311]}}},{"id":"9fc5f4fc-657f-49ca-9965-b62feda74ae5","type":"Feature","feature_type":"unit","geometry":{"type":"Polygon","coordinates":[[[30.373068395683848,60.008609498289459],[30.373047690920441,60.008578830018351],[30.372938596626049,60.008597229224527],[30.372959306010959,60.008627904082466],[30.373068395683848,60.008609498289459]]]},"properties":{"category":"restroom","name":{"ru":"Туалет женский","en":"Restroom female"},"alt_name":{"ru":"Туалет Ж.","en":"Restroom F."},"restriction":null,"accessibility":null,"level_id":"d0b5e4eb-482d-4e66-a50e-4fa7c32115ec","display_point":{"type":"Point","coordinates":[30.373007200702627,60.00860274624187]}}},{"id":"a3d15a3e-9550-416f-a899-cd5cc4b37967","type":"Feature","feature_type":"unit","geometry":{"type":"Polygon","coordinates":[[[30.372497981035149,60.008458675297796],[30.372455926308525,60.008395817747207],[30.372306780848081,60.008420981625733],[30.372349289480475,60.008483667369894],[30.372497981035149,60.008458675297796]]]},"properties":{"category":"administration","name":{"ru":"Кабинет 217","en":"Classroom 217"},"alt_name":{"ru":"217","en":"217"},"restriction":null,"accessibility":null,"level_id":"d0b5e4eb-482d-4e66-a50e-4fa7c32115ec","display_point":{"type":"Point","coordinates":[30.372395564047263,60.0084411203034]}}},{"id":"395e105b-ce3e-4259-9ef8-eb5269707d78","type":"Feature","feature_type":"unit","geometry":{"type":"Polygon","coordinates":[[[30.37474976746417,60.008422626137119],[30.37470086873331,60.008350197925466],[30.3745837694593,60.008369955116017],[30.374632838816222,60.008442354784748],[30.37474976746417,60.008422626137119]]]},"properties":{"category":"laboratory","name":{"ru":"Лабораторная 231","en":"Lab 231"},"alt_name":{"ru":"231","en":"231"},"restriction":null,"accessibility":null,"level_id":"d0b5e4eb-482d-4e66-a50e-4fa7c32115ec","display_point":{"type":"Point","coordinates":[30.374666811250822,60.008396283765293]}}},{"id":"978f2591-6347-4e21-8b6a-55915104840b","type":"Feature","feature_type":"unit","geometry":{"type":"Polygon","coordinates":[[[30.374584132774974,60.008486640773825],[30.374562271983287,60.008454261025243],[30.37442250251312,60.008477843516147],[30.37444436324418,60.008510223264729],[30.374584132774974,60.008486640773825]]]},"properties":{"category":"laboratory","name":{"ru":"Лабораторная 232","en":"Lab 232"},"alt_name":{"ru":"232","en":"232"},"restriction":null,"accessibility":null,"level_id":"d0b5e4eb-482d-4e66-a50e-4fa7c32115ec","display_point":{"type":"Point","coordinates":[30.374483225574455,60.008458106086081]}}},{"id":"0768240b-c80b-4e9f-905e-40b80b9d6364","type":"Feature","feature_type":"unit","geometry":{"type":"Polygon","coordinates":[[[30.37470086873331,60.008350197925466],[30.374668365347357,60.0083020542508],[30.374551095683962,60.008321840533171],[30.3745837694593,60.008369955116017],[30.37470086873331,60.008350197925466]]]},"properties":{"category":"laboratory","name":{"ru":"Лабораторная 227","en":"Lab 227"},"alt_name":{"ru":"227","en":"227"},"restriction":null,"accessibility":null,"level_id":"d0b5e4eb-482d-4e66-a50e-4fa7c32115ec","display_point":{"type":"Point","coordinates":[30.374626024602936,60.008336011544685]}}},{"id":"c278cb10-a802-4769-9562-a56006f5972d","type":"Feature","feature_type":"unit","geometry":{"type":"Polygon","coordinates":[[[30.374605659831381,60.008209175584952],[30.374596455376871,60.008195541948815],[30.374589552038476,60.008185316447268],[30.374472112368334,60.00820513182147],[30.374488220123709,60.008228990410245],[30.374605659831381,60.008209175584952]]]},"properties":{"category":"classroom","name":{"ru":"Кабинет 222","en":"Classroom 222"},"alt_name":{"ru":"222","en":"222"},"restriction":null,"accessibility":null,"level_id":"d0b5e4eb-482d-4e66-a50e-4fa7c32115ec","display_point":{"type":"Point","coordinates":[30.374550331659602,60.008204843098838]}}},{"id":"e6c75a25-2fb0-4240-ab84-4d21d8f9e997","type":"Feature","feature_type":"unit","geometry":{"type":"Polygon","coordinates":[[[30.374589552038476,60.008185316447268],[30.374581785682395,60.008173813649989],[30.374561075687218,60.008143138243149],[30.374443465344392,60.008162982160265],[30.374472112368334,60.00820513182147],[30.374589552038476,60.008185316447268]]]},"properties":{"category":"classroom","name":{"ru":"Кабинет 221","en":"Classroom 221"},"alt_name":{"ru":"221","en":"221"},"restriction":null,"accessibility":null,"level_id":"d0b5e4eb-482d-4e66-a50e-4fa7c32115ec","display_point":{"type":"Point","coordinates":[30.374529564024915,60.008174082063235]}}},{"id":"06763aaf-1369-438a-8b0d-7b31daef753c","type":"Feature","feature_type":"unit","geometry":{"type":"Polygon","coordinates":[[[30.374860386215286,60.008153383505181],[30.374914930403506,60.008144180608681],[30.37487811238941,60.008089646064157],[30.374823568241037,60.008098849509565],[30.374860386215286,60.008153383505181]]]},"properties":{"category":"classroom","name":{"ru":"Кабинет 220","en":"Classroom 220"},"alt_name":{"ru":"220","en":"220"},"restriction":null,"accessibility":null,"level_id":"d0b5e4eb-482d-4e66-a50e-4fa7c32115ec","display_point":{"type":"Point","coordinates":[30.37486924930662,60.008121514784669]}}},{"id":"c7867d4f-47ea-4d23-861a-257b28275ad7","type":"Feature","feature_type":"unit","geometry":{"type":"Polygon","coordinates":[[[30.374957542902742,60.008136990537025],[30.375005268770106,60.008128938139812],[30.374968450690012,60.008074404144189],[30.374920724857514,60.008082456541409],[30.374957542902742,60.008136990537025]]]},"properties":{"category":"classroom","name":{"ru":"Кабинет 218а","en":"Classroom 218а"},"alt_name":{"ru":"218а","en":"218а"},"restriction":null,"accessibility":null,"level_id":"d0b5e4eb-482d-4e66-a50e-4fa7c32115ec","display_point":{"type":"Point","coordinates":[30.374962996661708,60.008105697066156]}}},{"id":"0cbcff53-0758-4071-8629-ac6ea6cbb3b2","type":"Feature","feature_type":"unit","geometry":{"type":"Polygon","coordinates":[[[30.37500526849561,60.008128938139812],[30.375180831731221,60.008099316076546],[30.375144013522871,60.008044782080923],[30.374968450690012,60.008074404144189],[30.37500526849561,60.008128938139812]]]},"properties":{"category":"classroom","name":{"ru":"Кабинет 218","en":"Classroom 218"},"alt_name":{"ru":"218","en":"218"},"restriction":null,"accessibility":null,"level_id":"d0b5e4eb-482d-4e66-a50e-4fa7c32115ec","display_point":{"type":"Point","coordinates":[30.375061857345532,60.00808901702208]}}},{"id":"33f8c430-e11d-4147-82d7-4d3014909dda","type":"Feature","feature_type":"unit","geometry":{"type":"Polygon","coordinates":[[[30.375038888534458,60.008022654455651],[30.375000919785517,60.007966416118286],[30.374897797672524,60.007983815224421],[30.374935766343778,60.008040054110687],[30.375038888534458,60.008022654455651]]]},"properties":{"category":"classroom","name":{"ru":"Кабинет 215","en":"Classroom 215"},"alt_name":{"ru":"215","en":"215"},"restriction":null,"accessibility":null,"level_id":"d0b5e4eb-482d-4e66-a50e-4fa7c32115ec","display_point":{"type":"Point","coordinates":[30.374968343082781,60.008003234840032]}}},{"id":"22f0eb76-19df-4ad6-a66a-5e7cc0d542d5","type":"Feature","feature_type":"unit","geometry":{"type":"Polygon","coordinates":[[[30.374881222793324,60.008049256458285],[30.374843254163164,60.007993018120921],[30.374717121519069,60.008014299613251],[30.3747550900542,60.008070538499517],[30.374881222793324,60.008049256458285]]]},"properties":{"category":"classroom","name":{"ru":"Кабинет 214","en":"Classroom 214"},"alt_name":{"ru":"214","en":"214"},"restriction":null,"accessibility":null,"level_id":"d0b5e4eb-482d-4e66-a50e-4fa7c32115ec","display_point":{"type":"Point","coordinates":[30.374794910670463,60.008032497372277]}}},{"id":"c970186a-5950-49ec-ae15-763dc5161a01","type":"Feature","feature_type":"unit","geometry":{"type":"Polygon","coordinates":[[[30.3747550897797,60.008070538499517],[30.374717121244572,60.008014299613251],[30.37467365675235,60.008021633497314],[30.374711625254736,60.008077871834679],[30.3747550897797,60.008070538499517]]]},"properties":{"category":"laboratory","name":null,"alt_name":null,"restriction":"restricted","accessibility":null,"level_id":"d0b5e4eb-482d-4e66-a50e-4fa7c32115ec","display_point":{"type":"Point","coordinates":[30.374714373388223,60.008046085998416]}}},{"id":"da4fffe3-c268-4ea7-9e1a-e227e9f2b900","type":"Feature","feature_type":"unit","geometry":{"type":"Polygon","coordinates":[[[30.374711625254736,60.008077871834679],[30.37467365675235,60.008021633497314],[30.374522808611768,60.008047085000662],[30.374560777000504,60.008103323886921],[30.374711625254736,60.008077871834679]]]},"properties":{"category":"classroom","name":{"ru":"Кабинет 213","en":"Classroom 213"},"alt_name":{"ru":"213","en":"213"},"restriction":null,"accessibility":null,"level_id":"d0b5e4eb-482d-4e66-a50e-4fa7c32115ec","display_point":{"type":"Point","coordinates":[30.374617217323031,60.008062478417671]}}},{"id":"a90ebb12-a670-4971-ab8d-3b7db21866e4","type":"Feature","feature_type":"unit","geometry":{"type":"Polygon","coordinates":[[[30.374560777000504,60.008103323886921],[30.374522808611768,60.008047085000662],[30.374420538843232,60.008064340843283],[30.374458507154923,60.008120579180641],[30.374560777000504,60.008103323886921]]]},"properties":{"category":"classroom","name":{"ru":"Кабинет 212","en":"Classroom 212"},"alt_name":{"ru":"212","en":"212"},"restriction":null,"accessibility":null,"level_id":"d0b5e4eb-482d-4e66-a50e-4fa7c32115ec","display_point":{"type":"Point","coordinates":[30.374490658175706,60.0080838323651]}}},{"id":"568d7f6c-5b3f-488c-8928-d500b81b01f6","type":"Feature","feature_type":"unit","geometry":{"type":"Polygon","coordinates":[[[30.374458507154923,60.008120579180641],[30.374420538843232,60.008064340843283],[30.374376222238066,60.008071817990853],[30.374414190516369,60.008128056328218],[30.374458507154923,60.008120579180641]]]},"properties":{"category":"classroom","name":{"ru":"Кабинет 211","en":"Classroom 211"},"alt_name":{"ru":"211","en":"211"},"restriction":null,"accessibility":null,"level_id":"d0b5e4eb-482d-4e66-a50e-4fa7c32115ec","display_point":{"type":"Point","coordinates":[30.37441736481858,60.008096198585747]}}},{"id":"2016e9a8-d9ab-49c8-9395-e22a4b437091","type":"Feature","feature_type":"unit","geometry":{"type":"Polygon","coordinates":[[[30.374414190516369,60.008128056328218],[30.374376222238066,60.008071817990853],[30.374221965128182,60.008097844743844],[30.374259933290269,60.008154083355656],[30.374414190516369,60.008128056328218]]]},"properties":{"category":"classroom","name":{"ru":"Кабинет 210","en":"Classroom 210"},"alt_name":{"ru":"210","en":"210"},"restriction":null,"accessibility":null,"level_id":"d0b5e4eb-482d-4e66-a50e-4fa7c32115ec","display_point":{"type":"Point","coordinates":[30.374292084163152,60.008117336814564]}}},{"id":"a3ed7ceb-bea0-4f2d-ad47-c7c13d78d3ad","type":"Feature","feature_type":"unit","geometry":{"type":"Polygon","coordinates":[[[30.374259933290269,60.008154083355656],[30.374221965128182,60.008097844743844],[30.374158809541122,60.008108500584818],[30.374158809541122,60.008108500584818],[30.374070264591463,60.0081234406085],[30.374108232639266,60.008179678671411],[30.374259933290269,60.008154083355656]]]},"properties":{"category":"laboratory","name":{"ru":"Лабораторная 209","en":"Lab 209"},"alt_name":{"ru":"209","en":"209"},"restriction":null,"accessibility":null,"level_id":"d0b5e4eb-482d-4e66-a50e-4fa7c32115ec","display_point":{"type":"Point","coordinates":[30.374167229451906,60.00813840258828]}}},{"id":"1eb418b0-d65e-4385-bd55-d5712b501914","type":"Feature","feature_type":"unit","geometry":{"type":"Polygon","coordinates":[[[30.374108232639266,60.008179678671411],[30.374070264591463,60.0081234406085],[30.37401231183328,60.008133218754651],[30.374050279837419,60.008189456817561],[30.374108232639266,60.008179678671411]]]},"properties":{"category":"classroom","name":{"ru":"Кабинет 208","en":"Classroom 208"},"alt_name":{"ru":"208","en":"208"},"restriction":null,"accessibility":null,"level_id":"d0b5e4eb-482d-4e66-a50e-4fa7c32115ec","display_point":{"type":"Point","coordinates":[30.374056011013817,60.008157167637862]}}},{"id":"5b4f89d7-96a3-4e73-a212-e6bcd52559f5","type":"Feature","feature_type":"unit","geometry":{"type":"Polygon","coordinates":[[[30.374009371579444,60.008196359264389],[30.373971403606134,60.008140120652577],[30.373917711888172,60.008149179462222],[30.373955679821027,60.008205418348481],[30.374009371579444,60.008196359264389]]]},"properties":{"category":"classroom","name":{"ru":"Кабинет 206","en":"Classroom 206"},"alt_name":{"ru":"206","en":"206"},"restriction":null,"accessibility":null,"level_id":"d0b5e4eb-482d-4e66-a50e-4fa7c32115ec","display_point":{"type":"Point","coordinates":[30.373963541717458,60.008172769637753]}}},{"id":"4c99fbf5-74c2-4036-a58d-7cfdc6ebf61f","type":"Feature","feature_type":"unit","geometry":{"type":"Polygon","coordinates":[[[30.374814204932363,60.008518069823573],[30.374697577537535,60.008537738091945],[30.374742449485634,60.008604201930858],[30.374859066004284,60.008584516646508],[30.374814204932363,60.008518069823573]]]},"properties":{"category":"laboratory","name":{"ru":"Лабораторная 234","en":"Lab 234"},"alt_name":{"ru":"234","en":"234"},"restriction":null,"accessibility":null,"level_id":"d0b5e4eb-482d-4e66-a50e-4fa7c32115ec","display_point":{"type":"Point","coordinates":[30.374776528156385,60.008559061300851]}}},{"id":"71432bf2-de12-443f-92af-459526d12d41","type":"Feature","feature_type":"unit","geometry":{"type":"Polygon","coordinates":[[[30.3748590714943,60.008584524880042],[30.374742449485634,60.008604201930858],[30.374775240750584,60.008652771553734],[30.374891862835128,60.008633094502926],[30.3748590714943,60.008584524880042]]]},"properties":{"category":"laboratory","name":{"ru":"Лабораторная 240","en":"Lab 240"},"alt_name":{"ru":"240","en":"240"},"restriction":null,"accessibility":null,"level_id":"d0b5e4eb-482d-4e66-a50e-4fa7c32115ec","display_point":{"type":"Point","coordinates":[30.374817156144065,60.008618647942441]}}},{"id":"89bdb369-6e6f-41de-a669-7ce761ce3304","type":"Feature","feature_type":"unit","geometry":{"type":"Polygon","coordinates":[[[30.374937885754537,60.008701262134672],[30.374821297327255,60.008720933147558],[30.374869440487924,60.008791116897577],[30.374917166838003,60.008783063951455],[30.374934713011626,60.008809052830188],[30.375002893358459,60.008797549484008],[30.374937885754537,60.008701262134672]]]},"properties":{"category":"classroom","name":{"ru":"Кабинет 242","en":"Classroom 242"},"alt_name":{"ru":"242","en":"242"},"restriction":null,"accessibility":null,"level_id":"d0b5e4eb-482d-4e66-a50e-4fa7c32115ec","display_point":{"type":"Point","coordinates":[30.374913899449705,60.008767163348693]}}},{"id":"f7ad46d3-10d2-4ebc-aa09-1d8c627d038a","type":"Feature","feature_type":"unit","geometry":{"type":"Polygon","coordinates":[[[30.374917166838003,60.008783063951455],[30.374869440487924,60.008791116897577],[30.374886986644931,60.0088171057763],[30.374934713011626,60.008809052830188],[30.374917166838003,60.008783063951455]]]},"properties":{"category":"classroom","name":{"ru":"Кабинет 245","en":"Classroom 245"},"alt_name":{"ru":"245","en":"245"},"restriction":null,"accessibility":null,"level_id":"d0b5e4eb-482d-4e66-a50e-4fa7c32115ec","display_point":{"type":"Point","coordinates":[30.374902076333598,60.008800084863879]}}},{"id":"5dba2e76-87a6-4e9d-826b-964e017ea720","type":"Feature","feature_type":"unit","geometry":{"type":"Polygon","coordinates":[[[30.374461538556474,60.0088281414577],[30.374396766861089,60.008839070103136],[30.374433585169982,60.008893604647653],[30.374498356912685,60.008882676002223],[30.374461538556474,60.0088281414577]]]},"properties":{"category":"classroom","name":{"ru":"Кабинет 264","en":"Classroom 264"},"alt_name":{"ru":"264","en":"264"},"restriction":null,"accessibility":null,"level_id":"d0b5e4eb-482d-4e66-a50e-4fa7c32115ec","display_point":{"type":"Point","coordinates":[30.374447562007393,60.008860873052676]}}},{"id":"9357d8b0-c24b-40fa-bf28-f7cebbb4f49b","type":"Feature","feature_type":"unit","geometry":{"type":"Polygon","coordinates":[[[30.374396766861089,60.008839070103136],[30.374302165999211,60.008855031634056],[30.374338984238989,60.008909566178581],[30.374433585169982,60.008893604647653],[30.374396766861089,60.008839070103136]]]},"properties":{"category":"laboratory","name":{"ru":"Лабораторная 263","en":"Lab 263"},"alt_name":{"ru":"263","en":"263"},"restriction":null,"accessibility":null,"level_id":"d0b5e4eb-482d-4e66-a50e-4fa7c32115ec","display_point":{"type":"Point","coordinates":[30.374367875977192,60.008874317866407]}}},{"id":"b960b62b-4d4c-41df-8453-5566bea62de1","type":"Feature","feature_type":"unit","geometry":{"type":"Polygon","coordinates":[[[30.374302165999211,60.008855031634056],[30.374144498252129,60.00888163363669],[30.37418131637672,60.008936168181215],[30.374338984238989,60.008909566178581],[30.374302165999211,60.008855031634056]]]},"properties":{"category":"laboratory","name":{"ru":"Лабораторная 262","en":"Lab 262"},"alt_name":{"ru":"262","en":"262"},"restriction":null,"accessibility":null,"level_id":"d0b5e4eb-482d-4e66-a50e-4fa7c32115ec","display_point":{"type":"Point","coordinates":[30.374241741499528,60.008895599907632]}}},{"id":"f6560034-ed12-43a6-b307-519459e80865","type":"Feature","feature_type":"unit","geometry":{"type":"Polygon","coordinates":[[[30.374392975380132,60.008940321176262],[30.374205478261089,60.008971956064379],[30.37424114578711,60.009024786267162],[30.374428643038854,60.008993151379038],[30.374392975380132,60.008940321176262]]]},"properties":{"category":"laboratory","name":{"ru":"Лабораторная 260","en":"Lab 260"},"alt_name":{"ru":"260","en":"260"},"restriction":null,"accessibility":null,"level_id":"d0b5e4eb-482d-4e66-a50e-4fa7c32115ec","display_point":{"type":"Point","coordinates":[30.374317060357594,60.008982553172807]}}},{"id":"6d6a06e5-d426-4ba0-8a74-e38634005776","type":"Feature","feature_type":"unit","geometry":{"type":"Polygon","coordinates":[[[30.375596362719115,60.008737282203526],[30.37541738921173,60.008767478967535],[30.375453057595472,60.008820309170318],[30.375632031229522,60.008790112406309],[30.375596362719115,60.008737282203526]]]},"properties":{"category":"classroom","name":{"ru":"Кабинет 249","en":"Classroom 249"},"alt_name":{"ru":"249","en":"249"},"restriction":null,"accessibility":null,"level_id":"d0b5e4eb-482d-4e66-a50e-4fa7c32115ec","display_point":{"type":"Point","coordinates":[30.375523857736709,60.008778938950428]}}},{"id":"ac6f9119-df02-4da4-bf98-fb4bb37e82df","type":"Feature","feature_type":"unit","geometry":{"type":"Polygon","coordinates":[[[30.375285116656958,60.008691083838727],[30.375226311253069,60.008701005248383],[30.375261979448346,60.008753835451166],[30.375320784893848,60.0087439134926],[30.375285116656958,60.008691083838727]]]},"properties":{"category":"classroom","name":{"ru":"Кабинет 250","en":"Classroom 250"},"alt_name":{"ru":"250","en":"250"},"restriction":null,"accessibility":null,"level_id":"d0b5e4eb-482d-4e66-a50e-4fa7c32115ec","display_point":{"type":"Point","coordinates":[30.375273548195391,60.008722459644943]}}},{"id":"6b669f9c-a1a4-44d0-8ad1-8b4f2659f6b1","type":"Feature","feature_type":"unit","geometry":{"type":"Polygon","coordinates":[[[30.375270801301504,60.008792211957726],[30.375111429434316,60.008819101585189],[30.375147097601516,60.008871931787965],[30.3753064695815,60.008845042160509],[30.375270801301504,60.008792211957726]]]},"properties":{"category":"laboratory","name":{"ru":"Лабораторная 252","en":"Lab 252"},"alt_name":{"ru":"252","en":"252"},"restriction":null,"accessibility":null,"level_id":"d0b5e4eb-482d-4e66-a50e-4fa7c32115ec","display_point":{"type":"Point","coordinates":[30.375208949214279,60.0088320715984]}}},{"id":"50b00a9c-f6bb-4335-ae89-2b623be676a6","type":"Feature","feature_type":"unit","geometry":{"type":"Polygon","coordinates":[[[30.375111429434316,60.008819101585189],[30.374956318540548,60.008845272150587],[30.374991986597969,60.008898102353371],[30.375147097601516,60.008871931787965],[30.375111429434316,60.008819101585189]]]},"properties":{"category":"classroom","name":{"ru":"Кабинет 253","en":"Classroom 253"},"alt_name":{"ru":"253","en":"253"},"restriction":null,"accessibility":null,"level_id":"d0b5e4eb-482d-4e66-a50e-4fa7c32115ec","display_point":{"type":"Point","coordinates":[30.375051708189059,60.008858601694826]}}},{"id":"b2085ff2-2e6d-4c0d-98b0-23a09431fa7c","type":"Feature","feature_type":"unit","geometry":{"type":"Polygon","coordinates":[[[30.374956318815048,60.008845272150587],[30.374906887489143,60.008853612172622],[30.374942555511581,60.008906442375405],[30.374991986872473,60.008898102353371],[30.374956318815048,60.008845272150587]]]},"properties":{"category":"classroom","name":{"ru":"Кабинет 254","en":"Classroom 254"},"alt_name":{"ru":"254","en":"254"},"restriction":null,"accessibility":null,"level_id":"d0b5e4eb-482d-4e66-a50e-4fa7c32115ec","display_point":{"type":"Point","coordinates":[30.374949437303748,60.008875856988546]}}},{"id":"00f1d63f-b0f6-4132-886a-2f1ba4b3669b","type":"Feature","feature_type":"unit","geometry":{"type":"Polygon","coordinates":[[[30.374906887489143,60.008853612172622],[30.374715129479036,60.0088859661228],[30.374750797365756,60.008938796874482],[30.374942555511581,60.008906442375405],[30.374906887489143,60.008853612172622]]]},"properties":{"category":"laboratory","name":{"ru":"Лабораторная 256","en":"Lab 256"},"alt_name":{"ru":"256","en":"256"},"restriction":null,"accessibility":null,"level_id":"d0b5e4eb-482d-4e66-a50e-4fa7c32115ec","display_point":{"type":"Point","coordinates":[30.374828842477708,60.008896204249105]}}},{"id":"43ca83f3-56d4-47d4-8858-c8fa2c24a537","type":"Feature","feature_type":"unit","geometry":{"type":"Polygon","coordinates":[[[30.374715129479036,60.0088859661228],[30.3745574615498,60.00891256867434],[30.374593129324932,60.008965398877116],[30.374750797365756,60.008938796874482],[30.374715129479036,60.0088859661228]]]},"properties":{"category":"classroom","name":{"ru":"Кабинет 257","en":"Classroom 257"},"alt_name":{"ru":"257","en":"257"},"restriction":null,"accessibility":null,"level_id":"d0b5e4eb-482d-4e66-a50e-4fa7c32115ec","display_point":{"type":"Point","coordinates":[30.374654129301366,60.008925681951055]}}},{"id":"2aa462aa-6eee-4818-82ad-bf46fc356360","type":"Feature","feature_type":"unit","geometry":{"type":"Polygon","coordinates":[[[30.3745574615498,60.00891256867434],[30.374508030397809,60.008920908696375],[30.374543698137959,60.008973738899158],[30.374593129324932,60.008965398877116],[30.3745574615498,60.00891256867434]]]},"properties":{"category":"classroom","name":{"ru":"Кабинет 258","en":"Classroom 258"},"alt_name":{"ru":"258","en":"258"},"restriction":null,"accessibility":null,"level_id":"d0b5e4eb-482d-4e66-a50e-4fa7c32115ec","display_point":{"type":"Point","coordinates":[30.37455057957256,60.0089431535123]}}},{"id":"c539a59d-23e3-4a70-bcaa-3c54147ed7d8","type":"Feature","feature_type":"unit","geometry":{"type":"Polygon","coordinates":[[[30.374508030397809,60.008920908696375],[30.374445815617111,60.008931405904576],[30.374481483313229,60.008984236107359],[30.374543698137959,60.008973738899158],[30.374508030397809,60.008920908696375]]]},"properties":{"category":"classroom","name":{"ru":"Кабинет 259","en":"Classroom 259"},"alt_name":{"ru":"259","en":"259"},"restriction":null,"accessibility":null,"level_id":"d0b5e4eb-482d-4e66-a50e-4fa7c32115ec","display_point":{"type":"Point","coordinates":[30.374494756861875,60.008952572127413]}}},{"id":"64982583-4d78-41fa-867d-c2fa1475f764","type":"Feature","feature_type":"unit","geometry":{"type":"Polygon","coordinates":[[[30.373709504255523,60.008955025720844],[30.373660413898779,60.008963308108136],[30.373697116381614,60.009017671944029],[30.373745866114568,60.00900944664258],[30.373709504255523,60.008955025720844]]]},"properties":{"category":"administration","name":{"ru":"Кабинет 257","en":"Classroom 257"},"alt_name":{"ru":"257","en":"257"},"restriction":null,"accessibility":null,"level_id":"d0b5e4eb-482d-4e66-a50e-4fa7c32115ec","display_point":{"type":"Point","coordinates":[30.373703225225242,60.008986364201704]}}},{"id":"19bee770-2821-4284-be44-b2f5ab0722a3","type":"Feature","feature_type":"unit","geometry":{"type":"Polygon","coordinates":[[[30.373660413898758,60.008963309205939],[30.373532358318286,60.00898492278418],[30.373569231449544,60.009039258077152],[30.373697116381592,60.009017673041839],[30.373660413898758,60.008963309205939]]]},"properties":{"category":"administration","name":{"ru":"Кабинет 259","en":"Classroom 259"},"alt_name":{"ru":"259","en":"259"},"restriction":null,"accessibility":null,"level_id":"d0b5e4eb-482d-4e66-a50e-4fa7c32115ec","display_point":{"type":"Point","coordinates":[30.373624485398118,60.008998890701825]}}},{"id":"98d71638-7fbe-4cc6-af01-1a010133a396","type":"Feature","feature_type":"unit","geometry":{"type":"Polygon","coordinates":[[[30.373928539920826,60.009017353031773],[30.373808711761832,60.009037570751381],[30.373845184654055,60.009091593718935],[30.373965012899774,60.009071375999326],[30.373928539920826,60.009017353031773]]]},"properties":{"category":"administration","name":{"ru":"Кабинет 253","en":"Classroom 253"},"alt_name":{"ru":"253","en":"253"},"restriction":null,"accessibility":null,"level_id":"d0b5e4eb-482d-4e66-a50e-4fa7c32115ec","display_point":{"type":"Point","coordinates":[30.373857450854125,60.009058296754553]}}},{"id":"41e205c6-be21-4ae9-a3ec-e15d9ac24320","type":"Feature","feature_type":"unit","geometry":{"type":"Polygon","coordinates":[[[30.373691667006923,60.009057129239288],[30.373632007604439,60.009067194461359],[30.373668766124226,60.009121359045707],[30.373728254004668,60.009111322366564],[30.373691667006923,60.009057129239288]]]},"properties":{"category":"administration","name":{"ru":"251 Стипендиальный отдел ","en":"251"},"alt_name":{"ru":"251","en":"251"},"restriction":null,"accessibility":null,"level_id":"d0b5e4eb-482d-4e66-a50e-4fa7c32115ec","display_point":{"type":"Point","coordinates":[30.373677678801513,60.009088438628325]}}},{"id":"3b927c8a-b036-4a43-b45a-2e93d024e7ec","type":"Feature","feature_type":"unit","geometry":{"type":"Polygon","coordinates":[[[30.373632007604439,60.009067194461359],[30.373482578335675,60.009092501054489],[30.373519108361233,60.0091466096508],[30.373668766124226,60.009121359045707],[30.373632007604439,60.009067194461359]]]},"properties":{"category":"administration","name":{"ru":"Кабинет 250","en":"Classroom 250"},"alt_name":{"ru":"250","en":"250"},"restriction":null,"accessibility":null,"level_id":"d0b5e4eb-482d-4e66-a50e-4fa7c32115ec","display_point":{"type":"Point","coordinates":[30.373575615250441,60.009106915778638]}}},{"id":"673af23e-08f4-4e79-9f66-f8c9a1119870","type":"Feature","feature_type":"unit","geometry":{"type":"Polygon","coordinates":[[[30.373482578335675,60.009092501054489],[30.373284001058753,60.009126005503951],[30.373320530940365,60.009180114100268],[30.373519108361233,60.0091466096508],[30.373482578335675,60.009092501054489]]]},"properties":{"category":"administration","name":{"ru":"Кабинет 247","en":"Classroom 247"},"alt_name":{"ru":"247","en":"247"},"restriction":null,"accessibility":null,"level_id":"d0b5e4eb-482d-4e66-a50e-4fa7c32115ec","display_point":{"type":"Point","coordinates":[30.373401554828941,60.009136307302924]}}},{"id":"ad2c5b77-1581-4280-938c-c5fa3d45daf4","type":"Feature","feature_type":"unit","geometry":{"type":"Polygon","coordinates":[[[30.373284001058753,60.009126005503951],[30.373221274488131,60.009136588889824],[30.37325780432429,60.009190696937232],[30.373320530940365,60.009180114100268],[30.373284001058753,60.009126005503951]]]},"properties":{"category":"administration","name":{"ru":"Кабинет 244","en":"Classroom 244"},"alt_name":{"ru":"244","en":"244"},"restriction":null,"accessibility":null,"level_id":"d0b5e4eb-482d-4e66-a50e-4fa7c32115ec","display_point":{"type":"Point","coordinates":[30.373272000888047,60.009156885102463]}}},{"id":"10bee90e-dc36-4766-92eb-5a466f5ae2ff","type":"Feature","feature_type":"unit","geometry":{"type":"Polygon","coordinates":[[[30.373251044135497,60.008331900266221],[30.373268678392321,60.008328924666678],[30.373226109156736,60.008265869511249],[30.373173269561534,60.008274784782927],[30.373215838752486,60.008337839938356],[30.373251044135497,60.008331900266221]]]},"properties":{"category":"stairs","name":null,"alt_name":null,"restriction":null,"accessibility":null,"level_id":"d0b5e4eb-482d-4e66-a50e-4fa7c32115ec","display_point":{"type":"Point","coordinates":[30.373226006677861,60.008290185335667]}}},{"id":"c48a5e24-652d-4c4e-bc34-61eeee46fc3d","type":"Feature","feature_type":"unit","geometry":{"type":"Polygon","coordinates":[[[30.373691667006923,60.009057129239288],[30.373728254004668,60.009111322366564],[30.373782799140365,60.009102119470057],[30.373746211279521,60.00904792579388],[30.373691667006923,60.009057129239288]]]},"properties":{"category":"stairs","name":null,"alt_name":null,"restriction":null,"accessibility":null,"level_id":"d0b5e4eb-482d-4e66-a50e-4fa7c32115ec","display_point":{"type":"Point","coordinates":[30.373734339488916,60.0090958680214]}}},{"id":"4bfa7451-8c72-4968-9351-420c7c212217","type":"Feature","feature_type":"unit","geometry":{"type":"Polygon","coordinates":[[[30.374392975380132,60.008940321176262],[30.374428643038854,60.008993151379038],[30.374481483313229,60.008984236107359],[30.374445815617111,60.008931405904576],[30.374392975380132,60.008940321176262]]]},"properties":{"category":"stairs","name":null,"alt_name":null,"restriction":null,"accessibility":null,"level_id":"d0b5e4eb-482d-4e66-a50e-4fa7c32115ec","display_point":{"type":"Point","coordinates":[30.374435648197512,60.008979059958364]}}},{"id":"33c19a2c-dd69-4235-91f5-7bb35567ff00","type":"Feature","feature_type":"unit","geometry":{"type":"Polygon","coordinates":[[[30.375364549236668,60.00877639423922],[30.375400217034002,60.008829223893095],[30.375453057046464,60.008820308621416],[30.37541738921173,60.008767478967535],[30.375364549236668,60.00877639423922]]]},"properties":{"category":"stairs","name":null,"alt_name":null,"restriction":null,"accessibility":null,"level_id":"d0b5e4eb-482d-4e66-a50e-4fa7c32115ec","display_point":{"type":"Point","coordinates":[30.375407222517325,60.008815133570224]}}},{"id":"23911365-a9d7-48f4-b023-5fbe4cdafd08","type":"Feature","feature_type":"unit","geometry":{"type":"Polygon","coordinates":[[[30.374935766343778,60.008040053836233],[30.374897797672524,60.007983815773322],[30.374843253888663,60.007993018120921],[30.374881222518823,60.00804925673274],[30.374935766343778,60.008040053836233]]]},"properties":{"category":"stairs","name":null,"alt_name":null,"restriction":null,"accessibility":null,"level_id":"d0b5e4eb-482d-4e66-a50e-4fa7c32115ec","display_point":{"type":"Point","coordinates":[30.37489138892548,60.008001601581142]}}},{"id":"495261ec-aa74-4f06-8bf8-586ea45dfcef","type":"Feature","feature_type":"unit","geometry":{"type":"Polygon","coordinates":[[[30.374451991136269,60.008290914277964],[30.374433409613115,60.00826339121722],[30.374327730463389,60.008281221760583],[30.374346311947576,60.008308744821328],[30.374451991136269,60.008290914277964]]]},"properties":{"category":"restroom","name":{"ru":"Туалет мужской","en":"Restroom male"},"alt_name":{"ru":"Туалет М.","en":"Restroom M."},"restriction":null,"accessibility":null,"level_id":"d0b5e4eb-482d-4e66-a50e-4fa7c32115ec","display_point":{"type":"Point","coordinates":[30.374395674390247,60.008291303998618]}}},{"id":"60fe99f6-2227-4e6e-9077-e35281f7517f","type":"Feature","feature_type":"unit","geometry":{"type":"Polygon","coordinates":[[[30.372349289480475,60.008483667369894],[30.372306780848081,60.008420981625733],[30.372261440693446,60.008428631677539],[30.372303779095976,60.008491345964622],[30.372349289480475,60.008483667369894]]]},"properties":{"category":"administration","name":{"ru":"Кабинет 218","en":"Classroom 218"},"alt_name":{"ru":"218","en":"218"},"restriction":null,"accessibility":null,"level_id":"d0b5e4eb-482d-4e66-a50e-4fa7c32115ec","display_point":{"type":"Point","coordinates":[30.372305438490542,60.008456327093619]}}},{"id":"75236dd3-ef4e-4cbc-94fa-546a8b0cd739","type":"Feature","feature_type":"unit","geometry":{"type":"Polygon","coordinates":[[[30.372303779095976,60.008491345964622],[30.372261440693446,60.008428631677539],[30.372176954230387,60.008442981631212],[30.372219234920312,60.008505610289532],[30.372303779095976,60.008491345964622]]]},"properties":{"category":"stairs","name":null,"alt_name":null,"restriction":null,"accessibility":null,"level_id":"d0b5e4eb-482d-4e66-a50e-4fa7c32115ec","display_point":{"type":"Point","coordinates":[30.372245481777181,60.008455053640212]}}},{"id":"92922181-bdc2-487d-b1ae-32c6a935d4f0","type":"Feature","feature_type":"unit","geometry":{"type":"Polygon","coordinates":[[[30.372800411749644,60.008513193924152],[30.372784131881119,60.008489080095792],[30.372673565774228,60.00850782950166],[30.372690248279831,60.008532540535761],[30.372800411749644,60.008513193924152]]]},"properties":{"category":"classroom","name":null,"alt_name":null,"restriction":"restricted","accessibility":null,"level_id":"d0b5e4eb-482d-4e66-a50e-4fa7c32115ec","display_point":{"type":"Point","coordinates":[30.372737089908014,60.008510660739887]}}},{"id":"b81f2b11-9f6b-4b0f-821b-ee06b8767927","type":"Feature","feature_type":"unit","geometry":{"type":"Polygon","coordinates":[[[30.372783903498121,60.00848902300995],[30.372755831114915,60.008447440913763],[30.372645435810206,60.00846616177671],[30.372673508406439,60.0085077444218],[30.372783903498121,60.00848902300995]]]},"properties":{"category":"administration","name":{"ru":"Кабинет 221","en":"Classroom 221"},"alt_name":{"ru":"221","en":"221"},"restriction":null,"accessibility":null,"level_id":"d0b5e4eb-482d-4e66-a50e-4fa7c32115ec","display_point":{"type":"Point","coordinates":[30.372707305841107,60.008466614072233]}}},{"id":"73686f77-56d8-411a-83c3-9a3c4ea1aacf","type":"Feature","feature_type":"unit","geometry":{"type":"Polygon","coordinates":[[[30.372816746536742,60.008537109049868],[30.372800411749644,60.008513193924152],[30.372689845607042,60.008531943878921],[30.372705952799119,60.008555802467704],[30.372816746536742,60.008537109049868]]]},"properties":{"category":"administration","name":{"ru":"Кабинет 222","en":"Classroom 222"},"alt_name":{"ru":"222","en":"222"},"restriction":null,"accessibility":null,"level_id":"d0b5e4eb-482d-4e66-a50e-4fa7c32115ec","display_point":{"type":"Point","coordinates":[30.372753239385364,60.008534512741839]}}},{"id":"7208a7a8-dd79-4b79-9d8e-f3e23418bc88","type":"Feature","feature_type":"unit","geometry":{"type":"Polygon","coordinates":[[[30.372847637992308,60.0085828666461],[30.372816746536742,60.008537109049868],[30.372705952799119,60.008555802467704],[30.372736731362792,60.008601674235614],[30.372847637992308,60.0085828666461]]]},"properties":{"category":"administration","name":{"ru":"Кабинет 223","en":"Classroom 223"},"alt_name":{"ru":"223","en":"223"},"restriction":null,"accessibility":null,"level_id":"d0b5e4eb-482d-4e66-a50e-4fa7c32115ec","display_point":{"type":"Point","coordinates":[30.372784207103454,60.008580383411946]}}},{"id":"3ba7e2de-c4c3-4cdd-8d6c-394a0172fdd4","type":"Feature","feature_type":"unit","geometry":{"type":"Polygon","coordinates":[[[30.372863860264427,60.0086068959435],[30.372847637992308,60.0085828666461],[30.372736731362792,60.008601674235614],[30.372752953599235,60.008625703533021],[30.372863860264427,60.0086068959435]]]},"properties":{"category":"administration","name":{"ru":"Кабинет 225","en":"Classroom 225"},"alt_name":{"ru":"225","en":"225"},"restriction":null,"accessibility":null,"level_id":"d0b5e4eb-482d-4e66-a50e-4fa7c32115ec","display_point":{"type":"Point","coordinates":[30.372800296497346,60.008604285364008]}}},{"id":"5cfb2f2b-e150-4f1b-a361-e2fbf78f9e99","type":"Feature","feature_type":"unit","geometry":{"type":"Polygon","coordinates":[[[30.372894694142477,60.008652568459873],[30.372863860264427,60.0086068959435],[30.372752953599235,60.008625703533021],[30.372783674859978,60.008671489672167],[30.372894694142477,60.008652568459873]]]},"properties":{"category":"administration","name":{"ru":"Кабинет 226","en":"Classroom 226"},"alt_name":{"ru":"226","en":"226"},"restriction":null,"accessibility":null,"level_id":"d0b5e4eb-482d-4e66-a50e-4fa7c32115ec","display_point":{"type":"Point","coordinates":[30.372823796268129,60.008639164264913]}}},{"id":"99a16a4e-f650-4da3-b72d-3e889e598bb4","type":"Feature","feature_type":"unit","geometry":{"type":"Polygon","coordinates":[[[30.372910916723288,60.008676597757272],[30.372894694142477,60.008652568459873],[30.372783674859978,60.008671489672167],[30.3727998397625,60.008695433340804],[30.372910916723288,60.008676597757272]]]},"properties":{"category":"classroom","name":null,"alt_name":null,"restriction":"restricted","accessibility":null,"level_id":"d0b5e4eb-482d-4e66-a50e-4fa7c32115ec","display_point":{"type":"Point","coordinates":[30.372847281515767,60.008674022307531]}}},{"id":"2b44ff5b-81a1-4705-b603-8fcb6c6164c4","type":"Feature","feature_type":"unit","geometry":{"type":"Polygon","coordinates":[[[30.372927081398618,60.00870054142591],[30.372910859080562,60.00867651212851],[30.3727998397625,60.008695433340804],[30.372816004676693,60.008719378107251],[30.372927081398618,60.00870054142591]]]},"properties":{"category":"administration","name":{"ru":"Кабинет 228","en":"Classroom 228"},"alt_name":{"ru":"228","en":"228"},"restriction":null,"accessibility":null,"level_id":"d0b5e4eb-482d-4e66-a50e-4fa7c32115ec","display_point":{"type":"Point","coordinates":[30.372863446167415,60.008697966525069]}}},{"id":"533cf044-1caf-45be-818c-85b92917a198","type":"Feature","feature_type":"unit","geometry":{"type":"Polygon","coordinates":[[[30.372945200185828,60.008727098418554],[30.372927081398618,60.00870054142591],[30.372816004676693,60.008719378107251],[30.372833895040532,60.008745878014054],[30.372945200185828,60.008727098418554]]]},"properties":{"category":"classroom","name":null,"alt_name":null,"restriction":"restricted","accessibility":null,"level_id":"d0b5e4eb-482d-4e66-a50e-4fa7c32115ec","display_point":{"type":"Point","coordinates":[30.372880544096336,60.008723221521379]}}},{"id":"106ed414-8c06-4241-9650-1d53565fb88a","type":"Feature","feature_type":"unit","geometry":{"type":"Polygon","coordinates":[[[30.373008649385419,60.0088208004379],[30.372945029444683,60.008727126961475],[30.372806622555458,60.0087504794623],[30.372869901388686,60.008844210024577],[30.373008649385419,60.0088208004379]]]},"properties":{"category":"administration","name":{"ru":"Кабинет 231","en":"Classroom 231"},"alt_name":{"ru":"231","en":"231"},"restriction":null,"accessibility":null,"level_id":"d0b5e4eb-482d-4e66-a50e-4fa7c32115ec","display_point":{"type":"Point","coordinates":[30.372907547938432,60.008785650379245]}}},{"id":"99204703-8612-4286-b8c7-53d14e758ee0","type":"Feature","feature_type":"unit","geometry":{"type":"Polygon","coordinates":[[[30.373758594599984,60.008946742784644],[30.373709504255523,60.008955025720844],[30.373746206774111,60.009009389556738],[30.373794956220351,60.009001164255288],[30.373758594599984,60.008946742784644]]]},"properties":{"category":"administration","name":{"ru":"Кабинет 256","en":"Classroom 256"},"alt_name":{"ru":"256","en":"256"},"restriction":null,"accessibility":null,"level_id":"d0b5e4eb-482d-4e66-a50e-4fa7c32115ec","display_point":{"type":"Point","coordinates":[30.373752315593748,60.008978081265504]}}},{"id":"975b78f2-8bd3-4aed-9e9c-b0c71840de5f","type":"Feature","feature_type":"unit","geometry":{"type":"Polygon","coordinates":[[[30.373868365894349,60.008928223368855],[30.373801207741941,60.0089395543597],[30.373837910327314,60.0089939181956],[30.373905068528636,60.008982587204756],[30.373868365894349,60.008928223368855]]]},"properties":{"category":"administration","name":{"ru":"Кабинет 254","en":"Classroom 254"},"alt_name":{"ru":"254","en":"254"},"restriction":null,"accessibility":null,"level_id":"d0b5e4eb-482d-4e66-a50e-4fa7c32115ec","display_point":{"type":"Point","coordinates":[30.373853138118413,60.008961069684425]}}},{"id":"b9a9a213-4757-4953-aa2b-948a2e3d0b59","type":"Feature","feature_type":"unit","geometry":{"type":"Polygon","coordinates":[[[30.373808711761832,60.009037570751381],[30.37374632629329,60.009048096502511],[30.373782799140365,60.009102119470057],[30.373845184654055,60.009091593718935],[30.373808711761832,60.009037570751381]]]},"properties":{"category":"administration","name":{"ru":"Кабинет 252","en":"Classroom 252"},"alt_name":{"ru":"252","en":"252"},"restriction":null,"accessibility":null,"level_id":"d0b5e4eb-482d-4e66-a50e-4fa7c32115ec","display_point":{"type":"Point","coordinates":[30.373794724164977,60.009068879591517]}}},{"id":"030ea704-0c01-4a9d-9886-bcd509e64375","type":"Feature","feature_type":"unit","geometry":{"type":"Polygon","coordinates":[[[30.373321550705537,60.00898194718463],[30.37330210645338,60.008953146279254],[30.373191437878749,60.008971828170139],[30.373210926558173,60.009000612059545],[30.373321550705537,60.00898194718463]]]},"properties":{"category":"restroom","name":{"ru":"Туалет женский","en":"Restroom female"},"alt_name":{"ru":"Туалет Ж.","en":"Restroom F."},"restriction":null,"accessibility":null,"level_id":"d0b5e4eb-482d-4e66-a50e-4fa7c32115ec","display_point":{"type":"Point","coordinates":[30.373256206442825,60.008977965996017]}}},{"id":"8267ea0f-75bf-4fd5-ad70-f2859676739b","type":"Feature","feature_type":"unit","geometry":{"type":"Polygon","coordinates":[[[30.37330210645338,60.008953146279254],[30.373270406961108,60.008905911586851],[30.373159612733929,60.00892460500468],[30.3731914823487,60.008971811154161],[30.37330210645338,60.008953146279254]]]},"properties":{"category":"administration","name":{"ru":"Кабинет 237","en":"Classroom 237"},"alt_name":{"ru":"237","en":"237"},"restriction":null,"accessibility":null,"level_id":"d0b5e4eb-482d-4e66-a50e-4fa7c32115ec","display_point":{"type":"Point","coordinates":[30.373230874401433,60.008938875916421]}}},{"id":"6465ee96-f75e-4ea3-9e6d-8b4d9073f79d","type":"Feature","feature_type":"unit","geometry":{"type":"Polygon","coordinates":[[[30.373270406961108,60.008905911586851],[30.373250733003676,60.008876769813121],[30.373139938819751,60.008895463230957],[30.373159544656904,60.00892461653163],[30.373270406961108,60.008905911586851]]]},"properties":{"category":"restroom","name":{"ru":"Туалет мужской","en":"Restroom male"},"alt_name":{"ru":"Туалет М.","en":"Restroom M."},"restriction":null,"accessibility":null,"level_id":"d0b5e4eb-482d-4e66-a50e-4fa7c32115ec","display_point":{"type":"Point","coordinates":[30.373203735056084,60.008900075657252]}}},{"id":"bdad0de7-0773-4809-aa1f-c83a92cb2fff","type":"Feature","feature_type":"unit","geometry":{"type":"Polygon","coordinates":[[[30.372843658625072,60.008400635462984],[30.372801430679925,60.008337522672811],[30.372697796286893,60.0083550079566],[30.372740420257539,60.008417864409388],[30.372843658625072,60.008400635462984]]]},"properties":{"category":"classroom","name":null,"alt_name":null,"restriction":"restricted","accessibility":null,"level_id":"d0b5e4eb-482d-4e66-a50e-4fa7c32115ec","display_point":{"type":"Point","coordinates":[30.372770405577068,60.008377876325575]}}},{"id":"85138249-0c9f-40d0-b0b8-b46925bcc005","type":"Feature","feature_type":"unit","geometry":{"type":"Polygon","coordinates":[[[30.372893771735843,60.008392180171455],[30.372851032076792,60.008329153558947],[30.372801430679925,60.008337522672811],[30.372843999556761,60.008400578377142],[30.372893771735843,60.008392180171455]]]},"properties":{"category":"administration","name":{"ru":"Кабинет 214","en":"Classroom 214"},"alt_name":{"ru":"214","en":"214"},"restriction":null,"accessibility":null,"level_id":"d0b5e4eb-482d-4e66-a50e-4fa7c32115ec","display_point":{"type":"Point","coordinates":[30.372847558778243,60.008364858557862]}}},{"id":"507db0bb-bcc5-4f92-9d28-d13be27aa211","type":"Feature","feature_type":"unit","geometry":{"type":"Polygon","coordinates":[[[30.372993314958059,60.008375384857885],[30.372951086886236,60.00831227206772],[30.372851032076792,60.008329153558947],[30.372893260063904,60.008392266898021],[30.372993314958059,60.008375384857885]]]},"properties":{"category":"administration","name":{"ru":"Кабинет 213","en":"Classroom 213"},"alt_name":{"ru":"213","en":"213"},"restriction":null,"accessibility":null,"level_id":"d0b5e4eb-482d-4e66-a50e-4fa7c32115ec","display_point":{"type":"Point","coordinates":[30.372922173904303,60.00835226948287]}}},{"id":"56029550-4f67-41a4-a237-d127f5af85d7","type":"Feature","feature_type":"unit","geometry":{"type":"Polygon","coordinates":[[[30.3730263825601,60.008369805814581],[30.372983642789141,60.008306779202073],[30.372951086886236,60.00831227206772],[30.372993655889488,60.008375327772043],[30.3730263825601,60.008369805814581]]]},"properties":{"category":"administration","name":{"ru":"Кабинет 212","en":"Classroom 212"},"alt_name":{"ru":"212","en":"212"},"restriction":null,"accessibility":null,"level_id":"d0b5e4eb-482d-4e66-a50e-4fa7c32115ec","display_point":{"type":"Point","coordinates":[30.372988691747242,60.00834104662578]}}},{"id":"48b39e62-e091-4492-9c23-38d170543462","type":"Feature","feature_type":"unit","geometry":{"type":"Polygon","coordinates":[[[30.373142629696584,60.008350192436446],[30.373099890376547,60.008287165275036],[30.373054550405367,60.008294815326842],[30.37309711949602,60.008357871031173],[30.373142629696584,60.008350192436446]]]},"properties":{"category":"administration","name":{"ru":"Кабинет 209","en":"Classroom 209"},"alt_name":{"ru":"209","en":"209"},"restriction":null,"accessibility":null,"level_id":"d0b5e4eb-482d-4e66-a50e-4fa7c32115ec","display_point":{"type":"Point","coordinates":[30.373094286258006,60.008323230353881]}}},{"id":"477f3dbb-513d-48c1-8ca0-2f7b04dc805f","type":"Feature","feature_type":"unit","geometry":{"type":"Polygon","coordinates":[[[30.37321575338246,60.008337854758722],[30.3731730134517,60.008274828146213],[30.373099890376547,60.008287165275036],[30.373142459505498,60.008350220979366],[30.37321575338246,60.008337854758722]]]},"properties":{"category":"administration","name":{"ru":"Кабинет 208","en":"Classroom 208"},"alt_name":{"ru":"208","en":"208"},"restriction":null,"accessibility":null,"level_id":"d0b5e4eb-482d-4e66-a50e-4fa7c32115ec","display_point":{"type":"Point","coordinates":[30.37314657223282,60.008314408395591]}}},{"id":"695ee493-68c2-4b7e-9fef-47e46bf9460d","type":"Feature","feature_type":"unit","geometry":{"type":"Polygon","coordinates":[[[30.373322455715051,60.008319851311121],[30.373279886434037,60.008256796155692],[30.373243164748285,60.00826299161632],[30.373227387235012,60.008265653792627],[30.373226194526652,60.008265855239785],[30.373268763762308,60.008328910395214],[30.373322455715051,60.008319851311121]]]},"properties":{"category":"administration","name":{"ru":"Кабинет 207","en":"Classroom 207"},"alt_name":{"ru":"207","en":"207"},"restriction":null,"accessibility":null,"level_id":"d0b5e4eb-482d-4e66-a50e-4fa7c32115ec","display_point":{"type":"Point","coordinates":[30.373275774331482,60.008292608739467]}}},{"id":"bf24ad6d-ec41-4e8f-b900-95f5f17c4583","type":"Feature","feature_type":"unit","geometry":{"type":"Polygon","coordinates":[[[30.37337325001597,60.008311281299008],[30.37333068069206,60.008248225594677],[30.373279886434037,60.008256796155692],[30.373322455715051,60.008319851311121],[30.37337325001597,60.008311281299008]]]},"properties":{"category":"administration","name":{"ru":"Кабинет 206","en":"Classroom 206"},"alt_name":{"ru":"206","en":"206"},"restriction":null,"accessibility":null,"level_id":"d0b5e4eb-482d-4e66-a50e-4fa7c32115ec","display_point":{"type":"Point","coordinates":[30.373326568068528,60.008284038727346]}}},{"id":"b6d80efc-3d3b-43e9-ba07-87670f2bbae6","type":"Feature","feature_type":"unit","geometry":{"type":"Polygon","coordinates":[[[30.373445521289174,60.008299087433691],[30.373402951904218,60.008236031729361],[30.37333068069206,60.008248225594677],[30.37337325001597,60.008311281299008],[30.373445521289174,60.008299087433691]]]},"properties":{"category":"administration","name":{"ru":"Кабинет 205","en":"Classroom 205"},"alt_name":{"ru":"205","en":"205"},"restriction":null,"accessibility":null,"level_id":"d0b5e4eb-482d-4e66-a50e-4fa7c32115ec","display_point":{"type":"Point","coordinates":[30.373377362615908,60.008275468715233]}}},{"id":"2017386f-7252-4b56-aef0-8dd69f3e5d39","type":"Feature","feature_type":"unit","geometry":{"type":"Polygon","coordinates":[[[30.373500804379486,60.008380973781435],[30.373464970352352,60.0083278954748],[30.373352131836995,60.0083469336033],[30.373387965783881,60.008400012458836],[30.373500804379486,60.008380973781435]]]},"properties":{"category":"administration","name":{"ru":"Кабинет 204","en":"Classroom 204"},"alt_name":{"ru":"204","en":"204"},"restriction":null,"accessibility":null,"level_id":"d0b5e4eb-482d-4e66-a50e-4fa7c32115ec","display_point":{"type":"Point","coordinates":[30.373436056850853,60.008367892341049]}}},{"id":"261bf569-9507-4426-8c51-6566a4f8ddb2","type":"Feature","feature_type":"unit","geometry":{"type":"Polygon","coordinates":[[[30.373387965783881,60.008400012458836],[30.373352131836995,60.0083469336033],[30.37330133723145,60.008355504164314],[30.373337171142229,60.008408582470949],[30.373387965783881,60.008400012458836]]]},"properties":{"category":"classroom","name":{"ru":"Кабинет ","en":"Classroom "},"alt_name":null,"restriction":"restricted","accessibility":null,"level_id":"d0b5e4eb-482d-4e66-a50e-4fa7c32115ec","display_point":{"type":"Point","coordinates":[30.373348019218938,60.008382746735968]}}},{"id":"45198cfc-f691-4229-a8fb-9ecbb42345f1","type":"Feature","feature_type":"unit","geometry":{"type":"Polygon","coordinates":[[[30.373337171142229,60.008408582470949],[30.37330133723145,60.008355504164314],[30.373254803977691,60.008363355663278],[30.373290637855384,60.008416433969913],[30.373337171142229,60.008408582470949]]]},"properties":{"category":"administration","name":{"ru":"Кабинет 203","en":"Classroom 203"},"alt_name":{"ru":"203","en":"203"},"restriction":null,"accessibility":null,"level_id":"d0b5e4eb-482d-4e66-a50e-4fa7c32115ec","display_point":{"type":"Point","coordinates":[30.373297225134358,60.00839131729699]}}},{"id":"5e510528-af70-44c1-9534-ba1d22a93810","type":"Feature","feature_type":"unit","geometry":{"type":"Polygon","coordinates":[[[30.373290637855384,60.008416433969913],[30.373254803977691,60.008363355663278],[30.373204009895939,60.008371925675391],[30.373239843737515,60.008425003982026],[30.373290637855384,60.008416433969913]]]},"properties":{"category":"administration","name":{"ru":"Кабинет 202","en":"Classroom 202"},"alt_name":{"ru":"202","en":"202"},"restriction":null,"accessibility":null,"level_id":"d0b5e4eb-482d-4e66-a50e-4fa7c32115ec","display_point":{"type":"Point","coordinates":[30.373250691854931,60.008399168247045]}}},{"id":"5ff0843c-4b69-4b69-a089-916ae7b1132d","type":"Feature","feature_type":"unit","geometry":{"type":"Polygon","coordinates":[[[30.373239843737515,60.008425003982026],[30.373204009895939,60.008371925675391],[30.373142988135385,60.008382221436435],[30.373178821933571,60.00843529974307],[30.373239843737515,60.008425003982026]]]},"properties":{"category":"administration","name":{"ru":"Кабинет 201","en":"Classroom 201"},"alt_name":{"ru":"201","en":"201"},"restriction":null,"accessibility":null,"level_id":"d0b5e4eb-482d-4e66-a50e-4fa7c32115ec","display_point":{"type":"Point","coordinates":[30.373199897196145,60.008407738259159]}}},{"id":"e2cc3733-6d6d-4b62-bd7f-e6853c78bdc7","type":"Feature","feature_type":"unit","geometry":{"type":"Polygon","coordinates":[[[30.373353087671486,60.008762694185904],[30.373325762530364,60.008722219225724],[30.37323763875704,60.0087370878921],[30.373233151370972,60.008730441233759],[30.373200083606079,60.008736020277063],[30.373197380142088,60.00873201603455],[30.373186470831516,60.008733856504072],[30.373220986746563,60.008784982365107],[30.373353087671486,60.008762694185904]]]},"properties":{"category":"classroom","name":{"ru":"Кабинет 2","en":"Classroom 2"},"alt_name":{"ru":"2","en":"2"},"restriction":null,"accessibility":null,"level_id":"d0b5e4eb-482d-4e66-a50e-4fa7c32115ec","display_point":{"type":"Point","coordinates":[30.373244320273752,60.008742414440334]}}},{"id":"64e83679-0d8d-4209-a1d9-a3a7604b89b7","type":"Feature","feature_type":"unit","geometry":{"type":"Polygon","coordinates":[[[30.373180200356813,60.0087245679788],[30.373251279126347,60.008712575560644],[30.373257376954722,60.008721608297428],[30.373467885124452,60.008686091023108],[30.373471451608019,60.008691373659154],[30.373607740624625,60.008668378493745],[30.373617733837037,60.008683113776861],[30.373519755800555,60.0086996445195],[30.373518489838659,60.00869776946913],[30.373454229239758,60.0087086119369],[30.373449339702173,60.00870136917063],[30.37323763875704,60.0087370878921],[30.373233151370972,60.008730441233759],[30.373200083606079,60.008736020277063],[30.373197380142088,60.00873201603455],[30.373186470831516,60.008733856504072],[30.373180200356813,60.0087245679788]]]},"properties":{"category":"walkway","name":null,"alt_name":null,"restriction":null,"accessibility":null,"level_id":"d0b5e4eb-482d-4e66-a50e-4fa7c32115ec","display_point":{"type":"Point","coordinates":[30.373109926281469,60.008691909387835]}}},{"id":"cd1ae00a-b7d4-4cf1-a397-a7e3d494a4df","type":"Feature","feature_type":"unit","geometry":{"type":"Polygon","coordinates":[[[30.373251279126347,60.008712575560644],[30.3732287862103,60.008679258835777],[30.373157707472494,60.008691251253936],[30.373180200356813,60.0087245679788],[30.373251279126347,60.008712575560644]]]},"properties":{"category":"classroom","name":{"ru":"Кабинет 1","en":"Classroom 1"},"alt_name":{"ru":"1","en":"1"},"restriction":null,"accessibility":null,"level_id":"d0b5e4eb-482d-4e66-a50e-4fa7c32115ec","display_point":{"type":"Point","coordinates":[30.373204494115377,60.00870191368174]}}},{"id":"b1e57766-5db7-4623-8b9c-df4150099591","type":"Feature","feature_type":"unit","geometry":{"type":"Polygon","coordinates":[[[30.373376693585111,60.008701478402195],[30.373348103047498,60.008659128940543],[30.373228786759263,60.008679260482488],[30.373257377229198,60.008721609395231],[30.373376693585111,60.008701478402195]]]},"properties":{"category":"classroom","name":{"ru":"Кабинет 3","en":"Classroom 3"},"alt_name":{"ru":"3","en":"3"},"restriction":null,"accessibility":null,"level_id":"d0b5e4eb-482d-4e66-a50e-4fa7c32115ec","display_point":{"type":"Point","coordinates":[30.373302740022563,60.008690367521183]}}},{"id":"ea6bb18d-81f5-40f3-801e-049a693d6cad","type":"Feature","feature_type":"unit","geometry":{"type":"Polygon","coordinates":[[[30.373415643125416,60.008752139891861],[30.373388317950376,60.008711664931674],[30.373325762530364,60.008722219225724],[30.373353087671486,60.008762694185904],[30.373415643125416,60.008752139891861]]]},"properties":{"category":"classroom","name":{"ru":"Кабинет 4","en":"Classroom 4"},"alt_name":{"ru":"4","en":"4"},"restriction":null,"accessibility":null,"level_id":"d0b5e4eb-482d-4e66-a50e-4fa7c32115ec","display_point":{"type":"Point","coordinates":[30.373372548124234,60.008732881653529]}}},{"id":"74d6faf0-70b8-4ede-8d62-80b1e07c10f9","type":"Feature","feature_type":"unit","geometry":{"type":"Polygon","coordinates":[[[30.373527851780207,60.008733207701511],[30.373535899648832,60.008745128213462],[30.373597211558206,60.008734785246816],[30.373567993373275,60.008691507042421],[30.373519767329238,60.008699662633276],[30.373518489838659,60.00869776946913],[30.373454230337728,60.008708613583615],[30.373449340251153,60.008701370268433],[30.373388301480166,60.008711668773991],[30.373415637910043,60.008752132756129],[30.373527851780207,60.008733207701511]]]},"properties":{"category":"classroom","name":{"ru":"Кабинет 6","en":"Classroom 6"},"alt_name":{"ru":"6","en":"6"},"restriction":null,"accessibility":null,"level_id":"d0b5e4eb-482d-4e66-a50e-4fa7c32115ec","display_point":{"type":"Point","coordinates":[30.373497577518712,60.008719806251072]}}},{"id":"8ebeade5-c780-480f-bb20-5ce47a476418","type":"Feature","feature_type":"unit","geometry":{"type":"Polygon","coordinates":[[[30.373467868105248,60.008686094865425],[30.373471452156984,60.008691375305865],[30.373496781090875,60.008687101552304],[30.373464572669793,60.008639477688149],[30.373348103047498,60.008659128940543],[30.373376693585111,60.008701478402195],[30.373467868105248,60.008686094865425]]]},"properties":{"category":"classroom","name":{"ru":"Кабинет 5","en":"Classroom 5"},"alt_name":{"ru":"5","en":"5"},"restriction":null,"accessibility":null,"level_id":"d0b5e4eb-482d-4e66-a50e-4fa7c32115ec","display_point":{"type":"Point","coordinates":[30.373437579219221,60.008677441420154]}}},{"id":"d17f9fce-5a5d-4c23-843c-e9adb72c9978","type":"Feature","feature_type":"unit","geometry":{"type":"Polygon","coordinates":[[[30.373646966873949,60.008726390334544],[30.373617765404841,60.008683109385643],[30.373567993373275,60.008691507042421],[30.373597211558206,60.008734785246816],[30.373646966873949,60.008726390334544]]]},"properties":{"category":"classroom","name":{"ru":"Кабинет 8","en":"Classroom 8"},"alt_name":{"ru":"8","en":"8"},"restriction":null,"accessibility":null,"level_id":"d0b5e4eb-482d-4e66-a50e-4fa7c32115ec","display_point":{"type":"Point","coordinates":[30.373607483956267,60.008708946767328]}}},{"id":"9257b01e-a172-4509-9a99-953543e6aeb2","type":"Feature","feature_type":"unit","geometry":{"type":"Polygon","coordinates":[[[30.373023549004216,60.008842869605076],[30.373008649385419,60.0088208004379],[30.37290058269814,60.008839033875581],[30.372915482284988,60.008861103042754],[30.373023549004216,60.008842869605076]]]},"properties":{"category":"administration","name":{"ru":"Кабинет 232","en":"Classroom 232"},"alt_name":{"ru":"232","en":"232"},"restriction":null,"accessibility":null,"level_id":"d0b5e4eb-482d-4e66-a50e-4fa7c32115ec","display_point":{"type":"Point","coordinates":[30.372962065712162,60.008840951191424]}}},{"id":"80307f29-9141-4bd9-bfd3-5528b4c1165a","type":"Feature","feature_type":"unit","geometry":{"type":"Polygon","coordinates":[[[30.372418976861987,60.008567204815854],[30.372381010302533,60.008510966478489],[30.372234819576576,60.0085357269138],[30.37227238772541,60.008591937806045],[30.372418976861987,60.008567204815854]]]},"properties":{"category":"administration","name":{"ru":"Кабинет 220","en":"Classroom 220"},"alt_name":{"ru":"220","en":"220"},"restriction":null,"accessibility":null,"level_id":"d0b5e4eb-482d-4e66-a50e-4fa7c32115ec","display_point":{"type":"Point","coordinates":[30.372323474869329,60.008552019981728]}}},{"id":"807e775e-21f4-423c-8257-37452c2d5d66","type":"Feature","feature_type":"unit","geometry":{"type":"Polygon","coordinates":[[[30.373086770315542,60.008936515087484],[30.373023549004216,60.008842869605076],[30.372915482284988,60.008861103042754],[30.372978703460738,60.008954748525163],[30.373086770315542,60.008936515087484]]]},"properties":{"category":"administration","name":{"ru":"Кабинет 233","en":"Classroom 233"},"alt_name":{"ru":"233","en":"233"},"restriction":null,"accessibility":null,"level_id":"d0b5e4eb-482d-4e66-a50e-4fa7c32115ec","display_point":{"type":"Point","coordinates":[30.372992974703045,60.008886735134965]}}},{"id":"8bd471bc-b806-428d-b809-3ffe27e62d21","type":"Feature","feature_type":"unit","geometry":{"type":"Polygon","coordinates":[[[30.373102820106077,60.008960288596406],[30.373086770315542,60.008936515087484],[30.372978703460738,60.008954748525163],[30.372994753216858,60.008978522034077],[30.373102820106077,60.008960288596406]]]},"properties":{"category":"administration","name":{"ru":"Кабинет 236","en":"Classroom 236"},"alt_name":{"ru":"236","en":"236"},"restriction":null,"accessibility":null,"level_id":"d0b5e4eb-482d-4e66-a50e-4fa7c32115ec","display_point":{"type":"Point","coordinates":[30.373040767682376,60.008957527068766]}}},{"id":"2e2670eb-ab44-4e8d-8b4e-0abf48b0727e","type":"Feature","feature_type":"unit","geometry":{"type":"Polygon","coordinates":[[[30.373198199540923,60.009101566725406],[30.373165696879497,60.009053423050744],[30.373057629855442,60.009071656488416],[30.373090132447167,60.009119800163084],[30.373198199540923,60.009101566725406]]]},"properties":{"category":"administration","name":{"ru":"Кабинет 240","en":"Classroom 240"},"alt_name":{"ru":"240","en":"240"},"restriction":null,"accessibility":null,"level_id":"d0b5e4eb-482d-4e66-a50e-4fa7c32115ec","display_point":{"type":"Point","coordinates":[30.373127914682296,60.009086611332464]}}},{"id":"1076da49-8377-47c9-b6a0-15cd147c0964","type":"Feature","feature_type":"unit","geometry":{"type":"Polygon","coordinates":[[[30.373165696879497,60.009053423050744],[30.373133769600503,60.009006131272493],[30.373025702644917,60.009024364710172],[30.373057629855442,60.009071656488416],[30.373165696879497,60.009053423050744]]]},"properties":{"category":"administration","name":{"ru":"Кабинет 239","en":"Classroom 239"},"alt_name":{"ru":"239","en":"239"},"restriction":null,"accessibility":null,"level_id":"d0b5e4eb-482d-4e66-a50e-4fa7c32115ec","display_point":{"type":"Point","coordinates":[30.373095700021324,60.009038894154905]}}},{"id":"dc71cd12-1164-490e-96fe-72bfefc17d6a","type":"Feature","feature_type":"unit","geometry":{"type":"Polygon","coordinates":[[[30.373133711957188,60.009006046192631],[30.373102820106077,60.008960288596406],[30.372994753216858,60.008978522034077],[30.373025645001722,60.00902427963031],[30.373133711957188,60.009006046192631]]]},"properties":{"category":"administration","name":{"ru":"Кабинет 238","en":"Classroom 238"},"alt_name":{"ru":"238","en":"238"},"restriction":null,"accessibility":null,"level_id":"d0b5e4eb-482d-4e66-a50e-4fa7c32115ec","display_point":{"type":"Point","coordinates":[30.373064232572567,60.008992284113354]}}},{"id":"0bfd514c-573e-46aa-98a8-2f61f66b77d5","type":"Feature","feature_type":"unit","geometry":{"type":"Polygon","coordinates":[[[30.373607745291132,60.008668379591555],[30.37356753423116,60.008608846193489],[30.373456468005024,60.0086275577251],[30.373496781090875,60.008687101552304],[30.373607745291132,60.008668379591555]]]},"properties":{"category":"classroom","name":{"ru":"Кабинет 7","en":"Classroom 7"},"alt_name":{"ru":"7","en":"7"},"restriction":null,"accessibility":null,"level_id":"d0b5e4eb-482d-4e66-a50e-4fa7c32115ec","display_point":{"type":"Point","coordinates":[30.373532127898596,60.008647969756126]}}},{"id":"a9afb9ac-a34f-447f-9279-4a826e0025a4","type":"Feature","feature_type":"unit","geometry":{"type":"Polygon","coordinates":[[[30.37227238772541,60.008591937806045],[30.372234990317555,60.008535697821976],[30.372251694383266,60.008532879757404],[30.372231848334984,60.008503482195188],[30.372219064728409,60.008505639381355],[30.372176896588815,60.00844289600245],[30.371996729052064,60.008473293664714],[30.372096822428727,60.00862155932041],[30.37227238772541,60.008591937806045]]]},"properties":{"category":"classroom","name":null,"alt_name":null,"restriction":"restricted","accessibility":null,"level_id":"d0b5e4eb-482d-4e66-a50e-4fa7c32115ec","display_point":{"type":"Point","coordinates":[30.372093672119089,60.008504395568671]}}},{"id":"2b3ea71a-9f01-4acb-956f-c2f97dcc77d4","type":"Feature","feature_type":"unit","geometry":{"type":"Polygon","coordinates":[[[30.374183616141906,60.008635845601411],[30.374104227947452,60.008518255901464],[30.373988378552653,60.008537896724718],[30.373981417903039,60.00852758669221],[30.373667787695698,60.008580503072658],[30.373565516879339,60.008597758915279],[30.3735724151616,60.008607976732193],[30.373567476860927,60.00860881819947],[30.373647034950686,60.008726378807594],[30.374183616141906,60.008635845601411]]]},"properties":{"category":"classroom","name":null,"alt_name":null,"restriction":"restricted","accessibility":null,"level_id":"d0b5e4eb-482d-4e66-a50e-4fa7c32115ec","display_point":{"type":"Point","coordinates":[30.373662461140974,60.008628860270328]}}},{"id":"1a8524f0-1c2a-4766-b725-9e078fd92beb","type":"Feature","feature_type":"unit","geometry":{"type":"Polygon","coordinates":[[[30.374485783375356,60.008571574627318],[30.37442250251312,60.008477843516147],[30.37411228165821,60.008530185195852],[30.374175562130919,60.008623915758122],[30.374485783375356,60.008571574627318]]]},"properties":{"category":"auditorium","name":{"ru":"Лекторий 265","en":"Auditorium 265"},"alt_name":{"ru":"265","en":"265"},"restriction":null,"accessibility":null,"level_id":"d0b5e4eb-482d-4e66-a50e-4fa7c32115ec","display_point":{"type":"Point","coordinates":[30.374296433063734,60.008551317935648]}}},{"id":"1de78250-de31-464b-827a-27e5fe7b9f4f","type":"Feature","feature_type":"unit","geometry":{"type":"Polygon","coordinates":[[[30.374754991853816,60.00873971384086],[30.37473445234145,60.008709009891092],[30.374625193051138,60.008727444227027],[30.3746459029845,60.008758119633868],[30.374754991853816,60.00873971384086]]]},"properties":{"category":"restroom","name":{"ru":"Туалет женский","en":"Restroom female"},"alt_name":{"ru":"Туалет Ж.","en":"Restroom F."},"restriction":null,"accessibility":null,"level_id":"d0b5e4eb-482d-4e66-a50e-4fa7c32115ec","display_point":{"type":"Point","coordinates":[30.374695399124242,60.0087326642882]}}},{"id":"c1ea9d2c-f821-4eff-97cc-c906f47a6dd4","type":"Feature","feature_type":"unit","geometry":{"type":"Polygon","coordinates":[[[30.37473445234145,60.008709009891092],[30.374702581203088,60.00866180374161],[30.374593321981873,60.008680238077538],[30.374625193051138,60.008727444227027],[30.37473445234145,60.008709009891092]]]},"properties":{"category":"classroom","name":{"ru":"Кабинет 238","en":"Classroom 238"},"alt_name":{"ru":"238","en":"238"},"restriction":null,"accessibility":null,"level_id":"d0b5e4eb-482d-4e66-a50e-4fa7c32115ec","display_point":{"type":"Point","coordinates":[30.374663887283564,60.008694623709864]}}},{"id":"55e6385b-837b-40c2-9c64-7ff42a803f4f","type":"Feature","feature_type":"unit","geometry":{"type":"Polygon","coordinates":[[[30.37448299862254,60.00833684203392],[30.374451991136269,60.008290914277964],[30.374346482412538,60.008308715729505],[30.374377489833893,60.008354643485454],[30.37448299862254,60.00833684203392]]]},"properties":{"category":"laboratory","name":{"ru":"Лабораторная 225","en":"Lab 225"},"alt_name":{"ru":"225","en":"225"},"restriction":null,"accessibility":null,"level_id":"d0b5e4eb-482d-4e66-a50e-4fa7c32115ec","display_point":{"type":"Point","coordinates":[30.374414740365779,60.008322778607258]}}},{"id":"24772118-ab40-4092-a877-bafe1187a295","type":"Feature","feature_type":"unit","geometry":{"type":"Polygon","coordinates":[[[30.37450204024509,60.008365046831358],[30.37448299862254,60.00833684203392],[30.374377489833893,60.008354643485454],[30.374396531416579,60.0083828482829],[30.37450204024509,60.008365046831358]]]},"properties":{"category":"classroom","name":{"ru":"Кабинет 225а","en":"Classroom 225а"},"alt_name":{"ru":"225а","en":"225а"},"restriction":null,"accessibility":null,"level_id":"d0b5e4eb-482d-4e66-a50e-4fa7c32115ec","display_point":{"type":"Point","coordinates":[30.374439765171843,60.008359845432857]}}},{"id":"eeaa80e9-4ce9-4076-b303-2b44ed1a5768","type":"Feature","feature_type":"unit","geometry":{"type":"Polygon","coordinates":[[[30.374842323743806,60.008513315780469],[30.374777721813608,60.008417909419379],[30.374632866815379,60.008442340513291],[30.374697577537535,60.008537738091945],[30.374842323743806,60.008513315780469]]]},"properties":{"category":"laboratory","name":{"ru":"Лабораторная 233","en":"Lab 233"},"alt_name":{"ru":"233","en":"233"},"restriction":null,"accessibility":null,"level_id":"d0b5e4eb-482d-4e66-a50e-4fa7c32115ec","display_point":{"type":"Point","coordinates":[30.374712738201861,60.00847633183912]}}},{"id":"da5c82f0-1aa4-4ff6-acc2-d36762459728","type":"Feature","feature_type":"unit","geometry":{"type":"Polygon","coordinates":[[[30.375390796477948,60.008673252746462],[30.375285116656958,60.008691083838727],[30.375320784893848,60.0087439134926],[30.375426464789637,60.008726082949238],[30.375390796477948,60.008673252746462]]]},"properties":{"category":"classroom","name":{"ru":"Кабинет 247а","en":"Classroom 247а"},"alt_name":{"ru":"247а","en":"247а"},"restriction":null,"accessibility":null,"level_id":"d0b5e4eb-482d-4e66-a50e-4fa7c32115ec","display_point":{"type":"Point","coordinates":[30.375355791116352,60.008708583393982]}}},{"id":"fb068e45-d445-4470-8695-0d05822712ea","type":"Feature","feature_type":"unit","geometry":{"type":"Polygon","coordinates":[[[30.375483691888988,60.008657579389265],[30.375390796477948,60.008673252746462],[30.375426464789637,60.008726082949238],[30.375519360266424,60.008710409592041],[30.375483691888988,60.008657579389265]]]},"properties":{"category":"classroom","name":{"ru":"Кабинет 247","en":"Classroom 247"},"alt_name":{"ru":"247","en":"247"},"restriction":null,"accessibility":null,"level_id":"d0b5e4eb-482d-4e66-a50e-4fa7c32115ec","display_point":{"type":"Point","coordinates":[30.375455078628633,60.008691831443706]}}},{"id":"48e1ad7c-558f-49f3-aee2-ccf1874d3ab8","type":"Feature","feature_type":"unit","geometry":{"type":"Polygon","coordinates":[[[30.375364379045447,60.008776423331042],[30.375270801301504,60.008792211957726],[30.3753064695815,60.008845042160509],[30.37540021758301,60.008829224441996],[30.375364379045447,60.008776423331042]]]},"properties":{"category":"laboratory","name":{"ru":"Лабораторная 251","en":"Lab 251"},"alt_name":{"ru":"251","en":"251"},"restriction":null,"accessibility":null,"level_id":"d0b5e4eb-482d-4e66-a50e-4fa7c32115ec","display_point":{"type":"Point","coordinates":[30.37533546673907,60.008810725335593]}}},{"id":"49a77a34-4f6a-487e-aa39-36fbf8bc239a","type":"Feature","feature_type":"unit","geometry":{"type":"Polygon","coordinates":[[[30.374891862835128,60.008633094502926],[30.374775444979974,60.008652736972884],[30.374821297327255,60.008720933147558],[30.374937885754537,60.008701262134672],[30.374891862835128,60.008633094502926]]]},"properties":{"category":"classroom","name":{"ru":"Кабинет 241","en":"Classroom 241"},"alt_name":{"ru":"241","en":"241"},"restriction":null,"accessibility":null,"level_id":"d0b5e4eb-482d-4e66-a50e-4fa7c32115ec","display_point":{"type":"Point","coordinates":[30.374856622789668,60.00867700668951]}}},{"id":"812cdff7-2468-4ec0-9c5d-35e0b9114d31","type":"Feature","feature_type":"unit","geometry":{"type":"Polygon","coordinates":[[[30.374668195157053,60.00830208334262],[30.374605659831381,60.008209175584952],[30.3744883903139,60.008228961867324],[30.374488220123709,60.008228990410245],[30.374551095683962,60.008321840533171],[30.374668195157053,60.00830208334262]]]},"properties":{"category":"classroom","name":{"ru":"Кабинет 224","en":"Classroom 224"},"alt_name":{"ru":"224","en":"224"},"restriction":null,"accessibility":null,"level_id":"d0b5e4eb-482d-4e66-a50e-4fa7c32115ec","display_point":{"type":"Point","coordinates":[30.374594586604164,60.008289587032124]}}},{"id":"587ab5b0-682a-46e5-a6e2-bfd197fcbee9","type":"Feature","feature_type":"unit","geometry":{"type":"Polygon","coordinates":[[[30.373198199540923,60.009101566725406],[30.372833035832908,60.009163652519319],[30.372796794299514,60.00910997042012],[30.3724814557032,60.009163174425389],[30.372577524445166,60.009305474610535],[30.37325780432429,60.009190696937232],[30.373198199540923,60.009101566725406]]]},"properties":{"category":"classroom","name":null,"alt_name":null,"restriction":"restricted","accessibility":null,"level_id":"d0b5e4eb-482d-4e66-a50e-4fa7c32115ec","display_point":{"type":"Point","coordinates":[30.373179146963963,60.009156310950623]}}},{"id":"5db5e0b8-8d9c-467f-a8ff-18aeff7edf94","type":"Feature","feature_type":"unit","geometry":{"type":"Polygon","coordinates":[[[30.372596900510345,60.008442079235778],[30.372554446851897,60.008379194240078],[30.372455926308547,60.008395817198306],[30.372497981035149,60.008458675297796],[30.372596900510345,60.008442079235778]]]},"properties":{"category":"classroom","name":null,"alt_name":null,"restriction":"restricted","accessibility":null,"level_id":"d0b5e4eb-482d-4e66-a50e-4fa7c32115ec","display_point":{"type":"Point","coordinates":[30.372537571810383,60.00840482194107]}}},{"id":"a35beeb9-7a49-4106-afc7-691123c7fec9","type":"Feature","feature_type":"unit","geometry":{"type":"Polygon","coordinates":[[[30.37309711949602,60.008357871031173],[30.373054721145348,60.008294786783921],[30.373020800981127,60.008300509639639],[30.373063370043273,60.008363565343963],[30.37309711949602,60.008357871031173]]]},"properties":{"category":"administration","name":{"ru":"Кабинет 210","en":"Classroom 210"},"alt_name":{"ru":"210","en":"210"},"restriction":null,"accessibility":null,"level_id":"d0b5e4eb-482d-4e66-a50e-4fa7c32115ec","display_point":{"type":"Point","coordinates":[30.373059002632544,60.00832918319967]}}},{"id":"677e59ac-c47c-4f2f-8030-6837edf07644","type":"Feature","feature_type":"unit","geometry":{"type":"Polygon","coordinates":[[[30.373063370043273,60.008363565343963],[30.3730206307901,60.008300538731461],[30.372983813529181,60.008306750659152],[30.3730263825601,60.008369805814581],[30.373063370043273,60.008363565343963]]]},"properties":{"category":"administration","name":{"ru":"Кабинет 211","en":"Classroom 211"},"alt_name":{"ru":"211","en":"211"},"restriction":null,"accessibility":null,"level_id":"d0b5e4eb-482d-4e66-a50e-4fa7c32115ec","display_point":{"type":"Point","coordinates":[30.373023549084117,60.008335165137289]}}},{"id":"7544b114-6749-47d2-93a3-4d4a24d18917","type":"Feature","feature_type":"unit","geometry":{"type":"Polygon","coordinates":[[[30.373801207741941,60.0089395543597],[30.373758253666242,60.0089468015172],[30.373794956220333,60.009001165353091],[30.373837852957607,60.008993833115738],[30.373801207741941,60.0089395543597]]]},"properties":{"category":"administration","name":{"ru":"Кабинет 255","en":"Classroom 255"},"alt_name":{"ru":"255","en":"255"},"restriction":null,"accessibility":null,"level_id":"d0b5e4eb-482d-4e66-a50e-4fa7c32115ec","display_point":{"type":"Point","coordinates":[30.373798067708822,60.0089703379003]}}},{"id":"729126d7-8efa-4552-a015-ed2a1b900744","type":"Feature","feature_type":"unit","geometry":{"type":"Polygon","coordinates":[[[30.372740420257539,60.008417864409388],[30.372697796286893,60.0083550079566],[30.372554446851897,60.008379194240078],[30.372596900510345,60.008442079235778],[30.372740420257539,60.008417864409388]]]},"properties":{"category":"administration","name":{"ru":"Кабинет 216","en":"Classroom 216"},"alt_name":{"ru":"216","en":"216"},"restriction":null,"accessibility":null,"level_id":"d0b5e4eb-482d-4e66-a50e-4fa7c32115ec","display_point":{"type":"Point","coordinates":[30.372647391254162,60.008398537009363]}}},{"id":"b691a02e-2f21-41a2-9eb6-78a4b9c7d3e9","type":"Feature","feature_type":"unit","geometry":{"type":"Polygon","coordinates":[[[30.374095619696106,60.008280519714496],[30.374059952687652,60.008227690060622],[30.373998590538047,60.008238042907507],[30.373974429308216,60.008202254475442],[30.373955679821027,60.008205418348481],[30.373917711888172,60.008149179462222],[30.373680786075031,60.008189154372374],[30.373778581720714,60.008334011344587],[30.374095619696106,60.008280519714496]]]},"properties":{"category":"classroom","name":null,"alt_name":null,"restriction":"restricted","accessibility":null,"level_id":"d0b5e4eb-482d-4e66-a50e-4fa7c32115ec","display_point":{"type":"Point","coordinates":[30.373777729517482,60.008220256276331]}}},{"id":"a42e23b7-3831-4676-9360-9c440fe6e525","type":"Feature","feature_type":"unit","geometry":{"type":"Polygon","coordinates":[[[30.374050279837419,60.008189456817561],[30.37401231183328,60.008133218754651],[30.373971403606134,60.008140120652577],[30.374009371579444,60.008196359264389],[30.374050279837419,60.008189456817561]]]},"properties":{"category":"classroom","name":{"ru":"Кабинет 207","en":"Classroom 207"},"alt_name":{"ru":"207","en":"207"},"restriction":null,"accessibility":null,"level_id":"d0b5e4eb-482d-4e66-a50e-4fa7c32115ec","display_point":{"type":"Point","coordinates":[30.374010841432572,60.008164788597846]}}},{"id":"64bfa2a8-839d-44d6-8ab2-04e52fbdb05d","type":"Feature","feature_type":"unit","geometry":{"type":"Polygon","coordinates":[[[30.375119851743882,60.008008993923305],[30.375081882933944,60.007952755585947],[30.375000919785517,60.007966416118286],[30.375038888534458,60.008022654455651],[30.375119851743882,60.008008993923305]]]},"properties":{"category":"classroom","name":{"ru":"Кабинет 216","en":"Classroom 216"},"alt_name":{"ru":"216","en":"216"},"restriction":null,"accessibility":null,"level_id":"d0b5e4eb-482d-4e66-a50e-4fa7c32115ec","display_point":{"type":"Point","coordinates":[30.375060385608311,60.00798770529525]}}},{"id":"f9d37219-e7f0-41d4-ac49-bae0323091aa","type":"Feature","feature_type":"unit","geometry":{"type":"Polygon","coordinates":[[[30.375144013522871,60.008044782080923],[30.375119851743882,60.008008993923305],[30.374970708718138,60.008034158350732],[30.374994870425624,60.00806994650835],[30.375144013522871,60.008044782080923]]]},"properties":{"category":"classroom","name":{"ru":"Кабинет 217","en":"Classroom 217"},"alt_name":{"ru":"217","en":"217"},"restriction":null,"accessibility":null,"level_id":"d0b5e4eb-482d-4e66-a50e-4fa7c32115ec","display_point":{"type":"Point","coordinates":[30.375057360976296,60.0080394700786]}}},{"id":"2d02accd-5e7e-43c0-9c4b-c749295bf8ae","type":"Feature","feature_type":"unit","geometry":{"type":"Polygon","coordinates":[[[30.374914930403506,60.008144180608681],[30.374957542902742,60.008136990537025],[30.374920724857514,60.008082456541409],[30.37487811238941,60.008089646064157],[30.374914930403506,60.008144180608681]]]},"properties":{"category":"classroom","name":{"ru":"Кабинет 219","en":"Classroom 219"},"alt_name":{"ru":"219","en":"219"},"restriction":null,"accessibility":null,"level_id":"d0b5e4eb-482d-4e66-a50e-4fa7c32115ec","display_point":{"type":"Point","coordinates":[30.374917827494613,60.008113318575042]}}},{"id":"52505883-f60a-453d-96c5-6c266ae6f7a7","type":"Feature","feature_type":"unit","geometry":{"type":"Polygon","coordinates":[[[30.375572199893405,60.008701494320363],[30.375536531478573,60.00864866411758],[30.375483691888988,60.008657579389265],[30.375519360266424,60.008710409592041],[30.375461406933674,60.008720187738191],[30.375485569431767,60.008755975621355],[30.375596362444611,60.008737282203526],[30.375572199893405,60.008701494320363]]]},"properties":{"category":"classroom","name":{"ru":"Кабинет 248","en":"Classroom 248"},"alt_name":{"ru":"248","en":"248"},"restriction":null,"accessibility":null,"level_id":"d0b5e4eb-482d-4e66-a50e-4fa7c32115ec","display_point":{"type":"Point","coordinates":[30.375532080759072,60.008718703506283]}}},{"id":"bb1f8bd9-8847-4aa4-912a-6e5745ff2b2e","type":"Feature","feature_type":"unit","geometry":{"type":"Polygon","coordinates":[[[30.374309155342072,60.008914599064063],[30.37418131637672,60.008936168181215],[30.374205478261089,60.008971956064379],[30.374333317287739,60.008950386398325],[30.374309155342072,60.008914599064063]]]},"properties":{"category":"laboratory","name":{"ru":"Лабораторная 261","en":"Lab 261"},"alt_name":{"ru":"261","en":"261"},"restriction":null,"accessibility":null,"level_id":"d0b5e4eb-482d-4e66-a50e-4fa7c32115ec","display_point":{"type":"Point","coordinates":[30.37425731654956,60.008943277015319]}}},{"id":"e0e4c2b0-a201-4014-82fa-138c7ccfd6b7","type":"Feature","feature_type":"unit","geometry":{"type":"Polygon","coordinates":[[[30.374702581203088,60.00866180374161],[30.374687853999845,60.008639989814021],[30.374578594810558,60.008658424149949],[30.374593321981873,60.008680238077538],[30.374702581203088,60.00866180374161]]]},"properties":{"category":"classroom","name":{"ru":"Кабинет 237","en":"Classroom 237"},"alt_name":{"ru":"237","en":"237"},"restriction":null,"accessibility":null,"level_id":"d0b5e4eb-482d-4e66-a50e-4fa7c32115ec","display_point":{"type":"Point","coordinates":[30.374640588279739,60.008660114220234]}}},{"id":"946237e0-0619-41e2-af71-08c795e1b339","type":"Feature","feature_type":"unit","geometry":{"type":"Polygon","coordinates":[[[30.372944688511385,60.008727184596218],[30.372755836330192,60.008447448049495],[30.372481349071936,60.008493942272651],[30.372461106544183,60.008464801047829],[30.373223935178604,60.008336474269356],[30.373223935178604,60.008336474269356],[30.373268593296821,60.008328939487036],[30.373275136587083,60.008338728062327],[30.373287808967895,60.008357683855472],[30.37282918199087,60.008435158126268],[30.372886823110608,60.008520540432968],[30.372959306010959,60.008627904082466],[30.373017982568538,60.008714818375573],[30.373081261667167,60.00880854893785],[30.373139938819751,60.008895463230957],[30.373271099764583,60.009089741722462],[30.373905011158858,60.008982501575986],[30.373928539920826,60.009017353031773],[30.373257835250989,60.009130462041988],[30.373221274488131,60.009136588889824],[30.373197918437842,60.009101993222522],[30.373008534648434,60.00882063027818],[30.372944688511385,60.008727184596218]]]},"properties":{"category":"walkway","name":null,"alt_name":null,"restriction":null,"accessibility":null,"level_id":"40feaf3e-79af-4065-94b7-52c686b48356","display_point":{"type":"Point","coordinates":[30.37293198956181,60.008778683161943]}}},{"id":"13719969-c023-4af9-9160-77153a0ffda0","type":"Feature","feature_type":"unit","geometry":{"type":"Polygon","coordinates":[[[30.374592186842939,60.008498570068213],[30.374590461069026,60.008496013830054],[30.374589885445079,60.008495161933631],[30.374562271983287,60.008454261025243],[30.374562214613114,60.008454175945381],[30.374558245091588,60.008448296103595],[30.374458708905628,60.00830069571753],[30.374433409613115,60.00826339121722],[30.37437358090834,60.008174773131266],[30.374350569910732,60.008140689040943],[30.375119851469382,60.008008993923305],[30.37514401324837,60.008044782080923],[30.374479260150135,60.0081569425879],[30.374460510425443,60.008160105912047],[30.374443465344392,60.008162982160265],[30.374448067553139,60.008169798978336],[30.37471900279613,60.008568292740271],[30.374886986370427,60.0088171057763],[30.375528155846094,60.008708925360139],[30.375552147636125,60.008744742335125],[30.375386708132432,60.008772655665432],[30.375349208693482,60.008778982862616],[30.374953761823857,60.008845703587824],[30.374933307265639,60.008849154536783],[30.374733357292552,60.008882986132036],[30.374709478167734,60.008847055534268],[30.374815396935848,60.008829184372125],[30.3746256683107,60.008548162296137],[30.37462555302103,60.008547991587513],[30.374596846460626,60.008505472515047],[30.374596501415564,60.008504960938069],[30.374595638391174,60.008503682544536],[30.374592186842939,60.008498570068213]]]},"properties":{"category":"walkway","name":null,"alt_name":null,"restriction":null,"accessibility":null,"level_id":"40feaf3e-79af-4065-94b7-52c686b48356","display_point":{"type":"Point","coordinates":[30.374548977328846,60.008502064380465]}}},{"id":"11906cad-ca47-48a6-8b23-b28eac3c517d","type":"Feature","feature_type":"unit","geometry":{"type":"Polygon","coordinates":[[[30.373047686254107,60.00857882343152],[30.373016622008311,60.0085328094979],[30.3729075324475,60.008551215290908],[30.372938596626049,60.008597229224527],[30.373047686254107,60.00857882343152]]]},"properties":{"category":"classroom","name":null,"alt_name":null,"restriction":"restricted","accessibility":null,"level_id":"40feaf3e-79af-4065-94b7-52c686b48356","display_point":{"type":"Point","coordinates":[30.372977611669334,60.008565022929083]}}},{"id":"492b8ed5-ba21-4b28-ac36-8e2d125b1741","type":"Feature","feature_type":"unit","geometry":{"type":"Polygon","coordinates":[[[30.373179671414803,60.008723700713119],[30.373157753589233,60.008691235884669],[30.373017982568538,60.008714818375573],[30.373039727678911,60.008747027964439],[30.373179671414803,60.008723700713119]]]},"properties":{"category":"administration","name":{"ru":"332","en":"332"},"alt_name":{"ru":"332","en":"332"},"restriction":null,"accessibility":null,"level_id":"40feaf3e-79af-4065-94b7-52c686b48356","display_point":{"type":"Point","coordinates":[30.373103059965974,60.008718497667907]}}},{"id":"ba42711b-0e89-4f05-b152-a3e28a2549ad","type":"Feature","feature_type":"unit","geometry":{"type":"Polygon","coordinates":[[[30.373016626949109,60.008532817182534],[30.372995911803141,60.008502132993257],[30.372886823110608,60.008520540432968],[30.3729075324475,60.008551215290908],[30.373016626949109,60.008532817182534]]]},"properties":{"category":"restroom","name":{"ru":"Туалет женский","en":"Restroom female"},"alt_name":{"ru":"Туалет Ж.","en":"Restroom F."},"restriction":null,"accessibility":null,"level_id":"40feaf3e-79af-4065-94b7-52c686b48356","display_point":{"type":"Point","coordinates":[30.372955427377828,60.008526057450311]}}},{"id":"a70902dc-bdfb-4921-89d0-a879fcc84e28","type":"Feature","feature_type":"unit","geometry":{"type":"Polygon","coordinates":[[[30.373068395683848,60.008609498289459],[30.373047686254107,60.00857882343152],[30.372938596626049,60.008597229224527],[30.372959306010959,60.008627904082466],[30.373068395683848,60.008609498289459]]]},"properties":{"category":"administration","name":{"ru":"Кабинет 331","en":"Classroom 331"},"alt_name":{"ru":"331","en":"331"},"restriction":null,"accessibility":null,"level_id":"40feaf3e-79af-4065-94b7-52c686b48356","display_point":{"type":"Point","coordinates":[30.373003497384136,60.0086033654037]}}},{"id":"386093e4-f23e-4f34-a2ac-591c4567a6d7","type":"Feature","feature_type":"unit","geometry":{"type":"Polygon","coordinates":[[[30.372595479414173,60.008442224694896],[30.372553424056353,60.008379367144308],[30.372455926308547,60.008395817198306],[30.372497640102864,60.008458732383637],[30.372595479414173,60.008442224694896]]]},"properties":{"category":"administration","name":{"ru":"Кабинет 310","en":"Classroom 310"},"alt_name":{"ru":"310","en":"310"},"restriction":null,"accessibility":null,"level_id":"40feaf3e-79af-4065-94b7-52c686b48356","display_point":{"type":"Point","coordinates":[30.372525617329366,60.008419035218061]}}},{"id":"9129dfce-bf18-4609-ac02-5e80d40de42c","type":"Feature","feature_type":"unit","geometry":{"type":"Polygon","coordinates":[[[30.37474976746417,60.008422626137119],[30.374685220931472,60.008327020524483],[30.374568351997663,60.008347119132281],[30.374632838541718,60.008442354784748],[30.37474976746417,60.008422626137119]]]},"properties":{"category":"classroom","name":{"ru":"Кабинет ","en":"Classroom "},"alt_name":null,"restriction":"restricted","accessibility":null,"level_id":"40feaf3e-79af-4065-94b7-52c686b48356","display_point":{"type":"Point","coordinates":[30.374666811250822,60.008396283765293]}}},{"id":"b89a1368-564c-4c67-9d65-edf5c43707a9","type":"Feature","feature_type":"unit","geometry":{"type":"Polygon","coordinates":[[[30.374584132774974,60.008486640773825],[30.374562500093198,60.008454318111085],[30.37442250251312,60.008477843516147],[30.37444436324418,60.008510223264729],[30.374584132774974,60.008486640773825]]]},"properties":{"category":"classroom","name":{"ru":"Кабинет 337","en":"Classroom 337"},"alt_name":{"ru":"337","en":"337"},"restriction":null,"accessibility":null,"level_id":"40feaf3e-79af-4065-94b7-52c686b48356","display_point":{"type":"Point","coordinates":[30.374501336144,60.008483525204191]}}},{"id":"39ddbd17-6546-47f3-828c-36c677b26088","type":"Feature","feature_type":"unit","geometry":{"type":"Polygon","coordinates":[[[30.374685220931472,60.008327020524483],[30.374653120531754,60.008279474055556],[30.374626119571865,60.008284052449909],[30.37462535893113,60.008284181441958],[30.374601839457007,60.0082881697663],[30.374535919802828,60.0082993481623],[30.374568351997663,60.008347119132281],[30.374685220931472,60.008327020524483]]]},"properties":{"category":"classroom","name":{"ru":"Кабинет 331","en":"Classroom 331"},"alt_name":{"ru":"331","en":"331"},"restriction":null,"accessibility":null,"level_id":"40feaf3e-79af-4065-94b7-52c686b48356","display_point":{"type":"Point","coordinates":[30.374610848967574,60.008313519173818]}}},{"id":"5f2d5088-8f47-45d0-baab-7a2635ba982b","type":"Feature","feature_type":"unit","geometry":{"type":"Polygon","coordinates":[[[30.374621940295082,60.008233289962213],[30.374596455376871,60.008195541948815],[30.374589552038476,60.008185316447268],[30.374472112093834,60.00820513182147],[30.374504787673583,60.008253531284623],[30.374621940295082,60.008233289962213]]]},"properties":{"category":"classroom","name":{"ru":"Кабинет 329","en":"Classroom 329"},"alt_name":{"ru":"329","en":"329"},"restriction":null,"accessibility":null,"level_id":"40feaf3e-79af-4065-94b7-52c686b48356","display_point":{"type":"Point","coordinates":[30.37455696983017,60.008214562512435]}}},{"id":"09d45cf0-ae13-4034-935d-395466fa41d2","type":"Feature","feature_type":"unit","geometry":{"type":"Polygon","coordinates":[[[30.374589552038476,60.008185316447268],[30.374581785682395,60.008173813649989],[30.374561075687218,60.008143138243149],[30.374443465344392,60.008162982160265],[30.374472112093834,60.00820513182147],[30.374589552038476,60.008185316447268]]]},"properties":{"category":"classroom","name":{"ru":"Кабинет 328","en":"Classroom 328"},"alt_name":{"ru":"328","en":"328"},"restriction":null,"accessibility":null,"level_id":"40feaf3e-79af-4065-94b7-52c686b48356","display_point":{"type":"Point","coordinates":[30.374529564024915,60.008174082063235]}}},{"id":"0f561d22-4047-4ef4-afb6-7ba669e204f7","type":"Feature","feature_type":"unit","geometry":{"type":"Polygon","coordinates":[[[30.374860386215286,60.008153383505181],[30.374963508327987,60.008135984399054],[30.374935260142994,60.008093861634066],[30.374900771481673,60.008099585862041],[30.37489225981659,60.008087259436813],[30.374823568241037,60.008098849509565],[30.374860386215286,60.008153383505181]]]},"properties":{"category":"classroom","name":{"ru":"Кабинет 327","en":"Classroom 327"},"alt_name":{"ru":"327","en":"327"},"restriction":null,"accessibility":null,"level_id":"40feaf3e-79af-4065-94b7-52c686b48356","display_point":{"type":"Point","coordinates":[30.37486924930662,60.008121514784669]}}},{"id":"0a5adbd3-b084-4e0d-a489-5fcf905a4cb7","type":"Feature","feature_type":"unit","geometry":{"type":"Polygon","coordinates":[[[30.374963508327987,60.008135984399054],[30.375013620692766,60.008127529107526],[30.374976802606568,60.008072994563],[30.374926861017023,60.008081421311608],[30.374963508327987,60.008135984399054]]]},"properties":{"category":"classroom","name":{"ru":"Кабинет 326а","en":"Classroom 326а"},"alt_name":{"ru":"326а","en":"326а"},"restriction":null,"accessibility":null,"level_id":"40feaf3e-79af-4065-94b7-52c686b48356","display_point":{"type":"Point","coordinates":[30.374970210782081,60.00810445956585]}}},{"id":"fe2a7d6f-0681-4b36-aba1-a64748731f22","type":"Feature","feature_type":"unit","geometry":{"type":"Polygon","coordinates":[[[30.375013620692766,60.008127529107526],[30.375060835153988,60.008119562887977],[30.375023335451647,60.008065143612946],[30.374976802606568,60.008072994563],[30.375013620692766,60.008127529107526]]]},"properties":{"category":"classroom","name":{"ru":"Кабинет 326","en":"Classroom 326"},"alt_name":{"ru":"326","en":"326"},"restriction":null,"accessibility":null,"level_id":"40feaf3e-79af-4065-94b7-52c686b48356","display_point":{"type":"Point","coordinates":[30.375018650871862,60.008096306445054]}}},{"id":"4eefd16f-f8b9-4090-94df-1eb4dda2fc82","type":"Feature","feature_type":"unit","geometry":{"type":"Polygon","coordinates":[[[30.374987073808786,60.008031681703407],[30.374949102902796,60.007975158485735],[30.374897797947025,60.007983815224421],[30.374936053744246,60.00804047923554],[30.374987073808786,60.008031681703407]]]},"properties":{"category":"classroom","name":{"ru":"Кабинет 322","en":"Classroom 322"},"alt_name":{"ru":"322","en":"322"},"restriction":null,"accessibility":null,"level_id":"40feaf3e-79af-4065-94b7-52c686b48356","display_point":{"type":"Point","coordinates":[30.374942420764338,60.00800765597387]}}},{"id":"064d8032-2049-467b-a5e5-96d3e8e9edca","type":"Feature","feature_type":"unit","geometry":{"type":"Polygon","coordinates":[[[30.37476451553988,60.00806970691248],[30.374725701541919,60.008012947392352],[30.374625078601433,60.008029830255843],[30.374665400349382,60.008086303797853],[30.37466572535504,60.008086660309921],[30.37476451553988,60.00806970691248]]]},"properties":{"category":"classroom","name":{"ru":"Кабинет 320","en":"Classroom 320"},"alt_name":{"ru":"320","en":"320"},"restriction":null,"accessibility":null,"level_id":"40feaf3e-79af-4065-94b7-52c686b48356","display_point":{"type":"Point","coordinates":[30.374695358264006,60.00804960171785]}}},{"id":"e8a0603c-82c7-405b-b038-c6f9e5804297","type":"Feature","feature_type":"unit","geometry":{"type":"Polygon","coordinates":[[[30.374665736609614,60.008086638353824],[30.374625078601433,60.008029830255843],[30.374521615636795,60.008047286447812],[30.374521843745267,60.008047343259207],[30.374562275761107,60.008104379426108],[30.374665736609614,60.008086638353824]]]},"properties":{"category":"laboratory","name":{"ru":"Лабораторная 319","en":"Lab 319"},"alt_name":{"ru":"319","en":"319"},"restriction":null,"accessibility":null,"level_id":"40feaf3e-79af-4065-94b7-52c686b48356","display_point":{"type":"Point","coordinates":[30.37458927518729,60.008067730864084]}}},{"id":"65233156-2c76-480d-8d68-84d283abfbca","type":"Feature","feature_type":"unit","geometry":{"type":"Polygon","coordinates":[[[30.374561978478919,60.00810426003985],[30.374521673281059,60.008047371802128],[30.374472413509892,60.008055683281242],[30.374511640708388,60.008112943125845],[30.374561978478919,60.00810426003985]]]},"properties":{"category":"classroom","name":{"ru":"Кабинет 317","en":"Classroom 317"},"alt_name":{"ru":"317","en":"317"},"restriction":null,"accessibility":null,"level_id":"40feaf3e-79af-4065-94b7-52c686b48356","display_point":{"type":"Point","coordinates":[30.374516311819832,60.008079336855]}}},{"id":"61710346-c6f4-49e8-938f-61982f26fb7d","type":"Feature","feature_type":"unit","geometry":{"type":"Polygon","coordinates":[[[30.374437950943538,60.008125565958331],[30.374464313365575,60.008121023517084],[30.374492550617912,60.008116164084733],[30.374511640708388,60.008112943125845],[30.374472413509892,60.008055683281242],[30.374376222238066,60.008071817990853],[30.374415110902053,60.008129419801605],[30.374437950943538,60.008125565958331]]]},"properties":{"category":"classroom","name":{"ru":"Кабинет 316","en":"Classroom 316"},"alt_name":{"ru":"316","en":"316"},"restriction":null,"accessibility":null,"level_id":"40feaf3e-79af-4065-94b7-52c686b48356","display_point":{"type":"Point","coordinates":[30.374440164508151,60.008090945315978]}}},{"id":"c7197a29-39e6-48ea-816c-99016670dac6","type":"Feature","feature_type":"unit","geometry":{"type":"Polygon","coordinates":[[[30.374415168271756,60.00812950460702],[30.374376222238066,60.008071817990853],[30.374321848773448,60.008080992344432],[30.374362727244428,60.008138448147172],[30.374415168271756,60.00812950460702]]]},"properties":{"category":"classroom","name":{"ru":"Кабинет 311","en":"Classroom 311"},"alt_name":{"ru":"311","en":"311"},"restriction":null,"accessibility":null,"level_id":"40feaf3e-79af-4065-94b7-52c686b48356","display_point":{"type":"Point","coordinates":[30.374369042140529,60.00810435198099]}}},{"id":"78a77257-e9ee-4b12-a079-1c342aadb827","type":"Feature","feature_type":"unit","geometry":{"type":"Polygon","coordinates":[[[30.374814199442362,60.008518061041137],[30.374697611301215,60.008537732054016],[30.37471829787648,60.008568316891974],[30.374834823753552,60.008548665639573],[30.374814199442362,60.008518061041137]]]},"properties":{"category":"classroom","name":{"ru":"Кабинет 338","en":"Classroom 338"},"alt_name":{"ru":"338","en":"338"},"restriction":null,"accessibility":null,"level_id":"40feaf3e-79af-4065-94b7-52c686b48356","display_point":{"type":"Point","coordinates":[30.374766395535676,60.008543237544409]}}},{"id":"3db66943-77db-4c45-ac8e-92c09a337417","type":"Feature","feature_type":"unit","geometry":{"type":"Polygon","coordinates":[[[30.374938063906189,60.0087015261567],[30.374821981385796,60.00872115929532],[30.3748530338003,60.008766928418495],[30.374855931446437,60.008766439346516],[30.37496896898416,60.008747357854737],[30.374938063906189,60.0087015261567]]]},"properties":{"category":"laboratory","name":{"ru":"Лабораторная 345","en":"Lab 345"},"alt_name":{"ru":"345","en":"345"},"restriction":null,"accessibility":null,"level_id":"40feaf3e-79af-4065-94b7-52c686b48356","display_point":{"type":"Point","coordinates":[30.374887483858636,60.00874055640594]}}},{"id":"7dcf6dd2-90b4-4a94-b641-ebd0567b92e1","type":"Feature","feature_type":"unit","geometry":{"type":"Polygon","coordinates":[[[30.374969008786966,60.008747360599251],[30.374854124946893,60.008766743987316],[30.374853954206472,60.008766773079138],[30.374853101876866,60.008766916891545],[30.374886986370427,60.0088171057763],[30.375003064098898,60.008797520392186],[30.374969008786966,60.008747360599251]]]},"properties":{"category":"classroom","name":{"ru":"Кабинет 348","en":"Classroom 348"},"alt_name":{"ru":"348","en":"348"},"restriction":null,"accessibility":null,"level_id":"40feaf3e-79af-4065-94b7-52c686b48356","display_point":{"type":"Point","coordinates":[30.374903305027598,60.008777081464935]}}},{"id":"a0500fcf-a74a-4efd-bad6-b0b01852fd52","type":"Feature","feature_type":"unit","geometry":{"type":"Polygon","coordinates":[[[30.375480899332576,60.008756763296205],[30.375417321135263,60.008767490494485],[30.375452989518955,60.008820320697268],[30.375517760746959,60.00880939205183],[30.375480899332576,60.008756763296205]]]},"properties":{"category":"classroom","name":{"ru":"Кабинет 351","en":"Classroom 351"},"alt_name":{"ru":"351","en":"351"},"restriction":null,"accessibility":null,"level_id":"40feaf3e-79af-4065-94b7-52c686b48356","display_point":{"type":"Point","coordinates":[30.37546727657983,60.0087884860087]}}},{"id":"fbc8e2e5-cdf6-41a6-99ef-cf6c8647c7ae","type":"Feature","feature_type":"unit","geometry":{"type":"Polygon","coordinates":[[[30.375338005713036,60.008682634585121],[30.375337718032686,60.008682208636912],[30.375226242902134,60.008701016775333],[30.375261911097361,60.008753846978109],[30.375373045375586,60.008735096474439],[30.375338005713036,60.008682634585121]]]},"properties":{"category":"classroom","name":{"ru":"Кабинет 347","en":"Classroom 347"},"alt_name":{"ru":"347","en":"347"},"restriction":null,"accessibility":null,"level_id":"40feaf3e-79af-4065-94b7-52c686b48356","display_point":{"type":"Point","coordinates":[30.375299847671183,60.00871963609135]}}},{"id":"49d5676b-778a-49ef-9a04-04f23712df54","type":"Feature","feature_type":"unit","geometry":{"type":"Polygon","coordinates":[[[30.374940786911619,60.008847918408733],[30.374891356130778,60.008856258430768],[30.374927023867738,60.00890908808465],[30.374976454683559,60.008900748062608],[30.374940786911619,60.008847918408733]]]},"properties":{"category":"administration","name":{"ru":"Кабинет 357 Заместитель директора ИФНиТ","en":"Classroom 357"},"alt_name":{"ru":"357","en":"357"},"restriction":null,"accessibility":null,"level_id":"40feaf3e-79af-4065-94b7-52c686b48356","display_point":{"type":"Point","coordinates":[30.374933905392858,60.008878503246692]}}},{"id":"70191237-1355-41f5-bb82-31f9d1b02242","type":"Feature","feature_type":"unit","geometry":{"type":"Polygon","coordinates":[[[30.374797788042894,60.008872115121349],[30.374596143424313,60.008906137185711],[30.374631753581674,60.008958881759725],[30.374833398342737,60.008924859695362],[30.374797788042894,60.008872115121349]]]},"properties":{"category":"classroom","name":{"ru":"Кабинет 359","en":"Classroom 359"},"alt_name":{"ru":"359","en":"359"},"restriction":null,"accessibility":null,"level_id":"40feaf3e-79af-4065-94b7-52c686b48356","display_point":{"type":"Point","coordinates":[30.37471477031773,60.008915498166083]}}},{"id":"f67c9b6b-0205-44bc-b1a5-1fbc5fb074dc","type":"Feature","feature_type":"unit","geometry":{"type":"Polygon","coordinates":[[[30.373714106861843,60.008954250121846],[30.373674050430445,60.008961008756266],[30.373710752923213,60.00901537259216],[30.373750468175228,60.00900867159249],[30.373714106861843,60.008954250121846]]]},"properties":{"category":"administration","name":{"ru":"Кабинет 360","en":"Classroom 360"},"alt_name":{"ru":"360","en":"360"},"restriction":null,"accessibility":null,"level_id":"40feaf3e-79af-4065-94b7-52c686b48356","display_point":{"type":"Point","coordinates":[30.373712344522563,60.008984825628467]}}},{"id":"63331235-91ca-408a-8388-5cb9d6c8c017","type":"Feature","feature_type":"unit","geometry":{"type":"Polygon","coordinates":[[[30.373674050430445,60.008961008756266],[30.373532404435142,60.008984907414913],[30.373569277017424,60.009039242707885],[30.373710752923213,60.00901537259216],[30.373674050430445,60.008961008756266]]]},"properties":{"category":"administration","name":{"ru":"Кабинет 361","en":"Classroom 361"},"alt_name":{"ru":"361","en":"361"},"restriction":null,"accessibility":null,"level_id":"40feaf3e-79af-4065-94b7-52c686b48356","display_point":{"type":"Point","coordinates":[30.373621609952071,60.009000136710121]}}},{"id":"a33e23ac-d578-4dac-b082-7519a820f02e","type":"Feature","feature_type":"unit","geometry":{"type":"Polygon","coordinates":[[[30.373928539920826,60.009017353031773],[30.373746211279521,60.00904792579388],[30.373782799140365,60.009102119470057],[30.373842457453403,60.009092053699085],[30.373965012899774,60.009071375999326],[30.373928539920826,60.009017353031773]]]},"properties":{"category":"administration","name":{"ru":"Кабинет 355","en":"Classroom 355"},"alt_name":{"ru":"355","en":"355"},"restriction":null,"accessibility":null,"level_id":"40feaf3e-79af-4065-94b7-52c686b48356","display_point":{"type":"Point","coordinates":[30.373855183711225,60.009059438471404]}}},{"id":"f9af81f5-7d37-459f-89b3-e4efa546fa10","type":"Feature","feature_type":"unit","geometry":{"type":"Polygon","coordinates":[[[30.373691822645903,60.009057360876071],[30.373691781197067,60.009057299399011],[30.373627520826293,60.009068141317883],[30.373663652652674,60.009122221920173],[30.373728083811876,60.009111350909485],[30.373691822645903,60.009057360876071]]]},"properties":{"category":"administration","name":{"ru":"354","en":"354"},"alt_name":{"ru":"354","en":"354"},"restriction":null,"accessibility":null,"level_id":"40feaf3e-79af-4065-94b7-52c686b48356","display_point":{"type":"Point","coordinates":[30.373673191199082,60.009089384935947]}}},{"id":"d8bb1651-9858-442c-a5fc-189aba13e8dd","type":"Feature","feature_type":"unit","geometry":{"type":"Polygon","coordinates":[[[30.373581157577174,60.009075963725017],[30.373535759751562,60.009083528148061],[30.373572119622743,60.0091376652873],[30.373617289644422,60.009130044327314],[30.373581157577174,60.009075963725017]]]},"properties":{"category":"administration","name":{"ru":"Кабинет 352","en":"Classroom 352"},"alt_name":{"ru":"352","en":"352"},"restriction":null,"accessibility":null,"level_id":"40feaf3e-79af-4065-94b7-52c686b48356","display_point":{"type":"Point","coordinates":[30.373576581231102,60.009106800509144]}}},{"id":"c1a5a6fb-0a63-4d82-8f34-905c9c1f1851","type":"Feature","feature_type":"unit","geometry":{"type":"Polygon","coordinates":[[[30.373421950108749,60.009163002618955],[30.373385590895573,60.009108864930816],[30.373284001058753,60.009126005503951],[30.373320588035067,60.009180199180129],[30.373421950108749,60.009163002618955]]]},"properties":{"category":"administration","name":{"ru":"Кабинет 349 ПРОФ","en":"Classroom 349"},"alt_name":{"ru":"349","en":"349"},"restriction":null,"accessibility":null,"level_id":"40feaf3e-79af-4065-94b7-52c686b48356","display_point":{"type":"Point","coordinates":[30.373353131619364,60.009144524370839]}}},{"id":"b6a460d0-d504-4af1-a1d4-9baf411537d9","type":"Feature","feature_type":"unit","geometry":{"type":"Polygon","coordinates":[[[30.373284001058753,60.009126005503951],[30.373221274488131,60.009136588889824],[30.37325780432429,60.009190696937232],[30.373320530940365,60.009180114100268],[30.373284001058753,60.009126005503951]]]},"properties":{"category":"classroom","name":null,"alt_name":null,"restriction":"restricted","accessibility":null,"level_id":"40feaf3e-79af-4065-94b7-52c686b48356","display_point":{"type":"Point","coordinates":[30.373272000888047,60.009156885102463]}}},{"id":"99f06eb2-3d1e-4e32-9c14-30a0939c9cb4","type":"Feature","feature_type":"unit","geometry":{"type":"Polygon","coordinates":[[[30.373251044135497,60.008331900266221],[30.373268678392321,60.008328924666678],[30.373226109156736,60.008265869511249],[30.373173269561534,60.008274784782927],[30.373215838752486,60.008337839938356],[30.373251044135497,60.008331900266221]]]},"properties":{"category":"stairs","name":null,"alt_name":null,"restriction":null,"accessibility":null,"level_id":"40feaf3e-79af-4065-94b7-52c686b48356","display_point":{"type":"Point","coordinates":[30.37322600612886,60.008290185335667]}}},{"id":"8dcd6171-261c-4f30-8ae3-aabf3696d78c","type":"Feature","feature_type":"unit","geometry":{"type":"Polygon","coordinates":[[[30.373691666457916,60.009057129239288],[30.373728254004668,60.009111322366564],[30.373782799140365,60.009102119470057],[30.373746211279521,60.00904792579388],[30.373691666457916,60.009057129239288]]]},"properties":{"category":"stairs","name":null,"alt_name":null,"restriction":null,"accessibility":null,"level_id":"40feaf3e-79af-4065-94b7-52c686b48356","display_point":{"type":"Point","coordinates":[30.373734339488916,60.0090958680214]}}},{"id":"211ffd0f-b014-4de8-8540-1b9a23519fdf","type":"Feature","feature_type":"unit","geometry":{"type":"Polygon","coordinates":[[[30.374392975380132,60.008940321176262],[30.374428643038854,60.008993151379038],[30.374481483313229,60.008984236107359],[30.374445815617111,60.008931405904576],[30.374392975380132,60.008940321176262]]]},"properties":{"category":"stairs","name":null,"alt_name":null,"restriction":null,"accessibility":null,"level_id":"40feaf3e-79af-4065-94b7-52c686b48356","display_point":{"type":"Point","coordinates":[30.374435648197512,60.008979059958364]}}},{"id":"5de98001-ddb4-415d-ac3c-2d503bd4b511","type":"Feature","feature_type":"unit","geometry":{"type":"Polygon","coordinates":[[[30.375364549236668,60.00877639423922],[30.375400217034002,60.008829223893095],[30.375453057046464,60.008820308621416],[30.37541738921173,60.008767478967535],[30.375364549236668,60.00877639423922]]]},"properties":{"category":"stairs","name":null,"alt_name":null,"restriction":null,"accessibility":null,"level_id":"40feaf3e-79af-4065-94b7-52c686b48356","display_point":{"type":"Point","coordinates":[30.375407222242821,60.008815133570224]}}},{"id":"9cef4fc1-fc7c-4ef1-a4c6-102fcf7b092b","type":"Feature","feature_type":"unit","geometry":{"type":"Polygon","coordinates":[[[30.37493598566844,60.00804049076249],[30.374897797672524,60.007983815773322],[30.374843253888663,60.007993018120921],[30.374879946374183,60.00804747883808],[30.374881441843158,60.008049693659],[30.37493598566844,60.00804049076249]]]},"properties":{"category":"stairs","name":null,"alt_name":null,"restriction":null,"accessibility":null,"level_id":"40feaf3e-79af-4065-94b7-52c686b48356","display_point":{"type":"Point","coordinates":[30.37489138892548,60.008001601581142]}}},{"id":"d4112b9a-20f6-4193-9776-3c0cf12274bf","type":"Feature","feature_type":"unit","geometry":{"type":"Polygon","coordinates":[[[30.374451991136269,60.008290914277964],[30.374433409613115,60.00826339121722],[30.374327730463389,60.008281221760583],[30.374346311947576,60.008308744821328],[30.374451991136269,60.008290914277964]]]},"properties":{"category":"classroom","name":{"ru":"Кабинет ","en":"Classroom "},"alt_name":null,"restriction":"restricted","accessibility":null,"level_id":"40feaf3e-79af-4065-94b7-52c686b48356","display_point":{"type":"Point","coordinates":[30.374395674390247,60.008291303998618]}}},{"id":"86028027-260f-40e4-a516-af861ba6caf4","type":"Feature","feature_type":"unit","geometry":{"type":"Polygon","coordinates":[[[30.372498434517116,60.008458502942467],[30.372455926308547,60.008395817198306],[30.372410585639408,60.008403467250112],[30.372452924167241,60.008466181537194],[30.372498434517116,60.008458502942467]]]},"properties":{"category":"administration","name":{"ru":"Кабинет 311","en":"Classroom 311"},"alt_name":{"ru":"311","en":"311"},"restriction":null,"accessibility":null,"level_id":"40feaf3e-79af-4065-94b7-52c686b48356","display_point":{"type":"Point","coordinates":[30.372454467923831,60.008430992506469]}}},{"id":"9e01476a-5709-48bb-b701-9131621abfea","type":"Feature","feature_type":"unit","geometry":{"type":"Polygon","coordinates":[[[30.372303779095976,60.008491345964622],[30.372261440693446,60.008428631677539],[30.372176954230387,60.008442981631212],[30.372219234920312,60.008505610289532],[30.372303779095976,60.008491345964622]]]},"properties":{"category":"stairs","name":null,"alt_name":null,"restriction":null,"accessibility":null,"level_id":"40feaf3e-79af-4065-94b7-52c686b48356","display_point":{"type":"Point","coordinates":[30.37224548122818,60.008455053640212]}}},{"id":"7fec7218-2984-462d-b7d8-4a5bd794b78b","type":"Feature","feature_type":"unit","geometry":{"type":"Polygon","coordinates":[[[30.372800411749644,60.008513193924152],[30.372767566273691,60.008464824101722],[30.372657169306205,60.008483260633263],[30.372656998565567,60.008483289176183],[30.372656998565567,60.008483289176183],[30.372690248279831,60.008532540535761],[30.372800411749644,60.008513193924152]]]},"properties":{"category":"administration","name":{"ru":" Кабинет 305","en":"Classroom 305"},"alt_name":{"ru":"305","en":"305"},"restriction":null,"accessibility":null,"level_id":"40feaf3e-79af-4065-94b7-52c686b48356","display_point":{"type":"Point","coordinates":[30.372728962615266,60.008498482792746]}}},{"id":"05805578-8692-46e8-afd9-e1a56428d742","type":"Feature","feature_type":"unit","geometry":{"type":"Polygon","coordinates":[[[30.372767566273691,60.008464824101722],[30.372755831114915,60.008447440913763],[30.372645435810206,60.00846616177671],[30.372656998565567,60.008483289176183],[30.372767566273691,60.008464824101722]]]},"properties":{"category":"administration","name":{"ru":"Кабинет 305А","en":"Classroom 305А"},"alt_name":{"ru":"305А","en":"305А"},"restriction":null,"accessibility":null,"level_id":"40feaf3e-79af-4065-94b7-52c686b48356","display_point":{"type":"Point","coordinates":[30.372707305841107,60.008466614072233]}}},{"id":"ec1ff372-4263-4e46-a8bd-6fafc96462f5","type":"Feature","feature_type":"unit","geometry":{"type":"Polygon","coordinates":[[[30.372816746536742,60.008537109049868],[30.372800411749644,60.008513193924152],[30.372689845607042,60.008531943878921],[30.372705952799119,60.008555802467704],[30.372816746536742,60.008537109049868]]]},"properties":{"category":"administration","name":{"ru":"Кабинет 304","en":"Classroom 304"},"alt_name":{"ru":"304","en":"304"},"restriction":null,"accessibility":null,"level_id":"40feaf3e-79af-4065-94b7-52c686b48356","display_point":{"type":"Point","coordinates":[30.372753238836363,60.008534512741839]}}},{"id":"e218b4b2-da3a-470c-bc26-06cf178d9095","type":"Feature","feature_type":"unit","geometry":{"type":"Polygon","coordinates":[[[30.372847637992308,60.0085828666461],[30.37283417927059,60.008563212100285],[30.372794067538759,60.00856991145325],[30.372723270483853,60.008581734809489],[30.372736731362792,60.008601674235614],[30.372847637992308,60.0085828666461]]]},"properties":{"category":"administration","name":{"ru":"Кабинет 302","en":"Classroom 302"},"alt_name":{"ru":"302","en":"302"},"restriction":null,"accessibility":null,"level_id":"40feaf3e-79af-4065-94b7-52c686b48356","display_point":{"type":"Point","coordinates":[30.372785455195952,60.0085823720851]}}},{"id":"35d3abae-f1ba-4452-bf30-31ceca1cf9f3","type":"Feature","feature_type":"unit","geometry":{"type":"Polygon","coordinates":[[[30.372863860264427,60.0086068959435],[30.372847637992308,60.0085828666461],[30.372736731637278,60.008601674784515],[30.372752953599235,60.008625703533021],[30.372863860264427,60.0086068959435]]]},"properties":{"category":"administration","name":{"ru":"Кабинет 301","en":"Classroom 301"},"alt_name":{"ru":"301","en":"301"},"restriction":null,"accessibility":null,"level_id":"40feaf3e-79af-4065-94b7-52c686b48356","display_point":{"type":"Point","coordinates":[30.372800295948345,60.008604285364008]}}},{"id":"c33fc949-3a0f-4623-802a-b8fa8689a82a","type":"Feature","feature_type":"unit","geometry":{"type":"Polygon","coordinates":[[[30.372880772887751,60.008631947845949],[30.372863860264427,60.0086068959435],[30.372752953599235,60.008625703533021],[30.372769753635882,60.008650869058251],[30.372880772887751,60.008631947845949]]]},"properties":{"category":"administration","name":{"ru":"Кабинет 330","en":"Classroom 330"},"alt_name":{"ru":"330","en":"330"},"restriction":null,"accessibility":null,"level_id":"40feaf3e-79af-4065-94b7-52c686b48356","display_point":{"type":"Point","coordinates":[30.372816878337389,60.008628846547772]}}},{"id":"adac8e6e-d3fe-4a2f-a110-41be2254e272","type":"Feature","feature_type":"unit","geometry":{"type":"Polygon","coordinates":[[[30.372910916723288,60.008676597757272],[30.372880772887751,60.008631947845949],[30.372770086608355,60.00865081252131],[30.372769753635882,60.008650869058251],[30.372799839762482,60.008695433889706],[30.372910916723288,60.008676597757272]]]},"properties":{"category":"classroom","name":null,"alt_name":null,"restriction":"restricted","accessibility":null,"level_id":"40feaf3e-79af-4065-94b7-52c686b48356","display_point":{"type":"Point","coordinates":[30.372847281515767,60.008674022307531]}}},{"id":"bf573ef3-f90f-4f59-8381-7b73fc1a3fbe","type":"Feature","feature_type":"unit","geometry":{"type":"Polygon","coordinates":[[[30.372927081398618,60.00870054142591],[30.372910859080562,60.00867651212851],[30.3727998397625,60.008695433340804],[30.372816004676693,60.008719378107251],[30.372927081398618,60.00870054142591]]]},"properties":{"category":"administration","name":{"ru":"Кабинет 333","en":"Classroom 333"},"alt_name":{"ru":"333","en":"333"},"restriction":null,"accessibility":null,"level_id":"40feaf3e-79af-4065-94b7-52c686b48356","display_point":{"type":"Point","coordinates":[30.372863446167415,60.008697966525069]}}},{"id":"e2b3e94d-c1a6-4199-83d8-77c8139eee8a","type":"Feature","feature_type":"unit","geometry":{"type":"Polygon","coordinates":[[[30.372945200185828,60.008727098418554],[30.372927081398618,60.00870054142591],[30.372816004676693,60.008719378107251],[30.372833895040532,60.008745878014054],[30.372945200185828,60.008727098418554]]]},"properties":{"category":"classroom","name":null,"alt_name":null,"restriction":"restricted","accessibility":null,"level_id":"40feaf3e-79af-4065-94b7-52c686b48356","display_point":{"type":"Point","coordinates":[30.372880544096336,60.008723221521379]}}},{"id":"09e45ec9-14c0-4e51-8e67-2b974739f384","type":"Feature","feature_type":"unit","geometry":{"type":"Polygon","coordinates":[[[30.373008649385419,60.0088208004379],[30.372945029444683,60.008727126961475],[30.372806622555458,60.0087504794623],[30.372869901388686,60.008844210024577],[30.373008649385419,60.0088208004379]]]},"properties":{"category":"administration","name":{"ru":"Кабинет 335","en":"Classroom 335"},"alt_name":{"ru":"335","en":"335"},"restriction":null,"accessibility":null,"level_id":"40feaf3e-79af-4065-94b7-52c686b48356","display_point":{"type":"Point","coordinates":[30.372907547938432,60.008785650379245]}}},{"id":"4efb325a-14bf-44d4-8b21-861836d08bec","type":"Feature","feature_type":"unit","geometry":{"type":"Polygon","coordinates":[[[30.373868365894349,60.008928223368855],[30.373714106861843,60.008954250121846],[30.373750979301793,60.009008585414819],[30.373905011158858,60.008982501575986],[30.373868365894349,60.008928223368855]]]},"properties":{"category":"administration","name":{"ru":"Кабинет 359","en":"Classroom 359"},"alt_name":{"ru":"359","en":"359"},"restriction":null,"accessibility":null,"level_id":"40feaf3e-79af-4065-94b7-52c686b48356","display_point":{"type":"Point","coordinates":[30.373809615537347,60.008968389845926]}}},{"id":"b85908ec-8d8b-4c8d-bc6e-4ce07d2f0d3e","type":"Feature","feature_type":"unit","geometry":{"type":"Polygon","coordinates":[[[30.373321550705537,60.00898194718463],[30.37330210645338,60.008953146279254],[30.373191437878749,60.008971828170139],[30.373210926558173,60.009000612059545],[30.373321550705537,60.00898194718463]]]},"properties":{"category":"restroom","name":{"ru":"Туалет женский","en":"Restroom female"},"alt_name":{"ru":"Туалет Ж.","en":"Restroom F."},"restriction":null,"accessibility":null,"level_id":"40feaf3e-79af-4065-94b7-52c686b48356","display_point":{"type":"Point","coordinates":[30.373256206442825,60.008977965996017]}}},{"id":"61d50a5a-e5c3-4f87-b28e-b4ad666a91a9","type":"Feature","feature_type":"unit","geometry":{"type":"Polygon","coordinates":[[[30.37330210645338,60.008953146279254],[30.373270406961108,60.008905911586851],[30.373159612733929,60.00892460500468],[30.3731914823487,60.008971811154161],[30.37330210645338,60.008953146279254]]]},"properties":{"category":"administration","name":{"ru":"Кабинет 345","en":"Classroom 345"},"alt_name":{"ru":"345","en":"345"},"restriction":null,"accessibility":null,"level_id":"40feaf3e-79af-4065-94b7-52c686b48356","display_point":{"type":"Point","coordinates":[30.373230874401433,60.008938875916421]}}},{"id":"108f05a4-5bbc-4edd-b7a7-73edd9b7df01","type":"Feature","feature_type":"unit","geometry":{"type":"Polygon","coordinates":[[[30.373270406961108,60.008905911586851],[30.373250733003676,60.008876769813121],[30.373139938819751,60.008895463230957],[30.373159544656904,60.00892461653163],[30.373270406961108,60.008905911586851]]]},"properties":{"category":"restroom","name":{"ru":"Туалет мужской","en":"Restroom male"},"alt_name":{"ru":"Туалет М.","en":"Restroom M."},"restriction":null,"accessibility":null,"level_id":"40feaf3e-79af-4065-94b7-52c686b48356","display_point":{"type":"Point","coordinates":[30.373203735056084,60.008900075657252]}}},{"id":"706330a3-9e02-4909-90c9-36f74a4de697","type":"Feature","feature_type":"unit","geometry":{"type":"Polygon","coordinates":[[[30.372942179627138,60.00838401305365],[30.372899439927238,60.008320986441142],[30.372849838542638,60.008329355006104],[30.37289229244994,60.008392240001811],[30.372942179627138,60.00838401305365]]]},"properties":{"category":"administration","name":{"ru":"Кабинет 307","en":"Classroom 307"},"alt_name":{"ru":"307","en":"307"},"restriction":null,"accessibility":null,"level_id":"40feaf3e-79af-4065-94b7-52c686b48356","display_point":{"type":"Point","coordinates":[30.372895966106249,60.008356691440056]}}},{"id":"29365074-c2c1-4dac-86b7-98a84c9fb315","type":"Feature","feature_type":"unit","geometry":{"type":"Polygon","coordinates":[[[30.372993314958059,60.008375384857885],[30.372951086886236,60.00831227206772],[30.372899439927238,60.008320986441142],[30.372942462641642,60.008383870339046],[30.372993314958059,60.008375384857885]]]},"properties":{"category":"administration","name":{"ru":"Кабинет 306","en":"Classroom 306"},"alt_name":{"ru":"306","en":"306"},"restriction":null,"accessibility":null,"level_id":"40feaf3e-79af-4065-94b7-52c686b48356","display_point":{"type":"Point","coordinates":[30.37294657575168,60.008348128563675]}}},{"id":"66967515-65ec-4612-892a-934b499174c0","type":"Feature","feature_type":"unit","geometry":{"type":"Polygon","coordinates":[[[30.373046267755388,60.008366356512326],[30.373003585335763,60.008303414430777],[30.372951086886236,60.00831227206772],[30.372993655889488,60.008375327772043],[30.373046267755388,60.008366356512326]]]},"properties":{"category":"administration","name":{"ru":"Кабинет 317","en":"Classroom 317"},"alt_name":{"ru":"212","en":"212"},"restriction":null,"accessibility":null,"level_id":"40feaf3e-79af-4065-94b7-52c686b48356","display_point":{"type":"Point","coordinates":[30.372998648752475,60.008339342284039]}}},{"id":"457d39ad-d7a1-4c7e-aedb-e0838147ac48","type":"Feature","feature_type":"unit","geometry":{"type":"Polygon","coordinates":[[[30.373142629696584,60.008350192436446],[30.373099890376547,60.008287165275036],[30.373054550405367,60.008294815326842],[30.37309711949602,60.008357871031173],[30.373142629696584,60.008350192436446]]]},"properties":{"category":"administration","name":{"ru":"Кабинет 315","en":"Classroom 315"},"alt_name":{"ru":"209","en":"209"},"restriction":null,"accessibility":null,"level_id":"40feaf3e-79af-4065-94b7-52c686b48356","display_point":{"type":"Point","coordinates":[30.373094286258006,60.008323230353881]}}},{"id":"0fc868e0-a8c0-44de-830f-8511008fbc84","type":"Feature","feature_type":"unit","geometry":{"type":"Polygon","coordinates":[[[30.37321575338246,60.008337854758722],[30.3731730134517,60.008274828146213],[30.373099890376547,60.008287165275036],[30.373142459505498,60.008350220979366],[30.37321575338246,60.008337854758722]]]},"properties":{"category":"administration","name":{"ru":"Кабинет 314","en":"Classroom 314"},"alt_name":{"ru":"208","en":"208"},"restriction":null,"accessibility":null,"level_id":"40feaf3e-79af-4065-94b7-52c686b48356","display_point":{"type":"Point","coordinates":[30.37314657223282,60.008314408395591]}}},{"id":"8a59ddb8-e8b4-47cb-9228-ca51e4c4c5ce","type":"Feature","feature_type":"unit","geometry":{"type":"Polygon","coordinates":[[[30.373464965137007,60.008327888339075],[30.373402951629718,60.008236031729361],[30.373243239687145,60.008262978991567],[30.373227387235012,60.008265653792627],[30.373226194526652,60.008265855239785],[30.373287808967895,60.008357683855472],[30.373464965137007,60.008327888339075]]]},"properties":{"category":"administration","name":{"ru":"Кабинет 313","en":"Classroom 313"},"alt_name":{"ru":"207","en":"207"},"restriction":null,"accessibility":null,"level_id":"40feaf3e-79af-4065-94b7-52c686b48356","display_point":{"type":"Point","coordinates":[30.373344755038733,60.008296915976068]}}},{"id":"3d9e26aa-1962-4d7c-9bbd-6a52e89d5237","type":"Feature","feature_type":"unit","geometry":{"type":"Polygon","coordinates":[[[30.373500804104985,60.008380973781435],[30.373464965137007,60.008327888339075],[30.37325627558414,60.008363004365783],[30.373291944486951,60.008416118899973],[30.373500804104985,60.008380973781435]]]},"properties":{"category":"administration","name":{"ru":"Кабинет 312","en":"Classroom 312"},"alt_name":{"ru":"312","en":"312"},"restriction":null,"accessibility":null,"level_id":"40feaf3e-79af-4065-94b7-52c686b48356","display_point":{"type":"Point","coordinates":[30.373378498378152,60.0083719981305]}}},{"id":"c95fc1bc-93c9-4e05-8841-ca698f1f4fdb","type":"Feature","feature_type":"unit","geometry":{"type":"Polygon","coordinates":[[[30.373291944486951,60.008416118899973],[30.37325627558414,60.008363004365783],[30.373142983194573,60.00838221430071],[30.373178821933571,60.00843529974307],[30.373291944486951,60.008416118899973]]]},"properties":{"category":"administration","name":{"ru":"Кабинет 311","en":"Classroom 311"},"alt_name":{"ru":"201","en":"201"},"restriction":null,"accessibility":null,"level_id":"40feaf3e-79af-4065-94b7-52c686b48356","display_point":{"type":"Point","coordinates":[30.373217506369482,60.008399158915708]}}},{"id":"778fdcfe-541c-4ac6-8256-67aec1f29e85","type":"Feature","feature_type":"unit","geometry":{"type":"Polygon","coordinates":[[[30.373023549004216,60.008842869605076],[30.373008649385419,60.0088208004379],[30.37290058269814,60.008839033875581],[30.372915482284988,60.008861103042754],[30.373023549004216,60.008842869605076]]]},"properties":{"category":"administration","name":{"ru":"Кабинет 336","en":"Classroom 336"},"alt_name":{"ru":"336","en":"336"},"restriction":null,"accessibility":null,"level_id":"40feaf3e-79af-4065-94b7-52c686b48356","display_point":{"type":"Point","coordinates":[30.372962065712162,60.008840951191424]}}},{"id":"0e22e332-6f70-4330-896a-0ead6b7e046b","type":"Feature","feature_type":"unit","geometry":{"type":"Polygon","coordinates":[[[30.373103800582061,60.008962022029969],[30.37305731905003,60.008893172112622],[30.372949422450553,60.008911376458471],[30.372995903883062,60.008980226375819],[30.373103800582061,60.008962022029969]]]},"properties":{"category":"administration","name":{"ru":"Кабинет 339","en":"Classroom 339"},"alt_name":{"ru":"339","en":"339"},"restriction":null,"accessibility":null,"level_id":"40feaf3e-79af-4065-94b7-52c686b48356","display_point":{"type":"Point","coordinates":[30.373026611624,60.008936699518671]}}},{"id":"daba7bfd-5c0a-4da0-b976-6959a4d474d9","type":"Feature","feature_type":"unit","geometry":{"type":"Polygon","coordinates":[[[30.373120020577652,60.008985766447061],[30.37310397077475,60.008961992938147],[30.372995903883062,60.008980226375819],[30.373011953651545,60.00900399988474],[30.373120020577652,60.008985766447061]]]},"properties":{"category":"administration","name":{"ru":"Кабинет 342","en":"Classroom 342"},"alt_name":{"ru":"342","en":"342"},"restriction":null,"accessibility":null,"level_id":"40feaf3e-79af-4065-94b7-52c686b48356","display_point":{"type":"Point","coordinates":[30.373057968129331,60.008983004919429]}}},{"id":"62b2431e-d737-47e5-afbc-aa7200abb7aa","type":"Feature","feature_type":"unit","geometry":{"type":"Polygon","coordinates":[[[30.373197746056384,60.009101738531839],[30.373165696879497,60.009053423050744],[30.373057629855442,60.009071656488416],[30.373090132447167,60.009119800163084],[30.373197746056384,60.009101738531839]]]},"properties":{"category":"administration","name":{"ru":"Кабинет 347","en":"Classroom 347"},"alt_name":{"ru":"347","en":"347"},"restriction":null,"accessibility":null,"level_id":"40feaf3e-79af-4065-94b7-52c686b48356","display_point":{"type":"Point","coordinates":[30.373127914682296,60.009086611332464]}}},{"id":"8f46f3aa-9350-4654-84d2-245dd3d70a9e","type":"Feature","feature_type":"unit","geometry":{"type":"Polygon","coordinates":[[[30.373165696879497,60.009053423050744],[30.373133769600503,60.009006131272493],[30.373025702644917,60.009024364710172],[30.373057629855442,60.009071656488416],[30.373165696879497,60.009053423050744]]]},"properties":{"category":"administration","name":{"ru":"346 Стипендиально-договорной отдел","en":"346"},"alt_name":{"ru":"346","en":"346"},"restriction":null,"accessibility":null,"level_id":"40feaf3e-79af-4065-94b7-52c686b48356","display_point":{"type":"Point","coordinates":[30.373095700021324,60.009038894154905]}}},{"id":"de30a606-5f7d-4916-8641-59555772963c","type":"Feature","feature_type":"unit","geometry":{"type":"Polygon","coordinates":[[[30.373133711957188,60.009006046192631],[30.373119507262352,60.008985568293319],[30.373011953651545,60.00900399988474],[30.373025645001722,60.00902427963031],[30.373133711957188,60.009006046192631]]]},"properties":{"category":"administration","name":{"ru":"Кабинет 343","en":"Classroom 343"},"alt_name":{"ru":"343","en":"343"},"restriction":null,"accessibility":null,"level_id":"40feaf3e-79af-4065-94b7-52c686b48356","display_point":{"type":"Point","coordinates":[30.373072704474609,60.009004973088572]}}},{"id":"12e45eb3-9155-46ff-82dd-5c1344899a6e","type":"Feature","feature_type":"unit","geometry":{"type":"Polygon","coordinates":[[[30.372418976861987,60.008567204815854],[30.372381010302533,60.008510966478489],[30.372481349071936,60.008493942272651],[30.372461106544183,60.008464801047829],[30.372452924167241,60.008466181537194],[30.372410585639408,60.008403467250112],[30.372261440693446,60.008428631677539],[30.372303779095976,60.008491345964622],[30.372231848334984,60.008503482195188],[30.372219064728409,60.008505639381355],[30.372176896588815,60.00844289600245],[30.371996729052064,60.008473293664714],[30.3720968218797,60.008621559869312],[30.372418976861987,60.008567204815854]]]},"properties":{"category":"classroom","name":null,"alt_name":null,"restriction":"restricted","accessibility":null,"level_id":"40feaf3e-79af-4065-94b7-52c686b48356","display_point":{"type":"Point","coordinates":[30.372093672119089,60.008504395568671]}}},{"id":"a0ae4b34-13d3-43ec-b970-a2b50e331a7c","type":"Feature","feature_type":"unit","geometry":{"type":"Polygon","coordinates":[[[30.374183616141906,60.008635845601411],[30.374175562130919,60.008623915758122],[30.374485783375356,60.008571574627318],[30.37442250251312,60.008477843516147],[30.37411228165821,60.008530185195852],[30.374104227947452,60.008518255901464],[30.373988378552653,60.008537896724718],[30.373981417903039,60.00852758669221],[30.373667787695698,60.008580503072658],[30.373565516879339,60.008597758915279],[30.3735724151616,60.008607976732193],[30.373456513023694,60.008627540160219],[30.373464566630943,60.008639469454607],[30.373157753589233,60.008691235884669],[30.373221032863352,60.008784966995847],[30.373527846290333,60.008733200016884],[30.3735359001978,60.008745129860174],[30.374183616141906,60.008635845601411]]]},"properties":{"category":"classroom","name":null,"alt_name":null,"restriction":"restricted","accessibility":null,"level_id":"40feaf3e-79af-4065-94b7-52c686b48356","display_point":{"type":"Point","coordinates":[30.373662461140974,60.008628860270328]}}},{"id":"e108d504-73b2-477f-b4bd-01414160cc69","type":"Feature","feature_type":"unit","geometry":{"type":"Polygon","coordinates":[[[30.374754991853816,60.00873971384086],[30.37473445234145,60.008709009891092],[30.374625193051138,60.008727444227027],[30.3746459029845,60.008758119633868],[30.374754991853816,60.00873971384086]]]},"properties":{"category":"restroom","name":{"ru":"Туалет мужской","en":"Restroom male"},"alt_name":{"ru":"Туалет М.","en":"Restroom M."},"restriction":null,"accessibility":null,"level_id":"40feaf3e-79af-4065-94b7-52c686b48356","display_point":{"type":"Point","coordinates":[30.374695398849738,60.0087326642882]}}},{"id":"1de336bf-0c55-4921-8e03-bf1cbdbb63ed","type":"Feature","feature_type":"unit","geometry":{"type":"Polygon","coordinates":[[[30.37473445234145,60.008709009891092],[30.374702581203088,60.00866180374161],[30.374593321981873,60.008680238077538],[30.374625193051138,60.008727444227027],[30.37473445234145,60.008709009891092]]]},"properties":{"category":"classroom","name":{"ru":"Кабинет 343","en":"Classroom 343"},"alt_name":{"ru":"343","en":"343"},"restriction":null,"accessibility":null,"level_id":"40feaf3e-79af-4065-94b7-52c686b48356","display_point":{"type":"Point","coordinates":[30.374663887283564,60.008694623709864]}}},{"id":"817eaa9f-9d2b-484b-a77a-a3e0d3e6afd6","type":"Feature","feature_type":"unit","geometry":{"type":"Polygon","coordinates":[[[30.37448299862254,60.00833684203392],[30.374451991136269,60.008290914277964],[30.374346482412538,60.008308715729505],[30.374377489833893,60.008354643485454],[30.37448299862254,60.00833684203392]]]},"properties":{"category":"classroom","name":{"ru":"Кабинет 332","en":"Classroom 332"},"alt_name":{"ru":"332","en":"332"},"restriction":null,"accessibility":null,"level_id":"40feaf3e-79af-4065-94b7-52c686b48356","display_point":{"type":"Point","coordinates":[30.374414740365779,60.008322778607258]}}},{"id":"534332d9-fd21-439c-987c-7f18957f0a38","type":"Feature","feature_type":"unit","geometry":{"type":"Polygon","coordinates":[[[30.37450204024509,60.008365046831358],[30.37448299862254,60.00833684203392],[30.374377489833893,60.008354643485454],[30.374396531416579,60.0083828482829],[30.37450204024509,60.008365046831358]]]},"properties":{"category":"restroom","name":{"ru":"Туалет женский","en":"Restroom female"},"alt_name":{"ru":"Туалет Ж.","en":"Restroom F."},"restriction":null,"accessibility":null,"level_id":"40feaf3e-79af-4065-94b7-52c686b48356","display_point":{"type":"Point","coordinates":[30.374439765171843,60.008359845432857]}}},{"id":"ff5661b8-41ee-4f8b-b26e-955dd33907c7","type":"Feature","feature_type":"unit","geometry":{"type":"Polygon","coordinates":[[[30.374801489372206,60.008454239069145],[30.374777721264604,60.008417909419379],[30.374632838541718,60.008442354784748],[30.37465751600066,60.008478625701969],[30.374801489372206,60.008454239069145]]]},"properties":{"category":"laboratory","name":{"ru":"Лабораторная 355","en":"Lab 355"},"alt_name":{"ru":"355","en":"355"},"restriction":null,"accessibility":null,"level_id":"40feaf3e-79af-4065-94b7-52c686b48356","display_point":{"type":"Point","coordinates":[30.374717398510466,60.008448278538722]}}},{"id":"f047ace7-a554-4efd-b58d-dc0b026ced68","type":"Feature","feature_type":"unit","geometry":{"type":"Polygon","coordinates":[[[30.375443570488791,60.008664633882034],[30.375338061161287,60.008682435333576],[30.375338061161287,60.008682435333576],[30.375370684360039,60.008731317830787],[30.37537293008366,60.008734925765815],[30.375479120798584,60.008717008495879],[30.375443570488791,60.008664633882034]]]},"properties":{"category":"laboratory","name":{"ru":"Лабораторная 348","en":"Lab 348"},"alt_name":{"ru":"348","en":"348"},"restriction":null,"accessibility":null,"level_id":"40feaf3e-79af-4065-94b7-52c686b48356","display_point":{"type":"Point","coordinates":[30.375405436119234,60.008700988232412]}}},{"id":"77561467-58bf-47ea-974a-ffcb5623c7a5","type":"Feature","feature_type":"unit","geometry":{"type":"Polygon","coordinates":[[[30.37553653998825,60.008648678389044],[30.375443644327735,60.008664352295142],[30.375479312676834,60.008717182497918],[30.375572208403096,60.00870150859182],[30.37553653998825,60.008648678389044]]]},"properties":{"category":"laboratory","name":{"ru":"Лабораторная 349","en":"Lab 349"},"alt_name":{"ru":"349","en":"349"},"restriction":null,"accessibility":null,"level_id":"40feaf3e-79af-4065-94b7-52c686b48356","display_point":{"type":"Point","coordinates":[30.375507078286784,60.008684507988782]}}},{"id":"3d3addf0-540d-4ed0-ac5e-8eed34f128b8","type":"Feature","feature_type":"unit","geometry":{"type":"Polygon","coordinates":[[[30.375364378770946,60.008776423331042],[30.375270801301504,60.008792211957726],[30.3753064695815,60.008845042160509],[30.37540021758301,60.008829224441996],[30.375364378770946,60.008776423331042]]]},"properties":{"category":"classroom","name":{"ru":"Кабинет 352","en":"Classroom 352"},"alt_name":{"ru":"352","en":"352"},"restriction":null,"accessibility":null,"level_id":"40feaf3e-79af-4065-94b7-52c686b48356","display_point":{"type":"Point","coordinates":[30.375335466464566,60.008810725335593]}}},{"id":"be261d6b-6471-4f88-a0e3-3fab2b53afc3","type":"Feature","feature_type":"unit","geometry":{"type":"Polygon","coordinates":[[[30.374875064740227,60.0086082133091],[30.374758704020042,60.008627912316],[30.374773418617345,60.008649565964113],[30.374889700040178,60.008629946548048],[30.374875064740227,60.0086082133091]]]},"properties":{"category":"classroom","name":{"ru":"Кабинет 341","en":"Classroom 341"},"alt_name":{"ru":"341","en":"341"},"restriction":null,"accessibility":null,"level_id":"40feaf3e-79af-4065-94b7-52c686b48356","display_point":{"type":"Point","coordinates":[30.374824103483505,60.00862869944195]}}},{"id":"33ad8348-8323-4907-bada-8ae330e7ce05","type":"Feature","feature_type":"unit","geometry":{"type":"Polygon","coordinates":[[[30.374653120531754,60.008279474055556],[30.374621940295082,60.008233289962213],[30.374504787673583,60.008253531284623],[30.374535908273838,60.008299344868888],[30.374653120531754,60.008279474055556]]]},"properties":{"category":"classroom","name":{"ru":"Кабинет 330","en":"Classroom 330"},"alt_name":{"ru":"330","en":"330"},"restriction":null,"accessibility":null,"level_id":"40feaf3e-79af-4065-94b7-52c686b48356","display_point":{"type":"Point","coordinates":[30.374578939128405,60.008266410180042]}}},{"id":"f3d7429a-3f99-4525-842c-911e975e056f","type":"Feature","feature_type":"unit","geometry":{"type":"Polygon","coordinates":[[[30.372694398840284,60.008425629181779],[30.372651945099697,60.00836274418608],[30.372553424056353,60.008379367144308],[30.372595479414173,60.008442224694896],[30.372694398840284,60.008425629181779]]]},"properties":{"category":"administration","name":{"ru":"309","en":"309"},"alt_name":{"ru":"309","en":"309"},"restriction":null,"accessibility":null,"level_id":"40feaf3e-79af-4065-94b7-52c686b48356","display_point":{"type":"Point","coordinates":[30.372623683315581,60.008402441900557]}}},{"id":"8b67de19-a33d-432a-9051-9703ad587920","type":"Feature","feature_type":"unit","geometry":{"type":"Polygon","coordinates":[[[30.37309711949602,60.008357871031173],[30.373054720596347,60.008294786783921],[30.373003585335763,60.008303414430777],[30.373046267755388,60.008366356512326],[30.37309711949602,60.008357871031173]]]},"properties":{"category":"administration","name":{"ru":"Кабинет 316","en":"Classroom 316"},"alt_name":{"ru":"210","en":"210"},"restriction":null,"accessibility":null,"level_id":"40feaf3e-79af-4065-94b7-52c686b48356","display_point":{"type":"Point","coordinates":[30.373050423081526,60.008330607052322]}}},{"id":"4605125c-2612-487b-bdae-2c5c3f17b72f","type":"Feature","feature_type":"unit","geometry":{"type":"Polygon","coordinates":[[[30.372740420257539,60.008417864409388],[30.372697796286875,60.008355008505511],[30.372651945099697,60.00836274418608],[30.372693147936172,60.008425745549076],[30.372740420257539,60.008417864409388]]]},"properties":{"category":"administration","name":{"ru":"Кабинет 308","en":"Classroom 308"},"alt_name":{"ru":"308","en":"308"},"restriction":null,"accessibility":null,"level_id":"40feaf3e-79af-4065-94b7-52c686b48356","display_point":{"type":"Point","coordinates":[30.372695827729597,60.008390340799735]}}},{"id":"0aef9f9b-4452-4672-9dc6-c8b5a50772ad","type":"Feature","feature_type":"unit","geometry":{"type":"Polygon","coordinates":[[[30.37557213181703,60.008701505847313],[30.375528281568624,60.00870899891305],[30.375552215712549,60.008744730808175],[30.375596294368204,60.008737293730476],[30.37557213181703,60.008701505847313]]]},"properties":{"category":"classroom","name":{"ru":"Кабинет ","en":"Classroom "},"alt_name":null,"restriction":"restricted","accessibility":null,"level_id":"40feaf3e-79af-4065-94b7-52c686b48356","display_point":{"type":"Point","coordinates":[30.37556250934669,60.008723108996406]}}},{"id":"ff8220cd-264e-4066-8b93-bb7f20df0e3c","type":"Feature","feature_type":"unit","geometry":{"type":"Polygon","coordinates":[[[30.374392907303307,60.008940332703212],[30.374445917732327,60.008931388339704],[30.374481585428516,60.008984218542487],[30.374631753581674,60.008958881759725],[30.374596143424313,60.008906137185711],[30.374733357292552,60.008882986132036],[30.374709478167734,60.008847055534268],[30.374498459302309,60.008882658986245],[30.374461640946024,60.008828124441727],[30.374144429900817,60.00888164516364],[30.374241077435666,60.009024797794112],[30.374428574961978,60.008993162905988],[30.374392907303307,60.008940332703212]]]},"properties":{"category":"classroom","name":{"ru":"Кабинет А359","en":"Classroom А359"},"alt_name":{"ru":"А359","en":"А359"},"restriction":null,"accessibility":null,"level_id":"40feaf3e-79af-4065-94b7-52c686b48356","display_point":{"type":"Point","coordinates":[30.374480443678561,60.008921781999987]}}},{"id":"c8910e5f-b5fb-41c2-a791-e0acb313531a","type":"Feature","feature_type":"unit","geometry":{"type":"Polygon","coordinates":[[[30.374702581203088,60.00866180374161],[30.374687853999845,60.008639989814021],[30.374578594810558,60.008658424149949],[30.374593321981873,60.008680238077538],[30.374702581203088,60.00866180374161]]]},"properties":{"category":"classroom","name":{"ru":"Кабинет 342","en":"Classroom 342"},"alt_name":{"ru":"342","en":"342"},"restriction":null,"accessibility":null,"level_id":"40feaf3e-79af-4065-94b7-52c686b48356","display_point":{"type":"Point","coordinates":[30.374640588279739,60.008660114220234]}}},{"id":"092dd8ca-3607-48bb-a1ab-2711eedb8a53","type":"Feature","feature_type":"unit","geometry":{"type":"Polygon","coordinates":[[[30.373057489242566,60.008893143020792],[30.373040811158781,60.008869001747314],[30.372933085335749,60.00888717755025],[30.372949422450553,60.008911376458471],[30.373057489242566,60.008893143020792]]]},"properties":{"category":"administration","name":{"ru":"Кабинет 338","en":"Classroom 338"},"alt_name":{"ru":"338","en":"338"},"restriction":null,"accessibility":null,"level_id":"40feaf3e-79af-4065-94b7-52c686b48356","display_point":{"type":"Point","coordinates":[30.372995202190065,60.008890175105883]}}},{"id":"742085bf-123c-4b9e-8c1f-3069f1586f2c","type":"Feature","feature_type":"unit","geometry":{"type":"Polygon","coordinates":[[[30.373472404658251,60.009154489692683],[30.373436312772242,60.009100469469644],[30.373436311399775,60.009100467274038],[30.373436215601345,60.009100323461624],[30.373385590895573,60.009108864930816],[30.373422120850826,60.009162973527133],[30.373472404658251,60.009154489692683]]]},"properties":{"category":"administration","name":{"ru":"Кабинет 350","en":"Classroom 350"},"alt_name":{"ru":"350","en":"350"},"restriction":null,"accessibility":null,"level_id":"40feaf3e-79af-4065-94b7-52c686b48356","display_point":{"type":"Point","coordinates":[30.373429096994872,60.009131684447482]}}},{"id":"bca400ad-a19e-4084-a0f2-b0154a409451","type":"Feature","feature_type":"unit","geometry":{"type":"Polygon","coordinates":[[[30.373572119622743,60.0091376652873],[30.37357210342752,60.0091376416845],[30.373535759751562,60.009083528148061],[30.373436215601345,60.009100323461624],[30.373436388258192,60.009100579250109],[30.373436388258192,60.009100579250109],[30.373472404658251,60.009154489692683],[30.373572119622743,60.0091376652873]]]},"properties":{"category":"administration","name":{"ru":"Кабинет 351","en":"Classroom 351"},"alt_name":{"ru":"351","en":"351"},"restriction":null,"accessibility":null,"level_id":"40feaf3e-79af-4065-94b7-52c686b48356","display_point":{"type":"Point","coordinates":[30.373503825425892,60.0091189103924]}}},{"id":"1a809c89-a78d-497d-a096-23ef2f8dd266","type":"Feature","feature_type":"unit","geometry":{"type":"Polygon","coordinates":[[[30.373627520826293,60.009068141317883],[30.373581157577174,60.009075963725017],[30.373617289644422,60.009130044327314],[30.373663652652674,60.009122221920173],[30.373627520826293,60.009068141317883]]]},"properties":{"category":"administration","name":{"ru":"Кабинет 353","en":"Classroom 353"},"alt_name":{"ru":"353","en":"353"},"restriction":null,"accessibility":null,"level_id":"40feaf3e-79af-4065-94b7-52c686b48356","display_point":{"type":"Point","coordinates":[30.373622404825998,60.009099092822595]}}},{"id":"2af6fa9a-df4a-46e7-bb83-328ad47f0a31","type":"Feature","feature_type":"unit","geometry":{"type":"Polygon","coordinates":[[[30.373928539920826,60.009017353031773],[30.373905011158858,60.008982501575986],[30.373795467621285,60.009001079175427],[30.37381905205978,60.009035730830767],[30.373928539920826,60.009017353031773]]]},"properties":{"category":"administration","name":{"ru":"358","en":"358"},"alt_name":{"ru":"358","en":"358"},"restriction":null,"accessibility":null,"level_id":"40feaf3e-79af-4065-94b7-52c686b48356","display_point":{"type":"Point","coordinates":[30.373862017763368,60.00900916615349]}}},{"id":"c0cb18e4-9282-4a68-b065-dfa721cc35e0","type":"Feature","feature_type":"unit","geometry":{"type":"Polygon","coordinates":[[[30.373041152092728,60.008868944112571],[30.373023549004216,60.008842869605076],[30.372915482284988,60.008861103042754],[30.372933085335749,60.00888717755025],[30.373041152092728,60.008868944112571]]]},"properties":{"category":"administration","name":{"ru":"Кабинет 337","en":"Classroom 337"},"alt_name":{"ru":"337","en":"337"},"restriction":null,"accessibility":null,"level_id":"40feaf3e-79af-4065-94b7-52c686b48356","display_point":{"type":"Point","coordinates":[30.37297831691064,60.008865023303208]}}},{"id":"07c6a6b2-c962-4d8a-bf8c-0067d3ccbfb5","type":"Feature","feature_type":"unit","geometry":{"type":"Polygon","coordinates":[[[30.372834176809221,60.008562928317779],[30.37281657634502,60.0085371381417],[30.372706409290977,60.008555915541585],[30.372723270483853,60.008581734809489],[30.372834176809221,60.008562928317779]]]},"properties":{"category":"administration","name":{"ru":"Кабинет 303","en":"Classroom 303"},"alt_name":{"ru":"303","en":"303"},"restriction":null,"accessibility":null,"level_id":"40feaf3e-79af-4065-94b7-52c686b48356","display_point":{"type":"Point","coordinates":[30.372770108032547,60.008559429614316]}}},{"id":"32288493-43eb-4ea5-ac46-5c413af18071","type":"Feature","feature_type":"unit","geometry":{"type":"Polygon","coordinates":[[[30.373257735697987,60.009190709013083],[30.373221205861892,60.009136600416767],[30.373216245498984,60.009129253359049],[30.373197677430177,60.00910175005879],[30.372832013574989,60.009163824874648],[30.37279577204233,60.009110142775448],[30.372480433444348,60.009163347329618],[30.372576502184387,60.009305646965863],[30.373257735697987,60.009190709013083]]]},"properties":{"category":"administration","name":{"ru":"Кафедра Гидроаэродинамики","en":"Department of Hydroaerodynamics"},"alt_name":{"ru":"Кафедра Гидроаэродинамики","en":"Department of Hydroaerodynamics"},"restriction":null,"accessibility":null,"level_id":"40feaf3e-79af-4065-94b7-52c686b48356","display_point":{"type":"Point","coordinates":[30.372764730872063,60.009209905225447]}}},{"id":"42830999-e144-48da-9fe0-340c5ea2ef4c","type":"Feature","feature_type":"unit","geometry":{"type":"Polygon","coordinates":[[[30.374095619696106,60.008280519714496],[30.374059952687652,60.008227690060622],[30.37437358090834,60.008174773131266],[30.374350569910732,60.008140689040943],[30.374362498861274,60.008138391335777],[30.374321848773448,60.008080992344432],[30.374111613918842,60.008116527183624],[30.373680785800531,60.008189154372374],[30.373778581446214,60.008334011344587],[30.374095619696106,60.008280519714496]]]},"properties":{"category":"classroom","name":{"ru":"Кабинет 312","en":"Classroom 312"},"alt_name":{"ru":"312","en":"312"},"restriction":null,"accessibility":null,"level_id":"40feaf3e-79af-4065-94b7-52c686b48356","display_point":{"type":"Point","coordinates":[30.373900363246442,60.0082167416547]}}},{"id":"822d0c21-a6c9-4ac3-98fc-36be7fa4df74","type":"Feature","feature_type":"unit","geometry":{"type":"Polygon","coordinates":[[[30.374838887036571,60.008056969084961],[30.374881271379095,60.008049722750819],[30.374843253888663,60.007993018120921],[30.37472564389742,60.008012862038044],[30.37476451553988,60.00806970691248],[30.374838887036571,60.008056969084961]]]},"properties":{"category":"classroom","name":{"ru":"Кабинет 321","en":"Classroom 321"},"alt_name":{"ru":"321","en":"321"},"restriction":null,"accessibility":null,"level_id":"40feaf3e-79af-4065-94b7-52c686b48356","display_point":{"type":"Point","coordinates":[30.374803590337262,60.008031151463754]}}},{"id":"e0e73cd9-8676-4817-a93b-6881f4f41893","type":"Feature","feature_type":"unit","geometry":{"type":"Polygon","coordinates":[[[30.375040707365503,60.008022537265006],[30.375001942293778,60.007966243214057],[30.374949102902796,60.007975158485735],[30.374987073808786,60.008031681703407],[30.375040707365503,60.008022537265006]]]},"properties":{"category":"classroom","name":{"ru":"Кабинет 323","en":"Classroom 323"},"alt_name":{"ru":"323","en":"323"},"restriction":null,"accessibility":null,"level_id":"40feaf3e-79af-4065-94b7-52c686b48356","display_point":{"type":"Point","coordinates":[30.374994724085663,60.00799889659045]}}},{"id":"cd73f5b1-68e6-45d1-8d48-b3b6ffa5c688","type":"Feature","feature_type":"unit","geometry":{"type":"Polygon","coordinates":[[[30.375119851469382,60.008008993923305],[30.375081882659444,60.007952755585947],[30.375001942293778,60.007966243214057],[30.375040707365503,60.008022537265006],[30.375119851469382,60.008008993923305]]]},"properties":{"category":"classroom","name":{"ru":"Кабинет 324","en":"Classroom 324"},"alt_name":{"ru":"324","en":"324"},"restriction":null,"accessibility":null,"level_id":"40feaf3e-79af-4065-94b7-52c686b48356","display_point":{"type":"Point","coordinates":[30.375061096286057,60.007987632565687]}}},{"id":"b0acc64d-af51-4be8-b2d3-2b716c570ee2","type":"Feature","feature_type":"unit","geometry":{"type":"Polygon","coordinates":[[[30.374935260142994,60.008093861634066],[30.374926861017023,60.008081421311608],[30.37489225981659,60.008087259436813],[30.374900771481673,60.008099585862041],[30.374935260142994,60.008093861634066]]]},"properties":{"category":"classroom","name":null,"alt_name":null,"restriction":"restricted","accessibility":null,"level_id":"40feaf3e-79af-4065-94b7-52c686b48356","display_point":{"type":"Point","coordinates":[30.374913901345966,60.008090488629236]}}},{"id":"d3e0a96e-7813-4936-9c4d-8a023f6bcc77","type":"Feature","feature_type":"unit","geometry":{"type":"Polygon","coordinates":[[[30.375180831456724,60.008099316625447],[30.37514401324837,60.008044782080923],[30.375023335451647,60.008065143612946],[30.375060835153988,60.008119562887977],[30.375180831456724,60.008099316625447]]]},"properties":{"category":"classroom","name":{"ru":"Кабинет 325","en":"Classroom 325"},"alt_name":{"ru":"325","en":"325"},"restriction":null,"accessibility":null,"level_id":"40feaf3e-79af-4065-94b7-52c686b48356","display_point":{"type":"Point","coordinates":[30.375102253760641,60.008082201301825]}}},{"id":"f5c5d3b8-4714-4ee4-b51c-a10b98b792be","type":"Feature","feature_type":"unit","geometry":{"type":"Polygon","coordinates":[[[30.374841471691944,60.008513459592884],[30.374801489372206,60.008454239069145],[30.37465751600066,60.008478625701969],[30.374697611301215,60.008537732054016],[30.374841471691944,60.008513459592884]]]},"properties":{"category":"classroom","name":{"ru":"Кабинет 336","en":"Classroom 336"},"alt_name":{"ru":"336","en":"336"},"restriction":null,"accessibility":null,"level_id":"40feaf3e-79af-4065-94b7-52c686b48356","display_point":{"type":"Point","coordinates":[30.374749521272282,60.008496014378956]}}},{"id":"c044800e-7d9b-4d98-abda-351ea8629bb4","type":"Feature","feature_type":"unit","geometry":{"type":"Polygon","coordinates":[[[30.374889733254875,60.008629948194752],[30.374773407362742,60.008649578039964],[30.374788807397849,60.008672303694325],[30.374905093248106,60.008652699098626],[30.374889733254875,60.008629948194752]]]},"properties":{"category":"classroom","name":{"ru":"Кабинет ","en":"Classroom "},"alt_name":null,"restriction":"restricted","accessibility":null,"level_id":"40feaf3e-79af-4065-94b7-52c686b48356","display_point":{"type":"Point","coordinates":[30.374839462904852,60.008651457481548]}}},{"id":"a1daae6f-4312-4d32-91c5-784a3937f3d8","type":"Feature","feature_type":"unit","geometry":{"type":"Polygon","coordinates":[[[30.375596294368204,60.008737293730476],[30.375631962878565,60.00879012393326],[30.375517760746959,60.00880939205183],[30.375480899332576,60.008756763296205],[30.375596294368204,60.008737293730476]]]},"properties":{"category":"laboratory","name":{"ru":"Лабораторная 350","en":"Lab 350"},"alt_name":{"ru":"350","en":"350"},"restriction":null,"accessibility":null,"level_id":"40feaf3e-79af-4065-94b7-52c686b48356","display_point":{"type":"Point","coordinates":[30.37555672933275,60.008773392841263]}}},{"id":"437a7305-2db5-4b2a-92b0-0d99ff7fe2cf","type":"Feature","feature_type":"unit","geometry":{"type":"Polygon","coordinates":[[[30.37527087157407,60.008792206468705],[30.375177293785477,60.0088079956443],[30.375212961999296,60.008860825298171],[30.375306710320046,60.008845008128567],[30.37527087157407,60.008792206468705]]]},"properties":{"category":"classroom","name":{"ru":"Кабинет 353","en":"Classroom 353"},"alt_name":{"ru":"353","en":"353"},"restriction":null,"accessibility":null,"level_id":"40feaf3e-79af-4065-94b7-52c686b48356","display_point":{"type":"Point","coordinates":[30.375241959486804,60.008826508473256]}}},{"id":"431845b3-3c62-499e-9b11-dd58852c8938","type":"Feature","feature_type":"unit","geometry":{"type":"Polygon","coordinates":[[[30.375083707442631,60.00882378536879],[30.374990129564683,60.008839573995473],[30.375025797646039,60.008892404747158],[30.375119546056304,60.008876587028645],[30.375083707442631,60.00882378536879]]]},"properties":{"category":"classroom","name":{"ru":"Кабинет 355","en":"Classroom 355"},"alt_name":{"ru":"355","en":"355"},"restriction":null,"accessibility":null,"level_id":"40feaf3e-79af-4065-94b7-52c686b48356","display_point":{"type":"Point","coordinates":[30.3750547952445,60.008858087373341]}}},{"id":"343cc80f-af4b-4d9e-8622-682311044bc9","type":"Feature","feature_type":"unit","geometry":{"type":"Polygon","coordinates":[[[30.375177274021251,60.008807979177227],[30.3750836959135,60.008823767803911],[30.37511936378656,60.008876598006694],[30.37521311215205,60.008860780837082],[30.375177274021251,60.008807979177227]]]},"properties":{"category":"classroom","name":{"ru":"Кабинет 354","en":"Classroom 354"},"alt_name":{"ru":"354","en":"354"},"restriction":null,"accessibility":null,"level_id":"40feaf3e-79af-4065-94b7-52c686b48356","display_point":{"type":"Point","coordinates":[30.375148361878551,60.008842281730679]}}},{"id":"fd2dd85b-a44f-41d0-8285-f4ab9aaa0379","type":"Feature","feature_type":"unit","geometry":{"type":"Polygon","coordinates":[[[30.37499020093534,60.008839581131205],[30.374940770166962,60.00884792115324],[30.374976437938891,60.008900750807122],[30.375025868742252,60.008892410785087],[30.37499020093534,60.008839581131205]]]},"properties":{"category":"laboratory","name":{"ru":"Лабораторная 356","en":"Lab 356"},"alt_name":{"ru":"356","en":"356"},"restriction":null,"accessibility":null,"level_id":"40feaf3e-79af-4065-94b7-52c686b48356","display_point":{"type":"Point","coordinates":[30.374983319440297,60.008870165969164]}}},{"id":"f4e6f866-2399-4adb-832d-9ed54d91ea42","type":"Feature","feature_type":"unit","geometry":{"type":"Polygon","coordinates":[[[30.37489135311127,60.008856240316995],[30.374797856119578,60.0088721041433],[30.374833443086708,60.008924859146461],[30.374927191588974,60.008909041427948],[30.37489135311127,60.008856240316995]]]},"properties":{"category":"classroom","name":{"ru":"Кабинет 358","en":"Classroom 358"},"alt_name":{"ru":"358","en":"358"},"restriction":null,"accessibility":null,"level_id":"40feaf3e-79af-4065-94b7-52c686b48356","display_point":{"type":"Point","coordinates":[30.374862440524691,60.008890542321545]}}},{"id":"c2c3ef3d-d60e-46ef-bb81-b2b0b1ee309c","type":"Feature","feature_type":"unit","geometry":{"type":"Polygon","coordinates":[[[30.374937990065163,60.008701529450107],[30.374905100110645,60.00865270074533],[30.3747888356715,60.008672317416888],[30.374821902054727,60.0087211538063],[30.374937990065163,60.008701529450107]]]},"properties":{"category":"classroom","name":{"ru":"Кабинет 344","en":"Classroom 344"},"alt_name":{"ru":"344","en":"344"},"restriction":null,"accessibility":null,"level_id":"40feaf3e-79af-4065-94b7-52c686b48356","display_point":{"type":"Point","coordinates":[30.374863599787261,60.0086871723607]}}},{"id":"ca6217bd-977e-4e18-afe9-10a6e6f42f28","type":"Feature","feature_type":"unit","geometry":{"type":"Polygon","coordinates":[[[30.372892224373416,60.008392251528754],[30.372892224373416,60.008392251528754],[30.372849770466171,60.008329366533054],[30.372697728210373,60.008355019483552],[30.372740352180962,60.008417875936338],[30.372892224373416,60.008392251528754]]]},"properties":{"category":"administration","name":{"ru":"Кабинет 307А","en":"Classroom 307А"},"alt_name":{"ru":"307А","en":"307А"},"restriction":null,"accessibility":null,"level_id":"40feaf3e-79af-4065-94b7-52c686b48356","display_point":{"type":"Point","coordinates":[30.372814459920175,60.008377353221654]}}},{"id":"e40f1ef7-3011-41d1-9759-b95ddc4af603","type":"Feature","feature_type":"unit","geometry":{"type":"Polygon","coordinates":[[[30.374834857791722,60.008548660150552],[30.37471829787648,60.008568316891974],[30.374758721039154,60.008627909022586],[30.374875030702029,60.008608218798123],[30.374834857791722,60.008548660150552]]]},"properties":{"category":"classroom","name":{"ru":"Кабинет 339","en":"Classroom 339"},"alt_name":{"ru":"339","en":"339"},"restriction":null,"accessibility":null,"level_id":"40feaf3e-79af-4065-94b7-52c686b48356","display_point":{"type":"Point","coordinates":[30.374796740714309,60.008588254671395]}}},{"id":"98bba86f-e005-4970-9cbc-14964e975602","type":"Feature","feature_type":"unit","geometry":{"type":"Polygon","coordinates":[[[30.372944688511385,60.008727184596218],[30.372755836330192,60.008447448049495],[30.372381010302533,60.008510966478489],[30.372346244225788,60.008516822168573],[30.372058628003824,60.008565264446105],[30.372039357074026,60.008536719878116],[30.373223935178604,60.008336474269356],[30.373223935178604,60.008336474269356],[30.373445521289174,60.008299087433691],[30.373463469709186,60.008325672969256],[30.373463469709186,60.008325672969256],[30.373464908042855,60.008327803259206],[30.37282918199087,60.008435158126268],[30.372886823110608,60.008520540432968],[30.372959306010959,60.008627904082466],[30.373017982568538,60.008714818375573],[30.373081261667167,60.00880854893785],[30.373139938819751,60.008895463230957],[30.373271099764583,60.009089741722462],[30.373799104797591,60.009000560462724],[30.373822403756787,60.009035071050164],[30.373257835250989,60.009130462041988],[30.373221274488131,60.009136588889824],[30.373197918437842,60.009101993222522],[30.373008534373948,60.008820629729279],[30.372944688511385,60.008727184596218]]]},"properties":{"category":"walkway","name":null,"alt_name":null,"restriction":null,"accessibility":null,"level_id":"0dcdc286-eabe-4b28-b9d7-d80f3c07c803","display_point":{"type":"Point","coordinates":[30.37293198956181,60.008778683161943]}}},{"id":"cbe721a3-afd3-49a1-8b69-d7076a23a46e","type":"Feature","feature_type":"unit","geometry":{"type":"Polygon","coordinates":[[[30.374592186842939,60.008498570068213],[30.374590461069026,60.008496013830054],[30.374589885445079,60.008495161933631],[30.374562271983287,60.008454261025243],[30.374562214613114,60.008454175945381],[30.374558245091588,60.008448296103595],[30.374433409613115,60.00826339121722],[30.37437358090834,60.008174773131266],[30.374359945112076,60.008177073580946],[30.374339490729639,60.008180525078807],[30.373941832573358,60.008247448897876],[30.373917873672493,60.008211959617576],[30.375024424628826,60.008024969725689],[30.375048641536431,60.008060802069942],[30.374479260150135,60.0081569425879],[30.374460510425443,60.008160105912047],[30.374443465344392,60.008162982160265],[30.374448067553139,60.008169798978336],[30.374719003070631,60.008568292740271],[30.374886986644931,60.0088171057763],[30.375426772506511,60.008726095573991],[30.375414470848312,60.008707881896804],[30.375449658112515,60.008701778651769],[30.375461937820411,60.008720165782094],[30.375485569706267,60.008755975621355],[30.375386708132432,60.008772655665432],[30.375349208693482,60.008778982862616],[30.374953761823857,60.008845703587824],[30.374933307265639,60.008849154536783],[30.374648653105474,60.008897182393056],[30.374333317287739,60.008950386398325],[30.374309155342072,60.008914599064063],[30.374815396935848,60.008829184372125],[30.3746256683107,60.008548162296137],[30.37462555302103,60.008547991587513],[30.374596846460626,60.008505472515047],[30.374596501415564,60.008504960938069],[30.374595638391174,60.008503682544536],[30.374592186842939,60.008498570068213]]]},"properties":{"category":"walkway","name":null,"alt_name":null,"restriction":null,"accessibility":null,"level_id":"0dcdc286-eabe-4b28-b9d7-d80f3c07c803","display_point":{"type":"Point","coordinates":[30.374548977328846,60.008502064380465]}}},{"id":"6516edbf-58e6-43c2-8cc5-38e49d158db0","type":"Feature","feature_type":"unit","geometry":{"type":"Polygon","coordinates":[[[30.37306845305222,60.008609583918222],[30.373016622008311,60.0085328094979],[30.3729075324475,60.008551215290908],[30.372959363379202,60.008627989711229],[30.37306845305222,60.008609583918222]]]},"properties":{"category":"classroom","name":{"ru":"Кабинет 421","en":"Classroom 421"},"alt_name":{"ru":"421","en":"421"},"restriction":null,"accessibility":null,"level_id":"0dcdc286-eabe-4b28-b9d7-d80f3c07c803","display_point":{"type":"Point","coordinates":[30.3729879928516,60.008580399879015]}}},{"id":"1d745a6d-b343-4ebb-964c-d3f46a53a42c","type":"Feature","feature_type":"unit","geometry":{"type":"Polygon","coordinates":[[[30.373179671414803,60.008723700713119],[30.373157753589233,60.008691235884669],[30.373017982568538,60.008714818375573],[30.373039727678911,60.008747027964439],[30.373179671414803,60.008723700713119]]]},"properties":{"category":"classroom","name":null,"alt_name":null,"restriction":"restricted","accessibility":null,"level_id":"0dcdc286-eabe-4b28-b9d7-d80f3c07c803","display_point":{"type":"Point","coordinates":[30.373103059965974,60.008718497667907]}}},{"id":"a35e01f7-ca34-415d-9d86-27357ed6207f","type":"Feature","feature_type":"unit","geometry":{"type":"Polygon","coordinates":[[[30.373016626949109,60.008532817182534],[30.372995911803141,60.008502132993257],[30.372886823110608,60.008520540432968],[30.3729075324475,60.008551215290908],[30.373016626949109,60.008532817182534]]]},"properties":{"category":"restroom","name":{"ru":"Туалет мужской","en":"Restroom male"},"alt_name":{"ru":"Туалет М.","en":"Restroom M."},"restriction":null,"accessibility":null,"level_id":"0dcdc286-eabe-4b28-b9d7-d80f3c07c803","display_point":{"type":"Point","coordinates":[30.372955427377828,60.008526057450311]}}},{"id":"5264ccb4-d19c-4420-93d7-c3caff57cfbf","type":"Feature","feature_type":"unit","geometry":{"type":"Polygon","coordinates":[[[30.372596900510345,60.008442079235778],[30.372554845425729,60.008379222783],[30.37235229118382,60.008413303031006],[30.372394744671965,60.008476188026712],[30.372596900510345,60.008442079235778]]]},"properties":{"category":"classroom","name":{"ru":"Кабинет 413","en":"Classroom 413"},"alt_name":{"ru":"413","en":"413"},"restriction":null,"accessibility":null,"level_id":"0dcdc286-eabe-4b28-b9d7-d80f3c07c803","display_point":{"type":"Point","coordinates":[30.372474695463993,60.008427698543578]}}},{"id":"1625127e-b355-42dd-9ab2-a47a23639a7c","type":"Feature","feature_type":"unit","geometry":{"type":"Polygon","coordinates":[[[30.37474976746417,60.008422626137119],[30.374715408118025,60.008371986603549],[30.3745986417793,60.008391703175327],[30.374632838816222,60.008442354784748],[30.37474976746417,60.008422626137119]]]},"properties":{"category":"classroom","name":{"ru":"Кабинет 433","en":"Classroom 433"},"alt_name":{"ru":"433","en":"433"},"restriction":null,"accessibility":null,"level_id":"0dcdc286-eabe-4b28-b9d7-d80f3c07c803","display_point":{"type":"Point","coordinates":[30.37467416397795,60.008407167949635]}}},{"id":"79570da3-c558-4a6c-8823-d9be51a92f92","type":"Feature","feature_type":"unit","geometry":{"type":"Polygon","coordinates":[[[30.374701209663137,60.008350140290723],[30.37466870627696,60.008301997164956],[30.374551436613771,60.008321783447329],[30.374584110114824,60.008369898030175],[30.374701209663137,60.008350140290723]]]},"properties":{"category":"classroom","name":{"ru":"Кабинет 431","en":"Classroom 431"},"alt_name":{"ru":"431","en":"431"},"restriction":null,"accessibility":null,"level_id":"0dcdc286-eabe-4b28-b9d7-d80f3c07c803","display_point":{"type":"Point","coordinates":[30.374626365532755,60.008335953909942]}}},{"id":"1b34340d-e9b7-4ce4-8da0-3e009dfe2799","type":"Feature","feature_type":"unit","geometry":{"type":"Polygon","coordinates":[[[30.374605659831381,60.008209175584952],[30.374596455376871,60.008195541948815],[30.374575426126288,60.008164634905192],[30.374458122091728,60.00818442448098],[30.374488220123709,60.008228990410245],[30.374605659831381,60.008209175584952]]]},"properties":{"category":"classroom","name":{"ru":"Кабинет 427","en":"Classroom 427"},"alt_name":{"ru":"427","en":"427"},"restriction":null,"accessibility":null,"level_id":"0dcdc286-eabe-4b28-b9d7-d80f3c07c803","display_point":{"type":"Point","coordinates":[30.374544776658258,60.008196553575814]}}},{"id":"d43c3379-4574-4a8f-9e4f-b0ef3935aaf7","type":"Feature","feature_type":"unit","geometry":{"type":"Polygon","coordinates":[[[30.374575321816572,60.008164605264461],[30.374561075687222,60.008143137694248],[30.374443465344395,60.008162981611363],[30.374458048800889,60.008184345439041],[30.374575321816572,60.008164605264461]]]},"properties":{"category":"classroom","name":{"ru":"Кабинет 426","en":"Classroom 426"},"alt_name":{"ru":"426","en":"426"},"restriction":null,"accessibility":null,"level_id":"0dcdc286-eabe-4b28-b9d7-d80f3c07c803","display_point":{"type":"Point","coordinates":[30.374509478125763,60.008163767639509]}}},{"id":"6fd7d278-aa19-4443-9138-d8b615f400e7","type":"Feature","feature_type":"unit","geometry":{"type":"Polygon","coordinates":[[[30.374860386489786,60.008153383505181],[30.374957958220637,60.008136920826431],[30.374920888459158,60.008082428547389],[30.374823568515538,60.008098848960657],[30.374860386489786,60.008153383505181]]]},"properties":{"category":"classroom","name":{"ru":"Кабинет 423","en":"Classroom 423"},"alt_name":{"ru":"423","en":"423"},"restriction":null,"accessibility":null,"level_id":"0dcdc286-eabe-4b28-b9d7-d80f3c07c803","display_point":{"type":"Point","coordinates":[30.3748907003511,60.008117895322691]}}},{"id":"c268f442-78dc-4540-a434-bf62672cedaa","type":"Feature","feature_type":"unit","geometry":{"type":"Polygon","coordinates":[[[30.374957542902742,60.008136990537025],[30.375005268770106,60.008128938139812],[30.374968450690012,60.008074404144189],[30.374920724857514,60.008082456541409],[30.374957542902742,60.008136990537025]]]},"properties":{"category":"classroom","name":{"ru":"Кабинет 424","en":"Classroom 424"},"alt_name":{"ru":"424","en":"424"},"restriction":null,"accessibility":null,"level_id":"0dcdc286-eabe-4b28-b9d7-d80f3c07c803","display_point":{"type":"Point","coordinates":[30.374962996661708,60.008105697066156]}}},{"id":"3a37fffc-10a3-412c-9b2c-fb52f96057db","type":"Feature","feature_type":"unit","geometry":{"type":"Polygon","coordinates":[[[30.37500526849561,60.008128938139812],[30.375180831731221,60.008099316076546],[30.375144013522871,60.008044782080923],[30.374968450690012,60.008074403595288],[30.37500526849561,60.008128938139812]]]},"properties":{"category":"laboratory","name":{"ru":"Лабораторная 425","en":"Lab 425"},"alt_name":{"ru":"425","en":"425"},"restriction":null,"accessibility":null,"level_id":"0dcdc286-eabe-4b28-b9d7-d80f3c07c803","display_point":{"type":"Point","coordinates":[30.37507464105337,60.00808685983592]}}},{"id":"fca73751-5dbf-4dcb-8e5c-3e80ba698fc0","type":"Feature","feature_type":"unit","geometry":{"type":"Polygon","coordinates":[[[30.374881222793324,60.008049256458285],[30.374843254163164,60.007993018120921],[30.374776287629814,60.008004289006962],[30.374814295462883,60.008060536401217],[30.374881222793324,60.008049256458285]]]},"properties":{"category":"classroom","name":{"ru":"Кабинет 420","en":"Classroom 420"},"alt_name":{"ru":"420","en":"420"},"restriction":null,"accessibility":null,"level_id":"0dcdc286-eabe-4b28-b9d7-d80f3c07c803","display_point":{"type":"Point","coordinates":[30.374828764938449,60.00802677506546]}}},{"id":"b699bbb4-3097-472c-9f72-eb0e21a1c050","type":"Feature","feature_type":"unit","geometry":{"type":"Polygon","coordinates":[[[30.374658349281123,60.008086851602378],[30.374620523558402,60.0080306206752],[30.374522808611765,60.008047085549563],[30.374560777000504,60.008103323886921],[30.374658349281123,60.008086851602378]]]},"properties":{"category":"classroom","name":{"ru":"Кабинет 417","en":"Classroom 417"},"alt_name":{"ru":"417","en":"417"},"restriction":null,"accessibility":null,"level_id":"0dcdc286-eabe-4b28-b9d7-d80f3c07c803","display_point":{"type":"Point","coordinates":[30.374590615022719,60.008066970359906]}}},{"id":"62b5fb47-0a17-49cc-8b23-e032c0f1d428","type":"Feature","feature_type":"unit","geometry":{"type":"Polygon","coordinates":[[[30.374560777000504,60.008103323886921],[30.374543488089611,60.008077773581157],[30.374524256368964,60.008081025004124],[30.374512754637724,60.008111425136448],[30.374560777000504,60.008103323886921]]]},"properties":{"category":"classroom","name":{"ru":"Кабинет 416а","en":"Classroom 416а"},"alt_name":{"ru":"416а","en":"416а"},"restriction":null,"accessibility":null,"level_id":"0dcdc286-eabe-4b28-b9d7-d80f3c07c803","display_point":{"type":"Point","coordinates":[30.374535319161996,60.008093387108005]}}},{"id":"a16fbb5e-f26f-4e48-ad5b-792f89492221","type":"Feature","feature_type":"unit","geometry":{"type":"Polygon","coordinates":[[[30.374512795263485,60.008111449288151],[30.3745240990809,60.008081013751628],[30.374543486168182,60.008077763152016],[30.374522814375378,60.008047215639415],[30.374376222238066,60.008071817990853],[30.374414190516369,60.008128056328218],[30.374512795263485,60.008111449288151]]]},"properties":{"category":"classroom","name":{"ru":"Кабинет 416","en":"Classroom 416"},"alt_name":{"ru":"416","en":"416"},"restriction":null,"accessibility":null,"level_id":"0dcdc286-eabe-4b28-b9d7-d80f3c07c803","display_point":{"type":"Point","coordinates":[30.374482267810372,60.008086219541347]}}},{"id":"30694819-3ee3-4476-8655-d7125a6b97bd","type":"Feature","feature_type":"unit","geometry":{"type":"Polygon","coordinates":[[[30.374414190516369,60.008128056328218],[30.374376222238066,60.008071817990853],[30.374270637534572,60.008089431717792],[30.374308727334761,60.008145850369573],[30.374414190516369,60.008128056328218]]]},"properties":{"category":"classroom","name":{"ru":"Кабинет 413","en":"Classroom 413"},"alt_name":{"ru":"413","en":"413"},"restriction":null,"accessibility":null,"level_id":"0dcdc286-eabe-4b28-b9d7-d80f3c07c803","display_point":{"type":"Point","coordinates":[30.37434244447353,60.008108789032995]}}},{"id":"33755134-3247-450c-9a8e-2644103fcd9a","type":"Feature","feature_type":"unit","geometry":{"type":"Polygon","coordinates":[[[30.374308626316839,60.008146057305751],[30.374270658392458,60.008089818968394],[30.374207503095409,60.008100474260466],[30.374207503095409,60.008100474260466],[30.374118958167497,60.008115414284148],[30.374156925977587,60.008171652621513],[30.374308626316839,60.008146057305751]]]},"properties":{"category":"classroom","name":{"ru":"Кабинет 411","en":"Classroom 411"},"alt_name":{"ru":"411","en":"411"},"restriction":null,"accessibility":null,"level_id":"0dcdc286-eabe-4b28-b9d7-d80f3c07c803","display_point":{"type":"Point","coordinates":[30.374215923027187,60.008130376263921]}}},{"id":"1c7da41a-58b2-450d-9616-59f518a4013c","type":"Feature","feature_type":"unit","geometry":{"type":"Polygon","coordinates":[[[30.374156991309594,60.008171565346039],[30.374118898603395,60.008115235067535],[30.373971403606124,60.008140121201478],[30.374009371579444,60.008196359264389],[30.374156991309594,60.008171565346039]]]},"properties":{"category":"classroom","name":{"ru":"Кабинет 409","en":"Classroom 409"},"alt_name":{"ru":"409","en":"409"},"restriction":null,"accessibility":null,"level_id":"0dcdc286-eabe-4b28-b9d7-d80f3c07c803","display_point":{"type":"Point","coordinates":[30.374064166417654,60.008155820082635]}}},{"id":"2e898df4-221c-4a4d-86ac-a709e5439289","type":"Feature","feature_type":"unit","geometry":{"type":"Polygon","coordinates":[[[30.374009371579444,60.008196359264389],[30.373971403606134,60.008140120652577],[30.373917711888172,60.008149179462222],[30.373955679821027,60.008205418348481],[30.374009371579444,60.008196359264389]]]},"properties":{"category":"classroom","name":{"ru":"Кабинет 408","en":"Classroom 408"},"alt_name":{"ru":"408","en":"408"},"restriction":null,"accessibility":null,"level_id":"0dcdc286-eabe-4b28-b9d7-d80f3c07c803","display_point":{"type":"Point","coordinates":[30.373963541717458,60.008172769637753]}}},{"id":"2c41abdf-b685-44fe-8b0f-4159d7af9bc7","type":"Feature","feature_type":"unit","geometry":{"type":"Polygon","coordinates":[[[30.374827902499039,60.008538357802678],[30.374711360167872,60.008558040342507],[30.374742412703466,60.00860389399665],[30.374858835972567,60.00858420377218],[30.374827902499039,60.008538357802678]]]},"properties":{"category":"auditorium","name":{"ru":"Лекторий 440","en":"Auditorium 440"},"alt_name":{"ru":"440","en":"440"},"restriction":null,"accessibility":null,"level_id":"0dcdc286-eabe-4b28-b9d7-d80f3c07c803","display_point":{"type":"Point","coordinates":[30.374785362674469,60.0085713117031]}}},{"id":"ff64d953-fd10-4b02-b30b-357895fab070","type":"Feature","feature_type":"unit","geometry":{"type":"Polygon","coordinates":[[[30.374872936534747,60.008604590553709],[30.374756626054218,60.008624250588547],[30.374775480391271,60.008652536623536],[30.374892102749833,60.008632859572728],[30.374872936534747,60.008604590553709]]]},"properties":{"category":"classroom","name":{"ru":"Кабинет 442","en":"Classroom 442"},"alt_name":{"ru":"442","en":"442"},"restriction":null,"accessibility":null,"level_id":"0dcdc286-eabe-4b28-b9d7-d80f3c07c803","display_point":{"type":"Point","coordinates":[30.374824286301894,60.008628559471852]}}},{"id":"21baac61-07be-4261-9e9f-ac10b0b3b1c3","type":"Feature","feature_type":"unit","geometry":{"type":"Polygon","coordinates":[[[30.374461538556474,60.0088281414577],[30.374396766861089,60.008839070103136],[30.374433585169982,60.008893604647653],[30.374498356912685,60.008882676002223],[30.374461538556474,60.0088281414577]]]},"properties":{"category":"auditorium","name":{"ru":"Лекторий 468","en":"Auditorium 468"},"alt_name":{"ru":"468","en":"468"},"restriction":null,"accessibility":null,"level_id":"0dcdc286-eabe-4b28-b9d7-d80f3c07c803","display_point":{"type":"Point","coordinates":[30.374447562007393,60.008860873052676]}}},{"id":"9fca3dd0-4183-49ab-b267-5ed5085b825e","type":"Feature","feature_type":"unit","geometry":{"type":"Polygon","coordinates":[[[30.374396766861089,60.008839070103136],[30.374352830470094,60.008846448448288],[30.374389810704074,60.008900917124528],[30.374433585169982,60.008893604647653],[30.374396766861089,60.008839070103136]]]},"properties":{"category":"classroom","name":{"ru":"Кабинет 467","en":"Classroom 467"},"alt_name":{"ru":"467","en":"467"},"restriction":null,"accessibility":null,"level_id":"0dcdc286-eabe-4b28-b9d7-d80f3c07c803","display_point":{"type":"Point","coordinates":[30.374393248294929,60.008870009531996]}}},{"id":"e303e518-8d92-4163-bf14-0cf29e6314d4","type":"Feature","feature_type":"unit","geometry":{"type":"Polygon","coordinates":[[[30.374353045954603,60.008846446801577],[30.37426064301917,60.008861922553933],[30.37429764816477,60.008916477407844],[30.374389864231553,60.0089009813461],[30.374353045954603,60.008846446801577]]]},"properties":{"category":"classroom","name":{"ru":"Кабинет 466","en":"Classroom 466"},"alt_name":{"ru":"466","en":"466"},"restriction":null,"accessibility":null,"level_id":"0dcdc286-eabe-4b28-b9d7-d80f3c07c803","display_point":{"type":"Point","coordinates":[30.37432530054619,60.008881457439045]}}},{"id":"aa5f315a-c3f7-41fc-a70a-d09d8d697fdc","type":"Feature","feature_type":"unit","geometry":{"type":"Polygon","coordinates":[[[30.374392975380132,60.008940321176262],[30.374205478261089,60.008971956064379],[30.37424114578711,60.009024786267162],[30.374428643038854,60.008993151379038],[30.374392975380132,60.008940321176262]]]},"properties":{"category":"laboratory","name":{"ru":"Лабораторная 462","en":"Lab 462"},"alt_name":{"ru":"462","en":"462"},"restriction":null,"accessibility":null,"level_id":"0dcdc286-eabe-4b28-b9d7-d80f3c07c803","display_point":{"type":"Point","coordinates":[30.374317060357594,60.008982553172807]}}},{"id":"b74cec3e-cbae-426f-96b0-c9fa6421854a","type":"Feature","feature_type":"unit","geometry":{"type":"Polygon","coordinates":[[[30.375596362719115,60.008737282203526],[30.37541738921173,60.008767478967535],[30.375453057595472,60.008820309170318],[30.375632031229522,60.008790112406309],[30.375596362719115,60.008737282203526]]]},"properties":{"category":"classroom","name":{"ru":"Кабинет 451","en":"Classroom 451"},"alt_name":{"ru":"451","en":"451"},"restriction":null,"accessibility":null,"level_id":"0dcdc286-eabe-4b28-b9d7-d80f3c07c803","display_point":{"type":"Point","coordinates":[30.375523857736709,60.008778938950428]}}},{"id":"06e4eece-8fbf-461a-aff6-113f2af67455","type":"Feature","feature_type":"unit","geometry":{"type":"Polygon","coordinates":[[[30.375285116656958,60.008691083838727],[30.375226311253069,60.008701005248383],[30.375261979448346,60.008753835451166],[30.375320784893848,60.0087439134926],[30.375285116656958,60.008691083838727]]]},"properties":{"category":"classroom","name":{"ru":"Кабинет 448а","en":"Classroom 448а"},"alt_name":{"ru":"448а","en":"448а"},"restriction":null,"accessibility":null,"level_id":"0dcdc286-eabe-4b28-b9d7-d80f3c07c803","display_point":{"type":"Point","coordinates":[30.375273548195391,60.008722459644943]}}},{"id":"f4270133-9cf9-4b04-9811-6def532b1405","type":"Feature","feature_type":"unit","geometry":{"type":"Polygon","coordinates":[[[30.375153940780958,60.008811854427691],[30.375055577261932,60.00882852514043],[30.375091245389605,60.008881355343206],[30.375189237302145,60.008864826796177],[30.375153940780958,60.008811854427691]]]},"properties":{"category":"classroom","name":{"ru":"Кабинет 454","en":"Classroom 454"},"alt_name":{"ru":"454","en":"454"},"restriction":null,"accessibility":null,"level_id":"0dcdc286-eabe-4b28-b9d7-d80f3c07c803","display_point":{"type":"Point","coordinates":[30.375122499908223,60.0088466405641]}}},{"id":"e93cd051-425d-4fc5-90a1-f4c39bff84ff","type":"Feature","feature_type":"unit","geometry":{"type":"Polygon","coordinates":[[[30.374956318815048,60.008845272150587],[30.374906887489143,60.008853612172622],[30.374942555511581,60.008906442375405],[30.374991986872473,60.008898102353371],[30.374956318815048,60.008845272150587]]]},"properties":{"category":"classroom","name":{"ru":"Кабинет 457","en":"Classroom 457"},"alt_name":{"ru":"457","en":"457"},"restriction":null,"accessibility":null,"level_id":"0dcdc286-eabe-4b28-b9d7-d80f3c07c803","display_point":{"type":"Point","coordinates":[30.374949437303748,60.008875856988546]}}},{"id":"e58f9a84-ccb9-44f2-abb7-85eec0fbafe5","type":"Feature","feature_type":"unit","geometry":{"type":"Polygon","coordinates":[[[30.374906887489143,60.008853612172622],[30.374755761116333,60.00887917016302],[30.374791409542034,60.008932039886773],[30.374942555511581,60.008906442375405],[30.374906887489143,60.008853612172622]]]},"properties":{"category":"classroom","name":{"ru":"Кабинет 458","en":"Classroom 458"},"alt_name":{"ru":"458","en":"458"},"restriction":null,"accessibility":null,"level_id":"0dcdc286-eabe-4b28-b9d7-d80f3c07c803","display_point":{"type":"Point","coordinates":[30.374849153216385,60.008892816423909]}}},{"id":"1e04bb8d-ba73-48c1-86ce-3af2d6fcf8fc","type":"Feature","feature_type":"unit","geometry":{"type":"Polygon","coordinates":[[[30.374755952444989,60.008879078496335],[30.374653915051958,60.008896490776124],[30.374689508505906,60.00894914148784],[30.374791620360604,60.008931908699111],[30.374755952444989,60.008879078496335]]]},"properties":{"category":"classroom","name":{"ru":"Кабинет 459","en":"Classroom 459"},"alt_name":{"ru":"459","en":"459"},"restriction":null,"accessibility":null,"level_id":"0dcdc286-eabe-4b28-b9d7-d80f3c07c803","display_point":{"type":"Point","coordinates":[30.374722749296321,60.008914155002074]}}},{"id":"14be3689-fa5f-4e43-b18a-194aed3f9f73","type":"Feature","feature_type":"unit","geometry":{"type":"Polygon","coordinates":[[[30.3745574615498,60.00891256867434],[30.374508030397809,60.008920908696375],[30.374543698137959,60.008973738899158],[30.374593129324932,60.008965398877116],[30.3745574615498,60.00891256867434]]]},"properties":{"category":"classroom","name":{"ru":"Кабинет 461","en":"Classroom 461"},"alt_name":{"ru":"461","en":"461"},"restriction":null,"accessibility":null,"level_id":"0dcdc286-eabe-4b28-b9d7-d80f3c07c803","display_point":{"type":"Point","coordinates":[30.37455057957256,60.0089431535123]}}},{"id":"e053e5ea-be0b-41cf-b9ef-ea82b6bf34a3","type":"Feature","feature_type":"unit","geometry":{"type":"Polygon","coordinates":[[[30.374508030397809,60.008920908696375],[30.374445815617111,60.008931405904576],[30.374481483313229,60.008984236107359],[30.374543698137959,60.008973738899158],[30.374508030397809,60.008920908696375]]]},"properties":{"category":"classroom","name":{"ru":"Кабинет 461а","en":"Classroom 461а"},"alt_name":{"ru":"461а","en":"461а"},"restriction":null,"accessibility":null,"level_id":"0dcdc286-eabe-4b28-b9d7-d80f3c07c803","display_point":{"type":"Point","coordinates":[30.374494756861875,60.008952572127413]}}},{"id":"d956cedd-0ee1-4f87-bdaf-79d7b7922b59","type":"Feature","feature_type":"unit","geometry":{"type":"Polygon","coordinates":[[[30.373709334063108,60.008955055361568],[30.373532404435142,60.008984907414913],[30.373569277017424,60.009039242707885],[30.373746149404486,60.009009305574679],[30.373709334063108,60.008955055361568]]]},"properties":{"category":"classroom","name":{"ru":"Кабинет 440","en":"Classroom 440"},"alt_name":{"ru":"440","en":"440"},"restriction":null,"accessibility":null,"level_id":"0dcdc286-eabe-4b28-b9d7-d80f3c07c803","display_point":{"type":"Point","coordinates":[30.373639269076175,60.008997135861073]}}},{"id":"38331a39-1d3b-4406-ab85-36fdb617d00f","type":"Feature","feature_type":"unit","geometry":{"type":"Polygon","coordinates":[[[30.373928539920826,60.009017353031773],[30.37374632629329,60.009048096502511],[30.373782799140365,60.009102119470057],[30.373965012899774,60.009071375999326],[30.373928539920826,60.009017353031773]]]},"properties":{"category":"classroom","name":{"ru":"Кабинет 438","en":"Classroom 438"},"alt_name":{"ru":"438","en":"438"},"restriction":null,"accessibility":null,"level_id":"0dcdc286-eabe-4b28-b9d7-d80f3c07c803","display_point":{"type":"Point","coordinates":[30.3738556693028,60.009059735427563]}}},{"id":"eff34764-6592-4e40-9716-8b4414244857","type":"Feature","feature_type":"unit","geometry":{"type":"Polygon","coordinates":[[[30.373691666457916,60.009057129239288],[30.373580872096493,60.009075822657117],[30.373617459562805,60.009130015784393],[30.373728254004668,60.009111322366564],[30.373691666457916,60.009057129239288]]]},"properties":{"category":"classroom","name":{"ru":"Кабинет 437","en":"Classroom 437"},"alt_name":{"ru":"437","en":"437"},"restriction":null,"accessibility":null,"level_id":"0dcdc286-eabe-4b28-b9d7-d80f3c07c803","display_point":{"type":"Point","coordinates":[30.373654562756311,60.009093571962936]}}},{"id":"f2212096-f4e1-462b-9818-ef1916768b75","type":"Feature","feature_type":"unit","geometry":{"type":"Polygon","coordinates":[[[30.373580587164845,60.009075680491414],[30.373431157582733,60.009100987084544],[30.373467687570923,60.009155095131959],[30.373617344274724,60.009129845075769],[30.373580587164845,60.009075680491414]]]},"properties":{"category":"classroom","name":{"ru":"Кабинет 436","en":"Classroom 436"},"alt_name":{"ru":"436","en":"436"},"restriction":null,"accessibility":null,"level_id":"0dcdc286-eabe-4b28-b9d7-d80f3c07c803","display_point":{"type":"Point","coordinates":[30.373524193949208,60.0091154023576]}}},{"id":"b9734cfb-c3bb-4403-8506-9a4587850e49","type":"Feature","feature_type":"unit","geometry":{"type":"Polygon","coordinates":[[[30.373431272870295,60.009101157244267],[30.373284001058753,60.009126005503951],[30.373320530940365,60.009180114100268],[30.373467687570923,60.009155095131959],[30.373431272870295,60.009101157244267]]]},"properties":{"category":"classroom","name":{"ru":"Кабинет 435","en":"Classroom 435"},"alt_name":{"ru":"435","en":"435"},"restriction":null,"accessibility":null,"level_id":"0dcdc286-eabe-4b28-b9d7-d80f3c07c803","display_point":{"type":"Point","coordinates":[30.37337587325376,60.009140593132337]}}},{"id":"56a5643b-b370-4cf6-a598-773a986558e2","type":"Feature","feature_type":"unit","geometry":{"type":"Polygon","coordinates":[[[30.373284001058753,60.009126005503951],[30.373221274488131,60.009136588889824],[30.37325780432429,60.009190696937232],[30.373320530940365,60.009180114100268],[30.373284001058753,60.009126005503951]]]},"properties":{"category":"administration","name":{"ru":"Кабинет 244","en":"Classroom 244"},"alt_name":{"ru":"244","en":"244"},"restriction":"restricted","accessibility":null,"level_id":"0dcdc286-eabe-4b28-b9d7-d80f3c07c803","display_point":{"type":"Point","coordinates":[30.373272000888047,60.009156885102463]}}},{"id":"88b6067e-468c-4499-924c-3cef64875ac4","type":"Feature","feature_type":"unit","geometry":{"type":"Polygon","coordinates":[[[30.373251044135497,60.008331900266221],[30.373268678392321,60.008328924666678],[30.373226109156736,60.008265869511249],[30.373173269561534,60.008274784782927],[30.373215838752486,60.008337839938356],[30.373251044135497,60.008331900266221]]]},"properties":{"category":"stairs","name":null,"alt_name":null,"restriction":null,"accessibility":null,"level_id":"0dcdc286-eabe-4b28-b9d7-d80f3c07c803","display_point":{"type":"Point","coordinates":[30.373226006677861,60.008290185335667]}}},{"id":"08bdaddf-4c52-4539-98b1-abc98936f807","type":"Feature","feature_type":"unit","geometry":{"type":"Polygon","coordinates":[[[30.373691667006923,60.009057129239288],[30.373728254004668,60.009111322366564],[30.373782799140365,60.009102119470057],[30.373746211279521,60.00904792579388],[30.373691667006923,60.009057129239288]]]},"properties":{"category":"stairs","name":null,"alt_name":null,"restriction":null,"accessibility":null,"level_id":"0dcdc286-eabe-4b28-b9d7-d80f3c07c803","display_point":{"type":"Point","coordinates":[30.373734339488916,60.0090958680214]}}},{"id":"5ff6b4d6-729f-4c29-97ee-da959402f2c1","type":"Feature","feature_type":"unit","geometry":{"type":"Polygon","coordinates":[[[30.374392975380132,60.008940321176262],[30.374428643038854,60.008993151379038],[30.374481483313229,60.008984236107359],[30.374445815617111,60.008931405904576],[30.374392975380132,60.008940321176262]]]},"properties":{"category":"stairs","name":null,"alt_name":null,"restriction":null,"accessibility":null,"level_id":"0dcdc286-eabe-4b28-b9d7-d80f3c07c803","display_point":{"type":"Point","coordinates":[30.374435648197512,60.008979059958364]}}},{"id":"b2210edb-5152-468a-896f-372dd71a65b2","type":"Feature","feature_type":"unit","geometry":{"type":"Polygon","coordinates":[[[30.375364549236668,60.00877639423922],[30.375400217034002,60.008829223893095],[30.375453057046464,60.008820308621416],[30.37541738921173,60.008767478967535],[30.375364549236668,60.00877639423922]]]},"properties":{"category":"stairs","name":null,"alt_name":null,"restriction":null,"accessibility":null,"level_id":"0dcdc286-eabe-4b28-b9d7-d80f3c07c803","display_point":{"type":"Point","coordinates":[30.375407222517325,60.008815133570224]}}},{"id":"6168ce0b-16d3-4c80-81bd-9dc61a3741c2","type":"Feature","feature_type":"unit","geometry":{"type":"Polygon","coordinates":[[[30.374935766343778,60.008040053836233],[30.374897797672524,60.007983815773322],[30.374843253888663,60.007993018120921],[30.374881222518823,60.00804925673274],[30.374935766343778,60.008040053836233]]]},"properties":{"category":"stairs","name":null,"alt_name":null,"restriction":null,"accessibility":null,"level_id":"0dcdc286-eabe-4b28-b9d7-d80f3c07c803","display_point":{"type":"Point","coordinates":[30.37489138892548,60.008001601581142]}}},{"id":"57d896b7-eb33-4525-b219-0c6ea8d32e75","type":"Feature","feature_type":"unit","geometry":{"type":"Polygon","coordinates":[[[30.374502007309307,60.00836443535416],[30.374483328023594,60.0083367673832],[30.374377648770086,60.008354597926562],[30.37439632801663,60.008382265897524],[30.374502007309307,60.00836443535416]]]},"properties":{"category":"restroom.family","name":{"ru":"Туалет женский","en":"Restroom female"},"alt_name":{"ru":"Туалет Ж.","en":"Restroom F."},"restriction":null,"accessibility":null,"level_id":"0dcdc286-eabe-4b28-b9d7-d80f3c07c803","display_point":{"type":"Point","coordinates":[30.374439828035076,60.00835951609146]}}},{"id":"859875b4-19fb-4bd1-9de4-2d8b04c839d5","type":"Feature","feature_type":"unit","geometry":{"type":"Polygon","coordinates":[[[30.372394971144168,60.008475959683338],[30.372352461924411,60.008413274488085],[30.372261440693446,60.008428631677539],[30.372303779095976,60.008491345964622],[30.372394971144168,60.008475959683338]]]},"properties":{"category":"classroom","name":{"ru":"Кабинет 414","en":"Classroom 414"},"alt_name":{"ru":"414","en":"414"},"restriction":null,"accessibility":null,"level_id":"0dcdc286-eabe-4b28-b9d7-d80f3c07c803","display_point":{"type":"Point","coordinates":[30.372328163209733,60.008452303090621]}}},{"id":"04ef7850-0c76-4d19-8028-f2448b96d807","type":"Feature","feature_type":"unit","geometry":{"type":"Polygon","coordinates":[[[30.372303779095976,60.008491345964622],[30.372261440693446,60.008428631677539],[30.372176954230387,60.008442981631212],[30.372219234920312,60.008505610289532],[30.372303779095976,60.008491345964622]]]},"properties":{"category":"stairs","name":null,"alt_name":null,"restriction":null,"accessibility":null,"level_id":"0dcdc286-eabe-4b28-b9d7-d80f3c07c803","display_point":{"type":"Point","coordinates":[30.372245481777181,60.008455053640212]}}},{"id":"e07cca64-801f-45c0-ba1e-cc07bd9a3df4","type":"Feature","feature_type":"unit","geometry":{"type":"Polygon","coordinates":[[[30.372800356019386,60.0085133931757],[30.372755830840411,60.008447440913763],[30.372645435810206,60.00846616177671],[30.372689903249356,60.008532029507684],[30.372800356019386,60.0085133931757]]]},"properties":{"category":"classroom","name":{"ru":"Кабинет 418","en":"Classroom 418"},"alt_name":{"ru":"418","en":"418"},"restriction":null,"accessibility":null,"level_id":"0dcdc286-eabe-4b28-b9d7-d80f3c07c803","display_point":{"type":"Point","coordinates":[30.372722881613821,60.008489755794564]}}},{"id":"eede293d-7fec-4d69-87cb-81465d8b3348","type":"Feature","feature_type":"unit","geometry":{"type":"Polygon","coordinates":[[[30.37283297124775,60.008561423227583],[30.372800411749644,60.008513193924152],[30.372689845607042,60.008531943878921],[30.372722347665878,60.008580087004688],[30.37283297124775,60.008561423227583]]]},"properties":{"category":"classroom","name":{"ru":"Кабинет 419","en":"Classroom 419"},"alt_name":{"ru":"419","en":"419"},"restriction":null,"accessibility":null,"level_id":"0dcdc286-eabe-4b28-b9d7-d80f3c07c803","display_point":{"type":"Point","coordinates":[30.372761394687096,60.00854666214606]}}},{"id":"13aee18f-f09a-4b6e-abca-871427b63cba","type":"Feature","feature_type":"unit","geometry":{"type":"Polygon","coordinates":[[[30.372863860264427,60.0086068959435],[30.372833141439546,60.008561393586859],[30.372722177473982,60.008580116645412],[30.372752953873739,60.008625703533021],[30.372863860264427,60.0086068959435]]]},"properties":{"category":"classroom","name":{"ru":"Кабинет 420","en":"Classroom 420"},"alt_name":{"ru":"420","en":"420"},"restriction":null,"accessibility":null,"level_id":"0dcdc286-eabe-4b28-b9d7-d80f3c07c803","display_point":{"type":"Point","coordinates":[30.372793033814503,60.0085935274272]}}},{"id":"19089c6a-9a3e-403e-8728-e0a945cad9c2","type":"Feature","feature_type":"unit","geometry":{"type":"Polygon","coordinates":[[[30.372894694142477,60.008652568459873],[30.372863860264427,60.0086068959435],[30.372752953599235,60.008625703533021],[30.372783674859978,60.008671489672167],[30.372894694142477,60.008652568459873]]]},"properties":{"category":"classroom","name":{"ru":"Кабинет 422","en":"Classroom 422"},"alt_name":{"ru":"422","en":"422"},"restriction":null,"accessibility":null,"level_id":"0dcdc286-eabe-4b28-b9d7-d80f3c07c803","display_point":{"type":"Point","coordinates":[30.372823796268129,60.008639164264913]}}},{"id":"f7e619bf-fa6a-4b23-adbb-911856eb11d7","type":"Feature","feature_type":"unit","geometry":{"type":"Polygon","coordinates":[[[30.372927081398618,60.00870054142591],[30.372910859080562,60.00867651212851],[30.3727998397625,60.008695433340804],[30.372816004676693,60.008719378107251],[30.372927081398618,60.00870054142591]]]},"properties":{"category":"classroom","name":{"ru":"Кабинет 424","en":"Classroom 424"},"alt_name":{"ru":"424","en":"424"},"restriction":null,"accessibility":null,"level_id":"0dcdc286-eabe-4b28-b9d7-d80f3c07c803","display_point":{"type":"Point","coordinates":[30.372863446167415,60.008697966525069]}}},{"id":"b687228e-039c-4358-8f0a-ffddf3ba3e8f","type":"Feature","feature_type":"unit","geometry":{"type":"Polygon","coordinates":[[[30.372945200185828,60.008727098418554],[30.372927081398618,60.00870054142591],[30.372816004676693,60.008719378107251],[30.372833895040532,60.008745878014054],[30.372945200185828,60.008727098418554]]]},"properties":{"category":"classroom","name":null,"alt_name":null,"restriction":"restricted","accessibility":null,"level_id":"0dcdc286-eabe-4b28-b9d7-d80f3c07c803","display_point":{"type":"Point","coordinates":[30.372880544096336,60.008723221521379]}}},{"id":"7ebe1102-9ece-418c-a71d-40e18c9cde16","type":"Feature","feature_type":"unit","geometry":{"type":"Polygon","coordinates":[[[30.373008649385419,60.0088208004379],[30.372945029444683,60.008727126961475],[30.372806622555458,60.0087504794623],[30.372869901388686,60.008844210024577],[30.373008649385419,60.0088208004379]]]},"properties":{"category":"classroom","name":{"ru":"Кабинет 425","en":"Classroom 425"},"alt_name":{"ru":"425","en":"425"},"restriction":null,"accessibility":null,"level_id":"0dcdc286-eabe-4b28-b9d7-d80f3c07c803","display_point":{"type":"Point","coordinates":[30.372907547938432,60.008785650379245]}}},{"id":"9c58dd7e-d70d-44e3-8bf8-948845efb652","type":"Feature","feature_type":"unit","geometry":{"type":"Polygon","coordinates":[[[30.373868365894349,60.008928223368855],[30.373709504255505,60.008955026818647],[30.37374620677409,60.009009390654541],[30.373905068528636,60.008982587204756],[30.373868365894349,60.008928223368855]]]},"properties":{"category":"classroom","name":{"ru":"Кабинет 439","en":"Classroom 439"},"alt_name":{"ru":"439","en":"439"},"restriction":null,"accessibility":null,"level_id":"0dcdc286-eabe-4b28-b9d7-d80f3c07c803","display_point":{"type":"Point","coordinates":[30.373807286371715,60.008968805913895]}}},{"id":"cd474fd7-0d7f-4343-b5ab-8fb321b886cf","type":"Feature","feature_type":"unit","geometry":{"type":"Polygon","coordinates":[[[30.373321550705537,60.00898194718463],[30.37330210645338,60.008953146279254],[30.373191437878749,60.008971828170139],[30.373210926558173,60.009000612059545],[30.373321550705537,60.00898194718463]]]},"properties":{"category":"restroom","name":{"ru":"Туалет женский","en":"Restroom female"},"alt_name":{"ru":"Туалет Ж.","en":"Restroom F."},"restriction":null,"accessibility":null,"level_id":"0dcdc286-eabe-4b28-b9d7-d80f3c07c803","display_point":{"type":"Point","coordinates":[30.373256206442825,60.008977965996017]}}},{"id":"b490da67-4990-42ae-875b-1dd7f3d0c22a","type":"Feature","feature_type":"unit","geometry":{"type":"Polygon","coordinates":[[[30.37330210645338,60.008953146279254],[30.373270406961108,60.008905911586851],[30.373159612733929,60.00892460500468],[30.3731914823487,60.008971811154161],[30.37330210645338,60.008953146279254]]]},"properties":{"category":"classroom","name":{"ru":"Кабинет 429","en":"Classroom 429"},"alt_name":{"ru":"429","en":"429"},"restriction":null,"accessibility":null,"level_id":"0dcdc286-eabe-4b28-b9d7-d80f3c07c803","display_point":{"type":"Point","coordinates":[30.373230874401433,60.008938875916421]}}},{"id":"1c9b2f1f-036a-42e1-8fe8-ce8957fd917e","type":"Feature","feature_type":"unit","geometry":{"type":"Polygon","coordinates":[[[30.373270406961108,60.008905911586851],[30.373250733003676,60.008876769813121],[30.373139938819751,60.008895463230957],[30.373159544656904,60.00892461653163],[30.373270406961108,60.008905911586851]]]},"properties":{"category":"restroom","name":{"ru":"Туалет мужской","en":"Restroom male"},"alt_name":{"ru":"Туалет М.","en":"Restroom M."},"restriction":null,"accessibility":null,"level_id":"0dcdc286-eabe-4b28-b9d7-d80f3c07c803","display_point":{"type":"Point","coordinates":[30.373203735056084,60.008900075657252]}}},{"id":"614ae419-df3a-4b53-8161-2f2110bfe2e3","type":"Feature","feature_type":"unit","geometry":{"type":"Polygon","coordinates":[[[30.372843658625072,60.008400635462984],[30.372801430679925,60.008337522672811],[30.372697796286893,60.0083550079566],[30.372740420257539,60.008417864409388],[30.372843658625072,60.008400635462984]]]},"properties":{"category":"classroom","name":null,"alt_name":null,"restriction":"restricted","accessibility":null,"level_id":"0dcdc286-eabe-4b28-b9d7-d80f3c07c803","display_point":{"type":"Point","coordinates":[30.372770405577068,60.008377876325575]}}},{"id":"010c6ee4-824d-4285-8444-4dd4dc1dae83","type":"Feature","feature_type":"unit","geometry":{"type":"Polygon","coordinates":[[[30.372893771735843,60.008392180171455],[30.372851032076792,60.008329153558947],[30.372801430679925,60.008337522672811],[30.372843999556761,60.008400578377142],[30.372893771735843,60.008392180171455]]]},"properties":{"category":"administration","name":{"ru":"Кабинет 409","en":"Classroom 409"},"alt_name":{"ru":"409","en":"409"},"restriction":null,"accessibility":null,"level_id":"0dcdc286-eabe-4b28-b9d7-d80f3c07c803","display_point":{"type":"Point","coordinates":[30.372847558778243,60.008364858557862]}}},{"id":"2ad98d22-9e5b-44db-969c-ad2660605a60","type":"Feature","feature_type":"unit","geometry":{"type":"Polygon","coordinates":[[[30.372993314958059,60.008375384857885],[30.372951086886236,60.00831227206772],[30.372851032076792,60.008329153558947],[30.372893260063904,60.008392266898021],[30.372993314958059,60.008375384857885]]]},"properties":{"category":"administration","name":{"ru":"Кабинет 408","en":"Classroom 408"},"alt_name":{"ru":"408","en":"408"},"restriction":null,"accessibility":null,"level_id":"0dcdc286-eabe-4b28-b9d7-d80f3c07c803","display_point":{"type":"Point","coordinates":[30.372922173904303,60.00835226948287]}}},{"id":"443f6a14-c514-4950-9200-5ffe24fdc5f5","type":"Feature","feature_type":"unit","geometry":{"type":"Polygon","coordinates":[[[30.373142629696584,60.008350192436446],[30.373099890376547,60.008287165275036],[30.373054550405367,60.008294815326842],[30.37309711949602,60.008357871031173],[30.373142629696584,60.008350192436446]]]},"properties":{"category":"administration","name":{"ru":"Кабинет 406","en":"Classroom 406"},"alt_name":{"ru":"406","en":"406"},"restriction":null,"accessibility":null,"level_id":"0dcdc286-eabe-4b28-b9d7-d80f3c07c803","display_point":{"type":"Point","coordinates":[30.373094286258006,60.008323230353881]}}},{"id":"8465a935-c95b-42ce-b9eb-a8de23fbc861","type":"Feature","feature_type":"unit","geometry":{"type":"Polygon","coordinates":[[[30.37321575338246,60.008337854758722],[30.3731730134517,60.008274828146213],[30.373099890376547,60.008287165275036],[30.373142459505498,60.008350220979366],[30.37321575338246,60.008337854758722]]]},"properties":{"category":"administration","name":{"ru":"Кабинет 405","en":"Classroom 405"},"alt_name":{"ru":"405","en":"405"},"restriction":null,"accessibility":null,"level_id":"0dcdc286-eabe-4b28-b9d7-d80f3c07c803","display_point":{"type":"Point","coordinates":[30.37314657223282,60.008314408395591]}}},{"id":"14f3fb66-26ea-4457-9205-a241c9b835a5","type":"Feature","feature_type":"unit","geometry":{"type":"Polygon","coordinates":[[[30.37337325001597,60.008311281299008],[30.37333068069206,60.008248225594677],[30.373226805014337,60.008265878293685],[30.373268048963343,60.0083289081996],[30.37337325001597,60.008311281299008]]]},"properties":{"category":"administration","name":{"ru":"Кабинет 404","en":"Classroom 404"},"alt_name":{"ru":"404","en":"404"},"restriction":null,"accessibility":null,"level_id":"0dcdc286-eabe-4b28-b9d7-d80f3c07c803","display_point":{"type":"Point","coordinates":[30.373299696580151,60.008288573758421]}}},{"id":"83f0242b-c8fb-4bbd-baed-b55cd806d71e","type":"Feature","feature_type":"unit","geometry":{"type":"Polygon","coordinates":[[[30.373445521289174,60.008299087433691],[30.373402951904204,60.008236032278262],[30.373330680692046,60.008248226143579],[30.37337325001597,60.008311281299008],[30.373445521289174,60.008299087433691]]]},"properties":{"category":"administration","name":{"ru":"Кабинет 403","en":"Classroom 403"},"alt_name":{"ru":"403","en":"403"},"restriction":null,"accessibility":null,"level_id":"0dcdc286-eabe-4b28-b9d7-d80f3c07c803","display_point":{"type":"Point","coordinates":[30.373388100831285,60.008273656788639]}}},{"id":"ec4272cb-b743-47f3-aa75-d215df2bb4a4","type":"Feature","feature_type":"unit","geometry":{"type":"Polygon","coordinates":[[[30.373500804379486,60.008380973781435],[30.373464965411507,60.008327888339075],[30.373352126896162,60.008346926467567],[30.373387965783881,60.008400012458836],[30.373500804379486,60.008380973781435]]]},"properties":{"category":"administration","name":{"ru":"402","en":"402"},"alt_name":{"ru":"402","en":"402"},"restriction":null,"accessibility":null,"level_id":"0dcdc286-eabe-4b28-b9d7-d80f3c07c803","display_point":{"type":"Point","coordinates":[30.373426467814607,60.008363953966821]}}},{"id":"72f18e5e-7a9c-4a75-8ab5-4d224d7d6068","type":"Feature","feature_type":"unit","geometry":{"type":"Polygon","coordinates":[[[30.373387965783881,60.008400012458836],[30.37335195643066,60.008346955559389],[30.373254799036868,60.008363348527546],[30.373290637855384,60.008416433969913],[30.373387965783881,60.008400012458836]]]},"properties":{"category":"administration","name":{"ru":"401","en":"401"},"alt_name":{"ru":"401","en":"401"},"restriction":null,"accessibility":null,"level_id":"0dcdc286-eabe-4b28-b9d7-d80f3c07c803","display_point":{"type":"Point","coordinates":[30.373321341079354,60.008381689550077]}}},{"id":"8edaacd8-fdb3-4343-abde-0646ffc7eafa","type":"Feature","feature_type":"unit","geometry":{"type":"Polygon","coordinates":[[[30.373290637855384,60.008416433969913],[30.373254799036868,60.008363348527546],[30.373142983194573,60.00838221430071],[30.373178821933571,60.00843529974307],[30.373290637855384,60.008416433969913]]]},"properties":{"category":"administration","name":{"ru":"400","en":"Classroom 201"},"alt_name":{"ru":"400","en":"400"},"restriction":null,"accessibility":null,"level_id":"0dcdc286-eabe-4b28-b9d7-d80f3c07c803","display_point":{"type":"Point","coordinates":[30.373216811878326,60.008399326330917]}}},{"id":"80cb5d1d-5b8a-41a1-bc32-baf1387f22f6","type":"Feature","feature_type":"unit","geometry":{"type":"Polygon","coordinates":[[[30.373292281882524,60.008772944936965],[30.373265014417608,60.00873255560554],[30.37323763875704,60.0087370878921],[30.373233151370972,60.008730441233759],[30.373200083606079,60.008736020277063],[30.373197380142088,60.00873201603455],[30.373186470831516,60.008733856504072],[30.373220986746563,60.008784982365107],[30.373292281882524,60.008772944936965]]]},"properties":{"category":"classroom","name":{"ru":"Кабинет 5","en":"Classroom 5"},"alt_name":{"ru":"5","en":"5"},"restriction":null,"accessibility":null,"level_id":"0dcdc286-eabe-4b28-b9d7-d80f3c07c803","display_point":{"type":"Point","coordinates":[30.373244320273752,60.008742414440334]}}},{"id":"5ee28110-966a-45d5-af11-0b118fbb18e7","type":"Feature","feature_type":"unit","geometry":{"type":"Polygon","coordinates":[[[30.373180200356813,60.0087245679788],[30.373251279126347,60.008712575560644],[30.373257376954722,60.008721608297428],[30.373467885124452,60.008686091023108],[30.373471451608019,60.008691373659154],[30.373607740624625,60.008668378493745],[30.373617733837037,60.008683113776861],[30.373519755800555,60.0086996445195],[30.373518489838659,60.00869776946913],[30.373454229239758,60.0087086119369],[30.373449339702173,60.00870136917063],[30.37323763875704,60.0087370878921],[30.373233151370972,60.008730441233759],[30.373200083606079,60.008736020277063],[30.373197380142088,60.00873201603455],[30.373186470831516,60.008733856504072],[30.373180200356813,60.0087245679788]]]},"properties":{"category":"walkway","name":null,"alt_name":null,"restriction":null,"accessibility":null,"level_id":"0dcdc286-eabe-4b28-b9d7-d80f3c07c803","display_point":{"type":"Point","coordinates":[30.373109926281469,60.008691909387835]}}},{"id":"7255a969-1e8e-4300-9d0d-a9259d450230","type":"Feature","feature_type":"unit","geometry":{"type":"Polygon","coordinates":[[[30.373251279126347,60.008712575560644],[30.3732287862103,60.008679258835777],[30.373157707472494,60.008691251253936],[30.373180200356813,60.0087245679788],[30.373251279126347,60.008712575560644]]]},"properties":{"category":"classroom","name":{"ru":"Кабинет 6","en":"Classroom 6"},"alt_name":{"ru":"6","en":"6"},"restriction":null,"accessibility":null,"level_id":"0dcdc286-eabe-4b28-b9d7-d80f3c07c803","display_point":{"type":"Point","coordinates":[30.373204494115377,60.00870191368174]}}},{"id":"8eb2bd35-1aeb-4d14-9c8a-7d4533738797","type":"Feature","feature_type":"unit","geometry":{"type":"Polygon","coordinates":[[[30.373376739152857,60.008701460837315],[30.373348148340703,60.008659111924572],[30.37322883232703,60.008679242917616],[30.37325742307149,60.008721591830358],[30.373376739152857,60.008701460837315]]]},"properties":{"category":"classroom","name":{"ru":"Кабинет 1","en":"Classroom 1"},"alt_name":{"ru":"1","en":"1"},"restriction":null,"accessibility":null,"level_id":"0dcdc286-eabe-4b28-b9d7-d80f3c07c803","display_point":{"type":"Point","coordinates":[30.373302740022563,60.008690367521183]}}},{"id":"3261c3ce-5d36-462e-a19f-021fd589ea43","type":"Feature","feature_type":"unit","geometry":{"type":"Polygon","coordinates":[[[30.373415689242151,60.008752123973693],[30.373388364067086,60.008711649013506],[30.373264956774364,60.008732470525679],[30.373292281882524,60.008772944936965],[30.373415689242151,60.008752123973693]]]},"properties":{"category":"classroom","name":{"ru":"Кабинет 2","en":"Classroom 2"},"alt_name":{"ru":"2","en":"2"},"restriction":null,"accessibility":null,"level_id":"0dcdc286-eabe-4b28-b9d7-d80f3c07c803","display_point":{"type":"Point","coordinates":[30.3733402999387,60.008742304659869]}}},{"id":"0d06562c-53fd-47d7-a66c-4854c9646e7d","type":"Feature","feature_type":"unit","geometry":{"type":"Polygon","coordinates":[[[30.373527846290333,60.008733200016884],[30.3735359001978,60.008745129860174],[30.373549025015063,60.008742915588165],[30.373518535406312,60.00869775409987],[30.373454275081951,60.008708596018735],[30.373449385544362,60.008701353252462],[30.373388193600675,60.008711677556427],[30.373415518775648,60.008752152516614],[30.373527846290333,60.008733200016884]]]},"properties":{"category":"classroom","name":{"ru":"Кабинет 4","en":"Classroom 4"},"alt_name":{"ru":"4","en":"4"},"restriction":null,"accessibility":null,"level_id":"0dcdc286-eabe-4b28-b9d7-d80f3c07c803","display_point":{"type":"Point","coordinates":[30.373479817416374,60.008724103058526]}}},{"id":"eacfadab-8d30-4a96-8b8a-e8b840dbd06b","type":"Feature","feature_type":"unit","geometry":{"type":"Polygon","coordinates":[[[30.373467930692136,60.008686074556039],[30.373471497724687,60.008691358289894],[30.373496724543475,60.008687102101206],[30.373464566630943,60.008639469454607],[30.373348148340703,60.008659111924572],[30.373376739152857,60.008701460837315],[30.373467930692136,60.008686074556039]]]},"properties":{"category":"classroom","name":{"ru":"Кабинет 3","en":"Classroom 3"},"alt_name":{"ru":"3","en":"3"},"restriction":null,"accessibility":null,"level_id":"0dcdc286-eabe-4b28-b9d7-d80f3c07c803","display_point":{"type":"Point","coordinates":[30.373418205868642,60.008670356188851]}}},{"id":"6441bd24-ef17-44a4-91e9-a2fb8761845a","type":"Feature","feature_type":"unit","geometry":{"type":"Polygon","coordinates":[[[30.373647034950686,60.008726378807594],[30.373617811247012,60.008683091820764],[30.373519801368211,60.008699629150236],[30.373548854823142,60.008742944131086],[30.373647034950686,60.008726378807594]]]},"properties":{"category":"classroom","name":{"ru":"Кабинет 8","en":"Classroom 8"},"alt_name":{"ru":"8","en":"8"},"restriction":null,"accessibility":null,"level_id":"0dcdc286-eabe-4b28-b9d7-d80f3c07c803","display_point":{"type":"Point","coordinates":[30.373583346364036,60.00871301742702]}}},{"id":"2c7eba96-ce47-4296-b57b-dd57f2648765","type":"Feature","feature_type":"unit","geometry":{"type":"Polygon","coordinates":[[[30.373023549004216,60.008842869605076],[30.373008649385419,60.0088208004379],[30.37290058269814,60.008839033875581],[30.372915482284988,60.008861103042754],[30.373023549004216,60.008842869605076]]]},"properties":{"category":"classroom","name":{"ru":"Кабинет 426","en":"Classroom 426"},"alt_name":{"ru":"426","en":"426"},"restriction":null,"accessibility":null,"level_id":"0dcdc286-eabe-4b28-b9d7-d80f3c07c803","display_point":{"type":"Point","coordinates":[30.372962065712162,60.008840951191424]}}},{"id":"b7b7492b-80e5-45d6-b727-b6f20cd03e1d","type":"Feature","feature_type":"unit","geometry":{"type":"Polygon","coordinates":[[[30.372418976861987,60.008567204815854],[30.372381010302533,60.008510966478489],[30.372276240177911,60.0085287382893],[30.372314149016592,60.0085848915468],[30.372418976861987,60.008567204815854]]]},"properties":{"category":"classroom","name":{"ru":"Кабинет 417","en":"Classroom 417"},"alt_name":{"ru":"417","en":"417"},"restriction":null,"accessibility":null,"level_id":"0dcdc286-eabe-4b28-b9d7-d80f3c07c803","display_point":{"type":"Point","coordinates":[30.37234759381419,60.00854795096874]}}},{"id":"b43455ae-2212-4ccd-90b7-6f1e160095df","type":"Feature","feature_type":"unit","geometry":{"type":"Polygon","coordinates":[[[30.373053922781182,60.008887860384746],[30.373023549004216,60.008842869605076],[30.372915482284988,60.008861103042754],[30.372945798353847,60.008906008193662],[30.373053922781182,60.008887860384746]]]},"properties":{"category":"classroom","name":{"ru":"Кабинет 426а","en":"Classroom 426а"},"alt_name":{"ru":"426а","en":"426а"},"restriction":null,"accessibility":null,"level_id":"0dcdc286-eabe-4b28-b9d7-d80f3c07c803","display_point":{"type":"Point","coordinates":[30.372984815752719,60.008874438624922]}}},{"id":"11445680-2f5f-4a3e-9a54-4df9cac17851","type":"Feature","feature_type":"unit","geometry":{"type":"Polygon","coordinates":[[[30.373115712955041,60.008980229120333],[30.3730866574916,60.008936629259175],[30.373085975074094,60.00893674397976],[30.372978703460738,60.008954748525163],[30.373007646036811,60.0089984620091],[30.373115712955041,60.008980229120333]]]},"properties":{"category":"classroom","name":{"ru":"Кабинет 428","en":"Classroom 428"},"alt_name":{"ru":"428","en":"428"},"restriction":null,"accessibility":null,"level_id":"0dcdc286-eabe-4b28-b9d7-d80f3c07c803","display_point":{"type":"Point","coordinates":[30.373047580546128,60.008967900773946]}}},{"id":"569003ce-6ce0-468e-bbe7-12198555b215","type":"Feature","feature_type":"unit","geometry":{"type":"Polygon","coordinates":[[[30.373197858605913,60.009101624360156],[30.37318272912043,60.009079213775728],[30.373075002994028,60.009097389578656],[30.373090132447167,60.009119800163084],[30.373197858605913,60.009101624360156]]]},"properties":{"category":"classroom","name":{"ru":"Кабинет 432","en":"Classroom 432"},"alt_name":{"ru":"432","en":"432"},"restriction":null,"accessibility":null,"level_id":"0dcdc286-eabe-4b28-b9d7-d80f3c07c803","display_point":{"type":"Point","coordinates":[30.373136430523491,60.00909950724386]}}},{"id":"e868a448-53bd-48e4-8ae4-a974c9fed232","type":"Feature","feature_type":"unit","geometry":{"type":"Polygon","coordinates":[[[30.373182899862382,60.009079185232807],[30.373150686804593,60.00903175183776],[30.373042960746687,60.009049927640689],[30.373075002994028,60.009097389578656],[30.373182899862382,60.009079185232807]]]},"properties":{"category":"classroom","name":{"ru":"Кабинет 431","en":"Classroom 431"},"alt_name":{"ru":"431","en":"431"},"restriction":null,"accessibility":null,"level_id":"0dcdc286-eabe-4b28-b9d7-d80f3c07c803","display_point":{"type":"Point","coordinates":[30.373112802507091,60.009064578392838]}}},{"id":"535f0b59-e505-49f9-a455-6f33d66faffe","type":"Feature","feature_type":"unit","geometry":{"type":"Polygon","coordinates":[[[30.373151027739283,60.00903169420301],[30.373116053889497,60.008980171485589],[30.373007646036811,60.0089984620091],[30.373042960746687,60.009049927640689],[30.373151027739283,60.00903169420301]]]},"properties":{"category":"classroom","name":{"ru":"Кабинет 430","en":"Classroom 430"},"alt_name":{"ru":"430","en":"430"},"restriction":null,"accessibility":null,"level_id":"0dcdc286-eabe-4b28-b9d7-d80f3c07c803","display_point":{"type":"Point","coordinates":[30.373081548324116,60.00901793212374]}}},{"id":"ef089837-9e66-4f93-ba3d-9d857dd2aa39","type":"Feature","feature_type":"unit","geometry":{"type":"Polygon","coordinates":[[[30.373607688469249,60.008668380140456],[30.373567476860927,60.00860881819947],[30.373456513023694,60.008627540160219],[30.373496724543475,60.008687102101206],[30.373607688469249,60.008668380140456]]]},"properties":{"category":"classroom","name":{"ru":"Кабинет 7","en":"Classroom 7"},"alt_name":{"ru":"7","en":"7"},"restriction":null,"accessibility":null,"level_id":"0dcdc286-eabe-4b28-b9d7-d80f3c07c803","display_point":{"type":"Point","coordinates":[30.373532127898596,60.008647969756126]}}},{"id":"9a998739-e534-402a-9802-c1660767bc1a","type":"Feature","feature_type":"unit","geometry":{"type":"Polygon","coordinates":[[[30.374183616141906,60.008635845601411],[30.374104227947452,60.008518255901464],[30.373988378552653,60.008537896724718],[30.373981417903039,60.00852758669221],[30.373667787695698,60.008580503072658],[30.373565516879339,60.008597758915279],[30.3735724151616,60.008607976732193],[30.373567476860927,60.00860881819947],[30.373647034950686,60.008726378807594],[30.374183616141906,60.008635845601411]]]},"properties":{"category":"classroom","name":null,"alt_name":null,"restriction":"restricted","accessibility":null,"level_id":"0dcdc286-eabe-4b28-b9d7-d80f3c07c803","display_point":{"type":"Point","coordinates":[30.373662461140974,60.008628860270328]}}},{"id":"8656d9bf-0d85-4ea4-a058-26e85d7ca010","type":"Feature","feature_type":"unit","geometry":{"type":"Polygon","coordinates":[[[30.374485783375356,60.008571574627318],[30.37442250251312,60.008477843516147],[30.37411228165821,60.008530185195852],[30.374175562130919,60.008623915758122],[30.374485783375356,60.008571574627318]]]},"properties":{"category":"auditorium","name":{"ru":"Лекторий 470","en":"Auditorium 470"},"alt_name":{"ru":"470","en":"470"},"restriction":null,"accessibility":null,"level_id":"0dcdc286-eabe-4b28-b9d7-d80f3c07c803","display_point":{"type":"Point","coordinates":[30.374296433063734,60.008551317935648]}}},{"id":"6a341c51-321b-429f-bc5f-3fae1c5ad005","type":"Feature","feature_type":"unit","geometry":{"type":"Polygon","coordinates":[[[30.374754991853816,60.00873971384086],[30.37473445234145,60.008709009891092],[30.374625193051138,60.008727444227027],[30.3746459029845,60.008758119633868],[30.374754991853816,60.00873971384086]]]},"properties":{"category":"restroom","name":{"ru":"Туалет мужской","en":"Restroom male"},"alt_name":{"ru":"Туалет М.","en":"Restroom M."},"restriction":null,"accessibility":null,"level_id":"0dcdc286-eabe-4b28-b9d7-d80f3c07c803","display_point":{"type":"Point","coordinates":[30.374695399124242,60.0087326642882]}}},{"id":"3b72c6cc-5d39-48f3-918f-18cfcdc5568f","type":"Feature","feature_type":"unit","geometry":{"type":"Polygon","coordinates":[[[30.37473445234145,60.008709009891092],[30.374702581203088,60.00866180374161],[30.374593321981873,60.008680238077538],[30.374625193051138,60.008727444227027],[30.37473445234145,60.008709009891092]]]},"properties":{"category":"auditorium","name":{"ru":"Лекторий 444","en":"Auditorium 444"},"alt_name":{"ru":"444","en":"444"},"restriction":null,"accessibility":null,"level_id":"0dcdc286-eabe-4b28-b9d7-d80f3c07c803","display_point":{"type":"Point","coordinates":[30.374663887283564,60.008694623709864]}}},{"id":"1a239bec-77b2-4b22-83de-2d9a5bd7d5b2","type":"Feature","feature_type":"unit","geometry":{"type":"Polygon","coordinates":[[[30.37448299862254,60.00833684203392],[30.374451991136269,60.008290914277964],[30.374346482412538,60.008308715729505],[30.374377489833893,60.008354643485454],[30.37448299862254,60.00833684203392]]]},"properties":{"category":"classroom","name":{"ru":"Кабинет 430а","en":"Classroom 430а"},"alt_name":{"ru":"430а","en":"430а"},"restriction":null,"accessibility":null,"level_id":"0dcdc286-eabe-4b28-b9d7-d80f3c07c803","display_point":{"type":"Point","coordinates":[30.374414740365779,60.008322778607258]}}},{"id":"06c0fee9-0412-4ee6-add9-3f55b44d5e16","type":"Feature","feature_type":"unit","geometry":{"type":"Polygon","coordinates":[[[30.374451736400282,60.00829088463724],[30.374433523530442,60.008263419211232],[30.374328014845595,60.008281221211675],[30.374346554607204,60.008308599911111],[30.374451736400282,60.00829088463724]]]},"properties":{"category":"classroom","name":{"ru":"Кабинет 430","en":"Classroom 430"},"alt_name":{"ru":"430","en":"430"},"restriction":null,"accessibility":null,"level_id":"0dcdc286-eabe-4b28-b9d7-d80f3c07c803","display_point":{"type":"Point","coordinates":[30.374389957694166,60.008286031791719]}}},{"id":"da32ea7b-ff8e-4918-888b-c2b42fd24c5e","type":"Feature","feature_type":"unit","geometry":{"type":"Polygon","coordinates":[[[30.375536448029585,60.008648610325153],[30.375426415517452,60.008667180239954],[30.375445279758356,60.008695136933547],[30.375449670191898,60.008701955947224],[30.375461891978404,60.0087201432771],[30.375572136758638,60.008701568422175],[30.375536448029585,60.008648610325153]]]},"properties":{"category":"classroom","name":{"ru":"Кабинет 450","en":"Classroom 450"},"alt_name":{"ru":"450","en":"450"},"restriction":null,"accessibility":null,"level_id":"0dcdc286-eabe-4b28-b9d7-d80f3c07c803","display_point":{"type":"Point","coordinates":[30.375481973754304,60.008689099007889]}}},{"id":"9ef9d2c9-2611-40d9-90d0-6aa55a10c191","type":"Feature","feature_type":"unit","geometry":{"type":"Polygon","coordinates":[[[30.375364379045447,60.008776423331042],[30.375203235342859,60.008803661511479],[30.375238579661882,60.008856459877926],[30.37540021758301,60.008829224441996],[30.375364379045447,60.008776423331042]]]},"properties":{"category":"classroom","name":{"ru":"Кабинет 452","en":"Classroom 452"},"alt_name":{"ru":"452","en":"452"},"restriction":null,"accessibility":null,"level_id":"0dcdc286-eabe-4b28-b9d7-d80f3c07c803","display_point":{"type":"Point","coordinates":[30.375301602506056,60.00881644160448]}}},{"id":"6e7eda5f-fd08-4053-a9d5-604544a9c7b8","type":"Feature","feature_type":"unit","geometry":{"type":"Polygon","coordinates":[[[30.374891862835128,60.008633094502926],[30.374775444979974,60.008652736972884],[30.374806177539295,60.008696889029792],[30.374921714312059,60.008677360731518],[30.374891862835128,60.008633094502926]]]},"properties":{"category":"auditorium","name":{"ru":"Лекторий 443","en":"Auditorium 443"},"alt_name":{"ru":"443","en":"443"},"restriction":null,"accessibility":null,"level_id":"0dcdc286-eabe-4b28-b9d7-d80f3c07c803","display_point":{"type":"Point","coordinates":[30.374848800057389,60.00866502030928]}}},{"id":"27d39ade-41b3-47a1-b43c-5dc22eff53d1","type":"Feature","feature_type":"unit","geometry":{"type":"Polygon","coordinates":[[[30.374635723387186,60.008253708580071],[30.374605659831381,60.008209175584952],[30.3744883903139,60.008228961867324],[30.374488220123709,60.008228990410245],[30.374518263021315,60.008273615072056],[30.374635723387186,60.008253708580071]]]},"properties":{"category":"classroom","name":{"ru":"Кабинет 428","en":"Classroom 428"},"alt_name":{"ru":"428","en":"428"},"restriction":null,"accessibility":null,"level_id":"0dcdc286-eabe-4b28-b9d7-d80f3c07c803","display_point":{"type":"Point","coordinates":[30.374547251281392,60.008238890412713]}}},{"id":"24ae6185-409c-49bf-8d1e-9ea7540ab823","type":"Feature","feature_type":"unit","geometry":{"type":"Polygon","coordinates":[[[30.373197858605913,60.009101624360156],[30.372833035832908,60.009163652519319],[30.372796794299514,60.00910997042012],[30.3724814557032,60.009163174425389],[30.372577524445166,60.009305474610535],[30.37325780432429,60.009190696937232],[30.373197858605913,60.009101624360156]]]},"properties":{"category":"classroom","name":null,"alt_name":null,"restriction":"restricted","accessibility":null,"level_id":"0dcdc286-eabe-4b28-b9d7-d80f3c07c803","display_point":{"type":"Point","coordinates":[30.373179146963963,60.009156310950623]}}},{"id":"ca09555f-00ca-4b92-80d9-b07a1d6abfb2","type":"Feature","feature_type":"unit","geometry":{"type":"Polygon","coordinates":[[[30.37309711949602,60.008357871031173],[30.373054721145348,60.008294786783921],[30.373007335577395,60.008302782095292],[30.373049734437018,60.008365865793643],[30.37309711949602,60.008357871031173]]]},"properties":{"category":"administration","name":{"ru":"Кабинет 407","en":"Classroom 407"},"alt_name":{"ru":"407","en":"407"},"restriction":null,"accessibility":null,"level_id":"0dcdc286-eabe-4b28-b9d7-d80f3c07c803","display_point":{"type":"Point","coordinates":[30.373052227380764,60.008330326563232]}}},{"id":"6ce975cd-c628-4c90-be84-d9292457281f","type":"Feature","feature_type":"unit","geometry":{"type":"Polygon","coordinates":[[[30.373905068528636,60.008982587204756],[30.373799275264581,60.0090005313709],[30.373822688963305,60.009035212118064],[30.373928539920826,60.009017353031773],[30.373905068528636,60.008982587204756]]]},"properties":{"category":"classroom","name":{"ru":"Кабинет 440а","en":"Classroom 440а"},"alt_name":{"ru":"440а","en":"440а"},"restriction":null,"accessibility":null,"level_id":"0dcdc286-eabe-4b28-b9d7-d80f3c07c803","display_point":{"type":"Point","coordinates":[30.373864021640095,60.009008970744262]}}},{"id":"a6dc047b-c452-4f30-919b-7ec027025f03","type":"Feature","feature_type":"unit","geometry":{"type":"Polygon","coordinates":[[[30.372740420257539,60.008417864409388],[30.372697796286893,60.0083550079566],[30.372554446851897,60.008379194240078],[30.372596900510345,60.008442079235778],[30.372740420257539,60.008417864409388]]]},"properties":{"category":"classroom","name":{"ru":"Кабинет 412","en":"Classroom 412"},"alt_name":{"ru":"412","en":"412"},"restriction":null,"accessibility":null,"level_id":"0dcdc286-eabe-4b28-b9d7-d80f3c07c803","display_point":{"type":"Point","coordinates":[30.372647391254162,60.008398537009363]}}},{"id":"2fb23c20-b0d1-4902-bca6-a29309526543","type":"Feature","feature_type":"unit","geometry":{"type":"Polygon","coordinates":[[[30.373977645803709,60.008300483292324],[30.373968183990062,60.008286496163095],[30.373942014015729,60.008247588867974],[30.373917896184231,60.008211786164445],[30.373955679821027,60.008205418348481],[30.373917711888172,60.008149179462222],[30.373680786075031,60.008189154372374],[30.373778581720714,60.008334011344587],[30.373977645803709,60.008300483292324]]]},"properties":{"category":"classroom","name":null,"alt_name":null,"restriction":"restricted","accessibility":null,"level_id":"0dcdc286-eabe-4b28-b9d7-d80f3c07c803","display_point":{"type":"Point","coordinates":[30.373777729517482,60.008220256276331]}}},{"id":"8a6947c3-6c8d-4c6b-b239-d495060dec27","type":"Feature","feature_type":"unit","geometry":{"type":"Polygon","coordinates":[[[30.375144013522871,60.008044782080923],[30.375119851743882,60.008008993923305],[30.375024168521303,60.008025154431323],[30.37504845350459,60.008060933806505],[30.375144013522871,60.008044782080923]]]},"properties":{"category":"classroom","name":{"ru":"Кабинет 422","en":"Classroom 422"},"alt_name":{"ru":"422","en":"422"},"restriction":null,"accessibility":null,"level_id":"0dcdc286-eabe-4b28-b9d7-d80f3c07c803","display_point":{"type":"Point","coordinates":[30.375084121619849,60.008034966334968]}}},{"id":"676e30b2-3e0e-4ab0-bb71-33c6f9e52367","type":"Feature","feature_type":"unit","geometry":{"type":"Polygon","coordinates":[[[30.375572199893405,60.008701494320363],[30.375569439232081,60.008702005897334],[30.375519360266424,60.008710409592041],[30.375461406933674,60.008720187738191],[30.375485569431767,60.008755975621355],[30.375596362444611,60.008737282203526],[30.375572199893405,60.008701494320363]]]},"properties":{"category":"classroom","name":{"ru":"Кабинет 248","en":"Classroom 248"},"alt_name":{"ru":"248","en":"248"},"restriction":null,"accessibility":null,"level_id":"0dcdc286-eabe-4b28-b9d7-d80f3c07c803","display_point":{"type":"Point","coordinates":[30.375534056371741,60.0087212262614]}}},{"id":"b5036d4e-4e7d-4a06-91a8-ab01514814ad","type":"Feature","feature_type":"unit","geometry":{"type":"Polygon","coordinates":[[[30.374309155342072,60.008914599064063],[30.374297709927632,60.008916504852962],[30.37426052992225,60.008862096007071],[30.374144737619275,60.008881568866215],[30.374205478261089,60.008971956064379],[30.374333317287739,60.008950386398325],[30.374309155342072,60.008914599064063]]]},"properties":{"category":"classroom","name":{"ru":"Кабинет 463, 464","en":"Classroom 463, 464"},"alt_name":{"ru":"463, 464","en":"463, 464"},"restriction":null,"accessibility":null,"level_id":"0dcdc286-eabe-4b28-b9d7-d80f3c07c803","display_point":{"type":"Point","coordinates":[30.37425731654956,60.008943277015319]}}},{"id":"128a0ca1-1d7f-4a1f-83b0-87139b922006","type":"Feature","feature_type":"unit","geometry":{"type":"Polygon","coordinates":[[[30.374702581203088,60.00866180374161],[30.374687853999845,60.008639989814021],[30.374578594810558,60.008658424149949],[30.374593321981873,60.008680238077538],[30.374702581203088,60.00866180374161]]]},"properties":{"category":"classroom","name":{"ru":"Кабинет 444а","en":"Classroom 444а"},"alt_name":{"ru":"444а","en":"444а"},"restriction":null,"accessibility":null,"level_id":"0dcdc286-eabe-4b28-b9d7-d80f3c07c803","display_point":{"type":"Point","coordinates":[30.374640588279739,60.008660114220234]}}},{"id":"79f3ec70-616f-4419-8c96-1b11058cbbdc","type":"Feature","feature_type":"unit","geometry":{"type":"Polygon","coordinates":[[[30.37308699787685,60.008936571624425],[30.373053922781182,60.008887860384746],[30.373053922781182,60.008887860384746],[30.372945798353847,60.008906008193662],[30.372978703460738,60.008954748525163],[30.37308699787685,60.008936571624425]]]},"properties":{"category":"classroom","name":{"ru":"Кабинет 427","en":"Classroom 427"},"alt_name":{"ru":"427","en":"427"},"restriction":null,"accessibility":null,"level_id":"0dcdc286-eabe-4b28-b9d7-d80f3c07c803","display_point":{"type":"Point","coordinates":[30.373017025605886,60.008921516331256]}}},{"id":"e5aeaf73-209f-4475-81d3-f27966ff76cf","type":"Feature","feature_type":"unit","geometry":{"type":"Polygon","coordinates":[[[30.372160059816409,60.008610889756874],[30.372215798298594,60.008601485962117],[30.372177889533898,60.008545332704614],[30.372059254686746,60.008565348977065],[30.372096822428727,60.00862155932041],[30.372160059816409,60.008610889756874]]]},"properties":{"category":"classroom","name":{"ru":"Кабинет 416в","en":"Classroom 416в"},"alt_name":{"ru":"416в","en":"416в"},"restriction":null,"accessibility":null,"level_id":"0dcdc286-eabe-4b28-b9d7-d80f3c07c803","display_point":{"type":"Point","coordinates":[30.372141981806674,60.00858892048992]}}},{"id":"1dd72ed8-a48a-448b-a3e4-2a7b086af794","type":"Feature","feature_type":"unit","geometry":{"type":"Polygon","coordinates":[[[30.372258523936139,60.008594181718777],[30.372314034281803,60.008584721387081],[30.372276240177911,60.0085287382893],[30.372177776160054,60.0085454468763],[30.372215911123465,60.008601371790427],[30.372258523936139,60.008594181718777]]]},"properties":{"category":"classroom","name":{"ru":"Кабинет 416","en":"Classroom 416"},"alt_name":{"ru":"416","en":"416"},"restriction":null,"accessibility":null,"level_id":"0dcdc286-eabe-4b28-b9d7-d80f3c07c803","display_point":{"type":"Point","coordinates":[30.372248497353112,60.008570892341723]}}},{"id":"a7af3034-17c6-4d50-8058-e45dcdb0eee7","type":"Feature","feature_type":"unit","geometry":{"type":"Polygon","coordinates":[[[30.372219124005316,60.008506008792622],[30.372176615481923,60.008443323048468],[30.371997300275872,60.008473577996121],[30.372039638456723,60.0085362922832],[30.372219124005316,60.008506008792622]]]},"properties":{"category":"classroom","name":{"ru":"Кабинет 415","en":"Classroom 415"},"alt_name":{"ru":"415","en":"415"},"restriction":null,"accessibility":null,"level_id":"0dcdc286-eabe-4b28-b9d7-d80f3c07c803","display_point":{"type":"Point","coordinates":[30.372108127154696,60.008489807940286]}}},{"id":"9a319cf9-205f-4021-a00c-59f5edbd6b3b","type":"Feature","feature_type":"unit","geometry":{"type":"Polygon","coordinates":[[[30.373050245559526,60.008365779615978],[30.373007962259059,60.008302866077351],[30.372950690499927,60.008312529502909],[30.372993315507028,60.008375385955695],[30.373050245559526,60.008365779615978]]]},"properties":{"category":"classroom","name":null,"alt_name":null,"restriction":"restricted","accessibility":null,"level_id":"0dcdc286-eabe-4b28-b9d7-d80f3c07c803","display_point":{"type":"Point","coordinates":[30.373023300105423,60.00833539732298]}}},{"id":"5b4255d9-3316-4cc1-b0d8-ca5e2a6df242","type":"Feature","feature_type":"unit","geometry":{"type":"Polygon","coordinates":[[[30.372910859080562,60.00867651212851],[30.372894636774259,60.008652483928913],[30.372783617491905,60.008671404592306],[30.37279978239437,60.008695348809844],[30.372910859080562,60.00867651212851]]]},"properties":{"category":"classroom","name":{"ru":"Кабинет 423","en":"Classroom 423"},"alt_name":{"ru":"423","en":"423"},"restriction":null,"accessibility":null,"level_id":"0dcdc286-eabe-4b28-b9d7-d80f3c07c803","display_point":{"type":"Point","coordinates":[30.372847224147595,60.008673937776571]}}},{"id":"4d59ba79-1aab-4a39-8bef-6f8b2da3da92","type":"Feature","feature_type":"unit","geometry":{"type":"Polygon","coordinates":[[[30.373977532163508,60.008300288432],[30.3740324274079,60.008291021862824],[30.373996604251531,60.00823834370599],[30.373942060132382,60.008247547151392],[30.373977532163508,60.008300288432]]]},"properties":{"category":"classroom","name":{"ru":"Кабинет 402","en":"Classroom 402"},"alt_name":{"ru":"402","en":"402"},"restriction":null,"accessibility":null,"level_id":"0dcdc286-eabe-4b28-b9d7-d80f3c07c803","display_point":{"type":"Point","coordinates":[30.373987155777765,60.008269300150822]}}},{"id":"ceb94241-51b8-494a-bc90-aebe3b1e2aa5","type":"Feature","feature_type":"unit","geometry":{"type":"Polygon","coordinates":[[[30.374032019500863,60.008290999906727],[30.374095133833041,60.00828034681026],[30.374059601877025,60.00822766536001],[30.373996547156771,60.008238258626129],[30.374032019500863,60.008290999906727]]]},"properties":{"category":"classroom","name":{"ru":"Кабинет 401","en":"Classroom 401"},"alt_name":{"ru":"401","en":"401"},"restriction":null,"accessibility":null,"level_id":"0dcdc286-eabe-4b28-b9d7-d80f3c07c803","display_point":{"type":"Point","coordinates":[30.374041643362744,60.008260011625559]}}},{"id":"b7c6e06e-9993-461b-b5e7-ec595c1a9c40","type":"Feature","feature_type":"unit","geometry":{"type":"Polygon","coordinates":[[[30.374761079632485,60.008069527421419],[30.374723144856198,60.008013297592044],[30.374619890013985,60.0080306909347],[30.374657898003726,60.008086938328951],[30.374761079632485,60.008069527421419]]]},"properties":{"category":"classroom","name":{"ru":"Кабинет 418","en":"Classroom 418"},"alt_name":{"ru":"418","en":"418"},"restriction":null,"accessibility":null,"level_id":"0dcdc286-eabe-4b28-b9d7-d80f3c07c803","display_point":{"type":"Point","coordinates":[30.374690502919442,60.008050113294829]}}},{"id":"af243296-f385-448d-947f-a982d55440d5","type":"Feature","feature_type":"unit","geometry":{"type":"Polygon","coordinates":[[[30.374814259778002,60.008060525697623],[30.374776249748781,60.008004347739515],[30.3747228332997,60.008013308021191],[30.374760840543495,60.008069555415439],[30.374814259778002,60.008060525697623]]]},"properties":{"category":"classroom","name":{"ru":"Кабинет 419","en":"Classroom 419"},"alt_name":{"ru":"419","en":"419"},"restriction":null,"accessibility":null,"level_id":"0dcdc286-eabe-4b28-b9d7-d80f3c07c803","display_point":{"type":"Point","coordinates":[30.374768545561736,60.008036934149828]}}},{"id":"607bb943-aec8-45b6-a3ca-aa6ec9de2f16","type":"Feature","feature_type":"unit","geometry":{"type":"Polygon","coordinates":[[[30.375002940681931,60.008028638588875],[30.374964971960118,60.007972400525965],[30.374898005742885,60.007983671412006],[30.374936013667611,60.00803991825736],[30.375002940681931,60.008028638588875]]]},"properties":{"category":"classroom","name":{"ru":"Кабинет 421","en":"Classroom 421"},"alt_name":{"ru":"421","en":"421"},"restriction":null,"accessibility":null,"level_id":"0dcdc286-eabe-4b28-b9d7-d80f3c07c803","display_point":{"type":"Point","coordinates":[30.374950483076539,60.00800615719605]}}},{"id":"657587fd-0b3f-447d-968b-97cdc208b9e5","type":"Feature","feature_type":"unit","geometry":{"type":"Polygon","coordinates":[[[30.375119865743102,60.008008894846434],[30.375081916422666,60.007952679014068],[30.374964822083712,60.007972397507004],[30.375002830058779,60.008028644901259],[30.375119865743102,60.008008894846434]]]},"properties":{"category":"classroom","name":{"ru":"Кабинет 421","en":"Classroom 421"},"alt_name":{"ru":"421","en":"421"},"restriction":"restricted","accessibility":null,"level_id":"0dcdc286-eabe-4b28-b9d7-d80f3c07c803","display_point":{"type":"Point","coordinates":[30.375017299431136,60.007994883839949]}}},{"id":"b03c0700-4369-4517-90e0-df7ed42e8b93","type":"Feature","feature_type":"unit","geometry":{"type":"Polygon","coordinates":[[[30.37466860663331,60.008302008143005],[30.374636168625461,60.008253880386505],[30.374518898763345,60.008273666668877],[30.374518728573051,60.0082736952118],[30.374551176112607,60.008321834495248],[30.37466860663331,60.008302008143005]]]},"properties":{"category":"classroom","name":{"ru":"Кабинет 429","en":"Classroom 429"},"alt_name":{"ru":"429","en":"429"},"restriction":null,"accessibility":null,"level_id":"0dcdc286-eabe-4b28-b9d7-d80f3c07c803","display_point":{"type":"Point","coordinates":[30.374578715576604,60.008285016871305]}}},{"id":"cfec3b79-00fa-4720-921a-49de82f5c497","type":"Feature","feature_type":"unit","geometry":{"type":"Polygon","coordinates":[[[30.374715866809115,60.008371818090531],[30.374701180840756,60.008350097476338],[30.374583911102,60.008369883758711],[30.374598545979147,60.008391599432784],[30.374715866809115,60.008371818090531]]]},"properties":{"category":"classroom","name":{"ru":"Кабинет 432","en":"Classroom 432"},"alt_name":{"ru":"432","en":"432"},"restriction":null,"accessibility":null,"level_id":"0dcdc286-eabe-4b28-b9d7-d80f3c07c803","display_point":{"type":"Point","coordinates":[30.37464987632757,60.008370849826818]}}},{"id":"65225d27-5167-416c-b5b7-e9ac6015972a","type":"Feature","feature_type":"unit","geometry":{"type":"Polygon","coordinates":[[[30.374584132774974,60.008486640773825],[30.374562271983287,60.008454261025243],[30.37442250251312,60.008477843516147],[30.37444436324418,60.008510223264729],[30.374584132774974,60.008486640773825]]]},"properties":{"category":"administration","name":{"ru":"436","en":"436"},"alt_name":{"ru":"436","en":"436"},"restriction":null,"accessibility":null,"level_id":"0dcdc286-eabe-4b28-b9d7-d80f3c07c803","display_point":{"type":"Point","coordinates":[30.374501583469883,60.008483460982617]}}},{"id":"1fe0fc3b-4043-4570-8b4e-b08280f14b0d","type":"Feature","feature_type":"unit","geometry":{"type":"Polygon","coordinates":[[[30.374777039678886,60.008418024688872],[30.374632872854356,60.008442348746826],[30.374650137738481,60.00846800553964],[30.374794355944267,60.008443672699251],[30.374777039678886,60.008418024688872]]]},"properties":{"category":"administration","name":{"ru":"435","en":"435"},"alt_name":{"ru":"435","en":"435"},"restriction":null,"accessibility":null,"level_id":"0dcdc286-eabe-4b28-b9d7-d80f3c07c803","display_point":{"type":"Point","coordinates":[30.3747140529136,60.008443020603281]}}},{"id":"5093227f-5806-49da-97ca-607d1becc29c","type":"Feature","feature_type":"unit","geometry":{"type":"Polygon","coordinates":[[[30.374794355944267,60.008443672699251],[30.374650257146495,60.008467985779163],[30.374697565733936,60.008537749618895],[30.374841471691944,60.008513459592884],[30.374794355944267,60.008443672699251]]]},"properties":{"category":"classroom","name":{"ru":"Кабинет 437","en":"Classroom 437"},"alt_name":{"ru":"437","en":"437"},"restriction":null,"accessibility":null,"level_id":"0dcdc286-eabe-4b28-b9d7-d80f3c07c803","display_point":{"type":"Point","coordinates":[30.374746174572827,60.008490640625119]}}},{"id":"7783cd2d-9c2e-4f8e-9a8f-1fc602198b96","type":"Feature","feature_type":"unit","geometry":{"type":"Polygon","coordinates":[[[30.374814204932363,60.008518069823573],[30.374697571772927,60.008537758401332],[30.374711282209503,60.008558037598],[30.374827898656033,60.008538352313657],[30.374814204932363,60.008518069823573]]]},"properties":{"category":"auditorium","name":{"ru":"Лекторий 439","en":"Auditorium 439"},"alt_name":{"ru":"439","en":"439"},"restriction":null,"accessibility":null,"level_id":"0dcdc286-eabe-4b28-b9d7-d80f3c07c803","display_point":{"type":"Point","coordinates":[30.374762794918372,60.008538003211768]}}},{"id":"4394c596-9a75-4931-9100-fbdb7307d7dd","type":"Feature","feature_type":"unit","geometry":{"type":"Polygon","coordinates":[[[30.374858847776121,60.00858420981011],[30.374742605403476,60.008603913757128],[30.374756321631974,60.008624234670378],[30.374872938181813,60.008604549386035],[30.374858847776121,60.00858420981011]]]},"properties":{"category":"auditorium","name":{"ru":"Лекторий 441","en":"Auditorium 441"},"alt_name":{"ru":"441","en":"441"},"restriction":null,"accessibility":null,"level_id":"0dcdc286-eabe-4b28-b9d7-d80f3c07c803","display_point":{"type":"Point","coordinates":[30.37480767818732,60.008604226631462]}}},{"id":"6a90cc60-9618-4e1b-860b-309f553e042b","type":"Feature","feature_type":"unit","geometry":{"type":"Polygon","coordinates":[[[30.374921668744829,60.008677242168609],[30.374805250820824,60.008696884638574],[30.374835983146049,60.008741036146581],[30.374951519712628,60.0087215072994],[30.374921668744829,60.008677242168609]]]},"properties":{"category":"auditorium","name":{"ru":"Лекторий 445","en":"Auditorium 445"},"alt_name":{"ru":"445","en":"445"},"restriction":null,"accessibility":null,"level_id":"0dcdc286-eabe-4b28-b9d7-d80f3c07c803","display_point":{"type":"Point","coordinates":[30.374878605678234,60.008709167426062]}}},{"id":"c5c60f28-098a-4498-8c25-d250eefb9791","type":"Feature","feature_type":"unit","geometry":{"type":"Polygon","coordinates":[[[30.374951093136474,60.008721567678656],[30.374835936480739,60.008741013092681],[30.374887299028757,60.008817043750341],[30.375002835712948,60.008797514903165],[30.374951093136474,60.008721567678656]]]},"properties":{"category":"auditorium","name":{"ru":"Лекторий 446","en":"Auditorium 446"},"alt_name":{"ru":"446","en":"446"},"restriction":null,"accessibility":null,"level_id":"0dcdc286-eabe-4b28-b9d7-d80f3c07c803","display_point":{"type":"Point","coordinates":[30.374919290671667,60.008769284307306]}}},{"id":"d0ca1ea9-f1ff-4917-8e3c-d78acd8fc72f","type":"Feature","feature_type":"unit","geometry":{"type":"Polygon","coordinates":[[[30.374654161557,60.0088961559457],[30.374557073951102,60.008912685590531],[30.374593306929523,60.008965198527768],[30.37468982940052,60.008948986148475],[30.374654161557,60.0088961559457]]]},"properties":{"category":"classroom","name":{"ru":"Кабинет 460","en":"Classroom 460"},"alt_name":{"ru":"460","en":"460"},"restriction":null,"accessibility":null,"level_id":"0dcdc286-eabe-4b28-b9d7-d80f3c07c803","display_point":{"type":"Point","coordinates":[30.374623592752496,60.008930756004219]}}},{"id":"087a7012-b010-4ce4-8896-30ceeae44350","type":"Feature","feature_type":"unit","geometry":{"type":"Polygon","coordinates":[[[30.375005408647414,60.008836989763296],[30.374955977608391,60.008845329785331],[30.37499164566557,60.008898159988114],[30.375041076739581,60.008889819966072],[30.375005408647414,60.008836989763296]]]},"properties":{"category":"classroom","name":{"ru":"Кабинет 456","en":"Classroom 456"},"alt_name":{"ru":"456","en":"456"},"restriction":null,"accessibility":null,"level_id":"0dcdc286-eabe-4b28-b9d7-d80f3c07c803","display_point":{"type":"Point","coordinates":[30.374998526885172,60.008867574601254]}}},{"id":"d22c54b0-4f89-48c5-bd38-c5f7412c9aec","type":"Feature","feature_type":"unit","geometry":{"type":"Polygon","coordinates":[[[30.375055180331458,60.008828592106511],[30.375005749304982,60.008836932128553],[30.375041417397391,60.008889762331329],[30.37509084845885,60.008881422309294],[30.375055180331458,60.008828592106511]]]},"properties":{"category":"classroom","name":{"ru":"Кабинет 455","en":"Classroom 455"},"alt_name":{"ru":"455","en":"455"},"restriction":null,"accessibility":null,"level_id":"0dcdc286-eabe-4b28-b9d7-d80f3c07c803","display_point":{"type":"Point","coordinates":[30.375048298867604,60.008859176944469]}}},{"id":"27451935-3af6-4bfe-96cd-a0e38facc43a","type":"Feature","feature_type":"unit","geometry":{"type":"Polygon","coordinates":[[[30.375203132129855,60.008803629126241],[30.375153701140693,60.008811969148276],[30.375189369337811,60.008864799351059],[30.375238800361956,60.008856459329024],[30.375203132129855,60.008803629126241]]]},"properties":{"category":"classroom","name":{"ru":"Кабинет 453","en":"Classroom 453"},"alt_name":{"ru":"453","en":"453"},"restriction":null,"accessibility":null,"level_id":"0dcdc286-eabe-4b28-b9d7-d80f3c07c803","display_point":{"type":"Point","coordinates":[30.375196250462512,60.0088342139642]}}},{"id":"c9a7eb93-637f-4a52-83a3-d2b54a61a629","type":"Feature","feature_type":"unit","geometry":{"type":"Polygon","coordinates":[[[30.375391052038868,60.008673209932077],[30.375332246666765,60.008683131890635],[30.375367914937016,60.008735962093418],[30.375426720350738,60.00872604013486],[30.375391052038868,60.008673209932077]]]},"properties":{"category":"classroom","name":{"ru":"Кабинет 449а","en":"Classroom 449а"},"alt_name":{"ru":"449а","en":"449а"},"restriction":null,"accessibility":null,"level_id":"0dcdc286-eabe-4b28-b9d7-d80f3c07c803","display_point":{"type":"Point","coordinates":[30.375379483630681,60.0087045862872]}}},{"id":"7b415bb1-7ada-4290-8c8f-ed98bbed6ee8","type":"Feature","feature_type":"unit","geometry":{"type":"Polygon","coordinates":[[[30.375332466268336,60.008683146711],[30.3752848608214,60.008691126653105],[30.375320529058111,60.008743956855888],[30.375367848781284,60.008735842432706],[30.375332466268336,60.008683146711]]]},"properties":{"category":"classroom","name":{"ru":"Кабинет 448","en":"Classroom 448"},"alt_name":{"ru":"448","en":"448"},"restriction":null,"accessibility":null,"level_id":"0dcdc286-eabe-4b28-b9d7-d80f3c07c803","display_point":{"type":"Point","coordinates":[30.375326426569767,60.008713518025949]}}},{"id":"1aa465d3-dd99-4445-bf70-2b2fa35e45b5","type":"Feature","feature_type":"unit","geometry":{"type":"Polygon","coordinates":[[[30.37542640289082,60.008667245010429],[30.375391098978721,60.008673216518908],[30.375414483474867,60.008707803403766],[30.375449706699232,60.0087017616358],[30.37542640289082,60.008667245010429]]]},"properties":{"category":"classroom","name":{"ru":"Кабинет 449","en":"Classroom 449"},"alt_name":{"ru":"449","en":"449"},"restriction":null,"accessibility":null,"level_id":"0dcdc286-eabe-4b28-b9d7-d80f3c07c803","display_point":{"type":"Point","coordinates":[30.375420545161802,60.008687478099304]}}},{"id":"05158e81-c23f-4529-9684-30b6d5493c5d","type":"Feature","feature_type":"unit","geometry":{"type":"Polygon","coordinates":[[[30.377631106596393,60.009211538758791],[30.377600857306991,60.009169191492752],[30.377533088533323,60.009181288202356],[30.377555775605607,60.009213048789107],[30.377589659872463,60.009206999885407],[30.377573022911506,60.009183709410543],[30.377573039930642,60.009183706666029],[30.377589682931021,60.009207005374428],[30.377555781370514,60.009213057022642],[30.377563338059371,60.009223635468388],[30.377631106596393,60.009211538758791]]]},"properties":{"category":"stairs","name":null,"alt_name":null,"restriction":null,"accessibility":null,"level_id":"871bae75-c12c-49ab-8d82-46024fae6fa0","display_point":{"type":"Point","coordinates":[30.377584005510418,60.009196836958722]}}},{"id":"23372a31-0f82-43e0-a5a6-739eb2f157ee","type":"Feature","feature_type":"unit","geometry":{"type":"Polygon","coordinates":[[[30.377588757602066,60.009152252366775],[30.377600857306991,60.009169191492752],[30.377566973060507,60.009175239847551],[30.377554873363156,60.00915830072158],[30.377453220334729,60.009176445785975],[30.37739272205452,60.009091750705],[30.377528259170433,60.009067557285796],[30.377573632979651,60.009131079008206],[30.377853177430239,60.009081179394983],[30.377868302130757,60.009102353302453],[30.377588757602066,60.009152252366775]]]},"properties":{"category":"walkway","name":null,"alt_name":null,"restriction":null,"accessibility":null,"level_id":"871bae75-c12c-49ab-8d82-46024fae6fa0","display_point":{"type":"Point","coordinates":[30.378097641088175,60.009072988125475]}}},{"id":"91693460-97dc-410a-bba7-ab2f44ebd15a","type":"Feature","feature_type":"unit","geometry":{"type":"Polygon","coordinates":[[[30.377528259170433,60.009067557285796],[30.377573632979651,60.009131079008206],[30.377734583190765,60.009102348911235],[30.3776892086977,60.009038827737726],[30.377528259170433,60.009067557285796]]]},"properties":{"category":"classroom","name":{"ru":"Кабинет 102","en":"Classroom 102"},"alt_name":{"ru":"102","en":"102"},"restriction":null,"accessibility":null,"level_id":"871bae75-c12c-49ab-8d82-46024fae6fa0","display_point":{"type":"Point","coordinates":[30.377631421016215,60.009084953098515]}}},{"id":"ffcfa7a6-e141-4496-b5f3-6beddade7eeb","type":"Feature","feature_type":"unit","geometry":{"type":"Polygon","coordinates":[[[30.377800533474485,60.009114450012049],[30.377842882908958,60.009173736952967],[30.37805465925393,60.009135934598241],[30.378012309653862,60.009076648206225],[30.377800533474485,60.009114450012049]]]},"properties":{"category":"classroom","name":{"ru":"Кабинет 107","en":"Classroom 107"},"alt_name":{"ru":"107","en":"107"},"restriction":null,"accessibility":null,"level_id":"871bae75-c12c-49ab-8d82-46024fae6fa0","display_point":{"type":"Point","coordinates":[30.377927596480834,60.009125192579596]}}},{"id":"92a1115c-d92b-441c-99a1-2a26bab5a976","type":"Feature","feature_type":"unit","geometry":{"type":"Polygon","coordinates":[[[30.377588757602066,60.009152252366775],[30.377631106596393,60.009211538758791],[30.37769887483412,60.009199442049187],[30.3776565260613,60.009140155657178],[30.377588757602066,60.009152252366775]]]},"properties":{"category":"classroom","name":{"ru":"Кабинет 103","en":"Classroom 103"},"alt_name":{"ru":"103","en":"103"},"restriction":null,"accessibility":null,"level_id":"871bae75-c12c-49ab-8d82-46024fae6fa0","display_point":{"type":"Point","coordinates":[30.377643816061191,60.00917584693353]}}},{"id":"1d5d27e0-65da-4b34-aa7e-410d33ed6172","type":"Feature","feature_type":"unit","geometry":{"type":"Polygon","coordinates":[[[30.378130898448273,60.009122325662716],[30.378433396539162,60.0095457999698],[30.378331743705214,60.0095639450342],[30.378374093080076,60.00962323087731],[30.37830632453166,60.009635328135815],[30.37836682447892,60.009720022667892],[30.378841206249049,60.009635346249588],[30.378435855460932,60.009067889920615],[30.379172833430705,60.008936338340938],[30.379069982802136,60.008792357416844],[30.377951810749,60.008991952576345],[30.377997185462128,60.009055474298755],[30.377853177430239,60.009081179394983],[30.377868302130757,60.009102353302453],[30.378012309653862,60.009076648206225],[30.37805465925393,60.009135934598241],[30.378130898448273,60.009122325662716]]]},"properties":{"category":"classroom","name":{"ru":"Кабинет ","en":"Classroom "},"alt_name":null,"restriction":"restricted","accessibility":null,"level_id":"871bae75-c12c-49ab-8d82-46024fae6fa0","display_point":{"type":"Point","coordinates":[30.378097045783363,60.009086551502108]}}},{"id":"5f0bfe69-3189-4210-9c98-758459546fed","type":"Feature","feature_type":"unit","geometry":{"type":"Polygon","coordinates":[[[30.3776892086977,60.009038827737726],[30.377734583190765,60.009102348911235],[30.377997185462128,60.009055474298755],[30.377951810749,60.008991952576345],[30.3776892086977,60.009038827737726]]]},"properties":{"category":"classroom","name":{"ru":"Кабинет 104","en":"Classroom 104"},"alt_name":{"ru":"104","en":"104"},"restriction":null,"accessibility":null,"level_id":"871bae75-c12c-49ab-8d82-46024fae6fa0","display_point":{"type":"Point","coordinates":[30.377843196923273,60.00904715074379]}}},{"id":"52d0b51f-408f-41ee-a26c-46afa26bcc7b","type":"Feature","feature_type":"unit","geometry":{"type":"Polygon","coordinates":[[[30.3776565260613,60.009140155657178],[30.37769887483412,60.009199442049187],[30.377842882908958,60.009173736952967],[30.377800533474485,60.009114450012049],[30.3776565260613,60.009140155657178]]]},"properties":{"category":"classroom","name":{"ru":"Кабинет 105","en":"Classroom 105"},"alt_name":{"ru":"105","en":"105"},"restriction":null,"accessibility":null,"level_id":"871bae75-c12c-49ab-8d82-46024fae6fa0","display_point":{"type":"Point","coordinates":[30.377749704324213,60.009156946030622]}}},{"id":"9b7d9525-fa0d-4d65-8fd1-0ff0ca467d20","type":"Feature","feature_type":"unit","geometry":{"type":"Polygon","coordinates":[[[30.377916659531568,60.009638037517725],[30.377959009130851,60.009697323909741],[30.378374093080076,60.00962323087731],[30.378331743705214,60.0095639450342],[30.377916659531568,60.009638037517725]]]},"properties":{"category":"classroom","name":{"ru":"Кабинет 143","en":"Classroom 143"},"alt_name":{"ru":"143","en":"143"},"restriction":null,"accessibility":null,"level_id":"871bae75-c12c-49ab-8d82-46024fae6fa0","display_point":{"type":"Point","coordinates":[30.378145376331435,60.009630634471968]}}},{"id":"d83accf1-82c3-4dd3-8c56-8a99298223c9","type":"Feature","feature_type":"unit","geometry":{"type":"Polygon","coordinates":[[[30.377906364737907,60.009730593977906],[30.377951739639638,60.009794116249225],[30.37836682447892,60.009720022667892],[30.378321449778468,60.009656502043285],[30.377906364737907,60.009730593977906]]]},"properties":{"category":"classroom","name":{"ru":"Кабинет 148","en":"Classroom 148"},"alt_name":{"ru":"148","en":"148"},"restriction":null,"accessibility":null,"level_id":"871bae75-c12c-49ab-8d82-46024fae6fa0","display_point":{"type":"Point","coordinates":[30.378136594489572,60.009725308597353]}}},{"id":"e0aa76c5-9722-4a90-ac3f-03f4688ab163","type":"Feature","feature_type":"unit","geometry":{"type":"Polygon","coordinates":[[[30.377830124796237,60.009744202913431],[30.377875499359533,60.00980772408694],[30.377951739639638,60.009794116249225],[30.377906364737907,60.009730593977906],[30.377830124796237,60.009744202913431]]]},"properties":{"category":"classroom","name":{"ru":"Кабинет 150","en":"Classroom 150"},"alt_name":{"ru":"150","en":"150"},"restriction":null,"accessibility":null,"level_id":"871bae75-c12c-49ab-8d82-46024fae6fa0","display_point":{"type":"Point","coordinates":[30.377890932057703,60.009769158757976]}}},{"id":"cac180c7-b2a4-46cd-9fb2-05ed5589407a","type":"Feature","feature_type":"unit","geometry":{"type":"Polygon","coordinates":[[[30.377772650749037,60.009663743162854],[30.377811975269843,60.00971879477337],[30.377888215185983,60.009705186386746],[30.377848890609787,60.009650134227329],[30.377772650749037,60.009663743162854]]]},"properties":{"category":"classroom","name":{"ru":"Кабинет 145","en":"Classroom 145"},"alt_name":{"ru":"145","en":"145"},"restriction":null,"accessibility":null,"level_id":"871bae75-c12c-49ab-8d82-46024fae6fa0","display_point":{"type":"Point","coordinates":[30.377830432674877,60.0096844642259]}}},{"id":"07c0b451-74de-4cdc-94df-84357746bb86","type":"Feature","feature_type":"unit","geometry":{"type":"Polygon","coordinates":[[[30.377830124796237,60.009744202913431],[30.377811975269843,60.00971879477337],[30.377888215185983,60.009705186386746],[30.37787914055248,60.009692482042269],[30.37794690923759,60.009680384783763],[30.377959009130851,60.009697323909741],[30.37830632453166,60.009635328135815],[30.378321449778468,60.009656502043285],[30.377830124796237,60.009744202913431]]]},"properties":{"category":"walkway","name":null,"alt_name":null,"restriction":null,"accessibility":null,"level_id":"871bae75-c12c-49ab-8d82-46024fae6fa0","display_point":{"type":"Point","coordinates":[30.378544959177777,60.00969395584503]}}},{"id":"c1110d3b-6dfd-4936-8426-a55cda3633e6","type":"Feature","feature_type":"unit","geometry":{"type":"Polygon","coordinates":[[[30.377453220334729,60.009176445785975],[30.377495569497583,60.009235732726893],[30.377563338059371,60.009223635468388],[30.377533088533323,60.009181288202356],[30.377566973060507,60.009175239847551],[30.377554873363156,60.00915830072158],[30.377453220334729,60.009176445785975]]]},"properties":{"category":"classroom","name":{"ru":"Охрана","en":"Security"},"alt_name":{"ru":"Охрана","en":"Security"},"restriction":null,"accessibility":null,"level_id":"871bae75-c12c-49ab-8d82-46024fae6fa0","display_point":{"type":"Point","coordinates":[30.377497780427031,60.009187456766767]}}},{"id":"f58e4a49-220f-4396-ac5c-f3dd05ef6a3f","type":"Feature","feature_type":"unit","geometry":{"type":"Polygon","coordinates":[[[30.377848890609787,60.009650134227329],[30.37787914055248,60.009692482042269],[30.37794690923759,60.009680384783763],[30.377924221817185,60.009648624197013],[30.377890337354682,60.009654673100712],[30.377906974820345,60.009677963575577],[30.377906958075627,60.009677966868992],[30.377890314295946,60.009654667611692],[30.377924216052168,60.009648615414577],[30.377916659531568,60.009638037517725],[30.377848890609787,60.009650134227329]]]},"properties":{"category":"stairs","name":null,"alt_name":null,"restriction":null,"accessibility":null,"level_id":"871bae75-c12c-49ab-8d82-46024fae6fa0","display_point":{"type":"Point","coordinates":[30.377916659531568,60.009638037517725]}}},{"id":"d7d01ca2-e145-46c8-a2c1-26b2f9660832","type":"Feature","feature_type":"unit","geometry":{"type":"Polygon","coordinates":[[[30.377631106596393,60.009211538758791],[30.377600857306991,60.009169191492752],[30.377533088533323,60.009181288202356],[30.377555775605607,60.009213048789107],[30.377589659872463,60.009206999885407],[30.377573022911506,60.009183709410543],[30.377573039930642,60.009183706666029],[30.377589682931021,60.009207005374428],[30.377555781645018,60.009213057022642],[30.377563338059371,60.009223635468388],[30.377631106596393,60.009211538758791]]]},"properties":{"category":"stairs","name":null,"alt_name":null,"restriction":null,"accessibility":null,"level_id":"4b8e2188-88cf-47f6-a8c9-5e396726590d","display_point":{"type":"Point","coordinates":[30.377563338059371,60.009223635468388]}}},{"id":"5e94736c-f9e4-4813-9259-fc387392b9f5","type":"Feature","feature_type":"unit","geometry":{"type":"Polygon","coordinates":[[[30.377588757602066,60.009152252366775],[30.377600857306991,60.009169191492752],[30.377533088533323,60.009181288202356],[30.377520988843518,60.009164348527477],[30.377453220334729,60.009176445785975],[30.377438095750147,60.009155271878505],[30.378208960791252,60.009017671944029],[30.378187786087675,60.008988028473574],[30.378111547059859,60.009001637958],[30.378087347455935,60.008967759706046],[30.378366890828751,60.008917860641724],[30.378412265340646,60.008981381815232],[30.379047590276453,60.008867974751055],[30.37907481534485,60.008906087784496],[30.379007047659325,60.0089181844941],[30.379000997374451,60.008909714382206],[30.378924758329724,60.00892332386664],[30.378961058363831,60.008974140146762],[30.378893290313307,60.00898623740526],[30.378850940331894,60.008926951013251],[30.378427390197292,60.0090025551738],[30.378469739847468,60.00906184156581],[30.378308790328756,60.009090571662789],[30.378547764067442,60.0094251166563],[30.378674830309397,60.009402435463031],[30.37868995479737,60.0094236088216],[30.378562889068935,60.009446290014871],[30.378611289413392,60.009514046518774],[30.378636702588743,60.009509509841],[30.378651827638038,60.009530683748473],[30.378753480333053,60.009512538684071],[30.378841206249049,60.009635346249588],[30.378646371094792,60.009670124152464],[30.37860099588557,60.009606602978955],[30.377906364737907,60.009730593977906],[30.37787914055248,60.009692482042269],[30.37794690923759,60.009680384783763],[30.377959009130851,60.009697323909741],[30.378585870835188,60.009585429071485],[30.378543520745662,60.009526142679476],[30.378560462777674,60.009523118776528],[30.378257964251489,60.009099644469444],[30.378266435356831,60.009098132243516],[30.378224085591118,60.0090388453026],[30.377588757602066,60.009152252366775]]]},"properties":{"category":"walkway","name":null,"alt_name":null,"restriction":null,"accessibility":null,"level_id":"4b8e2188-88cf-47f6-a8c9-5e396726590d","display_point":{"type":"Point","coordinates":[30.378097641088175,60.009072988125475]}}},{"id":"987248d7-9de1-41fc-9018-84e364f98b32","type":"Feature","feature_type":"unit","geometry":{"type":"Polygon","coordinates":[[[30.377460490487618,60.0090796539954],[30.377505864514553,60.00914317571781],[30.377649872267344,60.00911746952378],[30.377604498668795,60.009053948899172],[30.377460490487618,60.0090796539954]]]},"properties":{"category":"classroom","name":{"ru":"Кабинет 202","en":"Classroom 202"},"alt_name":{"ru":"202","en":"202"},"restriction":null,"accessibility":null,"level_id":"4b8e2188-88cf-47f6-a8c9-5e396726590d","display_point":{"type":"Point","coordinates":[30.377555181487676,60.00909856203404]}}},{"id":"bdc20561-1a1b-4297-aadd-f5ea1529d95d","type":"Feature","feature_type":"unit","geometry":{"type":"Polygon","coordinates":[[[30.377800533474485,60.009114450012049],[30.377842882908958,60.009173736952967],[30.377986891146339,60.009148031307838],[30.377944541599266,60.009088744915829],[30.377800533474485,60.009114450012049]]]},"properties":{"category":"classroom","name":{"ru":"Кабинет 205","en":"Classroom 205"},"alt_name":{"ru":"205","en":"205"},"restriction":null,"accessibility":null,"level_id":"4b8e2188-88cf-47f6-a8c9-5e396726590d","display_point":{"type":"Point","coordinates":[30.377893712561274,60.009131240934394]}}},{"id":"633e90b6-b291-488c-9054-a633afb9578e","type":"Feature","feature_type":"unit","geometry":{"type":"Polygon","coordinates":[[[30.377588757602066,60.009152252366775],[30.377631106596393,60.009211538758791],[30.377707346514036,60.009197929823266],[30.377664997185583,60.00913864343125],[30.377588757602066,60.009152252366775]]]},"properties":{"category":"classroom","name":{"ru":"Кабинет 201","en":"Classroom 201"},"alt_name":{"ru":"201","en":"201"},"restriction":null,"accessibility":null,"level_id":"4b8e2188-88cf-47f6-a8c9-5e396726590d","display_point":{"type":"Point","coordinates":[30.377648051900326,60.009175091095024]}}},{"id":"c3404130-8522-4236-94b4-9531799a8cd6","type":"Feature","feature_type":"unit","geometry":{"type":"Polygon","coordinates":[[[30.377604498668795,60.009053948899172],[30.377649872267344,60.00911746952378],[30.377853177430239,60.009081179394983],[30.377807803386837,60.009017658770375],[30.377604498668795,60.009053948899172]]]},"properties":{"category":"classroom","name":{"ru":"Кабинет 204","en":"Classroom 204"},"alt_name":{"ru":"204","en":"204"},"restriction":null,"accessibility":null,"level_id":"4b8e2188-88cf-47f6-a8c9-5e396726590d","display_point":{"type":"Point","coordinates":[30.377728838023913,60.009067563872627]}}},{"id":"ab9f1813-f59b-4954-ae8e-0274b84a0f58","type":"Feature","feature_type":"unit","geometry":{"type":"Polygon","coordinates":[[[30.377698881129852,60.009132595076451],[30.377710981133863,60.009149533653527],[30.377778749018951,60.009137436943924],[30.377766649548807,60.009120498366848],[30.377698881129852,60.009132595076451]]]},"properties":{"category":"classroom","name":{"ru":"Кабинет 203","en":"Classroom 203"},"alt_name":{"ru":"203","en":"203"},"restriction":null,"accessibility":null,"level_id":"4b8e2188-88cf-47f6-a8c9-5e396726590d","display_point":{"type":"Point","coordinates":[30.377738815210225,60.00913501683354]}}},{"id":"39a33da4-2590-41f8-85d6-efb6b468a3c1","type":"Feature","feature_type":"unit","geometry":{"type":"Polygon","coordinates":[[[30.378060668476671,60.0096123318726],[30.377916659531568,60.009638037517725],[30.377959009130851,60.009697323909741],[30.378103018463111,60.00967161881352],[30.378060668476671,60.0096123318726]]]},"properties":{"category":"classroom","name":{"ru":"Кабинет 243","en":"Classroom 243"},"alt_name":{"ru":"243","en":"243"},"restriction":null,"accessibility":null,"level_id":"4b8e2188-88cf-47f6-a8c9-5e396726590d","display_point":{"type":"Point","coordinates":[30.378009838561912,60.009654827891168]}}},{"id":"e6cd6cc4-9379-4885-965c-387733102c27","type":"Feature","feature_type":"unit","geometry":{"type":"Polygon","coordinates":[[[30.377906364737907,60.009730593977906],[30.377951739639638,60.009794116249225],[30.378087277715817,60.009769922281116],[30.37804190297507,60.009706401107614],[30.377906364737907,60.009730593977906]]]},"properties":{"category":"classroom","name":{"ru":"Кабинет 248","en":"Classroom 248"},"alt_name":{"ru":"248","en":"248"},"restriction":null,"accessibility":null,"level_id":"4b8e2188-88cf-47f6-a8c9-5e396726590d","display_point":{"type":"Point","coordinates":[30.377996821199957,60.00975025785506]}}},{"id":"e83e2b01-3ee2-48eb-9472-07380a37b49c","type":"Feature","feature_type":"unit","geometry":{"type":"Polygon","coordinates":[[[30.377772650749037,60.009663743162854],[30.377875499359533,60.00980772408694],[30.377951739639638,60.009794116249225],[30.377848890609787,60.009650134227329],[30.377772650749037,60.009663743162854]]]},"properties":{"category":"classroom","name":{"ru":"Кабинет 245","en":"Classroom 245"},"alt_name":{"ru":"245","en":"245"},"restriction":null,"accessibility":null,"level_id":"4b8e2188-88cf-47f6-a8c9-5e396726590d","display_point":{"type":"Point","coordinates":[30.377862194968809,60.009728929157134]}}},{"id":"4e7795d3-81ce-499f-afcb-5ca9cf67bdde","type":"Feature","feature_type":"unit","geometry":{"type":"Polygon","coordinates":[[[30.377453220334729,60.009176445785975],[30.377495569497583,60.009235732726893],[30.377563338059371,60.009223635468388],[30.377520988843518,60.009164348527477],[30.377453220334729,60.009176445785975]]]},"properties":{"category":"classroom","name":{"ru":"Кабинет 200/1","en":"Classroom 200/1"},"alt_name":{"ru":"200/1","en":"200/1"},"restriction":null,"accessibility":null,"level_id":"4b8e2188-88cf-47f6-a8c9-5e396726590d","display_point":{"type":"Point","coordinates":[30.377508279589154,60.009200040352731]}}},{"id":"21c2a5cf-1876-4bed-a4e4-9bbeb81a5f9d","type":"Feature","feature_type":"unit","geometry":{"type":"Polygon","coordinates":[[[30.37804190297507,60.009706401107614],[30.378087277715817,60.009769922281116],[30.378231286881757,60.009744216635994],[30.378185912020367,60.009680696011387],[30.37804190297507,60.009706401107614]]]},"properties":{"category":"classroom","name":{"ru":"Кабинет 246","en":"Classroom 246"},"alt_name":{"ru":"246","en":"246"},"restriction":null,"accessibility":null,"level_id":"4b8e2188-88cf-47f6-a8c9-5e396726590d","display_point":{"type":"Point","coordinates":[30.378136594489572,60.009725308597353]}}},{"id":"d32caa66-975c-4136-a1ec-c9f06faafa76","type":"Feature","feature_type":"unit","geometry":{"type":"Polygon","coordinates":[[[30.378196205591507,60.0095881384534],[30.378060668476671,60.0096123318726],[30.378103018463111,60.00967161881352],[30.378238555958426,60.009647424845411],[30.378196205591507,60.0095881384534]]]},"properties":{"category":"classroom","name":{"ru":"Кабинет 241","en":"Classroom 241"},"alt_name":{"ru":"241","en":"241"},"restriction":null,"accessibility":null,"level_id":"4b8e2188-88cf-47f6-a8c9-5e396726590d","display_point":{"type":"Point","coordinates":[30.378149611919433,60.00962987808456]}}},{"id":"cead290b-5f3f-4e52-a4e4-7706d7cbce0f","type":"Feature","feature_type":"unit","geometry":{"type":"Polygon","coordinates":[[[30.37834021459383,60.009562432808274],[30.378196205591507,60.0095881384534],[30.378238555958426,60.009647424845411],[30.378382564798891,60.009621719749191],[30.37834021459383,60.009562432808274]]]},"properties":{"category":"classroom","name":{"ru":"Кабинет 239","en":"Classroom 239"},"alt_name":{"ru":"239","en":"239"},"restriction":null,"accessibility":null,"level_id":"4b8e2188-88cf-47f6-a8c9-5e396726590d","display_point":{"type":"Point","coordinates":[30.378289385171531,60.009604928826846]}}},{"id":"50d75a2a-ff31-4b86-b80b-bf9cccc9708b","type":"Feature","feature_type":"unit","geometry":{"type":"Polygon","coordinates":[[[30.378475751778637,60.009538238840172],[30.37834021459383,60.009562432808274],[30.378382564798891,60.009621719749191],[30.3785181020897,60.009597525781089],[30.378475751778637,60.009538238840172]]]},"properties":{"category":"classroom","name":{"ru":"Кабинет 237","en":"Classroom 237"},"alt_name":{"ru":"237","en":"237"},"restriction":null,"accessibility":null,"level_id":"4b8e2188-88cf-47f6-a8c9-5e396726590d","display_point":{"type":"Point","coordinates":[30.378429158043676,60.009579979569132]}}},{"id":"81632f0e-68eb-443d-bd18-2fbd17e2e0c4","type":"Feature","feature_type":"unit","geometry":{"type":"Polygon","coordinates":[[[30.378185912020367,60.009680696011387],[30.378231286881757,60.009744216635994],[30.37836682447892,60.009720022667892],[30.378321449778468,60.009656502043285],[30.378185912020367,60.009680696011387]]]},"properties":{"category":"classroom","name":{"ru":"Кабинет 244","en":"Classroom 244"},"alt_name":{"ru":"244","en":"244"},"restriction":null,"accessibility":null,"level_id":"4b8e2188-88cf-47f6-a8c9-5e396726590d","display_point":{"type":"Point","coordinates":[30.378276367948221,60.009700358790738]}}},{"id":"0d158b1d-a20b-4f48-83f7-7fb102a4a1d1","type":"Feature","feature_type":"unit","geometry":{"type":"Polygon","coordinates":[[[30.378321449778468,60.009656502043285],[30.37836682447892,60.009720022667892],[30.3785108334276,60.009694317571665],[30.378465458331949,60.009630796398156],[30.378321449778468,60.009656502043285]]]},"properties":{"category":"classroom","name":{"ru":"Кабинет 242","en":"Classroom 242"},"alt_name":{"ru":"242","en":"242"},"restriction":null,"accessibility":null,"level_id":"4b8e2188-88cf-47f6-a8c9-5e396726590d","display_point":{"type":"Point","coordinates":[30.378416141301447,60.009675409533024]}}},{"id":"8c860036-ffa3-409a-8514-5eccdb0b07c3","type":"Feature","feature_type":"unit","geometry":{"type":"Polygon","coordinates":[[[30.378465458331949,60.009630796398156],[30.3785108334276,60.009694317571665],[30.378646371094792,60.009670124152464],[30.37860099588557,60.009606602978955],[30.378465458331949,60.009630796398156]]]},"properties":{"category":"classroom","name":{"ru":"Кабинет 240","en":"Classroom 240"},"alt_name":{"ru":"240","en":"240"},"restriction":null,"accessibility":null,"level_id":"4b8e2188-88cf-47f6-a8c9-5e396726590d","display_point":{"type":"Point","coordinates":[30.378555914549224,60.00965046027531]}}},{"id":"69e24f87-b21f-4e48-8da9-1ffc98e0d47b","type":"Feature","feature_type":"unit","geometry":{"type":"Polygon","coordinates":[[[30.378543520745662,60.009526142679476],[30.378475751778637,60.009538238840172],[30.3785181020897,60.009597525781089],[30.378585870835188,60.009585429071485],[30.378543520745662,60.009526142679476]]]},"properties":{"category":"classroom","name":{"ru":"Кабинет 235","en":"Classroom 235"},"alt_name":{"ru":"235","en":"235"},"restriction":null,"accessibility":null,"level_id":"4b8e2188-88cf-47f6-a8c9-5e396726590d","display_point":{"type":"Point","coordinates":[30.378530811150046,60.00956183450473]}}},{"id":"73f5ebef-14bd-4ea0-8762-63736267d1b8","type":"Feature","feature_type":"unit","geometry":{"type":"Polygon","coordinates":[[[30.378496937765853,60.009434188914057],[30.378369871401894,60.009456870107329],[30.378433396539162,60.0095457999698],[30.378560462777674,60.009523118776528],[30.378496937765853,60.009434188914057]]]},"properties":{"category":"classroom","name":{"ru":"Кабинет 233","en":"Classroom 233"},"alt_name":{"ru":"233","en":"233"},"restriction":null,"accessibility":null,"level_id":"4b8e2188-88cf-47f6-a8c9-5e396726590d","display_point":{"type":"Point","coordinates":[30.378465167042044,60.009489994167474]}}},{"id":"7f23d695-5b19-4cb5-8a48-338a7cb854e8","type":"Feature","feature_type":"unit","geometry":{"type":"Polygon","coordinates":[[[30.378445512881402,60.009362198177556],[30.378318446912644,60.009384879919736],[30.378369871401894,60.009456870107329],[30.378496937765853,60.009434188914057],[30.378445512881402,60.009362198177556]]]},"properties":{"category":"classroom","name":{"ru":"Кабинет 231","en":"Classroom 231"},"alt_name":{"ru":"231","en":"231"},"restriction":null,"accessibility":null,"level_id":"4b8e2188-88cf-47f6-a8c9-5e396726590d","display_point":{"type":"Point","coordinates":[30.378407692168729,60.009409534416896]}}},{"id":"ee67a61a-997b-46a4-9fa6-0b90710631e7","type":"Feature","feature_type":"unit","geometry":{"type":"Polygon","coordinates":[[[30.378445512881402,60.009362198177556],[30.378397112817915,60.009294442222554],[30.37827004723723,60.009317123964735],[30.378318446912644,60.009384879919736],[30.378445512881402,60.009362198177556]]]},"properties":{"category":"classroom","name":{"ru":"Кабинет 229","en":"Classroom 229"},"alt_name":{"ru":"229","en":"229"},"restriction":null,"accessibility":null,"level_id":"4b8e2188-88cf-47f6-a8c9-5e396726590d","display_point":{"type":"Point","coordinates":[30.378357780029408,60.009339660796691]}}},{"id":"84f1c846-5006-491d-82af-1d943da2f103","type":"Feature","feature_type":"unit","geometry":{"type":"Polygon","coordinates":[[[30.3783456881508,60.009222452034962],[30.378218622690753,60.009245133228234],[30.37827004723723,60.009317123964735],[30.378397112817915,60.009294442222554],[30.3783456881508,60.009222452034962]]]},"properties":{"category":"classroom","name":{"ru":"Кабинет 227","en":"Classroom 227"},"alt_name":{"ru":"227","en":"227"},"restriction":null,"accessibility":null,"level_id":"4b8e2188-88cf-47f6-a8c9-5e396726590d","display_point":{"type":"Point","coordinates":[30.378307867721066,60.009269787725394]}}},{"id":"2cedf26f-fe8e-4fd6-b2f6-5ebd7b8988af","type":"Feature","feature_type":"unit","geometry":{"type":"Polygon","coordinates":[[[30.378321488346131,60.009188573234105],[30.378194422942922,60.009211255525187],[30.378218622690753,60.009245133228234],[30.3783456881508,60.009222452034962],[30.378321488346131,60.009188573234105]]]},"properties":{"category":"classroom","name":{"ru":"Кабинет 225","en":"Classroom 225"},"alt_name":{"ru":"225","en":"225"},"restriction":null,"accessibility":null,"level_id":"4b8e2188-88cf-47f6-a8c9-5e396726590d","display_point":{"type":"Point","coordinates":[30.378270055677714,60.009216853780075]}}},{"id":"ff6d1271-798f-4ecf-b603-01f3f2b7da32","type":"Feature","feature_type":"unit","geometry":{"type":"Polygon","coordinates":[[[30.378257964251489,60.009099644469444],[30.378130898448273,60.009122325662716],[30.378194422942922,60.009211255525187],[30.378321488346131,60.009188573234105],[30.378257964251489,60.009099644469444]]]},"properties":{"category":"classroom","name":{"ru":"Кабинет 223","en":"Classroom 223"},"alt_name":{"ru":"223","en":"223"},"restriction":null,"accessibility":null,"level_id":"4b8e2188-88cf-47f6-a8c9-5e396726590d","display_point":{"type":"Point","coordinates":[30.378226193486746,60.009155449722861]}}},{"id":"bab31e71-10f1-452e-8ad3-28b3a0ff5a3f","type":"Feature","feature_type":"unit","geometry":{"type":"Polygon","coordinates":[[[30.378650629995811,60.009368557211076],[30.378523564085146,60.009391238404355],[30.378547764067442,60.0094251166563],[30.378674830309397,60.009402435463031],[30.378650629995811,60.009368557211076]]]},"properties":{"category":"classroom","name":{"ru":"Кабинет 236","en":"Classroom 236"},"alt_name":{"ru":"236","en":"236"},"restriction":null,"accessibility":null,"level_id":"4b8e2188-88cf-47f6-a8c9-5e396726590d","display_point":{"type":"Point","coordinates":[30.378599197053603,60.009396836659242]}}},{"id":"26176f5b-177a-442a-ab32-c2737f94190f","type":"Feature","feature_type":"unit","geometry":{"type":"Polygon","coordinates":[[[30.37859920499514,60.009296567023483],[30.378472139205112,60.009319247667854],[30.378523564085146,60.009391238404355],[30.378650629995811,60.009368557211076],[30.37859920499514,60.009296567023483]]]},"properties":{"category":"classroom","name":{"ru":"Кабинет 234","en":"Classroom 234"},"alt_name":{"ru":"234","en":"234"},"restriction":null,"accessibility":null,"level_id":"4b8e2188-88cf-47f6-a8c9-5e396726590d","display_point":{"type":"Point","coordinates":[30.378561384429958,60.009343902713915]}}},{"id":"5d2e2d1e-b177-43fe-ba9c-25a9f4fe7315","type":"Feature","feature_type":"unit","geometry":{"type":"Polygon","coordinates":[[[30.378550805096715,60.009228810519581],[30.378423739145777,60.009251491712853],[30.378472139205112,60.009319247667854],[30.37859920499514,60.009296567023483],[30.378550805096715,60.009228810519581]]]},"properties":{"category":"classroom","name":{"ru":"Кабинет 232","en":"Classroom 232"},"alt_name":{"ru":"232","en":"232"},"restriction":null,"accessibility":null,"level_id":"4b8e2188-88cf-47f6-a8c9-5e396726590d","display_point":{"type":"Point","coordinates":[30.378511472177802,60.009274029093717]}}},{"id":"34542eb2-dff1-45b2-b006-9ec9d89aeb82","type":"Feature","feature_type":"unit","geometry":{"type":"Polygon","coordinates":[[[30.378499380313318,60.009156819783087],[30.378372314483048,60.009179500976359],[30.378423739145777,60.009251491712853],[30.378550805096715,60.009228810519581],[30.378499380313318,60.009156819783087]]]},"properties":{"category":"classroom","name":{"ru":"Кабинет 230","en":"Classroom 230"},"alt_name":{"ru":"230","en":"230"},"restriction":null,"accessibility":null,"level_id":"4b8e2188-88cf-47f6-a8c9-5e396726590d","display_point":{"type":"Point","coordinates":[30.378461560031134,60.00920415602242]}}},{"id":"888791d9-f751-4ed7-abf0-ed7e06274ab2","type":"Feature","feature_type":"unit","geometry":{"type":"Polygon","coordinates":[[[30.378435855460932,60.009067889920615],[30.378308790328756,60.009090571662789],[30.378372314483048,60.009179500976359],[30.378499380313318,60.009156819783087],[30.378435855460932,60.009067889920615]]]},"properties":{"category":"classroom","name":{"ru":"Кабинет 228","en":"Classroom 228"},"alt_name":{"ru":"228","en":"228"},"restriction":null,"accessibility":null,"level_id":"4b8e2188-88cf-47f6-a8c9-5e396726590d","display_point":{"type":"Point","coordinates":[30.378404085136061,60.009123695722934]}}},{"id":"1229a8da-9ad7-49f8-bb08-a6d0f5dcc7dd","type":"Feature","feature_type":"unit","geometry":{"type":"Polygon","coordinates":[[[30.3785713970113,60.008976849528672],[30.378427390197292,60.0090025551738],[30.378469739847468,60.00906184156581],[30.378613747048632,60.009036136469589],[30.3785713970113,60.008976849528672]]]},"properties":{"category":"classroom","name":{"ru":"Кабинет 211","en":"Classroom 211"},"alt_name":{"ru":"211","en":"211"},"restriction":null,"accessibility":null,"level_id":"4b8e2188-88cf-47f6-a8c9-5e396726590d","display_point":{"type":"Point","coordinates":[30.378520568736572,60.009019346096146]}}},{"id":"b8f8143f-d919-495b-9b28-7fdaae0b5b4f","type":"Feature","feature_type":"unit","geometry":{"type":"Polygon","coordinates":[[[30.378715404536916,60.008951144432451],[30.3785713970113,60.008976849528672],[30.378613747048632,60.009036136469589],[30.3787577544123,60.009010430275559],[30.378715404536916,60.008951144432451]]]},"properties":{"category":"classroom","name":{"ru":"Кабинет 213","en":"Classroom 213"},"alt_name":{"ru":"213","en":"213"},"restriction":null,"accessibility":null,"level_id":"4b8e2188-88cf-47f6-a8c9-5e396726590d","display_point":{"type":"Point","coordinates":[30.378664575550896,60.008993639902116]}}},{"id":"3a2b6d5f-5587-4a81-b237-96fd5dcb699b","type":"Feature","feature_type":"unit","geometry":{"type":"Polygon","coordinates":[[[30.378850940331894,60.008926951013251],[30.378715404536916,60.008951144432451],[30.3787577544123,60.009010430275559],[30.378893290313307,60.00898623740526],[30.378850940331894,60.008926951013251]]]},"properties":{"category":"classroom","name":{"ru":"Кабинет 215","en":"Classroom 215"},"alt_name":{"ru":"215","en":"215"},"restriction":null,"accessibility":null,"level_id":"4b8e2188-88cf-47f6-a8c9-5e396726590d","display_point":{"type":"Point","coordinates":[30.37880434753875,60.0089686906444]}}},{"id":"418dd395-8982-4371-9149-bb4430f1ab60","type":"Feature","feature_type":"unit","geometry":{"type":"Polygon","coordinates":[[[30.379037297459728,60.008960531760138],[30.379000997374451,60.008909714382206],[30.378924758329724,60.00892332386664],[30.378961058363831,60.008974140146762],[30.379037297459728,60.008960531760138]]]},"properties":{"category":"classroom","name":{"ru":"Кабинет ","en":"Classroom "},"alt_name":null,"restriction":"restricted","accessibility":null,"level_id":"4b8e2188-88cf-47f6-a8c9-5e396726590d","display_point":{"type":"Point","coordinates":[30.378976792618968,60.008942684200804]}}},{"id":"2f6a2334-930b-404c-8d06-a5a65acc2f71","type":"Feature","feature_type":"unit","geometry":{"type":"Polygon","coordinates":[[[30.378366890828751,60.008917860641724],[30.378412265340646,60.008981381815232],[30.37855627266347,60.008955676719005],[30.378510897481874,60.008892154996595],[30.378366890828751,60.008917860641724]]]},"properties":{"category":"classroom","name":{"ru":"Кабинет 216","en":"Classroom 216"},"alt_name":{"ru":"216","en":"216"},"restriction":null,"accessibility":null,"level_id":"4b8e2188-88cf-47f6-a8c9-5e396726590d","display_point":{"type":"Point","coordinates":[30.37846158158176,60.008936768131463]}}},{"id":"470ed6b5-217a-43cd-bdc3-73af694e1c60","type":"Feature","feature_type":"unit","geometry":{"type":"Polygon","coordinates":[[[30.378510897481874,60.008892154996595],[30.37855627266347,60.008955676719005],[30.378691808525911,60.0089314827509],[30.378646433779785,60.008867961577394],[30.378510897481874,60.008892154996595]]]},"properties":{"category":"classroom","name":{"ru":"Кабинет 218","en":"Classroom 218"},"alt_name":{"ru":"218","en":"218"},"restriction":null,"accessibility":null,"level_id":"4b8e2188-88cf-47f6-a8c9-5e396726590d","display_point":{"type":"Point","coordinates":[30.378601352977,60.008911818873749]}}},{"id":"f2326cf8-dbc2-429e-86ab-660e9ba947ab","type":"Feature","feature_type":"unit","geometry":{"type":"Polygon","coordinates":[[[30.378646433779785,60.008867961577394],[30.378691808525911,60.0089314827509],[30.378835815631422,60.008905777105781],[30.378790440490132,60.008842255932272],[30.378646433779785,60.008867961577394]]]},"properties":{"category":"classroom","name":{"ru":"Кабинет 220","en":"Classroom 220"},"alt_name":{"ru":"220","en":"220"},"restriction":null,"accessibility":null,"level_id":"4b8e2188-88cf-47f6-a8c9-5e396726590d","display_point":{"type":"Point","coordinates":[30.378741124541268,60.008886869067133]}}},{"id":"fab7dbcc-63d4-4984-87b6-a92166892de4","type":"Feature","feature_type":"unit","geometry":{"type":"Polygon","coordinates":[[[30.378790440490132,60.008842255932272],[30.378835815631422,60.008905777105781],[30.379047590276453,60.008867974751055],[30.379002215232219,60.008804453577547],[30.378790440490132,60.008842255932272]]]},"properties":{"category":"classroom","name":{"ru":"Кабинет 224","en":"Classroom 224"},"alt_name":{"ru":"224","en":"224"},"restriction":null,"accessibility":null,"level_id":"4b8e2188-88cf-47f6-a8c9-5e396726590d","display_point":{"type":"Point","coordinates":[30.378919015495562,60.008855115616115]}}},{"id":"f1640dbf-7fd6-482a-b972-ab1a85ec93a7","type":"Feature","feature_type":"unit","geometry":{"type":"Polygon","coordinates":[[[30.379069982802136,60.008792357416844],[30.379002215232219,60.008804453577547],[30.379105065732148,60.008948435599436],[30.379172833430705,60.008936338340938],[30.379069982802136,60.008792357416844]]]},"properties":{"category":"classroom","name":{"ru":"Кабинет 219","en":"Classroom 219"},"alt_name":{"ru":"219","en":"219"},"restriction":null,"accessibility":null,"level_id":"4b8e2188-88cf-47f6-a8c9-5e396726590d","display_point":{"type":"Point","coordinates":[30.379087524246444,60.008870396508144]}}},{"id":"81eac52d-c35d-49f7-aac2-5a54fbf14a75","type":"Feature","feature_type":"unit","geometry":{"type":"Polygon","coordinates":[[[30.37739272205452,60.009091750705],[30.377438095750147,60.009155271878505],[30.377505864514553,60.00914317571781],[30.377460490487618,60.0090796539954],[30.37739272205452,60.009091750705]]]},"properties":{"category":"classroom","name":{"ru":"Кабинет 200","en":"Classroom 200"},"alt_name":{"ru":"200","en":"200"},"restriction":null,"accessibility":null,"level_id":"4b8e2188-88cf-47f6-a8c9-5e396726590d","display_point":{"type":"Point","coordinates":[30.377449293262536,60.009117462936956]}}},{"id":"1faf6684-77f3-436d-8fdd-60ac51809ee1","type":"Feature","feature_type":"unit","geometry":{"type":"Polygon","coordinates":[[[30.377944541599266,60.009088744915829],[30.377986891146339,60.009148031307838],[30.378139369559428,60.009120813436788],[30.378097020442144,60.00906152759368],[30.377944541599266,60.009088744915829]]]},"properties":{"category":"classroom","name":{"ru":"Кабинет 207","en":"Classroom 207"},"alt_name":{"ru":"207","en":"207"},"restriction":null,"accessibility":null,"level_id":"4b8e2188-88cf-47f6-a8c9-5e396726590d","display_point":{"type":"Point","coordinates":[30.378041955692971,60.009104778901857]}}},{"id":"4f87131b-5dd3-43fb-ab39-0237a5b5b3c3","type":"Feature","feature_type":"unit","geometry":{"type":"Polygon","coordinates":[[[30.378097020442144,60.00906152759368],[30.378139369559428,60.009120813436788],[30.378266435356831,60.009098132243516],[30.378224085591118,60.0090388453026],[30.378097020442144,60.00906152759368]]]},"properties":{"category":"classroom","name":{"ru":"Кабинет 209","en":"Classroom 209"},"alt_name":{"ru":"209","en":"209"},"restriction":null,"accessibility":null,"level_id":"4b8e2188-88cf-47f6-a8c9-5e396726590d","display_point":{"type":"Point","coordinates":[30.378181727601529,60.009079829644143]}}},{"id":"c6d6bf54-d29b-41e1-bf6e-9bfd5bdd5dca","type":"Feature","feature_type":"unit","geometry":{"type":"Polygon","coordinates":[[[30.377807803386837,60.009017658770375],[30.377853177430239,60.009081179394983],[30.377997185462128,60.009055474298755],[30.377951810749,60.008991952576345],[30.377807803386837,60.009017658770375]]]},"properties":{"category":"classroom","name":{"ru":"Кабинет 208","en":"Classroom 208"},"alt_name":{"ru":"208","en":"208"},"restriction":null,"accessibility":null,"level_id":"4b8e2188-88cf-47f6-a8c9-5e396726590d","display_point":{"type":"Point","coordinates":[30.377902494122896,60.009036566260114]}}},{"id":"d6a15aaf-d6e8-45ce-b7e2-bf0ddd0abc2a","type":"Feature","feature_type":"unit","geometry":{"type":"Polygon","coordinates":[[[30.377951810749,60.008991952576345],[30.377997185462128,60.009055474298755],[30.378064953198503,60.009043377589158],[30.378019578977625,60.00897985641565],[30.377951810749,60.008991952576345]]]},"properties":{"category":"classroom","name":{"ru":"Кабинет 210","en":"Classroom 210"},"alt_name":{"ru":"210","en":"210"},"restriction":null,"accessibility":null,"level_id":"4b8e2188-88cf-47f6-a8c9-5e396726590d","display_point":{"type":"Point","coordinates":[30.378008382089025,60.009017665357206]}}},{"id":"1a0c5983-1355-404d-a6dd-565bb1ef7b4b","type":"Feature","feature_type":"unit","geometry":{"type":"Polygon","coordinates":[[[30.378019578977625,60.00897985641565],[30.378064953198503,60.009043377589158],[30.378132721459096,60.009031280879555],[30.378087347455935,60.008967759706046],[30.378019578977625,60.00897985641565]]]},"properties":{"category":"classroom","name":{"ru":"Кабинет 212","en":"Classroom 212"},"alt_name":{"ru":"212","en":"212"},"restriction":null,"accessibility":null,"level_id":"4b8e2188-88cf-47f6-a8c9-5e396726590d","display_point":{"type":"Point","coordinates":[30.378076150059115,60.0090055686476]}}},{"id":"808e7535-67fb-4771-91c4-6ca57606aeb4","type":"Feature","feature_type":"unit","geometry":{"type":"Polygon","coordinates":[[[30.378111547059859,60.009001637958],[30.378132721459096,60.009031280879555],[30.378208960791252,60.009017671944029],[30.378187786087675,60.008988028473574],[30.378111547059859,60.009001637958]]]},"properties":{"category":"classroom","name":{"ru":"Кабинет 214","en":"Classroom 214"},"alt_name":{"ru":"214","en":"214"},"restriction":null,"accessibility":null,"level_id":"4b8e2188-88cf-47f6-a8c9-5e396726590d","display_point":{"type":"Point","coordinates":[30.378160253919638,60.009009654676568]}}},{"id":"81590d74-22ad-46c5-bbe4-a8e68fb9ea77","type":"Feature","feature_type":"unit","geometry":{"type":"Polygon","coordinates":[[[30.377842882908958,60.009173736952967],[30.377800533474485,60.009114450012049],[30.377766649548807,60.009120498366848],[30.377778749018951,60.009137436943924],[30.377744865079507,60.009143485298722],[30.377775114449374,60.009185833113662],[30.377842882908958,60.009173736952967]]]},"properties":{"category":"restroom","name":{"ru":"Туалет мужской","en":"Restroom male"},"alt_name":{"ru":"Туалет М.","en":"Restroom M."},"restriction":null,"accessibility":null,"level_id":"4b8e2188-88cf-47f6-a8c9-5e396726590d","display_point":{"type":"Point","coordinates":[30.377788015708507,60.00915011384329]}}},{"id":"e49b2137-112a-42fa-8adb-03b558c4bce9","type":"Feature","feature_type":"unit","geometry":{"type":"Polygon","coordinates":[[[30.3787232304619,60.009470191418032],[30.37868995479737,60.0094236088216],[30.378626422355818,60.00943494969269],[30.378659697157762,60.009481531740221],[30.3787232304619,60.009470191418032]]]},"properties":{"category":"restroom","name":{"ru":"Туалет мужской","en":"Restroom male"},"alt_name":{"ru":"Туалет М.","en":"Restroom M."},"restriction":null,"accessibility":null,"level_id":"4b8e2188-88cf-47f6-a8c9-5e396726590d","display_point":{"type":"Point","coordinates":[30.378674826533217,60.009452570555361]}}},{"id":"86a890af-3928-486a-a549-e6e6e58c30cf","type":"Feature","feature_type":"unit","geometry":{"type":"Polygon","coordinates":[[[30.378753480333053,60.009512538684071],[30.3787232304619,60.009470191418032],[30.378596164106344,60.0094928720624],[30.378611289413392,60.009514046518774],[30.378636702588743,60.009509509841],[30.378651827638038,60.009530683748473],[30.378753480333053,60.009512538684071]]]},"properties":{"category":"classroom","name":{"ru":"Кабинет ","en":"Classroom "},"alt_name":null,"restriction":"restricted","accessibility":null,"level_id":"4b8e2188-88cf-47f6-a8c9-5e396726590d","display_point":{"type":"Point","coordinates":[30.378661773471027,60.009505304151332]}}},{"id":"acd84174-941a-4a83-ae74-c8aaf17c8e0f","type":"Feature","feature_type":"unit","geometry":{"type":"Polygon","coordinates":[[[30.378659697157762,60.009481531740221],[30.378626422355818,60.00943494969269],[30.378562889068935,60.009446290014871],[30.378596164106344,60.0094928720624],[30.378659697157762,60.009481531740221]]]},"properties":{"category":"restroom","name":{"ru":"Туалет женский","en":"Restroom female"},"alt_name":{"ru":"Туалет Ж.","en":"Restroom F."},"restriction":null,"accessibility":null,"level_id":"4b8e2188-88cf-47f6-a8c9-5e396726590d","display_point":{"type":"Point","coordinates":[30.378611293237736,60.009463911426451]}}},{"id":"64dba306-8daa-4f48-8c77-2131717455d6","type":"Feature","feature_type":"unit","geometry":{"type":"Polygon","coordinates":[[[30.377775114449374,60.009185833113662],[30.377744865079507,60.009143485298722],[30.377710981133863,60.009149533653527],[30.377698881129852,60.009132595076451],[30.377664997185583,60.00913864343125],[30.377707346514036,60.009197929823266],[30.377775114449374,60.009185833113662]]]},"properties":{"category":"restroom","name":{"ru":"Туалет женский","en":"Restroom female"},"alt_name":{"ru":"Туалет Ж.","en":"Restroom F."},"restriction":null,"accessibility":null,"level_id":"4b8e2188-88cf-47f6-a8c9-5e396726590d","display_point":{"type":"Point","coordinates":[30.377718570880489,60.009162508057955]}}},{"id":"325b7df4-1d61-4d81-b052-bbb7bf873897","type":"Feature","feature_type":"unit","geometry":{"type":"Polygon","coordinates":[[[30.377848890609787,60.009650134227329],[30.37787914055248,60.009692482042269],[30.37794690923759,60.009680384783763],[30.377924221817185,60.009648624197013],[30.377890337354682,60.009654673100712],[30.377906974820345,60.009677963575577],[30.377906958075627,60.009677966868992],[30.377890314295946,60.009654667611692],[30.377924216052168,60.009648615414577],[30.377916659531568,60.009638037517725],[30.377848890609787,60.009650134227329]]]},"properties":{"category":"stairs","name":null,"alt_name":null,"restriction":null,"accessibility":null,"level_id":"4b8e2188-88cf-47f6-a8c9-5e396726590d","display_point":{"type":"Point","coordinates":[30.377916659531568,60.009638037517725]}}},{"id":"bd26edc9-47c9-46c9-93f5-f576dff0dc0e","type":"Feature","feature_type":"unit","geometry":{"type":"Polygon","coordinates":[[[30.379105065732148,60.008948435599436],[30.37907481534485,60.008906087784496],[30.379007047659325,60.0089181844941],[30.379029734800092,60.008949944531949],[30.379063618797435,60.008943896726052],[30.379046981109074,60.008920605153385],[30.379046998128079,60.008920602408871],[30.379063641856021,60.008943902215073],[30.379029741114202,60.008949953314385],[30.379037297459728,60.008960531760138],[30.379105065732148,60.008948435599436]]]},"properties":{"category":"stairs","name":null,"alt_name":null,"restriction":null,"accessibility":null,"level_id":"4b8e2188-88cf-47f6-a8c9-5e396726590d","display_point":{"type":"Point","coordinates":[30.379037297459728,60.008960531760138]}}},{"id":"eb61ae8a-7f36-4cbf-bd81-f3eef866fcc2","type":"Feature","feature_type":"unit","geometry":{"type":"Polygon","coordinates":[[[30.37815631733951,60.0090509425611],[30.377588757602066,60.009152252366775],[30.377600857306991,60.009169191492752],[30.377533088533323,60.009181288202356],[30.377505864514553,60.00914317571781],[30.377582104104643,60.009129566233383],[30.377563954018672,60.009104158093322],[30.377631722707669,60.009092061383718],[30.377649872267344,60.00911746952378],[30.378132721459096,60.009031280879555],[30.378087347455935,60.008967759706046],[30.378299122452663,60.008929956802419],[30.3783444971823,60.008993478524829],[30.379047590276453,60.008867974751055],[30.37907481534485,60.008906087784496],[30.37899010552821,60.008921208945949],[30.37898405551973,60.008912738834063],[30.378924758329724,60.00892332386664],[30.378918708603987,60.008914854852549],[30.378359622020049,60.0090146524323],[30.37840197161723,60.009073938824315],[30.378308790328756,60.009090571662789],[30.378547764067442,60.0094251166563],[30.378674830309397,60.009402435463031],[30.37868995479737,60.0094236088216],[30.378562889068935,60.009446290014871],[30.378611289413392,60.009514046518774],[30.378662115486129,60.009504973712126],[30.378677240816994,60.009526147070694],[30.378753480333053,60.009512538684071],[30.378841206249049,60.009635346249588],[30.378722610508621,60.009656515216939],[30.378677235235514,60.00959299404343],[30.377906364737907,60.009730593977906],[30.377909389984872,60.009734829308307],[30.377833149764413,60.009748437694931],[30.377811975269843,60.00971879477337],[30.377888215185983,60.009705186386746],[30.37787914055248,60.009692482042269],[30.37794690923759,60.009680384783763],[30.377959009130851,60.009697323909741],[30.378585870835188,60.009585429071485],[30.378543520745662,60.009526142679476],[30.378560462777674,60.009523118776528],[30.378242839152346,60.009078470561974],[30.37818354224412,60.009089055045642],[30.37815631733951,60.0090509425611]]]},"properties":{"category":"walkway","name":null,"alt_name":null,"restriction":null,"accessibility":null,"level_id":"b79df9a4-80fb-4310-b230-7f5c69d8c4e8","display_point":{"type":"Point","coordinates":[30.378097641088175,60.009072988125475]}}},{"id":"a2683ec8-2c9f-4cf7-8217-67fecd013b14","type":"Feature","feature_type":"unit","geometry":{"type":"Polygon","coordinates":[[[30.377604498668795,60.009053948899172],[30.377649872267344,60.00911746952378],[30.377717640954291,60.009105373363084],[30.377672266749926,60.009041852189576],[30.377604498668795,60.009053948899172]]]},"properties":{"category":"classroom","name":{"ru":"Кабинет 310","en":"Classroom 310"},"alt_name":{"ru":"310","en":"310"},"restriction":null,"accessibility":null,"level_id":"b79df9a4-80fb-4310-b230-7f5c69d8c4e8","display_point":{"type":"Point","coordinates":[30.3776610696523,60.009079661131132]}}},{"id":"e3de047d-bdf4-4f6d-9242-0be3c4578ef7","type":"Feature","feature_type":"unit","geometry":{"type":"Polygon","coordinates":[[[30.377800533474485,60.009114450012049],[30.377842882908958,60.009173736952967],[30.377986891146339,60.009148031307838],[30.377944541599266,60.009088744915829],[30.377800533474485,60.009114450012049]]]},"properties":{"category":"classroom","name":{"ru":"Кабинет 307","en":"Classroom 307"},"alt_name":{"ru":"307","en":"307"},"restriction":null,"accessibility":null,"level_id":"b79df9a4-80fb-4310-b230-7f5c69d8c4e8","display_point":{"type":"Point","coordinates":[30.377893712561274,60.009131240934394]}}},{"id":"ae47350e-9a3e-44b8-b748-ee3e268ca0c4","type":"Feature","feature_type":"unit","geometry":{"type":"Polygon","coordinates":[[[30.377588757602066,60.009152252366775],[30.377631106596393,60.009211538758791],[30.377707346514036,60.009197929823266],[30.377664997185583,60.00913864343125],[30.377588757602066,60.009152252366775]]]},"properties":{"category":"classroom","name":{"ru":"Кабинет 303","en":"Classroom 303"},"alt_name":{"ru":"303","en":"303"},"restriction":null,"accessibility":null,"level_id":"b79df9a4-80fb-4310-b230-7f5c69d8c4e8","display_point":{"type":"Point","coordinates":[30.377648051900326,60.009175091095024]}}},{"id":"c45257db-4556-494f-a496-a83b6b5f7f08","type":"Feature","feature_type":"unit","geometry":{"type":"Polygon","coordinates":[[[30.377672266749926,60.009041852189576],[30.377717640954291,60.009105373363084],[30.377853177430239,60.009081179394983],[30.377807803386837,60.009017658770375],[30.377672266749926,60.009041852189576]]]},"properties":{"category":"classroom","name":{"ru":"Кабинет 312","en":"Classroom 312"},"alt_name":{"ru":"312","en":"312"},"restriction":null,"accessibility":null,"level_id":"b79df9a4-80fb-4310-b230-7f5c69d8c4e8","display_point":{"type":"Point","coordinates":[30.377762721925929,60.009061515517828]}}},{"id":"1c8f5505-ddea-4a6e-958a-e010c3aa6028","type":"Feature","feature_type":"unit","geometry":{"type":"Polygon","coordinates":[[[30.378128437046485,60.009600235163],[30.377984428428562,60.009625940808128],[30.378026778080844,60.009685227200144],[30.378170787085896,60.009659521555015],[30.378128437046485,60.009600235163]]]},"properties":{"category":"classroom","name":{"ru":"Кабинет 329","en":"Classroom 329"},"alt_name":{"ru":"329","en":"329"},"restriction":null,"accessibility":null,"level_id":"b79df9a4-80fb-4310-b230-7f5c69d8c4e8","display_point":{"type":"Point","coordinates":[30.378077608008081,60.009642731181572]}}},{"id":"60289994-6cc8-4f04-abba-34d48516351e","type":"Feature","feature_type":"unit","geometry":{"type":"Polygon","coordinates":[[[30.377833149764413,60.009748437694931],[30.377875499359533,60.00980772408694],[30.378019508690109,60.00978201899072],[30.377974134006148,60.009718497817211],[30.377906364737907,60.009730593977906],[30.377909389984872,60.009734829308307],[30.377833149764413,60.009748437694931]]]},"properties":{"category":"classroom","name":{"ru":"Кабинет 342","en":"Classroom 342"},"alt_name":{"ru":"342","en":"342"},"restriction":null,"accessibility":null,"level_id":"b79df9a4-80fb-4310-b230-7f5c69d8c4e8","display_point":{"type":"Point","coordinates":[30.377927255556784,60.009762866690536]}}},{"id":"9c2c60f7-e2c8-4873-b38b-4361a381e0ca","type":"Feature","feature_type":"unit","geometry":{"type":"Polygon","coordinates":[[[30.377772650749037,60.009663743162854],[30.377811975269843,60.00971879477337],[30.377888215185983,60.009705186386746],[30.377848890609787,60.009650134227329],[30.377772650749037,60.009663743162854]]]},"properties":{"category":"classroom","name":{"ru":"Кабинет 333","en":"Classroom 333"},"alt_name":{"ru":"333","en":"333"},"restriction":null,"accessibility":null,"level_id":"b79df9a4-80fb-4310-b230-7f5c69d8c4e8","display_point":{"type":"Point","coordinates":[30.377830432674877,60.0096844642259]}}},{"id":"a754f987-8a4f-4a7f-a44f-0ebe3dc42c62","type":"Feature","feature_type":"unit","geometry":{"type":"Polygon","coordinates":[[[30.37739272205452,60.009091750705],[30.377438095750147,60.009155271878505],[30.377505864514553,60.00914317571781],[30.377460490487618,60.0090796539954],[30.37739272205452,60.009091750705]]]},"properties":{"category":"classroom","name":{"ru":"Кабинет 304","en":"Classroom 304"},"alt_name":{"ru":"304","en":"304"},"restriction":null,"accessibility":null,"level_id":"b79df9a4-80fb-4310-b230-7f5c69d8c4e8","display_point":{"type":"Point","coordinates":[30.377449293262536,60.009117462936956]}}},{"id":"fc356a84-d1b8-44ca-b392-82bcb3603f2b","type":"Feature","feature_type":"unit","geometry":{"type":"Polygon","coordinates":[[[30.378109671644669,60.009694303849109],[30.378155046442227,60.009757825571519],[30.378299055830002,60.00973211992639],[30.3782536809118,60.009668598752882],[30.378109671644669,60.009694303849109]]]},"properties":{"category":"classroom","name":{"ru":"Кабинет 338","en":"Classroom 338"},"alt_name":{"ru":"338","en":"338"},"restriction":null,"accessibility":null,"level_id":"b79df9a4-80fb-4310-b230-7f5c69d8c4e8","display_point":{"type":"Point","coordinates":[30.378204363710264,60.00971321188775]}}},{"id":"ad88879d-c5a5-40b0-8dcb-f6b1809bd648","type":"Feature","feature_type":"unit","geometry":{"type":"Polygon","coordinates":[[[30.378196205591507,60.0095881384534],[30.378128437046485,60.009600235163],[30.378170787085896,60.009659521555015],[30.378238555958426,60.009647424845411],[30.378196205591507,60.0095881384534]]]},"properties":{"category":"classroom","name":{"ru":"Кабинет 327","en":"Classroom 327"},"alt_name":{"ru":"327","en":"327"},"restriction":null,"accessibility":null,"level_id":"b79df9a4-80fb-4310-b230-7f5c69d8c4e8","display_point":{"type":"Point","coordinates":[30.378183496620078,60.009623830278656]}}},{"id":"15fbda94-0003-4ed1-a86f-a2e1cdb34748","type":"Feature","feature_type":"unit","geometry":{"type":"Polygon","coordinates":[[[30.378331743705214,60.0095639450342],[30.378196205591507,60.0095881384534],[30.378238555958426,60.009647424845411],[30.378374093080076,60.00962323087731],[30.378331743705214,60.0095639450342]]]},"properties":{"category":"classroom","name":{"ru":"Кабинет 325","en":"Classroom 325"},"alt_name":{"ru":"325","en":"325"},"restriction":null,"accessibility":null,"level_id":"b79df9a4-80fb-4310-b230-7f5c69d8c4e8","display_point":{"type":"Point","coordinates":[30.378285149586731,60.009605685214261]}}},{"id":"3b5445a8-81ee-48e6-9950-148f12a62300","type":"Feature","feature_type":"unit","geometry":{"type":"Polygon","coordinates":[[[30.378543520745662,60.009526142679476],[30.378331743705214,60.0095639450342],[30.378374093080076,60.00962323087731],[30.378585870835188,60.009585429071485],[30.378543520745662,60.009526142679476]]]},"properties":{"category":"classroom","name":{"ru":"Кабинет 323","en":"Classroom 323"},"alt_name":{"ru":"323","en":"323"},"restriction":null,"accessibility":null,"level_id":"b79df9a4-80fb-4310-b230-7f5c69d8c4e8","display_point":{"type":"Point","coordinates":[30.378458807112313,60.009574687052847]}}},{"id":"e1660f77-a8e9-49cc-a461-bdc157b1f668","type":"Feature","feature_type":"unit","geometry":{"type":"Polygon","coordinates":[[[30.378321449778468,60.009656502043285],[30.37836682447892,60.009720022667892],[30.3785108334276,60.009694317571665],[30.378465458331949,60.009630796398156],[30.378321449778468,60.009656502043285]]]},"properties":{"category":"classroom","name":{"ru":"Кабинет 334","en":"Classroom 334"},"alt_name":{"ru":"334","en":"334"},"restriction":null,"accessibility":null,"level_id":"b79df9a4-80fb-4310-b230-7f5c69d8c4e8","display_point":{"type":"Point","coordinates":[30.378416141301447,60.009675409533024]}}},{"id":"db151882-b013-4cf2-a85c-762c3d172dea","type":"Feature","feature_type":"unit","geometry":{"type":"Polygon","coordinates":[[[30.378533227121181,60.009618700237461],[30.378578602273592,60.009682220862068],[30.378722610508621,60.009656515216939],[30.378677235235514,60.00959299404343],[30.378533227121181,60.009618700237461]]]},"properties":{"category":"classroom","name":{"ru":"Кабинет 330","en":"Classroom 330"},"alt_name":{"ru":"330","en":"330"},"restriction":null,"accessibility":null,"level_id":"b79df9a4-80fb-4310-b230-7f5c69d8c4e8","display_point":{"type":"Point","coordinates":[30.378627918925087,60.0096376077272]}}},{"id":"f8bdc363-ef55-448a-83b7-fd0adfcd884e","type":"Feature","feature_type":"unit","geometry":{"type":"Polygon","coordinates":[[[30.378496937765853,60.009434188914057],[30.378369871401894,60.009456870107329],[30.378433396539162,60.0095457999698],[30.378560462777674,60.009523118776528],[30.378496937765853,60.009434188914057]]]},"properties":{"category":"classroom","name":{"ru":"Кабинет 321","en":"Classroom 321"},"alt_name":{"ru":"321","en":"321"},"restriction":null,"accessibility":null,"level_id":"b79df9a4-80fb-4310-b230-7f5c69d8c4e8","display_point":{"type":"Point","coordinates":[30.378465167042044,60.009489994167474]}}},{"id":"81eb607d-e4d9-406d-aaac-d5fe556a3b15","type":"Feature","feature_type":"unit","geometry":{"type":"Polygon","coordinates":[[[30.378397112817915,60.009294442222554],[30.37827004723723,60.009317123964735],[30.378369871401894,60.009456870107329],[30.378496937765853,60.009434188914057],[30.378397112817915,60.009294442222554]]]},"properties":{"category":"classroom","name":{"ru":"Кабинет 319","en":"Classroom 319"},"alt_name":{"ru":"319","en":"319"},"restriction":null,"accessibility":null,"level_id":"b79df9a4-80fb-4310-b230-7f5c69d8c4e8","display_point":{"type":"Point","coordinates":[30.378383492263907,60.009375656713843]}}},{"id":"1ce0dd93-13fb-4ee8-ae10-ae5b3b4f1284","type":"Feature","feature_type":"unit","geometry":{"type":"Polygon","coordinates":[[[30.378369887980202,60.009256329738015],[30.378242822188867,60.009279010931287],[30.37827004723723,60.009317123964735],[30.378397112817915,60.009294442222554],[30.378369887980202,60.009256329738015]]]},"properties":{"category":"classroom","name":{"ru":"Кабинет 317","en":"Classroom 317"},"alt_name":{"ru":"317","en":"317"},"restriction":null,"accessibility":null,"level_id":"b79df9a4-80fb-4310-b230-7f5c69d8c4e8","display_point":{"type":"Point","coordinates":[30.378319967631658,60.009286726851371]}}},{"id":"4c369b4f-574b-45b5-b6b5-9b155e6f201a","type":"Feature","feature_type":"unit","geometry":{"type":"Polygon","coordinates":[[[30.378257964251489,60.009099644469444],[30.378130898448273,60.009122325662716],[30.378194422942922,60.009211255525187],[30.378321488346131,60.009188573234105],[30.378257964251489,60.009099644469444]]]},"properties":{"category":"classroom","name":{"ru":"Кабинет 313","en":"Classroom 313"},"alt_name":{"ru":"313","en":"313"},"restriction":null,"accessibility":null,"level_id":"b79df9a4-80fb-4310-b230-7f5c69d8c4e8","display_point":{"type":"Point","coordinates":[30.378226193486746,60.009155449722861]}}},{"id":"404bea5d-2d35-4977-8f90-80fee3687ae4","type":"Feature","feature_type":"unit","geometry":{"type":"Polygon","coordinates":[[[30.3785750050335,60.009262688222627],[30.378447939300315,60.009285369964807],[30.378547764067442,60.0094251166563],[30.378674830309397,60.009402435463031],[30.3785750050335,60.009262688222627]]]},"properties":{"category":"classroom","name":{"ru":"Кабинет 328","en":"Classroom 328"},"alt_name":{"ru":"328","en":"328"},"restriction":null,"accessibility":null,"level_id":"b79df9a4-80fb-4310-b230-7f5c69d8c4e8","display_point":{"type":"Point","coordinates":[30.378561384429958,60.009343902713915]}}},{"id":"be10da20-8ba8-412d-9f2a-25c13fbe76df","type":"Feature","feature_type":"unit","geometry":{"type":"Polygon","coordinates":[[[30.378523580197456,60.009190698035034],[30.378396514584907,60.009213379228314],[30.378447939300315,60.009285369964807],[30.3785750050335,60.009262688222627],[30.378523580197456,60.009190698035034]]]},"properties":{"category":"classroom","name":{"ru":"Кабинет 326","en":"Classroom 326"},"alt_name":{"ru":"326","en":"326"},"restriction":null,"accessibility":null,"level_id":"b79df9a4-80fb-4310-b230-7f5c69d8c4e8","display_point":{"type":"Point","coordinates":[30.378485759913218,60.009238034274375]}}},{"id":"dd4361d9-9d25-4fad-8ea4-d4b3ae4bd4bf","type":"Feature","feature_type":"unit","geometry":{"type":"Polygon","coordinates":[[[30.378475180454,60.009122942080033],[30.378348114680485,60.009145622724404],[30.378396514584907,60.009213379228314],[30.378523580197456,60.009190698035034],[30.378475180454,60.009122942080033]]]},"properties":{"category":"classroom","name":{"ru":"Кабинет 324","en":"Classroom 324"},"alt_name":{"ru":"324","en":"324"},"restriction":null,"accessibility":null,"level_id":"b79df9a4-80fb-4310-b230-7f5c69d8c4e8","display_point":{"type":"Point","coordinates":[30.378435847271838,60.00916816065417]}}},{"id":"e0d230de-8812-4ef4-b870-4cf7a756625c","type":"Feature","feature_type":"unit","geometry":{"type":"Polygon","coordinates":[[[30.378435855460932,60.009067889920615],[30.378308790328756,60.009090571662789],[30.378348114680485,60.009145622724404],[30.378475180454,60.009122942080033],[30.378435855460932,60.009067889920615]]]},"properties":{"category":"classroom","name":{"ru":"Кабинет 322","en":"Classroom 322"},"alt_name":{"ru":"322","en":"322"},"restriction":null,"accessibility":null,"level_id":"b79df9a4-80fb-4310-b230-7f5c69d8c4e8","display_point":{"type":"Point","coordinates":[30.378391985233755,60.009106756596964]}}},{"id":"94075172-f5c7-463d-8e72-a726a689a59c","type":"Feature","feature_type":"unit","geometry":{"type":"Polygon","coordinates":[[[30.378639165385643,60.008964753367977],[30.378503629435738,60.008988946787177],[30.378545979145571,60.009048233728095],[30.378681515201439,60.009024039759986],[30.378639165385643,60.008964753367977]]]},"properties":{"category":"classroom","name":{"ru":"Кабинет 341","en":"Classroom 341"},"alt_name":{"ru":"341","en":"341"},"restriction":null,"accessibility":null,"level_id":"b79df9a4-80fb-4310-b230-7f5c69d8c4e8","display_point":{"type":"Point","coordinates":[30.378592572157729,60.009006492999134]}}},{"id":"24d09543-4fcd-4c61-8866-c1ca95cc0d37","type":"Feature","feature_type":"unit","geometry":{"type":"Polygon","coordinates":[[[30.37878317258405,60.008939047722848],[30.378639165385643,60.008964753367977],[30.378681515201439,60.009024039759986],[30.378825522786968,60.008998334114864],[30.37878317258405,60.008939047722848]]]},"properties":{"category":"classroom","name":{"ru":"Кабинет 343","en":"Classroom 343"},"alt_name":{"ru":"343","en":"343"},"restriction":null,"accessibility":null,"level_id":"b79df9a4-80fb-4310-b230-7f5c69d8c4e8","display_point":{"type":"Point","coordinates":[30.3787323439254,60.00898154374142]}}},{"id":"0c831516-1220-4443-9793-d2f281157d51","type":"Feature","feature_type":"unit","geometry":{"type":"Polygon","coordinates":[[[30.378850940331894,60.008926951013251],[30.37878317258405,60.008939047722848],[30.378825522786968,60.008998334114864],[30.378893290313307,60.00898623740526],[30.378850940331894,60.008926951013251]]]},"properties":{"category":"classroom","name":{"ru":"Кабинет 345","en":"Classroom 345"},"alt_name":{"ru":"345","en":"345"},"restriction":null,"accessibility":null,"level_id":"b79df9a4-80fb-4310-b230-7f5c69d8c4e8","display_point":{"type":"Point","coordinates":[30.37883823129177,60.0089626422896]}}},{"id":"c1175c87-63c5-496b-a49b-f57bb68dbd16","type":"Feature","feature_type":"unit","geometry":{"type":"Polygon","coordinates":[[[30.379037297459728,60.008960531760138],[30.379007047659325,60.0089181844941],[30.37899010552821,60.008921208945949],[30.37898405551973,60.008912738834063],[30.378924758329724,60.00892332386664],[30.378961058363831,60.008974140146762],[30.379037297459728,60.008960531760138]]]},"properties":{"category":"classroom","name":{"ru":"Кабинет ","en":"Classroom "},"alt_name":null,"restriction":"restricted","accessibility":null,"level_id":"b79df9a4-80fb-4310-b230-7f5c69d8c4e8","display_point":{"type":"Point","coordinates":[30.378978587057574,60.008942896626]}}},{"id":"3724fc2e-dd6b-4790-bde0-73993ce35bb0","type":"Feature","feature_type":"unit","geometry":{"type":"Polygon","coordinates":[[[30.378443129981996,60.0089042517062],[30.378488504283236,60.008967772330806],[30.37855627266347,60.008955676719005],[30.378510897481874,60.008892154996595],[30.378443129981996,60.0089042517062]]]},"properties":{"category":"classroom","name":{"ru":"Кабинет 344/1","en":"Classroom 344/1"},"alt_name":{"ru":"344/1","en":"344/1"},"restriction":null,"accessibility":null,"level_id":"b79df9a4-80fb-4310-b230-7f5c69d8c4e8","display_point":{"type":"Point","coordinates":[30.378499701163474,60.008929963938151]}}},{"id":"cc182fa4-c8ad-4df6-9e96-7b366e997d5e","type":"Feature","feature_type":"unit","geometry":{"type":"Polygon","coordinates":[[[30.378578665505941,60.0088800577381],[30.378624040469848,60.008943580009408],[30.3787680473535,60.008917873815378],[30.378722672818029,60.00885435319077],[30.378578665505941,60.0088800577381]]]},"properties":{"category":"classroom","name":{"ru":"Кабинет 348","en":"Classroom 348"},"alt_name":{"ru":"348","en":"348"},"restriction":null,"accessibility":null,"level_id":"b79df9a4-80fb-4310-b230-7f5c69d8c4e8","display_point":{"type":"Point","coordinates":[30.378673356539935,60.008898966325638]}}},{"id":"784facb8-445f-44ea-b155-9a603b7eb440","type":"Feature","feature_type":"unit","geometry":{"type":"Polygon","coordinates":[[[30.378722672818029,60.00885435319077],[30.3787680473535,60.008917873815378],[30.37890358333555,60.008893680396177],[30.378858208411977,60.008830159222668],[30.378722672818029,60.00885435319077]]]},"properties":{"category":"classroom","name":{"ru":"Кабинет 350","en":"Classroom 350"},"alt_name":{"ru":"350","en":"350"},"restriction":null,"accessibility":null,"level_id":"b79df9a4-80fb-4310-b230-7f5c69d8c4e8","display_point":{"type":"Point","coordinates":[30.378813128049881,60.008874016519023]}}},{"id":"d73c4302-af4e-4b1f-998e-7aa64d076ece","type":"Feature","feature_type":"unit","geometry":{"type":"Polygon","coordinates":[[[30.378858208411977,60.008830159222668],[30.37890358333555,60.008893680396177],[30.379047590276453,60.008867974751055],[30.379002215232219,60.008804453577547],[30.378858208411977,60.008830159222668]]]},"properties":{"category":"classroom","name":{"ru":"Кабинет 352","en":"Classroom 352"},"alt_name":{"ru":"352","en":"352"},"restriction":null,"accessibility":null,"level_id":"b79df9a4-80fb-4310-b230-7f5c69d8c4e8","display_point":{"type":"Point","coordinates":[30.378952899454415,60.008849067261316]}}},{"id":"8b8d7cca-1ff6-4850-a71f-ea964587966c","type":"Feature","feature_type":"unit","geometry":{"type":"Polygon","coordinates":[[[30.379069982802136,60.008792357416844],[30.379002215232219,60.008804453577547],[30.379105065732148,60.008948435599436],[30.379172833430705,60.008936338340938],[30.379069982802136,60.008792357416844]]]},"properties":{"category":"classroom","name":{"ru":"Кабинет 349","en":"Classroom 349"},"alt_name":{"ru":"349","en":"349"},"restriction":null,"accessibility":null,"level_id":"b79df9a4-80fb-4310-b230-7f5c69d8c4e8","display_point":{"type":"Point","coordinates":[30.379087524246444,60.008870396508144]}}},{"id":"b827ab71-dd27-4640-b1a3-bca741dc02e2","type":"Feature","feature_type":"unit","geometry":{"type":"Polygon","coordinates":[[[30.377944541599266,60.009088744915829],[30.377986891146339,60.009148031307838],[30.378198666777696,60.009110228953112],[30.37815631733951,60.0090509425611],[30.377944541599266,60.009088744915829]]]},"properties":{"category":"classroom","name":{"ru":"Кабинет 309","en":"Classroom 309"},"alt_name":{"ru":"309","en":"309"},"restriction":null,"accessibility":null,"level_id":"b79df9a4-80fb-4310-b230-7f5c69d8c4e8","display_point":{"type":"Point","coordinates":[30.378071604305095,60.009099486934474]}}},{"id":"2a9e5dfa-a7bc-4b16-b7bc-163b717cbb82","type":"Feature","feature_type":"unit","geometry":{"type":"Polygon","coordinates":[[[30.37788404277012,60.009004049285949],[30.377929416602928,60.009067570459457],[30.378064953198503,60.009043377589158],[30.378019578977625,60.00897985641565],[30.37788404277012,60.009004049285949]]]},"properties":{"category":"classroom","name":{"ru":"Кабинет 316","en":"Classroom 316"},"alt_name":{"ru":"316","en":"316"},"restriction":null,"accessibility":null,"level_id":"b79df9a4-80fb-4310-b230-7f5c69d8c4e8","display_point":{"type":"Point","coordinates":[30.377974497957432,60.009023713712004]}}},{"id":"45184a1b-499b-4e16-b05d-40ad2052ee15","type":"Feature","feature_type":"unit","geometry":{"type":"Polygon","coordinates":[[[30.377807803386837,60.009017658770375],[30.377853177430239,60.009081179394983],[30.377929416602928,60.009067570459457],[30.37788404277012,60.009004049285949],[30.377807803386837,60.009017658770375]]]},"properties":{"category":"classroom","name":{"ru":"Кабинет 314","en":"Classroom 314"},"alt_name":{"ru":"314","en":"314"},"restriction":null,"accessibility":null,"level_id":"b79df9a4-80fb-4310-b230-7f5c69d8c4e8","display_point":{"type":"Point","coordinates":[30.377868609971937,60.009042614614913]}}},{"id":"3c165edc-1ebd-4210-bd1d-1da6ca856ac6","type":"Feature","feature_type":"unit","geometry":{"type":"Polygon","coordinates":[[[30.378019578977625,60.00897985641565],[30.378064953198503,60.009043377589158],[30.378132721459096,60.009031280879555],[30.378087347455935,60.008967759706046],[30.378019578977625,60.00897985641565]]]},"properties":{"category":"classroom","name":{"ru":"Кабинет 318","en":"Classroom 318"},"alt_name":{"ru":"318","en":"318"},"restriction":null,"accessibility":null,"level_id":"b79df9a4-80fb-4310-b230-7f5c69d8c4e8","display_point":{"type":"Point","coordinates":[30.378076150059115,60.0090055686476]}}},{"id":"2605c8de-0d7e-4e46-81aa-057e8d8efdf8","type":"Feature","feature_type":"unit","geometry":{"type":"Polygon","coordinates":[[[30.378738355255337,60.0094913642277],[30.37868995479737,60.0094236088216],[30.378626422355818,60.00943494969269],[30.378674822208019,60.009502705647691],[30.378738355255337,60.0094913642277]]]},"properties":{"category":"restroom","name":{"ru":"Туалет мужской","en":"Restroom male"},"alt_name":{"ru":"Туалет М.","en":"Restroom M."},"restriction":null,"accessibility":null,"level_id":"b79df9a4-80fb-4310-b230-7f5c69d8c4e8","display_point":{"type":"Point","coordinates":[30.378682388919007,60.009463157783543]}}},{"id":"cc031488-442e-401f-afdb-93c81d934a02","type":"Feature","feature_type":"unit","geometry":{"type":"Polygon","coordinates":[[[30.378753480333053,60.009512538684071],[30.378738355255337,60.0094913642277],[30.378662115486129,60.009504973712126],[30.378677240816994,60.009526147070694],[30.378753480333053,60.009512538684071]]]},"properties":{"category":"classroom","name":{"ru":"Кабинет ","en":"Classroom "},"alt_name":null,"restriction":"restricted","accessibility":null,"level_id":"b79df9a4-80fb-4310-b230-7f5c69d8c4e8","display_point":{"type":"Point","coordinates":[30.378706443908865,60.009508742475539]}}},{"id":"e4057c49-9477-46da-aad5-713d57d779e6","type":"Feature","feature_type":"unit","geometry":{"type":"Polygon","coordinates":[[[30.378674822208019,60.009502705647691],[30.378626422355818,60.00943494969269],[30.378562889068935,60.009446290014871],[30.378611289413392,60.009514046518774],[30.378674822208019,60.009502705647691]]]},"properties":{"category":"restroom","name":{"ru":"Туалет женский","en":"Restroom female"},"alt_name":{"ru":"Туалет Ж.","en":"Restroom F."},"restriction":null,"accessibility":null,"level_id":"b79df9a4-80fb-4310-b230-7f5c69d8c4e8","display_point":{"type":"Point","coordinates":[30.3786188558891,60.00947449755683]}}},{"id":"108f413e-368f-40c1-aa5b-bb42e47646a1","type":"Feature","feature_type":"unit","geometry":{"type":"Polygon","coordinates":[[[30.378465458331949,60.009630796398156],[30.3785108334276,60.009694317571665],[30.378578602273592,60.009682220862068],[30.378533227121181,60.009618700237461],[30.378465458331949,60.009630796398156]]]},"properties":{"category":"classroom","name":{"ru":"Кабинет 332","en":"Classroom 332"},"alt_name":{"ru":"332","en":"332"},"restriction":null,"accessibility":null,"level_id":"b79df9a4-80fb-4310-b230-7f5c69d8c4e8","display_point":{"type":"Point","coordinates":[30.378522030143525,60.009656508630115]}}},{"id":"01cad88f-ea41-4c79-9b03-0840e63efcc1","type":"Feature","feature_type":"unit","geometry":{"type":"Polygon","coordinates":[[[30.377974134006148,60.009718497817211],[30.378019508690109,60.00978201899072],[30.378155046442227,60.009757825571519],[30.378109671644669,60.009694303849109],[30.377974134006148,60.009718497817211]]]},"properties":{"category":"classroom","name":{"ru":"Кабинет 340","en":"Classroom 340"},"alt_name":{"ru":"340","en":"340"},"restriction":null,"accessibility":null,"level_id":"b79df9a4-80fb-4310-b230-7f5c69d8c4e8","display_point":{"type":"Point","coordinates":[30.3780645904718,60.009738161694365]}}},{"id":"79f72857-d45b-4225-bc6a-0d3d192eadb7","type":"Feature","feature_type":"unit","geometry":{"type":"Polygon","coordinates":[[[30.378321488346131,60.009188573234105],[30.378194422942922,60.009211255525187],[30.378242822188867,60.009279010931287],[30.378369887980202,60.009256329738015],[30.378321488346131,60.009188573234105]]]},"properties":{"category":"classroom","name":{"ru":"Кабинет 315","en":"Classroom 315"},"alt_name":{"ru":"315","en":"315"},"restriction":null,"accessibility":null,"level_id":"b79df9a4-80fb-4310-b230-7f5c69d8c4e8","display_point":{"type":"Point","coordinates":[30.378282155568908,60.009233792357151]}}},{"id":"017231bb-f994-46f2-acf9-ae467dc5801b","type":"Feature","feature_type":"unit","geometry":{"type":"Polygon","coordinates":[[[30.378026778080844,60.009685227200144],[30.377984428428562,60.009625940808128],[30.377916659531568,60.009638037517725],[30.377959009130851,60.009697323909741],[30.378026778080844,60.009685227200144]]]},"properties":{"category":"administration","name":{"ru":"Преподавательская"},"alt_name":{"ru":"Преподавательская"},"restriction":null,"accessibility":null,"level_id":"b79df9a4-80fb-4310-b230-7f5c69d8c4e8","display_point":{"type":"Point","coordinates":[30.377970780487793,60.009660806535372]}}},{"id":"afa97063-fc4c-474b-be1f-1b5a54c86e4b","type":"Feature","feature_type":"unit","geometry":{"type":"Polygon","coordinates":[[[30.37836682447892,60.009720022667892],[30.378321449778468,60.009656502043285],[30.3782536809118,60.009668598752882],[30.378299055830002,60.00973211992639],[30.37836682447892,60.009720022667892]]]},"properties":{"category":"administration","name":{"ru":"Преподавательская кафедры КИТвП"},"alt_name":{"ru":"Преподавательская кафедры КИТвП"},"restriction":null,"accessibility":null,"level_id":"b79df9a4-80fb-4310-b230-7f5c69d8c4e8","display_point":{"type":"Point","coordinates":[30.378310252398848,60.00969431043594]}}},{"id":"4f78a74b-2ad2-400c-a880-d29808e83a7a","type":"Feature","feature_type":"unit","geometry":{"type":"Polygon","coordinates":[[[30.378299122452663,60.008929956802419],[30.3783444971823,60.008993478524829],[30.378488504283236,60.008967772330806],[30.378443129981996,60.0089042517062],[30.378299122452663,60.008929956802419]]]},"properties":{"category":"classroom","name":{"ru":"Кабинет 344","en":"Classroom 344"},"alt_name":{"ru":"344","en":"344"},"restriction":null,"accessibility":null,"level_id":"b79df9a4-80fb-4310-b230-7f5c69d8c4e8","display_point":{"type":"Point","coordinates":[30.378393813478148,60.008948864841059]}}},{"id":"7614c102-60a4-41f7-aa80-8d595a3d834e","type":"Feature","feature_type":"unit","geometry":{"type":"Polygon","coordinates":[[[30.378510897481874,60.008892154996595],[30.37855627266347,60.008955676719005],[30.378624040469848,60.008943580009408],[30.378578665505941,60.0088800577381],[30.378510897481874,60.008892154996595]]]},"properties":{"category":"classroom","name":{"ru":"Кабинет 346","en":"Classroom 346"},"alt_name":{"ru":"346","en":"346"},"restriction":null,"accessibility":null,"level_id":"b79df9a4-80fb-4310-b230-7f5c69d8c4e8","display_point":{"type":"Point","coordinates":[30.378567469228358,60.008917867228554]}}},{"id":"af1d6fb4-6bff-4584-9f66-256d8a29a7a5","type":"Feature","feature_type":"unit","geometry":{"type":"Polygon","coordinates":[[[30.378503629435738,60.008988946787177],[30.378435861286356,60.009001043496774],[30.378478210668654,60.00906032988879],[30.378545979145571,60.009048233728095],[30.378503629435738,60.008988946787177]]]},"properties":{"category":"classroom","name":{"ru":"Кабинет 339","en":"Classroom 339"},"alt_name":{"ru":"339","en":"339"},"restriction":null,"accessibility":null,"level_id":"b79df9a4-80fb-4310-b230-7f5c69d8c4e8","display_point":{"type":"Point","coordinates":[30.378490919921788,60.009024638063529]}}},{"id":"63f2ce67-1848-4d5a-8f62-b3c423410a4a","type":"Feature","feature_type":"unit","geometry":{"type":"Polygon","coordinates":[[[30.378457036105253,60.009030686418328],[30.378380796809164,60.009044295902761],[30.37840197161723,60.009073938824315],[30.378478210668654,60.00906032988879],[30.378457036105253,60.009030686418328]]]},"properties":{"category":"classroom","name":{"ru":"Кабинет 335","en":"Classroom 335"},"alt_name":{"ru":"335","en":"335"},"restriction":null,"accessibility":null,"level_id":"b79df9a4-80fb-4310-b230-7f5c69d8c4e8","display_point":{"type":"Point","coordinates":[30.378429503732992,60.009052312621321]}}},{"id":"3309c8d3-2f47-4efd-a351-b03c2490ac1a","type":"Feature","feature_type":"unit","geometry":{"type":"Polygon","coordinates":[[[30.378435861286356,60.009001043496774],[30.378359622020049,60.0090146524323],[30.378380796809164,60.009044295902761],[30.378457036105253,60.009030686418328],[30.378435861286356,60.009001043496774]]]},"properties":{"category":"classroom","name":{"ru":"Кабинет 337","en":"Classroom 337"},"alt_name":{"ru":"337","en":"337"},"restriction":null,"accessibility":null,"level_id":"b79df9a4-80fb-4310-b230-7f5c69d8c4e8","display_point":{"type":"Point","coordinates":[30.378408328919509,60.009022669699768]}}},{"id":"36e5308f-2651-4d7b-89e0-5bd0f733c35f","type":"Feature","feature_type":"unit","geometry":{"type":"Polygon","coordinates":[[[30.378257964251489,60.009099644469444],[30.378242839152346,60.009078470561974],[30.37818354224412,60.009089055045642],[30.378198666777696,60.009110228953112],[30.378257964251489,60.009099644469444]]]},"properties":{"category":"classroom","name":{"ru":"Кабинет ","en":"Classroom "},"alt_name":null,"restriction":"restricted","accessibility":null,"level_id":"b79df9a4-80fb-4310-b230-7f5c69d8c4e8","display_point":{"type":"Point","coordinates":[30.378217394855877,60.0090948574922]}}},{"id":"3daaafc6-d647-496b-9959-06ea481da4f3","type":"Feature","feature_type":"unit","geometry":{"type":"Polygon","coordinates":[[[30.377761807050014,60.009140461395774],[30.377749707583654,60.009123522818705],[30.377711587813234,60.009130327012016],[30.377723687820108,60.009147266137987],[30.377761807050014,60.009140461395774]]]},"properties":{"category":"classroom","name":{"ru":"Кабинет ","en":"Classroom "},"alt_name":null,"restriction":"restricted","accessibility":null,"level_id":"b79df9a4-80fb-4310-b230-7f5c69d8c4e8","display_point":{"type":"Point","coordinates":[30.377734499449566,60.009134708899332]}}},{"id":"fd1a7c3f-fa60-40e1-b138-04d94eb89fc8","type":"Feature","feature_type":"unit","geometry":{"type":"Polygon","coordinates":[[[30.377536730288369,60.009066045608776],[30.377460490487618,60.0090796539954],[30.377505864514553,60.00914317571781],[30.377582104104643,60.009129566233383],[30.377536730288369,60.009066045608776]]]},"properties":{"category":"classroom","name":{"ru":"Кабинет 306","en":"Classroom 306"},"alt_name":{"ru":"306","en":"306"},"restriction":null,"accessibility":null,"level_id":"b79df9a4-80fb-4310-b230-7f5c69d8c4e8","display_point":{"type":"Point","coordinates":[30.377521297547702,60.009104610388839]}}},{"id":"192c5ce9-57eb-4f5b-95ad-3242b907dbbb","type":"Feature","feature_type":"unit","geometry":{"type":"Polygon","coordinates":[[[30.377536730288369,60.009066045608776],[30.377563954018672,60.009104158093322],[30.377631722707669,60.009092061383718],[30.377604498668795,60.009053948899172],[30.377536730288369,60.009066045608776]]]},"properties":{"category":"classroom","name":{"ru":"Кабинет 308","en":"Classroom 308"},"alt_name":{"ru":"308","en":"308"},"restriction":null,"accessibility":null,"level_id":"b79df9a4-80fb-4310-b230-7f5c69d8c4e8","display_point":{"type":"Point","coordinates":[30.377584226214154,60.009079052947342]}}},{"id":"914afb16-b592-4657-b018-6ec57f8b04a0","type":"Feature","feature_type":"unit","geometry":{"type":"Polygon","coordinates":[[[30.378918708603987,60.008914854852549],[30.378850940331894,60.008926951013251],[30.378893290313307,60.00898623740526],[30.378961058363831,60.008974140146762],[30.378918708603987,60.008914854852549]]]},"properties":{"category":"classroom","name":{"ru":"Кабинет 347","en":"Classroom 347"},"alt_name":{"ru":"347","en":"347"},"restriction":null,"accessibility":null,"level_id":"b79df9a4-80fb-4310-b230-7f5c69d8c4e8","display_point":{"type":"Point","coordinates":[30.378905999602758,60.008950546128908]}}},{"id":"bdc31140-8a7a-4470-adb9-a32fd230d328","type":"Feature","feature_type":"unit","geometry":{"type":"Polygon","coordinates":[[[30.373341923233038,60.009127148318605],[30.37333674573296,60.009119479055222],[30.37328731399791,60.009127819077257],[30.373292491492911,60.009135488340647],[30.373341923233038,60.009127148318605]]]},"properties":{"category":"classroom","name":{"ru":"Кабинет 25","en":"Classroom 25"},"alt_name":{"ru":"25","en":"25"},"restriction":null,"accessibility":null,"level_id":"606db31c-6ae7-4b75-97b3-e56c573fc7f1","display_point":{"type":"Point","coordinates":[30.373314618615613,60.009127483697931]}}},{"id":"b7f826fb-a708-4659-8ebd-50f3269cb639","type":"Feature","feature_type":"unit","geometry":{"type":"Polygon","coordinates":[[[30.37332240581004,60.009179797383617],[30.37328731399791,60.009127819077257],[30.373239587475133,60.009135872023379],[30.373274679254031,60.009187850329738],[30.37332240581004,60.009179797383617]]]},"properties":{"category":"classroom","name":{"ru":"Кабинет 26","en":"Classroom 26"},"alt_name":{"ru":"26","en":"26"},"restriction":null,"accessibility":null,"level_id":"606db31c-6ae7-4b75-97b3-e56c573fc7f1","display_point":{"type":"Point","coordinates":[30.373280996354346,60.009157834154593]}}},{"id":"6c488798-e502-4cf6-87d0-b1a92758e2a1","type":"Feature","feature_type":"unit","geometry":{"type":"Polygon","coordinates":[[[30.373371837579512,60.009171457361582],[30.373341923233038,60.009127148318605],[30.373292491492911,60.009135488340647],[30.37332240581004,60.009179797383617],[30.373371837579512,60.009171457361582]]]},"properties":{"category":"classroom","name":{"ru":"Кабинет 27","en":"Classroom 27"},"alt_name":{"ru":"27","en":"27"},"restriction":null,"accessibility":null,"level_id":"606db31c-6ae7-4b75-97b3-e56c573fc7f1","display_point":{"type":"Point","coordinates":[30.373332164250929,60.009153472576664]}}},{"id":"be683d3b-af01-44ab-8b64-dc5a7efb898b","type":"Feature","feature_type":"unit","geometry":{"type":"Polygon","coordinates":[[[30.373419564111849,60.009163404964369],[30.373384472232065,60.009111426658],[30.37333674573296,60.009119479055222],[30.373371837579512,60.009171457361582],[30.373419564111849,60.009163404964369]]]},"properties":{"category":"classroom","name":{"ru":"Кабинет 28","en":"Classroom 28"},"alt_name":{"ru":"28","en":"28"},"restriction":null,"accessibility":null,"level_id":"606db31c-6ae7-4b75-97b3-e56c573fc7f1","display_point":{"type":"Point","coordinates":[30.373378154634157,60.009141441735345]}}},{"id":"647e1816-87bf-4f5f-afa4-081acaf74ef2","type":"Feature","feature_type":"unit","geometry":{"type":"Polygon","coordinates":[[[30.373868685371409,60.009046814266661],[30.373858330537363,60.00903147628879],[30.373808899208356,60.009039816310825],[30.373819254032242,60.009055154288696],[30.373868685371409,60.009046814266661]]]},"properties":{"category":"classroom","name":{"ru":"Кабинет 2","en":"Classroom 2"},"alt_name":{"ru":"2","en":"2"},"restriction":null,"accessibility":null,"level_id":"606db31c-6ae7-4b75-97b3-e56c573fc7f1","display_point":{"type":"Point","coordinates":[30.3738387925628,60.0090433155632]}}},{"id":"45691f63-6c16-4aa1-80ba-5c948d3cfbf9","type":"Feature","feature_type":"unit","geometry":{"type":"Polygon","coordinates":[[[30.373843991383684,60.009091794617184],[30.373808899208356,60.009039816310825],[30.373747536266013,60.009050169706619],[30.373782628398615,60.009102148012978],[30.373843991383684,60.009091794617184]]]},"properties":{"category":"classroom","name":{"ru":"Кабинет 3","en":"Classroom 3"},"alt_name":{"ru":"3","en":"3"},"restriction":null,"accessibility":null,"level_id":"606db31c-6ae7-4b75-97b3-e56c573fc7f1","display_point":{"type":"Point","coordinates":[30.37379576394693,60.009070981887447]}}},{"id":"bce57d0c-bf87-4916-99ad-373596ec1bca","type":"Feature","feature_type":"unit","geometry":{"type":"Polygon","coordinates":[[[30.373893422747113,60.009083454595149],[30.373868685371409,60.009046814266661],[30.373819254032242,60.009055154288696],[30.373843991383684,60.009091794617184],[30.373893422747113,60.009083454595149]]]},"properties":{"category":"classroom","name":{"ru":"Кабинет 4","en":"Classroom 4"},"alt_name":{"ru":"4","en":"4"},"restriction":null,"accessibility":null,"level_id":"606db31c-6ae7-4b75-97b3-e56c573fc7f1","display_point":{"type":"Point","coordinates":[30.373854601665116,60.009065325997817]}}},{"id":"6dd68980-fa7d-43e3-ae77-113a2f9d748e","type":"Feature","feature_type":"unit","geometry":{"type":"Polygon","coordinates":[[[30.373965012899774,60.009071375999326],[30.373935098201198,60.009027066956349],[30.373887371555494,60.00903511935357],[30.373882193999371,60.00902745009018],[30.373858330537363,60.00903147628879],[30.373893422747113,60.009083454595149],[30.373965012899774,60.009071375999326]]]},"properties":{"category":"classroom","name":{"ru":"Кабинет 5","en":"Classroom 5"},"alt_name":{"ru":"5","en":"5"},"restriction":null,"accessibility":null,"level_id":"606db31c-6ae7-4b75-97b3-e56c573fc7f1","display_point":{"type":"Point","coordinates":[30.373911545430797,60.009051433828688]}}},{"id":"89d2843f-69e3-4518-8938-8ffaa48e7515","type":"Feature","feature_type":"unit","geometry":{"type":"Polygon","coordinates":[[[30.373425636833577,60.009062718711739],[30.373389394325532,60.009009036063638],[30.373234282304978,60.009035207177938],[30.373270524701471,60.009088889826046],[30.373425636833577,60.009062718711739]]]},"properties":{"category":"administration","name":{"ru":"Кабинет 11","en":"Classroom 11"},"alt_name":{"ru":"11","en":"11"},"restriction":null,"accessibility":null,"level_id":"606db31c-6ae7-4b75-97b3-e56c573fc7f1","display_point":{"type":"Point","coordinates":[30.373329959823888,60.009048962670391]}}},{"id":"f9d524cb-a1c5-4953-8da2-5f8648160e17","type":"Feature","feature_type":"unit","geometry":{"type":"Polygon","coordinates":[[[30.37331976513563,60.008979021535204],[30.3732601065705,60.008989087306169],[30.373285418101226,60.009026579531081],[30.373345076696324,60.009016513760109],[30.37331976513563,60.008979021535204]]]},"properties":{"category":"classroom","name":{"ru":"Кабинет 10","en":"Classroom 10"},"alt_name":{"ru":"10","en":"10"},"restriction":null,"accessibility":null,"level_id":"606db31c-6ae7-4b75-97b3-e56c573fc7f1","display_point":{"type":"Point","coordinates":[30.373302591899105,60.009002800533139]}}},{"id":"53a43ce4-861c-4e2b-85a5-22c7cb8e2f87","type":"Feature","feature_type":"unit","geometry":{"type":"Polygon","coordinates":[[[30.3732601065705,60.008989087306169],[30.373208970799936,60.008997714953033],[30.373234282304978,60.009035207177938],[30.373285418101226,60.009026579531081],[30.3732601065705,60.008989087306169]]]},"properties":{"category":"classroom","name":{"ru":"Кабинет 10","en":"Classroom 10"},"alt_name":{"ru":"10","en":"10"},"restriction":null,"accessibility":null,"level_id":"606db31c-6ae7-4b75-97b3-e56c573fc7f1","display_point":{"type":"Point","coordinates":[30.373247194716743,60.009012147242053]}}},{"id":"d59ada79-1301-4165-aad4-baf0f6fe80f5","type":"Feature","feature_type":"unit","geometry":{"type":"Polygon","coordinates":[[[30.371368354972759,60.0078195177783],[30.371432273570921,60.007808732945279],[30.371387693139418,60.007742695603476],[30.3713237745978,60.007753480436506],[30.371368354972759,60.0078195177783]]]},"properties":{"category":"stairs","name":null,"alt_name":null,"restriction":null,"accessibility":null,"level_id":"c0fb6195-5d7e-46cc-bfb0-58466f979550","display_point":{"type":"Point","coordinates":[30.371390913567073,60.007793169094093]}}},{"id":"98a8143f-c61b-4e0a-b629-e16cf64ccbe1","type":"Feature","feature_type":"unit","geometry":{"type":"Polygon","coordinates":[[[30.374303059336519,60.006773845935989],[30.374550423566024,60.007140247848618],[30.373203885529712,60.0073674445619],[30.373186627941976,60.007341881631376],[30.372760506553647,60.007413779328928],[30.372777763995458,60.007439342259453],[30.371431213918758,60.007666538972728],[30.371183864725062,60.0073001370601],[30.370979325702347,60.007334647921994],[30.37100233468238,60.00736873173787],[30.371121649009726,60.007348600195925],[30.371587587472131,60.0080387995944],[30.371468272041572,60.008058931136347],[30.3714912815255,60.008093014952223],[30.371695822626236,60.008058503815882],[30.371459975445624,60.007709143948411],[30.371907406539776,60.007633651215038],[30.371924663846507,60.007659214145555],[30.371984320866382,60.007649148649037],[30.371978568331009,60.007640627763685],[30.372029703212903,60.007632000116821],[30.372097883400691,60.00762049622174],[30.372149018251456,60.007611868574884],[30.372154770806283,60.007620389460236],[30.372214427756141,60.007610323689264],[30.372197170350184,60.007584760758746],[30.373842000789988,60.007307236013965],[30.37385925862197,60.007332798944489],[30.373918915327554,60.007322733173517],[30.3739131627086,60.007314212288158],[30.373964297085809,60.0073055846413],[30.374032476326175,60.007294081020667],[30.374083610672262,60.007285453099357],[30.37408936331067,60.007293973984716],[30.374149020220717,60.0072839084882],[30.374131762289508,60.007258345557673],[30.374579187010422,60.0071828528243],[30.374815048789408,60.007532212966218],[30.374925840216431,60.00751351954839],[30.374947413202293,60.007545473348763],[30.375015592244445,60.007533970002584],[30.3749940192294,60.00750201620221],[30.375019586421775,60.007497702104324],[30.374996575326826,60.007463618288448],[30.37487726197136,60.007483749830392],[30.374411293229677,60.006793550431915],[30.374530605481979,60.006773418889971],[30.374507594890964,60.0067393350741],[30.374303059336519,60.006773845935989]]]},"properties":{"category":"walkway","name":null,"alt_name":null,"restriction":null,"accessibility":null,"level_id":"c0fb6195-5d7e-46cc-bfb0-58466f979550","display_point":{"type":"Point","coordinates":[30.374511593009174,60.007082731392174]}}},{"id":"df5de287-0829-4932-8faa-f4490bf770c3","type":"Feature","feature_type":"unit","geometry":{"type":"Polygon","coordinates":[[[30.373021982574748,60.007576103471159],[30.373175386622474,60.007550220256128],[30.373096289183863,60.007433056778844],[30.372942885376915,60.007458939993874],[30.373021982574748,60.007576103471159]]]},"properties":{"category":"stairs","name":null,"alt_name":null,"restriction":null,"accessibility":null,"level_id":"c0fb6195-5d7e-46cc-bfb0-58466f979550","display_point":{"type":"Point","coordinates":[30.373045473694546,60.007484342644908]}}},{"id":"5f280f1d-bcce-403a-abf8-bfea082bb50b","type":"Feature","feature_type":"unit","geometry":{"type":"Polygon","coordinates":[[[30.374256186666727,60.006781754795242],[30.374648213098084,60.006715609045237],[30.37456767599156,60.006596315277996],[30.374175650186686,60.006662461028],[30.374256186666727,60.006781754795242]]]},"properties":{"category":"library","name":{"ru":"Учебная библиотека","en":"Study Library"},"alt_name":{"ru":"Учебная библиотека","en":"Study Library"},"restriction":null,"accessibility":null,"level_id":"c0fb6195-5d7e-46cc-bfb0-58466f979550","display_point":{"type":"Point","coordinates":[30.374411931616084,60.006689034762168]}}},{"id":"fe6051d8-4569-4f3a-a1ff-cc3c8c71db43","type":"Feature","feature_type":"unit","geometry":{"type":"Polygon","coordinates":[[[30.370838704725919,60.007358374225305],[30.371230738129547,60.007292228200846],[30.371150206758905,60.007172934433605],[30.370758173981788,60.007239080458064],[30.370838704725919,60.007358374225305]]]},"properties":{"category":"auditorium","name":{"ru":"Лекторий 101","en":"Auditorium 101"},"alt_name":{"ru":"101","en":"101"},"restriction":null,"accessibility":null,"level_id":"c0fb6195-5d7e-46cc-bfb0-58466f979550","display_point":{"type":"Point","coordinates":[30.370983853093108,60.007259622030048]}}},{"id":"f3535eb4-f48a-4b6f-8c45-dd9b231f43a8","type":"Feature","feature_type":"unit","geometry":{"type":"Polygon","coordinates":[[[30.371431192276173,60.008236035022776],[30.371678347017646,60.008194334363687],[30.371597813466924,60.008075040596445],[30.371350659120434,60.008116741255535],[30.371431192276173,60.008236035022776]]]},"properties":{"category":"auditorium","name":{"ru":"Лекторий 122","en":"Auditorium 122"},"alt_name":{"ru":"122","en":"122"},"restriction":null,"accessibility":null,"level_id":"c0fb6195-5d7e-46cc-bfb0-58466f979550","display_point":{"type":"Point","coordinates":[30.371514502835709,60.008155537397933]}}},{"id":"a29d5b0d-4ff4-4091-b679-cd48c04bef97","type":"Feature","feature_type":"unit","geometry":{"type":"Polygon","coordinates":[[[30.375015592244445,60.007533970002584],[30.374947413202293,60.007545473348763],[30.37500637908569,60.007632813315624],[30.375240745301262,60.0075932698427],[30.375160206057469,60.00747397607546],[30.3749940192294,60.00750201620221],[30.375015592244445,60.007533970002584]]]},"properties":{"category":"classroom","name":{"ru":"Кабинет 183","en":"Classroom 183"},"alt_name":{"ru":"183","en":"183"},"restriction":null,"accessibility":null,"level_id":"c0fb6195-5d7e-46cc-bfb0-58466f979550","display_point":{"type":"Point","coordinates":[30.375096539562684,60.007557550572329]}}},{"id":"aad8b86f-6d7e-473b-bc3d-a4b7b433593a","type":"Feature","feature_type":"unit","geometry":{"type":"Polygon","coordinates":[[[30.374825703197569,60.007625331776836],[30.374983367950545,60.0075987292253],[30.374925840216431,60.00751351954839],[30.374768175643428,60.007540121825471],[30.374825703197569,60.007625331776836]]]},"properties":{"category":"classroom","name":{"ru":"Кабинет 184","en":"Classroom 184"},"alt_name":{"ru":"184","en":"184"},"restriction":null,"accessibility":null,"level_id":"c0fb6195-5d7e-46cc-bfb0-58466f979550","display_point":{"type":"Point","coordinates":[30.374864106575682,60.007570507411884]}}},{"id":"9e1bfd93-4220-4dca-a975-24e4c1cceead","type":"Feature","feature_type":"unit","geometry":{"type":"Polygon","coordinates":[[[30.374848714260725,60.007659415592713],[30.37500637908569,60.007632813315624],[30.374983367950545,60.0075987292253],[30.374825703197569,60.007625331776836],[30.374848714260725,60.007659415592713]]]},"properties":{"category":"classroom","name":null,"alt_name":null,"restriction":null,"accessibility":null,"level_id":"c0fb6195-5d7e-46cc-bfb0-58466f979550","display_point":{"type":"Point","coordinates":[30.374916041136522,60.00762907254623]}}},{"id":"e492787e-41e6-40cb-90a7-ab4608daba68","type":"Feature","feature_type":"unit","geometry":{"type":"Polygon","coordinates":[[[30.371678347017646,60.008194334363687],[30.371823230289177,60.008169888998317],[30.371742696506917,60.008050595231076],[30.371597813466924,60.008075040596445],[30.371678347017646,60.008194334363687]]]},"properties":{"category":"classroom","name":{"ru":"Кабинет 123","en":"Classroom 123"},"alt_name":{"ru":"123","en":"123"},"restriction":null,"accessibility":null,"level_id":"c0fb6195-5d7e-46cc-bfb0-58466f979550","display_point":{"type":"Point","coordinates":[30.37171052193451,60.008122464385707]}}},{"id":"4d97de61-37e0-4e69-9ada-d081474e8c4e","type":"Feature","feature_type":"unit","geometry":{"type":"Polygon","coordinates":[[[30.373172246697671,60.007320579280766],[30.373300082869594,60.007299010163614],[30.373231052384142,60.007196758441538],[30.373103216387328,60.007218327558682],[30.373172246697671,60.007320579280766]]]},"properties":{"category":"foodservice.coffee","name":{"ru":"Кафе","en":"Coffee"},"alt_name":{"ru":"Кафе","en":"Coffee"},"restriction":null,"accessibility":null,"level_id":"c0fb6195-5d7e-46cc-bfb0-58466f979550","display_point":{"type":"Point","coordinates":[30.373201649499805,60.007258668861148]}}},{"id":"bfc76e77-c1ec-4f1e-96ea-6d664d6b932d","type":"Feature","feature_type":"unit","geometry":{"type":"Polygon","coordinates":[[[30.372618289034982,60.007414046369917],[30.372746125430947,60.00739247697831],[30.372677095704297,60.007290225256234],[30.372549259346194,60.007311794647833],[30.372618289034982,60.007414046369917]]]},"properties":{"category":"shop","name":{"ru":"Магазин","en":"Souvenirs"},"alt_name":{"ru":"Магазин","en":"Souvenirs"},"restriction":null,"accessibility":null,"level_id":"c0fb6195-5d7e-46cc-bfb0-58466f979550","display_point":{"type":"Point","coordinates":[30.372647692259918,60.007352135675852]}}},{"id":"83995ed7-3ce3-4536-b5f4-f4e3d06c9174","type":"Feature","feature_type":"unit","geometry":{"type":"Polygon","coordinates":[[[30.372677095704297,60.007290225256234],[30.372760506553647,60.007413779328928],[30.373186627941976,60.007341881631376],[30.373103216387328,60.007218327558682],[30.373231052384142,60.007196758441538],[30.373189346617878,60.007134981405187],[30.373061510726856,60.007156550522339],[30.373073015719402,60.00717359229305],[30.372646895291737,60.0072454899906],[30.372635390396475,60.007228448219891],[30.372507554144168,60.00725001761149],[30.372549259346194,60.007311794647833],[30.372677095704297,60.007290225256234]]]},"properties":{"category":"walkway","name":null,"alt_name":null,"restriction":null,"accessibility":null,"level_id":"c0fb6195-5d7e-46cc-bfb0-58466f979550","display_point":{"type":"Point","coordinates":[30.372880328842527,60.007239719654834]}}},{"id":"432f45fe-c1c3-4063-94b2-1906a2c5cae4","type":"Feature","feature_type":"unit","geometry":{"type":"Polygon","coordinates":[[[30.371695822626236,60.008058503815882],[30.371742696506917,60.008050595231076],[30.371719686908193,60.0080165114152],[30.371672813048914,60.008024420000005],[30.371695822626236,60.008058503815882]]]},"properties":{"category":"restroom.female","name":{"ru":"Туалет женский","en":"Restroom female"},"alt_name":{"ru":"Туалет Ж.","en":"Restroom F."},"restriction":null,"accessibility":null,"level_id":"c0fb6195-5d7e-46cc-bfb0-58466f979550","display_point":{"type":"Point","coordinates":[30.371707754771009,60.008037507478313]}}},{"id":"23dd09b2-c892-42dd-a730-0ad065273cc1","type":"Feature","feature_type":"unit","geometry":{"type":"Polygon","coordinates":[[[30.371970683030323,60.007727382051762],[30.372030340104679,60.007717316555237],[30.371984320866382,60.007649148649037],[30.371924663846507,60.007659214145555],[30.371970683030323,60.007727382051762]]]},"properties":{"category":"restroom.female","name":{"ru":"Туалет женский","en":"Restroom female"},"alt_name":{"ru":"Туалет Ж.","en":"Restroom F."},"restriction":null,"accessibility":null,"level_id":"c0fb6195-5d7e-46cc-bfb0-58466f979550","display_point":{"type":"Point","coordinates":[30.371977501677886,60.007688265350396]}}},{"id":"b9c9d891-8a52-4c63-a5af-0576956aa33d","type":"Feature","feature_type":"unit","geometry":{"type":"Polygon","coordinates":[[[30.374135384608536,60.007362141890916],[30.37419504157306,60.0073520763944],[30.374149020220717,60.0072839084882],[30.37408936331067,60.007293973984716],[30.374135384608536,60.007362141890916]]]},"properties":{"category":"restroom.female","name":{"ru":"Туалет женский","en":"Restroom female"},"alt_name":{"ru":"Туалет Ж.","en":"Restroom F."},"restriction":null,"accessibility":null,"level_id":"c0fb6195-5d7e-46cc-bfb0-58466f979550","display_point":{"type":"Point","coordinates":[30.374142202487281,60.007323025189557]}}},{"id":"16af718c-f38d-458b-a92a-2710aa0c2324","type":"Feature","feature_type":"unit","geometry":{"type":"Polygon","coordinates":[[[30.374089044686443,60.007630979707386],[30.374327672884689,60.007590717172405],[30.374270146002235,60.00750550722104],[30.374031518076379,60.007545769756021],[30.374089044686443,60.007630979707386]]]},"properties":{"category":"laboratory","name":{"ru":"Лабораторная 186a","en":"Lab 186a"},"alt_name":{"ru":"186a","en":"186a"},"restriction":null,"accessibility":null,"level_id":"c0fb6195-5d7e-46cc-bfb0-58466f979550","display_point":{"type":"Point","coordinates":[30.374179595567472,60.007568243464213]}}},{"id":"d723717d-8f20-4dce-9e9f-4d98a153bf7c","type":"Feature","feature_type":"unit","geometry":{"type":"Polygon","coordinates":[[[30.373966747792103,60.00763263108005],[30.374077539352573,60.007613937662221],[30.374031518076379,60.007545769756021],[30.373920726617087,60.00756446317385],[30.373966747792103,60.00763263108005]]]},"properties":{"category":"laboratory","name":{"ru":"Лабораторная -","en":"Lab -"},"alt_name":{"ru":"-","en":"-"},"restriction":null,"accessibility":null,"level_id":"c0fb6195-5d7e-46cc-bfb0-58466f979550","display_point":{"type":"Point","coordinates":[30.373999132818255,60.007589200555259]}}},{"id":"77e507fb-77f2-4d74-bb93-f88a09c551af","type":"Feature","feature_type":"unit","geometry":{"type":"Polygon","coordinates":[[[30.374316167496342,60.00757367512724],[30.374426958859306,60.007554981709411],[30.374388128166348,60.00749746497852],[30.374287404188657,60.007531070151558],[30.374316167496342,60.00757367512724]]]},"properties":{"category":"laboratory","name":{"ru":"Лабораторная -","en":"Lab -"},"alt_name":{"ru":"-","en":"-"},"restriction":null,"accessibility":null,"level_id":"c0fb6195-5d7e-46cc-bfb0-58466f979550","display_point":{"type":"Point","coordinates":[30.374353945508975,60.007538233052543]}}},{"id":"a6925505-9fbe-43a0-b531-b8d9131ec62d","type":"Feature","feature_type":"unit","geometry":{"type":"Polygon","coordinates":[[[30.374287404188657,60.007531070151558],[30.374388128166348,60.00749746497852],[30.374380937264025,60.007486813803212],[30.374338325120981,60.007494003600414],[30.374270146002235,60.00750550722104],[30.374287404188657,60.007531070151558]]]},"properties":{"category":"classroom","name":{"ru":"Кабинет -","en":"Classroom -"},"alt_name":{"ru":"-","en":"-"},"restriction":null,"accessibility":null,"level_id":"c0fb6195-5d7e-46cc-bfb0-58466f979550","display_point":{"type":"Point","coordinates":[30.374332239446158,60.007502149311023]}}},{"id":"8c6710d9-24ca-4a72-9142-2819111f29d5","type":"Feature","feature_type":"unit","geometry":{"type":"Polygon","coordinates":[[[30.374424082712697,60.007550721129512],[30.374786285178416,60.007489607990536],[30.374743139419657,60.007425700664236],[30.374380937264025,60.007486813803212],[30.374424082712697,60.007550721129512]]]},"properties":{"category":"laboratory","name":{"ru":"Лабораторная 186","en":"Lab 186"},"alt_name":{"ru":"186","en":"186"},"restriction":null,"accessibility":null,"level_id":"c0fb6195-5d7e-46cc-bfb0-58466f979550","display_point":{"type":"Point","coordinates":[30.374583611216938,60.0074882110341]}}},{"id":"536ecd58-5d89-4e21-b0ee-b4ccb0f62c08","type":"Feature","feature_type":"unit","geometry":{"type":"Polygon","coordinates":[[[30.373831773862936,60.007460826845637],[30.373903681666061,60.00756733914762],[30.374121003513995,60.007530671374013],[30.374115598220317,60.0075226656335],[30.374067933889755,60.007510862586649],[30.374079910629938,60.007498780971858],[30.37412762902979,60.007510587861027],[30.374151090336941,60.007506617101555],[30.374174689950479,60.007482793642531],[30.374198863998053,60.007488771737833],[30.374175254234611,60.007512602607036],[30.37418066035821,60.007520605603048],[30.374397982173551,60.007483937829441],[30.374326073665127,60.007377425527459],[30.37419504157306,60.0073520763944],[30.373905279709707,60.007400966850689],[30.373831773862936,60.007460826845637]]]},"properties":{"category":"laboratory","name":{"ru":"Лабораторная 155","en":"Lab 155"},"alt_name":{"ru":"155","en":"155"},"restriction":null,"accessibility":null,"level_id":"c0fb6195-5d7e-46cc-bfb0-58466f979550","display_point":{"type":"Point","coordinates":[30.374093305477572,60.007440428811613]}}},{"id":"fe621698-4abe-4fe6-b684-fb76ecae9e70","type":"Feature","feature_type":"unit","geometry":{"type":"Polygon","coordinates":[[[30.374067931968273,60.007510862861096],[30.374115600141771,60.00752266755466],[30.374121003513995,60.007530671374013],[30.37418066035821,60.007520605603048],[30.3741752550581,60.007512602881491],[30.374198865096041,60.007488771737833],[30.374174689126992,60.007482793368077],[30.374151083474487,60.007506619571615],[30.374127577698953,60.007510579901947],[30.374079910904435,60.007498780971858],[30.374067931968273,60.007510862861096]]]},"properties":{"category":"stairs","name":null,"alt_name":null,"restriction":null,"accessibility":null,"level_id":"c0fb6195-5d7e-46cc-bfb0-58466f979550","display_point":{"type":"Point","coordinates":[30.374139257846672,60.007508495445336]}}},{"id":"b3db7083-f542-4967-bd90-407b9bad2e91","type":"Feature","feature_type":"unit","geometry":{"type":"Polygon","coordinates":[[[30.371883111672236,60.007808598189754],[30.371946388295715,60.007902329026479],[30.372104532746569,60.007939714489879],[30.372411343126583,60.007887948059818],[30.37249182873401,60.007810300061436],[30.372428551425649,60.007716569224712],[30.372260447204571,60.00767849159547],[30.371970683030323,60.007727382051762],[30.371883111672236,60.007808598189754]]]},"properties":{"category":"classroom","name":{"ru":"Выставочный зал","en":"Showroom"},"alt_name":{"ru":"Выставочный зал","en":"Showroom"},"restriction":null,"accessibility":null,"level_id":"c0fb6195-5d7e-46cc-bfb0-58466f979550","display_point":{"type":"Point","coordinates":[30.372187111040635,60.00780891655311]}}},{"id":"b49b35c1-24e2-4d0a-8575-8ef31cb65eff","type":"Feature","feature_type":"unit","geometry":{"type":"Polygon","coordinates":[[[30.3711254627921,60.00786049937534],[30.371308697156476,60.007829583549274],[30.371245421780721,60.007735852987004],[30.371062187646423,60.00776676881307],[30.3711254627921,60.00786049937534]]]},"properties":{"category":"classroom","name":{"ru":"Кабинет -","en":"Classroom -"},"alt_name":{"ru":"-","en":"-"},"restriction":null,"accessibility":null,"level_id":"c0fb6195-5d7e-46cc-bfb0-58466f979550","display_point":{"type":"Point","coordinates":[30.371185442068427,60.007798176181169]}}},{"id":"56973e88-dac8-4044-88a8-18d3781d41d4","type":"Feature","feature_type":"unit","geometry":{"type":"Polygon","coordinates":[[[30.371033426076227,60.007724163837388],[30.371216660105944,60.007693248011321],[30.371153384991043,60.0075995171746],[30.370970151191408,60.007630433000664],[30.371033426076227,60.007724163837388]]]},"properties":{"category":"classroom","name":{"ru":"Кабинет -","en":"Classroom -"},"alt_name":{"ru":"-","en":"-"},"restriction":null,"accessibility":null,"level_id":"c0fb6195-5d7e-46cc-bfb0-58466f979550","display_point":{"type":"Point","coordinates":[30.371093405315644,60.007661840643216]}}},{"id":"681c6d99-00a1-4b18-9e60-83bd6aac54db","type":"Feature","feature_type":"unit","geometry":{"type":"Polygon","coordinates":[[[30.371062187646423,60.00776676881307],[30.371245421780721,60.007735852987004],[30.371216660105944,60.007693248011321],[30.371033426076227,60.007724163837388],[30.371062187646423,60.00776676881307]]]},"properties":{"category":"walkway","name":null,"alt_name":null,"restriction":null,"accessibility":null,"level_id":"c0fb6195-5d7e-46cc-bfb0-58466f979550","display_point":{"type":"Point","coordinates":[30.371033426076227,60.007724163837388]}}},{"id":"314c353a-7b50-49b4-8633-e803414950ac","type":"Feature","feature_type":"unit","geometry":{"type":"Polygon","coordinates":[[[30.371277059446182,60.007782718268139],[30.371336717225009,60.007772652497167],[30.3713237745978,60.007753480436506],[30.371387693139418,60.007742695603476],[30.371308598637228,60.007625532126191],[30.371185022526067,60.007646382730186],[30.371277059446182,60.007782718268139]]]},"properties":{"category":"administration","name":{"ru":"Ректорат","en":"Administration"},"alt_name":{"ru":"Ректорат","en":"Administration"},"restriction":null,"accessibility":null,"level_id":"c0fb6195-5d7e-46cc-bfb0-58466f979550","display_point":{"type":"Point","coordinates":[30.371292110209861,60.007703059914959]}}},{"id":"33f0de84-31cf-4578-ab38-1b230c4af6ee","type":"Feature","feature_type":"unit","geometry":{"type":"Polygon","coordinates":[[[30.371308697156476,60.007829583549274],[30.371368354972759,60.0078195177783],[30.37135253609328,60.007796085137734],[30.371292878295726,60.007806150908706],[30.371308697156476,60.007829583549274]]]},"properties":{"category":"classroom","name":{"ru":"Кабинет -","en":"Classroom -"},"alt_name":{"ru":"-","en":"-"},"restriction":null,"accessibility":null,"level_id":"c0fb6195-5d7e-46cc-bfb0-58466f979550","display_point":{"type":"Point","coordinates":[30.371322760332419,60.007808227680684]}}},{"id":"c3bedb8a-e5f8-4548-b1bb-70683b0471b3","type":"Feature","feature_type":"unit","geometry":{"type":"Polygon","coordinates":[[[30.371292878295726,60.007806150908706],[30.37135253609328,60.007796085137734],[30.371336717225009,60.007772652497167],[30.371277059446182,60.007782718268139],[30.371292878295726,60.007806150908706]]]},"properties":{"category":"classroom","name":{"ru":"Кабинет -","en":"Classroom -"},"alt_name":{"ru":"-","en":"-"},"restriction":null,"accessibility":null,"level_id":"c0fb6195-5d7e-46cc-bfb0-58466f979550","display_point":{"type":"Point","coordinates":[30.371306941197293,60.007784795040116]}}},{"id":"8a9c95ad-9e89-44c0-86c9-a59675da0d19","type":"Feature","feature_type":"unit","geometry":{"type":"Polygon","coordinates":[[[30.371185022526067,60.007646382730186],[30.371244680195936,60.007636316959214],[30.371213042623456,60.007589451403625],[30.371153384991043,60.0075995171746],[30.371185022526067,60.007646382730186]]]},"properties":{"category":"classroom","name":{"ru":"Кабинет -","en":"Classroom -"},"alt_name":{"ru":"-","en":"-"},"restriction":null,"accessibility":null,"level_id":"c0fb6195-5d7e-46cc-bfb0-58466f979550","display_point":{"type":"Point","coordinates":[30.371199085428508,60.007625026587142]}}},{"id":"0016a7fe-e76d-4df5-8dae-279b9a2cf505","type":"Feature","feature_type":"unit","geometry":{"type":"Polygon","coordinates":[[[30.371244680195936,60.007636316959214],[30.371308598637228,60.007625532126191],[30.371276961024616,60.0075786665706],[30.371213042623456,60.007589451403625],[30.371244680195936,60.007636316959214]]]},"properties":{"category":"classroom","name":{"ru":"Кабинет -","en":"Classroom -"},"alt_name":{"ru":"-","en":"-"},"restriction":null,"accessibility":null,"level_id":"c0fb6195-5d7e-46cc-bfb0-58466f979550","display_point":{"type":"Point","coordinates":[30.371260820068326,60.007607491627681]}}},{"id":"95ec5e33-d343-4e04-bbc0-74cdf4a8a33b","type":"Feature","feature_type":"unit","geometry":{"type":"Polygon","coordinates":[[[30.371072421189158,60.007613177706943],[30.371276961024616,60.0075786665706],[30.3712546706783,60.007545647899704],[30.371050130933316,60.007580159036046],[30.371072421189158,60.007613177706943]]]},"properties":{"category":"classroom","name":{"ru":"Кабинет 109","en":"Classroom 109"},"alt_name":{"ru":"109","en":"109"},"restriction":null,"accessibility":null,"level_id":"c0fb6195-5d7e-46cc-bfb0-58466f979550","display_point":{"type":"Point","coordinates":[30.371163545842997,60.007579412803324]}}},{"id":"27894f95-8308-449f-b423-5df31616d933","type":"Feature","feature_type":"unit","geometry":{"type":"Polygon","coordinates":[[[30.371050130933316,60.007580159036046],[30.3712546706783,60.007545647899704],[30.371232380628747,60.007512628954352],[30.371027840974239,60.007547140090693],[30.371050130933316,60.007580159036046]]]},"properties":{"category":"classroom","name":{"ru":"Кабинет 108","en":"Classroom 108"},"alt_name":{"ru":"108","en":"108"},"restriction":null,"accessibility":null,"level_id":"c0fb6195-5d7e-46cc-bfb0-58466f979550","display_point":{"type":"Point","coordinates":[30.371141255827542,60.007546394132426]}}},{"id":"c17ade86-afb4-4686-ac80-8ac35c68c6b0","type":"Feature","feature_type":"unit","geometry":{"type":"Polygon","coordinates":[[[30.371027840974239,60.007547140090693],[30.371232380628747,60.007512628954352],[30.37121009032694,60.007479610283454],[30.371005550762906,60.007514121419796],[30.371027840974239,60.007547140090693]]]},"properties":{"category":"classroom","name":{"ru":"Кабинет 107","en":"Classroom 107"},"alt_name":{"ru":"107","en":"107"},"restriction":null,"accessibility":null,"level_id":"c0fb6195-5d7e-46cc-bfb0-58466f979550","display_point":{"type":"Point","coordinates":[30.371118965834356,60.007513375187074]}}},{"id":"94927d6b-16c6-457d-806e-dbe4f4018692","type":"Feature","feature_type":"unit","geometry":{"type":"Polygon","coordinates":[[[30.371005550762906,60.007514121419796],[30.37121009032694,60.007479610283454],[30.371187800321895,60.0074465913381],[30.370983260848337,60.007481102474443],[30.371005550762906,60.007514121419796]]]},"properties":{"category":"classroom","name":{"ru":"Кабинет 106","en":"Classroom 106"},"alt_name":{"ru":"106","en":"106"},"restriction":null,"accessibility":null,"level_id":"c0fb6195-5d7e-46cc-bfb0-58466f979550","display_point":{"type":"Point","coordinates":[30.371096675588909,60.007480356516176]}}},{"id":"f8496048-a53a-40bd-83be-1ce1a5e4e070","type":"Feature","feature_type":"unit","geometry":{"type":"Polygon","coordinates":[[[30.370983260848337,60.007481102474443],[30.371187800321895,60.0074465913381],[30.37116551033909,60.007413572667204],[30.370960970956006,60.007448083803546],[30.370983260848337,60.007481102474443]]]},"properties":{"category":"classroom","name":{"ru":"Кабинет 105","en":"Classroom 105"},"alt_name":{"ru":"105","en":"105"},"restriction":null,"accessibility":null,"level_id":"c0fb6195-5d7e-46cc-bfb0-58466f979550","display_point":{"type":"Point","coordinates":[30.371074385640231,60.007447337570824]}}},{"id":"9fece7ad-973c-4fbb-9989-8cb528895040","type":"Feature","feature_type":"unit","geometry":{"type":"Polygon","coordinates":[[[30.370960970956006,60.007448083803546],[30.37116551033909,60.007413572667204],[30.371143220378553,60.007380553721852],[30.370938681085942,60.007415064858193],[30.370960970956006,60.007448083803546]]]},"properties":{"category":"classroom","name":{"ru":"Кабинет 104","en":"Classroom 104"},"alt_name":{"ru":"104","en":"104"},"restriction":null,"accessibility":null,"level_id":"c0fb6195-5d7e-46cc-bfb0-58466f979550","display_point":{"type":"Point","coordinates":[30.371052095439289,60.007414318899926]}}},{"id":"6d0659bc-9a01-4557-983e-7479857c9e20","type":"Feature","feature_type":"unit","geometry":{"type":"Polygon","coordinates":[[[30.370938681085942,60.007415064858193],[30.371143220378553,60.007380553721852],[30.371121649009726,60.007348600195925],[30.370917109804672,60.007383111332267],[30.370938681085942,60.007415064858193]]]},"properties":{"category":"classroom","name":{"ru":"Кабинет 103","en":"Classroom 103"},"alt_name":{"ru":"103","en":"103"},"restriction":null,"accessibility":null,"level_id":"c0fb6195-5d7e-46cc-bfb0-58466f979550","display_point":{"type":"Point","coordinates":[30.371030165093792,60.007381832664286]}}},{"id":"52baec95-477f-4916-bf22-b59b03eac5fe","type":"Feature","feature_type":"unit","geometry":{"type":"Polygon","coordinates":[[[30.3712500232637,60.007876263026972],[30.371454563820038,60.007841751890631],[30.371432273570921,60.007808732945279],[30.371227733105055,60.00784324408162],[30.3712500232637,60.007876263026972]]]},"properties":{"category":"administration","name":{"ru":"Ректорат","en":"Administration"},"alt_name":{"ru":"Ректорат","en":"Administration"},"restriction":null,"accessibility":null,"level_id":"c0fb6195-5d7e-46cc-bfb0-58466f979550","display_point":{"type":"Point","coordinates":[30.371341148738317,60.007842498123352]}}},{"id":"62749613-4c7f-4170-bfce-7ac616fad5d1","type":"Feature","feature_type":"unit","geometry":{"type":"Polygon","coordinates":[[[30.371272313719111,60.00790928169787],[30.371476854365923,60.007874770561529],[30.371454563820038,60.007841751890631],[30.3712500232637,60.007876263026972],[30.371272313719111,60.00790928169787]]]},"properties":{"category":"classroom","name":{"ru":"Кабинет 116","en":"Classroom 116"},"alt_name":{"ru":"116","en":"116"},"restriction":null,"accessibility":null,"level_id":"c0fb6195-5d7e-46cc-bfb0-58466f979550","display_point":{"type":"Point","coordinates":[30.371363438953342,60.00787551679425]}}},{"id":"004848c2-26ba-4bb9-97d8-c4c57c4ae5d1","type":"Feature","feature_type":"unit","geometry":{"type":"Polygon","coordinates":[[[30.371294604196759,60.007942300643222],[30.371499144934049,60.007907789506881],[30.371476854365923,60.007874770561529],[30.371272313719111,60.00790928169787],[30.371294604196759,60.007942300643222]]]},"properties":{"category":"classroom","name":{"ru":"Кабинет 117","en":"Classroom 117"},"alt_name":{"ru":"117","en":"117"},"restriction":null,"accessibility":null,"level_id":"c0fb6195-5d7e-46cc-bfb0-58466f979550","display_point":{"type":"Point","coordinates":[30.371385729190603,60.0079085357396]}}},{"id":"485743f0-40ec-43d4-9478-7cafbae823e9","type":"Feature","feature_type":"unit","geometry":{"type":"Polygon","coordinates":[[[30.371383046375854,60.008073310730744],[30.371587587472131,60.0080387995944],[30.371565297090203,60.00800578064905],[30.371360756084403,60.008040291785392],[30.371383046375854,60.008073310730744]]]},"properties":{"category":"classroom","name":null,"alt_name":null,"restriction":"restricted","accessibility":null,"level_id":"c0fb6195-5d7e-46cc-bfb0-58466f979550","display_point":{"type":"Point","coordinates":[30.371474171779553,60.008039545552677]}}},{"id":"d5d32ec6-a389-4854-a26d-a3b95203d66c","type":"Feature","feature_type":"unit","geometry":{"type":"Polygon","coordinates":[[[30.371360756084403,60.008040291785392],[30.371565297090203,60.00800578064905],[30.371499144934049,60.007907789506881],[30.371294604196759,60.007942300643222],[30.371360756084403,60.008040291785392]]]},"properties":{"category":"classroom","name":{"ru":"Кабинет 118","en":"Classroom 118"},"alt_name":{"ru":"118","en":"118"},"restriction":null,"accessibility":null,"level_id":"c0fb6195-5d7e-46cc-bfb0-58466f979550","display_point":{"type":"Point","coordinates":[30.3714299504413,60.007974040371685]}}},{"id":"966a17c6-6391-42e2-ba23-d432602c301e","type":"Feature","feature_type":"unit","geometry":{"type":"Polygon","coordinates":[[[30.371206873798485,60.007334220875975],[30.371253747224376,60.007326312016723],[30.371230738129547,60.007292228200846],[30.371183864725062,60.0073001370601],[30.371206873798485,60.007334220875975]]]},"properties":{"category":"classroom","name":{"ru":"Кабинет 101а","en":"Classroom 101а"},"alt_name":{"ru":"101а","en":"101а"},"restriction":null,"accessibility":null,"level_id":"c0fb6195-5d7e-46cc-bfb0-58466f979550","display_point":{"type":"Point","coordinates":[30.371218806242318,60.00731322426396]}}},{"id":"8df2ffed-f613-48d2-9cd0-9320a8540fa1","type":"Feature","feature_type":"unit","geometry":{"type":"Polygon","coordinates":[[[30.372200790200239,60.007688557366443],[30.372260447204571,60.00767849159547],[30.372214427756141,60.007610323689264],[30.372154770806283,60.007620389460236],[30.372200790200239,60.007688557366443]]]},"properties":{"category":"security","name":{"ru":"Охрана","en":"Security"},"alt_name":{"ru":"Охрана","en":"Security"},"restriction":null,"accessibility":null,"level_id":"c0fb6195-5d7e-46cc-bfb0-58466f979550","display_point":{"type":"Point","coordinates":[30.372207609256726,60.00764944039063]}}},{"id":"57c6c9a8-55fa-4a41-89c6-bbf691f41989","type":"Feature","feature_type":"unit","geometry":{"type":"Polygon","coordinates":[[[30.371815156049035,60.007468876498343],[30.371781066011664,60.007474628445884],[30.371792571004118,60.007491670491049],[30.371838589935237,60.007559838397249],[30.372162444048026,60.007505196267871],[30.372104919754769,60.007419986316506],[30.372070829767793,60.007425738264047],[30.372052134471943,60.007398045043573],[30.371796460848024,60.007441183552324],[30.371815156049035,60.007468876498343]]]},"properties":{"category":"classroom","name":{"ru":"Зал заседаний ученого совета","en":"Meeting room of the Academic Council"},"alt_name":{"ru":"Ученый совет","en":"Academic Council"},"restriction":null,"accessibility":null,"level_id":"c0fb6195-5d7e-46cc-bfb0-58466f979550","display_point":{"type":"Point","coordinates":[30.371961741143735,60.007482110533573]}}},{"id":"fdc49d32-9d9b-401c-8637-6992ae0e359a","type":"Feature","feature_type":"unit","geometry":{"type":"Polygon","coordinates":[[[30.37198730590012,60.007572712352555],[30.372059747360375,60.007560489669864],[30.372036737768763,60.007526405853994],[30.371964296341588,60.007538628536679],[30.37198730590012,60.007572712352555]]]},"properties":{"category":"classroom","name":{"ru":"Кабинет 130","en":"Classroom 130"},"alt_name":{"ru":"130","en":"130"},"restriction":null,"accessibility":null,"level_id":"c0fb6195-5d7e-46cc-bfb0-58466f979550","display_point":{"type":"Point","coordinates":[30.372012021568583,60.007549559377722]}}},{"id":"f1de1845-2c56-42b8-9722-f56d808df720","type":"Feature","feature_type":"unit","geometry":{"type":"Polygon","coordinates":[[[30.371861599436375,60.007593922213125],[30.37198730590012,60.007572712352555],[30.371964296341588,60.007538628536679],[30.371838589935237,60.007559838397249],[30.371861599436375,60.007593922213125]]]},"properties":{"category":"classroom","name":{"ru":"Кабинет -","en":"Classroom -"},"alt_name":{"ru":"-","en":"-"},"restriction":null,"accessibility":null,"level_id":"c0fb6195-5d7e-46cc-bfb0-58466f979550","display_point":{"type":"Point","coordinates":[30.371884184492409,60.007571128494874]}}},{"id":"ab115978-8444-4af7-b981-33ce4716ec2f","type":"Feature","feature_type":"unit","geometry":{"type":"Polygon","coordinates":[[[30.372059747360375,60.007560489669864],[30.372185453697032,60.007539280083748],[30.372162444048026,60.007505196267871],[30.372036737768763,60.007526405853994],[30.372059747360375,60.007560489669864]]]},"properties":{"category":"classroom","name":{"ru":"Кабинет -","en":"Classroom -"},"alt_name":{"ru":"-","en":"-"},"restriction":null,"accessibility":null,"level_id":"c0fb6195-5d7e-46cc-bfb0-58466f979550","display_point":{"type":"Point","coordinates":[30.372135597238149,60.007528709048181]}}},{"id":"03fde7d9-6446-4889-902a-3242cf57a194","type":"Feature","feature_type":"unit","geometry":{"type":"Polygon","coordinates":[[[30.371795550449864,60.00760506630273],[30.371861599436375,60.007593922213125],[30.371792571004118,60.007491670491049],[30.37172652210808,60.007502814580647],[30.371795550449864,60.00760506630273]]]},"properties":{"category":"classroom","name":{"ru":"Кабинет 128","en":"Classroom 128"},"alt_name":{"ru":"128","en":"128"},"restriction":null,"accessibility":null,"level_id":"c0fb6195-5d7e-46cc-bfb0-58466f979550","display_point":{"type":"Point","coordinates":[30.371794060451212,60.00754836853411]}}},{"id":"070cb719-5e52-4d63-ba8c-279de50b1f71","type":"Feature","feature_type":"unit","geometry":{"type":"Polygon","coordinates":[[[30.3717295008921,60.007616210392328],[30.371795550449864,60.00760506630273],[30.37172652210808,60.007502814580647],[30.371660472640791,60.007513958670252],[30.3717295008921,60.007616210392328]]]},"properties":{"category":"classroom","name":{"ru":"Кабинет 127","en":"Classroom 127"},"alt_name":{"ru":"127","en":"127"},"restriction":null,"accessibility":null,"level_id":"c0fb6195-5d7e-46cc-bfb0-58466f979550","display_point":{"type":"Point","coordinates":[30.371728011498806,60.007559512623715]}}},{"id":"abf8af45-37fc-4703-941e-9e5eb62416ca","type":"Feature","feature_type":"unit","geometry":{"type":"Polygon","coordinates":[[[30.371663451861064,60.00762735475638],[30.3717295008921,60.007616210392328],[30.371660472640791,60.007513958670252],[30.37159442370023,60.007525103034304],[30.371663451861064,60.00762735475638]]]},"properties":{"category":"classroom","name":{"ru":"Кабинет 126","en":"Classroom 126"},"alt_name":{"ru":"126","en":"126"},"restriction":null,"accessibility":null,"level_id":"c0fb6195-5d7e-46cc-bfb0-58466f979550","display_point":{"type":"Point","coordinates":[30.371661961975153,60.00757065671332]}}},{"id":"40b8279f-4f3c-40de-8d32-d49e12f86912","type":"Feature","feature_type":"unit","geometry":{"type":"Polygon","coordinates":[[[30.371497263028036,60.00765539488313],[30.371597402258789,60.007638498845985],[30.371528374188429,60.007536247123909],[30.37142823509485,60.007553143161054],[30.371497263028036,60.00765539488313]]]},"properties":{"category":"classroom","name":{"ru":"Кабинет 124","en":"Classroom 124"},"alt_name":{"ru":"124","en":"124"},"restriction":null,"accessibility":null,"level_id":"c0fb6195-5d7e-46cc-bfb0-58466f979550","display_point":{"type":"Point","coordinates":[30.37151281862225,60.007595820866293]}}},{"id":"7f2fea9c-293a-4462-9399-ddffd92fb43b","type":"Feature","feature_type":"unit","geometry":{"type":"Polygon","coordinates":[[[30.371431213918758,60.007666538972728],[30.371497263028036,60.00765539488313],[30.37142823509485,60.007553143161054],[30.371362186076045,60.007564287250652],[30.371431213918758,60.007666538972728]]]},"properties":{"category":"restroom.male","name":{"ru":"Туалет мужской","en":"Restroom male"},"alt_name":{"ru":"Туалет М.","en":"Restroom M."},"restriction":null,"accessibility":null,"level_id":"c0fb6195-5d7e-46cc-bfb0-58466f979550","display_point":{"type":"Point","coordinates":[30.371429724231039,60.007609840929668]}}},{"id":"9fb5932d-28dc-4318-ba9f-0f54df5ccdcf","type":"Feature","feature_type":"unit","geometry":{"type":"Polygon","coordinates":[[[30.372185453697032,60.007539280083748],[30.372251502552174,60.007528135719689],[30.372182473585827,60.007425883997612],[30.372116424821158,60.007437028361664],[30.372185453697032,60.007539280083748]]]},"properties":{"category":"classroom","name":{"ru":"Кабинет 134","en":"Classroom 134"},"alt_name":{"ru":"134","en":"134"},"restriction":null,"accessibility":null,"level_id":"c0fb6195-5d7e-46cc-bfb0-58466f979550","display_point":{"type":"Point","coordinates":[30.372183963365657,60.00748258204068]}}},{"id":"60679c26-769f-433d-9e3e-501da850bc65","type":"Feature","feature_type":"unit","geometry":{"type":"Polygon","coordinates":[[[30.372251502552174,60.007528135719689],[30.372317551934028,60.007516991904538],[30.372248522877207,60.007414740182462],[30.372182473585827,60.007425883997612],[30.372251502552174,60.007528135719689]]]},"properties":{"category":"classroom","name":{"ru":"Кабинет 135","en":"Classroom 135"},"alt_name":{"ru":"135","en":"135"},"restriction":null,"accessibility":null,"level_id":"c0fb6195-5d7e-46cc-bfb0-58466f979550","display_point":{"type":"Point","coordinates":[30.372250012164422,60.007471437951075]}}},{"id":"36ec1a2e-a595-4fa6-9850-705cfa788a30","type":"Feature","feature_type":"unit","geometry":{"type":"Polygon","coordinates":[[[30.372383600744659,60.007505847540486],[30.372449650082011,60.007494703450888],[30.372380620844243,60.007392451728805],[30.372314571597361,60.00740359581841],[30.372383600744659,60.007505847540486]]]},"properties":{"category":"classroom","name":{"ru":"Кабинет 137","en":"Classroom 137"},"alt_name":{"ru":"137","en":"137"},"restriction":null,"accessibility":null,"level_id":"c0fb6195-5d7e-46cc-bfb0-58466f979550","display_point":{"type":"Point","coordinates":[30.372382110244175,60.007449149771872]}}},{"id":"ffdf5e3b-a80f-4f90-9871-81d34bf91f86","type":"Feature","feature_type":"unit","geometry":{"type":"Polygon","coordinates":[[[30.372317551934028,60.007516991904538],[30.372383600744659,60.007505847540486],[30.372314571597361,60.00740359581841],[30.372248522877207,60.007414740182462],[30.372317551934028,60.007516991904538]]]},"properties":{"category":"classroom","name":{"ru":"Кабинет 136","en":"Classroom 136"},"alt_name":{"ru":"136","en":"136"},"restriction":null,"accessibility":null,"level_id":"c0fb6195-5d7e-46cc-bfb0-58466f979550","display_point":{"type":"Point","coordinates":[30.372316061489922,60.007460293861477]}}},{"id":"7a7bfb81-5304-46ca-8125-b406495267e8","type":"Feature","feature_type":"unit","geometry":{"type":"Polygon","coordinates":[[[30.372449650082011,60.007494703450888],[30.372515698848119,60.007483559361283],[30.372446669519874,60.007381307639207],[30.372380620844243,60.007392451728805],[30.372449650082011,60.007494703450888]]]},"properties":{"category":"classroom","name":{"ru":"Кабинет 138","en":"Classroom 138"},"alt_name":{"ru":"138","en":"138"},"restriction":null,"accessibility":null,"level_id":"c0fb6195-5d7e-46cc-bfb0-58466f979550","display_point":{"type":"Point","coordinates":[30.372448159525174,60.00743800540782]}}},{"id":"07775b7b-d0f8-4646-9360-5e2e76bb7118","type":"Feature","feature_type":"unit","geometry":{"type":"Polygon","coordinates":[[[30.372515698848119,60.007483559361283],[30.372581747591965,60.007472415271678],[30.372512718173251,60.0073701635496],[30.372446669519874,60.007381307639207],[30.372515698848119,60.007483559361283]]]},"properties":{"category":"classroom","name":{"ru":"Кабинет 139","en":"Classroom 139"},"alt_name":{"ru":"139","en":"139"},"restriction":null,"accessibility":null,"level_id":"c0fb6195-5d7e-46cc-bfb0-58466f979550","display_point":{"type":"Point","coordinates":[30.372514208234914,60.007426861318216]}}},{"id":"86a6eb70-7438-4596-8104-af36841be536","type":"Feature","feature_type":"unit","geometry":{"type":"Polygon","coordinates":[[[30.372581747591965,60.007472415271678],[30.372649927519234,60.007460911651052],[30.372580898007126,60.007358659928975],[30.372512718173251,60.0073701635496],[30.372581747591965,60.007472415271678]]]},"properties":{"category":"classroom","name":{"ru":"Кабинет 140","en":"Classroom 140"},"alt_name":{"ru":"140","en":"140"},"restriction":null,"accessibility":null,"level_id":"c0fb6195-5d7e-46cc-bfb0-58466f979550","display_point":{"type":"Point","coordinates":[30.372581322524692,60.0074155374631]}}},{"id":"69801f35-a0cd-42b8-a633-f796cd6e6bfa","type":"Feature","feature_type":"unit","geometry":{"type":"Polygon","coordinates":[[[30.372649927519234,60.007460911651052],[30.372777763995458,60.007439342259453],[30.372746125430947,60.00739247697831],[30.372618289034982,60.007414046369917],[30.372649927519234,60.007460911651052]]]},"properties":{"category":"classroom","name":{"ru":"Кабинет 141","en":"Classroom 141"},"alt_name":{"ru":"141","en":"141"},"restriction":null,"accessibility":null,"level_id":"c0fb6195-5d7e-46cc-bfb0-58466f979550","display_point":{"type":"Point","coordinates":[30.372698026431355,60.007426694177454]}}},{"id":"95cad370-776e-485b-8afb-ba3d0242725b","type":"Feature","feature_type":"unit","geometry":{"type":"Polygon","coordinates":[[[30.373203885529712,60.0073674445619],[30.373331721781891,60.007345875444749],[30.373300082869594,60.007299010163614],[30.373172246697671,60.007320579280766],[30.373203885529712,60.0073674445619]]]},"properties":{"category":"classroom","name":{"ru":"Кабинет 149","en":"Classroom 149"},"alt_name":{"ru":"149","en":"149"},"restriction":null,"accessibility":null,"level_id":"c0fb6195-5d7e-46cc-bfb0-58466f979550","display_point":{"type":"Point","coordinates":[30.373251984224535,60.007333227362757]}}},{"id":"9895e276-f790-4068-8d7a-4060ae652924","type":"Feature","feature_type":"unit","geometry":{"type":"Polygon","coordinates":[[[30.3734531662815,60.007325384371782],[30.373519214983954,60.007314240282177],[30.373450184281108,60.0072119885601],[30.373384135669124,60.007223132649706],[30.3734531662815,60.007325384371782]]]},"properties":{"category":"classroom","name":{"ru":"Кабинет 151","en":"Classroom 151"},"alt_name":{"ru":"151","en":"151"},"restriction":null,"accessibility":null,"level_id":"c0fb6195-5d7e-46cc-bfb0-58466f979550","display_point":{"type":"Point","coordinates":[30.373451675142775,60.007268686603169]}}},{"id":"95257c81-0c9f-4207-918a-4bb2ac96d36a","type":"Feature","feature_type":"unit","geometry":{"type":"Polygon","coordinates":[[[30.373519214983954,60.007314240282177],[30.373585263664154,60.00730309619258],[30.373516232870834,60.007200844470496],[30.373450184281108,60.0072119885601],[30.373519214983954,60.007314240282177]]]},"properties":{"category":"classroom","name":{"ru":"Кабинет 152","en":"Classroom 152"},"alt_name":{"ru":"152","en":"152"},"restriction":null,"accessibility":null,"level_id":"c0fb6195-5d7e-46cc-bfb0-58466f979550","display_point":{"type":"Point","coordinates":[30.373517723788872,60.00725754223911]}}},{"id":"c5f2074e-fea3-4bbd-b81a-fad46c260265","type":"Feature","feature_type":"unit","geometry":{"type":"Polygon","coordinates":[[[30.373331721781891,60.007345875444749],[30.3734531662815,60.007325384371782],[30.373384135669124,60.007223132649706],[30.373262691335871,60.007243623722673],[30.373331721781891,60.007345875444749]]]},"properties":{"category":"classroom","name":{"ru":"Кабинет 150","en":"Classroom 150"},"alt_name":{"ru":"150","en":"150"},"restriction":null,"accessibility":null,"level_id":"c0fb6195-5d7e-46cc-bfb0-58466f979550","display_point":{"type":"Point","coordinates":[30.373357928612574,60.007284504047227]}}},{"id":"be7675f0-5869-4233-839e-18e0cbb37afc","type":"Feature","feature_type":"unit","geometry":{"type":"Polygon","coordinates":[[[30.373585263664154,60.00730309619258],[30.373796192887905,60.007267506737605],[30.373727161805657,60.007165255015522],[30.373516232870834,60.007200844470496],[30.373585263664154,60.00730309619258]]]},"properties":{"category":"classroom","name":{"ru":"Кабинет 153","en":"Classroom 153"},"alt_name":{"ru":"153","en":"153"},"restriction":null,"accessibility":null,"level_id":"c0fb6195-5d7e-46cc-bfb0-58466f979550","display_point":{"type":"Point","coordinates":[30.37365621267158,60.007234175741274]}}},{"id":"52e1ae38-dc62-4cac-9997-bc44e4ae6e03","type":"Feature","feature_type":"unit","geometry":{"type":"Polygon","coordinates":[[[30.373749746346938,60.007142461297271],[30.373715656646027,60.007148213244811],[30.373727161805657,60.007165255015522],[30.373773182503442,60.007233422921729],[30.374097033145404,60.007178780792344],[30.374039506918322,60.007093571115433],[30.374005417542307,60.007099322514073],[30.373986721528752,60.007071629568053],[30.37373105042823,60.007114768351251],[30.373749746346938,60.007142461297271]]]},"properties":{"category":"classroom","name":{"ru":"Кабинет 158","en":"Classroom 158"},"alt_name":{"ru":"158","en":"158"},"restriction":null,"accessibility":null,"level_id":"c0fb6195-5d7e-46cc-bfb0-58466f979550","display_point":{"type":"Point","coordinates":[30.373896331105339,60.007155695058053]}}},{"id":"a0713931-1463-4245-b551-850516d298cc","type":"Feature","feature_type":"unit","geometry":{"type":"Polygon","coordinates":[[[30.373921898385465,60.007246296877028],[30.373994338581745,60.0072340744688],[30.373971328106808,60.007199990652921],[30.373898887943604,60.007212213061152],[30.373921898385465,60.007246296877028]]]},"properties":{"category":"classroom","name":null,"alt_name":null,"restriction":null,"accessibility":null,"level_id":"c0fb6195-5d7e-46cc-bfb0-58466f979550","display_point":{"type":"Point","coordinates":[30.373946613254784,60.0072231439022]}}},{"id":"8e239e43-dd4c-4b5e-be86-ad6776e4999d","type":"Feature","feature_type":"unit","geometry":{"type":"Polygon","coordinates":[[[30.373796192887905,60.007267506737605],[30.373921898385465,60.007246296877028],[30.373898887943604,60.007212213061152],[30.373773182503442,60.007233422921729],[30.373796192887905,60.007267506737605]]]},"properties":{"category":"classroom","name":{"ru":"Кабинет 157","en":"Classroom 157"},"alt_name":{"ru":"157","en":"157"},"restriction":null,"accessibility":null,"level_id":"c0fb6195-5d7e-46cc-bfb0-58466f979550","display_point":{"type":"Point","coordinates":[30.373847540299963,60.007239860173833]}}},{"id":"e05e213b-1f71-44e0-8f9d-5188a48398e1","type":"Feature","feature_type":"unit","geometry":{"type":"Polygon","coordinates":[[[30.373994338581745,60.0072340744688],[30.374120043677735,60.007212864608221],[30.374097033145404,60.007178780792344],[30.373971328106808,60.007199990652921],[30.373994338581745,60.0072340744688]]]},"properties":{"category":"classroom","name":{"ru":"Кабинет 159","en":"Classroom 159"},"alt_name":{"ru":"159","en":"159"},"restriction":null,"accessibility":null,"level_id":"c0fb6195-5d7e-46cc-bfb0-58466f979550","display_point":{"type":"Point","coordinates":[30.374045685885037,60.007206427630571]}}},{"id":"3571fc30-8a8c-493a-ac07-d58b67804640","type":"Feature","feature_type":"unit","geometry":{"type":"Polygon","coordinates":[[[30.371597402258789,60.007638498845985],[30.371663451861064,60.00762735475638],[30.37159442370023,60.007525103034304],[30.371528374188429,60.007536247123909],[30.371597402258789,60.007638498845985]]]},"properties":{"category":"classroom","name":{"ru":"Кабинет 125","en":"Classroom 125"},"alt_name":{"ru":"125","en":"125"},"restriction":null,"accessibility":null,"level_id":"c0fb6195-5d7e-46cc-bfb0-58466f979550","display_point":{"type":"Point","coordinates":[30.37159591297824,60.007581800802917]}}},{"id":"86517bd5-445f-4a7d-b02a-a7dda8056bc5","type":"Feature","feature_type":"unit","geometry":{"type":"Polygon","coordinates":[[[30.374120043677735,60.007212864608221],[30.37418183114999,60.007202439580674],[30.3741127995395,60.0071001878586],[30.374051012151885,60.007110612886144],[30.374120043677735,60.007212864608221]]]},"properties":{"category":"classroom","name":{"ru":"Кабинет 160","en":"Classroom 160"},"alt_name":{"ru":"160","en":"160"},"restriction":null,"accessibility":null,"level_id":"c0fb6195-5d7e-46cc-bfb0-58466f979550","display_point":{"type":"Point","coordinates":[30.374118552244418,60.00715616656516]}}},{"id":"72a81a25-3f32-4993-90d6-b379a737e6b7","type":"Feature","feature_type":"unit","geometry":{"type":"Polygon","coordinates":[[[30.37418183114999,60.007202439580674],[30.374243618328272,60.007192014278679],[30.374174586633149,60.0070897625566],[30.3741127995395,60.0071001878586],[30.37418183114999,60.007202439580674]]]},"properties":{"category":"classroom","name":{"ru":"Кабинет 161","en":"Classroom 161"},"alt_name":{"ru":"161","en":"161"},"restriction":null,"accessibility":null,"level_id":"c0fb6195-5d7e-46cc-bfb0-58466f979550","display_point":{"type":"Point","coordinates":[30.374180339389447,60.007145741537613]}}},{"id":"d035cdfc-4444-4d9c-8b2d-64d5aed4b325","type":"Feature","feature_type":"unit","geometry":{"type":"Polygon","coordinates":[[[30.374243618328272,60.007192014278679],[30.374305405487078,60.007181588976678],[30.374236373707319,60.0070793372546],[30.374174586633149,60.0070897625566],[30.374243618328272,60.007192014278679]]]},"properties":{"category":"classroom","name":{"ru":"Кабинет 162","en":"Classroom 162"},"alt_name":{"ru":"162","en":"162"},"restriction":null,"accessibility":null,"level_id":"c0fb6195-5d7e-46cc-bfb0-58466f979550","display_point":{"type":"Point","coordinates":[30.374242126515,60.007135316235612]}}},{"id":"286e3c63-6a50-452d-9a15-0b95c3bf3ac0","type":"Feature","feature_type":"unit","geometry":{"type":"Polygon","coordinates":[[[30.374305405487078,60.007181588976678],[30.3743671926264,60.007171163949131],[30.374298160762013,60.007068912227055],[30.374236373707319,60.0070793372546],[30.374305405487078,60.007181588976678]]]},"properties":{"category":"classroom","name":{"ru":"Кабинет 163","en":"Classroom 163"},"alt_name":{"ru":"163","en":"163"},"restriction":null,"accessibility":null,"level_id":"c0fb6195-5d7e-46cc-bfb0-58466f979550","display_point":{"type":"Point","coordinates":[30.374303913621077,60.007124891208065]}}},{"id":"50efe979-640f-4253-a40b-d6235432c172","type":"Feature","feature_type":"unit","geometry":{"type":"Polygon","coordinates":[[[30.3743671926264,60.007171163949131],[30.374428979746252,60.007160738921584],[30.374359947797227,60.007058487199508],[30.374298160762013,60.007068912227055],[30.3743671926264,60.007171163949131]]]},"properties":{"category":"classroom","name":{"ru":"Кабинет 164","en":"Classroom 164"},"alt_name":{"ru":"164","en":"164"},"restriction":null,"accessibility":null,"level_id":"c0fb6195-5d7e-46cc-bfb0-58466f979550","display_point":{"type":"Point","coordinates":[30.374365700982175,60.007114465906064]}}},{"id":"7de0e1f5-ac80-4f72-9159-5b83b6f0b3db","type":"Feature","feature_type":"unit","geometry":{"type":"Polygon","coordinates":[[[30.374428979746252,60.007160738921584],[30.374490767121124,60.00715031361959],[30.374421735087463,60.007048061897507],[30.374359947797227,60.007058487199508],[30.374428979746252,60.007160738921584]]]},"properties":{"category":"classroom","name":{"ru":"Кабинет 165","en":"Classroom 165"},"alt_name":{"ru":"165","en":"165"},"restriction":null,"accessibility":null,"level_id":"c0fb6195-5d7e-46cc-bfb0-58466f979550","display_point":{"type":"Point","coordinates":[30.374427488049296,60.007104040878517]}}},{"id":"ec85e72a-0e5f-4054-b494-425e6e0eb80f","type":"Feature","feature_type":"unit","geometry":{"type":"Polygon","coordinates":[[[30.374490767121124,60.00715031361959],[30.374550423566024,60.007140247848618],[30.37449721125726,60.007061428767109],[30.37443755487535,60.007071494538074],[30.374490767121124,60.00715031361959]]]},"properties":{"category":"restroom.male","name":{"ru":"Туалет мужской","en":"Restroom male"},"alt_name":{"ru":"Туалет М.","en":"Restroom M."},"restriction":null,"accessibility":null,"level_id":"c0fb6195-5d7e-46cc-bfb0-58466f979550","display_point":{"type":"Point","coordinates":[30.37448607914466,60.007094154873066]}}},{"id":"a607e432-1ef9-4098-ab66-7863b74fb43f","type":"Feature","feature_type":"unit","geometry":{"type":"Polygon","coordinates":[[[30.373905279709707,60.007400966850689],[30.373964936469768,60.007390901079717],[30.373918915327554,60.007322733173517],[30.37385925862197,60.007332798944489],[30.373905279709707,60.007400966850689]]]},"properties":{"category":"classroom","name":{"ru":"Кабинет 154","en":"Classroom 154"},"alt_name":{"ru":"154","en":"154"},"restriction":null,"accessibility":null,"level_id":"c0fb6195-5d7e-46cc-bfb0-58466f979550","display_point":{"type":"Point","coordinates":[30.373912097728535,60.007361849874876]}}},{"id":"82739836-a218-472b-a9f7-3362dcf1de91","type":"Feature","feature_type":"unit","geometry":{"type":"Polygon","coordinates":[[[30.37443755487535,60.007071494538074],[30.37449721125726,60.007061428767109],[30.374481391450647,60.007037996126542],[30.374421735087463,60.007048061897507],[30.37443755487535,60.007071494538074]]]},"properties":{"category":"classroom","name":null,"alt_name":null,"restriction":"restricted","accessibility":null,"level_id":"c0fb6195-5d7e-46cc-bfb0-58466f979550","display_point":{"type":"Point","coordinates":[30.3744594730313,60.007054745332312]}}},{"id":"3010ec00-e181-4193-848e-bb2dc370b8cc","type":"Feature","feature_type":"unit","geometry":{"type":"Polygon","coordinates":[[[30.374279197142954,60.006815838611118],[30.374326069834147,60.006807929751865],[30.374303059336519,60.006773845935989],[30.374256186666727,60.006781754795242],[30.374279197142954,60.006815838611118]]]},"properties":{"category":"classroom","name":null,"alt_name":null,"restriction":"restricted","accessibility":null,"level_id":"c0fb6195-5d7e-46cc-bfb0-58466f979550","display_point":{"type":"Point","coordinates":[30.374301115254291,60.006799089405348]}}},{"id":"b5ac505e-c1eb-4da3-a127-0e42d7d92273","type":"Feature","feature_type":"unit","geometry":{"type":"Polygon","coordinates":[[[30.374433584761032,60.006826569102813],[30.374638120410406,60.006792058240926],[30.374615828788581,60.006759039570028],[30.374411293229677,60.006793550431915],[30.374433584761032,60.006826569102813]]]},"properties":{"category":"classroom","name":{"ru":"Кабинет 170","en":"Classroom 170"},"alt_name":{"ru":"170","en":"170"},"restriction":null,"accessibility":null,"level_id":"c0fb6195-5d7e-46cc-bfb0-58466f979550","display_point":{"type":"Point","coordinates":[30.374524706889943,60.006792804199193]}}},{"id":"37d87cc5-5732-4832-b390-a7fde2ff81ba","type":"Feature","feature_type":"unit","geometry":{"type":"Polygon","coordinates":[[[30.374455876314638,60.006859588048165],[30.374660412054485,60.006825077186278],[30.374638120410406,60.006792058240926],[30.374433584761032,60.006826569102813],[30.374455876314638,60.006859588048165]]]},"properties":{"category":"classroom","name":{"ru":"Кабинет 170б","en":"Classroom 170b"},"alt_name":{"ru":"170б","en":"170b"},"restriction":null,"accessibility":null,"level_id":"c0fb6195-5d7e-46cc-bfb0-58466f979550","display_point":{"type":"Point","coordinates":[30.374546998340413,60.006825823144545]}}},{"id":"798e3241-0648-4fe4-9de4-0df398734ea3","type":"Feature","feature_type":"unit","geometry":{"type":"Polygon","coordinates":[[[30.374478167753256,60.006892606719063],[30.374682703583574,60.006858095857176],[30.374660412054485,60.006825077186278],[30.374455876314638,60.006859588048165],[30.374478167753256,60.006892606719063]]]},"properties":{"category":"classroom","name":{"ru":"Кабинет 171","en":"Classroom 171"},"alt_name":{"ru":"171","en":"171"},"restriction":null,"accessibility":null,"level_id":"c0fb6195-5d7e-46cc-bfb0-58466f979550","display_point":{"type":"Point","coordinates":[30.374569289950387,60.006858841815443]}}},{"id":"08403602-574f-47da-afcb-0cd4c934acbd","type":"Feature","feature_type":"unit","geometry":{"type":"Polygon","coordinates":[[[30.374500459351374,60.006925625664415],[30.374704995272161,60.006891114802528],[30.374682703583574,60.006858095857176],[30.374478167753256,60.006892606719063],[30.374500459351374,60.006925625664415]]]},"properties":{"category":"classroom","name":{"ru":"Кабинет 172","en":"Classroom 172"},"alt_name":{"ru":"172","en":"172"},"restriction":null,"accessibility":null,"level_id":"c0fb6195-5d7e-46cc-bfb0-58466f979550","display_point":{"type":"Point","coordinates":[30.374591581582614,60.006891860760796]}}},{"id":"6d2f3eca-ff45-40c6-8f3e-b7a7465e54a1","type":"Feature","feature_type":"unit","geometry":{"type":"Polygon","coordinates":[[[30.374522750971749,60.006958644335313],[30.37472728698301,60.006924133473426],[30.374704995272161,60.006891114802528],[30.374500459351374,60.006925625664415],[30.374522750971749,60.006958644335313]]]},"properties":{"category":"classroom","name":{"ru":"Кабинет 173","en":"Classroom 173"},"alt_name":{"ru":"173","en":"173"},"restriction":null,"accessibility":null,"level_id":"c0fb6195-5d7e-46cc-bfb0-58466f979550","display_point":{"type":"Point","coordinates":[30.374613873237095,60.006924879431693]}}},{"id":"429d9654-da48-46f1-ad36-03bc8138cc60","type":"Feature","feature_type":"unit","geometry":{"type":"Polygon","coordinates":[[[30.374635647340948,60.007125868528668],[30.3748401838104,60.007091357666781],[30.374779780281855,60.007001887409963],[30.374575244057553,60.00703639827185],[30.374635647340948,60.007125868528668]]]},"properties":{"category":"auditorium","name":{"ru":"Лекторий 175","en":"Auditorium 175"},"alt_name":{"ru":"175","en":"175"},"restriction":null,"accessibility":null,"level_id":"c0fb6195-5d7e-46cc-bfb0-58466f979550","display_point":{"type":"Point","coordinates":[30.374707713878941,60.007063877969316]}}},{"id":"da4248e0-275b-4445-bd0c-1cf882aba19b","type":"Feature","feature_type":"unit","geometry":{"type":"Polygon","coordinates":[[[30.374868947420175,60.007133962642463],[30.3748401838104,60.007091357666781],[30.374635647340948,60.007125868528668],[30.374664410833986,60.00716847350435],[30.374868947420175,60.007133962642463]]]},"properties":{"category":"walkway","name":null,"alt_name":null,"restriction":null,"accessibility":null,"level_id":"c0fb6195-5d7e-46cc-bfb0-58466f979550","display_point":{"type":"Point","coordinates":[30.374752297442047,60.007129915585566]}}},{"id":"0841883b-0fd9-45fa-96ca-ef9eae482e1b","type":"Feature","feature_type":"unit","geometry":{"type":"Polygon","coordinates":[[[30.374575244057553,60.00703639827185],[30.374779780281855,60.007001887409963],[30.37472728698301,60.006924133473426],[30.374522750971749,60.006958644335313],[30.374575244057553,60.00703639827185]]]},"properties":{"category":"classroom","name":{"ru":"Кабинет 175","en":"Classroom 175"},"alt_name":{"ru":"175","en":"175"},"restriction":null,"accessibility":null,"level_id":"c0fb6195-5d7e-46cc-bfb0-58466f979550","display_point":{"type":"Point","coordinates":[30.374651265584795,60.006980265872635]}}},{"id":"c9d663af-5d4b-4fdd-acf8-bdbe4eeee082","type":"Feature","feature_type":"unit","geometry":{"type":"Polygon","coordinates":[[[30.374724814358604,60.007257943761168],[30.374929351189937,60.007223432899281],[30.374868947420175,60.007133962642463],[30.374664410833986,60.00716847350435],[30.374724814358604,60.007257943761168]]]},"properties":{"category":"auditorium","name":{"ru":"Лекторий 176","en":"Auditorium 176"},"alt_name":{"ru":"176","en":"176"},"restriction":null,"accessibility":null,"level_id":"c0fb6195-5d7e-46cc-bfb0-58466f979550","display_point":{"type":"Point","coordinates":[30.374796880956929,60.007195953201816]}}},{"id":"86541214-1044-47ff-a688-b2100023263c","type":"Feature","feature_type":"unit","geometry":{"type":"Polygon","coordinates":[[[30.374747106202967,60.00729096270652],[30.374951643124774,60.007256451844633],[30.374929351189937,60.007223432899281],[30.374724814358604,60.007257943761168],[30.374747106202967,60.00729096270652]]]},"properties":{"category":"classroom","name":{"ru":"Кабинет 177","en":"Classroom 177"},"alt_name":{"ru":"177","en":"177"},"restriction":null,"accessibility":null,"level_id":"c0fb6195-5d7e-46cc-bfb0-58466f979550","display_point":{"type":"Point","coordinates":[30.374838228674342,60.007257197528446]}}},{"id":"a7ad5112-da5d-41c2-998c-b81188e25222","type":"Feature","feature_type":"unit","geometry":{"type":"Polygon","coordinates":[[[30.374791689821215,60.00735700032277],[30.374996226923965,60.007322489186429],[30.374973935081865,60.007289470515531],[30.374769398069589,60.007323981377418],[30.374791689821215,60.00735700032277]]]},"properties":{"category":"classroom","name":{"ru":"Кабинет 179","en":"Classroom 179"},"alt_name":{"ru":"179","en":"179"},"restriction":null,"accessibility":null,"level_id":"c0fb6195-5d7e-46cc-bfb0-58466f979550","display_point":{"type":"Point","coordinates":[30.374882812498054,60.007323235144696]}}},{"id":"be1603cc-5393-4b6a-aeea-aa24c64610ef","type":"Feature","feature_type":"unit","geometry":{"type":"Polygon","coordinates":[[[30.374813981595096,60.007390018993668],[30.37501851878832,60.007355508131781],[30.374996226923965,60.007322489186429],[30.374791689821215,60.00735700032277],[30.374813981595096,60.007390018993668]]]},"properties":{"category":"classroom","name":{"ru":"Кабинет 180","en":"Classroom 180"},"alt_name":{"ru":"180","en":"180"},"restriction":null,"accessibility":null,"level_id":"c0fb6195-5d7e-46cc-bfb0-58466f979550","display_point":{"type":"Point","coordinates":[30.374905104306045,60.007356254090048]}}},{"id":"b08b782e-b13c-4377-a31e-cd185f2ded33","type":"Feature","feature_type":"unit","geometry":{"type":"Polygon","coordinates":[[[30.374769398069589,60.007323981377418],[30.374973935081865,60.007289470515531],[30.374951643124774,60.007256451844633],[30.374747106202967,60.00729096270652],[30.374769398069589,60.007323981377418]]]},"properties":{"category":"classroom","name":{"ru":"Кабинет 178","en":"Classroom 178"},"alt_name":{"ru":"178","en":"178"},"restriction":null,"accessibility":null,"level_id":"c0fb6195-5d7e-46cc-bfb0-58466f979550","display_point":{"type":"Point","coordinates":[30.374860520575073,60.0072902164738]}}},{"id":"7914f295-b317-483a-b15c-f362a31d0c90","type":"Feature","feature_type":"unit","geometry":{"type":"Polygon","coordinates":[[[30.37487726197136,60.007483749830392],[30.375081799421405,60.007449238968505],[30.375059507493873,60.007416220023153],[30.3748549701343,60.00745073088504],[30.37487726197136,60.007483749830392]]]},"properties":{"category":"classroom","name":{"ru":"Кабинет 182","en":"Classroom 182"},"alt_name":{"ru":"182","en":"182"},"restriction":null,"accessibility":null,"level_id":"c0fb6195-5d7e-46cc-bfb0-58466f979550","display_point":{"type":"Point","coordinates":[30.37496838477913,60.007449984926772]}}},{"id":"17895583-d5c6-45bb-a849-38f2607932fa","type":"Feature","feature_type":"unit","geometry":{"type":"Polygon","coordinates":[[[30.3748549701343,60.00745073088504],[30.375059507493873,60.007416220023153],[30.37501851878832,60.007355508131781],[30.374813981595096,60.007390018993668],[30.3748549701343,60.00745073088504]]]},"properties":{"category":"classroom","name":{"ru":"Кабинет 181","en":"Classroom 181"},"alt_name":{"ru":"181","en":"181"},"restriction":null,"accessibility":null,"level_id":"c0fb6195-5d7e-46cc-bfb0-58466f979550","display_point":{"type":"Point","coordinates":[30.374936744657418,60.007403119371183]}}},{"id":"dd4c03b6-da81-497f-9de9-d7cd49521477","type":"Feature","feature_type":"unit","geometry":{"type":"Polygon","coordinates":[[[30.372907195302844,60.007631064512793],[30.373243832275566,60.0075742654717],[30.373222260240546,60.00754231167133],[30.372949541824198,60.007588326153844],[30.372870444740066,60.007471162676559],[30.372806526428118,60.007481947235135],[30.372907195302844,60.007631064512793]]]},"properties":{"category":"walkway","name":null,"alt_name":null,"restriction":null,"accessibility":null,"level_id":"c0fb6195-5d7e-46cc-bfb0-58466f979550","display_point":{"type":"Point","coordinates":[30.373025746592678,60.007572304518121]}}},{"id":"b795d4ad-b115-4a73-b7f6-cae2777d1223","type":"Feature","feature_type":"unit","geometry":{"type":"Polygon","coordinates":[[[30.372931643544288,60.007667278618626],[30.373080786518532,60.007642114465646],[30.373056338204737,60.00760590035982],[30.372907195302844,60.007631064512793],[30.372931643544288,60.007667278618626]]]},"properties":{"category":"classroom","name":{"ru":"Кабинет 143","en":"Classroom 143"},"alt_name":{"ru":"143","en":"143"},"restriction":null,"accessibility":null,"level_id":"c0fb6195-5d7e-46cc-bfb0-58466f979550","display_point":{"type":"Point","coordinates":[30.372993990972073,60.007636589214769]}}},{"id":"4b55a781-715b-4815-a7db-ce6bbe9ac281","type":"Feature","feature_type":"unit","geometry":{"type":"Polygon","coordinates":[[[30.373208737665404,60.007620714410415],[30.373357880703736,60.007595550257442],[30.373333317931539,60.007559166815248],[30.373184174965896,60.007584330968221],[30.373208737665404,60.007620714410415]]]},"properties":{"category":"classroom","name":{"ru":"Кабинет 144","en":"Classroom 144"},"alt_name":{"ru":"144","en":"144"},"restriction":null,"accessibility":null,"level_id":"c0fb6195-5d7e-46cc-bfb0-58466f979550","display_point":{"type":"Point","coordinates":[30.373271085057976,60.007590025281019]}}},{"id":"2475eeb4-fa83-46d1-ba83-b9cdee6ac06f","type":"Feature","feature_type":"unit","geometry":{"type":"Polygon","coordinates":[[[30.373150240742877,60.007991075555573],[30.373278078217837,60.007969506438421],[30.373298212235149,60.007999329674391],[30.373355206398646,60.008013442776708],[30.373440431283981,60.007999063182311],[30.373468662231677,60.00797057048559],[30.373448528146266,60.00794074724962],[30.373576365426686,60.007919178132468],[30.373357766379705,60.007595380921074],[30.373208623341711,60.007620545074047],[30.373184174965896,60.007584330968221],[30.373056338204737,60.00760590035982],[30.373080786518532,60.007642114465646],[30.372931643544288,60.007667278618626],[30.373150240742877,60.007991075555573]]]},"properties":{"category":"classroom","name":{"ru":"Архив библиотеки","en":"Library archive"},"alt_name":{"ru":"Архив библиотеки","en":"Library archive"},"restriction":null,"accessibility":null,"level_id":"c0fb6195-5d7e-46cc-bfb0-58466f979550","display_point":{"type":"Point","coordinates":[30.373201511326631,60.007715474164563]}}},{"id":"8eaaefdb-d1ee-409a-99e8-c7829f046122","type":"Feature","feature_type":"unit","geometry":{"type":"Polygon","coordinates":[[[30.373243832275566,60.0075742654717],[30.373333317931539,60.007559166815248],[30.373311745858214,60.007527213014868],[30.373222260240546,60.00754231167133],[30.373243832275566,60.0075742654717]]]},"properties":{"category":"classroom","name":{"ru":"Кабинет 146","en":"Classroom 146"},"alt_name":{"ru":"146","en":"146"},"restriction":null,"accessibility":null,"level_id":"c0fb6195-5d7e-46cc-bfb0-58466f979550","display_point":{"type":"Point","coordinates":[30.373277789010341,60.007550739243285]}}},{"id":"dc041240-cd57-4ae5-a1e9-406a31cf6455","type":"Feature","feature_type":"unit","geometry":{"type":"Polygon","coordinates":[[[30.373175386622474,60.007550220256128],[30.373247827564047,60.0075379978479],[30.373168730011738,60.007420834370606],[30.373096289183863,60.007433056778844],[30.373175386622474,60.007550220256128]]]},"properties":{"category":"wardrobe","name":{"ru":"Гардероб","en":"Wardrobe"},"alt_name":{"ru":"Гардероб","en":"Wardrobe"},"restriction":null,"accessibility":null,"level_id":"c0fb6195-5d7e-46cc-bfb0-58466f979550","display_point":{"type":"Point","coordinates":[30.373143181458214,60.007442753138541]}}},{"id":"105c26db-6ea8-4875-95f8-6e4a96d16749","type":"Feature","feature_type":"unit","geometry":{"type":"Polygon","coordinates":[[[30.373247827564047,60.0075379978479],[30.373311745858214,60.007527213014868],[30.37323264820558,60.007410049537583],[30.373168730011738,60.007420834370606],[30.373247827564047,60.0075379978479]]]},"properties":{"category":"shop","name":{"ru":"Касса белого зала","en":"Ticket office"},"alt_name":{"ru":"Касса белого зала","en":"Ticket office"},"restriction":null,"accessibility":null,"level_id":"c0fb6195-5d7e-46cc-bfb0-58466f979550","display_point":{"type":"Point","coordinates":[30.373240266424038,60.007474066095448]}}},{"id":"669de416-f07b-4717-9a9e-9bffda3e0788","type":"Feature","feature_type":"unit","geometry":{"type":"Polygon","coordinates":[[[30.372949541824198,60.007588326153844],[30.373021982574748,60.007576103471159],[30.372942885376915,60.007458939993874],[30.372870444740066,60.007471162676559],[30.372949541824198,60.007588326153844]]]},"properties":{"category":"wardrobe","name":{"ru":"Гардероб","en":"Wardrobe"},"alt_name":{"ru":"Гардероб","en":"Wardrobe"},"restriction":null,"accessibility":null,"level_id":"c0fb6195-5d7e-46cc-bfb0-58466f979550","display_point":{"type":"Point","coordinates":[30.372917336733835,60.007480858761809]}}},{"id":"a981fbeb-e749-4151-952f-2c1f80f0ada7","type":"Feature","feature_type":"unit","geometry":{"type":"Polygon","coordinates":[[[30.372121790209341,60.007965277145949],[30.372241105272035,60.007945146152913],[30.372223847768414,60.007919583222389],[30.372104532746569,60.007939714489879],[30.372121790209341,60.007965277145949]]]},"properties":{"category":"walkway","name":null,"alt_name":null,"restriction":null,"accessibility":null,"level_id":"c0fb6195-5d7e-46cc-bfb0-58466f979550","display_point":{"type":"Point","coordinates":[30.372172819143753,60.007942430184173]}}},{"id":"633e537b-74ea-494d-93d3-7d073b259d64","type":"Feature","feature_type":"unit","geometry":{"type":"Polygon","coordinates":[[[30.372309285745839,60.007933642257832],[30.372428600694413,60.007913510990342],[30.372411343126583,60.007887948059818],[30.372292028218869,60.007908079327308],[30.372309285745839,60.007933642257832]]]},"properties":{"category":"walkway","name":null,"alt_name":null,"restriction":null,"accessibility":null,"level_id":"c0fb6195-5d7e-46cc-bfb0-58466f979550","display_point":{"type":"Point","coordinates":[30.372360314042083,60.007910795296048]}}},{"id":"98a21c1d-c7c7-4a42-a878-e69bd88b52f6","type":"Feature","feature_type":"unit","geometry":{"type":"Polygon","coordinates":[[[30.372241105272035,60.007945146152913],[30.372309285745839,60.007933642257832],[30.372292028218869,60.007908079327308],[30.372223847768414,60.007919583222389],[30.372241105272035,60.007945146152913]]]},"properties":{"category":"classroom","name":null,"alt_name":null,"restriction":"restricted","accessibility":null,"level_id":"c0fb6195-5d7e-46cc-bfb0-58466f979550","display_point":{"type":"Point","coordinates":[30.372266566615338,60.007926612740114]}}},{"id":"4916303a-6ee3-4055-839f-f4d6bb582eb0","type":"Feature","feature_type":"unit","geometry":{"type":"Polygon","coordinates":[[[30.375019586421775,60.007497702104324],[30.375160206057469,60.00747397607546],[30.375137194898315,60.007439892259583],[30.374996575326826,60.007463618288448],[30.375019586421775,60.007497702104324]]]},"properties":{"category":"stairs","name":null,"alt_name":null,"restriction":null,"accessibility":null,"level_id":"c0fb6195-5d7e-46cc-bfb0-58466f979550","display_point":{"type":"Point","coordinates":[30.374996575326826,60.007463618288448]}}},{"id":"84d508b5-1249-4041-bff3-23ed5d771b3f","type":"Feature","feature_type":"unit","geometry":{"type":"Polygon","coordinates":[[[30.371350659120434,60.008116741255535],[30.3714912815255,60.008093014952223],[30.371468272041572,60.008058931136347],[30.371327649700717,60.008082657439658],[30.371350659120434,60.008116741255535]]]},"properties":{"category":"stairs","name":null,"alt_name":null,"restriction":null,"accessibility":null,"level_id":"c0fb6195-5d7e-46cc-bfb0-58466f979550","display_point":{"type":"Point","coordinates":[30.371327649700717,60.008082657439658]}}},{"id":"b00edf9d-2d23-4411-bc04-21f41a17f88e","type":"Feature","feature_type":"unit","geometry":{"type":"Polygon","coordinates":[[[30.370861713641744,60.007392458041181],[30.37100233468238,60.00736873173787],[30.370979325702347,60.007334647921994],[30.370838704725919,60.007358374225305],[30.370861713641744,60.007392458041181]]]},"properties":{"category":"stairs","name":null,"alt_name":null,"restriction":null,"accessibility":null,"level_id":"c0fb6195-5d7e-46cc-bfb0-58466f979550","display_point":{"type":"Point","coordinates":[30.370838704725919,60.007358374225305]}}},{"id":"7977b9bd-291a-4f2e-b3d9-0c8980354013","type":"Feature","feature_type":"unit","geometry":{"type":"Polygon","coordinates":[[[30.374530605481979,60.006773418889971],[30.374671223753307,60.006749692861106],[30.374648213098084,60.006715609045237],[30.374507594890964,60.0067393350741],[30.374530605481979,60.006773418889971]]]},"properties":{"category":"stairs","name":null,"alt_name":null,"restriction":null,"accessibility":null,"level_id":"c0fb6195-5d7e-46cc-bfb0-58466f979550","display_point":{"type":"Point","coordinates":[30.374507594890964,60.0067393350741]}}},{"id":"30738ec6-d209-4efc-bf17-c09bb8abe2dc","type":"Feature","feature_type":"unit","geometry":{"type":"Polygon","coordinates":[[[30.374768175643428,60.007540121825471],[30.374815048789408,60.007532212966218],[30.374786285178416,60.007489607990536],[30.374739412059188,60.007497516849789],[30.374768175643428,60.007540121825471]]]},"properties":{"category":"classroom","name":null,"alt_name":null,"restriction":"restricted","accessibility":null,"level_id":"c0fb6195-5d7e-46cc-bfb0-58466f979550","display_point":{"type":"Point","coordinates":[30.374790094008198,60.0075233726197]}}},{"id":"acc16099-dd47-453f-b369-ee77c54d4c61","type":"Feature","feature_type":"unit","geometry":{"type":"Polygon","coordinates":[[[30.372029703212903,60.007632000116821],[30.371978568331009,60.007640627763685],[30.372030340104679,60.007717316555237],[30.372200790200239,60.007688557366443],[30.372149018251456,60.007611868574884],[30.372097883400691,60.00762049622174],[30.372132398167846,60.007671622082782],[30.372064217933364,60.007683125977863],[30.372029703212903,60.007632000116821]]]},"properties":{"category":"stairs","name":null,"alt_name":null,"restriction":null,"accessibility":null,"level_id":"c0fb6195-5d7e-46cc-bfb0-58466f979550","display_point":{"type":"Point","coordinates":[30.37209399350181,60.007670983160466]}}},{"id":"0fa9181b-68fc-4ea1-8fa2-42431c0907ba","type":"Feature","feature_type":"unit","geometry":{"type":"Polygon","coordinates":[[[30.372064217933364,60.007683125977863],[30.372029703212903,60.007632000116821],[30.372097883400691,60.00762049622174],[30.372132398167846,60.007671622082782],[30.372064217933364,60.007683125977863]]]},"properties":{"category":"stairs","name":null,"alt_name":null,"restriction":null,"accessibility":null,"level_id":"c0fb6195-5d7e-46cc-bfb0-58466f979550","display_point":{"type":"Point","coordinates":[30.37209399350181,60.007670983160466]}}},{"id":"fdc31285-bb32-4328-a2f5-9d950390c420","type":"Feature","feature_type":"unit","geometry":{"type":"Polygon","coordinates":[[[30.373964297085809,60.0073055846413],[30.3739131627086,60.007314212288158],[30.373964936469768,60.007390901079717],[30.374135384608536,60.007362141890916],[30.374083610672262,60.007285453099357],[30.374032476326175,60.007294081020667],[30.37406699228108,60.007345206881709],[30.373998812994021,60.007356710502336],[30.373964297085809,60.0073055846413]]]},"properties":{"category":"stairs","name":null,"alt_name":null,"restriction":null,"accessibility":null,"level_id":"c0fb6195-5d7e-46cc-bfb0-58466f979550","display_point":{"type":"Point","coordinates":[30.374028588197625,60.007344567684946]}}},{"id":"162c8e79-aad8-4902-bcf2-cf5ba3a7637f","type":"Feature","feature_type":"unit","geometry":{"type":"Polygon","coordinates":[[[30.373998812994021,60.007356710502336],[30.373964297085809,60.0073055846413],[30.374032476326175,60.007294081020667],[30.37406699228108,60.007345206881709],[30.373998812994021,60.007356710502336]]]},"properties":{"category":"stairs","name":null,"alt_name":null,"restriction":null,"accessibility":null,"level_id":"c0fb6195-5d7e-46cc-bfb0-58466f979550","display_point":{"type":"Point","coordinates":[30.374028588197625,60.007344567684946]}}},{"id":"65cfa8fa-2f16-4371-852b-61b1d5d4ef02","type":"Feature","feature_type":"unit","geometry":{"type":"Polygon","coordinates":[[[30.37443755487535,60.007071494538074],[30.37449721125726,60.007061428767109],[30.374481391450647,60.007037996126542],[30.374421735087463,60.007048061897507],[30.37443755487535,60.007071494538074]]]},"properties":{"category":"classroom","name":null,"alt_name":null,"restriction":"restricted","accessibility":null,"level_id":"2ee0f755-3993-4667-a616-c79bd2b7985e","display_point":{"type":"Point","coordinates":[30.3744594730313,60.007054745332312]}}},{"id":"72a1339f-af06-42fb-aa4c-8c2735c628ad","type":"Feature","feature_type":"unit","geometry":{"type":"Polygon","coordinates":[[[30.374303059336519,60.006773845935989],[30.374550423566024,60.007140247848618],[30.372777763995458,60.007439342259453],[30.371431213918758,60.007666538972728],[30.371183864725062,60.0073001370601],[30.370979325702347,60.007334647921994],[30.37100233468238,60.00736873173787],[30.371121649009726,60.007348600195925],[30.371587587472131,60.0080387995944],[30.371468272041572,60.008058931136347],[30.3714912815255,60.008093014952223],[30.371695822626236,60.008058503815882],[30.371459975445624,60.007709143948411],[30.372806526428118,60.007481947235135],[30.37323264820558,60.007410049537583],[30.374579187010422,60.0071828528243],[30.374815048789408,60.007532212966218],[30.374925840216431,60.00751351954839],[30.3749940192294,60.00750201620221],[30.375019586421775,60.007497702104324],[30.374996575326826,60.007463618288448],[30.37487726197136,60.007483749830392],[30.374411293229677,60.006793550431915],[30.374530605481979,60.006773418889971],[30.374507594890964,60.0067393350741],[30.374303059336519,60.006773845935989]]]},"properties":{"category":"walkway","name":null,"alt_name":null,"restriction":null,"accessibility":null,"level_id":"2ee0f755-3993-4667-a616-c79bd2b7985e","display_point":{"type":"Point","coordinates":[30.374511593009174,60.007082731392174]}}},{"id":"ba4efc0b-4b91-4ecc-bc11-930250808f26","type":"Feature","feature_type":"unit","geometry":{"type":"Polygon","coordinates":[[[30.373021982574748,60.007576103471159],[30.372942885376915,60.007458939993874],[30.372870444740066,60.007471162676559],[30.372975428238437,60.007626670549627],[30.373273714131507,60.007576342243674],[30.373168730011738,60.007420834370606],[30.373096289183863,60.007433056778844],[30.373175386622474,60.007550220256128],[30.373021982574748,60.007576103471159]]]},"properties":{"category":"stairs","name":null,"alt_name":null,"restriction":null,"accessibility":null,"level_id":"2ee0f755-3993-4667-a616-c79bd2b7985e","display_point":{"type":"Point","coordinates":[30.373045473694546,60.007484342644908]}}},{"id":"322b5e24-d3f8-4b3e-a438-da3b45b6cda7","type":"Feature","feature_type":"unit","geometry":{"type":"Polygon","coordinates":[[[30.375019586421775,60.007497702104324],[30.375160206057469,60.00747397607546],[30.375137194898315,60.007439892259583],[30.374996575326826,60.007463618288448],[30.375019586421775,60.007497702104324]]]},"properties":{"category":"stairs","name":null,"alt_name":null,"restriction":null,"accessibility":null,"level_id":"2ee0f755-3993-4667-a616-c79bd2b7985e","display_point":{"type":"Point","coordinates":[30.374996575326826,60.007463618288448]}}},{"id":"73148e79-5be4-46a6-871d-3e12fc443362","type":"Feature","feature_type":"unit","geometry":{"type":"Polygon","coordinates":[[[30.371350659120434,60.008116741255535],[30.3714912815255,60.008093014952223],[30.371468272041572,60.008058931136347],[30.371327649700717,60.008082657439658],[30.371350659120434,60.008116741255535]]]},"properties":{"category":"stairs","name":null,"alt_name":null,"restriction":null,"accessibility":null,"level_id":"2ee0f755-3993-4667-a616-c79bd2b7985e","display_point":{"type":"Point","coordinates":[30.371327649700717,60.008082657439658]}}},{"id":"0f2ddb2c-60ad-4788-a4b8-1b9a028a78e2","type":"Feature","feature_type":"unit","geometry":{"type":"Polygon","coordinates":[[[30.370861713641744,60.007392458041181],[30.37100233468238,60.00736873173787],[30.370979325702347,60.007334647921994],[30.370838704725919,60.007358374225305],[30.370861713641744,60.007392458041181]]]},"properties":{"category":"stairs","name":null,"alt_name":null,"restriction":null,"accessibility":null,"level_id":"2ee0f755-3993-4667-a616-c79bd2b7985e","display_point":{"type":"Point","coordinates":[30.370838704725919,60.007358374225305]}}},{"id":"d2011ab9-6f0d-4c93-8b01-175b4fe8a4c6","type":"Feature","feature_type":"unit","geometry":{"type":"Polygon","coordinates":[[[30.374530605481979,60.006773418889971],[30.374671223753307,60.006749692861106],[30.374648213098084,60.006715609045237],[30.374507594890964,60.0067393350741],[30.374530605481979,60.006773418889971]]]},"properties":{"category":"stairs","name":null,"alt_name":null,"restriction":null,"accessibility":null,"level_id":"2ee0f755-3993-4667-a616-c79bd2b7985e","display_point":{"type":"Point","coordinates":[30.374507594890964,60.0067393350741]}}},{"id":"6d3c60c2-f047-446e-9dbb-2621478fc453","type":"Feature","feature_type":"unit","geometry":{"type":"Polygon","coordinates":[[[30.371431192276173,60.008236035022776],[30.371678347017646,60.008194334363687],[30.371597813466924,60.008075040596445],[30.371350659120434,60.008116741255535],[30.371431192276173,60.008236035022776]]]},"properties":{"category":"auditorium","name":{"ru":"Лекторий 224","en":"Auditorium 224"},"alt_name":{"ru":"224","en":"224"},"restriction":null,"accessibility":null,"level_id":"2ee0f755-3993-4667-a616-c79bd2b7985e","display_point":{"type":"Point","coordinates":[30.371514502835709,60.008155537397933]}}},{"id":"1f82d0b9-fa47-40d6-8092-68ec1755dd4f","type":"Feature","feature_type":"unit","geometry":{"type":"Polygon","coordinates":[[[30.374900273011828,60.007517833646268],[30.374980811840231,60.00763712741351],[30.375240745301262,60.0075932698427],[30.375160206057469,60.00747397607546],[30.374900273011828,60.007517833646268]]]},"properties":{"category":"auditorium","name":{"ru":"Лекторий 283","en":"Auditorium 283"},"alt_name":{"ru":"283","en":"283"},"restriction":null,"accessibility":null,"level_id":"2ee0f755-3993-4667-a616-c79bd2b7985e","display_point":{"type":"Point","coordinates":[30.375070509265345,60.007555551470034]}}},{"id":"d9db81c5-f83e-4653-8f70-e3a16e3b345d","type":"Feature","feature_type":"unit","geometry":{"type":"Polygon","coordinates":[[[30.374848714260725,60.007659415592713],[30.374980811840231,60.00763712741351],[30.374900273011828,60.007517833646268],[30.374768175643428,60.007540121825471],[30.374848714260725,60.007659415592713]]]},"properties":{"category":"auditorium","name":{"ru":"Лекторий 284","en":"Auditorium 284"},"alt_name":{"ru":"284","en":"284"},"restriction":null,"accessibility":null,"level_id":"2ee0f755-3993-4667-a616-c79bd2b7985e","display_point":{"type":"Point","coordinates":[30.374874493801116,60.007588624482267]}}},{"id":"eed76ea1-ba5f-4bf4-bd36-e784854ef737","type":"Feature","feature_type":"unit","geometry":{"type":"Polygon","coordinates":[[[30.371678347017646,60.008194334363687],[30.371823230289177,60.008169888998317],[30.371742696506917,60.008050595231076],[30.371597813466924,60.008075040596445],[30.371678347017646,60.008194334363687]]]},"properties":{"category":"auditorium","name":{"ru":"Лекторий 225","en":"Auditorium 225"},"alt_name":{"ru":"225","en":"225"},"restriction":null,"accessibility":null,"level_id":"2ee0f755-3993-4667-a616-c79bd2b7985e","display_point":{"type":"Point","coordinates":[30.37171052193451,60.008122464385707]}}},{"id":"71335841-bedf-4204-92db-929218ce6b39","type":"Feature","feature_type":"unit","geometry":{"type":"Polygon","coordinates":[[[30.371695822626236,60.008058503815882],[30.371742696506917,60.008050595231076],[30.371719686908193,60.0080165114152],[30.371672813048914,60.008024420000005],[30.371695822626236,60.008058503815882]]]},"properties":{"category":"restroom.female","name":{"ru":"Туалет женский","en":"Restroom female"},"alt_name":{"ru":"Туалет Ж.","en":"Restroom F."},"restriction":null,"accessibility":null,"level_id":"2ee0f755-3993-4667-a616-c79bd2b7985e","display_point":{"type":"Point","coordinates":[30.371707754771009,60.008037507478313]}}},{"id":"733bf6b5-1c52-4cfd-8444-a66ba375ab4a","type":"Feature","feature_type":"unit","geometry":{"type":"Polygon","coordinates":[[[30.374490767121124,60.00715031361959],[30.374550423566024,60.007140247848618],[30.37449721125726,60.007061428767109],[30.37443755487535,60.007071494538074],[30.374490767121124,60.00715031361959]]]},"properties":{"category":"restroom.male","name":{"ru":"Туалет мужской","en":"Restroom male"},"alt_name":{"ru":"Туалет М.","en":"Restroom M."},"restriction":null,"accessibility":null,"level_id":"2ee0f755-3993-4667-a616-c79bd2b7985e","display_point":{"type":"Point","coordinates":[30.374493989054109,60.007105871193346]}}},{"id":"44f12423-7a58-4383-83af-9507eaf90580","type":"Feature","feature_type":"unit","geometry":{"type":"Polygon","coordinates":[[[30.371431213918758,60.007666538972728],[30.371490871020349,60.007656473201763],[30.371421843095913,60.00755422147968],[30.371362186076045,60.007564287250652],[30.371431213918758,60.007666538972728]]]},"properties":{"category":"restroom.male","name":{"ru":"Туалет мужской","en":"Restroom male"},"alt_name":{"ru":"Туалет М.","en":"Restroom M."},"restriction":null,"accessibility":null,"level_id":"2ee0f755-3993-4667-a616-c79bd2b7985e","display_point":{"type":"Point","coordinates":[30.371427061033135,60.007610290480677]}}},{"id":"4c640e97-8aec-423c-8e76-77942373325d","type":"Feature","feature_type":"unit","geometry":{"type":"Polygon","coordinates":[[[30.374089044686443,60.007630979707386],[30.374327672884689,60.007590717172405],[30.374270146002235,60.00750550722104],[30.374031518076379,60.007545769756021],[30.374089044686443,60.007630979707386]]]},"properties":{"category":"classroom","name":{"ru":"Кабинет -","en":"Classroom -"},"alt_name":{"ru":"-","en":"-"},"restriction":null,"accessibility":null,"level_id":"2ee0f755-3993-4667-a616-c79bd2b7985e","display_point":{"type":"Point","coordinates":[30.374179595567472,60.007568243464213]}}},{"id":"802666e1-68ea-4f96-82c0-f0793664260b","type":"Feature","feature_type":"unit","geometry":{"type":"Polygon","coordinates":[[[30.373966747792103,60.00763263108005],[30.374077539352573,60.007613937662221],[30.374031518076379,60.007545769756021],[30.373920726617087,60.00756446317385],[30.373966747792103,60.00763263108005]]]},"properties":{"category":"classroom","name":null,"alt_name":null,"restriction":null,"accessibility":null,"level_id":"2ee0f755-3993-4667-a616-c79bd2b7985e","display_point":{"type":"Point","coordinates":[30.373999132818255,60.007589200555259]}}},{"id":"ed6558d1-2a2d-4e23-ae28-e9c5f126a5d9","type":"Feature","feature_type":"unit","geometry":{"type":"Polygon","coordinates":[[[30.374316167496342,60.00757367512724],[30.374426958859306,60.007554981709411],[30.374380937264025,60.007486813803212],[30.374270146002235,60.00750550722104],[30.374316167496342,60.00757367512724]]]},"properties":{"category":"classroom","name":{"ru":"Кабинет 260","en":"Classroom 260"},"alt_name":{"ru":"260","en":"260"},"restriction":null,"accessibility":null,"level_id":"2ee0f755-3993-4667-a616-c79bd2b7985e","display_point":{"type":"Point","coordinates":[30.3743485522642,60.007530244602449]}}},{"id":"23d85377-8820-45ba-91c9-2b3a01548ada","type":"Feature","feature_type":"unit","geometry":{"type":"Polygon","coordinates":[[[30.374424082712697,60.007550721129512],[30.374786285178416,60.007489607990536],[30.374743139419657,60.007425700664236],[30.374380937264025,60.007486813803212],[30.374424082712697,60.007550721129512]]]},"properties":{"category":"classroom","name":{"ru":"Кабинет 285","en":"Classroom 285"},"alt_name":{"ru":"285","en":"285"},"restriction":null,"accessibility":null,"level_id":"2ee0f755-3993-4667-a616-c79bd2b7985e","display_point":{"type":"Point","coordinates":[30.374583611216938,60.0074882110341]}}},{"id":"d5e0df5b-1c3e-4c6e-bb5c-e15e7e98c906","type":"Feature","feature_type":"unit","geometry":{"type":"Polygon","coordinates":[[[30.371206873798485,60.007334220875975],[30.371253747224376,60.007326312016723],[30.371230738129547,60.007292228200846],[30.371183864725062,60.0073001370601],[30.371206873798485,60.007334220875975]]]},"properties":{"category":"restroom.female","name":{"ru":"Туалет женский","en":"Restroom female"},"alt_name":{"ru":"Туалет Ж.","en":"Restroom F."},"restriction":null,"accessibility":null,"level_id":"2ee0f755-3993-4667-a616-c79bd2b7985e","display_point":{"type":"Point","coordinates":[30.371218806242318,60.00731322426396]}}},{"id":"0aa9636f-c3ea-4ea5-8d8f-5a2c33da803d","type":"Feature","feature_type":"unit","geometry":{"type":"Polygon","coordinates":[[[30.371970683030323,60.007727382051762],[30.372030340104679,60.007717316555237],[30.371978568331009,60.007640627763685],[30.372149018251456,60.007611868574884],[30.372200790200239,60.007688557366443],[30.372260447204571,60.00767849159547],[30.372197170350184,60.007584760758746],[30.371907406539776,60.007633651215038],[30.371970683030323,60.007727382051762]]]},"properties":{"category":"walkway","name":null,"alt_name":null,"restriction":null,"accessibility":null,"level_id":"2ee0f755-3993-4667-a616-c79bd2b7985e","display_point":{"type":"Point","coordinates":[30.372086802950044,60.007660331985157]}}},{"id":"d1d9e9b5-d7a8-43d2-8ee9-7bf8a7f0ca85","type":"Feature","feature_type":"unit","geometry":{"type":"Polygon","coordinates":[[[30.373905279709707,60.007400966850689],[30.373964936469768,60.007390901079717],[30.3739131627086,60.007314212288158],[30.374083610672262,60.007285453099357],[30.374135384608536,60.007362141890916],[30.37419504157306,60.0073520763944],[30.374131762289508,60.007258345557673],[30.373842000789988,60.007307236013965],[30.373905279709707,60.007400966850689]]]},"properties":{"category":"walkway","name":null,"alt_name":null,"restriction":null,"accessibility":null,"level_id":"2ee0f755-3993-4667-a616-c79bd2b7985e","display_point":{"type":"Point","coordinates":[30.37402139736982,60.007333916509637]}}},{"id":"4b287f11-5324-406a-b8f1-eea67b37d26a","type":"Feature","feature_type":"unit","geometry":{"type":"Polygon","coordinates":[[[30.372870444740066,60.007471162676559],[30.372806526428118,60.007481947235135],[30.372933081709263,60.007669408908576],[30.373359204556841,60.007597511211024],[30.37323264820558,60.007410049537583],[30.373168730011738,60.007420834370606],[30.373273714131507,60.007576342243674],[30.372975428238437,60.007626670549627],[30.372870444740066,60.007471162676559]]]},"properties":{"category":"walkway","name":null,"alt_name":null,"restriction":null,"accessibility":null,"level_id":"2ee0f755-3993-4667-a616-c79bd2b7985e","display_point":{"type":"Point","coordinates":[30.37298102123426,60.007613862188151]}}},{"id":"c2695e81-d5d9-4526-875d-dad026ea96bd","type":"Feature","feature_type":"unit","geometry":{"type":"Polygon","coordinates":[[[30.372196741236298,60.007717715058334],[30.372179855304946,60.007741920004484],[30.372289151919922,60.007903818747408],[30.372327609692274,60.007911567327184],[30.372339114627042,60.007928609372343],[30.372428600694413,60.007913510990342],[30.372411343126583,60.007887948059818],[30.37249182873401,60.007810300061436],[30.372428551425649,60.007716569224712],[30.372332492317611,60.007694810736261],[30.372196741236298,60.007717715058334]]]},"properties":{"category":"auditorium","name":{"ru":"Лекторий 237","en":"Auditorium 237"},"alt_name":{"ru":"237","en":"237"},"restriction":null,"accessibility":null,"level_id":"2ee0f755-3993-4667-a616-c79bd2b7985e","display_point":{"type":"Point","coordinates":[30.372316855347343,60.007795923760447]}}},{"id":"b70645f0-375c-446e-bcc7-1d838434a1a5","type":"Feature","feature_type":"unit","geometry":{"type":"Polygon","coordinates":[[[30.371946388295715,60.007902329026479],[30.372104532746569,60.007939714489879],[30.372121790209341,60.007965277145949],[30.372211276375914,60.007950179038396],[30.372199771470342,60.007933136718783],[30.372220971473357,60.007915322642489],[30.372111675006256,60.007753423899565],[30.372068903346353,60.007739284449933],[30.372022029725276,60.007747193309193],[30.371933152082477,60.00776218904646],[30.371883111672236,60.007808598189754],[30.371946388295715,60.007902329026479]]]},"properties":{"category":"auditorium","name":{"ru":"Лекторий 235","en":"Auditorium 235"},"alt_name":{"ru":"235","en":"235"},"restriction":null,"accessibility":null,"level_id":"2ee0f755-3993-4667-a616-c79bd2b7985e","display_point":{"type":"Point","coordinates":[30.372068927857036,60.007837755332744]}}},{"id":"a21baf6f-6d09-4c3b-a973-2d584b44e125","type":"Feature","feature_type":"unit","geometry":{"type":"Polygon","coordinates":[[[30.372243614815581,60.007709806473528],[30.372332492317611,60.007694810736261],[30.372260447204571,60.00767849159547],[30.372243614815581,60.007709806473528]]]},"properties":{"category":"classroom","name":{"ru":"Кабинет 238","en":"Classroom 238"},"alt_name":{"ru":"238","en":"238"},"restriction":null,"accessibility":null,"level_id":"2ee0f755-3993-4667-a616-c79bd2b7985e","display_point":{"type":"Point","coordinates":[30.372278851355578,60.007694369418786]}}},{"id":"cf5ed5ee-596f-4df4-a168-166af041c6af","type":"Feature","feature_type":"unit","geometry":{"type":"Polygon","coordinates":[[[30.371933152082477,60.00776218904646],[30.372022029725276,60.007747193309193],[30.371970683030323,60.007727382051762],[30.371933152082477,60.00776218904646]]]},"properties":{"category":"classroom","name":{"ru":"Кабинет 234","en":"Classroom 234"},"alt_name":{"ru":"234","en":"234"},"restriction":null,"accessibility":null,"level_id":"2ee0f755-3993-4667-a616-c79bd2b7985e","display_point":{"type":"Point","coordinates":[30.37197528800759,60.007745588044315]}}},{"id":"3bba2ea8-f1c6-49ef-b5ba-f4285dc8bd52","type":"Feature","feature_type":"unit","geometry":{"type":"Polygon","coordinates":[[[30.372220971473357,60.007915322642489],[30.372199771470342,60.007933136718783],[30.372211276375914,60.007950179038396],[30.372339114627042,60.007928609372343],[30.372327609692274,60.007911567327184],[30.372289151919922,60.007903818747408],[30.372179855304946,60.007741920004484],[30.372196741236298,60.007717715058334],[30.372179484083652,60.007692152127817],[30.372051646237487,60.007713721519416],[30.372068903346353,60.007739284449933],[30.372111675006256,60.007753423899565],[30.372220971473357,60.007915322642489]]]},"properties":{"category":"room","name":null,"alt_name":null,"restriction":"restricted","accessibility":null,"level_id":"2ee0f755-3993-4667-a616-c79bd2b7985e","display_point":{"type":"Point","coordinates":[30.372141875563237,60.0077981591652]}}},{"id":"a56d0650-d796-445d-8a52-c55d7e1b8658","type":"Feature","feature_type":"unit","geometry":{"type":"Polygon","coordinates":[[[30.372022029725276,60.007747193309193],[30.372068903346353,60.007739284449933],[30.372051646237487,60.007713721519416],[30.371970683030323,60.007727382051762],[30.372022029725276,60.007747193309193]]]},"properties":{"category":"walkway","name":null,"alt_name":null,"restriction":null,"accessibility":null,"level_id":"2ee0f755-3993-4667-a616-c79bd2b7985e","display_point":{"type":"Point","coordinates":[30.372028315859204,60.007731895401186]}}},{"id":"27d9494e-f9f9-484d-9045-8300332bdd57","type":"Feature","feature_type":"unit","geometry":{"type":"Polygon","coordinates":[[[30.372196741236298,60.007717715058334],[30.372243614815581,60.007709806473528],[30.372260447204571,60.00767849159547],[30.372179484083652,60.007692152127817],[30.372196741236298,60.007717715058334]]]},"properties":{"category":"walkway","name":null,"alt_name":null,"restriction":null,"accessibility":null,"level_id":"2ee0f755-3993-4667-a616-c79bd2b7985e","display_point":{"type":"Point","coordinates":[30.372220071563291,60.007699541451011]}}},{"id":"df492c74-e70e-42ad-98a9-cce6f4f2d4b1","type":"Feature","feature_type":"unit","geometry":{"type":"Polygon","coordinates":[[[30.37179981178172,60.007604347515127],[30.371861599436375,60.007593922213125],[30.371792571004118,60.007491670491049],[30.3717307834341,60.007502095793043],[30.37179981178172,60.007604347515127]]]},"properties":{"category":"classroom","name":{"ru":"Кабинет 231","en":"Classroom 231"},"alt_name":{"ru":"231","en":"231"},"restriction":null,"accessibility":null,"level_id":"2ee0f755-3993-4667-a616-c79bd2b7985e","display_point":{"type":"Point","coordinates":[30.371794060451212,60.00754836853411]}}},{"id":"1cbe883c-61c6-4668-808a-3907668bf4e6","type":"Feature","feature_type":"unit","geometry":{"type":"Polygon","coordinates":[[[30.371861599436375,60.007593922213125],[30.372185453697032,60.007539280083748],[30.372116424821158,60.007437028361664],[30.372104919754769,60.007419986316506],[30.372070829767793,60.007425738264047],[30.372052134471943,60.007398045043573],[30.371796460848024,60.007441183552324],[30.371815156049035,60.007468876498343],[30.371781066011664,60.007474628445884],[30.371861599436375,60.007593922213125]]]},"properties":{"category":"auditorium","name":{"ru":"Лекторий 232","en":"Auditorium 232"},"alt_name":{"ru":"232","en":"232"},"restriction":null,"accessibility":null,"level_id":"2ee0f755-3993-4667-a616-c79bd2b7985e","display_point":{"type":"Point","coordinates":[30.371983259755527,60.007506954402039]}}},{"id":"8e525377-204a-4e7f-bff7-68614b542645","type":"Feature","feature_type":"unit","geometry":{"type":"Polygon","coordinates":[[[30.373664095921889,60.007289795191262],[30.373730144278781,60.0072786508272],[30.373661113287003,60.007176399105127],[30.373595065020584,60.007187543469179],[30.373664095921889,60.007289795191262]]]},"properties":{"category":"classroom","name":{"ru":"Кабинет 255","en":"Classroom 255"},"alt_name":{"ru":"255","en":"255"},"restriction":null,"accessibility":null,"level_id":"2ee0f755-3993-4667-a616-c79bd2b7985e","display_point":{"type":"Point","coordinates":[30.373662604603169,60.007233097148195]}}},{"id":"e018fcf4-890d-4057-a978-d975dda9eb1c","type":"Feature","feature_type":"unit","geometry":{"type":"Polygon","coordinates":[[[30.373730144278781,60.0072786508272],[30.373796192887905,60.007267506737605],[30.373727161805657,60.007165255015522],[30.373661113287003,60.007176399105127],[30.373730144278781,60.0072786508272]]]},"properties":{"category":"classroom","name":{"ru":"Кабинет 256","en":"Classroom 256"},"alt_name":{"ru":"256","en":"256"},"restriction":null,"accessibility":null,"level_id":"2ee0f755-3993-4667-a616-c79bd2b7985e","display_point":{"type":"Point","coordinates":[30.373728653178187,60.00722195305859]}}},{"id":"148c77a9-61d5-43e4-a56e-e67d32bfe045","type":"Feature","feature_type":"unit","geometry":{"type":"Polygon","coordinates":[[[30.373399901173809,60.007334371549668],[30.373598047268253,60.00730093928086],[30.373529016457422,60.007198687558784],[30.373330870634394,60.007232119827592],[30.373399901173809,60.007334371549668]]]},"properties":{"category":"classroom","name":{"ru":"Кабинет 253","en":"Classroom 253"},"alt_name":{"ru":"253","en":"253"},"restriction":null,"accessibility":null,"level_id":"2ee0f755-3993-4667-a616-c79bd2b7985e","display_point":{"type":"Point","coordinates":[30.37346232809859,60.007266888948031]}}},{"id":"451a11b8-4099-492d-8b86-21f99aa94aeb","type":"Feature","feature_type":"unit","geometry":{"type":"Polygon","coordinates":[[[30.373331721781891,60.007345875444749],[30.373399901173809,60.007334371549668],[30.373330870634394,60.007232119827592],[30.373262691335871,60.007243623722673],[30.373331721781891,60.007345875444749]]]},"properties":{"category":"classroom","name":{"ru":"Кабинет 252","en":"Classroom 252"},"alt_name":{"ru":"252","en":"252"},"restriction":null,"accessibility":null,"level_id":"2ee0f755-3993-4667-a616-c79bd2b7985e","display_point":{"type":"Point","coordinates":[30.373330231021306,60.007289177401681]}}},{"id":"7cbacd7f-84b8-4aae-86e6-d73086315410","type":"Feature","feature_type":"unit","geometry":{"type":"Polygon","coordinates":[[[30.372649927519234,60.007460911651052],[30.372777763995458,60.007439342259453],[30.372635390396475,60.007228448219891],[30.372507554144168,60.00725001761149],[30.372649927519234,60.007460911651052]]]},"properties":{"category":"classroom","name":null,"alt_name":null,"restriction":null,"accessibility":null,"level_id":"2ee0f755-3993-4667-a616-c79bd2b7985e","display_point":{"type":"Point","coordinates":[30.372642659082342,60.007344679661017]}}},{"id":"fe3f6b2e-ccfc-4b39-9676-3b9d72eb35a3","type":"Feature","feature_type":"unit","geometry":{"type":"Polygon","coordinates":[[[30.371738023558606,60.007614772542674],[30.37179981178172,60.007604347515127],[30.3717307834341,60.007502095793043],[30.371668995295622,60.00751252082059],[30.371738023558606,60.007614772542674]]]},"properties":{"category":"classroom","name":{"ru":"Кабинет 230","en":"Classroom 230"},"alt_name":{"ru":"230","en":"230"},"restriction":null,"accessibility":null,"level_id":"2ee0f755-3993-4667-a616-c79bd2b7985e","display_point":{"type":"Point","coordinates":[30.37173227227948,60.007558793561657]}}},{"id":"5d6ec619-9439-4835-92af-b62e3aae0783","type":"Feature","feature_type":"unit","geometry":{"type":"Polygon","coordinates":[[[30.371676235316016,60.007625197570221],[30.371738023558606,60.007614772542674],[30.371668995295622,60.00751252082059],[30.371607207137668,60.007522945848137],[30.371676235316016,60.007625197570221]]]},"properties":{"category":"classroom","name":{"ru":"Кабинет 229","en":"Classroom 229"},"alt_name":{"ru":"229","en":"229"},"restriction":null,"accessibility":null,"level_id":"2ee0f755-3993-4667-a616-c79bd2b7985e","display_point":{"type":"Point","coordinates":[30.371670484637256,60.007569218863658]}}},{"id":"67e3d787-eb3a-4b58-8b27-e30b02eb50a3","type":"Feature","feature_type":"unit","geometry":{"type":"Polygon","coordinates":[[[30.37161444760293,60.007635622872215],[30.371676235316016,60.007625197570221],[30.371607207137668,60.007522945848137],[30.371545419509218,60.007533371150139],[30.37161444760293,60.007635622872215]]]},"properties":{"category":"classroom","name":{"ru":"Кабинет 228","en":"Classroom 228"},"alt_name":{"ru":"228","en":"228"},"restriction":null,"accessibility":null,"level_id":"2ee0f755-3993-4667-a616-c79bd2b7985e","display_point":{"type":"Point","coordinates":[30.371608696426577,60.007579643891205]}}},{"id":"6d40cbb1-5b21-4063-b4b0-441443f01127","type":"Feature","feature_type":"unit","geometry":{"type":"Polygon","coordinates":[[[30.37155265932137,60.007646048174216],[30.37161444760293,60.007635622872215],[30.371545419509218,60.007533371150139],[30.371483631312298,60.007543796452133],[30.37155265932137,60.007646048174216]]]},"properties":{"category":"classroom","name":{"ru":"Кабинет 227","en":"Classroom 227"},"alt_name":{"ru":"227","en":"227"},"restriction":null,"accessibility":null,"level_id":"2ee0f755-3993-4667-a616-c79bd2b7985e","display_point":{"type":"Point","coordinates":[30.371546908745398,60.007590069193206]}}},{"id":"80466f10-2eeb-4fec-9bcb-5f0bf677413e","type":"Feature","feature_type":"unit","geometry":{"type":"Polygon","coordinates":[[[30.371490871020349,60.007656473201763],[30.37155265932137,60.007646048174216],[30.371483631312298,60.007543796452133],[30.371421843095913,60.00755422147968],[30.371490871020349,60.007656473201763]]]},"properties":{"category":"classroom","name":{"ru":"Кабинет 226","en":"Classroom 226"},"alt_name":{"ru":"226","en":"226"},"restriction":null,"accessibility":null,"level_id":"2ee0f755-3993-4667-a616-c79bd2b7985e","display_point":{"type":"Point","coordinates":[30.371485120495763,60.007600494220753]}}},{"id":"38e64533-e4c1-4f09-a132-edc544b7b5bd","type":"Feature","feature_type":"unit","geometry":{"type":"Polygon","coordinates":[[[30.3711254627921,60.00786049937534],[30.371214949044372,60.007845400718885],[30.371197692237853,60.007819837788361],[30.371351098113703,60.007793954847784],[30.371322336345578,60.007751350146549],[30.371364683830745,60.007708611513152],[30.371343112522446,60.007676657987226],[30.371344550499213,60.007678788277182],[30.371259061025349,60.007657619309832],[30.371246118168674,60.007638446974717],[30.371230299375803,60.007615014334149],[30.371076893867691,60.007640897274726],[30.371059637167878,60.007615334344209],[30.370970151191408,60.007630433000664],[30.3711254627921,60.00786049937534]]]},"properties":{"category":"auditorium","name":{"ru":"Лекторий 215","en":"Auditorium 215"},"alt_name":{"ru":"215","en":"215"},"restriction":null,"accessibility":null,"level_id":"2ee0f755-3993-4667-a616-c79bd2b7985e","display_point":{"type":"Point","coordinates":[30.3712214914761,60.007708943324609]}}},{"id":"26aa8a1b-9292-48f0-874b-237d8f1fd9fc","type":"Feature","feature_type":"unit","geometry":{"type":"Polygon","coordinates":[[[30.371259061025349,60.007657619309832],[30.371344550499213,60.007678788277182],[30.37132297948488,60.0076468344768],[30.371259061025349,60.007657619309832]]]},"properties":{"category":"classroom","name":null,"alt_name":null,"restriction":null,"accessibility":null,"level_id":"2ee0f755-3993-4667-a616-c79bd2b7985e","display_point":{"type":"Point","coordinates":[30.371308863483776,60.007661080687939]}}},{"id":"1fa6354a-2f41-466d-a5ad-2f728560d4db","type":"Feature","feature_type":"unit","geometry":{"type":"Polygon","coordinates":[[[30.371213042623456,60.007589451403625],[30.371259061025349,60.007657619309832],[30.37132297948488,60.0076468344768],[30.371276961024616,60.0075786665706],[30.371213042623456,60.007589451403625]]]},"properties":{"category":"classroom","name":null,"alt_name":null,"restriction":null,"accessibility":null,"level_id":"2ee0f755-3993-4667-a616-c79bd2b7985e","display_point":{"type":"Point","coordinates":[30.371273683639611,60.007615999339386]}}},{"id":"121cb846-9f41-4a59-8fca-387315258a35","type":"Feature","feature_type":"unit","geometry":{"type":"Polygon","coordinates":[[[30.371059637167878,60.007615334344209],[30.371076893867691,60.007640897274726],[30.371230299375803,60.007615014334149],[30.371213042623456,60.007589451403625],[30.371059637167878,60.007615334344209]]]},"properties":{"category":"classroom","name":{"ru":"Кабинет 214","en":"Classroom 214"},"alt_name":{"ru":"214","en":"214"},"restriction":null,"accessibility":null,"level_id":"2ee0f755-3993-4667-a616-c79bd2b7985e","display_point":{"type":"Point","coordinates":[30.371144968546545,60.007615174339179]}}},{"id":"f0d78bff-0066-4c21-a47e-1556017c03ec","type":"Feature","feature_type":"unit","geometry":{"type":"Polygon","coordinates":[[[30.371197692237853,60.007819837788361],[30.371214949044372,60.007845400718885],[30.371368354972759,60.0078195177783],[30.371351098113703,60.007793954847784],[30.371197692237853,60.007819837788361]]]},"properties":{"category":"classroom","name":{"ru":"Кабинет 216","en":"Classroom 216"},"alt_name":{"ru":"216","en":"216"},"restriction":null,"accessibility":null,"level_id":"2ee0f755-3993-4667-a616-c79bd2b7985e","display_point":{"type":"Point","coordinates":[30.371283023880011,60.007819677783331]}}},{"id":"560eed01-2cb8-4bf9-a5d4-8cf16418e1ff","type":"Feature","feature_type":"unit","geometry":{"type":"Polygon","coordinates":[[[30.371322336345578,60.007751350146549],[30.371368354972759,60.0078195177783],[30.371432273570921,60.007808732945279],[30.371386254885369,60.007740565313526],[30.371322336345578,60.007751350146549]]]},"properties":{"category":"stairs","name":null,"alt_name":null,"restriction":null,"accessibility":null,"level_id":"2ee0f755-3993-4667-a616-c79bd2b7985e","display_point":{"type":"Point","coordinates":[30.371382977554042,60.007777897807856]}}},{"id":"d42d6045-99f6-47a7-9c16-2a70650e839f","type":"Feature","feature_type":"unit","geometry":{"type":"Polygon","coordinates":[[[30.371322336345578,60.007751350146549],[30.371386254885369,60.007740565313526],[30.371364683830745,60.007708611513152],[30.371322336345578,60.007751350146549]]]},"properties":{"category":"classroom","name":null,"alt_name":null,"restriction":null,"accessibility":null,"level_id":"2ee0f755-3993-4667-a616-c79bd2b7985e","display_point":{"type":"Point","coordinates":[30.371357758539926,60.007733509174045]}}},{"id":"f1b22b6e-7bd8-49e7-893e-2d3578fc48b0","type":"Feature","feature_type":"unit","geometry":{"type":"Polygon","coordinates":[[[30.371072421189158,60.007613177706943],[30.371276961024616,60.0075786665706],[30.3712546706783,60.007545647899704],[30.371050130933316,60.007580159036046],[30.371072421189158,60.007613177706943]]]},"properties":{"category":"classroom","name":{"ru":"Кабинет 213","en":"Classroom 213"},"alt_name":{"ru":"213","en":"213"},"restriction":null,"accessibility":null,"level_id":"2ee0f755-3993-4667-a616-c79bd2b7985e","display_point":{"type":"Point","coordinates":[30.371163545842997,60.007579412803324]}}},{"id":"df062306-385e-4884-a589-28a664c78f97","type":"Feature","feature_type":"unit","geometry":{"type":"Polygon","coordinates":[[[30.371050130933316,60.007580159036046],[30.3712546706783,60.007545647899704],[30.371232380628747,60.007512628954352],[30.371027840974239,60.007547140090693],[30.371050130933316,60.007580159036046]]]},"properties":{"category":"classroom","name":{"ru":"Кабинет 212","en":"Classroom 212"},"alt_name":{"ru":"212","en":"212"},"restriction":null,"accessibility":null,"level_id":"2ee0f755-3993-4667-a616-c79bd2b7985e","display_point":{"type":"Point","coordinates":[30.371141255827542,60.007546394132426]}}},{"id":"cf310519-e7b8-403d-aeaf-032d766a499a","type":"Feature","feature_type":"unit","geometry":{"type":"Polygon","coordinates":[[[30.371027840974239,60.007547140090693],[30.371232380628747,60.007512628954352],[30.37121009032694,60.007479610283454],[30.371005550762906,60.007514121419796],[30.371027840974239,60.007547140090693]]]},"properties":{"category":"classroom","name":{"ru":"Кабинет 211","en":"Classroom 211"},"alt_name":{"ru":"211","en":"211"},"restriction":null,"accessibility":null,"level_id":"2ee0f755-3993-4667-a616-c79bd2b7985e","display_point":{"type":"Point","coordinates":[30.371118965834356,60.007513375187074]}}},{"id":"d300288b-9b95-40dc-9593-4b51eccc0912","type":"Feature","feature_type":"unit","geometry":{"type":"Polygon","coordinates":[[[30.371005550762906,60.007514121419796],[30.37121009032694,60.007479610283454],[30.371187800321895,60.0074465913381],[30.370983260848337,60.007481102474443],[30.371005550762906,60.007514121419796]]]},"properties":{"category":"classroom","name":{"ru":"Кабинет 210","en":"Classroom 210"},"alt_name":{"ru":"210","en":"210"},"restriction":null,"accessibility":null,"level_id":"2ee0f755-3993-4667-a616-c79bd2b7985e","display_point":{"type":"Point","coordinates":[30.371096675588909,60.007480356516176]}}},{"id":"3407dbc7-8145-464e-af47-e9c155e1b517","type":"Feature","feature_type":"unit","geometry":{"type":"Polygon","coordinates":[[[30.370983260848337,60.007481102474443],[30.371187800321895,60.0074465913381],[30.37116551033909,60.007413572667204],[30.370960970956006,60.007448083803546],[30.370983260848337,60.007481102474443]]]},"properties":{"category":"classroom","name":{"ru":"Кабинет 209","en":"Classroom 209"},"alt_name":{"ru":"209","en":"209"},"restriction":null,"accessibility":null,"level_id":"2ee0f755-3993-4667-a616-c79bd2b7985e","display_point":{"type":"Point","coordinates":[30.371074385640231,60.007447337570824]}}},{"id":"133e4311-b6ae-4ab1-b170-91ae4bb5cbeb","type":"Feature","feature_type":"unit","geometry":{"type":"Polygon","coordinates":[[[30.370960970956006,60.007448083803546],[30.37116551033909,60.007413572667204],[30.371143220378553,60.007380553721852],[30.370938681085942,60.007415064858193],[30.370960970956006,60.007448083803546]]]},"properties":{"category":"classroom","name":{"ru":"Кабинет 208","en":"Classroom 208"},"alt_name":{"ru":"208","en":"208"},"restriction":null,"accessibility":null,"level_id":"2ee0f755-3993-4667-a616-c79bd2b7985e","display_point":{"type":"Point","coordinates":[30.371052095439289,60.007414318899926]}}},{"id":"c9af1cda-0d44-4973-8aab-ed536fc2d88e","type":"Feature","feature_type":"unit","geometry":{"type":"Polygon","coordinates":[[[30.370938681085942,60.007415064858193],[30.371143220378553,60.007380553721852],[30.371121649009726,60.007348600195925],[30.370917109804672,60.007383111332267],[30.370938681085942,60.007415064858193]]]},"properties":{"category":"classroom","name":{"ru":"Кабинет 207","en":"Classroom 207"},"alt_name":{"ru":"207","en":"207"},"restriction":null,"accessibility":null,"level_id":"2ee0f755-3993-4667-a616-c79bd2b7985e","display_point":{"type":"Point","coordinates":[30.37102980553512,60.007381299954574]}}},{"id":"e53899a0-da95-4d4e-ab7a-f35602a5e364","type":"Feature","feature_type":"unit","geometry":{"type":"Polygon","coordinates":[[[30.371383046375854,60.008073310730744],[30.371587587472131,60.0080387995944],[30.371566015948485,60.008006845794029],[30.371361474939764,60.00804135693037],[30.371383046375854,60.008073310730744]]]},"properties":{"category":"classroom","name":{"ru":"Кабинет 223","en":"Classroom 223"},"alt_name":{"ru":"223","en":"223"},"restriction":null,"accessibility":null,"level_id":"2ee0f755-3993-4667-a616-c79bd2b7985e","display_point":{"type":"Point","coordinates":[30.371474890911248,60.0080406104232]}}},{"id":"c5133b94-52b3-4153-abd1-4ef51d9398eb","type":"Feature","feature_type":"unit","geometry":{"type":"Polygon","coordinates":[[[30.371361474939764,60.00804135693037],[30.371566015948485,60.008006845794029],[30.371543725588079,60.007973827123131],[30.371339184669836,60.008008338259472],[30.371361474939764,60.00804135693037]]]},"properties":{"category":"classroom","name":{"ru":"Кабинет 222","en":"Classroom 222"},"alt_name":{"ru":"222","en":"222"},"restriction":null,"accessibility":null,"level_id":"2ee0f755-3993-4667-a616-c79bd2b7985e","display_point":{"type":"Point","coordinates":[30.371452600310455,60.008007591752296]}}},{"id":"70b71129-4cc4-42f1-ae64-ab208b9bd562","type":"Feature","feature_type":"unit","geometry":{"type":"Polygon","coordinates":[[[30.371339184669836,60.008008338259472],[30.371543725588079,60.007973827123131],[30.371521435249946,60.007940808177779],[30.371316894422179,60.00797531931412],[30.371339184669836,60.008008338259472]]]},"properties":{"category":"classroom","name":{"ru":"Кабинет 221","en":"Classroom 221"},"alt_name":{"ru":"221","en":"221"},"restriction":null,"accessibility":null,"level_id":"2ee0f755-3993-4667-a616-c79bd2b7985e","display_point":{"type":"Point","coordinates":[30.371430310006417,60.0079745730814]}}},{"id":"f5be9106-e66e-4a93-b394-d60add968f18","type":"Feature","feature_type":"unit","geometry":{"type":"Polygon","coordinates":[[[30.371316894422179,60.00797531931412],[30.371521435249946,60.007940808177779],[30.371499144934049,60.007907789506881],[30.371294604196759,60.007942300643222],[30.371316894422179,60.00797531931412]]]},"properties":{"category":"classroom","name":{"ru":"Кабинет 220","en":"Classroom 220"},"alt_name":{"ru":"220","en":"220"},"restriction":null,"accessibility":null,"level_id":"2ee0f755-3993-4667-a616-c79bd2b7985e","display_point":{"type":"Point","coordinates":[30.37140801972463,60.0079415544105]}}},{"id":"74847e6c-d7c5-42c7-88f0-6a497194a331","type":"Feature","feature_type":"unit","geometry":{"type":"Polygon","coordinates":[[[30.371294604196759,60.007942300643222],[30.371499144934049,60.007907789506881],[30.371476854365923,60.007874770561529],[30.371272313719111,60.00790928169787],[30.371294604196759,60.007942300643222]]]},"properties":{"category":"classroom","name":{"ru":"Кабинет 219","en":"Classroom 219"},"alt_name":{"ru":"219","en":"219"},"restriction":null,"accessibility":null,"level_id":"2ee0f755-3993-4667-a616-c79bd2b7985e","display_point":{"type":"Point","coordinates":[30.371385729190603,60.0079085357396]}}},{"id":"2d13370e-d42c-47fe-92a2-4b65f17146f4","type":"Feature","feature_type":"unit","geometry":{"type":"Polygon","coordinates":[[[30.371272313719111,60.00790928169787],[30.371476854365923,60.007874770561529],[30.371454563820038,60.007841751890631],[30.3712500232637,60.007876263026972],[30.371272313719111,60.00790928169787]]]},"properties":{"category":"classroom","name":{"ru":"Кабинет 218","en":"Classroom 218"},"alt_name":{"ru":"218","en":"218"},"restriction":null,"accessibility":null,"level_id":"2ee0f755-3993-4667-a616-c79bd2b7985e","display_point":{"type":"Point","coordinates":[30.371363438953342,60.00787551679425]}}},{"id":"4b5d2b40-8921-4d71-96a6-b65fcd080fe7","type":"Feature","feature_type":"unit","geometry":{"type":"Polygon","coordinates":[[[30.3712500232637,60.007876263026972],[30.371454563820038,60.007841751890631],[30.371432273570921,60.007808732945279],[30.371227733105055,60.00784324408162],[30.3712500232637,60.007876263026972]]]},"properties":{"category":"classroom","name":{"ru":"Кабинет 217","en":"Classroom 217"},"alt_name":{"ru":"217","en":"217"},"restriction":null,"accessibility":null,"level_id":"2ee0f755-3993-4667-a616-c79bd2b7985e","display_point":{"type":"Point","coordinates":[30.371341148738317,60.007842498123352]}}},{"id":"bcae4425-ce6e-4dc7-a2fc-c41de8fed8e7","type":"Feature","feature_type":"unit","geometry":{"type":"Polygon","coordinates":[[[30.373836088294397,60.007467217715494],[30.37390426772366,60.007455714094867],[30.373946666631383,60.007420085393377],[30.374151204370097,60.007385574531483],[30.374135384608536,60.007362141890916],[30.373905279709707,60.007400966850689],[30.373831773862936,60.007460826845637],[30.373836088294397,60.007467217715494]]]},"properties":{"category":"classroom","name":{"ru":"Кабинет 259","en":"Classroom 259"},"alt_name":{"ru":"259","en":"259"},"restriction":null,"accessibility":null,"level_id":"2ee0f755-3993-4667-a616-c79bd2b7985e","display_point":{"type":"Point","coordinates":[30.3739430180772,60.007407650285487]}}},{"id":"4d022934-a3a4-4f41-8526-cc1811b68d3a","type":"Feature","feature_type":"unit","geometry":{"type":"Polygon","coordinates":[[[30.374151204370097,60.007385574531483],[30.374193816463631,60.007378384734288],[30.374284952968164,60.007393855546525],[30.37433816529143,60.007472674628033],[30.374385038715527,60.007464765768773],[30.374326073665127,60.007377425527459],[30.37419504157306,60.0073520763944],[30.374135384608536,60.007362141890916],[30.374151204370097,60.007385574531483]]]},"properties":{"category":"classroom","name":null,"alt_name":null,"restriction":null,"accessibility":null,"level_id":"2ee0f755-3993-4667-a616-c79bd2b7985e","display_point":{"type":"Point","coordinates":[30.374252454727632,60.007398448761236]}}},{"id":"ce1601e1-bf4e-43f5-830e-a64e178d7db7","type":"Feature","feature_type":"unit","geometry":{"type":"Polygon","coordinates":[[[30.373903681666061,60.00756733914762],[30.374397982173551,60.007483937829441],[30.374385038715527,60.007464765768773],[30.37433816529143,60.007472674628033],[30.374284952968164,60.007393855546525],[30.374193816463631,60.007378384734288],[30.373946666631383,60.007420085393377],[30.37390426772366,60.007455714094867],[30.373836088294397,60.007467217715494],[30.373846155350133,60.007482129470709],[30.373903681666061,60.00756733914762]]]},"properties":{"category":"classroom","name":null,"alt_name":{"ru":"-","en":"-"},"restriction":null,"accessibility":null,"level_id":"2ee0f755-3993-4667-a616-c79bd2b7985e","display_point":{"type":"Point","coordinates":[30.374103681490748,60.007458610378023]}}},{"id":"ddc1f0a3-18d8-44cf-be96-da86f71c0da4","type":"Feature","feature_type":"unit","geometry":{"type":"Polygon","coordinates":[[[30.373203885529712,60.0073674445619],[30.373331721781891,60.007345875444749],[30.373189346617878,60.007134981405187],[30.373061510726856,60.007156550522339],[30.373203885529712,60.0073674445619]]]},"properties":{"category":"classroom","name":null,"alt_name":null,"restriction":null,"accessibility":null,"level_id":"2ee0f755-3993-4667-a616-c79bd2b7985e","display_point":{"type":"Point","coordinates":[30.37319661612965,60.00725121284632]}}},{"id":"d1cf13a1-dc6e-4353-bb7c-653fe35daeda","type":"Feature","feature_type":"unit","geometry":{"type":"Polygon","coordinates":[[[30.373796192887905,60.007267506737605],[30.374120043677735,60.007212864608221],[30.374051012151885,60.007110612886144],[30.374039506918322,60.007093571115433],[30.374005417542307,60.007099322514073],[30.373986721528752,60.007071629568053],[30.37373105042823,60.007114768351251],[30.373749746346938,60.007142461297271],[30.373715656646027,60.007148213244811],[30.373796192887905,60.007267506737605]]]},"properties":{"category":"auditorium","name":{"ru":"Лекторий 257","en":"Auditorium 257"},"alt_name":{"ru":"257","en":"257"},"restriction":null,"accessibility":null,"level_id":"2ee0f755-3993-4667-a616-c79bd2b7985e","display_point":{"type":"Point","coordinates":[30.373917850200318,60.007180538926519]}}},{"id":"782fff30-da05-4030-9aef-217451072361","type":"Feature","feature_type":"unit","geometry":{"type":"Polygon","coordinates":[[[30.374120043677735,60.007212864608221],[30.374186092155483,60.007201720518623],[30.374117060539156,60.00709946879654],[30.374051012151885,60.007110612886144],[30.374120043677735,60.007212864608221]]]},"properties":{"category":"classroom","name":{"ru":"Кабинет 261","en":"Classroom 261"},"alt_name":{"ru":"261","en":"261"},"restriction":null,"accessibility":null,"level_id":"2ee0f755-3993-4667-a616-c79bd2b7985e","display_point":{"type":"Point","coordinates":[30.374118552244418,60.00715616656516]}}},{"id":"1d1e86a1-06b7-4561-b4a6-e1138b73ba75","type":"Feature","feature_type":"unit","geometry":{"type":"Polygon","coordinates":[[[30.373598047268253,60.00730093928086],[30.373664095921889,60.007289795191262],[30.373595065020584,60.007187543469179],[30.373529016457422,60.007198687558784],[30.373598047268253,60.00730093928086]]]},"properties":{"category":"classroom","name":{"ru":"Кабинет 254","en":"Classroom 254"},"alt_name":{"ru":"254","en":"254"},"restriction":null,"accessibility":null,"level_id":"2ee0f755-3993-4667-a616-c79bd2b7985e","display_point":{"type":"Point","coordinates":[30.373596556005896,60.007244241237792]}}},{"id":"eea9f957-853f-4dbc-8e44-6ce135d1a9e6","type":"Feature","feature_type":"unit","geometry":{"type":"Polygon","coordinates":[[[30.374186092155483,60.007201720518623],[30.37425214061097,60.007190576429018],[30.374183108904173,60.007088324706942],[30.374117060539156,60.00709946879654],[30.374186092155483,60.007201720518623]]]},"properties":{"category":"classroom","name":{"ru":"Кабинет 262","en":"Classroom 262"},"alt_name":{"ru":"262","en":"262"},"restriction":null,"accessibility":null,"level_id":"2ee0f755-3993-4667-a616-c79bd2b7985e","display_point":{"type":"Point","coordinates":[30.3741846006658,60.007145022475555]}}},{"id":"44b29194-25e7-44d8-bdec-d51b2111e07e","type":"Feature","feature_type":"unit","geometry":{"type":"Polygon","coordinates":[[[30.37425214061097,60.007190576429018],[30.374318189044207,60.007179432064966],[30.37424915724694,60.00707718034289],[30.374183108904173,60.007088324706942],[30.37425214061097,60.007190576429018]]]},"properties":{"category":"classroom","name":{"ru":"Кабинет 263","en":"Classroom 263"},"alt_name":{"ru":"263","en":"263"},"restriction":null,"accessibility":null,"level_id":"2ee0f755-3993-4667-a616-c79bd2b7985e","display_point":{"type":"Point","coordinates":[30.374250649064926,60.00713387838595]}}},{"id":"5d9948f9-0f58-419a-b658-a2715b2dc803","type":"Feature","feature_type":"unit","geometry":{"type":"Polygon","coordinates":[[[30.374318189044207,60.007179432064966],[30.374384237455185,60.007168287975361],[30.374315205567445,60.007066036253285],[30.37424915724694,60.00707718034289],[30.374318189044207,60.007179432064966]]]},"properties":{"category":"classroom","name":{"ru":"Кабинет 264","en":"Classroom 264"},"alt_name":{"ru":"264","en":"264"},"restriction":null,"accessibility":null,"level_id":"2ee0f755-3993-4667-a616-c79bd2b7985e","display_point":{"type":"Point","coordinates":[30.374316697441795,60.007122734296352]}}},{"id":"34e78a1a-f3e5-4da9-a715-69d4017054ee","type":"Feature","feature_type":"unit","geometry":{"type":"Polygon","coordinates":[[[30.374384237455185,60.007168287975361],[30.374490767121124,60.00715031361959],[30.374421735087463,60.007048061897507],[30.374315205567445,60.007066036253285],[30.374384237455185,60.007168287975361]]]},"properties":{"category":"classroom","name":{"ru":"Кабинет 265","en":"Classroom 265"},"alt_name":{"ru":"265","en":"265"},"restriction":null,"accessibility":null,"level_id":"2ee0f755-3993-4667-a616-c79bd2b7985e","display_point":{"type":"Point","coordinates":[30.374402986288363,60.007108174936434]}}},{"id":"34660f02-fa91-4ce3-a888-3b1671d9c1c4","type":"Feature","feature_type":"unit","geometry":{"type":"Polygon","coordinates":[[[30.374768175643428,60.007540121825471],[30.374815048789408,60.007532212966218],[30.374786285178416,60.007489607990536],[30.374739412059188,60.007497516849789],[30.374768175643428,60.007540121825471]]]},"properties":{"category":"classroom","name":null,"alt_name":null,"restriction":"restricted","accessibility":null,"level_id":"2ee0f755-3993-4667-a616-c79bd2b7985e","display_point":{"type":"Point","coordinates":[30.374790094008198,60.0075233726197]}}},{"id":"67b09dba-f412-416c-aa41-1487fba5b1b8","type":"Feature","feature_type":"unit","geometry":{"type":"Polygon","coordinates":[[[30.372185453697032,60.007539280083748],[30.372251502552174,60.007528135719689],[30.372182473585827,60.007425883997612],[30.372116424821158,60.007437028361664],[30.372185453697032,60.007539280083748]]]},"properties":{"category":"classroom","name":{"ru":"Кабинет 239","en":"Classroom 239"},"alt_name":{"ru":"239","en":"239"},"restriction":null,"accessibility":null,"level_id":"2ee0f755-3993-4667-a616-c79bd2b7985e","display_point":{"type":"Point","coordinates":[30.372183963365657,60.00748258204068]}}},{"id":"8fb9fc5c-418d-425d-82a2-e1b7e400bd0b","type":"Feature","feature_type":"unit","geometry":{"type":"Polygon","coordinates":[[[30.372251502552174,60.007528135719689],[30.372317551934028,60.007516991904538],[30.372248522877207,60.007414740182462],[30.372182473585827,60.007425883997612],[30.372251502552174,60.007528135719689]]]},"properties":{"category":"classroom","name":{"ru":"Кабинет 240","en":"Classroom 240"},"alt_name":{"ru":"240","en":"240"},"restriction":null,"accessibility":null,"level_id":"2ee0f755-3993-4667-a616-c79bd2b7985e","display_point":{"type":"Point","coordinates":[30.372250012164422,60.007471437951075]}}},{"id":"d7929e76-e51a-4d0d-b9c4-6d1a14baa4eb","type":"Feature","feature_type":"unit","geometry":{"type":"Polygon","coordinates":[[[30.372317551934028,60.007516991904538],[30.372383600744659,60.007505847540486],[30.372314571597361,60.00740359581841],[30.372248522877207,60.007414740182462],[30.372317551934028,60.007516991904538]]]},"properties":{"category":"classroom","name":{"ru":"Кабинет 241","en":"Classroom 241"},"alt_name":{"ru":"241","en":"241"},"restriction":null,"accessibility":null,"level_id":"2ee0f755-3993-4667-a616-c79bd2b7985e","display_point":{"type":"Point","coordinates":[30.372316061489922,60.007460293861477]}}},{"id":"ade7418b-d3b2-47f4-9262-54557e007d4a","type":"Feature","feature_type":"unit","geometry":{"type":"Polygon","coordinates":[[[30.372383600744659,60.007505847540486],[30.372449650082011,60.007494703450888],[30.372380620844243,60.007392451728805],[30.372314571597361,60.00740359581841],[30.372383600744659,60.007505847540486]]]},"properties":{"category":"classroom","name":{"ru":"Кабинет 242","en":"Classroom 242"},"alt_name":{"ru":"242","en":"242"},"restriction":null,"accessibility":null,"level_id":"2ee0f755-3993-4667-a616-c79bd2b7985e","display_point":{"type":"Point","coordinates":[30.372382110244175,60.007449149771872]}}},{"id":"dd3a5627-4dd7-44ad-b912-f1df923660d7","type":"Feature","feature_type":"unit","geometry":{"type":"Polygon","coordinates":[[[30.372449650082011,60.007494703450888],[30.372583878249365,60.007472055740649],[30.372514848827731,60.007369804018573],[30.372380620844243,60.007392451728805],[30.372449650082011,60.007494703450888]]]},"properties":{"category":"classroom","name":{"ru":"244, Музей боевой славы","en":"244, Museum of Military Glory"},"alt_name":{"ru":"244","en":"244"},"restriction":null,"accessibility":null,"level_id":"2ee0f755-3993-4667-a616-c79bd2b7985e","display_point":{"type":"Point","coordinates":[30.372481183882822,60.007432433500242]}}},{"id":"ec184441-9857-4129-bc3b-d8bb3438faca","type":"Feature","feature_type":"unit","geometry":{"type":"Polygon","coordinates":[[[30.372583878249365,60.007472055740649],[30.372649927519234,60.007460911651052],[30.372580898007126,60.007358659928975],[30.372514848827731,60.007369804018573],[30.372583878249365,60.007472055740649]]]},"properties":{"category":"classroom","name":{"ru":"Кабинет 245","en":"Classroom 245"},"alt_name":{"ru":"245","en":"245"},"restriction":null,"accessibility":null,"level_id":"2ee0f755-3993-4667-a616-c79bd2b7985e","display_point":{"type":"Point","coordinates":[30.372582388126975,60.007415357697589]}}},{"id":"b6d22fea-db21-4f82-bc71-1562c88faf02","type":"Feature","feature_type":"unit","geometry":{"type":"Polygon","coordinates":[[[30.372777763995458,60.007439342259453],[30.373203885529712,60.0073674445619],[30.373073015719402,60.00717359229305],[30.372646895291737,60.0072454899906],[30.372777763995458,60.007439342259453]]]},"properties":{"category":"classroom","name":{"ru":"Белый зал","en":"White concert hall"},"alt_name":{"ru":"Белый зал","en":"White concert hall"},"restriction":null,"accessibility":null,"level_id":"2ee0f755-3993-4667-a616-c79bd2b7985e","display_point":{"type":"Point","coordinates":[30.372925390085364,60.007306467276251]}}},{"id":"1021b298-77e8-4a62-b9c4-cb43bd6044eb","type":"Feature","feature_type":"unit","geometry":{"type":"Polygon","coordinates":[[[30.374307746001996,60.0066401728488],[30.374388282693136,60.006759466616039],[30.374648213098084,60.006715609045237],[30.37456767599156,60.006596315277996],[30.374307746001996,60.0066401728488]]]},"properties":{"category":"auditorium","name":{"ru":"Лекторий 268","en":"Auditorium 268"},"alt_name":{"ru":"268","en":"268"},"restriction":null,"accessibility":null,"level_id":"2ee0f755-3993-4667-a616-c79bd2b7985e","display_point":{"type":"Point","coordinates":[30.374477979521593,60.006677890672563]}}},{"id":"adb77982-5c5b-42eb-8d12-0e657372398f","type":"Feature","feature_type":"unit","geometry":{"type":"Polygon","coordinates":[[[30.374256186666727,60.006781754795242],[30.374388282693136,60.006759466616039],[30.374307746001996,60.0066401728488],[30.374175650186686,60.006662461028],[30.374256186666727,60.006781754795242]]]},"properties":{"category":"auditorium","name":{"ru":"Лекторий 267","en":"Auditorium 267"},"alt_name":{"ru":"267","en":"267"},"restriction":null,"accessibility":null,"level_id":"2ee0f755-3993-4667-a616-c79bd2b7985e","display_point":{"type":"Point","coordinates":[30.374281966361952,60.006710963684796]}}},{"id":"a78ea147-8b6b-4478-b70e-d6540cf77050","type":"Feature","feature_type":"unit","geometry":{"type":"Polygon","coordinates":[[[30.374664410833986,60.00716847350435],[30.374868947420175,60.007133962642463],[30.374814296661906,60.007053013271],[30.37460976029752,60.007087524132892],[30.374664410833986,60.00716847350435]]]},"properties":{"category":"laboratory","name":{"ru":"Лабораторная 276","en":"Lab 276"},"alt_name":{"ru":"276","en":"276"},"restriction":null,"accessibility":null,"level_id":"2ee0f755-3993-4667-a616-c79bd2b7985e","display_point":{"type":"Point","coordinates":[30.374743668309669,60.007117134120307]}}},{"id":"ec362d52-d39e-4eb9-838c-f04639ae6afe","type":"Feature","feature_type":"unit","geometry":{"type":"Polygon","coordinates":[[[30.37460976029752,60.007087524132892],[30.374814296661906,60.007053013271],[30.37477258950759,60.006991236234654],[30.374568053312473,60.007025747096542],[30.37460976029752,60.007087524132892]]]},"properties":{"category":"classroom","name":{"ru":"Кабинет 275","en":"Classroom 275"},"alt_name":{"ru":"275","en":"275"},"restriction":null,"accessibility":null,"level_id":"2ee0f755-3993-4667-a616-c79bd2b7985e","display_point":{"type":"Point","coordinates":[30.374691174961811,60.00703938018377]}}},{"id":"eeeff794-ab13-4900-8870-da0f9684539d","type":"Feature","feature_type":"unit","geometry":{"type":"Polygon","coordinates":[[[30.374539289943563,60.006983142120859],[30.374743826021945,60.006948631258972],[30.374721534294586,60.006915612588067],[30.374516998306675,60.006950123449961],[30.374539289943563,60.006983142120859]]]},"properties":{"category":"classroom","name":{"ru":"Кабинет 273","en":"Classroom 273"},"alt_name":{"ru":"273","en":"273"},"restriction":null,"accessibility":null,"level_id":"2ee0f755-3993-4667-a616-c79bd2b7985e","display_point":{"type":"Point","coordinates":[30.374630412096966,60.006949377217239]}}},{"id":"a11582ee-e2b2-4f19-99e3-b2b6c432cc6f","type":"Feature","feature_type":"unit","geometry":{"type":"Polygon","coordinates":[[[30.374516998306675,60.006950123449961],[30.374721534294586,60.006915612588067],[30.374699242589486,60.006882593642722],[30.374494706692044,60.006917104504609],[30.374516998306675,60.006950123449961]]]},"properties":{"category":"classroom","name":{"ru":"Кабинет 272","en":"Classroom 272"},"alt_name":{"ru":"272","en":"272"},"restriction":null,"accessibility":null,"level_id":"2ee0f755-3993-4667-a616-c79bd2b7985e","display_point":{"type":"Point","coordinates":[30.37460812056322,60.006916358546341]}}},{"id":"ee56e146-9058-45c4-9754-7491b1f617b8","type":"Feature","feature_type":"unit","geometry":{"type":"Polygon","coordinates":[[[30.374568053312473,60.007025747096542],[30.37477258950759,60.006991236234654],[30.374743826021945,60.006948631258972],[30.374539289943563,60.006983142120859],[30.374568053312473,60.007025747096542]]]},"properties":{"category":"classroom","name":{"ru":"Кабинет 274","en":"Classroom 274"},"alt_name":{"ru":"274","en":"274"},"restriction":null,"accessibility":null,"level_id":"2ee0f755-3993-4667-a616-c79bd2b7985e","display_point":{"type":"Point","coordinates":[30.374655939649816,60.006987189177757]}}},{"id":"260b96dd-b78e-4305-bef7-be9414c73ccf","type":"Feature","feature_type":"unit","geometry":{"type":"Polygon","coordinates":[[[30.374452999921907,60.006855327468259],[30.37465753565008,60.006820816606371],[30.374615828788581,60.006759039570028],[30.374411293229677,60.006793550431915],[30.374452999921907,60.006855327468259]]]},"properties":{"category":"classroom","name":{"ru":"Кабинет 270","en":"Classroom 270"},"alt_name":{"ru":"270","en":"270"},"restriction":null,"accessibility":null,"level_id":"2ee0f755-3993-4667-a616-c79bd2b7985e","display_point":{"type":"Point","coordinates":[30.3745344144145,60.006807183519143]}}},{"id":"df0ba666-3095-4b0e-90aa-c7dc6b622cd4","type":"Feature","feature_type":"unit","geometry":{"type":"Polygon","coordinates":[[[30.374494706692044,60.006917104504609],[30.374699242589486,60.006882593642722],[30.37465753565008,60.006820816606371],[30.374452999921907,60.006855327468259],[30.374494706692044,60.006917104504609]]]},"properties":{"category":"classroom","name":{"ru":"Кабинет 271","en":"Classroom 271"},"alt_name":{"ru":"271","en":"271"},"restriction":null,"accessibility":null,"level_id":"2ee0f755-3993-4667-a616-c79bd2b7985e","display_point":{"type":"Point","coordinates":[30.374576121230319,60.006868960555487]}}},{"id":"26c50c1f-aaaa-4123-929c-4684e467cb8e","type":"Feature","feature_type":"unit","geometry":{"type":"Polygon","coordinates":[[[30.374693174364079,60.007211078480033],[30.374897711067003,60.007176567618146],[30.374868947420175,60.007133962642463],[30.374664410833986,60.00716847350435],[30.374693174364079,60.007211078480033]]]},"properties":{"category":"classroom","name":{"ru":"Кабинет 277","en":"Classroom 277"},"alt_name":{"ru":"277","en":"277"},"restriction":null,"accessibility":null,"level_id":"2ee0f755-3993-4667-a616-c79bd2b7985e","display_point":{"type":"Point","coordinates":[30.374781061011983,60.007172520286794]}}},{"id":"cea9a73c-c724-4827-983b-4ccc7e7487b8","type":"Feature","feature_type":"unit","geometry":{"type":"Polygon","coordinates":[[[30.374715466176855,60.007244097150931],[30.374920002970249,60.007209586289044],[30.374897711067003,60.007176567618146],[30.374693174364079,60.007211078480033],[30.374715466176855,60.007244097150931]]]},"properties":{"category":"classroom","name":{"ru":"Кабинет 278","en":"Classroom 278"},"alt_name":{"ru":"278","en":"278"},"restriction":null,"accessibility":null,"level_id":"2ee0f755-3993-4667-a616-c79bd2b7985e","display_point":{"type":"Point","coordinates":[30.374806588737069,60.007210332247311]}}},{"id":"e15c5247-1e88-40d7-b496-d335b8c3200d","type":"Feature","feature_type":"unit","geometry":{"type":"Polygon","coordinates":[[[30.374783779829002,60.007345283728036],[30.37498831689965,60.007310772866148],[30.374942294895753,60.007242605234396],[30.374737758011886,60.007277116096283],[30.374783779829002,60.007345283728036]]]},"properties":{"category":"classroom","name":{"ru":"Кабинет 280","en":"Classroom 280"},"alt_name":{"ru":"280","en":"280"},"restriction":null,"accessibility":null,"level_id":"2ee0f755-3993-4667-a616-c79bd2b7985e","display_point":{"type":"Point","coordinates":[30.374863037423893,60.007293944343992]}}},{"id":"256a22a9-d842-4125-a27b-4f46c2970250","type":"Feature","feature_type":"unit","geometry":{"type":"Polygon","coordinates":[[[30.374737758011886,60.007277116096283],[30.374942294895753,60.007242605234396],[30.374920002970249,60.007209586289044],[30.374715466176855,60.007244097150931],[30.374737758011886,60.007277116096283]]]},"properties":{"category":"classroom","name":{"ru":"Кабинет 279","en":"Classroom 279"},"alt_name":{"ru":"279","en":"279"},"restriction":null,"accessibility":null,"level_id":"2ee0f755-3993-4667-a616-c79bd2b7985e","display_point":{"type":"Point","coordinates":[30.374828880606209,60.007243350918209]}}},{"id":"1597e374-1bba-4d95-9991-774334a22c31","type":"Feature","feature_type":"unit","geometry":{"type":"Polygon","coordinates":[[[30.374806071732234,60.007378302673388],[30.375010608893355,60.007343791811493],[30.37498831689965,60.007310772866148],[30.374783779829002,60.007345283728036],[30.374806071732234,60.007378302673388]]]},"properties":{"category":"classroom","name":{"ru":"Кабинет 281","en":"Classroom 281"},"alt_name":{"ru":"281","en":"281"},"restriction":null,"accessibility":null,"level_id":"2ee0f755-3993-4667-a616-c79bd2b7985e","display_point":{"type":"Point","coordinates":[30.374897194293833,60.007344537769768]}}},{"id":"60445775-2f59-478b-baf9-2a1465485853","type":"Feature","feature_type":"unit","geometry":{"type":"Polygon","coordinates":[[[30.374852812869779,60.007447535724566],[30.375057350220597,60.007413024588224],[30.375010608893355,60.007343791811493],[30.374806071732234,60.007378302673388],[30.374852812869779,60.007447535724566]]]},"properties":{"category":"classroom","name":{"ru":"Кабинет 282","en":"Classroom 282"},"alt_name":{"ru":"282","en":"282"},"restriction":null,"accessibility":null,"level_id":"2ee0f755-3993-4667-a616-c79bd2b7985e","display_point":{"type":"Point","coordinates":[30.374930991763108,60.007394598485831]}}},{"id":"28ae39ef-9d69-4f7e-b632-d93884045218","type":"Feature","feature_type":"unit","geometry":{"type":"Polygon","coordinates":[[[30.37487726197136,60.007483749830392],[30.375081799421405,60.007449238968505],[30.375057350220597,60.007413024588224],[30.374852812869779,60.007447535724566],[30.37487726197136,60.007483749830392]]]},"properties":{"category":"classroom","name":{"ru":"Кабинет 286","en":"Classroom 286"},"alt_name":{"ru":"286","en":"286"},"restriction":null,"accessibility":null,"level_id":"2ee0f755-3993-4667-a616-c79bd2b7985e","display_point":{"type":"Point","coordinates":[30.37496838477913,60.007449984926772]}}},{"id":"d6f26193-87a6-44b4-9c8e-9c18b2ba08f6","type":"Feature","feature_type":"unit","geometry":{"type":"Polygon","coordinates":[[[30.374279197142954,60.006815838611118],[30.374326069834147,60.006807929751865],[30.374303059336519,60.006773845935989],[30.374256186666727,60.006781754795242],[30.374279197142954,60.006815838611118]]]},"properties":{"category":"restroom.female","name":{"ru":"Туалет женский","en":"Restroom female"},"alt_name":{"ru":"Туалет Ж.","en":"Restroom F."},"restriction":null,"accessibility":null,"level_id":"2ee0f755-3993-4667-a616-c79bd2b7985e","display_point":{"type":"Point","coordinates":[30.374291128243524,60.006794842273557]}}},{"id":"44ab22d9-ac8f-4b0a-b237-8dacae29fec3","type":"Feature","feature_type":"unit","geometry":{"type":"Polygon","coordinates":[[[30.372956091675249,60.007703492724453],[30.373118018414122,60.00767617165976],[30.3730950083742,60.007642087843884],[30.372933081709263,60.007669408908576],[30.372956091675249,60.007703492724453]]]},"properties":{"category":"classroom","name":null,"alt_name":null,"restriction":"restricted","accessibility":null,"level_id":"2ee0f755-3993-4667-a616-c79bd2b7985e","display_point":{"type":"Point","coordinates":[30.373025550125593,60.007672790146941]}}},{"id":"49252497-657e-49c6-8b1a-c4d617528d98","type":"Feature","feature_type":"unit","geometry":{"type":"Polygon","coordinates":[[[30.37322028792228,60.007658916091593],[30.37330977397264,60.007643817709585],[30.373293954447405,60.007620385069018],[30.37325986446055,60.007626136742111],[30.373252673863171,60.0076154855668],[30.373197277835661,60.007624832275717],[30.37322028792228,60.007658916091593]]]},"properties":{"category":"classroom","name":null,"alt_name":null,"restriction":null,"accessibility":null,"level_id":"2ee0f755-3993-4667-a616-c79bd2b7985e","display_point":{"type":"Point","coordinates":[30.373253525827455,60.007634324992651]}}},{"id":"05c7de8d-ae38-4b61-8fc1-56dfec211c96","type":"Feature","feature_type":"unit","geometry":{"type":"Polygon","coordinates":[[[30.37330977397264,60.007643817709585],[30.373382214717395,60.0076315950269],[30.373359204556841,60.007597511211024],[30.373286763845162,60.007609733893709],[30.37330977397264,60.007643817709585]]]},"properties":{"category":"classroom","name":null,"alt_name":null,"restriction":"restricted","accessibility":null,"level_id":"2ee0f755-3993-4667-a616-c79bd2b7985e","display_point":{"type":"Point","coordinates":[30.373343011562465,60.007619226336196]}}},{"id":"c7ecb4d9-f802-4737-b11a-b051a6ddee6b","type":"Feature","feature_type":"unit","geometry":{"type":"Polygon","coordinates":[[[30.373205637083764,60.007981728846651],[30.373278078217837,60.007969506438421],[30.373243562409694,60.007918380577379],[30.373171121325228,60.007930603260064],[30.373205637083764,60.007981728846651]]]},"properties":{"category":"classroom","name":null,"alt_name":null,"restriction":"restricted","accessibility":null,"level_id":"2ee0f755-3993-4667-a616-c79bd2b7985e","display_point":{"type":"Point","coordinates":[30.373224599755805,60.007950054986466]}}},{"id":"95a201ad-6127-4a42-a15f-2288c8680ed4","type":"Feature","feature_type":"unit","geometry":{"type":"Polygon","coordinates":[[[30.373448528146266,60.00794074724962],[30.373520969190572,60.007928524841383],[30.373486453216074,60.007877398980348],[30.373414012221378,60.007889621663033],[30.373448528146266,60.00794074724962]]]},"properties":{"category":"classroom","name":null,"alt_name":null,"restriction":"restricted","accessibility":null,"level_id":"2ee0f755-3993-4667-a616-c79bd2b7985e","display_point":{"type":"Point","coordinates":[30.373467490690246,60.007909073389435]}}},{"id":"06ad585e-e64a-4144-b59e-1d1f70916049","type":"Feature","feature_type":"unit","geometry":{"type":"Polygon","coordinates":[[[30.373177938915276,60.007986402201112],[30.373205637083764,60.007981728846651],[30.373171121325228,60.007930603260064],[30.373143423175712,60.007935276614525],[30.373177938915276,60.007986402201112]]]},"properties":{"category":"stairs","name":null,"alt_name":null,"restriction":null,"accessibility":null,"level_id":"2ee0f755-3993-4667-a616-c79bd2b7985e","display_point":{"type":"Point","coordinates":[30.373160681038829,60.007960839270595]}}},{"id":"35f2a92f-1c59-4b8a-b287-ecce42061882","type":"Feature","feature_type":"unit","geometry":{"type":"Polygon","coordinates":[[[30.373115725022291,60.007939949694531],[30.373243562409694,60.007918380577379],[30.373298212235149,60.007999329674391],[30.373355206398646,60.008013442776708],[30.373440431283981,60.007999063182311],[30.373468662231677,60.00797057048559],[30.373414012221378,60.007889621663033],[30.373541849414249,60.007868052271434],[30.373382214717395,60.0076315950269],[30.37322028792228,60.007658916091593],[30.373197277835661,60.007624832275717],[30.3730950083742,60.007642087843884],[30.373118018414122,60.00767617165976],[30.372956091675249,60.007703492724453],[30.373115725022291,60.007939949694531]]]},"properties":{"category":"classroom","name":{"ru":"Читальный зал","en":"Reading hall"},"alt_name":{"ru":"Читальный зал","en":"Reading hall"},"restriction":null,"accessibility":null,"level_id":"2ee0f755-3993-4667-a616-c79bd2b7985e","display_point":{"type":"Point","coordinates":[30.37324791779503,60.007784213752544]}}},{"id":"bbeefeb6-2d44-4141-b856-00168a45ce69","type":"Feature","feature_type":"unit","geometry":{"type":"Polygon","coordinates":[[[30.37325986446055,60.007626136742111],[30.373293954447405,60.007620385069018],[30.373286763845162,60.007609733893709],[30.373252673863171,60.0076154855668],[30.37325986446055,60.007626136742111]]]},"properties":{"category":"stairs","name":null,"alt_name":null,"restriction":null,"accessibility":null,"level_id":"2ee0f755-3993-4667-a616-c79bd2b7985e","display_point":{"type":"Point","coordinates":[30.373273314223148,60.00761793531791]}}},{"id":"4298f876-971b-43f7-ad45-4ac5c7304db9","type":"Feature","feature_type":"unit","geometry":{"type":"Polygon","coordinates":[[[30.370983587025666,60.007333928859936],[30.371085856561471,60.007316673566216],[30.37104702918818,60.007259156835325],[30.370944759731174,60.007276412129045],[30.370983587025666,60.007333928859936]]]},"properties":{"category":"classroom","name":{"ru":"Кабинет 206","en":"Classroom 206"},"alt_name":{"ru":"206","en":"206"},"restriction":null,"accessibility":null,"level_id":"2ee0f755-3993-4667-a616-c79bd2b7985e","display_point":{"type":"Point","coordinates":[30.371015308124854,60.007296542847634]}}},{"id":"646ec7e0-6ec1-47a0-8468-3f660af21d7a","type":"Feature","feature_type":"unit","geometry":{"type":"Polygon","coordinates":[[[30.370838704725919,60.007358374225305],[30.370983587025666,60.007333928859936],[30.370957702155181,60.007295584189706],[30.370812819929856,60.007320029555075],[30.370838704725919,60.007358374225305]]]},"properties":{"category":"classroom","name":null,"alt_name":null,"restriction":"restricted","accessibility":null,"level_id":"2ee0f755-3993-4667-a616-c79bd2b7985e","display_point":{"type":"Point","coordinates":[30.370898203194294,60.007326979207505]}}},{"id":"15378871-c23c-4cc2-81c1-eafe5be8710e","type":"Feature","feature_type":"unit","geometry":{"type":"Polygon","coordinates":[[[30.370784058714513,60.007277424853847],[30.370928940857144,60.007252979488477],[30.370903056049997,60.007214635092694],[30.370758173981788,60.007239080458064],[30.370784058714513,60.007277424853847]]]},"properties":{"category":"classroom","name":null,"alt_name":null,"restriction":"restricted","accessibility":null,"level_id":"2ee0f755-3993-4667-a616-c79bd2b7985e","display_point":{"type":"Point","coordinates":[30.370843557136009,60.007246029836047]}}},{"id":"ae04f0b6-c658-42b1-815c-7333551707d7","type":"Feature","feature_type":"unit","geometry":{"type":"Polygon","coordinates":[[[30.371031210282048,60.007235724194757],[30.371176091693009,60.007211278829388],[30.371150206758905,60.007172934433605],[30.371005325422367,60.007197379798974],[30.371031210282048,60.007235724194757]]]},"properties":{"category":"classroom","name":null,"alt_name":null,"restriction":"restricted","accessibility":null,"level_id":"2ee0f755-3993-4667-a616-c79bd2b7985e","display_point":{"type":"Point","coordinates":[30.371090708548724,60.007204329176957]}}},{"id":"37188f72-36a2-4f0a-90a7-9824c661569e","type":"Feature","feature_type":"unit","geometry":{"type":"Polygon","coordinates":[[[30.371085856561471,60.007316673566216],[30.371230738129547,60.007292228200846],[30.371204853132106,60.007253883530616],[30.371059971638452,60.007278328895985],[30.371085856561471,60.007316673566216]]]},"properties":{"category":"classroom","name":null,"alt_name":null,"restriction":"restricted","accessibility":null,"level_id":"2ee0f755-3993-4667-a616-c79bd2b7985e","display_point":{"type":"Point","coordinates":[30.371145354875029,60.007285278548416]}}},{"id":"3cb3c988-a9c8-494d-a105-0e11ee6df194","type":"Feature","feature_type":"unit","geometry":{"type":"Polygon","coordinates":[[[30.370944759731174,60.007276412129045],[30.37104702918818,60.007259156835325],[30.371005325422367,60.007197379798974],[30.370903056049997,60.007214635092694],[30.370944759731174,60.007276412129045]]]},"properties":{"category":"classroom","name":null,"alt_name":null,"restriction":"restricted","accessibility":null,"level_id":"2ee0f755-3993-4667-a616-c79bd2b7985e","display_point":{"type":"Point","coordinates":[30.370988439187887,60.007221584470678]}}},{"id":"04a29e47-1938-4c0d-a3ec-ba3c9ad26467","type":"Feature","feature_type":"unit","geometry":{"type":"Polygon","coordinates":[[[30.371059971638452,60.007278328895985],[30.371204853132106,60.007253883530616],[30.371176091693009,60.007211278829388],[30.371031210282048,60.007235724194757],[30.371059971638452,60.007278328895985]]]},"properties":{"category":"classroom","name":null,"alt_name":null,"restriction":"restricted","accessibility":null,"level_id":"2ee0f755-3993-4667-a616-c79bd2b7985e","display_point":{"type":"Point","coordinates":[30.371119469929788,60.00724693415264]}}},{"id":"4c21b2e0-e4be-4f05-a554-994cfaa29e5f","type":"Feature","feature_type":"unit","geometry":{"type":"Polygon","coordinates":[[[30.370812819929856,60.007320029555075],[30.370906566844543,60.007304211836569],[30.370877805575695,60.007261607135334],[30.370784058714513,60.007277424853847],[30.370812819929856,60.007320029555075]]]},"properties":{"category":"classroom","name":null,"alt_name":null,"restriction":"restricted","accessibility":null,"level_id":"2ee0f755-3993-4667-a616-c79bd2b7985e","display_point":{"type":"Point","coordinates":[30.370872318376009,60.007288634811729]}}},{"id":"29a0d297-ab53-4659-88d2-d7e777911af1","type":"Feature","feature_type":"unit","geometry":{"type":"Polygon","coordinates":[[[30.370906566844543,60.007304211836569],[30.370957702155181,60.007295584189706],[30.370928940857144,60.007252979488477],[30.370877805575695,60.007261607135334],[30.370906566844543,60.007304211836569]]]},"properties":{"category":"classroom","name":null,"alt_name":null,"restriction":"restricted","accessibility":null,"level_id":"2ee0f755-3993-4667-a616-c79bd2b7985e","display_point":{"type":"Point","coordinates":[30.370917754129675,60.00727859566252]}}},{"id":"67eb8cb1-50cc-497f-aece-f5c8767f5eb9","type":"Feature","feature_type":"unit","geometry":{"type":"Polygon","coordinates":[[[30.373150240742877,60.007991075555573],[30.373177938915276,60.007986402201112],[30.373143423175712,60.007935276614525],[30.373115725022291,60.007939949694531],[30.373150240742877,60.007991075555573]]]},"properties":{"category":"stairs","name":null,"alt_name":null,"restriction":null,"accessibility":null,"level_id":"2ee0f755-3993-4667-a616-c79bd2b7985e","display_point":{"type":"Point","coordinates":[30.373132982875912,60.007965512625049]}}},{"id":"88696502-92c8-4a6a-bc7c-3e37dde4fe20","type":"Feature","feature_type":"unit","geometry":{"type":"Polygon","coordinates":[[[30.373520969190572,60.007928524841383],[30.373548667310587,60.007923851486929],[30.373514151317117,60.007872725625887],[30.373486453216074,60.007877398980348],[30.373520969190572,60.007928524841383]]]},"properties":{"category":"stairs","name":null,"alt_name":null,"restriction":null,"accessibility":null,"level_id":"2ee0f755-3993-4667-a616-c79bd2b7985e","display_point":{"type":"Point","coordinates":[30.373503711196655,60.007902961910865]}}},{"id":"03c6f8b1-f288-4419-9c57-2f51abbb9742","type":"Feature","feature_type":"unit","geometry":{"type":"Polygon","coordinates":[[[30.373548667310587,60.007923851486929],[30.373576365426686,60.007919178132468],[30.373541849414249,60.007868052271434],[30.373514151317117,60.007872725625887],[30.373548667310587,60.007923851486929]]]},"properties":{"category":"stairs","name":null,"alt_name":null,"restriction":null,"accessibility":null,"level_id":"2ee0f755-3993-4667-a616-c79bd2b7985e","display_point":{"type":"Point","coordinates":[30.373531409307184,60.007898288556412]}}},{"id":"c9ff9aa4-26c9-4259-96b1-cda83745cc36","type":"Feature","feature_type":"unit","geometry":{"type":"Polygon","coordinates":[[[30.373964297085809,60.0073055846413],[30.3739131627086,60.007314212288158],[30.373964936469768,60.007390901079717],[30.374135384608536,60.007362141890916],[30.374083610672262,60.007285453099357],[30.374032476326175,60.007294081020667],[30.37406699228108,60.007345206881709],[30.373998812994021,60.007356710502336],[30.373964297085809,60.0073055846413]]]},"properties":{"category":"stairs","name":null,"alt_name":null,"restriction":null,"accessibility":null,"level_id":"2ee0f755-3993-4667-a616-c79bd2b7985e","display_point":{"type":"Point","coordinates":[30.374028588197625,60.007344567684946]}}},{"id":"cb963e10-c3fd-46d3-a996-51209487d2ab","type":"Feature","feature_type":"unit","geometry":{"type":"Polygon","coordinates":[[[30.373998812994021,60.007356710502336],[30.373964297085809,60.0073055846413],[30.374032476326175,60.007294081020667],[30.37406699228108,60.007345206881709],[30.373998812994021,60.007356710502336]]]},"properties":{"category":"stairs","name":null,"alt_name":null,"restriction":null,"accessibility":null,"level_id":"2ee0f755-3993-4667-a616-c79bd2b7985e","display_point":{"type":"Point","coordinates":[30.374028588197625,60.007344567684946]}}},{"id":"98dbd444-0ac1-4c90-ae2e-e7e3f8af3268","type":"Feature","feature_type":"unit","geometry":{"type":"Polygon","coordinates":[[[30.372029703212903,60.007632000116821],[30.371978568331009,60.007640627763685],[30.372030340104679,60.007717316555237],[30.372200790200239,60.007688557366443],[30.372149018251456,60.007611868574884],[30.372097883400691,60.00762049622174],[30.372132398167846,60.007671622082782],[30.372064217933364,60.007683125977863],[30.372029703212903,60.007632000116821]]]},"properties":{"category":"stairs","name":null,"alt_name":null,"restriction":null,"accessibility":null,"level_id":"2ee0f755-3993-4667-a616-c79bd2b7985e","display_point":{"type":"Point","coordinates":[30.37209399350181,60.007670983160466]}}},{"id":"4abaa8a7-566c-4b51-af06-65e9a6a2808f","type":"Feature","feature_type":"unit","geometry":{"type":"Polygon","coordinates":[[[30.372064217933364,60.007683125977863],[30.372029703212903,60.007632000116821],[30.372097883400691,60.00762049622174],[30.372132398167846,60.007671622082782],[30.372064217933364,60.007683125977863]]]},"properties":{"category":"stairs","name":null,"alt_name":null,"restriction":null,"accessibility":null,"level_id":"2ee0f755-3993-4667-a616-c79bd2b7985e","display_point":{"type":"Point","coordinates":[30.37209399350181,60.007670983160466]}}},{"id":"a623e642-608b-439a-9aba-326fefaf2c1f","type":"Feature","feature_type":"unit","geometry":{"type":"Polygon","coordinates":[[[30.37325986446055,60.007626136742111],[30.373293954447405,60.007620385069018],[30.373286763845162,60.007609733893709],[30.373252673863171,60.0076154855668],[30.37325986446055,60.007626136742111]]]},"properties":{"category":"stairs","name":null,"alt_name":null,"restriction":null,"accessibility":null,"level_id":"0944b72f-5338-4ba5-85ee-4631c772ecf2","display_point":{"type":"Point","coordinates":[30.373273314223148,60.00761793531791]}}},{"id":"f7874f79-6936-4248-bbb2-24d535373078","type":"Feature","feature_type":"unit","geometry":{"type":"Polygon","coordinates":[[[30.371431192276173,60.008236035022776],[30.371823230289177,60.008169888998317],[30.371742696506917,60.008050595231076],[30.371350659120434,60.008116741255535],[30.371431192276173,60.008236035022776]]]},"properties":{"category":"auditorium","name":{"ru":"Лекторий 305","en":"Auditorium 305"},"alt_name":{"ru":"305","en":"305"},"restriction":null,"accessibility":null,"level_id":"0944b72f-5338-4ba5-85ee-4631c772ecf2","display_point":{"type":"Point","coordinates":[30.371586945021633,60.0081433149897]}}},{"id":"9956062f-18e9-4598-b5c9-d0f3643ca202","type":"Feature","feature_type":"unit","geometry":{"type":"Polygon","coordinates":[[[30.374768175643428,60.007540121825471],[30.374848714260725,60.007659415592713],[30.375240745301262,60.0075932698427],[30.375160206057469,60.00747397607546],[30.374768175643428,60.007540121825471]]]},"properties":{"category":"auditorium","name":{"ru":"Лекторий 329","en":"Auditorium 329"},"alt_name":{"ru":"329","en":"329"},"restriction":null,"accessibility":null,"level_id":"0944b72f-5338-4ba5-85ee-4631c772ecf2","display_point":{"type":"Point","coordinates":[30.375004460583291,60.007566695834086]}}},{"id":"986b9b23-f84c-4e7f-89d4-ce365df05bfb","type":"Feature","feature_type":"unit","geometry":{"type":"Polygon","coordinates":[[[30.371970683030323,60.007727382051762],[30.372030340104679,60.007717316555237],[30.371978568331009,60.007640627763685],[30.372149018251456,60.007611868574884],[30.372200790200239,60.007688557366443],[30.372260447204571,60.00767849159547],[30.372168408402562,60.007542155783064],[30.37187864475754,60.007591046239355],[30.371970683030323,60.007727382051762]]]},"properties":{"category":"walkway","name":null,"alt_name":null,"restriction":null,"accessibility":null,"level_id":"0944b72f-5338-4ba5-85ee-4631c772ecf2","display_point":{"type":"Point","coordinates":[30.372086802950044,60.007660331985157]}}},{"id":"e72aa341-2bb1-4595-a678-b89fbda8a29f","type":"Feature","feature_type":"unit","geometry":{"type":"Polygon","coordinates":[[[30.373905279709707,60.007400966850689],[30.373964936469768,60.007390901079717],[30.3739131627086,60.007314212288158],[30.374083610672262,60.007285453099357],[30.374135384608536,60.007362141890916],[30.37419504157306,60.0073520763944],[30.374102999100476,60.007215740581991],[30.373813237766335,60.007264631038282],[30.373905279709707,60.007400966850689]]]},"properties":{"category":"walkway","name":null,"alt_name":null,"restriction":null,"accessibility":null,"level_id":"0944b72f-5338-4ba5-85ee-4631c772ecf2","display_point":{"type":"Point","coordinates":[30.37402139736982,60.007333916509637]}}},{"id":"b00f52d1-bb02-40e4-8aeb-3f3bf6147ea7","type":"Feature","feature_type":"unit","geometry":{"type":"Polygon","coordinates":[[[30.372121790209341,60.007965277145949],[30.372428600694413,60.007913510990342],[30.372411343126583,60.007887948059818],[30.37249182873401,60.007810300061436],[30.372428551425649,60.007716569224712],[30.372260447204571,60.00767849159547],[30.371970683030323,60.007727382051762],[30.371883111672236,60.007808598189754],[30.371946388295715,60.007902329026479],[30.372104532746569,60.007939714489879],[30.372121790209341,60.007965277145949]]]},"properties":{"category":"auditorium","name":{"ru":"Лекторий 313","en":"Auditorium 313"},"alt_name":{"ru":"313","en":"313"},"restriction":null,"accessibility":null,"level_id":"0944b72f-5338-4ba5-85ee-4631c772ecf2","display_point":{"type":"Point","coordinates":[30.3721853134636,60.007806253827894]}}},{"id":"f8520dfe-af41-4251-beb7-0a0bb383699b","type":"Feature","feature_type":"unit","geometry":{"type":"Polygon","coordinates":[[[30.373903681666061,60.00756733914762],[30.374397982173551,60.007483937829441],[30.374326073665127,60.007377425527459],[30.37419504157306,60.0073520763944],[30.373905279709707,60.007400966850689],[30.373831773862936,60.007460826845637],[30.373874918626814,60.007524734446392],[30.373903681666061,60.00756733914762]]]},"properties":{"category":"auditorium","name":{"ru":"Лекторий 324","en":"Auditorium 324"},"alt_name":{"ru":"324","en":"324"},"restriction":null,"accessibility":null,"level_id":"0944b72f-5338-4ba5-85ee-4631c772ecf2","display_point":{"type":"Point","coordinates":[30.374101215358859,60.0074521451319]}}},{"id":"31768c2a-26fb-4c5b-a4f9-795bebf598a1","type":"Feature","feature_type":"unit","geometry":{"type":"Polygon","coordinates":[[[30.371600596395929,60.0076854176451],[30.371907406539776,60.007633651215038],[30.371809616301931,60.007488794517279],[30.371502806753469,60.007540560947341],[30.371600596395929,60.0076854176451]]]},"properties":{"category":"classroom","name":{"ru":"Кабинет 314","en":"Classroom 314"},"alt_name":{"ru":"314","en":"314"},"restriction":null,"accessibility":null,"level_id":"0944b72f-5338-4ba5-85ee-4631c772ecf2","display_point":{"type":"Point","coordinates":[30.371705106641507,60.007587106218416]}}},{"id":"239e3c5e-5a19-4449-a41c-4bc98e1d0919","type":"Feature","feature_type":"unit","geometry":{"type":"Polygon","coordinates":[[[30.372197170350184,60.007584760758746],[30.372503979560232,60.007532994603139],[30.372406188164707,60.00738813790538],[30.372099379550036,60.007439904060988],[30.372197170350184,60.007584760758746]]]},"properties":{"category":"classroom","name":{"ru":"Кабинет 315","en":"Classroom 315"},"alt_name":{"ru":"315","en":"315"},"restriction":null,"accessibility":null,"level_id":"0944b72f-5338-4ba5-85ee-4631c772ecf2","display_point":{"type":"Point","coordinates":[30.372301679001023,60.00748644960651]}}},{"id":"8e360937-9f96-48d5-890a-990c2cc9e77c","type":"Feature","feature_type":"unit","geometry":{"type":"Polygon","coordinates":[[[30.373535194223262,60.007359002169579],[30.373842000789988,60.007307236013965],[30.373744206660739,60.007162379316206],[30.373437400689379,60.007214145471814],[30.373535194223262,60.007359002169579]]]},"properties":{"category":"classroom","name":{"ru":"Кабинет 325","en":"Classroom 325"},"alt_name":{"ru":"325","en":"325"},"restriction":null,"accessibility":null,"level_id":"0944b72f-5338-4ba5-85ee-4631c772ecf2","display_point":{"type":"Point","coordinates":[30.373639700665954,60.007260690742889]}}},{"id":"8b10c681-ffa9-454e-94e7-311c2afdd251","type":"Feature","feature_type":"unit","geometry":{"type":"Polygon","coordinates":[[[30.374131762289508,60.007258345557673],[30.374438567922471,60.007206579127619],[30.37434077263557,60.007061722429853],[30.37403396759797,60.007113488859915],[30.374131762289508,60.007258345557673]]]},"properties":{"category":"classroom","name":{"ru":"Кабинет 326","en":"Classroom 326"},"alt_name":{"ru":"326","en":"326"},"restriction":null,"accessibility":null,"level_id":"0944b72f-5338-4ba5-85ee-4631c772ecf2","display_point":{"type":"Point","coordinates":[30.374236267686488,60.00716003413099]}}},{"id":"7531845f-6cce-403b-89b3-adfb16e5f26d","type":"Feature","feature_type":"unit","geometry":{"type":"Polygon","coordinates":[[[30.374256186666727,60.006781754795242],[30.374648213098084,60.006715609045237],[30.37456767599156,60.006596315277996],[30.374175650186686,60.006662461028],[30.374256186666727,60.006781754795242]]]},"properties":{"category":"auditorium","name":{"ru":"Лекторий 351","en":"Auditorium 351"},"alt_name":{"ru":"351","en":"351"},"restriction":null,"accessibility":null,"level_id":"0944b72f-5338-4ba5-85ee-4631c772ecf2","display_point":{"type":"Point","coordinates":[30.374411931616084,60.006689034762168]}}},{"id":"95456ada-59a6-4b27-af35-7080aca7e525","type":"Feature","feature_type":"unit","geometry":{"type":"Polygon","coordinates":[[[30.370838704725919,60.007358374225305],[30.371230738129547,60.007292228200846],[30.371150206758905,60.007172934433605],[30.370758173981788,60.007239080458064],[30.370838704725919,60.007358374225305]]]},"properties":{"category":"auditorium","name":{"ru":"Лекторий 301","en":"Auditorium 301"},"alt_name":{"ru":"301","en":"301"},"restriction":null,"accessibility":null,"level_id":"0944b72f-5338-4ba5-85ee-4631c772ecf2","display_point":{"type":"Point","coordinates":[30.370994456235245,60.007265654192231]}}},{"id":"d806851f-26a0-46b9-a482-c6b008f41aa8","type":"Feature","feature_type":"unit","geometry":{"type":"Polygon","coordinates":[[[30.370947309384668,60.007427846597906],[30.371237073552152,60.007378955867161],[30.371206873798485,60.007334220875975],[30.370917109804672,60.007383111332267],[30.370947309384668,60.007427846597906]]]},"properties":{"category":"classroom","name":{"ru":"Кабинет 303","en":"Classroom 303"},"alt_name":{"ru":"303","en":"303"},"restriction":null,"accessibility":null,"level_id":"0944b72f-5338-4ba5-85ee-4631c772ecf2","display_point":{"type":"Point","coordinates":[30.371077091408949,60.007381033462487]}}},{"id":"00014004-b208-481a-93b2-dfd2f6ca9f96","type":"Feature","feature_type":"unit","geometry":{"type":"Polygon","coordinates":[[[30.374356271182581,60.0068526650175],[30.374646030310661,60.00680377483566],[30.374615828788581,60.006759039570028],[30.374326069834147,60.006807929751865],[30.374356271182581,60.0068526650175]]]},"properties":{"category":"classroom","name":{"ru":"Кабинет 303","en":"Classroom 303"},"alt_name":{"ru":"303","en":"303"},"restriction":null,"accessibility":null,"level_id":"0944b72f-5338-4ba5-85ee-4631c772ecf2","display_point":{"type":"Point","coordinates":[30.374486050077429,60.006805852156539]}}},{"id":"19b18056-e59d-41bb-9c52-419482216474","type":"Feature","feature_type":"unit","geometry":{"type":"Polygon","coordinates":[[[30.37100233468238,60.00736873173787],[30.371130171654965,60.007347162346271],[30.371107162616561,60.007313078530395],[30.370979325702347,60.007334647921994],[30.37100233468238,60.00736873173787]]]},"properties":{"category":"walkway","name":null,"alt_name":null,"restriction":null,"accessibility":null,"level_id":"0944b72f-5338-4ba5-85ee-4631c772ecf2","display_point":{"type":"Point","coordinates":[30.370969365098162,60.0073339554817]}}},{"id":"cbf237dd-885d-4e1a-99d6-59c3d24e8e26","type":"Feature","feature_type":"unit","geometry":{"type":"Polygon","coordinates":[[[30.371383046375854,60.008073310730744],[30.371672813048914,60.008024420000005],[30.371642612980366,60.007979684734366],[30.37135284648096,60.008028575465111],[30.371383046375854,60.008073310730744]]]},"properties":{"category":"classroom","name":{"ru":"Кабинет 304","en":"Classroom 304"},"alt_name":{"ru":"304","en":"304"},"restriction":null,"accessibility":null,"level_id":"0944b72f-5338-4ba5-85ee-4631c772ecf2","display_point":{"type":"Point","coordinates":[30.371512829632721,60.008026497595331]}}},{"id":"0f0ab950-9c53-43f7-b982-8401d6009821","type":"Feature","feature_type":"unit","geometry":{"type":"Polygon","coordinates":[[[30.374745164663274,60.007506038009595],[30.375081799421405,60.007449238968505],[30.375051597309891,60.007404503702865],[30.374714962753497,60.007461302743963],[30.374745164663274,60.007506038009595]]]},"properties":{"category":"classroom","name":{"ru":"Кабинет 327","en":"Classroom 327"},"alt_name":{"ru":"327","en":"327"},"restriction":null,"accessibility":null,"level_id":"0944b72f-5338-4ba5-85ee-4631c772ecf2","display_point":{"type":"Point","coordinates":[30.374898381241426,60.007455270581779]}}},{"id":"0541cf58-e9ab-43fe-8d0d-2ede9599662a","type":"Feature","feature_type":"unit","geometry":{"type":"Polygon","coordinates":[[[30.3714912815255,60.008093014952223],[30.371619119738483,60.00807144528617],[30.371596110196183,60.008037361470294],[30.371468272041572,60.008058931136347],[30.3714912815255,60.008093014952223]]]},"properties":{"category":"walkway","name":null,"alt_name":null,"restriction":null,"accessibility":null,"level_id":"0944b72f-5338-4ba5-85ee-4631c772ecf2","display_point":{"type":"Point","coordinates":[30.371543695608402,60.008065188074035]}}},{"id":"01c8256e-aab1-4f8b-8c50-e2183f8e563e","type":"Feature","feature_type":"unit","geometry":{"type":"Polygon","coordinates":[[[30.374891750426556,60.00751927149593],[30.375019586421775,60.007497702104324],[30.374996575326826,60.007463618288448],[30.374868739389978,60.007485187680054],[30.374891750426556,60.00751927149593]]]},"properties":{"category":"walkway","name":null,"alt_name":null,"restriction":null,"accessibility":null,"level_id":"0944b72f-5338-4ba5-85ee-4631c772ecf2","display_point":{"type":"Point","coordinates":[30.374944162898743,60.007491444892189]}}},{"id":"8933cdff-72bb-4918-8467-60e024437b7c","type":"Feature","feature_type":"unit","geometry":{"type":"Polygon","coordinates":[[[30.374402770727094,60.006794988281577],[30.374530605481979,60.006773418889971],[30.374507594890964,60.0067393350741],[30.374379760194447,60.0067609044657],[30.374402770727094,60.006794988281577]]]},"properties":{"category":"walkway","name":null,"alt_name":null,"restriction":null,"accessibility":null,"level_id":"0944b72f-5338-4ba5-85ee-4631c772ecf2","display_point":{"type":"Point","coordinates":[30.374455182831078,60.006767161677836]}}},{"id":"99b7296b-732b-4792-9618-0a7578cbd3cc","type":"Feature","feature_type":"unit","geometry":{"type":"Polygon","coordinates":[[[30.371322336345578,60.007751350146549],[30.371368354972759,60.0078195177783],[30.371432273570921,60.007808732945279],[30.371386254885369,60.007740565313526],[30.371322336345578,60.007751350146549]]]},"properties":{"category":"stairs","name":null,"alt_name":null,"restriction":null,"accessibility":null,"level_id":"0944b72f-5338-4ba5-85ee-4631c772ecf2","display_point":{"type":"Point","coordinates":[30.371382977554042,60.007777897807856]}}},{"id":"a70c273f-4562-4a38-9f4a-ee172aef84f3","type":"Feature","feature_type":"unit","geometry":{"type":"Polygon","coordinates":[[[30.371432273570921,60.007808732945279],[30.371517498885019,60.007794353625329],[30.371471480121642,60.007726185993576],[30.371386254885369,60.007740565313526],[30.371432273570921,60.007808732945279]]]},"properties":{"category":"classroom","name":{"ru":"Кабинет 302","en":"Classroom 302"},"alt_name":{"ru":"302","en":"302"},"restriction":null,"accessibility":null,"level_id":"0944b72f-5338-4ba5-85ee-4631c772ecf2","display_point":{"type":"Point","coordinates":[30.371451876584008,60.007767459606654]}}},{"id":"dd8a3447-02d6-46b2-9f47-128c393e4eeb","type":"Feature","feature_type":"unit","geometry":{"type":"Polygon","coordinates":[[[30.374279197142954,60.006815838611118],[30.374402770727094,60.006794988281577],[30.374379760194447,60.0067609044657],[30.374256186666727,60.006781754795242],[30.374279197142954,60.006815838611118]]]},"properties":{"category":"classroom","name":null,"alt_name":null,"restriction":"restricted","accessibility":null,"level_id":"0944b72f-5338-4ba5-85ee-4631c772ecf2","display_point":{"type":"Point","coordinates":[30.374329478689578,60.006788371538406]}}},{"id":"f45c03ce-6208-48ef-988d-1f93a352baa5","type":"Feature","feature_type":"unit","geometry":{"type":"Polygon","coordinates":[[[30.374768175643428,60.007540121825471],[30.374891750426556,60.00751927149593],[30.374868739389978,60.007485187680054],[30.374745164663274,60.007506038009595],[30.374768175643428,60.007540121825471]]]},"properties":{"category":"classroom","name":null,"alt_name":null,"restriction":"restricted","accessibility":null,"level_id":"0944b72f-5338-4ba5-85ee-4631c772ecf2","display_point":{"type":"Point","coordinates":[30.374818457537582,60.007512654752759]}}},{"id":"b27c58fe-f998-45f8-8a2a-f19d8b3d7193","type":"Feature","feature_type":"unit","geometry":{"type":"Polygon","coordinates":[[[30.371619119738483,60.00807144528617],[30.371742696506917,60.008050595231076],[30.371719686908193,60.0080165114152],[30.371596110196183,60.008037361470294],[30.371619119738483,60.00807144528617]]]},"properties":{"category":"classroom","name":null,"alt_name":null,"restriction":"restricted","accessibility":null,"level_id":"0944b72f-5338-4ba5-85ee-4631c772ecf2","display_point":{"type":"Point","coordinates":[30.371669403069713,60.008043978487912]}}},{"id":"60b60f57-a066-4bae-b03a-ad09f20c06ca","type":"Feature","feature_type":"unit","geometry":{"type":"Polygon","coordinates":[[[30.371130171654965,60.007347162346271],[30.371253747224376,60.007326312016723],[30.371230738129547,60.007292228200846],[30.371107162616561,60.007313078530395],[30.371130171654965,60.007347162346271]]]},"properties":{"category":"classroom","name":null,"alt_name":null,"restriction":"restricted","accessibility":null,"level_id":"0944b72f-5338-4ba5-85ee-4631c772ecf2","display_point":{"type":"Point","coordinates":[30.371180454913137,60.007319695273559]}}},{"id":"f3a3ad07-c259-4c81-9006-55b760d59f14","type":"Feature","feature_type":"unit","geometry":{"type":"Polygon","coordinates":[[[30.375019586421775,60.007497702104324],[30.375160206057469,60.00747397607546],[30.375137194898315,60.007439892259583],[30.374996575326826,60.007463618288448],[30.375019586421775,60.007497702104324]]]},"properties":{"category":"stairs","name":null,"alt_name":null,"restriction":null,"accessibility":null,"level_id":"0944b72f-5338-4ba5-85ee-4631c772ecf2","display_point":{"type":"Point","coordinates":[30.374996575326826,60.007463618288448]}}},{"id":"6fccff77-882d-4538-b041-f6df39acbbec","type":"Feature","feature_type":"unit","geometry":{"type":"Polygon","coordinates":[[[30.371350659120434,60.008116741255535],[30.3714912815255,60.008093014952223],[30.371468272041572,60.008058931136347],[30.371327649700717,60.008082657439658],[30.371350659120434,60.008116741255535]]]},"properties":{"category":"stairs","name":null,"alt_name":null,"restriction":null,"accessibility":null,"level_id":"0944b72f-5338-4ba5-85ee-4631c772ecf2","display_point":{"type":"Point","coordinates":[30.371327649700717,60.008082657439658]}}},{"id":"b0e1bae5-bb40-478a-901f-c1913d39b92d","type":"Feature","feature_type":"unit","geometry":{"type":"Polygon","coordinates":[[[30.370861713641744,60.007392458041181],[30.37100233468238,60.00736873173787],[30.370979325702347,60.007334647921994],[30.370838704725919,60.007358374225305],[30.370861713641744,60.007392458041181]]]},"properties":{"category":"stairs","name":null,"alt_name":null,"restriction":null,"accessibility":null,"level_id":"0944b72f-5338-4ba5-85ee-4631c772ecf2","display_point":{"type":"Point","coordinates":[30.370838704725919,60.007358374225305]}}},{"id":"12b8c5c0-8485-4d28-aa87-3b471ffaf12d","type":"Feature","feature_type":"unit","geometry":{"type":"Polygon","coordinates":[[[30.374530605481979,60.006773418889971],[30.374671223753307,60.006749692861106],[30.374648213098084,60.006715609045237],[30.374507594890964,60.0067393350741],[30.374530605481979,60.006773418889971]]]},"properties":{"category":"stairs","name":null,"alt_name":null,"restriction":null,"accessibility":null,"level_id":"0944b72f-5338-4ba5-85ee-4631c772ecf2","display_point":{"type":"Point","coordinates":[30.374507594890964,60.0067393350741]}}},{"id":"55dac98e-cf6e-462b-8904-3c08d74be210","type":"Feature","feature_type":"unit","geometry":{"type":"Polygon","coordinates":[[[30.373964297085809,60.0073055846413],[30.3739131627086,60.007314212288158],[30.373964936469768,60.007390901079717],[30.374135384608536,60.007362141890916],[30.374083610672262,60.007285453099357],[30.374032476326175,60.007294081020667],[30.37406699228108,60.007345206881709],[30.373998812994021,60.007356710502336],[30.373964297085809,60.0073055846413]]]},"properties":{"category":"stairs","name":null,"alt_name":null,"restriction":null,"accessibility":null,"level_id":"0944b72f-5338-4ba5-85ee-4631c772ecf2","display_point":{"type":"Point","coordinates":[30.374028588197625,60.007344567684946]}}},{"id":"e14dc8d9-ad3a-4860-a698-44427455e78f","type":"Feature","feature_type":"unit","geometry":{"type":"Polygon","coordinates":[[[30.372029703212903,60.007632000116821],[30.371978568331009,60.007640627763685],[30.372030340104679,60.007717316555237],[30.372200790200239,60.007688557366443],[30.372149018251456,60.007611868574884],[30.372097883400691,60.00762049622174],[30.372132398167846,60.007671622082782],[30.372064217933364,60.007683125977863],[30.372029703212903,60.007632000116821]]]},"properties":{"category":"stairs","name":null,"alt_name":null,"restriction":null,"accessibility":null,"level_id":"0944b72f-5338-4ba5-85ee-4631c772ecf2","display_point":{"type":"Point","coordinates":[30.37209399350181,60.007670983160466]}}},{"id":"a6c3a189-5a15-40dd-9ff9-0d01d486accc","type":"Feature","feature_type":"unit","geometry":{"type":"Polygon","coordinates":[[[30.373150240742877,60.007991075555573],[30.373278078217837,60.007969506438421],[30.373105500808695,60.007713876858773],[30.373275950153406,60.007685118218873],[30.373448528146266,60.00794074724962],[30.373576365426686,60.007919178132468],[30.373359204556841,60.007597511211024],[30.373286763845162,60.007609733893709],[30.373293954447405,60.007620385069018],[30.37325986446055,60.007626136742111],[30.373252673863171,60.0076154855668],[30.372933081709263,60.007669408908576],[30.373150240742877,60.007991075555573]]]},"properties":{"category":"classroom","name":{"ru":"Читальный зал","en":"Reading hall"},"alt_name":{"ru":"Читальный зал","en":"Reading hall"},"restriction":null,"accessibility":null,"level_id":"0944b72f-5338-4ba5-85ee-4631c772ecf2","display_point":{"type":"Point","coordinates":[30.373166995984725,60.007664348303521]}}}]}